Date,Open,High,Low,Close,Volume,EMA_50,EMA_200,Below_EMA_200,EMA_score,EMA_trend,ST_state,ST_signal,MS_structure,MS_bias,Trend_score,Trend_band,Trend_agreement,Trend_description,RS_score,RS_state,RS_agreement,RSI_14,RSI_state,MACD,MACD_signal,MACD_state,Stoch_state,ROC_10,ROC_10_z,ROC_10_z_basis,ROC_score,ROC_state,Momentum_score,Momentum_band,Momentum_agreement,Momentum_divergence,Momentum_description,BB_state,ADX_regime,ADX_direction,ADX_rising,ATR_rising,DC_state,Volatility_score,Volatility_band,Volatility_trend,Volatility_change,Volatility_squeeze,Volatility_description,ATR_note,Vol_state,Vol_trend,Vol_price_confirm,CMF,CMF_state,MFI,MFI_state,Stage_name,Stage_substage,Stage_confidence,Stage_days,Prev_stage_name,Prev_stage_days,Final_decision,Final_score,Final_conviction,Final_blocker,Final_description,Final_description_5d_ago,Final_description_10d_ago
2022-06-03,704.0,774.4000244140625,701.0,774.4000244140625,3932403,,,,,,,,,,,,,,,,,,,,,,,,,,,,,,,,,,,,,,,,,,,,,,,,,,,,,,,,,,,,,,,,,
2022-06-06,792.9000244140625,833.7999877929688,706.7000122070312,799.2999877929688,8754400,,,,,,,,,,,,,,,,,,,,,,,,,,,,,,,,,,,,,,,,,,,,,,,,,,,,,,,,,,,,,,,,,
2022-06-07,768.2999877929688,813.0,768.25,791.0499877929688,2089555,,,,,,,,,,,,,,,,,,,,,,,,,,,,,,,,,,,,,,,,,,,,,,,,,,,,,,,,,,,,,,,,,
2022-06-08,797.0,808.0,781.0,786.1500244140625,558537,,,,,,,,,,,,,,,,,,,,,,,,,,,,,,,,,,,,,,,,,,,,,,,,,,,,,,,,,,,,,,,,,
2022-06-09,772.0,807.25,772.0,793.3499755859375,509855,,,,,,,,,,,,,,,,,,,,,,,,,,,,,,,,,,,,,,,,,,,,,,,,,,,,,,,,,,,,,,,,,
2022-06-10,781.0999755859375,799.3499755859375,781.0999755859375,786.0999755859375,499889,,,,,,,,,,,,,,,,,,,,,,,,,,,,,,,,,,,,,,,,,,,,,,,,,,,,,,,,,,,,,,,,,
2022-06-13,770.0,803.0,751.0499877929688,788.9000244140625,504766,,,,,,,,,,,,,,,,,,,,,,,,,,,,,,,,,,,,,,,,,,,,,,,,,,,,,,,,,,,,,,,,,
2022-06-14,793.0,827.7000122070312,781.0,783.1500244140625,416790,,,,,,,,,,,,,,,,,,,,,,,,,,,,,,,,,,,,,,,,,,,,,,,,,,,,,,,,,,,,,,,,,
2022-06-15,797.0,805.0,788.0499877929688,795.9500122070312,225224,,,,,,,,,,,,,,,,,,,,,,,,,,,,,,,,,,,,,,,,,,,,,,,,,,,,,,,,,,,,,,,,,
2022-06-16,811.0,811.0,768.0,781.0999755859375,284705,,,,,,,,,,,,,,,,,,,,,,,,,,,,,,,,,,,,,,,,,,,,,,,,,,,,,,,,,,,,,,,,,
2022-06-17,773.0,790.0,765.0,770.5499877929688,135911,,,,,,Uptrend,Hold,,,,,,,,,,,,,,,,-0.4972,,,,,,,,,,,,,,,,,,,,,,,,,,,,,,,,,,,,,,,,,,
2022-06-20,768.0,768.0,735.5999755859375,750.4000244140625,232080,,,,,,Uptrend,Hold,,,,,,,,,,,,,,,,-6.1178,,,,,,,,,,,,,,,,,,,,,,,,,,,,,,,,,,,,,,,,,,
2022-06-21,758.0,773.7999877929688,752.0999755859375,762.7999877929688,116434,,,,,,Uptrend,Hold,,,,,,,,,,,,,,,,-3.5712,,,,,,,,,,,,,,,,,,,,,,,,,,,,,,,,,,,,,,,,,,
2022-06-22,751.0,779.7999877929688,749.8499755859375,768.9500122070312,102498,,,,,,Uptrend,Hold,,,,,,,,,,,,,,,,-2.1879,,,,,,,,,,,,,,,,,,,,,,,,,,,,,,,,,,,,,,,,,,
2022-06-23,770.0,782.6500244140625,757.1500244140625,761.4500122070312,59564,,,,17.65,Strong Bear,Uptrend,Hold,,,,,,,,,,74.9212,Overbought,,,,,-4.0209,,,,,,,,,,,,,,,,,,,,,,,,,,,,83.4708,Overbought,,,,,,,,,,,,,
2022-06-24,770.0999755859375,774.75,761.0,764.0,34240,,,,18.97,Strong Bear,Uptrend,Hold,,,,,,,,,,75.2345,Overbought,,,,,-2.8113,,,,,,,,,,,,,,,,,,,,,,,,,,,,58.135,Neutral,,,,,,,,,,,,,
2022-06-27,770.0499877929688,775.75,759.2999877929688,765.4000244140625,64118,,,,19.72,Strong Bear,Uptrend,Hold,,,,,,,,,,75.4162,Overbought,,,,Neutral,-2.9788,,,,,,,,,,,,,,,,,,,,,,,,,,,,35.289,Neutral,,,,,,,,,,,,,
2022-06-28,760.0,788.0,760.0,775.4500122070312,128856,,,,35.78,Bear,Uptrend,Hold,,,,,,,,,,76.7351,Overbought,,,,Neutral,-0.9832,,,,,,,,,,,,,,,,,,,,,,,,,,,,26.7518,Neutral,,,,,,,,,,,,,
2022-06-29,768.0,786.4500122070312,768.0,779.75,49922,,,,47.91,Neutral,Uptrend,Hold,,,,,,,,,,77.2963,Overbought,,,,Neutral,-2.0353,,,,,,,,,,,,,,,,,,,,,,,,,,,,32.8621,Neutral,,,,,,,,,,,,,
2022-06-30,777.9500122070312,785.5,777.0,780.4500122070312,48920,,,,62.88,Bull,Uptrend,Hold,,,,,,,,,,77.392,Overbought,,,,Neutral,-0.0832,,,,,,,,,,Upper Half,,,,,,,,,,,,,,,,,,41.142,Neutral,,,,,,,,,,,,,
2022-07-01,778.5,794.9500122070312,771.8499755859375,774.3499755859375,69949,,,,66.52,Bull,Uptrend,Hold,,,,,,,,,,74.4495,Overbought,,,,Neutral,0.4932,,,,,,,,,,Lower Half,,,,,,,,,,,,,Dry-up,,Weak Down,0.2097,Accumulation,50.2434,Neutral,,,,,,,,,,,,,
2022-07-04,767.25,780.0,762.0,776.8499755859375,52513,,,,43.25,Neutral,Uptrend,Hold,,,,,,,,,,74.8711,Overbought,,,,Neutral,3.5248,,,,,,,,,,Upper Half,,,,,Inside,,,,,,,,Dry-up,,Weak Up,-0.1367,Distribution,35.3074,Neutral,,,,,,,,,,,,,
2022-07-05,775.5,790.0,775.5,785.1500244140625,97334,,,,46.4,Neutral,Uptrend,Hold,,,,,,,,,,76.2713,Overbought,,,,Neutral,2.93,,,,,,,,,,Upper Half,,,,,Inside,,,,,,,,Dry-up,,Weak Up,-0.2034,Distribution,45.1862,Neutral,,,,,,,,,,,,,
2022-07-06,781.0999755859375,807.9000244140625,777.25,796.75,168656,,,,90.79,Strong Bull,Uptrend,Hold,,,,,,,,,,78.1073,Overbought,,,,Neutral,3.6153,,,,,,,,,,Upper Half,,,,,Inside,,,,,,,,Normal,,Weak Up,-0.1214,Distribution,61.8093,Neutral,,,,,,,,,,,,,
2022-07-07,804.3499755859375,874.0,803.5999755859375,830.5999755859375,575230,,,,95.98,Strong Bull,Uptrend,Hold,,,,,,,,,,82.3894,Overbought,,,,Neutral,9.0814,,,,,,,,,,Above Upper,,,,No,Breakout Up,,,,,,,,High,,Confirmed Up,-0.1818,Distribution,79.2565,Neutral,,,,,,,,,,,,,
2022-07-08,842.4000244140625,845.9500122070312,818.0,828.7000122070312,151467,,,,94.38,Strong Bull,Uptrend,Hold,,,,,,,,,,81.4267,Overbought,,,,Neutral,8.4686,,,,,,,,,,Above Upper,,,,No,Inside,,,,,,,,Normal,,Weak Down,-0.1457,Distribution,82.0482,Overbought,,,,,,,,,,,,,
2022-07-11,828.0,843.4000244140625,818.0999755859375,824.0499877929688,70272,,,,92.6,Strong Bull,Uptrend,Hold,,,,,,,,,,78.9939,Overbought,12.8176,,,Neutral,7.6627,,,,,,,,,,At Upper,,,,No,Inside,,,,,,,,Dry-up,,Weak Down,-0.2531,Distribution,77.3174,Neutral,,,,,,,,,,,,,
2022-07-12,824.0,840.5499877929688,815.0,819.3499755859375,69958,,,,91.1,Strong Bull,Uptrend,Hold,,,96.11,Strong Bull,Bullish confirmed,"Strong Bull - all 3 components agree, extreme ADX",,,,76.5058,Overbought,13.5226,,,Neutral,5.6612,,,,,,,,,,Upper Half,Extreme,Bullish,,No,Inside,,,,,,,,Normal,,Weak Down,-0.1638,Distribution,72.6089,Neutral,,,,,,,,,,,,,
2022-07-13,824.0,844.7000122070312,821.9000244140625,824.4000244140625,90577,,,,91.45,Strong Bull,Uptrend,Hold,,,96.26,Strong Bull,Bullish confirmed,"Strong Bull - all 3 components agree, extreme ADX",,,,77.3319,Overbought,14.3236,,,Neutral,5.7262,,,,,,,,,,Upper Half,Extreme,Bullish,,No,Inside,,,,,,,,Normal,,Weak Up,-0.1935,Distribution,73.2054,Neutral,,,,,,,,,,,,,
2022-07-14,828.0,840.0,822.0,827.0,77435,,,,91.35,Strong Bull,Uptrend,Hold,Range,Bullish,86.97,Strong Bull,Bullish confirmed,"Strong Bull - all 4 components agree, extreme ADX",,,,77.7654,Overbought,14.9954,,,Neutral,5.9645,,,,,,,,,,Upper Half,Extreme,Bullish,,No,Inside,,,,,,,,Normal,,Weak Up,-0.1782,Distribution,71.2093,Neutral,,,,,,,,,,,,,
2022-07-15,838.0,882.0,830.0,853.7000122070312,266091,,,,95.18,Strong Bull,Uptrend,Hold,Range,Bullish,88.31,Strong Bull,Bullish confirmed,"Strong Bull - all 4 components agree, extreme ADX",,,,81.6471,Overbought,17.4808,,,Neutral,10.2473,,,,,,,,,,Above Upper,Extreme,Bullish,,No,Inside,,,,,,,,High,,Confirmed Up,-0.1484,Distribution,74.4768,Neutral,,,,,,,,,,,,,
2022-07-18,867.75,933.0,862.0,917.4000244140624,403434,,,,100.0,Strong Bull,Uptrend,Hold,Range,Bullish,90.0,Strong Bull,Bullish confirmed,"Strong Bull - all 4 components agree, extreme ADX",,,,87.33,Overbought,24.3103,,,Neutral,18.0923,,,,,,,,,,Above Upper,Extreme,Bullish,,No,Breakout Up,,,,,,,,High,,Confirmed Up,-0.0477,Neutral,78.1584,Neutral,,,,,,,,,,,,,
2022-07-19,931.0,987.0,931.0,961.7999877929688,559978,,,,100.0,Strong Bull,Uptrend,Hold,Range,Bullish,90.0,Strong Bull,Bullish confirmed,"Strong Bull - all 4 components agree, extreme ADX",,,,89.7195,Overbought,32.9258,,,Overbought,22.4989,,,,,,,,,,Above Upper,Extreme,Bullish,Yes,Yes,Breakout Up,,,,,,,,High,,Confirmed Up,-0.0227,Neutral,82.822,Overbought,,,,,,,,,,,,,
2022-07-20,977.9000244140624,1006.8499755859376,915.0,921.0999755859376,535219,,,,97.58,Strong Bull,Uptrend,Hold,Range,Bullish,89.15,Strong Bull,Bullish confirmed,"Strong Bull - all 4 components agree, extreme ADX",,,,75.6375,Overbought,36.054,,,Overbought,15.6072,,,,,,,,,,At Upper,Extreme,Bullish,Yes,Yes,Inside,,,,,,,,High,,Confirmed Down,-0.1577,Distribution,67.61,Neutral,,,,,,,,,,,,,
2022-07-21,929.9500122070312,941.9500122070312,910.0999755859376,935.4000244140624,213587,,,,97.76,Strong Bull,Uptrend,Hold,Range,Bullish,89.22,Strong Bull,Bullish confirmed,"Strong Bull - all 4 components agree, extreme ADX",,,,77.0032,Overbought,39.2347,,,Neutral,12.6174,,,,,,,,,,Upper Half,Extreme,Bullish,Yes,Yes,Inside,,,,,,,,Normal,,Confirmed Up,-0.1069,Distribution,64.311,Neutral,,,,,,,,,,,,,
2022-07-22,945.0,945.0,905.5499877929688,915.0999755859376,127781,,,,94.88,Strong Bull,Uptrend,Hold,Range,Bullish,88.21,Strong Bull,Bullish confirmed,"Strong Bull - all 4 components agree, extreme ADX",,,,70.9247,Overbought,39.6602,26.8448,bullish,Neutral,10.426,,,,,,,,,,Upper Half,Extreme,Bullish,Yes,Yes,Inside,,,,,,,,Normal,,Weak Down,-0.1164,Distribution,62.6699,Neutral,,,,,,,,,,,,,
2022-07-25,922.0,940.2999877929688,884.0,897.5,206978,,,,91.29,Strong Bull,Uptrend,Hold,Range,Bullish,86.95,Strong Bull,Bullish confirmed,"Strong Bull - all 4 components agree, extreme ADX",,,,66.0562,Neutral,38.1376,29.1034,bullish fading,Neutral,8.9133,,,,,,,,,,Upper Half,Extreme,Bullish,Yes,Yes,Inside,,,,,,,,Normal,,Confirmed Down,-0.1352,Distribution,58.0111,Neutral,,,,,,,,,,,,,
2022-07-26,900.0,930.0,888.5999755859375,903.0499877929688,183504,,,,91.74,Strong Bull,Uptrend,Hold,Range,Bullish,87.11,Strong Bull,Bullish confirmed,"Strong Bull - all 4 components agree, extreme ADX",,,,66.8295,Neutral,36.9528,30.6733,bullish fading,Neutral,10.2154,,,,,,,,,,Upper Half,Extreme,Bullish,Yes,Yes,Inside,,,,,,,,Normal,,Weak Up,-0.1505,Distribution,53.1905,Neutral,,,,,,,,,,,,,
2022-07-27,881.3499755859375,919.9500122070312,851.75,877.5499877929688,169122,,,,87.41,Strong Bull,Uptrend,Hold,Range,Bullish,82.46,Strong Bull,Bullish confirmed,"Strong Bull - all 4 components agree, extreme ADX",,,,60.0597,Neutral,33.5693,31.2525,bullish fading,Neutral,6.4471,,,,,,,,,,Upper Half,Extreme,Bullish,No,Yes,Inside,,,,,,,,Normal,,Weak Down,-0.1594,Distribution,42.4596,Neutral,,,,,,,,,,,,,
2022-07-28,884.5,884.5,835.25,839.1500244140625,201669,,,,66.19,Bull,Downtrend,Sell,Range,Bullish,53.17,Neutral,Mixed,"Neutral - components mixed, low conviction",,,,51.5853,Neutral,27.4725,30.4965,Bearish crossover,Neutral,1.4692,,,,,,,,,,Lower Half,Extreme,Bullish,No,Yes,Inside,,,,,,,,Normal,,Weak Down,-0.1912,Distribution,41.78,Neutral,,,,,,,,,,,,,
2022-07-29,847.75,854.5999755859375,836.5,847.5499877929688,90044,,,,65.83,Bull,Downtrend,Hold,Range,Bullish,53.04,Neutral,Mixed,"Neutral - components mixed, low conviction",,,,53.1428,Neutral,23.0529,29.0078,bullish accelerating,Neutral,-0.7204,,,,,,,,,,Lower Half,Extreme,Bullish,No,Yes,Inside,,,,,,,,Dry-up,,Weak Up,-0.1729,Distribution,41.5213,Neutral,,,,,,,,,,,,,
2022-08-01,855.0,865.75,838.5999755859375,855.0999755859375,84495,,,,67.59,Bull,Downtrend,Hold,Range,Bullish,53.66,Neutral,Mixed,"Neutral - components mixed, low conviction",,,,54.5579,Neutral,19.9298,27.1922,bullish accelerating,Oversold,-6.7909,,,,,,,,,,Lower Half,Extreme,Bullish,No,Yes,Inside,,,,,,,,Dry-up,,Weak Up,-0.1753,Distribution,43.7882,Neutral,,,,,,,,,,,,,
2022-08-02,855.0,874.7000122070312,851.5499877929688,858.5499877929688,90431,,,,68.45,Bull,Downtrend,Hold,Range,Bullish,53.96,Neutral,Mixed,"Neutral - components mixed, low conviction",,,,55.2233,Neutral,17.531,25.2599,bullish accelerating,Oversold,-10.7351,,,,,,,,,,Lower Half,Extreme,Bullish,No,Yes,Inside,,,,,,,,Dry-up,,Weak Up,-0.1913,Distribution,43.8403,Neutral,,,,,,,,,,,,,
2022-08-03,858.5499877929688,862.9500122070312,825.9500122070312,834.2999877929688,96034,,,,64.88,Bull,Downtrend,Hold,Range,Bullish,52.71,Neutral,Mixed,"Neutral - components mixed, low conviction",,,,49.7128,Neutral,13.5173,22.9114,bullish accelerating,Oversold,-9.4235,,,,,,,,,,Lower Half,Extreme,Bullish,No,Yes,Inside,,,,,,,,Dry-up,,Weak Down,-0.2177,Distribution,43.5935,Neutral,,,,,,,,,,,,,
2022-08-04,835.0,844.7000122070312,815.0,821.7999877929688,73908,,,,61.34,Bull,Downtrend,Hold,Range,Bullish,51.47,Neutral,Mixed,"Neutral - components mixed, low conviction",,,,47.1037,Neutral,9.2215,20.1734,bullish accelerating,Oversold,-12.1445,,,,,,,,,,Lower Half,Extreme,Bullish,No,Yes,Inside,,,,,,,,Dry-up,,Weak Down,-0.2217,Distribution,37.9963,Neutral,,,,,,,,,,,,,
2022-08-05,824.0,839.9500122070312,822.0999755859375,824.5999755859375,134337,,,,15.22,Strong Bear,Downtrend,Hold,Range,Bullish,35.33,Bear,Mixed,"Bear - components mixed, low conviction",,,,47.765,Neutral,5.9742,17.3336,bullish accelerating,Oversold,-9.8896,,,,,,,,,,Lower Half,Extreme,Bullish,No,Yes,Inside,,,,,,,,Normal,,Weak Up,-0.2391,Distribution,31.7516,Neutral,,,,,,,,,,,,,
2022-08-08,833.0,837.0,817.75,821.6500244140625,56303,,,,9.84,Strong Bear,Downtrend,Hold,Range,Bullish,33.44,Bear,Mixed,"Bear - components mixed, low conviction",,,,47.0969,Neutral,3.1265,14.4922,bullish accelerating,Oversold,-8.4513,,,,,,,,,,Lower Half,Extreme,Bullish,No,No,Near Lower,,,,,,,,Dry-up,,Weak Down,-0.239,Distribution,12.9062,Oversold,,,,,,,,,,,,,
2022-08-10,827.5,832.0,815.75,818.5499877929688,78707,,,,8.29,Strong Bear,Downtrend,Hold,Range,Bullish,32.9,Bear,Mixed,"Bear - components mixed, low conviction",,,,46.363,Neutral,0.6125,11.7162,bullish fading,Oversold,-9.3572,,,,,,,,,,Lower Half,Strong,Bullish,No,No,Near Lower,,,,,,,,Dry-up,,Weak Down,-0.2399,Distribution,16.515,Oversold,,,,,,,,,,,,,
2022-08-11,820.0,856.4500122070312,818.0,837.5,118972,,,,11.88,Strong Bear,Downtrend,Hold,Range,Bullish,34.16,Bear,Mixed,"Bear - components mixed, low conviction",,,,51.3533,Neutral,0.1476,9.4025,bullish fading,Oversold,-4.5638,,,,,,,,,,Lower Half,Strong,Bullish,No,No,Inside,,,,,,,,Normal,,Weak Up,-0.2188,Distribution,24.3293,Neutral,,,,,,,,,,,,,
2022-08-12,839.7999877929688,844.0,833.0,835.0499877929688,41454,,,,11.55,Strong Bear,Downtrend,Hold,Uptrend (HH+HL),Bullish,44.04,Neutral,Mixed,"Neutral - components mixed, low conviction",,,,50.6966,Neutral,-0.4138,7.4392,bearish fading,Oversold,-0.4886,,,,,,,,,,Lower Half,Strong,Bullish,No,No,Inside,,,,,,,,Dry-up,,Weak Down,-0.2187,Distribution,28.251,Neutral,,,,,,,,,,,,,
2022-08-16,802.0999755859375,835.0,802.0999755859375,828.6500244140625,56312,820.7668,,,38.16,Bear,Downtrend,Hold,Uptrend (HH+HL),Bullish,53.36,Neutral,Mixed,"Neutral - components mixed, low conviction",,,,48.9361,Neutral,-1.3595,5.6795,bearish fading,Oversold,-2.23,,,,,,,,,,Lower Half,Strong,Bullish,No,No,Inside,,,,,,,,Dry-up,Falling,Weak Down,-0.2152,Distribution,31.4259,Neutral,,,,,,,,,,,,,
2022-08-17,828.6500244140625,849.8499755859375,828.6500244140625,836.5499877929688,46610,821.3857,,,41.26,Neutral,Downtrend,Hold,Uptrend (HH+HL),Bullish,54.44,Neutral,Mixed,"Neutral - components mixed, low conviction",,,,51.1893,Neutral,-1.4547,4.2527,bearish fading,Neutral,-2.1693,,,,,,,,,,Lower Half,Strong,Bullish,No,No,Inside,,,,,,,,Dry-up,Falling,Weak Up,-0.3147,Distribution,38.4166,Neutral,,,,,,,,,,,,,
2022-08-18,838.0,845.4500122070312,831.0,841.5,52016,822.1745,,,48.47,Neutral,Downtrend,Hold,Uptrend (HH+HL),Bullish,56.96,Neutral,Mixed,"Neutral - components mixed, low conviction",,,,52.6006,Neutral,-1.1178,3.1786,bearish fading,Neutral,-1.9859,,,,,,,,,,Lower Half,Trending,Bullish,No,No,Inside,,,,,,,,Dry-up,Falling,Weak Up,-0.387,Distribution,46.6291,Neutral,,,,,,,,,,,,,
2022-08-19,847.9500122070312,864.9000244140625,845.5,857.4500122070312,84195,823.5579,,,55.49,Neutral,Downtrend,Hold,Uptrend (HH+HL),Bullish,59.42,Neutral,Bullish majority,"Neutral - majority agree, 1 dissenting, trending ADX",,,,56.9228,Neutral,0.4312,2.6291,bullish fading,Neutral,2.7748,,,,,,,,,,Upper Half,Trending,Bullish,No,No,Inside,,,,,,,,Normal,Falling,Weak Up,-0.2469,Distribution,59.4441,Neutral,,,,,,,,,,,,,
2022-08-22,864.4500122070312,874.0,852.0499877929688,859.4500122070312,79772,824.9654,,,74.8,Bull,Downtrend,Hold,Uptrend (HH+HL),Bullish,66.35,Bull,Bullish majority,"Bull - majority agree, 1 dissenting, trending ADX",,,,57.4468,Neutral,1.7994,2.4632,bullish fading,Neutral,4.5814,,,,,,,,,,Upper Half,Trending,Bullish,No,No,Inside,,,,,,,,Normal,Falling,Weak Up,-0.3361,Distribution,67.4102,Neutral,,,,,,,,,,,,,
2022-08-23,846.0999755859375,870.0,842.0,852.2000122070312,51606,826.0334,,,76.9,Bull,Downtrend,Hold,Range,Bearish,56.92,Neutral,Mixed,"Neutral - components mixed, low conviction",,,,54.8425,Neutral,2.2726,2.425,bullish fading,Neutral,3.3471,,,,,,,,,,Upper Half,Trending,Bullish,No,No,Inside,,,,,,,,Normal,Falling,Weak Down,-0.3229,Distribution,61.4338,Neutral,,,,,,,,,,,,,
2022-08-24,864.9000244140625,867.0,852.3499755859375,855.7999877929688,31877,827.2007,,,80.26,Strong Bull,Downtrend,Hold,Range,Bearish,58.09,Neutral,Mixed,"Neutral - components mixed, low conviction",,,,55.9113,Neutral,2.9045,2.5209,Bullish crossover,Neutral,4.1563,,,,,,,,,,Upper Half,Trending,Bullish,No,No,Inside,,,,,,,,Dry-up,Falling,Weak Up,-0.3041,Distribution,59.113,Neutral,,,,,,,,,,,,,
2022-08-25,855.7999877929688,865.75,850.1500244140625,851.9000244140625,39616,828.1693,,,82.04,Strong Bull,Downtrend,Hold,Range,Bearish,58.71,Neutral,Mixed,"Neutral - components mixed, low conviction",,,,54.409,Neutral,3.0555,2.6278,bullish accelerating,Neutral,4.0743,,,,,,,,,,Upper Half,Trending,Bullish,No,No,Inside,,,,,,,,Dry-up,Falling,Weak Down,-0.3154,Distribution,62.6054,Neutral,,,,,,,,,,,,,
2022-08-26,858.9000244140625,860.1500244140625,844.0,845.8499755859375,28066,828.8627,,,80.24,Strong Bull,Downtrend,Hold,Range,Bearish,58.08,Neutral,Mixed,"Neutral - components mixed, low conviction",,,,52.0714,Neutral,2.6563,2.6335,bullish fading,Neutral,0.997,,,,,,,,,,Upper Half,Trending,Bullish,No,No,Inside,,,,,,,,Dry-up,Falling,Weak Down,-0.3317,Distribution,65.6927,Neutral,,,,,,,,,,,,,
2022-08-29,825.0,855.9500122070312,815.0,841.1500244140625,63285,829.3446,,,74.26,Bull,Downtrend,Hold,Downtrend (LH+LL),Bearish,26.86,Bear,Bearish majority,"Bear - majority agree, 1 dissenting, trending ADX",,,,50.2648,Neutral,1.9383,2.4945,Bearish crossover,Neutral,0.7305,,,,,,,,,,Lower Half,Trending,Bearish,No,No,Inside,,,,,,,,Normal,Falling,Weak Down,-0.2306,Distribution,55.226,Neutral,,,,,,,,,,,,,
2022-08-30,849.4000244140625,867.0,835.25,863.9000244140625,88267,830.6997,,,82.58,Strong Bull,Downtrend,Hold,Downtrend (LH+LL),Bearish,48.01,Neutral,Mixed,"Neutral - components mixed, low conviction",,,,57.8822,Neutral,3.1685,2.6293,Bullish crossover,Neutral,4.2539,,,,,,,,,,Upper Half,Trending,Bullish,No,No,Inside,,,,,,,,Normal,Falling,Confirmed Up,-0.1942,Distribution,63.411,Neutral,,,,,,,,,,,,,
2022-09-01,863.9000244140625,950.25,859.5,921.2999877929688,379500,834.2526,,,99.01,Strong Bull,Uptrend,Buy,Downtrend (LH+LL),Bearish,77.84,Strong Bull,Bullish majority,"Strong Bull - majority agree, 1 dissenting, trending ADX",,,,70.2591,Overbought,8.6752,3.8385,bullish accelerating,Neutral,10.1309,,,,,,,,,,Above Upper,Trending,Bullish,No,No,Breakout Up,,,,,,,,High,Falling,Confirmed Up,-0.0899,Distribution,80.0321,Overbought,,,,,,,,,,,,,
2022-09-02,928.5,946.7999877929688,915.0,918.5999755859376,113809,837.5604,,,97.42,Strong Bull,Uptrend,Hold,Downtrend (LH+LL),Bearish,77.53,Strong Bull,Bullish majority,"Strong Bull - majority agree, 1 dissenting, trending ADX",,,,69.2286,Neutral,12.6753,5.6058,bullish accelerating,Overbought,9.1622,,,,,,,,,,Above Upper,Trending,Bullish,No,No,Inside,,,,,,,,Normal,Falling,Confirmed Down,-0.1192,Distribution,80.1476,Overbought,,,,,,,,,,,,,
2022-09-05,925.9500122070312,925.9500122070312,890.0,894.0,82596,839.7737,,,93.03,Strong Bull,Uptrend,Hold,Downtrend (LH+LL),Bearish,75.62,Strong Bull,Bullish majority,"Strong Bull - majority agree, 1 dissenting, trending ADX",72.31,"Outperforming, strengthening",Leads both,60.5187,Neutral,13.7024,7.2251,bullish fading,Neutral,4.2626,,,80.89,Positive,70.36,Strong Bullish,Bullish confirmed,,"Strong Bullish - return-based components agree, MACD unavailable",Upper Half,Trending,Bullish,No,Yes,Inside,,,,,,,,Normal,Falling,Weak Down,-0.1269,Distribution,73.8152,Neutral,,,,,,,,,,,,,
2022-09-06,899.9500122070312,900.0,880.0,887.25,31773,841.6355,,,91.46,Strong Bull,Uptrend,Hold,Range,Bearish,84.51,Strong Bull,Bullish confirmed,"Strong Bull - all 4 components agree, trending ADX",61.12,"Outperforming, strengthening",Leads both,58.3494,Neutral,13.8125,8.5426,bullish fading,Neutral,3.2346,,,72.01,Positive fading,64.5,Bullish,Bullish confirmed,,"Bullish - return-based components agree, MACD unavailable",Upper Half,Trending,Bullish,No,Yes,Inside,,,,,,,,Dry-up,Falling,Weak Down,-0.1112,Distribution,75.1013,Neutral,,,,,,,,,,,,,
2022-09-07,887.9000244140625,892.5,881.4000244140625,884.4500122070312,41824,843.3145,,,90.71,Strong Bull,Uptrend,Hold,Range,Bearish,83.73,Strong Bull,Bullish confirmed,"Strong Bull - all 4 components agree, trending ADX",61.12,"Outperforming, strengthening",Leads both,57.4298,Neutral,13.518,9.5377,bullish fading,Neutral,3.7843,,,73.61,Positive accelerating,63.31,Bullish,Bullish confirmed,,"Bullish - return-based components agree, MACD unavailable",Upper Half,Trending,Bullish,No,No,Inside,,,,,,,,Normal,Falling,Weak Down,-0.0681,Distribution,71.4653,Neutral,,,,,,,,,,,,,
2022-09-08,897.0,915.0,885.0,887.1500244140625,58700,845.0335,,,90.92,Strong Bull,Uptrend,Hold,Uptrend (HH+HL),Bullish,93.69,Strong Bull,Bullish confirmed,"Strong Bull - all 4 components agree, trending ADX",60.07,"Outperforming, strengthening",Leads both,58.1153,Neutral,13.3486,10.2999,bullish fading,Neutral,3.6632,,,75.69,Positive accelerating,63.95,Bullish,Bullish confirmed,,"Bullish - return-based components agree, MACD unavailable",Upper Half,Trending,Bullish,No,Yes,Inside,,,,,,,,Normal,Falling,Weak Up,-0.0787,Distribution,71.7096,Neutral,,,,,,,,,,,,,
2022-09-09,899.9500122070312,899.9500122070312,875.5499877929688,880.0499877929688,64958,846.4067,,,87.5,Strong Bull,Uptrend,Hold,Uptrend (HH+HL),Bullish,91.68,Strong Bull,Bullish confirmed,"Strong Bull - all 4 components agree, trending ADX",56.76,"Outperforming, strengthening",Leads both,55.5807,Neutral,12.4974,10.7394,bullish fading,Neutral,3.3044,,,71.86,Positive fading,61.13,Bullish,Bullish confirmed,,"Bullish - return-based components agree, MACD unavailable",Upper Half,Trending,Bullish,No,Yes,Inside,,,,,,,,Normal,Falling,Weak Down,-0.0726,Distribution,65.7121,Neutral,,,,,,,,,,,,,
2022-09-12,892.0,894.9000244140625,882.5,890.0499877929688,61189,848.1182,,,86.75,Strong Bull,Uptrend,Hold,Uptrend (HH+HL),Bullish,91.57,Strong Bull,Bullish confirmed,"Strong Bull - all 4 components agree, trending ADX",56.29,"Outperforming, strengthening",Leads both,58.3368,Neutral,12.4858,11.0887,bullish fading,Neutral,5.2255,,,76.45,Positive accelerating,64.28,Bullish,Bullish confirmed,,"Bullish - return-based components agree, MACD unavailable",Upper Half,Trending,Bullish,No,Yes,Inside,,,,,,,,Normal,Falling,Weak Up,-0.0676,Distribution,65.2266,Neutral,,,,,,,,,,,,,
2022-09-13,895.7999877929688,914.4500122070312,891.1500244140625,910.2000122070312,88839,850.5528,,,93.39,Strong Bull,Uptrend,Hold,Uptrend (HH+HL),Bullish,93.92,Strong Bull,Bullish confirmed,"Strong Bull - all 4 components agree, trending ADX",52.06,"Outperforming, strengthening",Leads NIFTY50 only,63.2808,Neutral,13.9418,11.6593,bullish accelerating,Neutral,8.209,,,80.75,Positive accelerating,68.89,Bullish,Bullish confirmed,,"Bullish - return-based components agree, MACD unavailable",Upper Half,Trending,Bullish,No,No,Inside,,,,,,,,Normal,Falling,Confirmed Up,-0.0122,Neutral,70.6332,Neutral,,,,,,,,,,,,,
2022-09-14,903.0,998.0,892.0,983.0999755859376,388315,855.7507,,,100.0,Strong Bull,Uptrend,Hold,Uptrend (HH+HL),Bullish,97.21,Strong Bull,Bullish confirmed,"Strong Bull - all 4 components agree, trending ADX",77.73,"Outperforming, strengthening",Leads both,74.8902,Overbought,20.7391,13.4752,bullish accelerating,Neutral,13.7979,,,100.0,Positive accelerating,83.57,Strong Bullish,Bullish confirmed,,"Strong Bullish - return-based components agree, MACD unavailable",Above Upper,Trending,Bullish,Yes,Yes,Breakout Up,,,,,,,,High,Falling,Confirmed Up,0.1203,Accumulation,77.8915,Neutral,,,,,,,,,,,,,
2022-09-15,992.9000244140624,1019.3499755859376,966.5999755859376,982.7999877929688,146800,860.7331,,,99.06,Strong Bull,Uptrend,Hold,Uptrend (HH+HL),Bullish,97.95,Strong Bull,Bullish confirmed,"Strong Bull - all 4 components agree, trending ADX",73.87,"Outperforming, strengthening",Leads both,74.7854,Overbought,25.8043,15.9411,bullish accelerating,Overbought,6.6754,,,96.95,Positive fading,83.73,Strong Bullish,Bullish confirmed,,Strong Bullish but overbought on RSI and Stochastic - stretched,Above Upper,Trending,Bullish,Yes,Yes,Inside,,,,,,,,Normal,Falling,Confirmed Down,0.0915,Accumulation,81.7797,Overbought,,,,,,,,,,,,,
2022-09-16,986.5,1048.9000244140625,960.0,1021.0999755859376,326839,867.022,,,100.0,Strong Bull,Uptrend,Hold,Uptrend (HH+HL),Bullish,99.47,Strong Bull,Bullish confirmed,"Strong Bull - all 4 components agree, trending ADX",91.49,"Outperforming, strengthening",Leads both,78.8534,Overbought,32.534,19.2596,bullish accelerating,Overbought,11.1583,1.1832,thin,100.0,Positive accelerating,87.52,Strong Bullish,Bullish confirmed,,Strong Bullish but overbought on RSI and Stochastic - stretched,Above Upper,Trending,Bullish,Yes,Yes,Breakout Up,,,,,,,,High,Falling,Confirmed Up,0.1243,Accumulation,86.1769,Overbought,,,,,,,,,,,,,
2022-09-19,1048.0,1048.0,985.0,990.4000244140624,167412,871.8603,,,97.5,Strong Bull,Uptrend,Hold,Uptrend (HH+HL),Bullish,99.12,Strong Bull,Bullish confirmed,"Strong Bull - all 4 components agree, trending ADX",83.26,"Outperforming, strengthening",Leads both,69.214,Neutral,34.9867,22.4051,bullish fading,Overbought,10.783,1.1105,thin,100.0,Positive fading,82.64,Strong Bullish,Bullish confirmed,,"Strong Bullish - return-based components agree, MACD unavailable",Upper Half,Trending,Bullish,Yes,Yes,Inside,,,,,,,,Normal,Falling,Confirmed Down,0.0521,Accumulation,81.0023,Overbought,,,,,,,,,,,,,
2022-09-20,1007.9000244140624,1007.9000244140624,965.0499877929688,971.3499755859376,118884,875.7619,,,94.77,Strong Bull,Uptrend,Hold,Uptrend (HH+HL),Bullish,98.17,Strong Bull,Bullish confirmed,"Strong Bull - all 4 components agree, trending ADX",83.45,"Outperforming, strengthening",Leads both,63.9868,Neutral,34.9901,24.9221,bullish fading,Neutral,9.4787,0.9142,thin,100.0,Positive accelerating,79.32,Strong Bullish,Bullish confirmed,,"Strong Bullish - return-based components agree, MACD unavailable",Upper Half,Trending,Bullish,Yes,Yes,Inside,,,,,,,,Normal,Falling,Confirmed Down,0.0268,Neutral,75.4723,Neutral,,,,,,,,,,,,,
2022-09-21,983.75,996.7000122070312,951.0,964.0999755859376,104685,879.2261,,,93.51,Strong Bull,Uptrend,Hold,Uptrend (HH+HL),Bullish,97.73,Strong Bull,Bullish confirmed,"Strong Bull - all 4 components agree, trending ADX",82.73,"Outperforming, strengthening",Leads both,62.0657,Neutral,34.0156,26.7408,bullish fading,Neutral,9.0056,0.8368,thin,100.0,Positive fading,76.57,Strong Bullish,Bullish confirmed,,"Strong Bullish - return-based components agree, MACD unavailable",Upper Half,Trending,Bullish,Yes,Yes,Inside,,,,,,,,Normal,Falling,Weak Down,0.0136,Neutral,66.1121,Neutral,,,,,,,,,,,,,
2022-09-22,964.0999755859376,989.0,958.0499877929688,973.75,69391,882.9329,,,94.2,Strong Bull,Uptrend,Hold,Uptrend (HH+HL),Bullish,97.97,Strong Bull,Bullish confirmed,"Strong Bull - all 4 components agree, trending ADX",80.63,"Outperforming, strengthening",Leads both,63.6309,Neutral,33.6342,28.1195,bullish fading,Neutral,9.7616,0.9301,thin,100.0,Positive accelerating,76.35,Strong Bullish,Bullish confirmed,,"Strong Bullish - return-based components agree, MACD unavailable",Upper Half,Trending,Bullish,Yes,Yes,Inside,,,,,,,Wide stop - size down,Normal,Falling,Weak Up,0.0206,Neutral,65.3503,Neutral,,,,,,,,,,,,,
2022-09-23,980.0,985.0,935.0,941.7000122070312,131436,885.2375,,,89.77,Strong Bull,Uptrend,Hold,Uptrend (HH+HL),Bullish,96.42,Strong Bull,Bullish confirmed,"Strong Bull - all 4 components agree, trending ADX",80.72,"Outperforming, strengthening",Leads both,55.4481,Neutral,30.3955,28.5747,bullish fading,Neutral,7.0053,0.5364,thin,97.34,Positive fading,70.9,Strong Bullish,Mixed,,"Strong Bullish - components mixed, low conviction",Upper Half,Trending,Bullish,Yes,Yes,Inside,,,,,,,Wide stop - size down,Normal,Falling,Confirmed Down,-0.0057,Neutral,63.4408,Neutral,,,,,,,,,,,,,
2022-09-26,936.0,937.8499755859376,880.0,894.5999755859375,141035,885.6047,,,71.3,Bull,Uptrend,Hold,Uptrend (HH+HL),Bullish,79.8,Strong Bull,Bullish confirmed,"Strong Bull - all 4 components agree, trending ADX",71.76,"Outperforming, strengthening",Leads both,46.0714,Neutral,23.7544,27.6106,Bearish crossover,Neutral,0.5112,-0.3808,thin,84.19,Positive fading,59.75,Bullish,Mixed,,"Bullish - components mixed, low conviction",Lower Half,Trending,Bullish,No,Yes,Inside,,,,,,,Wide stop - size down,Normal,Falling,Confirmed Down,-0.0235,Neutral,60.012,Neutral,,,,,,,,,,,,,
2022-09-27,895.0,914.5999755859376,881.9000244140625,897.0999755859375,74763,886.0555,,,71.13,Bull,Uptrend,Hold,Uptrend (HH+HL),Bullish,79.05,Strong Bull,Bullish confirmed,"Strong Bull - all 4 components agree, trending ADX",74.46,"Outperforming, strengthening",Leads both,46.5877,Neutral,18.4799,25.7845,bullish accelerating,Neutral,-1.4392,-0.6522,thin,84.41,Positive accelerating,57.68,Neutral,Mixed,,"Neutral - components mixed, low conviction",Lower Half,Trending,Bullish,No,Yes,Inside,,,,,,,Wide stop - size down,Normal,Falling,Weak Up,-0.0319,Neutral,59.0454,Neutral,,,,,,,,,,,,,
2022-09-28,904.9000244140624,932.2999877929688,887.0,915.1500244140624,61825,887.1964,,,74.45,Bull,Uptrend,Hold,Uptrend (HH+HL),Bullish,83.56,Strong Bull,Bullish confirmed,"Strong Bull - all 4 components agree, trending ADX",79.13,"Outperforming, strengthening",Leads both,50.2883,Neutral,15.5768,23.7429,bullish accelerating,Oversold,-6.9118,-1.4054,thin,86.03,Positive accelerating,58.99,Bullish,Mixed,,"Bullish - components mixed, low conviction",Lower Half,Trending,Bullish,No,Yes,Inside,,,,,,,Wide stop - size down,Dry-up,Falling,Weak Up,-0.0534,Distribution,59.128,Neutral,,,,,,,,,,,,,
2022-09-29,938.0,938.0,894.0,912.6500244140624,63187,888.1946,,,74.27,Bull,Uptrend,Hold,Uptrend (HH+HL),Bullish,82.16,Strong Bull,Bullish confirmed,"Strong Bull - all 4 components agree, trending ADX",76.49,"Outperforming, strengthening",Leads both,49.7739,Neutral,12.9253,21.5794,bullish accelerating,Oversold,-7.1378,-1.4073,thin,84.09,Positive fading,58.46,Bullish,Mixed,,"Bullish - components mixed, low conviction",Lower Half,Trending,Bullish,No,Yes,Inside,,,,,,,Wide stop - size down,Normal,Falling,Weak Down,-0.1234,Distribution,62.2083,Neutral,,,,,,,,,,,,,
2022-09-30,912.6500244140624,930.0,902.2999877929688,913.0,81118,889.1674,,,74.53,Bull,Uptrend,Hold,Uptrend (HH+HL),Bullish,81.63,Strong Bull,Bullish confirmed,"Strong Bull - all 4 components agree, trending ADX",71.64,"Outperforming, strengthening",Leads both,49.8513,Neutral,10.7286,19.4093,bullish accelerating,Neutral,-10.5866,-1.8361,thin,83.97,Positive fading,58.82,Bullish,Mixed,,"Bullish - components mixed, low conviction",Lower Half,Trending,Bullish,No,Yes,Inside,63.41,High,,,No,"High volatility, stable",Wide stop - size down,Normal,Falling,Weak Up,-0.095,Distribution,62.6045,Neutral,,,,,,,,,,,,,
2022-10-03,920.9000244140624,926.0499877929688,901.5499877929688,911.9500122070312,75880,890.0608,,,72.11,Bull,Uptrend,Hold,Uptrend (HH+HL),Bullish,79.87,Strong Bull,Bullish confirmed,"Range with bullish lean - ADX emerging, direction not confirmed",76.41,"Outperforming, strengthening",Leads both,49.6045,Neutral,8.8015,17.2877,bullish fading,Oversold,-7.921,-1.4355,thin,85.54,Positive accelerating,59.14,Bullish,Mixed,,"Bullish - components mixed, low conviction",Lower Half,Emerging,Bullish,No,Yes,Inside,56.18,Normal,,,No,"Normal volatility, stable",Wide stop - size down,Normal,Rising,Weak Down,-0.0723,Distribution,58.6964,Neutral,,,,,,,,,,,,,
2022-10-04,929.0,929.0499877929688,913.0,924.5999755859376,37921,891.4153,,,71.5,Bull,Uptrend,Hold,Uptrend (HH+HL),Bullish,82.08,Strong Bull,Bullish confirmed,"Range with bullish lean - ADX emerging, direction not confirmed",74.83,"Outperforming, strengthening",Leads both,52.6457,Neutral,8.2005,15.4703,bullish fading,Neutral,-4.8129,-0.9942,thin,88.04,Positive accelerating,61.73,Bullish,Mixed,Bearish divergence,Bullish - bearish divergence vs price over 21 bars,Lower Half,Emerging,Bullish,No,No,Inside,51.36,Normal,,,No,"Normal volatility, stable",Wide stop - size down,Dry-up,Rising,Weak Up,-0.061,Distribution,49.6754,Neutral,,,,,,,,,,,,,
2022-10-06,931.0,1017.0499877929688,931.0,987.4500122070312,144158,895.1814,,,90.36,Strong Bull,Uptrend,Hold,Uptrend (HH+HL),Bullish,92.11,Strong Bull,Bullish confirmed,"Range with bullish lean - ADX emerging, direction not confirmed",90.37,"Outperforming, strengthening",Leads both,64.2039,Neutral,12.6498,14.9062,bullish fading,Neutral,2.422,0.0018,thin,100.0,Positive accelerating,73.49,Strong Bullish,Mixed,None,"Strong Bullish - components mixed, low conviction",Upper Half,Emerging,Bullish,No,No,Inside,56.17,Normal,,,No,"Normal volatility, stable",Wide stop - size down,Normal,Rising,Confirmed Up,-0.0319,Neutral,49.5376,Neutral,,,,,,,,,,,,,
2022-10-07,988.0,1000.0,965.0,969.6500244140624,130214,898.1017,,,90.36,Strong Bull,Uptrend,Hold,Uptrend (HH+HL),Bullish,92.73,Strong Bull,Bullish confirmed,"Strong Bull - all 4 components agree, trending ADX",83.54,"Outperforming, strengthening",Leads both,59.7555,Neutral,14.5716,14.8393,bullish fading,Neutral,-0.4211,-0.3893,thin,93.4,Positive fading,70.91,Strong Bullish,Mixed,None,"Strong Bullish - components mixed, low conviction",Upper Half,Trending,Bullish,No,Yes,Inside,54.95,Normal,,,No,"Normal volatility, stable",Wide stop - size down,Normal,Rising,Confirmed Down,-0.0493,Neutral,32.3418,Neutral,,,,,,,,,,,,,
2022-10-10,965.9500122070312,998.75,947.5,991.2999877929688,72133,901.7565,,,94.32,Strong Bull,Uptrend,Hold,Uptrend (HH+HL),Bullish,94.29,Strong Bull,Bullish confirmed,"Strong Bull - all 4 components agree, trending ADX",81.2,"Outperforming, strengthening",Leads both,63.104,Neutral,17.6384,15.3991,Bullish crossover,Neutral,5.2671,0.4004,thin,88.69,Positive fading,73.29,Strong Bullish,Bullish confirmed,None,"Strong Bullish - return-based components agree, MACD unavailable",Upper Half,Trending,Bullish,Yes,No,Inside,54.13,Normal,,,No,"Normal volatility, stable",Wide stop - size down,Normal,Rising,Weak Up,-0.0121,Neutral,40.6123,Neutral,,,,,,,,,,,,,
2022-10-11,998.9000244140624,1015.0,958.0,963.75,61400,904.1876,,,92.17,Strong Bull,Uptrend,Hold,Uptrend (HH+HL),Bullish,93.89,Strong Bull,Bullish confirmed,"Strong Bull - all 4 components agree, trending ADX",78.98,"Outperforming, strengthening",Leads both,56.6451,Neutral,17.6423,15.8477,bullish fading,Neutral,7.7297,0.7382,thin,82.59,Positive fading,68.13,Bullish,Bullish confirmed,None,"Bullish - return-based components agree, MACD unavailable",Upper Half,Trending,Bullish,Yes,No,Inside,58.24,Normal,,,No,"Normal volatility, stable",Wide stop - size down,Dry-up,Rising,Weak Down,-0.0371,Neutral,42.5577,Neutral,,,,,,,,,,,,,
2022-10-12,972.0,972.0,940.5499877929688,943.8499755859376,47885,905.743,,,88.89,Strong Bull,Uptrend,Hold,Uptrend (HH+HL),Bullish,92.68,Strong Bull,Bullish confirmed,"Strong Bull - all 4 components agree, trending ADX",72.35,"Outperforming, strengthening",Leads both,52.4677,Neutral,15.8569,15.8496,bullish fading,Neutral,5.2112,0.3815,thin,79.08,Positive fading,64.69,Bullish,Bullish confirmed,None,"Bullish - return-based components agree, MACD unavailable",Lower Half,Trending,Bullish,Yes,No,Inside,54.97,Normal,,,No,"Normal volatility, stable",Wide stop - size down,Dry-up,Rising,Weak Down,-0.0763,Distribution,44.6766,Neutral,,,,,,,,,,,,,
2022-10-13,959.9000244140624,959.9000244140624,931.5,950.2999877929688,36673,907.4904,,,89.85,Strong Bull,Uptrend,Hold,Range,Bullish,82.76,Strong Bull,Bullish confirmed,"Strong Bull - all 4 components agree, trending ADX",75.07,"Outperforming, strengthening",Leads both,53.6606,Neutral,14.7919,15.638,Bearish crossover,Neutral,3.8409,0.1867,thin,81.96,Positive accelerating,64.73,Bullish,Bullish confirmed,Bearish divergence,Bullish - bearish divergence vs price over 21 bars,Lower Half,Trending,Bullish,Yes,No,Inside,50.88,Normal,,,No,"Normal volatility, stable",Wide stop - size down,Dry-up,Rising,Weak Up,-0.2168,Distribution,39.8335,Neutral,,,,,,,,,,,,,
2022-10-14,969.7999877929688,979.7000122070312,946.9000244140624,951.0499877929688,47924,909.1986,,,89.85,Strong Bull,Uptrend,Hold,Range,Bullish,82.8,Strong Bull,Bullish confirmed,"Strong Bull - all 4 components agree, trending ADX",69.32,"Outperforming, strengthening",Leads both,53.8058,Neutral,13.8488,15.2802,bullish accelerating,Neutral,4.2075,0.2373,thin,80.73,Positive fading,63.8,Bullish,Mixed,None,"Bullish - components mixed, low conviction",Upper Half,Trending,Bullish,Yes,No,Inside,49.01,Normal,,,No,"Normal volatility, stable",Wide stop - size down,Dry-up,Rising,Weak Up,-0.2171,Distribution,47.4956,Neutral,,,,,,,,,,,,,
2022-10-17,950.0,955.0,941.9500122070312,947.7999877929688,33011,910.7124,,,82.07,Strong Bull,Uptrend,Hold,Range,Bullish,80.0,Strong Bull,Bullish confirmed,"Strong Bull - all 4 components agree, trending ADX",64.98,"Outperforming, weakening",Leads both,53.0305,Neutral,12.6928,14.7627,bullish accelerating,Neutral,3.8116,0.1796,thin,79.21,Positive fading,63.0,Bullish,Bullish confirmed,None,"Bullish - return-based components agree, MACD unavailable",Upper Half,Trending,Bullish,Yes,No,Inside,40.11,Normal,Contracting,-23.3,No,"Normal volatility, contracting - move losing energy",Wide stop - size down,Dry-up,Falling,Weak Down,-0.3286,Distribution,52.4814,Neutral,,,,,,,,,,,,,
2022-10-18,966.0,966.0,939.8499755859376,945.9500122070312,26222,912.0942,,,79.52,Bull,Uptrend,Hold,Range,Bullish,79.19,Strong Bull,Bullish confirmed,"Strong Bull - all 4 components agree, trending ADX",54.62,"Outperforming, weakening",Leads both,52.5662,Neutral,11.4949,14.1091,bullish accelerating,Neutral,3.7283,0.1666,thin,71.61,Positive fading,59.45,Bullish,Mixed,None,"Bullish - components mixed, low conviction",Upper Half,Trending,Bullish,No,No,Inside,35.22,Low,Contracting,-20.95,No,"Low volatility, contracting - coiling, watch for breakout",Wide stop - size down,Dry-up,Falling,Weak Down,-0.2784,Distribution,57.8653,Neutral,,,,,,,,,,,,,
2022-10-19,945.9500122070312,958.1500244140624,935.0,941.2999877929688,29534,913.2396,,,79.06,Bull,Uptrend,Hold,Range,Bullish,78.98,Strong Bull,Bullish confirmed,"Strong Bull - all 4 components agree, trending ADX",37.57,"Underperforming, weakening",Lags both,51.3492,Neutral,10.0544,13.2982,bullish accelerating,Neutral,1.8062,-0.1109,thin,55.21,Positive fading,51.69,Neutral,Mixed,None,"Neutral - components mixed, low conviction",Lower Half,Trending,Bullish,No,No,Inside,24.88,Low,Contracting,-26.48,No,"Low volatility, contracting - coiling, watch for breakout",Vol contracting,Dry-up,Falling,Weak Down,-0.2473,Distribution,53.1495,Neutral,,,,,,,,,,,,,
2022-10-20,944.0,955.9500122070312,941.2999877929688,943.1500244140624,31109,914.4125,,,78.97,Bull,Uptrend,Hold,Range,Bullish,78.91,Strong Bull,Bullish confirmed,"Strong Bull - all 4 components agree, trending ADX",26.44,"Underperforming, weakening",Lags both,51.8271,Neutral,8.9588,12.4303,bullish accelerating,Neutral,-4.4863,-1.0147,thin,46.12,Negative accelerating,47.57,Neutral,Mixed,None,"Neutral - components mixed, low conviction",Upper Half,Trending,Bullish,No,No,Inside,20.66,Low,Contracting,-35.51,No,"Low volatility, contracting - coiling, watch for breakout",Vol contracting,Dry-up,Falling,Weak Up,-0.245,Distribution,51.5246,Neutral,,,,,,,,,,,,,
2022-10-21,950.7000122070312,979.9500122070312,938.3499755859376,961.6500244140624,125881,916.265,,,83.73,Strong Bull,Uptrend,Hold,Range,Bullish,80.9,Strong Bull,Bullish confirmed,"Strong Bull - all 4 components agree, trending ADX",45.03,"Underperforming, improving",Lags both,56.435,Neutral,9.4741,11.8391,bullish fading,Neutral,-0.825,-0.4785,thin,58.8,Positive accelerating,54.84,Neutral,Mixed,None,"Neutral - components mixed, low conviction",Upper Half,Trending,Bullish,Yes,No,Inside,21.31,Low,Contracting,-33.64,No,"Low volatility, contracting - coiling, watch for breakout",Vol contracting,Normal,Falling,Confirmed Up,-0.2258,Distribution,54.1394,Neutral,,,,,,,,,,,,,
2022-10-24,969.6500244140624,1009.0,963.0499877929688,995.0999755859376,68703,919.3565,,,94.75,Strong Bull,Uptrend,Hold,Range,Bullish,85.41,Strong Bull,Bullish confirmed,"Strong Bull - all 4 components agree, trending ADX",49.01,"Underperforming, improving",Lags both,63.2753,Neutral,12.4383,11.9589,Bullish crossover,Neutral,0.3833,-0.3,thin,62.76,Positive accelerating,59.67,Bullish,Bullish confirmed,Bearish divergence,Bullish - bearish divergence vs price over 21 bars,Upper Half,Trending,Bullish,Yes,No,Inside,24.75,Low,Contracting,-29.38,No,"Low volatility, contracting - coiling, watch for breakout",Low vol - tight stops,Normal,Falling,Weak Up,-0.1473,Distribution,62.0989,Neutral,,,,,,,,,,,,,
2022-10-25,989.0,1030.0,981.2000122070312,1004.2000122070312,154092,922.6837,,,95.87,Strong Bull,Uptrend,Hold,Range,Bullish,86.64,Strong Bull,Bullish confirmed,"Strong Bull - all 4 components agree, trending ADX",60.33,"Outperforming, strengthening",Leads both,64.8904,Neutral,15.3448,12.6361,bullish accelerating,Neutral,4.1971,0.2589,thin,69.47,Positive accelerating,65.74,Bullish,Bullish confirmed,Bearish divergence,Bullish - bearish divergence vs price over 21 bars,At Upper,Trending,Bullish,Yes,No,Inside,28.41,Low,Contracting,-29.82,No,"Low volatility, contracting - coiling, watch for breakout",Vol contracting,High,Falling,Confirmed Up,-0.1025,Distribution,66.7235,Neutral,,,,,,,,,,,,,
2022-10-27,1024.699951171875,1024.699951171875,958.0,961.2000122070312,105576,924.1942,,,89.12,Strong Bull,Uptrend,Hold,Range,Bullish,84.45,Strong Bull,Bullish confirmed,"Strong Bull - all 4 components agree, trending ADX",51.12,"Outperforming, strengthening",Leads both,53.024,Neutral,14.0169,12.9123,bullish fading,Neutral,1.8382,-0.0891,thin,64.19,Positive fading,58.21,Bullish,Bullish confirmed,Bearish divergence,Bullish - bearish divergence vs price over 21 bars,Upper Half,Trending,Bullish,Yes,No,Inside,36.34,Low,Stable,-18.63,Partial,"Low volatility, stable",Wide stop - size down,Normal,Falling,Confirmed Down,-0.1631,Distribution,54.4451,Neutral,,,,,,,,,,,,,
2022-10-28,968.0,970.0,940.0,956.0499877929688,116372,925.4434,,,88.34,Strong Bull,Uptrend,Hold,Range,Bullish,83.91,Strong Bull,Bullish confirmed,"Strong Bull - all 4 components agree, trending ADX",44.91,"Underperforming, improving",Lags both,51.8022,Neutral,12.406,12.811,Bearish crossover,Neutral,0.6051,-0.2707,thin,61.74,Positive fading,53.47,Neutral,Bullish majority,Bearish divergence,Neutral - bearish divergence vs price over 21 bars,Upper Half,Trending,Bullish,Yes,No,Inside,33.5,Low,Stable,-17.38,Partial,"Low volatility, stable",Wide stop - size down,Normal,Falling,Confirmed Down,-0.1618,Distribution,55.3945,Neutral,,,,,,,,,,,,,
2022-10-31,963.5999755859376,992.7000122070312,950.0,966.25,67391,927.0437,,,89.86,Strong Bull,Uptrend,Hold,Range,Bullish,84.5,Strong Bull,Bullish confirmed,"Strong Bull - all 4 components agree, trending ADX",54.68,"Outperforming, weakening",Leads both,54.0601,Neutral,11.8162,12.612,bullish accelerating,Neutral,1.5982,-0.1217,thin,70.22,Positive accelerating,54.76,Neutral,Mixed,Bearish divergence,Neutral - bearish divergence vs price over 21 bars,Upper Half,Trending,Bullish,Yes,No,Inside,30.8,Low,Stable,-18.21,Partial,"Low volatility, stable",Wide stop - size down,Normal,Falling,Weak Up,-0.1656,Distribution,55.1393,Neutral,,,,,,,,,,,,,
2022-11-01,972.8499755859376,973.2999877929688,951.5999755859376,955.2999877929688,36348,928.1518,,,84.35,Strong Bull,Uptrend,Hold,Range,Bullish,82.62,Strong Bull,Bullish confirmed,"Strong Bull - all 4 components agree, trending ADX",66.65,"Outperforming, weakening",Leads both,51.2826,Neutral,10.3459,12.1588,bullish accelerating,Neutral,0.7913,-0.2415,thin,77.68,Positive accelerating,54.92,Neutral,Mixed,Bearish divergence,Neutral - bearish divergence vs price over 21 bars,Lower Half,Trending,Bullish,Yes,No,Inside,25.77,Low,Stable,-14.34,Partial,"Low volatility, stable",Vol contracting,Normal,Falling,Weak Down,-0.1746,Distribution,56.6861,Neutral,,,,,,,,,,,,,
2022-11-02,961.0,980.0,952.0999755859376,955.25,28211,929.2144,,,77.38,Bull,Uptrend,Hold,Uptrend (HH+HL),Bullish,90.32,Strong Bull,Bullish confirmed,"Strong Bull - all 4 components agree, trending ADX",68.3,"Outperforming, weakening",Leads both,51.2697,Neutral,9.0721,11.5415,bullish accelerating,Neutral,0.9831,-0.2114,thin,75.41,Positive fading,53.57,Neutral,Mixed,Bearish divergence,Neutral - bearish divergence vs price over 21 bars,Lower Half,Trending,Bullish,Yes,No,Inside,22.57,Low,Stable,-12.65,Partial,"Low volatility, stable",Vol contracting,Dry-up,Falling,Weak Down,-0.1879,Distribution,60.9588,Neutral,,,,,,,,,,,,,
2022-11-03,950.5,960.25,942.0499877929688,948.4500122070312,32309,929.9688,,,75.62,Bull,Uptrend,Hold,Uptrend (HH+HL),Bullish,89.57,Strong Bull,Bullish confirmed,"Strong Bull - all 4 components agree, trending ADX",67.02,"Outperforming, weakening",Leads both,49.4407,Neutral,7.4282,10.7188,bullish accelerating,Neutral,0.7596,-0.2439,thin,71.83,Positive fading,50.32,Neutral,Bearish majority,Bearish divergence,Neutral - bearish divergence vs price over 21 bars,Lower Half,Trending,Bullish,No,No,Inside,18.43,Very Low,Stable,-6.45,Partial,"Very Low volatility, stable",Vol contracting,Dry-up,Falling,Weak Down,-0.2077,Distribution,61.2396,Neutral,,,,,,,,,,,,,
2022-11-04,956.9000244140624,959.6500244140624,943.0,944.0,56819,930.519,,,74.55,Bull,Uptrend,Hold,Uptrend (HH+HL),Bullish,88.14,Strong Bull,Bullish confirmed,"Strong Bull - all 4 components agree, trending ADX",63.76,"Outperforming, weakening",Leads both,48.2282,Neutral,5.7007,9.7152,bullish accelerating,Oversold,0.0901,-0.344,thin,69.91,Positive fading,48.12,Neutral,Bearish majority,Bearish divergence,Neutral - bearish divergence vs price over 21 bars,Lower Half,Trending,Bullish,No,No,Inside,14.07,Very Low,Stable,-6.58,Partial,"Very Low volatility, stable",Low vol - tight stops,Normal,Falling,Weak Down,-0.2941,Distribution,55.4894,Neutral,,,,,,,,,,,,,
2022-11-07,945.0,951.0,935.0,938.75,34161,930.8418,,,71.94,Bull,Uptrend,Hold,Uptrend (HH+HL),Bullish,85.66,Strong Bull,Bullish confirmed,"Strong Bull - all 4 components agree, trending ADX",69.59,"Outperforming, weakening",Leads both,46.7709,Neutral,3.8634,8.5448,bullish accelerating,Oversold,-2.3813,-0.7169,thin,75.04,Positive accelerating,47.82,Neutral,Bearish majority,None,"Neutral - majority agree, 1 dissenting",Lower Half,Trending,Bullish,No,No,Near Lower,11.03,Very Low,Stable,-10.27,Partial,"Very Low volatility, stable",Low vol - tight stops,Normal,Falling,Weak Down,-0.2535,Distribution,55.4353,Neutral,,,,,,,,,,,,,
2022-11-09,948.0,948.0,886.0,900.7999877929688,152591,929.6637,,,48.36,Neutral,Uptrend,Hold,Uptrend (HH+HL),Bullish,54.22,Neutral,Mixed,"Neutral - components mixed, low conviction",62.89,"Outperforming, weakening",Leads both,37.864,Neutral,-0.6474,6.7064,bearish accelerating,Oversold,-9.4764,-1.7679,thin,69.23,Positive fading,41.03,Bearish,Bearish majority,None,"Bearish - majority agree, 1 dissenting",Below Lower,Trending,Bearish,No,Yes,Breakout Down,21.81,Low,Stable,-2.95,Partial,"Low volatility, stable",Normal vol,High,Falling,Confirmed Down,-0.339,Distribution,46.6052,Neutral,,,,,,,,,,,,,
2022-11-10,914.9500122070312,914.9500122070312,886.0,889.0999755859375,48244,928.073,,,42.01,Neutral,Downtrend,Sell,Uptrend (HH+HL),Bullish,38.87,Bear,Bearish majority,"Range with bearish lean - ADX emerging, direction not confirmed",60.49,"Outperforming, weakening",Leads both,35.6123,Neutral,-5.1075,4.3436,bearish accelerating,Oversold,-11.4619,-2.0155,thin,65.64,Positive fading,37.59,Bearish,Bearish majority,None,"Bearish - majority agree, 1 dissenting",Below Lower,Emerging,Bearish,No,Yes,Near Lower,27.53,Low,Stable,-0.88,No,"Low volatility, stable",Normal vol,Normal,Falling,Weak Down,-0.3339,Distribution,45.8998,Neutral,,,,,,,,,,,,,
2022-11-11,898.0,913.9500122070312,878.0,882.1500244140625,40957,926.2721,,,28.19,Bear,Downtrend,Hold,Uptrend (HH+HL),Bullish,34.69,Bear,Bearish majority,"Range with bearish lean - ADX emerging, direction not confirmed",56.64,"Outperforming, weakening",Leads both,34.3072,Neutral,-9.098,1.6553,bearish accelerating,Oversold,-8.2241,-1.5064,thin,64.73,Positive fading,36.2,Bearish,Bearish majority,None,"Bearish - majority agree, 1 dissenting",Below Lower,Emerging,Bearish,No,No,Breakout Down,32.89,Low,Stable,-3.45,No,"Low volatility, stable",Vol contracting,Normal,Falling,Weak Down,-0.3307,Distribution,42.6994,Neutral,,,,,,,,,,,,,
2022-11-14,880.0,898.0,860.0,882.3499755859375,153435,924.5496,,,28.34,Bear,Downtrend,Hold,Uptrend (HH+HL),Bullish,35.02,Bear,Bearish majority,"Range with bearish lean - ADX emerging, direction not confirmed",58.16,"Outperforming, weakening",Leads both,34.3817,Neutral,-12.1049,-1.0968,bearish accelerating,Oversold,-7.7088,-1.4086,thin,65.59,Positive accelerating,36.58,Bearish,Bearish majority,None,"Bearish - majority agree, 1 dissenting",At Lower,Emerging,Bearish,No,No,Near Lower,40.14,Normal,Stable,6.64,No,"Normal volatility, stable",Vol contracting,High,Falling,Confirmed Up,-0.292,Distribution,30.4463,Neutral,,,,,,,,,,,,,
2022-11-15,895.0,931.7000122070312,889.75,924.7999877929688,138334,924.5594,,,35.02,Bear,Downtrend,Hold,Uptrend (HH+HL),Bullish,46.49,Neutral,Mixed,"No clear trend - ADX emerging, price ranging",65.52,"Outperforming, weakening",Leads both,47.8935,Neutral,-10.9365,-3.0647,bearish fading,Oversold,-4.2898,-0.8958,thin,70.85,Positive accelerating,45.82,Neutral,Bearish majority,None,"Neutral - majority agree, 1 dissenting",Lower Half,Emerging,Bullish,No,No,Inside,45.56,Normal,Stable,14.76,No,"Normal volatility, stable",Vol contracting,Normal,Falling,Confirmed Up,-0.1872,Distribution,34.1759,Neutral,,,,,,,,,,,,,
2022-11-16,923.0,947.0999755859376,920.0,939.25,83552,925.1355,,,36.81,Bear,Downtrend,Hold,Uptrend (HH+HL),Bullish,49.57,Neutral,Mixed,"No clear trend - ADX emerging, price ranging",71.15,"Outperforming, weakening",Leads both,51.5507,Neutral,-8.7437,-4.2005,bearish fading,Neutral,-1.6801,-0.507,thin,74.96,Positive accelerating,52.86,Neutral,Mixed,None,"Neutral - components mixed, low conviction",Lower Half,Emerging,Bullish,No,No,Inside,41.56,Normal,Stable,15.79,No,"Normal volatility, stable",Vol contracting,Normal,Falling,Confirmed Up,-0.1558,Distribution,29.2132,Neutral,,,,,,,,,,,,,
2022-11-17,939.0,955.0,932.2000122070312,946.0999755859376,71980,925.9577,,,39.76,Bear,Downtrend,Hold,Uptrend (HH+HL),Bullish,51.63,Neutral,Mixed,"No clear trend - ADX no trend, price ranging",78.16,"Outperforming, weakening",Leads both,53.2266,Neutral,-6.3796,-4.6363,bearish fading,Neutral,-0.9579,-0.3976,thin,78.35,Positive accelerating,59.2,Bullish,Bullish majority,None,Bullish - price momentum agrees but MACD shows deceleration,Upper Half,No Trend,Bullish,No,No,Inside,36.81,Low,Stable,14.24,No,"Low volatility, stable",Low vol - tight stops,Normal,Falling,Weak Up,-0.1324,Distribution,37.1952,Neutral,,,,,,,,,,,,,
2022-11-18,954.7000122070312,990.0,954.7000122070312,978.4000244140624,194054,928.0142,,,67.97,Bull,Downtrend,Hold,Uptrend (HH+HL),Bullish,68.52,Bull,Bullish majority,"Range with bullish lean - ADX emerging, direction not confirmed",87.33,"Outperforming, weakening",Leads both,60.2152,Neutral,-1.8781,-4.0847,Bullish crossover,Neutral,3.1578,0.2143,thin,83.91,Positive accelerating,68.87,Bullish,Bullish confirmed,None,Bullish - all 4 components agree incl. MACD acceleration,Upper Half,Emerging,Bullish,No,No,Inside,38.67,Low,Expanding,20.24,No,"Low volatility, expanding - range widening",Low vol - tight stops,High,Falling,Confirmed Up,-0.0739,Distribution,52.3002,Neutral,,,,,,,,,,,,,
2022-11-21,976.0,995.0,902.0,921.2000122070312,166484,927.747,,,58.38,Neutral,Downtrend,Hold,Range,Bearish,38.21,Bear,Mixed,"Range with bearish lean - ADX no trend, direction not confirmed",70.85,"Outperforming, weakening",Leads both,46.8619,Neutral,-2.8928,-3.8463,bearish fading,Neutral,-2.4153,-0.6156,thin,68.94,Positive fading,59.05,Bullish,Bullish majority,Bullish divergence,Bullish - bullish divergence vs price over 21 bars,Lower Half,No Trend,Bearish,No,Yes,Inside,59.18,Normal,Expanding,45.1,No,"Normal volatility, expanding - range widening",Wide stop - size down,Normal,Falling,Confirmed Down,-0.1083,Distribution,42.4856,Neutral,,,,,,,,,,,,,
2022-11-22,927.0,949.0,916.2999877929688,921.1500244140624,92795,927.4883,,,58.3,Neutral,Downtrend,Hold,Range,Bearish,38.97,Bear,Mixed,"Range with bearish lean - ADX no trend, direction not confirmed",61.73,"Outperforming, weakening",Leads both,46.8521,Neutral,-3.6588,-3.8088,bearish fading,Neutral,-1.8748,-0.5313,thin,64.86,Positive fading,56.23,Neutral,Bullish majority,Bullish divergence,Neutral - bullish divergence vs price over 21 bars,Lower Half,No Trend,Bearish,No,Yes,Inside,58.49,Normal,Expanding,47.46,No,"Normal volatility, expanding - range widening",Wide stop - size down,Normal,Falling,Confirmed Down,-0.1539,Distribution,40.673,Neutral,,,,,,,,,,,,,
2022-11-23,928.7999877929688,928.7999877929688,902.0999755859376,916.1500244140624,79170,927.0437,,,55.9,Neutral,Downtrend,Hold,Range,Bearish,38.61,Bear,Mixed,"Range with bearish lean - ADX no trend, direction not confirmed",55.39,"Outperforming, weakening",Leads both,45.8222,Neutral,-4.6161,-3.9703,Bearish crossover,Neutral,1.704,0.0076,thin,63.19,Positive fading,52.7,Neutral,Mixed,None,"Neutral - components mixed, low conviction",Lower Half,No Trend,Bearish,No,Yes,Inside,53.39,Normal,Expanding,31.59,No,"Normal volatility, expanding - range widening",Wide stop - size down,Normal,Falling,Weak Down,-0.1654,Distribution,37.0186,Neutral,,,,,,,,,,,,,
2022-11-24,922.0,924.2999877929688,910.0999755859376,912.3499755859376,35488,926.4675,,,35.75,Bear,Downtrend,Hold,Range,Bearish,32.01,Bear,Bearish confirmed,"Range with bearish lean - ADX no trend, direction not confirmed",54.75,"Outperforming, weakening",Leads both,45.0123,Neutral,-5.6167,-4.2995,bearish accelerating,Neutral,2.615,0.1447,thin,64.12,Positive accelerating,51.78,Neutral,Mixed,None,"Neutral - components mixed, low conviction",Lower Half,No Trend,Bearish,No,Yes,Inside,42.14,Normal,Stable,14.61,No,"Normal volatility, stable",Normal vol,Dry-up,Falling,Weak Down,-0.1856,Distribution,36.9655,Neutral,,,,,,,,,,,,,
2022-11-25,912.3499755859376,914.4500122070312,901.0,904.0,39646,925.5864,,,29.65,Bear,Downtrend,Hold,Range,Bearish,30.13,Bear,Bearish confirmed,"Range with bearish lean - ADX no trend, direction not confirmed",51.19,"Outperforming, weakening",Leads both,43.2053,Neutral,-7.0027,-4.8402,bearish accelerating,Neutral,2.4769,0.1232,thin,61.26,Positive fading,49.0,Neutral,Bearish majority,None,"Neutral - majority agree, 1 dissenting",Lower Half,No Trend,Bearish,No,No,Inside,32.36,Low,Stable,-0.52,No,"Low volatility, stable",Vol contracting,Dry-up,Falling,Weak Down,-0.1489,Distribution,37.5051,Neutral,,,,,,,,,,,,,
2022-11-28,910.0,912.75,891.0,893.4500122070312,51116,924.3261,,,28.77,Bear,Downtrend,Hold,Downtrend (LH+LL),Bearish,19.89,Strong Bear,Bearish confirmed,"Range with bearish lean - ADX no trend, direction not confirmed",47.35,"Underperforming, weakening",Leads NIFTY500 only,40.9675,Neutral,-8.8504,-5.6422,bearish accelerating,Neutral,1.258,-0.0626,thin,59.75,Positive fading,46.14,Neutral,Bearish majority,None,"Neutral - majority agree, 1 dissenting",Lower Half,No Trend,Bearish,No,No,Inside,25.67,Low,Stable,-14.47,No,"Low volatility, stable",Vol contracting,Normal,Falling,Weak Down,-0.1847,Distribution,37.0897,Neutral,,,,,,,,,,,,,
2022-11-29,892.4500122070312,907.4500122070312,892.4500122070312,900.4000244140625,22420,923.3878,,,15.64,Strong Bear,Downtrend,Hold,Downtrend (LH+LL),Bearish,15.35,Strong Bear,Bearish confirmed,"Range with bearish lean - ADX no trend, direction not confirmed",51.04,"Outperforming, weakening",Leads both,43.0598,Neutral,-9.6428,-6.4423,bearish fading,Neutral,-2.6384,-0.656,thin,62.9,Positive accelerating,47.37,Neutral,Bearish majority,None,"Neutral - majority agree, 1 dissenting",Lower Half,No Trend,Bearish,No,No,Inside,18.79,Very Low,Contracting,-26.77,No,"Very Low volatility, contracting - coiling, watch for breakout",Low vol - tight stops,Dry-up,Falling,Weak Up,-0.1788,Distribution,42.7976,Neutral,,,,,,,,,,,,,
2022-11-30,907.2000122070312,907.2000122070312,896.4500122070312,902.0499877929688,19911,922.5511,,,14.26,Strong Bear,Downtrend,Hold,Downtrend (LH+LL),Bearish,14.92,Strong Bear,Bearish confirmed,"Range with bearish lean - ADX no trend, direction not confirmed",47.23,"Underperforming, weakening",Leads NIFTY500 only,43.5711,Neutral,-10.022,-7.1583,bearish fading,Neutral,-3.9606,-0.8527,thin,64.48,Positive accelerating,48.3,Neutral,Bearish majority,None,"Neutral - majority agree, 1 dissenting",Lower Half,No Trend,Bearish,No,No,Inside,14.78,Very Low,Contracting,-26.78,No,"Very Low volatility, contracting - coiling, watch for breakout",Low vol - tight stops,Dry-up,Falling,Weak Up,-0.1647,Distribution,45.4121,Neutral,,,,,,,,,,,,,
2022-12-01,907.0,917.9000244140624,900.2999877929688,908.8499755859376,23172,922.0138,,,14.98,Strong Bear,Downtrend,Hold,Downtrend (LH+LL),Bearish,15.24,Strong Bear,Bearish confirmed,"Range with bearish lean - ADX no trend, direction not confirmed",48.18,"Underperforming, weakening",Leads NIFTY500 only,45.734,Neutral,-9.6625,-7.6591,bearish fading,Neutral,-3.9372,-0.8427,thin,60.41,Positive fading,49.1,Neutral,Bearish majority,None,"Neutral - majority agree, 1 dissenting",Lower Half,No Trend,Bearish,No,No,Inside,12.67,Very Low,Contracting,-24.14,No,"Very Low volatility, contracting - coiling, watch for breakout",Low vol - tight stops,Dry-up,Falling,Weak Up,-0.1514,Distribution,47.9986,Neutral,,,,,,,,,,,,,
2022-12-02,916.0,916.0,903.0,907.5,18648,921.4446,,,14.52,Strong Bear,Downtrend,Hold,Downtrend (LH+LL),Bearish,15.08,Strong Bear,Bearish confirmed,"Range with bearish lean - ADX no trend, direction not confirmed",29.82,"Underperforming, weakening",Lags both,45.3623,Neutral,-9.3784,-8.003,bearish fading,Neutral,-7.2465,-1.3363,thin,47.0,Negative accelerating,45.11,Neutral,Bearish majority,None,Neutral - price momentum agrees but MACD shows deceleration,Lower Half,No Trend,Bearish,No,No,Inside,10.9,Very Low,Contracting,-27.76,No,"Very Low volatility, contracting - coiling, watch for breakout",Low vol - tight stops,Dry-up,Rising,Weak Down,-0.1503,Distribution,53.8574,Neutral,,,,,,,,,,,,,
2022-12-05,906.3499755859376,929.5,905.0499877929688,911.0499877929688,33252,921.037,,,17.51,Strong Bear,Downtrend,Hold,Range,Bearish,26.13,Bear,Mixed,"Range with bearish lean - ADX no trend, direction not confirmed",31.39,"Underperforming, weakening",Lags both,46.5916,Neutral,-8.7658,-8.1555,bearish fading,Neutral,-1.1018,-0.3906,thin,48.36,Negative fading,46.23,Neutral,Bearish majority,None,Neutral - price momentum agrees but MACD shows deceleration,Lower Half,No Trend,Bullish,No,No,Inside,9.79,Very Low,Contracting,-49.39,No,"Very Low volatility, contracting - coiling, watch for breakout",Low vol - tight stops,Dry-up,Rising,Weak Up,-0.1306,Distribution,48.7626,Neutral,,,,,,,,,,,,,
2022-12-06,924.9500122070312,924.9500122070312,909.0,913.9000244140624,22761,920.7571,,,20.44,Bear,Downtrend,Hold,Range,Bearish,27.15,Bear,Mixed,"Range with bearish lean - ADX no trend, direction not confirmed",41.74,"Underperforming, weakening",Lags both,47.6108,Neutral,-7.9586,-8.1161,Bullish crossover,Oversold,-0.7871,-0.3404,thin,54.45,Positive accelerating,48.61,Neutral,Mixed,Bullish divergence,Neutral - bullish divergence vs price over 21 bars,Upper Half,No Trend,Bullish,No,No,Inside,9.79,Very Low,Contracting,-48.7,No,"Very Low volatility, contracting - coiling, watch for breakout",Low vol - tight stops,Dry-up,Rising,Weak Up,-0.1253,Distribution,45.155,Neutral,,,,,,,,,,,,,
2022-12-07,923.7000122070312,924.4000244140624,907.9000244140624,914.4500122070312,23892,920.5098,,,22.36,Bear,Downtrend,Hold,Range,Bearish,27.83,Bear,Mixed,"Range with bearish lean - ADX no trend, direction not confirmed",44.85,"Underperforming, weakening",Lags both,47.8177,Neutral,-7.1915,-7.9312,bearish accelerating,Neutral,-0.1856,-0.2462,thin,56.13,Positive accelerating,50.0,Neutral,Mixed,Bullish divergence,Neutral - bullish divergence vs price over 21 bars,Upper Half,No Trend,Bullish,No,No,Inside,9.8,Very Low,Contracting,-43.6,No,"Very Low volatility, contracting - coiling, watch for breakout",Low vol - tight stops,Dry-up,Falling,Weak Up,-0.0821,Distribution,39.013,Neutral,,,,,,,,,,,,,
2022-12-08,915.0,916.0,900.0499877929688,902.3499755859376,79223,919.7976,,,19.55,Strong Bear,Downtrend,Hold,Range,Bearish,26.84,Bear,Mixed,"Range with bearish lean - ADX no trend, direction not confirmed",41.09,"Underperforming, weakening",Lags both,43.7256,Neutral,-7.4739,-7.8398,bearish fading,Oversold,-1.0961,-0.3858,thin,54.05,Positive fading,47.41,Neutral,Mixed,None,"Neutral - components mixed, low conviction",Lower Half,No Trend,Bearish,No,No,Inside,9.25,Very Low,Contracting,-32.89,No,"Very Low volatility, contracting - coiling, watch for breakout",Low vol - tight stops,Normal,Rising,Confirmed Down,-0.0935,Distribution,16.9826,Oversold,,,,,,,,,,,,,
2022-12-09,914.9000244140624,914.9000244140624,895.8499755859375,902.5999755859376,31085,919.1232,,,19.35,Strong Bear,Downtrend,Hold,Range,Bearish,26.77,Bear,Mixed,"Range with bearish lean - ADX no trend, direction not confirmed",44.55,"Underperforming, weakening",Lags both,43.8325,Neutral,-7.59,-7.7898,bearish fading,Oversold,-0.1549,-0.238,thin,53.48,Positive fading,47.0,Neutral,Mixed,None,"Neutral - components mixed, low conviction",Lower Half,No Trend,Bearish,No,No,Inside,9.26,Very Low,Contracting,-23.1,No,"Very Low volatility, contracting - coiling, watch for breakout",Low vol - tight stops,Dry-up,Rising,Weak Up,-0.078,Distribution,21.1538,Neutral,,,,,,,,,,,,,
2022-12-12,908.0,908.0,890.0,891.7000122070312,35632,918.0478,,,15.48,Strong Bear,Downtrend,Hold,Range,Bearish,25.42,Bear,Mixed,"Range with bearish lean - ADX no trend, direction not confirmed",44.0,"Underperforming, improving",Lags both,40.2415,Neutral,-8.464,-7.9246,Bearish crossover,Oversold,-0.1959,-0.2434,thin,52.65,Positive fading,44.13,Neutral,Mixed,None,"Neutral - components mixed, low conviction",Lower Half,No Trend,Bearish,No,No,Inside,9.27,Very Low,Stable,-16.4,No,"Very Low volatility, stable",Low vol - tight stops,Normal,Falling,Weak Down,-0.1295,Distribution,23.6055,Neutral,,,,,,,,,,,,,
2022-12-13,880.0,899.8499755859375,880.0,889.1500244140625,22772,916.9145,,,12.77,Strong Bear,Downtrend,Hold,Range,Bearish,24.47,Strong Bear,Mixed,"Range with bearish lean - ADX no trend, direction not confirmed",40.39,"Underperforming, weakening",Lags both,39.4277,Neutral,-9.2557,-8.1908,bearish accelerating,Oversold,-1.2494,-0.407,thin,49.8,Negative accelerating,42.76,Neutral,Bearish majority,None,Neutral - price momentum agrees but MACD shows deceleration,Lower Half,No Trend,Bearish,No,No,Breakout Down,6.47,Very Low,Stable,-12.32,No,"Very Low volatility, stable",Low vol - tight stops,Dry-up,Falling,Weak Down,-0.2251,Distribution,26.5709,Neutral,,,,,,,,,,,,,
2022-12-14,901.9500122070312,901.9500122070312,888.0,889.5499877929688,18484,915.8414,,,12.75,Strong Bear,Downtrend,Hold,Range,Bearish,24.46,Strong Bear,Mixed,"Range with bearish lean - ADX no trend, direction not confirmed",36.16,"Underperforming, weakening",Lags both,39.6339,Neutral,-9.7386,-8.5004,bearish accelerating,Oversold,-1.3857,-0.4265,thin,45.46,Negative accelerating,41.29,Bearish,Bearish majority,None,Bearish - price momentum agrees but MACD shows deceleration,Lower Half,No Trend,Bearish,Yes,No,Inside,7.05,Very Low,Stable,-7.73,No,"Very Low volatility, stable",Low vol - tight stops,Dry-up,Falling,Weak Up,-0.2844,Distribution,31.7623,Neutral,,,,,,,,,,,,,
2022-12-15,888.9000244140625,894.9500122070312,885.0,887.0999755859375,16417,914.7143,,,12.29,Strong Bear,Downtrend,Hold,Range,Bearish,24.3,Strong Bear,Mixed,"Range with bearish lean - ADX no trend, direction not confirmed",19.88,"Underperforming, weakening",Lags both,38.7634,Neutral,-10.2014,-8.8406,bearish accelerating,Oversold,-2.3931,-0.5827,thin,30.47,Negative accelerating,36.8,Bearish,Bearish confirmed,None,Bearish - all 4 components agree incl. MACD acceleration,Lower Half,No Trend,Bearish,Yes,No,Near Lower,6.29,Very Low,Stable,-6.38,No,"Very Low volatility, stable",Low vol - tight stops,Dry-up,Falling,Weak Down,-0.3244,Distribution,33.5535,Neutral,,,,,,,,,,,,,
2022-12-16,880.0,887.2999877929688,875.0499877929688,879.5,21478,913.3333,,,10.93,Strong Bear,Downtrend,Hold,Range,Bearish,23.83,Strong Bear,Mixed,"Range with bearish lean - ADX no trend, direction not confirmed",18.25,"Underperforming, weakening",Lags both,36.1135,Neutral,-11.054,-9.2832,bearish accelerating,Oversold,-3.0854,-0.6885,thin,28.98,Negative accelerating,34.69,Bearish,Bearish confirmed,None,Bearish - all 4 components agree incl. MACD acceleration,Below Lower,No Trend,Bearish,Yes,No,Breakout Down,2.96,Very Low,Stable,-7.94,Confirmed,"Very Low volatility, squeeze confirmed - expansion pending",Coiled - low vol squeeze,Normal,Falling,Weak Down,-0.4747,Distribution,36.1355,Neutral,,,,,,,,,,,,,
2022-12-19,879.5,893.7000122070312,879.5,884.4000244140625,16679,912.1987,,,11.37,Strong Bear,Downtrend,Hold,Range,Bearish,24.27,Strong Bear,Mixed,"Range with bearish lean - ADX no trend, direction not confirmed",3.85,"Underperforming, weakening",Lags both,39.0085,Neutral,-11.2051,-9.6676,bearish fading,Oversold,-2.9252,-0.6593,thin,23.22,Negative accelerating,34.01,Bearish,Bearish confirmed,None,Bearish - all 4 components agree incl. MACD acceleration,Lower Half,No Trend,Bearish,Yes,No,Inside,3.28,Very Low,Stable,-6.5,Confirmed,"Very Low volatility, squeeze confirmed - expansion pending",Coiled - low vol squeeze,Dry-up,Falling,Weak Up,-0.4443,Distribution,35.1379,Neutral,,,,,,,,,,,,,
2022-12-20,894.7000122070312,894.7000122070312,884.0499877929688,886.2000122070312,56490,911.1791,,,11.72,Strong Bear,Downtrend,Hold,Range,Bearish,24.79,Strong Bear,Mixed,"Range with bearish lean - ADX no trend, direction not confirmed",12.87,"Underperforming, weakening",Lags both,40.0826,Neutral,-11.0522,-9.9445,bearish fading,Oversold,-3.031,-0.6723,thin,28.96,Negative fading,36.78,Bearish,Bearish majority,None,Bearish - price momentum agrees but MACD shows deceleration,Lower Half,No Trend,Bearish,Yes,No,Inside,0.84,Very Low,Stable,-8.95,Confirmed,"Very Low volatility, squeeze confirmed - expansion pending",Coiled - low vol squeeze,Normal,Falling,Confirmed Up,-0.4211,Distribution,40.6636,Neutral,,,,,,,,,,,,,
2022-12-21,892.8499755859375,901.5499877929688,858.0,871.2999877929688,91282,909.6153,,,9.33,Strong Bear,Downtrend,Hold,Range,Bearish,23.18,Strong Bear,Bearish confirmed,"Range with bearish lean - ADX no trend, direction not confirmed",18.88,"Underperforming, weakening",Lags both,34.6438,Neutral,-11.9951,-10.3547,bearish accelerating,Oversold,-4.7187,-0.9349,thin,29.4,Negative fading,35.1,Bearish,Bearish confirmed,None,Bearish - all 4 components agree incl. MACD acceleration,Below Lower,No Trend,Bearish,Yes,No,Breakout Down,3.0,Very Low,Stable,-6.8,Confirmed,"Very Low volatility, squeeze confirmed - expansion pending",Coiled - low vol squeeze,High,Falling,Confirmed Down,-0.472,Distribution,30.3603,Neutral,,,,,,,,,,,,,
2022-12-22,874.0499877929688,883.4500122070312,845.25,858.5,42190,907.6107,,,7.44,Strong Bear,Downtrend,Hold,Range,Bearish,21.48,Strong Bear,Bearish confirmed,"Range with bearish lean - ADX no trend, direction not confirmed",16.85,"Underperforming, weakening",Lags both,30.78,Neutral,-13.6182,-11.0074,bearish accelerating,Oversold,-4.8595,-0.9503,thin,28.09,Negative accelerating,32.39,Bearish,Bearish confirmed,None,Bearish - all 4 components agree incl. MACD acceleration,Below Lower,No Trend,Bearish,Yes,No,Near Lower,6.03,Very Low,Stable,-3.22,Confirmed,"Very Low volatility, squeeze confirmed - expansion pending",Coiled - low vol squeeze,Normal,Falling,Confirmed Down,-0.4509,Distribution,29.0681,Neutral,,,,,,,,,,,,,
2022-12-23,840.0,853.9000244140625,810.0,818.3499755859375,57158,904.1103,,,1.72,Strong Bear,Downtrend,Hold,Range,Bearish,17.96,Strong Bear,Bearish confirmed,"Range with bearish lean - ADX no trend, direction not confirmed",7.59,"Underperforming, weakening",Lags both,22.357,Oversold,-17.9375,-12.3934,bearish accelerating,Oversold,-9.3341,-1.6417,thin,18.08,Negative accelerating,23.2,Strong Bearish,Bearish confirmed,None,Strong Bearish but oversold on RSI and Stochastic - stretched,Below Lower,No Trend,Bearish,Yes,Yes,Breakout Down,14.36,Very Low,Stable,5.1,No,"Very Low volatility, stable",Low vol - tight stops,Normal,Falling,Confirmed Down,-0.4588,Distribution,21.6064,Neutral,,,,,,,,,,,,,
2022-12-26,834.7000122070312,848.6500244140625,815.1500244140625,835.2000122070312,32377,901.4079,,,4.74,Strong Bear,Downtrend,Hold,Range,Bearish,17.61,Strong Bear,Bearish confirmed,"Range with bearish lean - ADX emerging, direction not confirmed",11.81,"Underperforming, weakening",Lags both,30.9029,Neutral,-19.7731,-13.8693,bearish accelerating,Oversold,-6.3362,-1.1552,thin,27.38,Negative fading,28.37,Strong Bearish,Bearish confirmed,None,Strong Bearish - all 4 components agree incl. MACD acceleration,Below Lower,Emerging,Bearish,Yes,Yes,Inside,20.68,Low,Stable,11.41,No,"Low volatility, stable",Low vol - tight stops,Normal,Falling,Weak Up,-0.4042,Distribution,22.607,Neutral,,,,,,,,,,,,,
2022-12-27,851.9000244140625,851.9000244140625,829.0,841.4500122070312,26244,899.0567,,,6.46,Strong Bear,Downtrend,Hold,Range,Bearish,17.05,Strong Bear,Bearish confirmed,"Range with bearish lean - ADX emerging, direction not confirmed",18.75,"Underperforming, weakening",Lags both,33.8129,Neutral,-20.4872,-15.1929,bearish fading,Oversold,-5.3647,-0.9936,thin,38.12,Negative fading,33.66,Bearish,Bearish confirmed,None,Bearish - all 4 components agree incl. MACD acceleration,Lower Half,Emerging,Bearish,Yes,Yes,Inside,23.04,Low,Stable,16.57,No,"Low volatility, stable",Low vol - tight stops,Normal,Falling,Weak Up,-0.4006,Distribution,27.1965,Neutral,,,,,,,,,,,,,
2022-12-28,849.7999877929688,850.3499755859375,831.5499877929688,843.5,34064,896.878,,,7.31,Strong Bear,Downtrend,Hold,Range,Bearish,16.27,Strong Bear,Bearish confirmed,"Strong Bear - all 4 components agree, trending ADX",18.67,"Underperforming, weakening",Lags both,34.7831,Neutral,-20.6498,-16.2843,bearish fading,Neutral,-5.1768,-0.9569,thin,38.05,Negative accelerating,35.92,Bearish,Bearish confirmed,None,Bearish - all 4 components agree incl. MACD acceleration,Lower Half,Trending,Bearish,Yes,Yes,Inside,24.56,Low,Stable,17.51,No,"Low volatility, stable",Low vol - tight stops,Normal,Falling,Weak Up,-0.3806,Distribution,36.447,Neutral,,,,,,,,,,,,,
2022-12-29,842.0,843.0,831.9500122070312,840.25,17490,894.6573,,,7.23,Strong Bear,Downtrend,Hold,Range,Bearish,15.24,Strong Bear,Bearish confirmed,"Strong Bear - all 4 components agree, trending ADX",9.78,"Underperforming, weakening",Lags both,33.9338,Neutral,-20.801,-17.1876,bearish fading,Neutral,-5.2813,-0.9664,thin,33.63,Negative accelerating,35.53,Bearish,Bearish confirmed,None,Bearish - all 4 components agree incl. MACD acceleration,Lower Half,Trending,Bearish,Yes,Yes,Inside,24.69,Low,Stable,18.4,No,"Low volatility, stable",Low vol - tight stops,Normal,Falling,Weak Down,-0.3702,Distribution,37.6052,Neutral,,,,,,,,,,,,,
2022-12-30,847.7000122070312,852.0,835.0,839.1500244140625,22444,892.4805,,,7.49,Strong Bear,Downtrend,Hold,Downtrend (LH+LL),Bearish,4.86,Strong Bear,Bearish confirmed,"Strong Bear - all 4 components agree, trending ADX",10.73,"Underperforming, weakening",Lags both,33.6345,Neutral,-20.7702,-17.9042,bearish fading,Neutral,-4.5878,-0.8509,thin,33.89,Negative fading,36.46,Bearish,Bearish confirmed,None,Bearish - all 4 components agree incl. MACD acceleration,Lower Half,Trending,Bearish,Yes,Yes,Inside,24.43,Low,Expanding,21.47,No,Squeeze releasing - expanding 6 bars after compression,Low vol - tight stops,Normal,Falling,Weak Down,-0.3764,Distribution,43.4081,Neutral,,,,,,,,,,,,,
2023-01-02,849.0,858.0499877929688,840.0,848.0999755859375,20419,890.7401,,,9.31,Strong Bear,Downtrend,Hold,Downtrend (LH+LL),Bearish,5.35,Strong Bear,Bearish confirmed,"Strong Bear - all 4 components agree, trending ADX",16.1,"Underperforming, weakening",Lags both,38.3958,Neutral,-19.7955,-18.2824,bearish fading,Neutral,-4.1045,-0.7696,thin,35.78,Negative fading,40.41,Bearish,Bearish confirmed,None,Bearish - all 4 components agree incl. MACD acceleration,Lower Half,Trending,Bearish,Yes,Yes,Inside,23.39,Low,Expanding,20.11,No,Squeeze releasing - expanding 7 bars after compression,Low vol - tight stops,Normal,Falling,Weak Up,-0.3618,Distribution,47.9751,Neutral,,,,,,,,,,,,,
2023-01-03,847.0,853.0,843.0499877929688,849.8499755859375,78968,889.1366,,,9.87,Strong Bear,Downtrend,Hold,Downtrend (LH+LL),Bearish,5.42,Strong Bear,Bearish confirmed,"Strong Bear - all 4 components agree, trending ADX",13.06,"Underperforming, weakening",Lags both,39.3127,Neutral,-18.6666,-18.3592,bearish fading,Neutral,-4.1018,-0.7647,thin,36.38,Negative fading,42.78,Neutral,Bearish majority,None,Neutral - price momentum agrees but MACD shows deceleration,Lower Half,Trending,Bearish,Yes,Yes,Inside,19.15,Very Low,Stable,18.31,No,"Very Low volatility, stable",Low vol - tight stops,High,Falling,Confirmed Up,-0.2838,Distribution,39.0764,Neutral,,,,,,,,,,,,,
2023-01-04,856.0,856.0,838.0499877929688,845.0499877929688,17487,887.4077,,,10.73,Strong Bear,Downtrend,Hold,Downtrend (LH+LL),Bearish,5.46,Strong Bear,Bearish confirmed,"Strong Bear - all 4 components agree, trending ADX",17.37,"Underperforming, weakening",Lags both,37.6572,Neutral,-17.9523,-18.2779,Bullish crossover,Neutral,-3.0127,-0.5883,thin,32.79,Negative accelerating,42.19,Neutral,Bearish majority,None,Neutral - price momentum agrees but MACD shows deceleration,Lower Half,Trending,Bearish,Yes,Yes,Inside,16.75,Very Low,Stable,13.75,No,"Very Low volatility, stable",Low vol - tight stops,Dry-up,Falling,Weak Down,-0.2848,Distribution,39.0588,Neutral,,,,,,,,,,,,,
2023-01-05,846.0,855.0999755859375,840.7999877929688,848.5,12424,885.8819,,,13.7,Strong Bear,Downtrend,Hold,Downtrend (LH+LL),Bearish,6.27,Strong Bear,Bearish confirmed,"Strong Bear - all 4 components agree, trending ADX",5.3,"Underperforming, weakening",Lags both,39.6251,Neutral,-16.9129,-18.0049,bearish accelerating,Neutral,-1.1648,-0.2921,thin,21.86,Negative accelerating,40.39,Bearish,Bearish majority,None,Bearish - price momentum agrees but MACD shows deceleration,Lower Half,Trending,Bearish,Yes,No,Inside,14.25,Very Low,Stable,8.22,No,"Very Low volatility, stable",Low vol - tight stops,Dry-up,Falling,Weak Up,-0.2278,Distribution,42.13,Neutral,,,,,,,,,,,,,
2023-01-06,854.0,854.0,840.0999755859375,842.25,583622,884.1708,,,13.84,Strong Bear,Downtrend,Hold,Downtrend (LH+LL),Bearish,6.07,Strong Bear,Bearish confirmed,"Strong Bear - all 4 components agree, trending ADX",9.29,"Underperforming, weakening",Lags both,37.3265,Neutral,-16.4043,-17.6847,bearish accelerating,Neutral,2.9205,0.3609,thin,23.72,Negative fading,40.12,Bearish,Bearish majority,None,Bearish - price momentum agrees but MACD shows deceleration,Lower Half,Trending,Bearish,Yes,No,Inside,12.39,Very Low,Stable,-1.97,No,"Very Low volatility, stable",Low vol - tight stops,High,Falling,Confirmed Down,-0.4469,Distribution,18.815,Oversold,,,,,,,,,,,,,
2023-01-09,862.4000244140625,914.0,850.1500244140625,881.1500244140625,117340,884.0524,,,25.58,Bear,Downtrend,Hold,Downtrend (LH+LL),Bearish,34.11,Bear,Bearish majority,"Bear - majority agree, 1 dissenting, trending ADX",9.75,"Underperforming, weakening",Lags both,54.8731,Neutral,-12.7158,-16.691,bearish accelerating,Neutral,5.5017,0.7714,thin,27.78,Negative fading,50.53,Neutral,Mixed,Bullish divergence,Neutral - bullish divergence vs price over 21 bars,Upper Half,Trending,Bullish,Yes,No,Inside,16.23,Very Low,Stable,-4.45,No,"Very Low volatility, stable",Low vol - tight stops,Normal,Rising,Confirmed Up,-0.3994,Distribution,23.2222,Neutral,,,,,,,,,,,,,
2023-01-10,884.8499755859375,887.0,861.0999755859375,863.2000122070312,19949,883.2346,,,23.51,Bear,Downtrend,Hold,Downtrend (LH+LL),Bearish,28.86,Bear,Bearish majority,"Bear - majority agree, 1 dissenting, trending ADX",10.22,"Underperforming, weakening",Lags both,48.1712,Neutral,-11.113,-15.5754,bearish accelerating,Neutral,2.5848,0.3007,thin,29.13,Negative fading,49.68,Neutral,Mixed,Bullish divergence,Neutral - bullish divergence vs price over 21 bars,Upper Half,Trending,Bullish,No,No,Inside,17.14,Very Low,Stable,-5.9,No,"Very Low volatility, stable",Low vol - tight stops,Dry-up,Rising,Weak Down,-0.4117,Distribution,24.8064,Neutral,,,,,,,,,,,,,
2023-01-11,867.4500122070312,883.0,864.9000244140625,866.5,16296,882.5784,,,25.42,Bear,Downtrend,Hold,Downtrend (LH+LL),Bearish,29.92,Bear,Bearish majority,"Bear - majority agree, 1 dissenting, trending ADX",18.24,"Underperforming, improving",Lags both,49.3949,Neutral,-9.4673,-14.3538,bearish accelerating,Neutral,2.7267,0.3224,thin,33.61,Negative fading,52.47,Neutral,Mixed,Bullish divergence,Neutral - bullish divergence vs price over 21 bars,Upper Half,Trending,Bullish,No,No,Inside,15.23,Very Low,Stable,-9.33,No,"Very Low volatility, stable",Low vol - tight stops,Dry-up,Rising,Weak Up,-0.4117,Distribution,27.0038,Neutral,,,,,,,,,,,,,
2023-01-12,867.4500122070312,872.0,856.2999877929688,859.9500122070312,12984,881.691,,,24.6,Bear,Downtrend,Hold,Downtrend (LH+LL),Bearish,27.45,Bear,Bearish majority,"Bear - majority agree, 1 dissenting, trending ADX",13.83,"Underperforming, improving",Lags both,47.0218,Neutral,-8.5926,-13.2015,bearish fading,Neutral,2.3445,0.2595,thin,30.98,Negative accelerating,49.76,Neutral,Mixed,Bullish divergence,Neutral - bullish divergence vs price over 21 bars,Upper Half,Trending,Bullish,No,No,Inside,12.92,Very Low,Stable,-11.77,No,"Very Low volatility, stable",Low vol - tight stops,Dry-up,Rising,Weak Down,-0.4108,Distribution,28.1363,Neutral,,,,,,,,,,,,,
2023-01-13,870.0,873.5499877929688,858.0,864.2999877929688,12552,881.009,,,27.12,Bear,Downtrend,Hold,Downtrend (LH+LL),Bearish,28.75,Bear,Bearish majority,"Bear - majority agree, 1 dissenting, trending ADX",15.98,"Underperforming, weakening",Lags both,48.7817,Neutral,-7.4623,-12.0537,bearish fading,Neutral,2.9971,0.3642,thin,31.76,Negative fading,50.07,Neutral,Bearish majority,Bullish divergence,Neutral - bullish divergence vs price over 21 bars,Upper Half,Trending,Bullish,No,No,Inside,11.53,Very Low,Stable,-12.91,No,"Very Low volatility, stable",Low vol - tight stops,Dry-up,Rising,Weak Up,-0.4109,Distribution,26.7655,Neutral,,,,,,,,,,,,,
2023-01-16,869.2999877929688,899.0,864.0,888.75,41838,881.3125,,,46.73,Neutral,Downtrend,Hold,Downtrend (LH+LL),Bearish,41.37,Neutral,Bearish majority,"Neutral - majority agree, 1 dissenting, trending ADX",26.0,"Underperforming, improving",Lags both,57.3563,Neutral,-4.5413,-10.5512,bearish accelerating,Neutral,4.7931,0.6537,thin,37.54,Negative fading,56.09,Neutral,Bullish majority,None,"Neutral - majority agree, 1 dissenting",At Upper,Trending,Bullish,No,No,Inside,13.11,Very Low,Stable,-10.28,No,"Very Low volatility, stable",Low vol - tight stops,Normal,Rising,Weak Up,-0.3859,Distribution,28.0365,Neutral,,,,,,,,,,,,,
2023-01-17,889.9000244140625,889.9000244140625,868.0,869.7000122070312,15347,880.8572,,,44.4,Neutral,Downtrend,Hold,Downtrend (LH+LL),Bearish,36.31,Bear,Bearish majority,"Bear - majority agree, 1 dissenting, trending ADX",21.75,"Underperforming, improving",Lags both,50.2917,Neutral,-3.7207,-9.1851,bearish fading,Neutral,2.3357,0.2515,thin,33.88,Negative accelerating,52.41,Neutral,Bullish majority,Bullish divergence,Neutral - bullish divergence vs price over 21 bars,Upper Half,Trending,Bullish,No,Yes,Inside,13.08,Very Low,Stable,-6.07,Partial,"Very Low volatility, stable",Low vol - tight stops,Dry-up,Rising,Weak Down,-0.3821,Distribution,25.1457,Neutral,,,,,,,,,,,,,
2023-01-18,868.0,886.4500122070312,868.0,870.9500122070312,13696,880.4686,,,45.92,Neutral,Downtrend,Hold,Downtrend (LH+LL),Bearish,37.25,Bear,Bearish majority,"Bear - majority agree, 1 dissenting, trending ADX",21.99,"Underperforming, weakening",Lags both,50.7206,Neutral,-2.9356,-7.9352,bearish fading,Neutral,3.0649,0.3695,thin,35.05,Negative fading,52.61,Neutral,Bullish majority,Bullish divergence,Neutral - bullish divergence vs price over 21 bars,Upper Half,Trending,Bullish,No,Yes,Inside,12.2,Very Low,Stable,-4.55,No,"Very Low volatility, stable",Low vol - tight stops,Dry-up,Rising,Weak Up,-0.385,Distribution,25.2257,Neutral,,,,,,,,,,,,,
2023-01-19,869.0499877929688,877.5499877929688,861.0499877929688,873.9500122070312,73930,880.213,,,47.56,Neutral,Downtrend,Hold,Downtrend (LH+LL),Bearish,38.3,Bear,Bearish majority,"Bear - majority agree, 1 dissenting, trending ADX",23.92,"Underperforming, improving",Lags both,51.7957,Neutral,-2.0478,-6.7577,bearish fading,Neutral,2.9994,0.3574,thin,35.33,Negative fading,51.83,Neutral,Mixed,None,"Neutral - components mixed, low conviction",Upper Half,Trending,Bullish,No,Yes,Inside,11.57,Very Low,Stable,-2.68,No,"Very Low volatility, stable",Low vol - tight stops,Normal,Rising,Confirmed Up,-0.3305,Distribution,21.8015,Neutral,,,,,,,,,,,,,
2023-01-20,874.9000244140625,907.0,861.0,894.9000244140625,133911,880.789,,,53.29,Neutral,Downtrend,Hold,Downtrend (LH+LL),Bearish,45.64,Neutral,Mixed,"Neutral - components mixed, low conviction",26.23,"Underperforming, improving",Lags both,58.5895,Neutral,0.3424,-5.3377,bullish accelerating,Neutral,6.2511,0.888,thin,36.12,Negative fading,56.03,Neutral,Bullish majority,None,"Neutral - majority agree, 1 dissenting",Above Upper,Trending,Bullish,Yes,Yes,Inside,15.34,Very Low,Stable,2.95,Partial,"Very Low volatility, stable",Low vol - tight stops,High,Rising,Confirmed Up,-0.2352,Distribution,29.8335,Neutral,2 - Advancing,early,40.0,1.0,,,STAND ASIDE,50.0,0.0,Stage unclear,2 - Advancing but stage confidence only 40 - regime not established,,
2023-01-23,904.4000244140624,971.0,900.4500122070312,929.3499755859376,238931,882.6933,,,72.83,Bull,Uptrend,Buy,Downtrend (LH+LL),Bearish,68.85,Bull,Bullish majority,"Bull - majority agree, 1 dissenting, trending ADX",28.01,"Underperforming, improving",Lags both,66.8606,Neutral,4.9593,-3.2783,bullish accelerating,Neutral,5.4701,0.7552,thin,36.79,Negative fading,61.37,Bullish,Bullish majority,None,"Bullish - majority agree, 1 dissenting",Above Upper,Trending,Bullish,Yes,Yes,Breakout Up,25.27,Low,Stable,9.04,No,"Low volatility, stable",Low vol - tight stops,High,Rising,Confirmed Up,-0.2358,Distribution,45.2549,Neutral,2 - Advancing,early,64.0,2.0,,,ENTER SMALL,65.09,3.0,Volume,"2 - Advancing, trend 69 long confirmed but money flow disagrees - reduce size, breakouts without volume fail more often",,
2023-01-24,935.2999877929688,935.2999877929688,902.2000122070312,906.4500122070312,33025,883.625,,,69.03,Bull,Uptrend,Hold,Downtrend (LH+LL),Bearish,68.77,Bull,Bullish majority,"Bull - majority agree, 1 dissenting, trending ADX",19.12,"Underperforming, improving",Lags both,58.4966,Neutral,6.6932,-1.284,bullish fading,Neutral,5.0104,0.6761,thin,30.53,Negative accelerating,56.87,Neutral,Bullish majority,None,"Neutral - majority agree, 1 dissenting",Upper Half,Trending,Bullish,Yes,Yes,Inside,35.86,Low,Stable,18.72,No,"Low volatility, stable",Normal vol,Dry-up,Rising,Weak Down,-0.2525,Distribution,44.6539,Neutral,2 - Advancing,early,64.0,3.0,,,ENTER SMALL,61.31,3.0,Volume,"2 - Advancing, trend 69 long confirmed but participation is thin - reduce size, breakouts without volume fail more often",,
2023-01-25,907.0,910.0,890.0999755859375,894.0499877929688,24179,884.0338,,,67.28,Bull,Uptrend,Hold,Downtrend (LH+LL),Bearish,67.97,Bull,Bullish majority,"Bull - majority agree, 1 dissenting, trending ADX",30.35,"Underperforming, improving",Lags both,54.5195,Neutral,6.9862,0.3701,bullish fading,Neutral,3.1795,0.3717,thin,36.03,Negative fading,54.98,Neutral,Bullish majority,None,"Neutral - majority agree, 1 dissenting",Upper Half,Trending,Bullish,Yes,Yes,Inside,34.5,Low,Stable,19.27,No,"Low volatility, stable",Low vol - tight stops,Dry-up,Rising,Weak Down,-0.27,Distribution,43.328,Neutral,2 - Advancing,early,64.0,4.0,,,ENTER SMALL,60.38,3.0,Volume,"2 - Advancing, trend 68 long confirmed but participation is thin - reduce size, breakouts without volume fail more often",,
2023-01-27,896.9500122070312,913.2000122070312,872.5999755859375,877.5,29059,883.7776,,,64.98,Bull,Uptrend,Hold,Downtrend (LH+LL),Bearish,63.09,Bull,Bullish majority,"Bull - majority agree, 1 dissenting, trending ADX",32.02,"Underperforming, improving",Lags both,49.666,Neutral,5.816,1.4592,bullish fading,Neutral,2.0408,0.1822,thin,33.57,Negative accelerating,49.0,Neutral,Bearish majority,None,Neutral - price momentum agrees but MACD shows deceleration,Upper Half,Trending,Bullish,Yes,Yes,Inside,36.83,Low,Expanding,23.91,No,"Low volatility, expanding - range widening",Normal vol,Dry-up,Rising,Weak Down,-0.2882,Distribution,72.1273,Neutral,2 - Advancing,early,64.0,5.0,,,ENTER SMALL,56.39,3.0,Volume,"2 - Advancing, trend 63 long confirmed but participation is thin - reduce size, breakouts without volume fail more often",,
2023-01-30,887.4500122070312,899.0,857.4000244140625,895.0499877929688,37319,884.2196,,,68.46,Bull,Uptrend,Hold,Downtrend (LH+LL),Bearish,68.58,Bull,Bullish majority,"Bull - majority agree, 1 dissenting, trending ADX",36.62,"Underperforming, improving",Lags both,54.3109,Neutral,6.2328,2.414,bullish fading,Neutral,3.5578,0.433,thin,35.26,Negative fading,49.68,Neutral,Mixed,None,"Neutral - components mixed, low conviction",Upper Half,Trending,Bullish,Yes,Yes,Inside,36.24,Low,Expanding,24.71,Partial,"Low volatility, expanding - range widening",Normal vol,Dry-up,Rising,Weak Up,-0.2582,Distribution,63.8138,Neutral,2 - Advancing,early,64.0,6.0,,,ENTER SMALL,60.27,3.0,Volume,"2 - Advancing, trend 69 long confirmed but participation is thin - reduce size, breakouts without volume fail more often",2 - Advancing but stage confidence only 40 - regime not established,
2023-01-31,896.0,896.3499755859375,885.0499877929688,890.5499877929688,13594,884.4679,,,64.98,Bull,Uptrend,Hold,Range,Bullish,75.87,Strong Bull,Bullish confirmed,"Strong Bull - all 4 components agree, trending ADX",39.71,"Underperforming, improving",Lags both,52.9613,Neutral,6.1294,3.1571,bullish fading,Neutral,0.2025,-0.1266,thin,36.44,Negative fading,48.3,Neutral,Mixed,None,"Neutral - components mixed, low conviction",Upper Half,Trending,Bullish,Yes,Yes,Inside,31.86,Low,Stable,18.75,No,"Low volatility, stable",Normal vol,Dry-up,Rising,Weak Down,-0.2582,Distribution,66.2767,Neutral,2 - Advancing,early,64.0,7.0,,,ENTER SMALL,61.93,3.0,Volume,"2 - Advancing, trend 76 long confirmed but participation is thin - reduce size, breakouts without volume fail more often","2 - Advancing, trend 69 long confirmed but money flow disagrees - reduce size, breakouts without volume fail more often",
2023-02-01,895.0,907.75,873.0999755859375,879.0999755859375,33071,884.2574,,,58.87,Neutral,Uptrend,Hold,Range,Bullish,70.19,Bull,Bullish confirmed,"Bull - all 4 components agree, trending ADX",36.52,"Underperforming, improving",Lags both,49.5851,Neutral,5.0652,3.5387,bullish fading,Neutral,1.0808,0.0204,thin,34.06,Negative accelerating,44.89,Neutral,Bearish majority,None,Neutral - price momentum agrees but MACD shows deceleration,Upper Half,Trending,Bullish,No,Yes,Inside,32.29,Low,Stable,19.22,Partial,"Low volatility, stable",Normal vol,Dry-up,Rising,Weak Down,-0.3004,Distribution,62.509,Neutral,2 - Advancing,early,64.0,8.0,,,ENTER SMALL,58.35,3.0,Volume,"2 - Advancing, trend 70 long confirmed but participation is thin - reduce size, breakouts without volume fail more often","2 - Advancing, trend 69 long confirmed but participation is thin - reduce size, breakouts without volume fail more often",
2023-02-02,879.9500122070312,893.3499755859375,871.0,875.0999755859375,28277,883.8982,,,56.21,Neutral,Uptrend,Hold,Range,Bullish,67.55,Bull,Bullish confirmed,"Bull - all 4 components agree, trending ADX",36.79,"Underperforming, improving",Lags both,48.4237,Neutral,3.8545,3.6018,bullish fading,Neutral,0.4765,-0.0808,thin,34.53,Negative fading,42.5,Neutral,Bearish majority,Bearish divergence,Neutral - bearish divergence vs price over 21 bars,Lower Half,Trending,Bullish,No,Yes,Inside,30.08,Low,Stable,17.88,Partial,"Low volatility, stable",Normal vol,Dry-up,Rising,Weak Down,-0.3076,Distribution,61.207,Neutral,2 - Advancing,early,64.0,9.0,,,HOLD / TIGHTEN STOP,56.45,2.0,Momentum divergence,"2 - Advancing, trend 68 long but momentum diverging - trend tiring, tighten stop","2 - Advancing, trend 68 long confirmed but participation is thin - reduce size, breakouts without volume fail more often",
2023-02-03,882.9500122070312,885.2999877929688,868.0499877929688,871.1500244140625,21049,883.3983,,,42.56,Neutral,Uptrend,Hold,Range,Bullish,61.03,Bull,Mixed,"Bull - components mixed, low conviction",34.34,"Underperforming, improving",Lags both,47.2468,Neutral,2.547,3.3909,Bearish crossover,Oversold,-0.3204,-0.2144,thin,34.57,Negative fading,40.17,Bearish,Bearish confirmed,Bearish divergence,Bearish - bearish divergence vs price over 21 bars,Lower Half,Trending,Bullish,No,Yes,Inside,25.93,Low,Stable,14.37,Partial,"Low volatility, stable",Normal vol,Dry-up,Rising,Weak Down,-0.3155,Distribution,58.8755,Neutral,2 - Advancing,early,40.0,10.0,,,STAND ASIDE,50.0,0.0,Stage unclear,2 - Advancing but stage confidence only 40 - regime not established,"2 - Advancing, trend 63 long confirmed but participation is thin - reduce size, breakouts without volume fail more often",
2023-02-06,875.9500122070312,887.25,872.0999755859375,873.6500244140625,15145,883.016,,,40.8,Neutral,Uptrend,Hold,Uptrend (HH+HL),Bullish,70.36,Bull,Bullish majority,"Bull - majority agree, 1 dissenting, trending ADX",38.68,"Underperforming, improving",Lags both,48.1064,Neutral,1.693,3.0513,bullish accelerating,Oversold,-2.3746,-0.5593,thin,36.13,Negative fading,40.07,Bearish,Bearish confirmed,Bearish divergence,Bearish - bearish divergence vs price over 21 bars,Lower Half,Trending,Bullish,No,Yes,Inside,21.83,Low,Stable,6.49,Confirmed,"Low volatility, squeeze confirmed - expansion pending",Coiled - low vol squeeze,Dry-up,Falling,Weak Up,-0.0882,Distribution,57.3544,Neutral,2 - Advancing,early,40.0,11.0,,,STAND ASIDE,50.0,0.0,Stage unclear,2 - Advancing but stage confidence only 40 - regime not established,"2 - Advancing, trend 69 long confirmed but participation is thin - reduce size, breakouts without volume fail more often",2 - Advancing but stage confidence only 40 - regime not established
2023-02-07,880.0,883.7000122070312,872.0999755859375,880.5999755859375,16005,882.9213,,,39.18,Bear,Uptrend,Hold,Uptrend (HH+HL),Bullish,70.89,Bull,Bullish majority,"Bull - majority agree, 1 dissenting, trending ADX",50.39,"Outperforming, strengthening",Leads both,50.5203,Neutral,1.559,2.7528,bullish fading,Oversold,-5.2456,-1.0389,thin,45.52,Negative fading,44.0,Neutral,Bearish majority,None,"Neutral - majority agree, 1 dissenting",Lower Half,Trending,Bullish,No,No,Inside,17.93,Very Low,Stable,-7.34,Confirmed,"Very Low volatility, squeeze confirmed - expansion pending",Coiled - low vol squeeze,Dry-up,Falling,Weak Up,-0.0859,Distribution,59.4926,Neutral,2 - Advancing,early,40.0,12.0,,,STAND ASIDE,50.0,0.0,Stage unclear,2 - Advancing but stage confidence only 40 - regime not established,"2 - Advancing, trend 76 long confirmed but participation is thin - reduce size, breakouts without volume fail more often","2 - Advancing, trend 69 long confirmed but money flow disagrees - reduce size, breakouts without volume fail more often"
2023-02-08,877.0,904.1500244140624,877.0,895.5999755859375,25850,883.4185,,,57.81,Neutral,Uptrend,Hold,Uptrend (HH+HL),Bullish,81.07,Strong Bull,Bullish confirmed,"Strong Bull - all 4 components agree, trending ADX",54.0,"Outperforming, strengthening",Leads both,55.3479,Neutral,2.6329,2.7288,bullish fading,Neutral,-1.197,-0.352,thin,51.46,Positive accelerating,49.39,Neutral,Bullish majority,Bearish divergence,Neutral - bearish divergence vs price over 21 bars,Upper Half,Trending,Bullish,No,No,Inside,17.75,Very Low,Stable,-18.11,Confirmed,"Very Low volatility, squeeze confirmed - expansion pending",Coiled - low vol squeeze,Normal,Falling,Weak Up,-0.0539,Distribution,62.0187,Neutral,2 - Advancing,early,64.0,13.0,,,HOLD / TIGHTEN STOP,65.8,2.0,Momentum divergence,"2 - Advancing, trend 81 long but momentum diverging - trend tiring, tighten stop","2 - Advancing, trend 70 long confirmed but participation is thin - reduce size, breakouts without volume fail more often","2 - Advancing, trend 69 long confirmed but participation is thin - reduce size, breakouts without volume fail more often"
2023-02-09,899.9500122070312,905.0,891.2999877929688,899.25,27714,884.0393,,,62.58,Bull,Uptrend,Hold,Uptrend (HH+HL),Bullish,82.91,Strong Bull,Bullish confirmed,"Strong Bull - all 4 components agree, trending ADX",61.06,"Outperforming, strengthening",Leads both,56.4611,Neutral,3.7354,2.9302,Bullish crossover,Neutral,0.5816,-0.0499,thin,53.88,Positive accelerating,52.4,Neutral,Bullish majority,None,"Neutral - majority agree, 1 dissenting",Upper Half,Trending,Bullish,No,No,Inside,14.56,Very Low,Stable,-19.94,Confirmed,"Very Low volatility, squeeze confirmed - expansion pending",Coiled - low vol squeeze,Normal,Falling,Weak Up,-0.0321,Neutral,70.0795,Neutral,3 - Topping,early,60.0,1.0,2 - Advancing,13.0,STAND ASIDE,50.0,0.0,Stage,3 - Topping - no new positions in a basing/topping stage,"2 - Advancing, trend 68 long but momentum diverging - trend tiring, tighten stop","2 - Advancing, trend 68 long confirmed but participation is thin - reduce size, breakouts without volume fail more often"
2023-02-10,909.6500244140624,909.6500244140624,890.0999755859375,898.8499755859375,19639,884.6201,,,67.2,Bull,Uptrend,Hold,Uptrend (HH+HL),Bullish,84.62,Strong Bull,Bullish confirmed,"Strong Bull - all 4 components agree, trending ADX",61.12,"Outperforming, strengthening",Leads both,56.2955,Neutral,4.5247,3.2491,bullish accelerating,Neutral,2.433,0.2646,thin,53.74,Positive fading,53.49,Neutral,Bullish majority,None,"Neutral - majority agree, 1 dissenting",Upper Half,Trending,Bullish,No,No,Inside,12.69,Very Low,Contracting,-24.14,Confirmed,"Very Low volatility, squeeze confirmed - expansion pending",Coiled - low vol squeeze,Dry-up,Falling,Weak Down,-0.0261,Neutral,64.1596,Neutral,3 - Topping,early,60.0,2.0,2 - Advancing,13.0,STAND ASIDE,50.0,0.0,Stage,3 - Topping - no new positions in a basing/topping stage,2 - Advancing but stage confidence only 40 - regime not established,"2 - Advancing, trend 63 long confirmed but participation is thin - reduce size, breakouts without volume fail more often"
2023-02-13,895.0,898.0,873.0,878.9500122070312,21050,884.3978,,,62.71,Bull,Uptrend,Hold,Uptrend (HH+HL),Bullish,78.17,Strong Bull,Bullish confirmed,"Range with bullish lean - ADX emerging, direction not confirmed",46.2,"Underperforming, improving",Leads NIFTY500 only,48.6491,Neutral,3.504,3.3001,bullish fading,Neutral,-1.7988,-0.4566,thin,40.08,Negative accelerating,45.6,Neutral,Bearish majority,Bearish divergence,Neutral - bearish divergence vs price over 21 bars,Lower Half,Emerging,Bullish,No,No,Inside,14.41,Very Low,Contracting,-21.82,Confirmed,"Very Low volatility, squeeze confirmed - expansion pending",Coiled - low vol squeeze,Dry-up,Falling,Weak Down,-0.0359,Neutral,34.2328,Neutral,3 - Topping,early,60.0,3.0,2 - Advancing,13.0,STAND ASIDE,50.0,0.0,Stage,3 - Topping - no new positions in a basing/topping stage,2 - Advancing but stage confidence only 40 - regime not established,"2 - Advancing, trend 69 long confirmed but participation is thin - reduce size, breakouts without volume fail more often"
2023-02-14,878.9500122070312,887.5499877929688,843.5,854.4000244140625,44285,883.2214,,,25.46,Bear,Uptrend,Hold,Uptrend (HH+HL),Bullish,48.68,Neutral,Mixed,"No clear trend - ADX emerging, price ranging",33.93,"Underperforming, weakening",Lags both,41.2122,Neutral,0.7061,2.7813,Bearish crossover,Neutral,-4.0593,-0.8393,thin,31.93,Negative accelerating,37.36,Bearish,Bearish confirmed,None,Bearish - all 4 components agree incl. MACD acceleration,At Lower,Emerging,Bearish,No,No,Breakout Down,20.75,Low,Stable,-11.11,Partial,"Low volatility, stable",Low vol - tight stops,Normal,Falling,Confirmed Down,-0.0817,Distribution,33.3677,Neutral,3 - Topping,early,20.0,4.0,2 - Advancing,13.0,STAND ASIDE,50.0,0.0,Stage unclear,3 - Topping but stage confidence only 20 - regime not established,2 - Advancing but stage confidence only 40 - regime not established,"2 - Advancing, trend 76 long confirmed but participation is thin - reduce size, breakouts without volume fail more often"
2023-02-15,854.9500122070312,870.0,854.4000244140625,860.8499755859375,17605,882.3441,,,20.81,Bear,Uptrend,Hold,Uptrend (HH+HL),Bullish,49.22,Neutral,Mixed,"No clear trend - ADX emerging, price ranging",31.94,"Underperforming, weakening",Lags both,43.6495,Neutral,-0.9796,2.0291,bearish accelerating,Neutral,-2.076,-0.4975,thin,31.98,Negative fading,36.57,Bearish,Bearish confirmed,None,Bearish - all 4 components agree incl. MACD acceleration,Lower Half,Emerging,Bearish,No,No,Inside,21.93,Low,Stable,-10.36,No,"Low volatility, stable",Low vol - tight stops,Dry-up,Falling,Weak Up,-0.07,Distribution,34.0755,Neutral,3 - Topping,early,20.0,5.0,2 - Advancing,13.0,STAND ASIDE,50.0,0.0,Stage unclear,3 - Topping but stage confidence only 20 - regime not established,"2 - Advancing, trend 81 long but momentum diverging - trend tiring, tighten stop","2 - Advancing, trend 70 long confirmed but participation is thin - reduce size, breakouts without volume fail more often"
2023-02-16,867.7000122070312,878.9500122070312,860.0,875.2999877929688,28921,882.0678,,,22.19,Bear,Uptrend,Hold,Uptrend (HH+HL),Bullish,54.1,Neutral,Mixed,"No clear trend - ADX emerging, price ranging",27.37,"Underperforming, improving",Lags both,48.7735,Neutral,-1.1364,1.396,bearish fading,Neutral,0.0229,-0.1366,thin,28.92,Negative accelerating,38.57,Bearish,Bearish confirmed,Bearish divergence,Bearish - bearish divergence vs price over 21 bars,Lower Half,Emerging,Bearish,No,No,Inside,20.06,Low,Stable,-10.01,No,"Low volatility, stable",Low vol - tight stops,Normal,Falling,Weak Up,-0.0381,Neutral,42.3286,Neutral,3 - Topping,early,20.0,6.0,2 - Advancing,13.0,STAND ASIDE,50.0,0.0,Stage unclear,3 - Topping but stage confidence only 20 - regime not established,3 - Topping - no new positions in a basing/topping stage,"2 - Advancing, trend 68 long but momentum diverging - trend tiring, tighten stop"
2023-02-17,884.9000244140625,905.0,874.0499877929688,899.9000244140625,45968,882.7671,,,41.84,Neutral,Uptrend,Hold,Range,Bullish,62.83,Bull,Mixed,"Range with bullish lean - ADX emerging, direction not confirmed",47.19,"Underperforming, improving",Leads NIFTY500 only,56.0932,Neutral,0.7161,1.26,bullish fading,Neutral,3.3002,0.4265,thin,45.38,Negative fading,50.87,Neutral,Bullish majority,Bearish divergence,Neutral - bearish divergence vs price over 21 bars,Upper Half,Emerging,Bullish,No,No,Inside,20.58,Low,Stable,-5.35,Partial,"Low volatility, stable",Low vol - tight stops,Normal,Falling,Confirmed Up,-0.0521,Distribution,54.2423,Neutral,3 - Topping,early,60.0,7.0,2 - Advancing,13.0,STAND ASIDE,50.0,0.0,Stage,3 - Topping - no new positions in a basing/topping stage,3 - Topping - no new positions in a basing/topping stage,2 - Advancing but stage confidence only 40 - regime not established
2023-02-20,907.0,913.75,888.0,900.2000122070312,25524,883.4508,,,60.56,Bull,Uptrend,Hold,Range,Bullish,69.32,Bull,Bullish confirmed,"Range with bullish lean - ADX emerging, direction not confirmed",49.79,"Underperforming, improving",Leads NIFTY500 only,56.1754,Neutral,2.1832,1.4447,Bullish crossover,Neutral,3.039,0.3801,thin,45.45,Negative fading,54.69,Neutral,Bullish majority,None,"Neutral - majority agree, 1 dissenting",Upper Half,Emerging,Bullish,No,No,Inside,21.38,Low,Stable,-0.45,No,"Low volatility, stable",Low vol - tight stops,Normal,Falling,Weak Up,-0.1465,Distribution,55.7659,Neutral,3 - Topping,early,60.0,8.0,2 - Advancing,13.0,STAND ASIDE,50.0,0.0,Stage,3 - Topping - no new positions in a basing/topping stage,3 - Topping - no new positions in a basing/topping stage,2 - Advancing but stage confidence only 40 - regime not established
2023-02-21,896.0,906.0,896.0,901.7999877929688,9923,884.1704,,,81.95,Strong Bull,Uptrend,Hold,Downtrend (LH+LL),Bearish,66.75,Bull,Bullish majority,"Range with bullish lean - ADX emerging, direction not confirmed",52.11,"Outperforming, strengthening",Leads both,56.6419,Neutral,3.4355,1.8428,bullish accelerating,Overbought,2.4075,0.2699,thin,46.87,Negative fading,57.65,Neutral,Bullish majority,None,"Neutral - majority agree, 1 dissenting",Upper Half,Emerging,Bullish,No,No,Inside,13.48,Very Low,Stable,-4.45,Confirmed,"Very Low volatility, squeeze confirmed - expansion pending",Coiled - low vol squeeze,Dry-up,Falling,Weak Up,-0.1248,Distribution,62.3939,Neutral,3 - Topping,early,20.0,9.0,2 - Advancing,13.0,STAND ASIDE,50.0,0.0,Stage unclear,3 - Topping but stage confidence only 20 - regime not established,3 - Topping but stage confidence only 20 - regime not established,2 - Advancing but stage confidence only 40 - regime not established
2023-02-22,901.0,901.0,875.0,880.9500122070312,18996,884.0441,,,64.37,Bull,Uptrend,Hold,Downtrend (LH+LL),Bearish,56.06,Neutral,Bullish majority,"No clear trend - ADX no trend, price ranging",53.97,"Outperforming, weakening",Leads both,49.2808,Neutral,2.7142,2.0171,bullish fading,Neutral,-1.6358,-0.4305,thin,43.12,Negative accelerating,51.97,Neutral,Mixed,None,"Neutral - components mixed, low conviction",Lower Half,No Trend,Bullish,No,No,Inside,9.85,Very Low,Stable,-7.9,Confirmed,"Very Low volatility, squeeze confirmed - expansion pending",Coiled - low vol squeeze,Normal,Falling,Weak Down,-0.1,Distribution,64.0784,Neutral,3 - Topping,mid,60.0,10.0,2 - Advancing,13.0,STAND ASIDE,50.0,0.0,Stage,3 - Topping - no new positions in a basing/topping stage,3 - Topping but stage confidence only 20 - regime not established,"2 - Advancing, trend 81 long but momentum diverging - trend tiring, tighten stop"
2023-02-23,897.0,900.0,880.0,880.75,14187,883.9149,,,63.09,Bull,Uptrend,Hold,Downtrend (LH+LL),Bearish,54.89,Neutral,Bullish majority,"No clear trend - ADX no trend, price ranging",57.09,"Outperforming, strengthening",Leads both,49.2147,Neutral,2.1022,2.0341,bullish fading,Neutral,-2.0573,-0.5021,thin,44.86,Negative fading,50.6,Neutral,Mixed,None,"Neutral - components mixed, low conviction",Lower Half,No Trend,Bullish,No,No,Inside,6.94,Very Low,Stable,-7.62,Confirmed,"Very Low volatility, squeeze confirmed - expansion pending",Coiled - low vol squeeze,Normal,Falling,Weak Down,-0.099,Distribution,69.6576,Neutral,2 - Advancing,early,64.0,1.0,3 - Topping,10.0,WAIT,53.18,1.0,Trend,"2 - Advancing, but trend score 55 does not confirm long - no directional edge",3 - Topping but stage confidence only 20 - regime not established,3 - Topping - no new positions in a basing/topping stage
2023-02-24,875.0,892.0999755859375,868.0999755859375,877.5,21660,883.6633,,,57.1,Neutral,Uptrend,Hold,Downtrend (LH+LL),Bearish,49.19,Neutral,Mixed,"No clear trend - ADX no trend, price ranging",60.31,"Outperforming, strengthening",Leads both,48.0865,Neutral,1.3395,1.8952,Bearish crossover,Neutral,-2.3753,-0.5554,thin,46.43,Negative fading,48.58,Neutral,Mixed,None,"Neutral - components mixed, low conviction",Lower Half,No Trend,Bearish,No,Yes,Inside,7.82,Very Low,Stable,-4.87,Confirmed,"Very Low volatility, squeeze confirmed - expansion pending",Coiled - low vol squeeze,Normal,Falling,Weak Down,-0.0648,Distribution,63.8576,Neutral,2 - Advancing,early,64.0,2.0,3 - Topping,10.0,WAIT,50.01,1.0,Trend,"2 - Advancing, but trend score 49 does not confirm long - no directional edge",3 - Topping - no new positions in a basing/topping stage,3 - Topping - no new positions in a basing/topping stage
2023-02-27,877.5,883.5,870.0,875.0499877929688,46282,883.3256,,,25.94,Bear,Uptrend,Hold,Downtrend (LH+LL),Bearish,38.17,Bear,Bearish majority,"Range with bearish lean - ADX no trend, direction not confirmed",59.42,"Outperforming, strengthening",Leads both,47.208,Neutral,0.5312,1.6224,bullish accelerating,Neutral,-0.4437,-0.2172,thin,44.37,Negative accelerating,46.7,Neutral,Bearish confirmed,None,Neutral - all 4 components agree incl. MACD acceleration,Lower Half,No Trend,Bearish,No,No,Inside,5.32,Very Low,Stable,-9.09,Confirmed,"Very Low volatility, squeeze confirmed - expansion pending",Coiled - low vol squeeze,Normal,Falling,Confirmed Down,-0.1483,Distribution,54.3183,Neutral,2 - Advancing,early,20.0,3.0,3 - Topping,10.0,STAND ASIDE,50.0,0.0,Stage unclear,2 - Advancing but stage confidence only 20 - regime not established,3 - Topping - no new positions in a basing/topping stage,3 - Topping - no new positions in a basing/topping stage
2023-02-28,880.0999755859375,884.5499877929688,872.5499877929688,874.7000122070312,9929,882.9873,,,23.46,Bear,Uptrend,Hold,Downtrend (LH+LL),Bearish,37.7,Bear,Bearish majority,"Range with bearish lean - ADX no trend, direction not confirmed",61.8,"Outperforming, weakening",Leads both,47.0756,Neutral,-0.136,1.2707,bearish accelerating,Neutral,2.3759,0.276,thin,43.94,Negative accelerating,45.8,Neutral,Bearish confirmed,None,Neutral - all 4 components agree incl. MACD acceleration,Lower Half,No Trend,Bearish,No,No,Inside,4.22,Very Low,Stable,-16.53,Confirmed,"Very Low volatility, squeeze confirmed - expansion pending",Coiled - low vol squeeze,Dry-up,Falling,Weak Down,-0.1616,Distribution,52.2057,Neutral,2 - Advancing,early,20.0,4.0,3 - Topping,10.0,STAND ASIDE,50.0,0.0,Stage unclear,2 - Advancing but stage confidence only 20 - regime not established,3 - Topping but stage confidence only 20 - regime not established,3 - Topping but stage confidence only 20 - regime not established
2023-03-01,882.0,882.5,865.0,873.4000244140625,11365,882.6113,,,23.85,Bear,Uptrend,Hold,Downtrend (LH+LL),Bearish,37.68,Bear,Mixed,"Range with bearish lean - ADX no trend, direction not confirmed",58.34,"Outperforming, weakening",Leads both,46.5537,Neutral,-0.761,0.8644,bearish accelerating,Neutral,1.4579,0.1144,thin,42.2,Negative accelerating,44.63,Neutral,Bearish confirmed,None,Neutral - all 4 components agree incl. MACD acceleration,Lower Half,No Trend,Bearish,No,No,Inside,4.03,Very Low,Stable,-17.9,Confirmed,"Very Low volatility, squeeze confirmed - expansion pending",Coiled - low vol squeeze,Dry-up,Falling,Weak Down,-0.124,Distribution,46.4225,Neutral,2 - Advancing,early,20.0,5.0,3 - Topping,10.0,STAND ASIDE,50.0,0.0,Stage unclear,2 - Advancing but stage confidence only 20 - regime not established,3 - Topping - no new positions in a basing/topping stage,3 - Topping but stage confidence only 20 - regime not established
2023-03-02,868.0,878.75,868.0,874.7000122070312,7018,882.3011,,,24.26,Bear,Uptrend,Hold,Downtrend (LH+LL),Bearish,38.15,Bear,Mixed,"Range with bearish lean - ADX no trend, direction not confirmed",59.34,"Outperforming, strengthening",Leads both,47.1843,Neutral,-1.1382,0.4639,bearish fading,Neutral,-0.0685,-0.1541,thin,42.77,Negative fading,45.0,Neutral,Bearish confirmed,Bullish divergence,Neutral - bullish divergence vs price over 21 bars,Lower Half,No Trend,Bearish,No,No,Inside,3.25,Very Low,Stable,-16.82,Partial,"Very Low volatility, stable",Coiled - low vol squeeze,Dry-up,Falling,Weak Up,-0.0861,Distribution,44.2458,Neutral,2 - Advancing,early,20.0,6.0,3 - Topping,10.0,STAND ASIDE,50.0,0.0,Stage unclear,2 - Advancing but stage confidence only 20 - regime not established,"2 - Advancing, but trend score 55 does not confirm long - no directional edge",3 - Topping but stage confidence only 20 - regime not established
2023-03-03,865.6500244140625,910.0,865.6500244140625,887.2999877929688,42514,882.4971,,,28.18,Bear,Uptrend,Hold,Downtrend (LH+LL),Bearish,42.62,Neutral,Mixed,"No clear trend - ADX no trend, price ranging",58.28,"Outperforming, strengthening",Leads both,52.976,Neutral,-0.4156,0.288,bearish fading,Neutral,-1.4002,-0.3881,thin,44.79,Negative fading,49.18,Neutral,Bearish majority,None,"Neutral - majority agree, 1 dissenting",Upper Half,No Trend,Bullish,No,No,Inside,5.79,Very Low,Stable,-14.79,Confirmed,"Very Low volatility, squeeze confirmed - expansion pending",Coiled - low vol squeeze,Normal,Falling,Confirmed Up,-0.0556,Distribution,53.904,Neutral,2 - Advancing,early,20.0,7.0,3 - Topping,10.0,STAND ASIDE,50.0,0.0,Stage unclear,2 - Advancing but stage confidence only 20 - regime not established,"2 - Advancing, but trend score 49 does not confirm long - no directional edge",3 - Topping - no new positions in a basing/topping stage
2023-03-06,889.0,897.9500122070312,867.2000122070312,874.5,36139,882.1835,,,25.22,Bear,Uptrend,Hold,Downtrend (LH+LL),Bearish,38.43,Bear,Mixed,"Range with bearish lean - ADX no trend, direction not confirmed",51.71,"Outperforming, strengthening",Leads both,47.3014,Neutral,-0.8659,0.0572,bearish accelerating,Neutral,-2.8549,-0.6432,thin,41.38,Negative accelerating,45.83,Neutral,Bearish confirmed,None,Neutral - all 4 components agree incl. MACD acceleration,Lower Half,No Trend,Bullish,No,No,Inside,8.17,Very Low,Stable,-13.21,Confirmed,"Very Low volatility, squeeze confirmed - expansion pending",Coiled - low vol squeeze,Normal,Falling,Confirmed Down,-0.0674,Distribution,55.0609,Neutral,2 - Advancing,early,20.0,8.0,3 - Topping,10.0,STAND ASIDE,50.0,0.0,Stage unclear,2 - Advancing but stage confidence only 20 - regime not established,2 - Advancing but stage confidence only 20 - regime not established,3 - Topping - no new positions in a basing/topping stage
2023-03-08,873.75,877.0999755859375,840.0,869.5499877929688,12193,881.6881,,,22.7,Bear,Uptrend,Hold,Downtrend (LH+LL),Bearish,36.33,Bear,Mixed,"Range with bearish lean - ADX no trend, direction not confirmed",48.58,"Underperforming, weakening",Leads NIFTY500 only,45.2813,Neutral,-1.6037,-0.275,bearish accelerating,Neutral,-3.5762,-0.7678,thin,40.18,Negative accelerating,44.19,Neutral,Bearish confirmed,Bullish divergence,Neutral - bullish divergence vs price over 21 bars,Lower Half,No Trend,Bearish,No,Yes,Inside,14.55,Very Low,Stable,1.07,Partial,"Very Low volatility, stable",Low vol - tight stops,Normal,Falling,Weak Down,-0.0683,Distribution,55.9393,Neutral,2 - Advancing,early,20.0,9.0,3 - Topping,10.0,STAND ASIDE,50.0,0.0,Stage unclear,2 - Advancing but stage confidence only 20 - regime not established,2 - Advancing but stage confidence only 20 - regime not established,3 - Topping but stage confidence only 20 - regime not established
2023-03-09,874.0,879.0,868.2999877929688,873.25,10989,881.3572,,,23.75,Bear,Uptrend,Hold,Downtrend (LH+LL),Bearish,37.61,Bear,Mixed,"Range with bearish lean - ADX no trend, direction not confirmed",55.64,"Outperforming, weakening",Leads both,47.0999,Neutral,-1.8682,-0.5936,bearish fading,Neutral,-0.8741,-0.2871,thin,43.55,Negative fading,45.12,Neutral,Bearish confirmed,Bullish divergence,Neutral - bullish divergence vs price over 21 bars,Lower Half,No Trend,Bearish,No,No,Inside,9.59,Very Low,Stable,-0.26,Confirmed,"Very Low volatility, squeeze confirmed - expansion pending",Coiled - low vol squeeze,Dry-up,Falling,Weak Up,-0.0925,Distribution,53.452,Neutral,2 - Advancing,early,20.0,10.0,3 - Topping,10.0,STAND ASIDE,50.0,0.0,Stage unclear,2 - Advancing but stage confidence only 20 - regime not established,2 - Advancing but stage confidence only 20 - regime not established,3 - Topping - no new positions in a basing/topping stage
2023-03-10,862.5999755859375,873.4000244140625,862.5999755859375,870.4500122070312,84001,880.9294,,,22.72,Bear,Uptrend,Hold,Downtrend (LH+LL),Bearish,36.56,Bear,Mixed,"Range with bearish lean - ADX no trend, direction not confirmed",55.74,"Outperforming, weakening",Leads both,45.8578,Neutral,-2.2776,-0.9304,bearish accelerating,Neutral,-1.1695,-0.3386,thin,42.88,Negative accelerating,44.76,Neutral,Bearish confirmed,None,Neutral - all 4 components agree incl. MACD acceleration,Lower Half,No Trend,Bearish,No,No,Inside,6.52,Very Low,Stable,-0.42,Confirmed,"Very Low volatility, squeeze confirmed - expansion pending",Coiled - low vol squeeze,High,Falling,Confirmed Down,-0.0189,Neutral,34.6032,Neutral,1 - Basing,early,20.0,1.0,2 - Advancing,10.0,STAND ASIDE,50.0,0.0,Stage unclear,1 - Basing but stage confidence only 20 - regime not established,2 - Advancing but stage confidence only 20 - regime not established,"2 - Advancing, but trend score 55 does not confirm long - no directional edge"
2023-03-13,871.0499877929688,871.0999755859375,848.8499755859375,859.5,20949,880.0891,,,16.57,Strong Bear,Uptrend,Hold,Downtrend (LH+LL),Bearish,31.71,Bear,Mixed,"Range with bearish lean - ADX no trend, direction not confirmed",59.12,"Outperforming, weakening",Leads both,41.2739,Neutral,-3.4459,-1.4335,bearish accelerating,Neutral,-2.0513,-0.4943,thin,42.78,Negative accelerating,42.04,Neutral,Bearish confirmed,None,Neutral - all 4 components agree incl. MACD acceleration,Lower Half,No Trend,Bearish,No,No,Inside,7.16,Very Low,Stable,-0.66,Confirmed,"Very Low volatility, squeeze confirmed - expansion pending",Coiled - low vol squeeze,Normal,Falling,Weak Down,-0.0167,Neutral,27.5929,Neutral,1 - Basing,early,20.0,2.0,2 - Advancing,10.0,STAND ASIDE,50.0,0.0,Stage unclear,1 - Basing but stage confidence only 20 - regime not established,2 - Advancing but stage confidence only 20 - regime not established,"2 - Advancing, but trend score 49 does not confirm long - no directional edge"
2023-03-14,867.9500122070312,868.2000122070312,850.0,856.5999755859375,15743,879.1679,,,14.96,Strong Bear,Uptrend,Hold,Downtrend (LH+LL),Bearish,30.43,Bear,Mixed,"Range with bearish lean - ADX no trend, direction not confirmed",61.87,"Outperforming, weakening",Leads both,40.1298,Neutral,-4.5533,-2.0575,bearish accelerating,Neutral,-2.1085,-0.5029,thin,42.68,Negative accelerating,40.22,Bearish,Bearish confirmed,None,Bearish - all 4 components agree incl. MACD acceleration,Lower Half,No Trend,Bearish,No,No,Inside,7.87,Very Low,Stable,2.55,Confirmed,"Very Low volatility, squeeze confirmed - expansion pending",Coiled - low vol squeeze,Normal,Falling,Weak Down,-0.0041,Neutral,24.2792,Neutral,1 - Basing,early,20.0,3.0,2 - Advancing,10.0,STAND ASIDE,50.0,0.0,Stage unclear,1 - Basing but stage confidence only 20 - regime not established,2 - Advancing but stage confidence only 20 - regime not established,2 - Advancing but stage confidence only 20 - regime not established
2023-03-15,860.0,872.0499877929688,856.6500244140625,862.2000122070312,10009,878.5025,,,15.81,Strong Bear,Uptrend,Hold,Downtrend (LH+LL),Bearish,32.11,Bear,Mixed,"Range with bearish lean - ADX no trend, direction not confirmed",64.93,"Outperforming, strengthening",Leads both,43.3929,Neutral,-4.9223,-2.6304,bearish fading,Neutral,-1.4291,-0.3799,thin,43.85,Negative fading,41.42,Bearish,Bearish confirmed,None,Bearish - all 4 components agree incl. MACD acceleration,Lower Half,No Trend,Bearish,No,No,Inside,5.14,Very Low,Stable,0.92,Confirmed,"Very Low volatility, squeeze confirmed - expansion pending",Coiled - low vol squeeze,Dry-up,Falling,Weak Up,0.0356,Neutral,27.8255,Neutral,1 - Basing,early,20.0,4.0,2 - Advancing,10.0,STAND ASIDE,50.0,0.0,Stage unclear,1 - Basing but stage confidence only 20 - regime not established,2 - Advancing but stage confidence only 20 - regime not established,2 - Advancing but stage confidence only 20 - regime not established
2023-03-16,854.0,869.4000244140625,854.0,862.7000122070312,13514,877.8828,,,16.05,Strong Bear,Uptrend,Hold,Downtrend (LH+LL),Bearish,32.32,Bear,Mixed,"Range with bearish lean - ADX no trend, direction not confirmed",62.53,"Outperforming, strengthening",Leads both,43.688,Neutral,-5.1154,-3.1274,bearish fading,Neutral,-1.2251,-0.3423,thin,44.5,Negative fading,42.28,Neutral,Bearish confirmed,None,Neutral - all 4 components agree incl. MACD acceleration,Lower Half,No Trend,Bearish,Yes,No,Inside,4.45,Very Low,Stable,0.42,Confirmed,"Very Low volatility, squeeze confirmed - expansion pending",Coiled - low vol squeeze,Normal,Falling,Weak Up,0.0458,Neutral,23.7015,Neutral,1 - Basing,early,20.0,5.0,2 - Advancing,10.0,STAND ASIDE,50.0,0.0,Stage unclear,1 - Basing but stage confidence only 20 - regime not established,2 - Advancing but stage confidence only 20 - regime not established,2 - Advancing but stage confidence only 20 - regime not established
2023-03-17,868.0,874.8499755859375,863.5999755859375,867.2000122070312,62360,877.4639,,,17.28,Strong Bear,Uptrend,Hold,Downtrend (LH+LL),Bearish,33.86,Bear,Mixed,"Range with bearish lean - ADX no trend, direction not confirmed",62.5,"Outperforming, strengthening",Leads both,46.3966,Neutral,-4.8494,-3.4718,bearish fading,Neutral,-0.8574,-0.2753,thin,47.2,Negative fading,45.28,Neutral,Bearish confirmed,None,Neutral - all 4 components agree incl. MACD acceleration,Lower Half,No Trend,Bearish,Yes,No,Inside,4.21,Very Low,Stable,0.96,Partial,"Very Low volatility, stable",Coiled - low vol squeeze,High,Falling,Confirmed Up,-0.0346,Neutral,37.4286,Neutral,1 - Basing,early,20.0,6.0,2 - Advancing,10.0,STAND ASIDE,50.0,0.0,Stage unclear,1 - Basing but stage confidence only 20 - regime not established,1 - Basing but stage confidence only 20 - regime not established,2 - Advancing but stage confidence only 20 - regime not established
2023-03-20,850.0,878.6500244140625,850.0,862.3499755859375,17033,876.8712,,,17.26,Strong Bear,Uptrend,Hold,Downtrend (LH+LL),Bearish,32.65,Bear,Mixed,"Range with bearish lean - ADX no trend, direction not confirmed",63.2,"Outperforming, strengthening",Leads both,43.9433,Neutral,-4.9727,-3.772,bearish fading,Neutral,-2.8119,-0.6258,thin,45.01,Negative accelerating,44.13,Neutral,Bearish confirmed,Bullish divergence,Neutral - bullish divergence vs price over 21 bars,Lower Half,No Trend,Bearish,Yes,No,Inside,4.67,Very Low,Stable,-1.12,Confirmed,"Very Low volatility, squeeze confirmed - expansion pending",Coiled - low vol squeeze,Normal,Falling,Weak Down,-0.1043,Distribution,40.5678,Neutral,1 - Basing,early,20.0,7.0,2 - Advancing,10.0,STAND ASIDE,50.0,0.0,Stage unclear,1 - Basing but stage confidence only 20 - regime not established,1 - Basing but stage confidence only 20 - regime not established,2 - Advancing but stage confidence only 20 - regime not established
2023-03-21,864.0,884.0,864.0,871.5499877929688,17636,876.6625,,,22.07,Bear,Uptrend,Hold,Downtrend (LH+LL),Bearish,36.6,Bear,Mixed,"Range with bearish lean - ADX no trend, direction not confirmed",63.24,"Outperforming, strengthening",Leads both,49.408,Neutral,-4.2787,-3.8733,bearish fading,Neutral,-0.3373,-0.1779,thin,46.69,Negative fading,47.8,Neutral,Bearish majority,None,Neutral - price momentum agrees but MACD shows deceleration,Lower Half,No Trend,Bearish,Yes,No,Inside,4.32,Very Low,Stable,-3.85,Confirmed,"Very Low volatility, squeeze confirmed - expansion pending",Coiled - low vol squeeze,Normal,Falling,Weak Up,-0.1122,Distribution,41.8308,Neutral,1 - Basing,early,20.0,8.0,2 - Advancing,10.0,STAND ASIDE,50.0,0.0,Stage unclear,1 - Basing but stage confidence only 20 - regime not established,1 - Basing but stage confidence only 20 - regime not established,2 - Advancing but stage confidence only 20 - regime not established
2023-03-22,880.2000122070312,880.2000122070312,873.9000244140625,875.25,7040,876.6071,879.1481,Yes,25.23,Bear,Uptrend,Hold,Downtrend (LH+LL),Bearish,38.62,Bear,Mixed,"Range with bearish lean - ADX no trend, direction not confirmed",65.52,"Outperforming, strengthening",Leads both,51.4576,Neutral,-3.391,-3.7769,Bullish crossover,Neutral,0.6555,0.0021,thin,50.91,Positive accelerating,51.16,Neutral,Bullish majority,None,"Neutral - majority agree, 1 dissenting",Upper Half,No Trend,Bearish,Yes,No,Inside,2.15,Very Low,Stable,-12.4,Confirmed,"Very Low volatility, squeeze confirmed - expansion pending",Coiled - low vol squeeze,Dry-up,Falling,Weak Up,-0.1246,Distribution,44.3201,Neutral,1 - Basing,early,20.0,9.0,2 - Advancing,10.0,STAND ASIDE,50.0,0.0,Stage unclear,1 - Basing but stage confidence only 20 - regime not established,1 - Basing but stage confidence only 20 - regime not established,2 - Advancing but stage confidence only 20 - regime not established
2023-03-23,875.25,899.0,875.25,885.5499877929688,42286,876.9578,879.2118,No,30.94,Bear,Uptrend,Hold,Downtrend (LH+LL),Bearish,43.16,Neutral,Mixed,"No clear trend - ADX no trend, price ranging",72.36,"Outperforming, strengthening",Leads both,56.7146,Neutral,-1.8353,-3.3886,bearish accelerating,Neutral,1.4085,0.1386,thin,56.3,Positive accelerating,57.14,Neutral,Bullish confirmed,None,Neutral - all 4 components agree incl. MACD acceleration,Upper Half,No Trend,Bullish,No,No,Inside,2.74,Very Low,Stable,-6.85,Confirmed,"Very Low volatility, squeeze confirmed - expansion pending",Coiled - low vol squeeze,Normal,Falling,Confirmed Up,-0.1095,Distribution,49.4198,Neutral,1 - Basing,early,20.0,10.0,2 - Advancing,10.0,STAND ASIDE,50.0,0.0,Stage unclear,1 - Basing but stage confidence only 20 - regime not established,1 - Basing but stage confidence only 20 - regime not established,2 - Advancing but stage confidence only 20 - regime not established
2023-03-24,894.0,899.0,880.0499877929688,885.75,30434,877.3026,879.2768,No,40.54,Neutral,Uptrend,Hold,Downtrend (LH+LL),Bearish,46.57,Neutral,Mixed,"No clear trend - ADX no trend, price ranging",82.69,"Outperforming, strengthening",Leads both,56.8124,Neutral,-0.5795,-2.8267,bearish accelerating,Neutral,1.7577,0.2017,thin,66.47,Positive accelerating,62.35,Bullish,Bullish confirmed,None,Bullish - all 4 components agree incl. MACD acceleration,Upper Half,No Trend,Bullish,No,No,Inside,2.79,Very Low,Stable,-3.74,Confirmed,"Very Low volatility, squeeze confirmed - expansion pending",Coiled - low vol squeeze,Normal,Falling,Confirmed Up,-0.1041,Distribution,47.7875,Neutral,1 - Basing,early,40.0,11.0,2 - Advancing,10.0,STAND ASIDE,50.0,0.0,Stage unclear,1 - Basing but stage confidence only 40 - regime not established,1 - Basing but stage confidence only 20 - regime not established,1 - Basing but stage confidence only 20 - regime not established
2023-03-27,885.9500122070312,890.0,858.7000122070312,866.0,28776,876.8594,879.1447,Yes,30.34,Bear,Uptrend,Hold,Downtrend (LH+LL),Bearish,38.13,Bear,Mixed,"Range with bearish lean - ADX no trend, direction not confirmed",73.5,"Outperforming, strengthening",Leads both,45.8058,Neutral,-1.1646,-2.4943,bearish fading,Neutral,0.7563,0.0187,thin,57.38,Positive fading,54.94,Neutral,Bullish majority,Bullish divergence,Neutral - bullish divergence vs price over 21 bars,Lower Half,No Trend,Bearish,No,No,Inside,5.29,Very Low,Stable,-1.87,Confirmed,"Very Low volatility, squeeze confirmed - expansion pending",Coiled - low vol squeeze,Normal,Falling,Confirmed Down,-0.123,Distribution,48.7754,Neutral,1 - Basing,early,20.0,12.0,2 - Advancing,10.0,STAND ASIDE,50.0,0.0,Stage unclear,1 - Basing but stage confidence only 20 - regime not established,1 - Basing but stage confidence only 20 - regime not established,1 - Basing but stage confidence only 20 - regime not established
2023-03-28,874.9500122070312,879.0499877929688,855.5499877929688,867.1500244140625,14209,876.4786,879.0254,Yes,29.63,Bear,Uptrend,Hold,Downtrend (LH+LL),Bearish,38.17,Bear,Mixed,"Range with bearish lean - ADX no trend, direction not confirmed",73.91,"Outperforming, strengthening",Leads both,46.4563,Neutral,-1.5179,-2.299,bearish fading,Neutral,1.2316,0.1055,thin,56.11,Positive fading,52.91,Neutral,Bullish majority,Bullish divergence,Neutral - bullish divergence vs price over 21 bars,Lower Half,No Trend,Bearish,No,No,Inside,6.27,Very Low,Stable,-1.59,Confirmed,"Very Low volatility, squeeze confirmed - expansion pending",Coiled - low vol squeeze,Normal,Falling,Weak Up,-0.1077,Distribution,48.5052,Neutral,1 - Basing,early,20.0,13.0,2 - Advancing,10.0,STAND ASIDE,50.0,0.0,Stage unclear,1 - Basing but stage confidence only 20 - regime not established,1 - Basing but stage confidence only 20 - regime not established,1 - Basing but stage confidence only 20 - regime not established
2023-03-29,866.0,910.0,865.9500122070312,905.2000122070312,61148,877.6049,879.2858,No,54.6,Neutral,Uptrend,Hold,Downtrend (LH+LL),Bearish,54.11,Neutral,Mixed,"No clear trend - ADX no trend, price ranging",82.66,"Outperforming, strengthening",Leads both,62.4961,Neutral,1.2579,-1.5876,bullish accelerating,Neutral,4.9872,0.7917,thin,64.63,Positive accelerating,63.37,Bullish,Bullish confirmed,None,Bullish - all 4 components agree incl. MACD acceleration,Above Upper,No Trend,Bullish,No,Yes,Near Upper,10.34,Very Low,Stable,5.2,Confirmed,"Very Low volatility, squeeze confirmed - expansion pending",Coiled - low vol squeeze,High,Falling,Confirmed Up,0.0018,Neutral,54.7444,Neutral,1 - Basing,mid,60.0,14.0,2 - Advancing,10.0,STAND ASIDE,50.0,0.0,Stage,1 - Basing - no new positions in a basing/topping stage,1 - Basing but stage confidence only 20 - regime not established,1 - Basing but stage confidence only 20 - regime not established
2023-03-31,920.5,949.0,920.5,936.5499877929688,111705,879.9165,879.8556,No,89.99,Strong Bull,Uptrend,Hold,Downtrend (LH+LL),Bearish,66.5,Bull,Mixed,"Range with bullish lean - ADX no trend, direction not confirmed",90.08,"Outperforming, strengthening",Leads both,70.3714,Overbought,5.9192,-0.0863,bullish accelerating,Neutral,8.5603,1.4371,thin,72.92,Positive accelerating,73.09,Strong Bullish,Bullish confirmed,None,Strong Bullish - all 4 components agree incl. MACD acceleration,Above Upper,No Trend,Bullish,Yes,Yes,Breakout Up,22.66,Low,Stable,18.21,No,"Low volatility, stable",Low vol - tight stops,High,Falling,Confirmed Up,0.024,Neutral,76.3743,Neutral,3 - Topping,early,20.0,1.0,1 - Basing,14.0,STAND ASIDE,50.0,0.0,Stage unclear,3 - Topping but stage confidence only 20 - regime not established,1 - Basing but stage confidence only 20 - regime not established,1 - Basing but stage confidence only 20 - regime not established
2023-04-03,936.5499877929688,949.5,907.5999755859376,923.4000244140624,55867,881.6217,880.2889,No,88.43,Strong Bull,Uptrend,Hold,Downtrend (LH+LL),Bearish,65.95,Bull,Mixed,"Range with bullish lean - ADX no trend, direction not confirmed",84.87,"Outperforming, strengthening",Leads both,64.2746,Neutral,8.4547,1.6219,bullish accelerating,Overbought,6.4806,1.0503,thin,70.08,Positive fading,72.51,Strong Bullish,Bullish confirmed,None,Strong Bullish - all 4 components agree incl. MACD acceleration,Above Upper,No Trend,Bullish,Yes,Yes,Inside,33.71,Low,Expanding,29.51,No,Squeeze releasing - expanding 2 bars after compression,Normal vol,Normal,Falling,Confirmed Down,0.0001,Neutral,70.474,Neutral,3 - Topping,early,20.0,2.0,1 - Basing,14.0,STAND ASIDE,50.0,0.0,Stage unclear,3 - Topping but stage confidence only 20 - regime not established,1 - Basing but stage confidence only 40 - regime not established,1 - Basing but stage confidence only 20 - regime not established
2023-04-05,934.9500122070312,934.9500122070312,910.5999755859376,912.7000122070312,21783,882.8405,880.6114,No,86.51,Strong Bull,Uptrend,Hold,Downtrend (LH+LL),Bearish,65.28,Bull,Mixed,"Range with bullish lean - ADX no trend, direction not confirmed",77.84,"Outperforming, strengthening",Leads both,59.7392,Neutral,9.4913,3.1958,bullish fading,Neutral,5.8387,0.9283,thin,65.23,Positive fading,68.06,Bullish,Bullish confirmed,None,Bullish - all 4 components agree incl. MACD acceleration,Upper Half,No Trend,Bullish,Yes,Yes,Inside,35.88,Low,Expanding,31.21,No,Squeeze releasing - expanding 3 bars after compression,Normal vol,Normal,Falling,Weak Down,-0.0252,Neutral,69.4388,Neutral,3 - Topping,early,20.0,3.0,1 - Basing,14.0,STAND ASIDE,50.0,0.0,Stage unclear,3 - Topping but stage confidence only 20 - regime not established,1 - Basing but stage confidence only 20 - regime not established,1 - Basing but stage confidence only 20 - regime not established
2023-04-06,918.9500122070312,918.9500122070312,895.0,901.7999877929688,41868,883.584,880.8222,No,84.59,Strong Bull,Uptrend,Hold,Range,Bearish,72.69,Bull,Mixed,"Range with bullish lean - ADX no trend, direction not confirmed",73.97,"Outperforming, strengthening",Leads both,55.4471,Neutral,9.3258,4.4218,bullish fading,Neutral,3.4708,0.4928,thin,62.23,Positive fading,63.17,Bullish,Bullish confirmed,None,Bullish - all 4 components agree incl. MACD acceleration,Upper Half,No Trend,Bullish,Yes,Yes,Inside,36.77,Low,Expanding,32.46,No,Squeeze releasing - expanding 4 bars after compression,Normal vol,Normal,Rising,Confirmed Down,-0.0236,Neutral,63.3145,Neutral,3 - Topping,early,20.0,4.0,1 - Basing,14.0,STAND ASIDE,50.0,0.0,Stage unclear,3 - Topping but stage confidence only 20 - regime not established,1 - Basing but stage confidence only 20 - regime not established,1 - Basing but stage confidence only 20 - regime not established
2023-04-10,903.9500122070312,918.9500122070312,899.5499877929688,904.8499755859376,31096,884.418,881.0613,No,85.22,Strong Bull,Uptrend,Hold,Range,Bearish,73.66,Bull,Mixed,"Range with bullish lean - ADX no trend, direction not confirmed",73.5,"Outperforming, strengthening",Leads both,56.3912,Neutral,9.3332,5.4041,bullish fading,Neutral,3.3819,0.475,thin,64.15,Positive accelerating,62.27,Bullish,Bullish confirmed,None,Bullish - all 4 components agree incl. MACD acceleration,Upper Half,No Trend,Bullish,Yes,Yes,Inside,35.43,Low,Expanding,33.28,No,Squeeze releasing - expanding 5 bars after compression,Low vol - tight stops,Normal,Rising,Weak Up,-0.0536,Distribution,66.9373,Neutral,3 - Topping,early,20.0,5.0,1 - Basing,14.0,STAND ASIDE,50.0,0.0,Stage unclear,3 - Topping but stage confidence only 20 - regime not established,1 - Basing - no new positions in a basing/topping stage,1 - Basing but stage confidence only 20 - regime not established
2023-04-11,917.9500122070312,924.7999877929688,900.0,912.9500122070312,31638,885.5369,881.3786,No,86.71,Strong Bull,Uptrend,Hold,Range,Bearish,75.35,Strong Bull,Mixed,"Range with bullish lean - ADX no trend, direction not confirmed",72.74,"Outperforming, strengthening",Leads both,58.8833,Neutral,9.8787,6.299,bullish fading,Neutral,3.0941,0.4208,thin,65.19,Positive accelerating,62.94,Bullish,Bullish confirmed,None,Bullish - all 4 components agree incl. MACD acceleration,Upper Half,No Trend,Bullish,No,Yes,Inside,32.81,Low,Expanding,30.07,No,Squeeze releasing - expanding 6 bars after compression,Low vol - tight stops,Normal,Rising,Weak Up,-0.0489,Neutral,65.1358,Neutral,3 - Topping,early,20.0,6.0,1 - Basing,14.0,STAND ASIDE,50.0,0.0,Stage unclear,3 - Topping but stage confidence only 20 - regime not established,3 - Topping but stage confidence only 20 - regime not established,1 - Basing but stage confidence only 20 - regime not established
2023-04-12,909.0,921.0,904.75,918.5499877929688,26767,886.8315,881.7485,No,87.69,Strong Bull,Uptrend,Hold,Uptrend (HH+HL),Bullish,85.69,Strong Bull,Bullish confirmed,"Range with bullish lean - ADX no trend, direction not confirmed",73.31,"Outperforming, strengthening",Leads both,60.5613,Neutral,10.6403,7.1673,bullish fading,Neutral,3.7031,0.5314,thin,68.12,Positive accelerating,64.78,Bullish,Bullish confirmed,None,Bullish - all 4 components agree incl. MACD acceleration,Upper Half,No Trend,Bullish,No,Yes,Inside,30.37,Low,Expanding,27.58,No,Squeeze releasing - expanding 7 bars after compression,Low vol - tight stops,Normal,Rising,Weak Up,-0.0825,Distribution,68.9589,Neutral,3 - Topping,early,20.0,7.0,1 - Basing,14.0,STAND ASIDE,50.0,0.0,Stage unclear,3 - Topping but stage confidence only 20 - regime not established,3 - Topping but stage confidence only 20 - regime not established,1 - Basing but stage confidence only 40 - regime not established
2023-04-13,918.5499877929688,934.0,911.0,922.5999755859376,34172,888.2342,882.1549,No,88.42,Strong Bull,Uptrend,Hold,Uptrend (HH+HL),Bullish,85.95,Strong Bull,Bullish confirmed,"Range with bullish lean - ADX no trend, direction not confirmed",65.53,"Outperforming, strengthening",Leads both,61.7763,Neutral,11.4388,8.0216,bullish fading,Neutral,6.5358,1.0492,thin,59.41,Positive fading,63.1,Bullish,Bullish confirmed,None,Bullish - all 4 components agree incl. MACD acceleration,Upper Half,No Trend,Bullish,No,Yes,Inside,30.36,Low,Expanding,25.08,No,Squeeze releasing - expanding 8 bars after compression,Low vol - tight stops,Normal,Rising,Confirmed Up,-0.0791,Distribution,69.9803,Neutral,3 - Topping,early,20.0,8.0,1 - Basing,14.0,STAND ASIDE,50.0,0.0,Stage unclear,3 - Topping but stage confidence only 20 - regime not established,3 - Topping but stage confidence only 20 - regime not established,1 - Basing but stage confidence only 20 - regime not established
2023-04-17,934.0,940.0,916.5,932.2999877929688,35745,889.9623,882.6539,No,90.17,Strong Bull,Uptrend,Hold,Uptrend (HH+HL),Bullish,86.56,Strong Bull,Bullish confirmed,"Range with bullish lean - ADX no trend, direction not confirmed",72.91,"Outperforming, strengthening",Leads both,64.5899,Neutral,12.7078,8.9588,bullish accelerating,Neutral,7.5131,1.2221,thin,66.01,Positive accelerating,67.01,Bullish,Bullish confirmed,None,Bullish - all 4 components agree incl. MACD acceleration,Upper Half,No Trend,Bullish,Yes,Yes,Inside,29.41,Low,Expanding,23.14,No,Squeeze releasing - expanding 9 bars after compression,Low vol - tight stops,Normal,Rising,Confirmed Up,-0.0529,Distribution,71.5512,Neutral,3 - Topping,early,20.0,9.0,1 - Basing,14.0,STAND ASIDE,50.0,0.0,Stage unclear,3 - Topping but stage confidence only 20 - regime not established,3 - Topping but stage confidence only 20 - regime not established,1 - Basing but stage confidence only 20 - regime not established
2023-04-18,921.0499877929688,967.7999877929688,921.0499877929688,947.75,73158,892.2284,883.3016,No,92.84,Strong Bull,Uptrend,Hold,Uptrend (HH+HL),Bullish,88.35,Strong Bull,Bullish confirmed,"Range with bullish lean - ADX no trend, direction not confirmed",76.73,"Outperforming, strengthening",Leads both,68.5597,Neutral,14.7897,10.125,bullish accelerating,Neutral,4.7006,0.7009,thin,68.75,Positive accelerating,70.56,Strong Bullish,Bullish confirmed,None,Strong Bullish - all 4 components agree incl. MACD acceleration,At Upper,No Trend,Bullish,Yes,Yes,Near Upper,36.27,Low,Expanding,25.93,No,Squeeze releasing - expanding 10 bars after compression,Low vol - tight stops,Normal,Rising,Confirmed Up,-0.0311,Neutral,73.1936,Neutral,3 - Topping,mid,20.0,10.0,1 - Basing,14.0,STAND ASIDE,50.0,0.0,Stage unclear,3 - Topping but stage confidence only 20 - regime not established,3 - Topping but stage confidence only 20 - regime not established,1 - Basing - no new positions in a basing/topping stage
2023-04-19,957.75,983.9500122070312,950.0999755859376,973.0,148804,895.396,884.1941,No,96.3,Strong Bull,Uptrend,Hold,Uptrend (HH+HL),Bullish,90.71,Strong Bull,Bullish confirmed,"Range with bullish lean - ADX no trend, direction not confirmed",86.22,"Outperforming, strengthening",Leads both,73.741,Overbought,18.2666,11.7533,bullish accelerating,Overbought,3.8919,0.5498,thin,76.29,Positive accelerating,76.82,Strong Bullish,Bullish confirmed,None,Strong Bullish but overbought on RSI and Stochastic - stretched,Above Upper,No Trend,Bullish,Yes,Yes,Breakout Up,43.94,Normal,Expanding,21.28,No,Squeeze releasing - expanding 11 bars after compression,Low vol - tight stops,High,Rising,Confirmed Up,0.0305,Neutral,77.9096,Neutral,3 - Topping,mid,20.0,11.0,1 - Basing,14.0,STAND ASIDE,50.0,0.0,Stage unclear,3 - Topping but stage confidence only 20 - regime not established,3 - Topping but stage confidence only 20 - regime not established,3 - Topping but stage confidence only 20 - regime not established
2023-04-20,972.9000244140624,985.0,953.4500122070312,974.7999877929688,45442,898.5098,885.0957,No,96.52,Strong Bull,Uptrend,Hold,Uptrend (HH+HL),Bullish,91.88,Strong Bull,Bullish confirmed,"Range with bullish lean - ADX emerging, direction not confirmed",86.59,"Outperforming, strengthening",Leads both,74.069,Overbought,20.926,13.5879,bullish accelerating,Overbought,5.5664,0.856,thin,75.57,Positive fading,77.71,Strong Bullish,Bullish confirmed,None,Strong Bullish but overbought on RSI and Stochastic - stretched,At Upper,Emerging,Bullish,Yes,No,Near Upper,50.81,Normal,Stable,17.1,No,"Normal volatility, stable",Vol contracting,Normal,Rising,Confirmed Up,0.075,Accumulation,82.1852,Overbought,3 - Topping,mid,20.0,12.0,1 - Basing,14.0,STAND ASIDE,50.0,0.0,Stage unclear,3 - Topping but stage confidence only 20 - regime not established,3 - Topping but stage confidence only 20 - regime not established,3 - Topping but stage confidence only 20 - regime not established
2023-04-21,985.0,987.4000244140624,963.0,984.3499755859376,54883,901.8761,886.0833,No,97.04,Strong Bull,Uptrend,Hold,Uptrend (HH+HL),Bullish,93.11,Strong Bull,Bullish confirmed,"Range with bullish lean - ADX emerging, direction not confirmed",80.67,"Outperforming, strengthening",Leads both,75.7968,Overbought,23.533,15.5769,bullish accelerating,Overbought,7.8503,1.2707,thin,71.51,Positive fading,78.0,Strong Bullish,Bullish confirmed,None,Strong Bullish but overbought on RSI and Stochastic - stretched,At Upper,Emerging,Bullish,Yes,No,Near Upper,49.46,Normal,Stable,13.57,No,"Normal volatility, stable",Low vol - tight stops,Normal,Rising,Confirmed Up,0.1195,Accumulation,84.8963,Overbought,3 - Topping,mid,20.0,13.0,1 - Basing,14.0,STAND ASIDE,50.0,0.0,Stage unclear,3 - Topping but stage confidence only 20 - regime not established,3 - Topping but stage confidence only 20 - regime not established,3 - Topping but stage confidence only 20 - regime not established
2023-04-24,991.9500122070312,999.0,955.5499877929688,961.2000122070312,43786,904.2025,886.8307,No,93.62,Strong Bull,Uptrend,Hold,Uptrend (HH+HL),Bullish,93.08,Strong Bull,Bullish confirmed,"Range with bullish lean - ADX emerging, direction not confirmed",80.59,"Outperforming, strengthening",Leads both,64.5664,Neutral,23.4606,17.1536,bullish fading,Overbought,6.5868,1.032,thin,71.04,Positive fading,72.08,Strong Bullish,Bullish confirmed,None,Strong Bullish - all 4 components agree incl. MACD acceleration,Upper Half,Emerging,Bullish,Yes,Yes,Inside,53.1,Normal,Stable,16.33,No,"Normal volatility, stable",Normal vol,Normal,Rising,Weak Down,0.0863,Accumulation,78.6826,Neutral,3 - Topping,mid,20.0,14.0,1 - Basing,14.0,STAND ASIDE,50.0,0.0,Stage unclear,3 - Topping but stage confidence only 20 - regime not established,3 - Topping but stage confidence only 20 - regime not established,3 - Topping but stage confidence only 20 - regime not established
2023-04-25,968.25,973.4500122070312,955.5499877929688,969.5499877929688,25505,906.7652,887.6538,No,94.31,Strong Bull,Uptrend,Hold,Uptrend (HH+HL),Bullish,94.4,Strong Bull,Bullish confirmed,"Strong Bull - all 4 components agree, trending ADX",83.75,"Outperforming, strengthening",Leads both,66.4947,Neutral,23.8026,18.4834,bullish fading,Neutral,7.1504,1.13,thin,72.64,Positive accelerating,71.39,Strong Bullish,Bullish confirmed,None,Strong Bullish - all 4 components agree incl. MACD acceleration,Upper Half,Trending,Bullish,Yes,Yes,Inside,53.25,Normal,Stable,17.82,No,"Normal volatility, stable",Normal vol,Normal,Rising,Weak Up,0.1038,Accumulation,72.1156,Neutral,3 - Topping,mid,20.0,15.0,1 - Basing,14.0,STAND ASIDE,50.0,0.0,Stage unclear,3 - Topping but stage confidence only 20 - regime not established,3 - Topping but stage confidence only 20 - regime not established,3 - Topping but stage confidence only 20 - regime not established
2023-04-26,956.2999877929688,973.7999877929688,932.0499877929688,942.2000122070312,26636,908.1548,888.1966,No,89.98,Strong Bull,Uptrend,Hold,Uptrend (HH+HL),Bullish,92.07,Strong Bull,Bullish confirmed,"Strong Bull - all 4 components agree, trending ADX",73.59,"Outperforming, strengthening",Leads both,55.7859,Neutral,21.6175,19.1102,bullish fading,Neutral,3.2039,0.4002,thin,65.62,Positive fading,60.93,Bullish,Bullish confirmed,None,Bullish - all 4 components agree incl. MACD acceleration,Upper Half,Trending,Bullish,Yes,Yes,Inside,56.38,Normal,Expanding,23.57,No,"Normal volatility, expanding - range widening",Normal vol,Normal,Rising,Weak Down,0.097,Accumulation,75.2583,Neutral,3 - Topping,mid,20.0,16.0,1 - Basing,14.0,STAND ASIDE,50.0,0.0,Stage unclear,3 - Topping but stage confidence only 20 - regime not established,3 - Topping but stage confidence only 20 - regime not established,3 - Topping but stage confidence only 20 - regime not established
2023-04-27,941.0,955.9500122070312,931.5499877929688,933.5499877929688,23245,909.1507,888.6478,No,88.13,Strong Bull,Uptrend,Hold,Uptrend (HH+HL),Bullish,89.37,Strong Bull,Bullish confirmed,"Strong Bull - all 4 components agree, trending ADX",62.36,"Outperforming, strengthening",Leads both,52.885,Neutral,18.9692,19.082,Bearish crossover,Neutral,1.633,0.1093,thin,58.64,Positive fading,53.6,Neutral,Bullish majority,Bearish divergence,Neutral - bearish divergence vs price over 21 bars,Upper Half,Trending,Bullish,Yes,Yes,Inside,54.93,Normal,Expanding,24.56,No,"Normal volatility, expanding - range widening",Normal vol,Dry-up,Rising,Weak Down,0.0899,Accumulation,75.0323,Neutral,3 - Topping,mid,20.0,17.0,1 - Basing,14.0,STAND ASIDE,50.0,0.0,Stage unclear,3 - Topping but stage confidence only 20 - regime not established,3 - Topping but stage confidence only 20 - regime not established,3 - Topping but stage confidence only 20 - regime not established
2023-04-28,941.0,953.5,931.5499877929688,947.5999755859376,85242,910.6585,889.2344,No,84.19,Strong Bull,Uptrend,Hold,Uptrend (HH+HL),Bullish,90.78,Strong Bull,Bullish confirmed,"Strong Bull - all 4 components agree, trending ADX",55.65,"Outperforming, strengthening",Leads both,56.8133,Neutral,17.7989,18.8254,bullish accelerating,Neutral,2.7097,0.3082,thin,53.93,Positive fading,51.26,Neutral,Mixed,Bearish divergence,Neutral - bearish divergence vs price over 21 bars,Upper Half,Trending,Bullish,Yes,Yes,Inside,50.43,Normal,Expanding,20.07,No,"Normal volatility, expanding - range widening",Normal vol,Normal,Rising,Confirmed Up,0.14,Accumulation,82.4721,Overbought,3 - Topping,mid,20.0,18.0,1 - Basing,14.0,STAND ASIDE,50.0,0.0,Stage unclear,3 - Topping but stage confidence only 20 - regime not established,3 - Topping but stage confidence only 20 - regime not established,3 - Topping but stage confidence only 20 - regime not established
2023-05-02,956.2000122070312,968.0499877929688,943.3499755859376,949.2999877929688,27063,912.1738,889.8321,No,82.78,Strong Bull,Uptrend,Hold,Uptrend (HH+HL),Bullish,90.61,Strong Bull,Bullish confirmed,"Strong Bull - all 4 components agree, trending ADX",61.41,"Outperforming, strengthening",Leads both,57.2774,Neutral,16.8148,18.4233,bullish accelerating,Neutral,1.8234,0.1431,thin,59.45,Positive accelerating,52.49,Neutral,Mixed,Bearish divergence,Neutral - bearish divergence vs price over 21 bars,Upper Half,Trending,Bullish,Yes,Yes,Inside,45.0,Normal,Stable,15.59,No,"Normal volatility, stable",Normal vol,Normal,Rising,Weak Up,0.1244,Accumulation,82.4068,Overbought,3 - Topping,mid,20.0,19.0,1 - Basing,14.0,STAND ASIDE,50.0,0.0,Stage unclear,3 - Topping but stage confidence only 20 - regime not established,3 - Topping but stage confidence only 20 - regime not established,3 - Topping but stage confidence only 20 - regime not established
2023-05-03,959.25,965.0,946.5,962.0999755859376,36446,914.1317,890.5512,No,83.93,Strong Bull,Uptrend,Hold,Uptrend (HH+HL),Bullish,91.31,Strong Bull,Bullish confirmed,"Strong Bull - all 4 components agree, trending ADX",66.26,"Outperforming, strengthening",Leads both,60.7021,Neutral,16.8732,18.1132,bullish fading,Neutral,1.5141,0.0853,thin,65.22,Positive accelerating,56.68,Neutral,Bullish majority,None,Neutral - price momentum agrees but MACD shows deceleration,Upper Half,Trending,Bullish,Yes,Yes,Inside,36.93,Low,Stable,0.65,No,"Low volatility, stable",Normal vol,Normal,Rising,Weak Up,0.1043,Accumulation,82.5687,Overbought,3 - Topping,mid,20.0,20.0,1 - Basing,14.0,STAND ASIDE,50.0,0.0,Stage unclear,3 - Topping but stage confidence only 20 - regime not established,3 - Topping but stage confidence only 20 - regime not established,3 - Topping but stage confidence only 20 - regime not established
2023-05-04,972.0999755859376,992.0,967.5,984.0999755859376,90553,916.8756,891.482,No,92.52,Strong Bull,Uptrend,Hold,Uptrend (HH+HL),Bullish,95.13,Strong Bull,Bullish confirmed,"Strong Bull - all 4 components agree, trending ADX",71.12,"Outperforming, strengthening",Leads both,65.7796,Neutral,18.4817,18.1869,Bullish crossover,Neutral,1.1408,0.0156,thin,74.3,Positive accelerating,64.31,Bullish,Bullish confirmed,None,Bullish - all 4 components agree incl. MACD acceleration,Upper Half,Trending,Bullish,Yes,Yes,Inside,32.74,Low,Stable,-11.2,No,"Low volatility, stable",Low vol - tight stops,Normal,Rising,Confirmed Up,0.1254,Accumulation,84.1263,Overbought,3 - Topping,mid,20.0,21.0,1 - Basing,14.0,STAND ASIDE,50.0,0.0,Stage unclear,3 - Topping but stage confidence only 20 - regime not established,3 - Topping but stage confidence only 20 - regime not established,3 - Topping but stage confidence only 20 - regime not established
2023-05-05,994.7999877929688,1003.4000244140624,975.4000244140624,991.7000122070312,61382,919.8099,892.4792,No,95.62,Strong Bull,Uptrend,Hold,Uptrend (HH+HL),Bullish,97.16,Strong Bull,Bullish confirmed,"Strong Bull - all 4 components agree, trending ADX",71.05,"Outperforming, strengthening",Leads both,67.349,Neutral,20.1375,18.5771,bullish accelerating,Neutral,1.7337,0.1262,thin,71.6,Positive fading,67.06,Bullish,Bullish confirmed,Bearish divergence,Bullish - bearish divergence vs price over 21 bars,Upper Half,Trending,Bullish,Yes,No,Near Upper,33.61,Low,Stable,-17.2,No,"Low volatility, stable",Low vol - tight stops,Normal,Rising,Confirmed Up,0.1494,Accumulation,84.7458,Overbought,3 - Topping,mid,20.0,22.0,1 - Basing,14.0,STAND ASIDE,50.0,0.0,Stage unclear,3 - Topping but stage confidence only 20 - regime not established,3 - Topping but stage confidence only 20 - regime not established,3 - Topping but stage confidence only 20 - regime not established
2023-05-08,999.25,1008.9500122070312,964.0,967.25,78042,921.6703,893.2232,No,91.9,Strong Bull,Uptrend,Hold,Uptrend (HH+HL),Bullish,96.22,Strong Bull,Bullish confirmed,"Strong Bull - all 4 components agree, trending ADX",63.01,"Outperforming, weakening",Leads both,58.1148,Neutral,19.255,18.7126,bullish fading,Neutral,-1.7372,-0.5233,thin,67.23,Positive fading,61.33,Bullish,Bullish confirmed,Bearish divergence,Bullish - bearish divergence vs price over 21 bars,Upper Half,Trending,Bullish,Yes,Yes,Inside,41.38,Normal,Stable,-8.08,No,"Normal volatility, stable",Normal vol,Normal,Rising,Confirmed Down,0.0934,Accumulation,75.931,Neutral,3 - Topping,mid,20.0,23.0,1 - Basing,14.0,STAND ASIDE,50.0,0.0,Stage unclear,3 - Topping but stage confidence only 20 - regime not established,3 - Topping but stage confidence only 20 - regime not established,3 - Topping but stage confidence only 20 - regime not established
2023-05-09,969.9500122070312,977.25,925.0,931.7000122070312,269838,922.0636,893.606,No,86.47,Strong Bull,Uptrend,Hold,Uptrend (HH+HL),Bullish,86.43,Strong Bull,Bullish confirmed,"Strong Bull - all 4 components agree, trending ADX",55.74,"Outperforming, weakening",Leads both,47.8433,Neutral,15.5081,18.0717,Bearish crossover,Neutral,-3.0691,-0.7707,thin,61.97,Positive fading,49.68,Neutral,Bearish majority,Bearish divergence,Neutral - bearish divergence vs price over 21 bars,Lower Half,Trending,Bullish,Yes,Yes,Inside,43.59,Normal,Stable,-9.51,No,"Normal volatility, stable",Normal vol,High,Rising,Confirmed Down,-0.0697,Distribution,54.4509,Neutral,3 - Topping,mid,20.0,24.0,1 - Basing,14.0,STAND ASIDE,50.0,0.0,Stage unclear,3 - Topping but stage confidence only 20 - regime not established,3 - Topping but stage confidence only 20 - regime not established,3 - Topping but stage confidence only 20 - regime not established
2023-05-10,934.9500122070312,948.9500122070312,927.4500122070312,928.9000244140624,31097,922.3317,893.9572,No,80.82,Strong Bull,Uptrend,Hold,Uptrend (HH+HL),Bullish,82.9,Strong Bull,Bullish confirmed,"Strong Bull - all 4 components agree, trending ADX",55.37,"Outperforming, weakening",Leads both,47.1366,Neutral,12.1725,16.8919,bullish accelerating,Neutral,-4.1927,-0.9776,thin,62.3,Positive accelerating,43.84,Neutral,Bearish majority,Bearish divergence,Neutral - bearish divergence vs price over 21 bars,Lower Half,Trending,Bullish,Yes,Yes,Inside,40.28,Normal,Stable,-12.97,No,"Normal volatility, stable",Normal vol,Dry-up,Rising,Weak Down,-0.08,Distribution,45.0107,Neutral,3 - Topping,mid,20.0,25.0,1 - Basing,14.0,STAND ASIDE,50.0,0.0,Stage unclear,3 - Topping but stage confidence only 20 - regime not established,3 - Topping but stage confidence only 20 - regime not established,3 - Topping but stage confidence only 20 - regime not established
2023-05-11,937.25,937.25,914.0,919.25,39012,922.2108,894.2089,No,72.4,Bull,Uptrend,Hold,Uptrend (HH+HL),Bullish,64.47,Bull,Bullish majority,"Bull - majority agree, 1 dissenting, trending ADX",57.6,"Outperforming, weakening",Leads both,44.6869,Neutral,8.6506,15.2436,bullish accelerating,Oversold,-2.4358,-0.6452,thin,61.04,Positive fading,39.1,Bearish,Bearish majority,Bearish divergence,Bearish - bearish divergence vs price over 21 bars,Lower Half,Trending,Bearish,No,Yes,Inside,38.55,Low,Stable,-17.84,No,"Low volatility, stable",Normal vol,Normal,Rising,Weak Down,-0.0976,Distribution,40.2779,Neutral,3 - Topping,mid,20.0,26.0,1 - Basing,14.0,STAND ASIDE,50.0,0.0,Stage unclear,3 - Topping but stage confidence only 20 - regime not established,3 - Topping but stage confidence only 20 - regime not established,3 - Topping but stage confidence only 20 - regime not established
2023-05-12,920.0,936.0,906.0999755859376,925.75,34014,922.3496,894.5227,No,72.86,Bull,Uptrend,Hold,Uptrend (HH+HL),Bullish,66.91,Bull,Bullish majority,"Range with bullish lean - ADX emerging, direction not confirmed",57.17,"Outperforming, weakening",Leads both,46.6964,Neutral,6.3112,13.4571,bullish accelerating,Oversold,-0.8355,-0.3429,thin,61.93,Positive accelerating,40.0,Bearish,Bearish majority,Bearish divergence,Bearish - bearish divergence vs price over 21 bars,Lower Half,Emerging,Bearish,No,Yes,Inside,37.15,Low,Stable,-17.78,No,"Low volatility, stable",Normal vol,Normal,Rising,Weak Up,-0.1034,Distribution,34.9116,Neutral,3 - Topping,mid,20.0,27.0,1 - Basing,14.0,STAND ASIDE,50.0,0.0,Stage unclear,3 - Topping but stage confidence only 20 - regime not established,3 - Topping but stage confidence only 20 - regime not established,3 - Topping but stage confidence only 20 - regime not established
2023-05-15,931.25,934.1500244140624,901.0,921.5499877929688,25001,922.3183,894.7917,No,64.08,Bull,Uptrend,Hold,Uptrend (HH+HL),Bullish,63.47,Bull,Bullish majority,"Range with bullish lean - ADX emerging, direction not confirmed",52.07,"Outperforming, weakening",Leads both,45.545,Neutral,4.0714,11.58,bullish accelerating,Oversold,-2.749,-0.7017,thin,59.3,Positive fading,39.2,Bearish,Bearish majority,Bearish divergence,Bearish - bearish divergence vs price over 21 bars,Lower Half,Emerging,Bearish,No,Yes,Inside,38.45,Low,Stable,-11.99,No,"Low volatility, stable",Normal vol,Dry-up,Rising,Weak Down,-0.0996,Distribution,35.7521,Neutral,3 - Topping,mid,40.0,28.0,1 - Basing,14.0,STAND ASIDE,50.0,0.0,Stage unclear,3 - Topping but stage confidence only 40 - regime not established,3 - Topping but stage confidence only 20 - regime not established,3 - Topping but stage confidence only 20 - regime not established
2023-05-16,922.0,931.25,910.0,915.2000122070312,22751,922.0391,894.9947,No,61.42,Bull,Uptrend,Hold,Uptrend (HH+HL),Bullish,61.63,Bull,Bullish majority,"Range with bullish lean - ADX emerging, direction not confirmed",49.67,"Underperforming, weakening",Lags both,43.7871,Neutral,1.7636,9.6167,bullish accelerating,Oversold,-3.5921,-0.8576,thin,54.38,Positive fading,37.29,Bearish,Bearish majority,None,"Bearish - majority agree, 1 dissenting",Lower Half,Emerging,Bearish,No,Yes,Inside,38.99,Low,Stable,-6.01,No,"Low volatility, stable",Normal vol,Dry-up,Rising,Weak Down,-0.1199,Distribution,35.9171,Neutral,3 - Topping,mid,40.0,29.0,1 - Basing,14.0,STAND ASIDE,50.0,0.0,Stage unclear,3 - Topping but stage confidence only 40 - regime not established,3 - Topping but stage confidence only 20 - regime not established,3 - Topping but stage confidence only 20 - regime not established
2023-05-17,920.0,923.6500244140624,910.25,918.0999755859376,17998,921.8847,895.2246,No,59.93,Neutral,Uptrend,Hold,Uptrend (HH+HL),Bullish,62.29,Bull,Bullish majority,"Range with bullish lean - ADX emerging, direction not confirmed",51.21,"Outperforming, weakening",Leads NIFTY50 only,44.8343,Neutral,0.1667,7.7267,bullish fading,Oversold,-4.5733,-1.0383,thin,54.19,Positive fading,37.69,Bearish,Bearish majority,None,"Bearish - majority agree, 1 dissenting",Lower Half,Emerging,Bearish,No,Yes,Inside,37.58,Low,Stable,0.66,No,"Low volatility, stable",Normal vol,Dry-up,Rising,Weak Up,-0.1317,Distribution,36.3107,Neutral,3 - Topping,mid,40.0,30.0,1 - Basing,14.0,STAND ASIDE,50.0,0.0,Stage unclear,3 - Topping but stage confidence only 40 - regime not established,3 - Topping but stage confidence only 20 - regime not established,3 - Topping but stage confidence only 20 - regime not established
2023-05-18,922.5,924.5999755859376,914.2000122070312,916.0499877929688,12873,921.6558,895.4319,No,56.65,Neutral,Uptrend,Hold,Uptrend (HH+HL),Bullish,61.18,Bull,Bullish majority,"Range with bullish lean - ADX emerging, direction not confirmed",50.96,"Outperforming, weakening",Leads NIFTY50 only,44.2073,Neutral,-1.2498,5.9314,bearish fading,Oversold,-6.9149,-1.4704,thin,53.83,Positive fading,37.53,Bearish,Bearish majority,None,"Bearish - majority agree, 1 dissenting",Lower Half,Emerging,Bearish,No,Yes,Inside,34.87,Low,Stable,2.12,No,"Low volatility, stable",Normal vol,Dry-up,Rising,Weak Down,-0.2066,Distribution,38.2661,Neutral,3 - Topping,late,40.0,31.0,1 - Basing,14.0,STAND ASIDE,50.0,0.0,Stage unclear,3 - Topping but stage confidence only 40 - regime not established,3 - Topping but stage confidence only 20 - regime not established,3 - Topping but stage confidence only 20 - regime not established
2023-05-19,921.3499755859376,924.75,905.0,917.8499755859376,23632,921.5066,895.6549,No,55.28,Neutral,Uptrend,Hold,Uptrend (HH+HL),Bullish,61.31,Bull,Bullish majority,"Range with bullish lean - ADX emerging, direction not confirmed",54.98,"Outperforming, weakening",Leads both,44.9354,Neutral,-2.2018,4.3048,bearish fading,Oversold,-7.4468,-1.5588,thin,58.85,Positive accelerating,39.96,Bearish,Bearish majority,None,"Bearish - majority agree, 1 dissenting",Lower Half,Emerging,Bearish,No,Yes,Inside,33.26,Low,Stable,-0.35,No,"Low volatility, stable",Normal vol,Dry-up,Rising,Weak Up,-0.2196,Distribution,30.3475,Neutral,3 - Topping,late,40.0,32.0,1 - Basing,14.0,STAND ASIDE,50.0,0.0,Stage unclear,3 - Topping but stage confidence only 40 - regime not established,3 - Topping but stage confidence only 20 - regime not established,3 - Topping but stage confidence only 20 - regime not established
2023-05-22,924.25,925.3499755859376,908.5499877929688,909.5999755859376,16993,921.0397,895.7937,No,54.15,Neutral,Uptrend,Hold,Uptrend (HH+HL),Bullish,59.22,Neutral,Bullish majority,"No clear trend - ADX no trend, price ranging",60.79,"Outperforming, weakening",Leads both,42.2161,Neutral,-3.5807,2.7277,bearish fading,Oversold,-5.9602,-1.2721,thin,62.92,Positive accelerating,40.26,Bearish,Bearish majority,None,"Bearish - majority agree, 1 dissenting",Lower Half,No Trend,Bearish,No,No,Near Lower,28.87,Low,Stable,-12.51,No,"Low volatility, stable",Vol contracting,Dry-up,Rising,Weak Down,-0.2846,Distribution,27.2039,Neutral,3 - Topping,late,40.0,33.0,1 - Basing,14.0,STAND ASIDE,50.0,0.0,Stage unclear,3 - Topping but stage confidence only 40 - regime not established,3 - Topping but stage confidence only 40 - regime not established,3 - Topping but stage confidence only 20 - regime not established
2023-05-23,909.5999755859376,914.9000244140624,900.0,903.0,37280,920.3322,895.8654,No,45.8,Neutral,Downtrend,Sell,Uptrend (HH+HL),Bullish,43.2,Neutral,Bearish majority,"No clear trend - ADX no trend, price ranging",57.63,"Outperforming, weakening",Leads both,40.1241,Neutral,-5.1467,1.1528,bearish fading,Oversold,-3.0804,-0.7294,thin,59.79,Positive fading,38.28,Bearish,Bearish majority,None,"Bearish - majority agree, 1 dissenting",Lower Half,No Trend,Bearish,No,No,Near Lower,27.71,Low,Stable,-15.88,No,"Low volatility, stable",Low vol - tight stops,Normal,Rising,Weak Down,-0.2762,Distribution,22.4027,Neutral,3 - Topping,late,60.0,34.0,1 - Basing,14.0,STAND ASIDE,42.82,0.0,Stage,3 - Topping - no new positions in a basing/topping stage,3 - Topping but stage confidence only 40 - regime not established,3 - Topping but stage confidence only 20 - regime not established
2023-05-24,900.0,917.6500244140624,899.9500122070312,908.75,15531,919.878,895.9936,No,46.35,Neutral,Downtrend,Hold,Uptrend (HH+HL),Bullish,43.45,Neutral,Bearish majority,"No clear trend - ADX no trend, price ranging",56.09,"Outperforming, weakening",Leads both,42.7842,Neutral,-5.8563,-0.249,bearish fading,Oversold,-2.1692,-0.5566,thin,57.64,Positive fading,38.82,Bearish,Bearish majority,None,"Bearish - majority agree, 1 dissenting",Lower Half,No Trend,Bearish,No,No,Near Lower,26.13,Low,Stable,-14.15,No,"Low volatility, stable",Low vol - tight stops,Dry-up,Rising,Weak Up,-0.2938,Distribution,13.4245,Oversold,3 - Topping,late,60.0,35.0,1 - Basing,14.0,STAND ASIDE,44.3,0.0,Stage,3 - Topping - no new positions in a basing/topping stage,3 - Topping but stage confidence only 40 - regime not established,3 - Topping but stage confidence only 20 - regime not established
2023-05-25,913.2000122070312,913.2000122070312,898.0,901.1500244140624,16366,919.1436,896.0449,No,44.63,Neutral,Downtrend,Hold,Uptrend (HH+HL),Bullish,42.84,Neutral,Bearish majority,"No clear trend - ADX no trend, price ranging",45.1,"Underperforming, weakening",Lags both,40.2396,Neutral,-6.9518,-1.5896,bearish fading,Oversold,-1.969,-0.5176,thin,50.28,Positive fading,35.91,Bearish,Bearish majority,None,"Bearish - majority agree, 1 dissenting",Lower Half,No Trend,Bearish,No,No,Near Lower,25.59,Low,Stable,-12.96,No,"Low volatility, stable",Low vol - tight stops,Dry-up,Rising,Weak Down,-0.2927,Distribution,4.3229,Oversold,3 - Topping,late,60.0,36.0,1 - Basing,14.0,STAND ASIDE,41.95,0.0,Stage,3 - Topping - no new positions in a basing/topping stage,3 - Topping but stage confidence only 40 - regime not established,3 - Topping but stage confidence only 20 - regime not established
2023-05-26,906.4500122070312,922.5499877929688,902.0,905.9500122070312,25484,918.6262,896.1435,No,48.22,Neutral,Downtrend,Hold,Uptrend (HH+HL),Bullish,44.53,Neutral,Bearish majority,"No clear trend - ADX no trend, price ranging",42.42,"Underperforming, weakening",Lags both,42.5631,Neutral,-7.3479,-2.7412,bearish fading,Oversold,-2.1388,-0.548,thin,51.28,Positive accelerating,38.01,Bearish,Bearish majority,None,"Bearish - majority agree, 1 dissenting",Lower Half,No Trend,Bearish,No,No,Near Lower,26.42,Low,Stable,-10.72,No,"Low volatility, stable",Low vol - tight stops,Normal,Rising,Weak Up,-0.2882,Distribution,8.9873,Oversold,3 - Topping,late,60.0,37.0,1 - Basing,14.0,STAND ASIDE,44.54,0.0,Stage,3 - Topping - no new positions in a basing/topping stage,3 - Topping but stage confidence only 40 - regime not established,3 - Topping but stage confidence only 20 - regime not established
2023-05-29,910.3499755859376,910.3499755859376,895.0,899.4500122070312,20526,917.8742,896.1764,No,47.06,Neutral,Downtrend,Hold,Uptrend (HH+HL),Bullish,44.27,Neutral,Bearish majority,"No clear trend - ADX no trend, price ranging",38.52,"Underperforming, weakening",Lags both,40.2792,Neutral,-8.0931,-3.8116,bearish fading,Oversold,-2.3981,-0.5952,thin,49.48,Negative accelerating,37.16,Bearish,Bearish confirmed,None,Bearish - all 4 components agree incl. MACD acceleration,Lower Half,No Trend,Bearish,No,No,Near Lower,25.79,Low,Stable,-12.66,No,"Low volatility, stable",Low vol - tight stops,Dry-up,Rising,Weak Down,-0.3621,Distribution,15.8348,Oversold,3 - Topping,late,60.0,38.0,1 - Basing,14.0,STAND ASIDE,42.97,0.0,Stage,3 - Topping - no new positions in a basing/topping stage,3 - Topping but stage confidence only 40 - regime not established,3 - Topping but stage confidence only 40 - regime not established
2023-05-30,896.0,920.0,895.0,913.0,14594,917.683,896.3438,No,49.57,Neutral,Downtrend,Hold,Uptrend (HH+HL),Bullish,46.63,Neutral,Bearish majority,"No clear trend - ADX no trend, price ranging",43.72,"Underperforming, weakening",Lags both,46.6999,Neutral,-7.5038,-4.55,bearish fading,Neutral,-0.2404,-0.1871,thin,57.28,Positive accelerating,44.57,Neutral,Bearish majority,None,"Neutral - majority agree, 1 dissenting",Lower Half,No Trend,Bearish,No,No,Inside,26.43,Low,Stable,-12.55,No,"Low volatility, stable",Low vol - tight stops,Dry-up,Rising,Weak Up,-0.3442,Distribution,21.1917,Neutral,3 - Topping,late,60.0,39.0,1 - Basing,14.0,STAND ASIDE,47.45,0.0,Stage,3 - Topping - no new positions in a basing/topping stage,3 - Topping - no new positions in a basing/topping stage,3 - Topping but stage confidence only 40 - regime not established
2023-05-31,917.9500122070312,919.0,898.0,901.0,19324,917.0288,896.3901,No,47.4,Neutral,Downtrend,Hold,Uptrend (HH+HL),Bullish,45.5,Neutral,Bearish majority,"No clear trend - ADX no trend, price ranging",41.14,"Underperforming, weakening",Lags both,42.3567,Neutral,-7.9138,-5.2228,bearish fading,Neutral,-1.8625,-0.4929,thin,54.6,Positive fading,42.98,Neutral,Bearish majority,None,"Neutral - majority agree, 1 dissenting",Lower Half,No Trend,Bearish,No,No,Near Lower,25.83,Low,Stable,-11.75,No,"Low volatility, stable",Low vol - tight stops,Dry-up,Rising,Weak Down,-0.3955,Distribution,22.614,Neutral,3 - Topping,late,60.0,40.0,1 - Basing,14.0,STAND ASIDE,45.27,0.0,Stage,3 - Topping - no new positions in a basing/topping stage,3 - Topping - no new positions in a basing/topping stage,3 - Topping but stage confidence only 40 - regime not established
2023-06-01,898.0,909.9000244140624,898.0,905.0,404115,916.5571,896.4758,No,42.47,Neutral,Downtrend,Hold,Uptrend (HH+HL),Bullish,44.27,Neutral,Bearish majority,"No clear trend - ADX no trend, price ranging",43.21,"Underperforming, weakening",Lags both,44.219,Neutral,-7.8258,-5.7434,bearish fading,Neutral,-1.2063,-0.3676,thin,56.27,Positive accelerating,45.49,Neutral,Bearish majority,None,"Neutral - majority agree, 1 dissenting",Lower Half,No Trend,Bearish,No,No,Inside,18.33,Very Low,Stable,-16.54,No,"Very Low volatility, stable",Low vol - tight stops,High,Rising,Confirmed Up,-0.2579,Distribution,10.2297,Oversold,3 - Topping,late,80.0,41.0,1 - Basing,14.0,STAND ASIDE,47.87,0.0,Stage,3 - Topping - no new positions in a basing/topping stage,3 - Topping - no new positions in a basing/topping stage,3 - Topping but stage confidence only 40 - regime not established
2023-06-02,909.9500122070312,927.0,906.9000244140624,917.8499755859376,36947,916.6078,896.6884,No,52.74,Neutral,Downtrend,Hold,Uptrend (HH+HL),Bullish,51.01,Neutral,Bullish majority,"No clear trend - ADX no trend, price ranging",45.82,"Underperforming, weakening",Lags both,49.8268,Neutral,-6.6425,-5.9232,bearish fading,Neutral,0.0,-0.1381,thin,59.78,Positive accelerating,50.8,Neutral,Bearish majority,None,"Neutral - majority agree, 1 dissenting",Upper Half,No Trend,Bullish,No,No,Inside,12.31,Very Low,Contracting,-20.96,No,"Very Low volatility, contracting - coiling, watch for breakout",Low vol - tight stops,Normal,Rising,Weak Up,-0.2691,Distribution,15.5078,Oversold,3 - Topping,late,60.0,42.0,1 - Basing,14.0,STAND ASIDE,50.0,0.0,Stage,3 - Topping - no new positions in a basing/topping stage,3 - Topping - no new positions in a basing/topping stage,3 - Topping but stage confidence only 40 - regime not established
2023-06-05,927.0,933.9000244140624,918.5,922.0499877929688,32611,916.8212,896.9408,No,55.62,Neutral,Downtrend,Hold,Uptrend (HH+HL),Bullish,53.03,Neutral,Bullish majority,"No clear trend - ADX no trend, price ranging",44.9,"Underperforming, weakening",Lags both,51.5416,Neutral,-5.3048,-5.7995,Bullish crossover,Neutral,1.3687,0.1222,thin,60.83,Positive accelerating,55.39,Neutral,Bullish confirmed,None,Neutral - all 4 components agree incl. MACD acceleration,Upper Half,No Trend,Bullish,No,No,Inside,7.56,Very Low,Contracting,-21.31,Confirmed,"Very Low volatility, squeeze confirmed - expansion pending",Coiled - low vol squeeze,Normal,Rising,Weak Up,-0.236,Distribution,20.066,Neutral,3 - Topping,late,60.0,43.0,1 - Basing,14.0,STAND ASIDE,50.0,0.0,Stage,3 - Topping - no new positions in a basing/topping stage,3 - Topping - no new positions in a basing/topping stage,3 - Topping but stage confidence only 40 - regime not established
2023-06-06,922.9500122070312,928.2999877929688,912.6500244140624,920.0499877929688,34062,916.9478,897.1707,No,55.74,Neutral,Downtrend,Hold,Uptrend (HH+HL),Bullish,52.45,Neutral,Bullish majority,"No clear trend - ADX no trend, price ranging",46.91,"Underperforming, weakening",Lags both,50.6538,Neutral,-4.3558,-5.5108,bearish accelerating,Neutral,1.8881,0.2208,thin,60.68,Positive fading,57.47,Neutral,Bullish confirmed,None,Neutral - all 4 components agree incl. MACD acceleration,Upper Half,No Trend,Bullish,No,No,Inside,3.57,Very Low,Contracting,-24.14,Confirmed,"Very Low volatility, squeeze confirmed - expansion pending",Coiled - low vol squeeze,Normal,Falling,Weak Down,-0.0734,Distribution,19.6044,Oversold,3 - Topping,late,60.0,44.0,1 - Basing,14.0,STAND ASIDE,50.0,0.0,Stage,3 - Topping - no new positions in a basing/topping stage,3 - Topping - no new positions in a basing/topping stage,3 - Topping - no new positions in a basing/topping stage
2023-06-07,925.9000244140624,936.0,917.0,929.8499755859376,28841,917.4538,897.4959,No,61.33,Bull,Downtrend,Hold,Uptrend (HH+HL),Bullish,56.63,Neutral,Bullish majority,"No clear trend - ADX no trend, price ranging",45.49,"Underperforming, weakening",Lags both,54.7653,Neutral,-2.7808,-4.9648,bearish accelerating,Neutral,2.3219,0.303,thin,62.61,Positive accelerating,61.42,Bullish,Bullish confirmed,Bullish divergence,Bullish - bullish divergence vs price over 21 bars,At Upper,No Trend,Bullish,No,No,Inside,1.08,Very Low,Contracting,-25.06,Confirmed,"Very Low volatility, squeeze confirmed - expansion pending",Coiled - low vol squeeze,Normal,Falling,Weak Up,-0.0314,Neutral,21.4235,Neutral,3 - Topping,late,60.0,45.0,1 - Basing,14.0,STAND ASIDE,50.0,0.0,Stage,3 - Topping - no new positions in a basing/topping stage,3 - Topping - no new positions in a basing/topping stage,3 - Topping - no new positions in a basing/topping stage
2023-06-08,989.9500122070312,1022.0,965.0,982.4000244140624,524013,920.0007,898.3407,No,86.36,Strong Bull,Uptrend,Buy,Uptrend (HH+HL),Bullish,87.43,Strong Bull,Bullish confirmed,"Range with bullish lean - ADX no trend, direction not confirmed",62.01,"Outperforming, strengthening",Leads both,69.4598,Neutral,2.6768,-3.4365,bullish accelerating,Neutral,9.0163,1.5738,thin,71.44,Positive accelerating,72.47,Strong Bullish,Bullish confirmed,None,Strong Bullish - all 4 components agree incl. MACD acceleration,Above Upper,No Trend,Bullish,Yes,Yes,Breakout Up,21.12,Low,Stable,-4.47,No,"Low volatility, stable",Low vol - tight stops,High,Rising,Confirmed Up,-0.1542,Distribution,57.0501,Neutral,3 - Topping,late,20.0,46.0,1 - Basing,14.0,STAND ASIDE,50.0,0.0,Stage unclear,3 - Topping but stage confidence only 20 - regime not established,3 - Topping - no new positions in a basing/topping stage,3 - Topping - no new positions in a basing/topping stage
2023-06-09,1026.949951171875,1055.0,1001.0,1007.4000244140624,580963,923.4281,899.4259,No,92.84,Strong Bull,Uptrend,Hold,Uptrend (HH+HL),Bullish,91.61,Strong Bull,Bullish confirmed,"Range with bullish lean - ADX emerging, direction not confirmed",75.97,"Outperforming, strengthening",Leads both,73.8174,Neutral,8.9165,-0.9659,bullish accelerating,Neutral,11.1982,1.9702,thin,80.39,Positive accelerating,79.09,Strong Bullish,Bullish confirmed,None,Strong Bullish - all 4 components agree incl. MACD acceleration,Above Upper,Emerging,Bullish,Yes,Yes,Inside,50.5,Normal,Expanding,24.08,No,Squeeze releasing - expanding 2 bars after compression,Normal vol,High,Rising,Confirmed Up,-0.3478,Distribution,72.2497,Neutral,3 - Topping,late,20.0,47.0,1 - Basing,14.0,STAND ASIDE,50.0,0.0,Stage unclear,3 - Topping but stage confidence only 20 - regime not established,3 - Topping - no new positions in a basing/topping stage,3 - Topping - no new positions in a basing/topping stage
2023-06-12,1015.0,1015.0,984.6500244140624,997.7999877929688,76693,926.3447,900.4047,No,91.88,Strong Bull,Uptrend,Hold,Uptrend (HH+HL),Bullish,92.49,Strong Bull,Bullish confirmed,"Range with bullish lean - ADX emerging, direction not confirmed",74.94,"Outperforming, strengthening",Leads both,69.7045,Neutral,12.9378,1.8149,bullish accelerating,Neutral,10.9345,1.9019,thin,79.5,Positive fading,77.23,Strong Bullish,Bullish confirmed,None,Strong Bullish - all 4 components agree incl. MACD acceleration,Above Upper,Emerging,Bullish,Yes,Yes,Inside,60.83,High,Expanding,35.04,No,Squeeze releasing - expanding 3 bars after compression,Normal vol,Normal,Rising,Weak Down,-0.3469,Distribution,70.5079,Neutral,3 - Topping,late,20.0,48.0,1 - Basing,14.0,STAND ASIDE,50.0,0.0,Stage unclear,3 - Topping but stage confidence only 20 - regime not established,3 - Topping - no new positions in a basing/topping stage,3 - Topping - no new positions in a basing/topping stage
2023-06-13,995.7000122070312,1035.0,995.0,1014.7000122070312,121136,929.8096,901.542,No,93.4,Strong Bull,Uptrend,Hold,Uptrend (HH+HL),Bullish,94.35,Strong Bull,Bullish confirmed,"Strong Bull - all 4 components agree, trending ADX",74.48,"Outperforming, strengthening",Leads both,72.5989,Neutral,17.289,4.9097,bullish accelerating,Neutral,11.1391,1.9218,thin,82.4,Positive accelerating,79.59,Strong Bullish,Bullish confirmed,None,Strong Bullish - all 4 components agree incl. MACD acceleration,Above Upper,Trending,Bullish,Yes,Yes,Inside,63.83,High,Expanding,37.4,No,Squeeze releasing - expanding 4 bars after compression,Normal vol,Normal,Rising,Confirmed Up,-0.3255,Distribution,72.2093,Neutral,3 - Topping,late,20.0,49.0,1 - Basing,14.0,STAND ASIDE,50.0,0.0,Stage unclear,3 - Topping but stage confidence only 20 - regime not established,3 - Topping - no new positions in a basing/topping stage,3 - Topping - no new positions in a basing/topping stage
2023-06-14,1024.1500244140625,1024.1500244140625,1010.2000122070312,1012.0499877929688,30970,933.0347,902.6416,No,92.96,Strong Bull,Uptrend,Hold,Uptrend (HH+HL),Bullish,95.43,Strong Bull,Bullish confirmed,"Strong Bull - all 4 components agree, trending ADX",71.39,"Outperforming, strengthening",Leads both,71.4462,Neutral,20.2897,7.9857,bullish fading,Neutral,12.3252,2.1203,thin,82.53,Positive accelerating,79.31,Strong Bullish,Bullish confirmed,None,Strong Bullish - all 4 components agree incl. MACD acceleration,At Upper,Trending,Bullish,Yes,Yes,Inside,61.44,High,Expanding,35.61,No,Squeeze releasing - expanding 5 bars after compression,Normal vol,Dry-up,Rising,Weak Down,-0.336,Distribution,73.2301,Neutral,3 - Topping,late,20.0,50.0,1 - Basing,14.0,STAND ASIDE,50.0,0.0,Stage unclear,3 - Topping but stage confidence only 20 - regime not established,3 - Topping - no new positions in a basing/topping stage,3 - Topping - no new positions in a basing/topping stage
2023-06-15,1010.0,1019.9000244140624,995.0,998.4500122070312,28532,935.6,903.5949,No,91.14,Strong Bull,Uptrend,Hold,Uptrend (HH+HL),Bullish,95.43,Strong Bull,Bullish confirmed,"Strong Bull - all 4 components agree, trending ADX",68.06,"Outperforming, strengthening",Leads both,65.6825,Neutral,21.3246,10.6535,bullish fading,Neutral,10.326,1.7335,thin,82.33,Positive fading,76.82,Strong Bullish,Bullish confirmed,None,Strong Bullish - all 4 components agree incl. MACD acceleration,Upper Half,Trending,Bullish,Yes,Yes,Inside,61.17,High,Expanding,42.85,No,Squeeze releasing - expanding 6 bars after compression,Normal vol,Dry-up,Rising,Weak Down,-0.3394,Distribution,71.805,Neutral,3 - Topping,late,20.0,51.0,1 - Basing,14.0,STAND ASIDE,50.0,0.0,Stage unclear,3 - Topping but stage confidence only 20 - regime not established,3 - Topping but stage confidence only 20 - regime not established,3 - Topping - no new positions in a basing/topping stage
2023-06-16,1007.25,1014.0499877929688,995.0499877929688,997.4500122070312,30675,938.0255,904.5288,No,91.02,Strong Bull,Uptrend,Hold,Uptrend (HH+HL),Bullish,95.98,Strong Bull,Bullish confirmed,"Strong Bull - all 4 components agree, trending ADX",64.96,"Outperforming, strengthening",Leads both,65.2656,Neutral,21.8126,12.8853,bullish fading,Neutral,8.6724,1.4179,thin,82.89,Positive accelerating,75.46,Strong Bullish,Bullish confirmed,None,Strong Bullish - all 4 components agree incl. MACD acceleration,Upper Half,Trending,Bullish,Yes,Yes,Inside,59.23,Normal,Expanding,46.92,No,Squeeze releasing - expanding 7 bars after compression,Normal vol,Dry-up,Rising,Weak Down,-0.3526,Distribution,71.3476,Neutral,3 - Topping,late,20.0,52.0,1 - Basing,14.0,STAND ASIDE,50.0,0.0,Stage unclear,3 - Topping but stage confidence only 20 - regime not established,3 - Topping but stage confidence only 20 - regime not established,3 - Topping - no new positions in a basing/topping stage
2023-06-19,1000.9500122070312,1040.0,993.0,998.4000244140624,91986,940.3931,905.4628,No,91.18,Strong Bull,Uptrend,Hold,Uptrend (HH+HL),Bullish,96.9,Strong Bull,Bullish confirmed,"Strong Bull - all 4 components agree, trending ADX",63.22,"Outperforming, strengthening",Leads both,65.4897,Neutral,22.0221,14.7127,bullish fading,Neutral,8.2805,1.3378,thin,81.59,Positive fading,73.64,Strong Bullish,Bullish confirmed,None,Strong Bullish - all 4 components agree incl. MACD acceleration,Upper Half,Trending,Bullish,Yes,Yes,Inside,63.81,High,Expanding,56.24,No,Squeeze releasing - expanding 8 bars after compression,Normal vol,Normal,Rising,Weak Up,-0.3662,Distribution,72.4889,Neutral,3 - Topping,late,20.0,53.0,1 - Basing,14.0,STAND ASIDE,50.0,0.0,Stage unclear,3 - Topping but stage confidence only 20 - regime not established,3 - Topping but stage confidence only 20 - regime not established,3 - Topping - no new positions in a basing/topping stage
2023-06-20,1002.4000244140624,1013.0499877929688,985.5,1004.0999755859376,54027,942.8914,906.4443,No,92.05,Strong Bull,Uptrend,Hold,Uptrend (HH+HL),Bullish,97.22,Strong Bull,Bullish confirmed,"Strong Bull - all 4 components agree, trending ADX",64.03,"Outperforming, strengthening",Leads both,66.8708,Neutral,22.39,16.2481,bullish fading,Neutral,9.1354,1.4862,thin,82.78,Positive accelerating,73.56,Strong Bullish,Bullish confirmed,None,Strong Bullish - all 4 components agree incl. MACD acceleration,Upper Half,Trending,Bullish,Yes,Yes,Inside,62.6,High,Expanding,59.03,No,Squeeze releasing - expanding 9 bars after compression,Normal vol,Dry-up,Rising,Weak Up,-0.3445,Distribution,71.1876,Neutral,3 - Topping,late,20.0,54.0,1 - Basing,14.0,STAND ASIDE,50.0,0.0,Stage unclear,3 - Topping but stage confidence only 20 - regime not established,3 - Topping but stage confidence only 20 - regime not established,3 - Topping - no new positions in a basing/topping stage
2023-06-21,1011.0,1104.5,1010.0499877929688,1099.800048828125,770991,949.0447,908.3682,No,98.42,Strong Bull,Uptrend,Hold,Uptrend (HH+HL),Bullish,99.45,Strong Bull,Bullish confirmed,"Strong Bull - all 4 components agree, trending ADX",91.37,"Outperforming, strengthening",Leads both,80.7795,Overbought,30.0573,19.01,bullish accelerating,Neutral,18.2771,3.1041,thin,100.0,Positive accelerating,87.33,Strong Bullish,Bullish confirmed,None,Strong Bullish - all 4 components agree incl. MACD acceleration,Above Upper,Trending,Bullish,Yes,Yes,Breakout Up,71.85,High,Expanding,70.78,No,Squeeze releasing - expanding 10 bars after compression,Normal vol,High,Rising,Confirmed Up,-0.0201,Neutral,91.1333,Overbought,3 - Topping,late,20.0,55.0,1 - Basing,14.0,STAND ASIDE,50.0,0.0,Stage unclear,3 - Topping but stage confidence only 20 - regime not established,3 - Topping but stage confidence only 20 - regime not established,3 - Topping - no new positions in a basing/topping stage
2023-06-22,1131.0,1209.0,1112.800048828125,1165.949951171875,1697425,957.5508,910.9312,No,98.55,Strong Bull,Uptrend,Hold,Uptrend (HH+HL),Bullish,99.49,Strong Bull,Bullish confirmed,"Strong Bull - all 4 components agree, trending ADX",100.0,"Outperforming, strengthening",Leads both,85.356,Overbought,40.9988,23.4077,bullish accelerating,Overbought,18.6838,3.1095,thin,100.0,Positive accelerating,91.28,Strong Bullish,Bullish confirmed,None,Strong Bullish but overbought on RSI and Stochastic - stretched,Above Upper,Trending,Bullish,Yes,Yes,Breakout Up,82.16,Very High,Expanding,61.03,No,Squeeze releasing - expanding 11 bars after compression,Normal vol,High,Rising,Confirmed Up,0.0278,Neutral,95.0091,Overbought,3 - Topping,late,20.0,56.0,1 - Basing,14.0,STAND ASIDE,50.0,0.0,Stage unclear,3 - Topping but stage confidence only 20 - regime not established,3 - Topping but stage confidence only 20 - regime not established,3 - Topping but stage confidence only 20 - regime not established
2023-06-23,1168.0,1168.0,1104.0,1128.699951171875,571387,964.2625,913.0981,No,97.8,Strong Bull,Uptrend,Hold,Uptrend (HH+HL),Bullish,99.23,Strong Bull,Bullish confirmed,"Strong Bull - all 4 components agree, strong ADX",100.0,"Outperforming, strengthening",Leads both,74.5861,Neutral,46.1324,27.9527,bullish accelerating,Overbought,12.0409,1.9046,full,100.0,Positive fading,88.28,Strong Bullish,Bullish confirmed,None,Strong Bullish but overbought on RSI and Stochastic - stretched,At Upper,Strong,Bullish,Yes,Yes,Inside,87.45,Very High,Expanding,36.95,No,Squeeze releasing - expanding 12 bars after compression,Normal vol,High,Rising,Confirmed Down,0.0027,Neutral,82.8047,Overbought,3 - Topping,late,20.0,57.0,1 - Basing,14.0,STAND ASIDE,50.0,0.0,Stage unclear,3 - Topping but stage confidence only 20 - regime not established,3 - Topping but stage confidence only 20 - regime not established,3 - Topping but stage confidence only 20 - regime not established
2023-06-26,1120.0,1124.5,1085.0,1088.5,135211,969.1346,914.8434,No,95.15,Strong Bull,Uptrend,Hold,Uptrend (HH+HL),Bullish,98.21,Strong Bull,Bullish confirmed,"Strong Bull - all 4 components agree, strong ADX",88.47,"Outperforming, strengthening",Leads both,65.0474,Neutral,46.422,31.6465,bullish fading,Neutral,9.09,1.3719,full,98.73,Positive fading,82.71,Strong Bullish,Bullish confirmed,None,Strong Bullish - all 4 components agree incl. MACD acceleration,Upper Half,Strong,Bullish,Yes,Yes,Inside,88.38,Very High,Expanding,27.55,No,Squeeze releasing - expanding 13 bars after compression,Normal vol,Normal,Rising,Weak Down,-0.0168,Neutral,80.9268,Overbought,3 - Topping,late,20.0,58.0,1 - Basing,14.0,STAND ASIDE,50.0,0.0,Stage unclear,3 - Topping but stage confidence only 20 - regime not established,3 - Topping but stage confidence only 20 - regime not established,3 - Topping but stage confidence only 20 - regime not established
2023-06-27,1110.949951171875,1110.949951171875,1070.550048828125,1072.949951171875,134470,973.2058,916.4166,No,93.39,Strong Bull,Uptrend,Hold,Uptrend (HH+HL),Bullish,94.44,Strong Bull,Bullish confirmed,"Strong Bull - all 4 components agree, strong ADX",77.42,"Outperforming, strengthening",Leads both,61.7573,Neutral,44.8794,34.2931,bullish fading,Neutral,5.7406,0.7738,full,92.32,Positive fading,76.49,Strong Bullish,Bullish confirmed,None,Strong Bullish - all 4 components agree incl. MACD acceleration,Upper Half,Strong,Bullish,Yes,Yes,Inside,88.29,Very High,Expanding,24.46,No,Squeeze releasing - expanding 14 bars after compression,Normal vol,Dry-up,Rising,Weak Down,-0.0395,Neutral,78.5992,Neutral,3 - Topping,late,20.0,59.0,1 - Basing,14.0,STAND ASIDE,50.0,0.0,Stage unclear,3 - Topping but stage confidence only 20 - regime not established,3 - Topping but stage confidence only 20 - regime not established,3 - Topping but stage confidence only 20 - regime not established
2023-06-28,1100.0,1100.0,1060.0,1072.4000244140625,168321,977.0958,917.9686,No,93.12,Strong Bull,Uptrend,Hold,Uptrend (HH+HL),Bullish,94.23,Strong Bull,Bullish confirmed,"Strong Bull - all 4 components agree, strong ADX",72.78,"Outperforming, strengthening",Leads both,61.6386,Neutral,43.1154,36.0576,bullish fading,Neutral,5.9631,0.807,full,92.15,Positive fading,72.73,Strong Bullish,Bullish majority,None,"Strong Bullish - majority agree, 1 dissenting",Upper Half,Strong,Bullish,Yes,Yes,Inside,87.53,Very High,Expanding,26.09,No,Squeeze releasing - expanding 15 bars after compression,Normal vol,Normal,Rising,Weak Down,-0.0475,Neutral,73.4809,Neutral,3 - Topping,late,20.0,60.0,1 - Basing,14.0,STAND ASIDE,50.0,0.0,Stage unclear,3 - Topping but stage confidence only 20 - regime not established,3 - Topping but stage confidence only 20 - regime not established,3 - Topping but stage confidence only 20 - regime not established
2023-06-30,1085.0,1087.199951171875,1062.0,1067.9000244140625,66616,980.6567,919.4605,No,92.56,Strong Bull,Uptrend,Hold,Uptrend (HH+HL),Bullish,93.13,Strong Bull,Bullish confirmed,"Strong Bull - all 4 components agree, strong ADX",75.86,"Outperforming, strengthening",Leads both,60.6116,Neutral,40.8831,37.0227,bullish fading,Neutral,6.9558,0.9746,full,96.63,Positive accelerating,69.98,Bullish,Bullish majority,None,"Bullish - majority agree, 1 dissenting",Upper Half,Strong,Bullish,Yes,Yes,Inside,85.38,Very High,Expanding,24.2,No,Very High volatility and still expanding - move may be extended,Normal vol,Dry-up,Rising,Weak Down,-0.071,Distribution,68.7468,Neutral,3 - Topping,late,20.0,61.0,1 - Basing,14.0,STAND ASIDE,50.0,0.0,Stage unclear,3 - Topping but stage confidence only 20 - regime not established,3 - Topping but stage confidence only 20 - regime not established,3 - Topping but stage confidence only 20 - regime not established
2023-07-03,1078.800048828125,1110.0,1047.0,1066.949951171875,186442,984.0408,920.9281,No,90.97,Strong Bull,Uptrend,Hold,Uptrend (HH+HL),Bullish,92.38,Strong Bull,Bullish confirmed,"Strong Bull - all 4 components agree, strong ADX",72.64,"Outperforming, strengthening",Leads both,60.3829,Neutral,38.5925,37.3366,bullish fading,Neutral,6.9678,0.9691,full,96.08,Positive fading,66.61,Bullish,Bullish majority,None,"Bullish - majority agree, 1 dissenting",Upper Half,Strong,Bullish,Yes,Yes,Inside,87.46,Very High,Expanding,28.24,No,Very High volatility and still expanding - move may be extended,Vol expanding,Normal,Rising,Weak Down,-0.0824,Distribution,71.2777,Neutral,3 - Topping,late,20.0,62.0,1 - Basing,14.0,STAND ASIDE,50.0,0.0,Stage unclear,3 - Topping but stage confidence only 20 - regime not established,3 - Topping but stage confidence only 20 - regime not established,3 - Topping but stage confidence only 20 - regime not established
2023-07-04,1067.0,1076.0,1055.5999755859375,1060.199951171875,71859,987.0274,922.3138,No,86.53,Strong Bull,Uptrend,Hold,Uptrend (HH+HL),Bullish,89.45,Strong Bull,Bullish confirmed,"Strong Bull - all 4 components agree, strong ADX",59.02,"Outperforming, strengthening",Leads both,58.6883,Neutral,35.8195,37.0332,Bearish crossover,Neutral,6.1899,0.8253,full,84.25,Positive fading,59.52,Bullish,Mixed,None,"Bullish - components mixed, low conviction",Upper Half,Strong,Bullish,Yes,Yes,Inside,84.09,Very High,Expanding,20.28,No,Very High volatility and still expanding - move may be extended,Normal vol,Dry-up,Rising,Weak Down,-0.0859,Distribution,69.286,Neutral,3 - Topping,late,20.0,63.0,1 - Basing,14.0,STAND ASIDE,50.0,0.0,Stage unclear,3 - Topping but stage confidence only 20 - regime not established,3 - Topping but stage confidence only 20 - regime not established,3 - Topping but stage confidence only 20 - regime not established
2023-07-05,1070.699951171875,1072.0,1056.0999755859375,1059.449951171875,42554,989.8675,923.6784,No,84.94,Strong Bull,Uptrend,Hold,Uptrend (HH+HL),Bullish,88.75,Strong Bull,Bullish confirmed,"Strong Bull - all 4 components agree, strong ADX",53.45,"Outperforming, strengthening",Leads NIFTY50 only,58.4918,Neutral,33.179,36.2624,bullish accelerating,Neutral,5.5124,0.7008,full,76.25,Positive fading,54.88,Neutral,Mixed,Bearish divergence,Neutral - bearish divergence vs price over 21 bars,Upper Half,Strong,Bullish,Yes,Yes,Inside,80.02,Very High,Stable,17.42,No,"Very High volatility, stable",Normal vol,Dry-up,Rising,Weak Down,-0.0899,Distribution,68.3799,Neutral,3 - Topping,late,20.0,64.0,1 - Basing,14.0,STAND ASIDE,50.0,0.0,Stage unclear,3 - Topping but stage confidence only 20 - regime not established,3 - Topping but stage confidence only 20 - regime not established,3 - Topping but stage confidence only 20 - regime not established
2023-07-06,1059.449951171875,1098.0,1055.0,1059.5,184494,992.5982,925.0298,No,83.8,Strong Bull,Uptrend,Hold,Uptrend (HH+HL),Bullish,88.36,Strong Bull,Bullish confirmed,"Strong Bull - all 4 components agree, strong ADX",56.68,"Outperforming, strengthening",Leads both,58.5018,Neutral,30.736,35.1571,bullish accelerating,Neutral,-3.6643,-0.9158,full,79.48,Positive accelerating,54.39,Neutral,Mixed,Bearish divergence,Neutral - bearish divergence vs price over 21 bars,Upper Half,Strong,Bullish,Yes,Yes,Inside,78.3,High,Stable,6.45,No,"High volatility, stable",Normal vol,Normal,Rising,Weak Up,-0.1155,Distribution,70.129,Neutral,3 - Topping,late,20.0,65.0,1 - Basing,14.0,STAND ASIDE,50.0,0.0,Stage unclear,3 - Topping but stage confidence only 20 - regime not established,3 - Topping but stage confidence only 20 - regime not established,3 - Topping but stage confidence only 20 - regime not established
2023-07-07,1065.0999755859375,1081.75,1061.050048828125,1077.300048828125,70995,995.9198,926.545,No,87.09,Strong Bull,Uptrend,Hold,Uptrend (HH+HL),Bullish,93.12,Strong Bull,Bullish confirmed,"Strong Bull - all 4 components agree, strong ADX",69.81,"Outperforming, strengthening",Leads both,62.0015,Neutral,29.8917,34.104,bullish fading,Neutral,-7.6032,-1.5967,full,86.07,Positive accelerating,57.94,Neutral,Mixed,Bearish divergence,Neutral - bearish divergence vs price over 21 bars,Upper Half,Strong,Bullish,Yes,Yes,Inside,73.01,High,Stable,-9.15,No,"High volatility, stable",Normal vol,Dry-up,Rising,Weak Up,-0.0779,Distribution,71.0646,Neutral,2 - Advancing,early,84.0,1.0,3 - Topping,65.0,HOLD / TIGHTEN STOP,70.0,2.0,Momentum divergence,"2 - Advancing, trend 93 long but momentum diverging - trend tiring, tighten stop",3 - Topping but stage confidence only 20 - regime not established,3 - Topping but stage confidence only 20 - regime not established
2023-07-10,1082.3499755859375,1085.800048828125,1047.199951171875,1050.5,69487,998.0602,927.7784,No,82.3,Strong Bull,Uptrend,Hold,Uptrend (HH+HL),Bullish,86.01,Strong Bull,Bullish confirmed,"Strong Bull - all 4 components agree, strong ADX",66.27,"Outperforming, strengthening",Leads both,54.5432,Neutral,26.7517,32.6336,bullish accelerating,Neutral,-6.9283,-1.4669,full,82.98,Positive fading,53.11,Neutral,Mixed,Bearish divergence,Neutral - bearish divergence vs price over 21 bars,Lower Half,Strong,Bullish,Yes,No,Inside,72.7,High,Stable,-14.75,No,"High volatility, stable",Vol contracting,Dry-up,Rising,Weak Down,-0.0028,Neutral,69.3839,Neutral,2 - Advancing,early,84.0,2.0,3 - Topping,65.0,HOLD / TIGHTEN STOP,69.94,2.0,Momentum divergence,"2 - Advancing, trend 86 long but momentum diverging - trend tiring, tighten stop",3 - Topping but stage confidence only 20 - regime not established,3 - Topping but stage confidence only 20 - regime not established
2023-07-11,1055.0,1069.0,1044.0,1045.9000244140625,105754,999.9363,928.9537,No,80.9,Strong Bull,Uptrend,Hold,Uptrend (HH+HL),Bullish,84.58,Strong Bull,Bullish confirmed,"Strong Bull - all 4 components agree, strong ADX",63.22,"Outperforming, weakening",Leads both,53.3568,Neutral,23.6198,30.8308,bullish accelerating,Neutral,-3.9136,-0.934,full,81.18,Positive fading,50.57,Neutral,Mixed,Bearish divergence,Neutral - bearish divergence vs price over 21 bars,Lower Half,Strong,Bullish,Yes,No,Inside,70.95,High,Stable,-17.42,No,"High volatility, stable",Vol contracting,Dry-up,Rising,Weak Down,-0.0199,Neutral,68.5516,Neutral,2 - Advancing,early,84.0,3.0,3 - Topping,65.0,HOLD / TIGHTEN STOP,68.53,2.0,Momentum divergence,"2 - Advancing, trend 85 long but momentum diverging - trend tiring, tighten stop",3 - Topping but stage confidence only 20 - regime not established,3 - Topping but stage confidence only 20 - regime not established
2023-07-12,1050.0,1096.9000244140625,1050.0,1074.9000244140625,222291,1002.876,930.4059,No,86.54,Strong Bull,Uptrend,Hold,Uptrend (HH+HL),Bullish,92.44,Strong Bull,Bullish confirmed,"Strong Bull - all 4 components agree, strong ADX",70.9,"Outperforming, strengthening",Leads both,59.3587,Neutral,23.2102,29.3067,bullish fading,Neutral,0.1817,-0.2181,full,85.48,Positive accelerating,53.68,Neutral,Mixed,Bearish divergence,Neutral - bearish divergence vs price over 21 bars,Upper Half,Strong,Bullish,Yes,No,Inside,71.47,High,Stable,-16.82,No,"High volatility, stable",Vol contracting,Normal,Rising,Weak Up,-0.0162,Neutral,64.1411,Neutral,2 - Advancing,mid,84.0,4.0,3 - Topping,65.0,HOLD / TIGHTEN STOP,70.0,2.0,Momentum divergence,"2 - Advancing, trend 92 long but momentum diverging - trend tiring, tighten stop",3 - Topping but stage confidence only 20 - regime not established,3 - Topping but stage confidence only 20 - regime not established
2023-07-13,1090.0,1097.0,1069.0,1077.0,136053,1005.7829,931.8645,No,88.45,Strong Bull,Uptrend,Hold,Uptrend (HH+HL),Bullish,93.53,Strong Bull,Bullish confirmed,"Strong Bull - all 4 components agree, strong ADX",70.65,"Outperforming, strengthening",Leads both,59.7624,Neutral,22.7923,28.0038,bullish fading,Neutral,0.4289,-0.1729,full,84.5,Positive fading,54.21,Neutral,Mixed,Bearish divergence,Neutral - bearish divergence vs price over 21 bars,Upper Half,Strong,Bullish,Yes,No,Inside,69.52,High,Stable,-18.01,No,"High volatility, stable",Vol contracting,Normal,Rising,Weak Up,-0.0232,Neutral,36.4112,Neutral,2 - Advancing,mid,84.0,5.0,3 - Topping,65.0,HOLD / TIGHTEN STOP,70.0,2.0,Momentum divergence,"2 - Advancing, trend 94 long but momentum diverging - trend tiring, tighten stop",3 - Topping but stage confidence only 20 - regime not established,3 - Topping but stage confidence only 20 - regime not established
2023-07-14,1088.300048828125,1090.0,1061.699951171875,1073.449951171875,87770,1008.4365,933.2734,No,87.24,Strong Bull,Uptrend,Hold,Uptrend (HH+HL),Bullish,92.39,Strong Bull,Bullish confirmed,"Strong Bull - all 4 components agree, strong ADX",66.53,"Outperforming, strengthening",Leads both,58.7007,Neutral,21.922,26.7874,bullish fading,Neutral,0.5197,-0.1517,full,82.7,Positive fading,54.43,Neutral,Mixed,Bearish divergence,Neutral - bearish divergence vs price over 21 bars,Upper Half,Strong,Bullish,Yes,No,Inside,67.78,High,Stable,-17.6,No,"High volatility, stable",Vol contracting,Dry-up,Rising,Weak Down,-0.0217,Neutral,47.5528,Neutral,2 - Advancing,mid,84.0,6.0,3 - Topping,65.0,HOLD / TIGHTEN STOP,70.0,2.0,Momentum divergence,"2 - Advancing, trend 92 long but momentum diverging - trend tiring, tighten stop","2 - Advancing, trend 93 long but momentum diverging - trend tiring, tighten stop",3 - Topping but stage confidence only 20 - regime not established
2023-07-17,1097.0,1110.0,1075.0,1079.6500244140625,159596,1011.2292,934.7298,No,90.6,Strong Bull,Uptrend,Hold,Uptrend (HH+HL),Bullish,94.82,Strong Bull,Bullish confirmed,"Strong Bull - all 4 components agree, strong ADX",61.21,"Outperforming, strengthening",Leads both,60.0361,Neutral,21.4848,25.7269,bullish fading,Neutral,1.1903,-0.0293,full,81.61,Positive fading,56.5,Neutral,Mixed,Bearish divergence,Neutral - bearish divergence vs price over 21 bars,Upper Half,Strong,Bullish,Yes,No,Inside,65.36,High,Contracting,-22.11,No,"High volatility, contracting - move losing energy",Vol contracting,Normal,Rising,Weak Up,-0.0399,Neutral,56.3764,Neutral,2 - Advancing,mid,84.0,7.0,3 - Topping,65.0,HOLD / TIGHTEN STOP,70.0,2.0,Momentum divergence,"2 - Advancing, trend 95 long but momentum diverging - trend tiring, tighten stop","2 - Advancing, trend 86 long but momentum diverging - trend tiring, tighten stop",3 - Topping but stage confidence only 20 - regime not established
2023-07-18,1085.3499755859375,1100.75,1040.550048828125,1049.199951171875,173966,1012.7182,935.8688,No,86.6,Strong Bull,Uptrend,Hold,Uptrend (HH+HL),Bullish,87.25,Strong Bull,Bullish confirmed,"Strong Bull - all 4 components agree, strong ADX",47.19,"Underperforming, improving",Lags both,51.2684,Neutral,18.4685,24.2752,bullish accelerating,Neutral,-1.0375,-0.4152,full,71.41,Positive fading,48.81,Neutral,Mixed,Bearish divergence,Neutral - bearish divergence vs price over 21 bars,Lower Half,Strong,Bullish,No,No,Inside,66.9,High,Stable,-17.18,No,"High volatility, stable",Vol contracting,Normal,Rising,Weak Down,-0.0497,Neutral,55.1981,Neutral,2 - Advancing,mid,84.0,8.0,3 - Topping,65.0,HOLD / TIGHTEN STOP,69.21,2.0,Momentum divergence,"2 - Advancing, trend 87 long but momentum diverging - trend tiring, tighten stop","2 - Advancing, trend 85 long but momentum diverging - trend tiring, tighten stop",3 - Topping but stage confidence only 20 - regime not established
2023-07-19,1058.800048828125,1077.050048828125,1054.25,1066.699951171875,73217,1014.8351,937.1706,No,87.42,Strong Bull,Uptrend,Hold,Uptrend (HH+HL),Bullish,91.08,Strong Bull,Bullish confirmed,"Strong Bull - all 4 components agree, strong ADX",42.65,"Underperforming, improving",Lags both,55.308,Neutral,17.2907,22.8783,bullish fading,Neutral,0.6843,-0.109,full,69.26,Positive fading,49.63,Neutral,Mixed,Bearish divergence,Neutral - bearish divergence vs price over 21 bars,Lower Half,Strong,Bullish,No,No,Inside,58.73,Normal,Contracting,-21.29,No,"Normal volatility, contracting - move losing energy",Vol contracting,Dry-up,Rising,Weak Up,-0.0519,Distribution,62.8329,Neutral,2 - Advancing,mid,84.0,9.0,3 - Topping,65.0,HOLD / TIGHTEN STOP,70.0,2.0,Momentum divergence,"2 - Advancing, trend 91 long but momentum diverging - trend tiring, tighten stop","2 - Advancing, trend 92 long but momentum diverging - trend tiring, tighten stop",3 - Topping but stage confidence only 20 - regime not established
2023-07-20,1071.4000244140625,1074.800048828125,1052.0,1058.199951171875,59442,1016.5357,938.3749,No,84.24,Strong Bull,Uptrend,Hold,Uptrend (HH+HL),Bullish,88.25,Strong Bull,Bullish confirmed,"Strong Bull - all 4 components agree, strong ADX",37.99,"Underperforming, weakening",Lags both,53.0095,Neutral,15.4929,21.4013,bullish accelerating,Neutral,-0.1227,-0.2473,full,67.11,Positive fading,46.92,Neutral,Mixed,Bearish divergence,Neutral - bearish divergence vs price over 21 bars,Lower Half,Strong,Bullish,No,No,Inside,55.44,Normal,Contracting,-22.86,No,"Normal volatility, contracting - move losing energy",Vol contracting,Dry-up,Rising,Weak Down,-0.2235,Distribution,63.1301,Neutral,2 - Advancing,mid,84.0,10.0,3 - Topping,65.0,HOLD / TIGHTEN STOP,69.09,2.0,Momentum divergence,"2 - Advancing, trend 88 long but momentum diverging - trend tiring, tighten stop","2 - Advancing, trend 94 long but momentum diverging - trend tiring, tighten stop",3 - Topping but stage confidence only 20 - regime not established
2023-07-21,1058.199951171875,1074.4000244140625,1053.1500244140625,1067.050048828125,61829,1018.5167,939.6553,No,84.84,Strong Bull,Uptrend,Hold,Uptrend (HH+HL),Bullish,90.25,Strong Bull,Bullish confirmed,"Strong Bull - all 4 components agree, strong ADX",40.92,"Underperforming, weakening",Lags both,55.1017,Neutral,14.6138,20.0438,bullish fading,Neutral,-0.9515,-0.389,full,66.8,Positive fading,48.93,Neutral,Mixed,None,"Neutral - components mixed, low conviction",Lower Half,Strong,Bullish,No,No,Inside,43.53,Normal,Contracting,-29.47,Partial,"Normal volatility, contracting - move losing energy",Vol contracting,Dry-up,Falling,Weak Up,-0.4122,Distribution,60.0805,Neutral,2 - Advancing,mid,84.0,11.0,3 - Topping,65.0,ENTER SMALL,71.79,3.0,Volume,"2 - Advancing, trend 90 long confirmed but participation is thin - reduce size, breakouts without volume fail more often","2 - Advancing, trend 92 long but momentum diverging - trend tiring, tighten stop","2 - Advancing, trend 93 long but momentum diverging - trend tiring, tighten stop"
2023-07-24,1074.0,1082.5999755859375,1053.699951171875,1063.300048828125,63817,1020.2729,940.8856,No,82.99,Strong Bull,Uptrend,Hold,Range,Bullish,78.84,Strong Bull,Bullish confirmed,"Strong Bull - all 4 components agree, strong ADX",49.38,"Underperforming, weakening",Lags both,54.0045,Neutral,13.4594,18.7269,bullish fading,Neutral,1.2185,0.0003,full,71.24,Positive accelerating,49.9,Neutral,Mixed,None,"Neutral - components mixed, low conviction",Lower Half,Strong,Bullish,No,No,Inside,33.14,Low,Contracting,-39.56,Confirmed,"Low volatility, squeeze confirmed - expansion pending",Vol contracting,Normal,Falling,Weak Down,-0.4563,Distribution,64.5987,Neutral,2 - Advancing,late,84.0,12.0,3 - Topping,65.0,ENTER SMALL,65.75,3.0,Volume,"2 - Advancing, trend 79 long confirmed but participation is thin - reduce size, breakouts without volume fail more often","2 - Advancing, trend 95 long but momentum diverging - trend tiring, tighten stop","2 - Advancing, trend 86 long but momentum diverging - trend tiring, tighten stop"
2023-07-25,1069.949951171875,1079.800048828125,1058.0,1075.050048828125,59410,1022.421,942.2205,No,87.31,Strong Bull,Uptrend,Hold,Downtrend (LH+LL),Bearish,72.74,Bull,Bullish majority,"Bull - majority agree, 1 dissenting, strong ADX",50.31,"Outperforming, weakening",Leads NIFTY50 only,56.9004,Neutral,13.3388,17.6493,bullish fading,Neutral,2.7871,0.2946,full,71.76,Positive accelerating,52.83,Neutral,Mixed,None,"Neutral - components mixed, low conviction",Upper Half,Strong,Bullish,No,No,Inside,25.2,Low,Contracting,-45.75,Confirmed,"Low volatility, squeeze confirmed - expansion pending",Vol contracting,Normal,Falling,Weak Up,-0.4061,Distribution,67.7601,Neutral,2 - Advancing,late,84.0,13.0,3 - Topping,65.0,ENTER SMALL,65.08,3.0,Volume,"2 - Advancing, trend 73 long confirmed but participation is thin - reduce size, breakouts without volume fail more often","2 - Advancing, trend 87 long but momentum diverging - trend tiring, tighten stop","2 - Advancing, trend 85 long but momentum diverging - trend tiring, tighten stop"
2023-07-26,1080.0,1094.4000244140625,1003.3499755859376,1019.25,212860,1022.2967,942.987,No,74.35,Bull,Downtrend,Sell,Downtrend (LH+LL),Bearish,26.02,Bear,Bearish majority,"Bear - majority agree, 1 dissenting, trending ADX",42.87,"Underperforming, weakening",Lags both,43.0412,Neutral,8.6411,15.8476,bullish accelerating,Neutral,-5.1772,-1.156,full,66.36,Positive fading,43.59,Neutral,Bearish majority,None,"Neutral - majority agree, 1 dissenting",Below Lower,Trending,Bearish,No,Yes,Breakout Down,37.9,Low,Contracting,-33.57,Partial,"Low volatility, contracting - coiling, watch for breakout",Normal vol,Normal,Falling,Confirmed Down,-0.4009,Distribution,54.8953,Neutral,2 - Advancing,late,84.0,14.0,3 - Topping,65.0,WAIT,38.89,1.0,Trend,"2 - Advancing, but trend score 26 does not confirm long - no directional edge","2 - Advancing, trend 91 long but momentum diverging - trend tiring, tighten stop","2 - Advancing, trend 92 long but momentum diverging - trend tiring, tighten stop"
2023-07-27,1018.9500122070312,1070.0,1013.0,1031.5999755859375,181167,1022.6615,943.8687,No,66.74,Bull,Downtrend,Hold,Downtrend (LH+LL),Bearish,23.36,Strong Bear,Bearish majority,"Strong Bear - majority agree, 1 dissenting, trending ADX",51.91,"Outperforming, weakening",Leads NIFTY50 only,46.1665,Neutral,5.8472,13.8475,bullish accelerating,Neutral,-4.2154,-0.9752,full,71.01,Positive accelerating,45.12,Neutral,Bearish majority,None,"Neutral - majority agree, 1 dissenting",At Lower,Trending,Bearish,No,Yes,Inside,44.09,Normal,Contracting,-25.44,Partial,"Normal volatility, contracting - move losing energy",Vol expanding,Normal,Falling,Confirmed Up,-0.3982,Distribution,47.1282,Neutral,2 - Advancing,late,74.0,15.0,3 - Topping,65.0,WAIT,40.75,1.0,Trend,"2 - Advancing, but trend score 23 does not confirm long - no directional edge","2 - Advancing, trend 88 long but momentum diverging - trend tiring, tighten stop","2 - Advancing, trend 94 long but momentum diverging - trend tiring, tighten stop"
2023-07-28,1029.0,1047.0,1019.7000122070312,1024.300048828125,81706,1022.7258,944.669,No,64.32,Bull,Downtrend,Hold,Downtrend (LH+LL),Bearish,22.51,Strong Bear,Bearish majority,"Strong Bear - majority agree, 1 dissenting, trending ADX",48.36,"Underperforming, weakening",Lags both,44.6084,Neutral,3.0093,11.6799,bullish accelerating,Neutral,-4.5787,-1.0386,full,66.19,Positive fading,41.58,Bearish,Bearish majority,None,"Bearish - majority agree, 1 dissenting",At Lower,Trending,Bearish,No,Yes,Inside,45.2,Normal,Contracting,-22.58,Partial,"Normal volatility, contracting - move losing energy",Normal vol,Normal,Falling,Weak Down,-0.4038,Distribution,46.852,Neutral,2 - Advancing,late,74.0,16.0,3 - Topping,65.0,WAIT,36.9,1.0,Trend,"2 - Advancing, but trend score 23 does not confirm long - no directional edge","2 - Advancing, trend 90 long confirmed but participation is thin - reduce size, breakouts without volume fail more often","2 - Advancing, trend 92 long but momentum diverging - trend tiring, tighten stop"
2023-07-31,1029.6500244140625,1044.800048828125,1025.050048828125,1037.4000244140625,61987,1023.3012,945.5917,No,64.71,Bull,Downtrend,Hold,Downtrend (LH+LL),Bearish,23.11,Strong Bear,Bearish majority,"Strong Bear - majority agree, 1 dissenting, trending ADX",51.08,"Outperforming, weakening",Leads NIFTY50 only,48.0,Neutral,1.7966,9.7033,bullish fading,Neutral,-3.9133,-0.9061,full,68.56,Positive accelerating,44.54,Neutral,Bearish majority,None,"Neutral - majority agree, 1 dissenting",Lower Half,Trending,Bearish,No,Yes,Inside,41.78,Normal,Contracting,-23.57,Partial,"Normal volatility, contracting - move losing energy",Normal vol,Normal,Falling,Weak Up,-0.3883,Distribution,51.8253,Neutral,2 - Advancing,late,74.0,17.0,3 - Topping,65.0,WAIT,39.26,1.0,Trend,"2 - Advancing, but trend score 23 does not confirm long - no directional edge","2 - Advancing, trend 79 long confirmed but participation is thin - reduce size, breakouts without volume fail more often","2 - Advancing, trend 95 long but momentum diverging - trend tiring, tighten stop"
2023-08-01,1037.4000244140625,1108.75,1032.199951171875,1093.25,208561,1026.0443,947.061,No,79.58,Bull,Downtrend,Hold,Downtrend (LH+LL),Bearish,49.93,Neutral,Mixed,"Neutral - components mixed, low conviction",61.36,"Outperforming, strengthening",Leads both,59.4105,Neutral,5.2813,8.8189,bullish fading,Neutral,4.1984,0.6455,full,77.26,Positive accelerating,56.84,Neutral,Mixed,Bearish divergence,Neutral - bearish divergence vs price over 21 bars,Upper Half,Trending,Bullish,No,Yes,Inside,46.51,Normal,Contracting,-20.4,Partial,"Normal volatility, contracting - move losing energy",Normal vol,Normal,Falling,Confirmed Up,-0.2948,Distribution,51.4367,Neutral,2 - Advancing,late,84.0,18.0,3 - Topping,65.0,WAIT,57.22,1.0,Trend,"2 - Advancing, but trend score 50 does not confirm long - no directional edge","2 - Advancing, trend 73 long confirmed but participation is thin - reduce size, breakouts without volume fail more often","2 - Advancing, trend 87 long but momentum diverging - trend tiring, tighten stop"
2023-08-02,1099.8499755859375,1104.199951171875,1031.75,1060.300048828125,97182,1027.3877,948.1877,No,79.42,Bull,Downtrend,Hold,Downtrend (LH+LL),Bearish,46.98,Neutral,Mixed,"Neutral - components mixed, low conviction",51.96,"Outperforming, weakening",Leads NIFTY50 only,52.1411,Neutral,5.3228,8.1197,bullish fading,Neutral,-0.6,-0.2658,full,65.49,Positive fading,53.31,Neutral,Bullish majority,Bearish divergence,Neutral - bearish divergence vs price over 21 bars,Upper Half,Trending,Bullish,No,Yes,Inside,51.87,Normal,Stable,-6.86,Partial,"Normal volatility, stable",Vol expanding,Normal,Falling,Weak Down,-0.2863,Distribution,44.0053,Neutral,2 - Advancing,late,84.0,19.0,3 - Topping,65.0,WAIT,52.43,1.0,Trend,"2 - Advancing, but trend score 47 does not confirm long - no directional edge","2 - Advancing, but trend score 26 does not confirm long - no directional edge","2 - Advancing, trend 91 long but momentum diverging - trend tiring, tighten stop"
2023-08-03,1060.0,1062.699951171875,1024.75,1036.4000244140625,58100,1027.7411,949.0655,No,69.81,Bull,Downtrend,Hold,Downtrend (LH+LL),Bearish,43.26,Neutral,Mixed,"Neutral - components mixed, low conviction",43.11,"Underperforming, weakening",Lags both,47.5923,Neutral,3.3881,7.1733,bullish accelerating,Neutral,-2.0601,-0.5413,full,59.01,Positive fading,48.93,Neutral,Mixed,None,"Neutral - components mixed, low conviction",Lower Half,Trending,Bullish,No,Yes,Inside,53.09,Normal,Stable,-2.34,Partial,"Normal volatility, stable",Wide stop - size down,Normal,Falling,Weak Down,-0.2475,Distribution,44.9116,Neutral,2 - Advancing,late,74.0,20.0,3 - Topping,65.0,WAIT,48.45,1.0,Trend,"2 - Advancing, but trend score 43 does not confirm long - no directional edge","2 - Advancing, but trend score 23 does not confirm long - no directional edge","2 - Advancing, trend 88 long but momentum diverging - trend tiring, tighten stop"
2023-08-04,1039.9000244140625,1056.699951171875,1029.6500244140625,1039.5,46183,1028.2022,949.9653,No,71.06,Bull,Downtrend,Hold,Downtrend (LH+LL),Bearish,43.37,Neutral,Mixed,"Neutral - components mixed, low conviction",51.53,"Outperforming, weakening",Leads NIFTY50 only,48.2232,Neutral,2.081,6.1549,bullish accelerating,Neutral,-2.5819,-0.6383,full,64.94,Positive accelerating,48.6,Neutral,Bearish majority,None,"Neutral - majority agree, 1 dissenting",Lower Half,Trending,Bullish,No,Yes,Inside,51.39,Normal,Stable,7.86,Partial,"Normal volatility, stable",Vol expanding,Dry-up,Falling,Weak Up,-0.2741,Distribution,40.3563,Neutral,2 - Advancing,late,74.0,21.0,3 - Topping,65.0,WAIT,49.6,1.0,Trend,"2 - Advancing, but trend score 43 does not confirm long - no directional edge","2 - Advancing, but trend score 23 does not confirm long - no directional edge","2 - Advancing, trend 90 long confirmed but participation is thin - reduce size, breakouts without volume fail more often"
2023-08-07,1044.449951171875,1071.0,1027.5,1037.6500244140625,59575,1028.5727,950.8378,No,70.01,Bull,Downtrend,Hold,Downtrend (LH+LL),Bearish,42.95,Neutral,Mixed,"Neutral - components mixed, low conviction",60.21,"Outperforming, weakening",Leads both,47.853,Neutral,0.8856,5.101,bullish accelerating,Neutral,-2.4123,-0.604,full,72.74,Positive accelerating,49.84,Neutral,Bearish majority,None,"Neutral - majority agree, 1 dissenting",Lower Half,Trending,Bullish,No,Yes,Inside,52.82,Normal,Stable,19.68,Partial,"Normal volatility, stable",Vol expanding,Normal,Falling,Weak Down,-0.2637,Distribution,48.3678,Neutral,2 - Advancing,late,74.0,22.0,3 - Topping,65.0,WAIT,48.58,1.0,Trend,"2 - Advancing, but trend score 43 does not confirm long - no directional edge","2 - Advancing, but trend score 23 does not confirm long - no directional edge","2 - Advancing, trend 79 long confirmed but participation is thin - reduce size, breakouts without volume fail more often"
2023-08-08,1046.25,1058.0,1038.050048828125,1043.9000244140625,38736,1029.1738,951.7638,No,64.87,Bull,Downtrend,Hold,Downtrend (LH+LL),Bearish,41.1,Neutral,Mixed,"Neutral - components mixed, low conviction",63.81,"Outperforming, weakening",Leads both,49.2701,Neutral,0.4375,4.1683,bullish fading,Neutral,-2.8975,-0.7027,full,74.76,Positive accelerating,51.65,Neutral,Bearish majority,None,"Neutral - majority agree, 1 dissenting",Lower Half,Trending,Bullish,No,Yes,Inside,49.72,Normal,Expanding,24.52,Partial,Squeeze releasing - expanding 10 bars after compression,Vol expanding,Dry-up,Falling,Weak Up,-0.2375,Distribution,46.9419,Neutral,2 - Advancing,late,74.0,23.0,3 - Topping,65.0,WAIT,49.49,1.0,Trend,"2 - Advancing, but trend score 41 does not confirm long - no directional edge","2 - Advancing, but trend score 50 does not confirm long - no directional edge","2 - Advancing, trend 73 long confirmed but participation is thin - reduce size, breakouts without volume fail more often"
2023-08-09,1050.0,1083.9000244140625,1046.0999755859375,1060.6500244140625,100561,1030.4082,952.8472,No,69.42,Bull,Downtrend,Hold,Downtrend (LH+LL),Bearish,43.07,Neutral,Mixed,"Neutral - components mixed, low conviction",70.21,"Outperforming, strengthening",Leads both,52.9596,Neutral,1.4177,3.6182,bullish fading,Neutral,4.0618,0.6363,full,80.76,Positive accelerating,57.0,Neutral,Mixed,None,"Neutral - components mixed, low conviction",Upper Half,Trending,Bullish,No,Yes,Inside,47.92,Normal,Stable,10.02,Partial,"Normal volatility, stable",Normal vol,Normal,Falling,Weak Up,-0.2701,Distribution,53.1027,Neutral,2 - Advancing,late,74.0,24.0,3 - Topping,65.0,WAIT,51.98,1.0,Trend,"2 - Advancing, but trend score 43 does not confirm long - no directional edge","2 - Advancing, but trend score 47 does not confirm long - no directional edge","2 - Advancing, but trend score 26 does not confirm long - no directional edge"
2023-08-10,1064.75,1078.800048828125,1051.050048828125,1053.4000244140625,52498,1031.3098,953.8477,No,71.64,Bull,Downtrend,Hold,Downtrend (LH+LL),Bearish,44.19,Neutral,Mixed,"Neutral - components mixed, low conviction",67.71,"Outperforming, weakening",Leads both,51.2231,Neutral,1.5911,3.2128,bullish fading,Neutral,2.1132,0.2494,full,77.58,Positive fading,56.73,Neutral,Mixed,Bullish divergence,Neutral - bullish divergence vs price over 21 bars,Lower Half,Trending,Bullish,Yes,No,Inside,45.4,Normal,Stable,1.31,Partial,"Normal volatility, stable",Vol contracting,Normal,Falling,Weak Down,-0.2742,Distribution,48.7589,Neutral,2 - Advancing,late,74.0,25.0,3 - Topping,65.0,WAIT,51.2,1.0,Trend,"2 - Advancing, but trend score 44 does not confirm long - no directional edge","2 - Advancing, but trend score 43 does not confirm long - no directional edge","2 - Advancing, but trend score 23 does not confirm long - no directional edge"
2023-08-11,1063.25,1085.699951171875,1058.0,1065.300048828125,81292,1032.6428,954.9567,No,83.86,Strong Bull,Downtrend,Hold,Downtrend (LH+LL),Bearish,48.9,Neutral,Mixed,"Neutral - components mixed, low conviction",75.01,"Outperforming, weakening",Leads both,53.8954,Neutral,2.6581,3.1018,bullish fading,Neutral,4.0027,0.6157,full,81.2,Positive accelerating,60.75,Bullish,Bullish majority,Bullish divergence,Bullish - bullish divergence vs price over 21 bars,Upper Half,Trending,Bullish,Yes,No,Inside,43.37,Normal,Stable,-1.83,Partial,"Normal volatility, stable",Vol contracting,Normal,Falling,Weak Up,-0.2873,Distribution,49.4451,Neutral,2 - Advancing,late,84.0,26.0,3 - Topping,65.0,WAIT,56.73,1.0,Trend,"2 - Advancing, but trend score 49 does not confirm long - no directional edge","2 - Advancing, but trend score 43 does not confirm long - no directional edge","2 - Advancing, but trend score 23 does not confirm long - no directional edge"
2023-08-14,1090.300048828125,1092.0,1056.0,1059.8499755859375,124557,1033.7097,956.0004,No,85.58,Strong Bull,Downtrend,Hold,Downtrend (LH+LL),Bearish,49.95,Neutral,Mixed,"Neutral - components mixed, low conviction",73.82,"Outperforming, weakening",Leads both,52.4774,Neutral,3.029,3.0873,bullish fading,Neutral,2.1641,0.2426,full,81.61,Positive accelerating,60.82,Bullish,Bullish confirmed,Bullish divergence,Bullish - bullish divergence vs price over 21 bars,Upper Half,Trending,Bullish,Yes,Yes,Inside,43.37,Normal,Stable,1.59,Partial,"Normal volatility, stable",Normal vol,Normal,Falling,Confirmed Down,-0.2824,Distribution,42.8233,Neutral,2 - Advancing,late,84.0,27.0,3 - Topping,65.0,WAIT,54.82,1.0,Trend,"2 - Advancing, but trend score 50 does not confirm long - no directional edge","2 - Advancing, but trend score 43 does not confirm long - no directional edge","2 - Advancing, but trend score 23 does not confirm long - no directional edge"
2023-08-16,1064.9000244140625,1068.449951171875,1043.1500244140625,1048.4000244140625,65209,1034.2858,956.9198,No,81.76,Strong Bull,Downtrend,Hold,Downtrend (LH+LL),Bearish,48.62,Neutral,Mixed,"Neutral - components mixed, low conviction",67.84,"Outperforming, weakening",Leads both,49.5291,Neutral,2.3717,2.9442,bullish accelerating,Neutral,-4.1024,-1.0245,full,78.38,Positive fading,57.88,Neutral,Bearish majority,Bullish divergence,Neutral - bullish divergence vs price over 21 bars,Lower Half,Trending,Bullish,Yes,No,Inside,41.27,Normal,Stable,-5.24,Partial,"Normal volatility, stable",Vol contracting,Normal,Falling,Weak Down,-0.2516,Distribution,47.7408,Neutral,2 - Advancing,late,84.0,28.0,3 - Topping,65.0,WAIT,54.54,1.0,Trend,"2 - Advancing, but trend score 49 does not confirm long - no directional edge","2 - Advancing, but trend score 41 does not confirm long - no directional edge","2 - Advancing, but trend score 50 does not confirm long - no directional edge"
2023-08-17,1052.449951171875,1070.4000244140625,1033.3499755859375,1040.550048828125,72293,1034.5315,957.752,No,70.66,Bull,Downtrend,Hold,Downtrend (LH+LL),Bearish,44.42,Neutral,Mixed,"Neutral - components mixed, low conviction",66.94,"Outperforming, strengthening",Leads both,47.5564,Neutral,1.2035,2.596,bullish accelerating,Neutral,-1.8627,-0.5831,full,77.18,Positive fading,54.48,Neutral,Bearish majority,Bullish divergence,Neutral - bullish divergence vs price over 21 bars,Lower Half,Trending,Bullish,Yes,No,Inside,41.63,Normal,Stable,-10.24,Partial,"Normal volatility, stable",Vol contracting,Normal,Falling,Weak Down,-0.2802,Distribution,52.1524,Neutral,2 - Advancing,late,74.0,29.0,3 - Topping,65.0,WAIT,50.63,1.0,Trend,"2 - Advancing, but trend score 44 does not confirm long - no directional edge","2 - Advancing, but trend score 43 does not confirm long - no directional edge","2 - Advancing, but trend score 47 does not confirm long - no directional edge"
2023-08-18,1050.1500244140625,1055.0,1038.449951171875,1050.8499755859375,36692,1035.1714,958.6783,No,71.92,Bull,Downtrend,Hold,Downtrend (LH+LL),Bearish,44.53,Neutral,Mixed,"Neutral - components mixed, low conviction",71.03,"Outperforming, strengthening",Leads both,50.3506,Neutral,1.0962,2.2961,bullish fading,Neutral,1.3942,0.075,full,78.98,Positive accelerating,55.14,Neutral,Mixed,Bullish divergence,Neutral - bullish divergence vs price over 21 bars,Upper Half,Trending,Bullish,Yes,No,Inside,37.9,Low,Stable,-15.2,Partial,"Low volatility, stable",Vol contracting,Dry-up,Falling,Weak Up,-0.2581,Distribution,54.1912,Neutral,2 - Advancing,late,74.0,30.0,3 - Topping,65.0,WAIT,52.08,1.0,Trend,"2 - Advancing, but trend score 45 does not confirm long - no directional edge","2 - Advancing, but trend score 44 does not confirm long - no directional edge","2 - Advancing, but trend score 43 does not confirm long - no directional edge"
2023-08-21,1049.0,1071.9000244140625,1049.0,1054.699951171875,91909,1035.9372,959.6338,No,78.29,Bull,Downtrend,Hold,Downtrend (LH+LL),Bearish,46.81,Neutral,Mixed,"Neutral - components mixed, low conviction",75.15,"Outperforming, strengthening",Leads both,51.3931,Neutral,1.3067,2.0982,bullish fading,Neutral,1.4622,0.0873,full,81.9,Positive accelerating,56.73,Neutral,Mixed,Bullish divergence,Neutral - bullish divergence vs price over 21 bars,Upper Half,Trending,Bullish,No,No,Inside,35.95,Low,Stable,-15.44,Partial,"Low volatility, stable",Vol contracting,Normal,Falling,Confirmed Up,-0.2901,Distribution,55.4512,Neutral,2 - Advancing,late,84.0,31.0,3 - Topping,65.0,WAIT,55.78,1.0,Trend,"2 - Advancing, but trend score 47 does not confirm long - no directional edge","2 - Advancing, but trend score 49 does not confirm long - no directional edge","2 - Advancing, but trend score 43 does not confirm long - no directional edge"
2023-08-22,1060.0,1064.0,1051.1500244140625,1054.25,57851,1036.6554,960.5752,No,78.13,Bull,Downtrend,Hold,Downtrend (LH+LL),Bearish,46.8,Neutral,Mixed,"Neutral - components mixed, low conviction",77.59,"Outperforming, strengthening",Leads both,51.2577,Neutral,1.4209,1.9627,bullish fading,Neutral,1.5998,0.1124,full,83.5,Positive accelerating,57.99,Neutral,Mixed,Bullish divergence,Neutral - bullish divergence vs price over 21 bars,Upper Half,Trending,Bullish,No,No,Inside,31.83,Low,Contracting,-20.99,Partial,"Low volatility, contracting - coiling, watch for breakout",Vol contracting,Normal,Falling,Weak Down,-0.2959,Distribution,42.5501,Neutral,2 - Advancing,late,84.0,32.0,3 - Topping,65.0,WAIT,53.76,1.0,Trend,"2 - Advancing, but trend score 47 does not confirm long - no directional edge","2 - Advancing, but trend score 50 does not confirm long - no directional edge","2 - Advancing, but trend score 43 does not confirm long - no directional edge"
2023-08-23,1046.0,1065.0,1042.5,1048.699951171875,93633,1037.1277,961.4521,No,70.92,Bull,Downtrend,Hold,Downtrend (LH+LL),Bearish,43.98,Neutral,Mixed,"Neutral - components mixed, low conviction",72.66,"Outperforming, weakening",Leads both,49.5237,Neutral,1.0514,1.7805,bullish accelerating,Neutral,0.4598,-0.1227,full,80.8,Positive fading,56.59,Neutral,Bearish majority,Bullish divergence,Neutral - bullish divergence vs price over 21 bars,Upper Half,Trending,Bullish,No,No,Inside,29.45,Low,Contracting,-20.28,Partial,"Low volatility, contracting - coiling, watch for breakout",Vol contracting,Normal,Falling,Confirmed Down,-0.3317,Distribution,42.7571,Neutral,2 - Advancing,late,74.0,33.0,3 - Topping,65.0,WAIT,49.87,1.0,Trend,"2 - Advancing, but trend score 44 does not confirm long - no directional edge","2 - Advancing, but trend score 49 does not confirm long - no directional edge","2 - Advancing, but trend score 41 does not confirm long - no directional edge"
2023-08-24,1054.0,1062.0,1044.949951171875,1053.5999755859375,108906,1037.7737,962.369,No,79.08,Bull,Downtrend,Hold,Range,Bearish,56.56,Neutral,Mixed,"Neutral - components mixed, low conviction",77.75,"Outperforming, weakening",Leads both,51.0966,Neutral,1.1408,1.6526,bullish fading,Neutral,-0.6647,-0.3538,full,83.83,Positive accelerating,58.41,Bullish,Mixed,Bullish divergence,Bullish - bullish divergence vs price over 21 bars,Upper Half,Trending,Bullish,No,No,Inside,24.4,Low,Contracting,-23.51,Partial,"Low volatility, contracting - coiling, watch for breakout",Vol contracting,Normal,Falling,Confirmed Up,-0.2703,Distribution,51.1688,Neutral,2 - Advancing,late,84.0,34.0,3 - Topping,65.0,WAIT,60.67,1.0,Trend,"2 - Advancing, but trend score 57 does not confirm long - no directional edge","2 - Advancing, but trend score 44 does not confirm long - no directional edge","2 - Advancing, but trend score 43 does not confirm long - no directional edge"
2023-08-25,1050.0,1057.3499755859375,1030.300048828125,1049.4000244140625,87842,1038.2296,963.235,No,71.53,Bull,Downtrend,Hold,Range,Bearish,53.11,Neutral,Mixed,"Neutral - components mixed, low conviction",79.23,"Outperforming, strengthening",Leads both,49.668,Neutral,0.8629,1.4946,bullish accelerating,Neutral,-0.3797,-0.2929,full,81.67,Positive fading,57.05,Neutral,Bearish majority,None,"Neutral - majority agree, 1 dissenting",Lower Half,Trending,Bullish,No,No,Inside,23.41,Low,Contracting,-21.98,Partial,"Low volatility, contracting - coiling, watch for breakout",Vol contracting,Normal,Falling,Confirmed Down,-0.2248,Distribution,44.9412,Neutral,2 - Advancing,late,74.0,35.0,3 - Topping,65.0,WAIT,54.11,1.0,Trend,"2 - Advancing, but trend score 53 does not confirm long - no directional edge","2 - Advancing, but trend score 45 does not confirm long - no directional edge","2 - Advancing, but trend score 44 does not confirm long - no directional edge"
2023-08-28,1056.949951171875,1062.0,1040.5999755859375,1044.5,92805,1038.4755,964.0436,No,69.12,Bull,Downtrend,Hold,Range,Bearish,51.65,Neutral,Mixed,"Neutral - components mixed, low conviction",80.81,"Outperforming, strengthening",Leads both,47.9824,Neutral,0.2444,1.2446,bullish accelerating,Neutral,-1.9525,-0.6095,full,82.25,Positive accelerating,55.76,Neutral,Bearish majority,None,"Neutral - majority agree, 1 dissenting",Lower Half,Trending,Bullish,No,No,Inside,20.04,Low,Contracting,-23.33,Confirmed,"Low volatility, squeeze confirmed - expansion pending",Vol contracting,Normal,Falling,Confirmed Down,-0.2262,Distribution,46.596,Neutral,2 - Advancing,late,74.0,36.0,3 - Topping,65.0,WAIT,53.07,1.0,Trend,"2 - Advancing, but trend score 52 does not confirm long - no directional edge","2 - Advancing, but trend score 47 does not confirm long - no directional edge","2 - Advancing, but trend score 49 does not confirm long - no directional edge"
2023-08-29,1044.5,1053.949951171875,1041.1500244140625,1044.699951171875,87917,1038.7196,964.8461,No,67.96,Bull,Downtrend,Hold,Range,Bearish,50.67,Neutral,Mixed,"Neutral - components mixed, low conviction",76.55,"Outperforming, strengthening",Leads both,48.0599,Neutral,-0.2271,0.9502,bearish accelerating,Neutral,-1.4294,-0.4986,full,78.85,Positive fading,53.87,Neutral,Bearish majority,None,"Neutral - majority agree, 1 dissenting",Lower Half,Trending,Bullish,No,No,Inside,14.37,Very Low,Contracting,-29.01,Confirmed,"Very Low volatility, squeeze confirmed - expansion pending",Vol contracting,Normal,Falling,Confirmed Up,-0.2556,Distribution,41.3008,Neutral,2 - Advancing,late,74.0,37.0,3 - Topping,65.0,WAIT,55.66,1.0,Trend,"2 - Advancing, but trend score 51 does not confirm long - no directional edge","2 - Advancing, but trend score 47 does not confirm long - no directional edge","2 - Advancing, but trend score 50 does not confirm long - no directional edge"
2023-08-30,1052.0,1052.0,1035.699951171875,1037.699951171875,40536,1038.6796,965.571,No,65.91,Bull,Downtrend,Hold,Range,Bearish,49.2,Neutral,Mixed,"Neutral - components mixed, low conviction",76.96,"Outperforming, strengthening",Leads both,45.5051,Neutral,-1.1522,0.5297,bearish accelerating,Oversold,-1.0206,-0.4109,full,80.34,Positive accelerating,52.07,Neutral,Bearish majority,None,"Neutral - majority agree, 1 dissenting",Lower Half,Trending,Bullish,No,No,Inside,9.76,Very Low,Contracting,-31.51,Confirmed,"Very Low volatility, squeeze confirmed - expansion pending",Coiled - low vol squeeze,Normal,Falling,Weak Down,-0.3879,Distribution,34.3484,Neutral,2 - Advancing,late,74.0,38.0,3 - Topping,65.0,WAIT,52.06,1.0,Trend,"2 - Advancing, but trend score 49 does not confirm long - no directional edge","2 - Advancing, but trend score 44 does not confirm long - no directional edge","2 - Advancing, but trend score 49 does not confirm long - no directional edge"
2023-08-31,1042.949951171875,1057.300048828125,993.0,1026.1500244140625,486599,1038.1883,966.1738,No,61.21,Bull,Downtrend,Hold,Range,Bearish,35.47,Bear,Mixed,"Bear - components mixed, low conviction",73.11,"Outperforming, weakening",Leads both,41.5777,Neutral,-2.7853,-0.1333,bearish accelerating,Neutral,-1.3839,-0.481,full,76.77,Positive fading,49.12,Neutral,Bearish majority,None,"Neutral - majority agree, 1 dissenting",Below Lower,Trending,Bearish,No,No,Near Lower,21.11,Low,Contracting,-20.51,Confirmed,"Low volatility, squeeze confirmed - expansion pending",Vol contracting,High,Falling,Confirmed Down,-0.2887,Distribution,24.8149,Neutral,2 - Advancing,late,74.0,39.0,3 - Topping,65.0,WAIT,43.8,1.0,Trend,"2 - Advancing, but trend score 35 does not confirm long - no directional edge","2 - Advancing, but trend score 57 does not confirm long - no directional edge","2 - Advancing, but trend score 44 does not confirm long - no directional edge"
2023-09-01,1013.0499877929688,1017.0,977.9000244140624,990.75,265235,1036.3279,966.4183,No,46.77,Neutral,Downtrend,Hold,Range,Bearish,30.26,Bear,Bearish confirmed,"Bear - all 4 components agree, trending ADX",57.7,"Outperforming, weakening",Leads NIFTY50 only,32.3595,Oversold,-6.857,-1.478,bearish accelerating,Oversold,-5.7192,-1.358,full,65.88,Positive fading,39.75,Bearish,Bearish majority,None,"Bearish - majority agree, 1 dissenting",Below Lower,Trending,Bearish,No,No,Breakout Down,33.05,Low,Stable,-4.84,Partial,"Low volatility, stable",Vol contracting,High,Falling,Confirmed Down,-0.2929,Distribution,17.4379,Oversold,2 - Advancing,late,64.0,40.0,3 - Topping,65.0,WAIT,37.64,1.0,Trend,"2 - Advancing, but trend score 30 does not confirm long - no directional edge","2 - Advancing, but trend score 53 does not confirm long - no directional edge","2 - Advancing, but trend score 45 does not confirm long - no directional edge"
2023-09-04,998.0,1005.0,991.0499877929688,995.8499755859376,113453,1034.7406,966.7112,No,46.44,Neutral,Downtrend,Hold,Range,Bearish,30.0,Bear,Bearish confirmed,"Bear - all 4 components agree, trending ADX",57.44,"Outperforming, weakening",Leads NIFTY50 only,34.6088,Oversold,-9.5621,-3.0948,bearish accelerating,Neutral,-5.5798,-1.3199,full,66.01,Positive accelerating,39.81,Bearish,Bearish majority,None,"Bearish - majority agree, 1 dissenting",Below Lower,Trending,Bearish,No,No,Inside,34.96,Low,Stable,-0.99,No,"Low volatility, stable",Vol contracting,Normal,Falling,Confirmed Up,-0.2943,Distribution,24.0875,Neutral,2 - Advancing,late,64.0,41.0,3 - Topping,65.0,WAIT,41.14,1.0,Trend,"2 - Advancing, but trend score 30 does not confirm long - no directional edge","2 - Advancing, but trend score 52 does not confirm long - no directional edge","2 - Advancing, but trend score 47 does not confirm long - no directional edge"
2023-09-05,1005.7999877929688,1014.0,991.0,997.2999877929688,117206,1033.2723,967.0156,No,46.76,Neutral,Downtrend,Hold,Range,Bearish,30.31,Bear,Bearish confirmed,"Bear - all 4 components agree, trending ADX",57.87,"Outperforming, weakening",Leads NIFTY50 only,35.2679,Oversold,-11.4568,-4.7672,bearish accelerating,Oversold,-5.4019,-1.273,full,66.79,Positive accelerating,39.58,Bearish,Bearish majority,None,"Bearish - majority agree, 1 dissenting",Below Lower,Trending,Bearish,No,No,Inside,36.63,Low,Stable,4.8,No,"Low volatility, stable",Vol contracting,Normal,Falling,Confirmed Up,-0.2962,Distribution,29.9445,Neutral,2 - Advancing,late,64.0,42.0,3 - Topping,65.0,WAIT,41.21,1.0,Trend,"2 - Advancing, but trend score 30 does not confirm long - no directional edge","2 - Advancing, but trend score 51 does not confirm long - no directional edge","2 - Advancing, but trend score 47 does not confirm long - no directional edge"
2023-09-06,1004.0,1018.0,985.5,989.5499877929688,131192,1031.5577,967.2398,No,39.02,Bear,Downtrend,Hold,Range,Bearish,27.66,Bear,Bearish confirmed,"Bear - all 4 components agree, trending ADX",54.24,"Outperforming, weakening",Leads NIFTY50 only,33.334,Oversold,-13.4289,-6.4995,bearish accelerating,Oversold,-5.6403,-1.3134,full,62.84,Positive fading,37.71,Bearish,Bearish majority,None,"Bearish - majority agree, 1 dissenting",At Lower,Trending,Bearish,No,No,Inside,39.64,Low,Stable,10.2,No,"Low volatility, stable",Vol contracting,Normal,Rising,Confirmed Down,-0.3201,Distribution,29.0561,Neutral,2 - Advancing,late,50.0,43.0,3 - Topping,65.0,WAIT,34.46,1.0,Trend,"2 - Advancing, but trend score 28 does not confirm long - no directional edge","2 - Advancing, but trend score 49 does not confirm long - no directional edge","2 - Advancing, but trend score 44 does not confirm long - no directional edge"
2023-09-07,995.7999877929688,999.4500122070312,986.5,989.1500244140624,41092,1029.8947,967.4578,No,38.99,Bear,Downtrend,Hold,Range,Bearish,27.7,Bear,Bearish confirmed,"Bear - all 4 components agree, trending ADX",37.06,"Underperforming, weakening",Lags both,33.2327,Oversold,-14.8529,-8.1702,bearish fading,Oversold,-6.1171,-1.4007,full,51.37,Positive fading,34.2,Bearish,Bearish majority,None,"Bearish - majority agree, 1 dissenting",Lower Half,Trending,Bearish,No,No,Inside,37.7,Low,Stable,13.29,No,"Low volatility, stable",Vol contracting,Dry-up,Rising,Weak Down,-0.3291,Distribution,29.0203,Neutral,2 - Advancing,late,50.0,44.0,3 - Topping,65.0,WAIT,34.62,1.0,Trend,"2 - Advancing, but trend score 28 does not confirm long - no directional edge","2 - Advancing, but trend score 35 does not confirm long - no directional edge","2 - Advancing, but trend score 57 does not confirm long - no directional edge"
2023-09-08,993.0,1000.0,987.0,994.6500244140624,124380,1028.5125,967.7284,No,39.66,Bear,Downtrend,Hold,Downtrend (LH+LL),Bearish,18.0,Strong Bear,Bearish confirmed,"Range with bearish lean - ADX emerging, direction not confirmed",29.91,"Underperforming, weakening",Lags both,36.1076,Oversold,-15.3606,-9.6083,bearish fading,Oversold,-5.2173,-1.2073,full,47.47,Negative accelerating,34.7,Bearish,Bearish confirmed,None,Bearish - all 4 components agree incl. MACD acceleration,Lower Half,Emerging,Bearish,No,No,Inside,35.51,Low,Stable,12.1,No,"Low volatility, stable",Vol contracting,Normal,Rising,Confirmed Up,-0.2906,Distribution,30.011,Neutral,2 - Advancing,late,50.0,45.0,3 - Topping,65.0,WAIT,32.81,1.0,Trend,"2 - Advancing, but trend score 18 does not confirm long - no directional edge","2 - Advancing, but trend score 30 does not confirm long - no directional edge","2 - Advancing, but trend score 53 does not confirm long - no directional edge"
2023-09-11,1001.0,1008.0,994.0999755859376,996.4500122070312,39827,1027.2552,968.0142,No,39.75,Bear,Downtrend,Hold,Downtrend (LH+LL),Bearish,18.44,Strong Bear,Bearish confirmed,"Range with bearish lean - ADX emerging, direction not confirmed",30.92,"Underperforming, weakening",Lags both,37.0627,Oversold,-15.4397,-10.7746,bearish fading,Oversold,-4.6003,-1.0735,full,49.73,Negative fading,37.11,Bearish,Bearish confirmed,None,Bearish - all 4 components agree incl. MACD acceleration,Lower Half,Emerging,Bearish,No,No,Inside,30.36,Low,Stable,10.32,No,"Low volatility, stable",Low vol - tight stops,Dry-up,Rising,Weak Up,-0.2906,Distribution,32.4881,Neutral,2 - Advancing,late,50.0,46.0,3 - Topping,65.0,WAIT,32.53,1.0,Trend,"2 - Advancing, but trend score 18 does not confirm long - no directional edge","2 - Advancing, but trend score 30 does not confirm long - no directional edge","2 - Advancing, but trend score 52 does not confirm long - no directional edge"
2023-09-12,1001.9000244140624,1035.5999755859375,978.1500244140624,987.1500244140624,150851,1025.6824,968.2046,No,38.12,Bear,Downtrend,Hold,Downtrend (LH+LL),Bearish,28.1,Bear,Bearish majority,"Range with bearish lean - ADX emerging, direction not confirmed",26.15,"Underperforming, weakening",Lags both,34.2167,Oversold,-16.0676,-11.8332,bearish fading,Oversold,-5.5088,-1.2476,full,44.57,Negative accelerating,35.15,Bearish,Bearish confirmed,None,Bearish - all 4 components agree incl. MACD acceleration,Lower Half,Emerging,Bullish,No,Yes,Near Lower,42.7,Normal,Expanding,28.33,No,Squeeze releasing - expanding 8 bars after compression,Normal vol,Normal,Rising,Confirmed Down,-0.2897,Distribution,39.4697,Neutral,2 - Advancing,late,50.0,47.0,3 - Topping,65.0,WAIT,33.89,1.0,Trend,"2 - Advancing, but trend score 28 does not confirm long - no directional edge","2 - Advancing, but trend score 30 does not confirm long - no directional edge","2 - Advancing, but trend score 51 does not confirm long - no directional edge"
2023-09-13,990.0,1002.9500122070312,980.7000122070312,983.0,32762,1024.0086,968.3518,No,37.33,Bear,Downtrend,Hold,Downtrend (LH+LL),Bearish,27.17,Bear,Bearish majority,"Range with bearish lean - ADX emerging, direction not confirmed",25.31,"Underperforming, weakening",Lags both,32.9989,Oversold,-16.7074,-12.808,bearish fading,Oversold,-5.2713,-1.1898,full,44.26,Negative accelerating,34.56,Bearish,Bearish confirmed,None,Bearish - all 4 components agree incl. MACD acceleration,Lower Half,Emerging,Bullish,No,Yes,Near Lower,38.97,Low,Expanding,29.21,No,Squeeze releasing - expanding 9 bars after compression,Normal vol,Dry-up,Rising,Weak Down,-0.2885,Distribution,34.9887,Neutral,2 - Advancing,late,50.0,48.0,3 - Topping,65.0,WAIT,34.49,1.0,Trend,"2 - Advancing, but trend score 27 does not confirm long - no directional edge","2 - Advancing, but trend score 28 does not confirm long - no directional edge","2 - Advancing, but trend score 49 does not confirm long - no directional edge"
2023-09-14,991.0,994.0,982.5499877929688,984.5,38695,1022.4592,968.5125,No,37.44,Bear,Downtrend,Hold,Downtrend (LH+LL),Bearish,26.6,Bear,Bearish majority,"Range with bearish lean - ADX emerging, direction not confirmed",27.58,"Underperforming, weakening",Lags both,33.9144,Oversold,-16.8987,-13.6262,bearish fading,Oversold,-4.0589,-0.9376,full,47.21,Negative fading,35.9,Bearish,Bearish confirmed,None,Bearish - all 4 components agree incl. MACD acceleration,Lower Half,Emerging,Bullish,No,No,Near Lower,35.08,Low,Stable,13.97,No,"Low volatility, stable",Vol contracting,Dry-up,Rising,Weak Up,-0.2845,Distribution,36.0426,Neutral,2 - Advancing,late,50.0,49.0,3 - Topping,65.0,WAIT,35.84,1.0,Trend,"2 - Advancing, but trend score 27 does not confirm long - no directional edge","2 - Advancing, but trend score 28 does not confirm long - no directional edge","2 - Advancing, but trend score 35 does not confirm long - no directional edge"
2023-09-15,990.9500122070312,991.0,978.0999755859376,982.2000122070312,56026,1020.8804,968.6487,No,37.02,Bear,Downtrend,Hold,Downtrend (LH+LL),Bearish,25.71,Bear,Bearish majority,"Range with bearish lean - ADX no trend, direction not confirmed",28.03,"Underperforming, weakening",Lags both,33.1661,Oversold,-17.0395,-14.3088,bearish fading,Oversold,-0.863,-0.2875,full,46.94,Negative accelerating,36.01,Bearish,Bearish confirmed,None,Bearish - all 4 components agree incl. MACD acceleration,Lower Half,No Trend,Bullish,No,No,Near Lower,31.03,Low,Stable,-2.02,No,"Low volatility, stable",Low vol - tight stops,Dry-up,Rising,Weak Down,-0.2992,Distribution,31.3206,Neutral,2 - Advancing,late,50.0,50.0,3 - Topping,65.0,WAIT,34.27,1.0,Trend,"2 - Advancing, but trend score 26 does not confirm long - no directional edge","2 - Advancing, but trend score 18 does not confirm long - no directional edge","2 - Advancing, but trend score 30 does not confirm long - no directional edge"
2023-09-18,984.9500122070312,988.7999877929688,980.0,981.7999877929688,30487,1019.3479,968.7795,No,36.8,Bear,Downtrend,Hold,Downtrend (LH+LL),Bearish,24.95,Strong Bear,Bearish majority,"Range with bearish lean - ADX no trend, direction not confirmed",27.48,"Underperforming, weakening",Lags both,33.0296,Oversold,-16.9875,-14.8446,bearish fading,Oversold,-1.4109,-0.3924,full,46.67,Negative accelerating,36.55,Bearish,Bearish confirmed,None,Bearish - all 4 components agree incl. MACD acceleration,Lower Half,No Trend,Bullish,No,No,Near Lower,26.11,Low,Stable,-8.85,No,"Low volatility, stable",Low vol - tight stops,Dry-up,Rising,Weak Down,-0.2948,Distribution,32.4789,Neutral,2 - Advancing,late,50.0,51.0,3 - Topping,65.0,WAIT,34.09,1.0,Trend,"2 - Advancing, but trend score 25 does not confirm long - no directional edge","2 - Advancing, but trend score 18 does not confirm long - no directional edge","2 - Advancing, but trend score 30 does not confirm long - no directional edge"
2023-09-20,982.0,987.2999877929688,970.2000122070312,979.25,33783,1017.7754,968.8837,No,36.23,Bear,Downtrend,Hold,Downtrend (LH+LL),Bearish,21.14,Strong Bear,Bearish confirmed,"Range with bearish lean - ADX no trend, direction not confirmed",29.4,"Underperforming, weakening",Lags both,32.122,Oversold,-16.9566,-15.267,bearish fading,Oversold,-1.8099,-0.4676,full,45.05,Negative accelerating,36.47,Bearish,Bearish confirmed,None,Bearish - all 4 components agree incl. MACD acceleration,Lower Half,No Trend,Bearish,No,No,Near Lower,23.41,Low,Stable,-13.21,No,"Low volatility, stable",Low vol - tight stops,Dry-up,Rising,Weak Down,-0.2833,Distribution,32.6572,Neutral,2 - Advancing,late,50.0,52.0,3 - Topping,65.0,WAIT,32.35,1.0,Trend,"2 - Advancing, but trend score 21 does not confirm long - no directional edge","2 - Advancing, but trend score 28 does not confirm long - no directional edge","2 - Advancing, but trend score 30 does not confirm long - no directional edge"
2023-09-21,985.9500122070312,997.4500122070312,979.0,985.6500244140624,25717,1016.5156,969.0505,No,37.16,Bear,Downtrend,Hold,Downtrend (LH+LL),Bearish,24.38,Strong Bear,Bearish majority,"Range with bearish lean - ADX no trend, direction not confirmed",12.31,"Underperforming, weakening",Lags both,36.8148,Oversold,-16.2286,-15.4593,bearish fading,Oversold,-0.3941,-0.1704,full,29.24,Negative accelerating,35.04,Bearish,Bearish confirmed,None,Bearish - all 4 components agree incl. MACD acceleration,Lower Half,No Trend,Bullish,No,No,Inside,20.99,Low,Stable,-18.65,No,"Low volatility, stable",Low vol - tight stops,Dry-up,Rising,Weak Up,-0.2759,Distribution,47.7309,Neutral,2 - Advancing,late,50.0,53.0,3 - Topping,65.0,WAIT,34.58,1.0,Trend,"2 - Advancing, but trend score 24 does not confirm long - no directional edge","2 - Advancing, but trend score 27 does not confirm long - no directional edge","2 - Advancing, but trend score 28 does not confirm long - no directional edge"
2023-09-22,981.5,992.4500122070312,975.9500122070312,977.5999755859376,26261,1014.9895,969.1356,No,36.03,Bear,Downtrend,Hold,Downtrend (LH+LL),Bearish,22.9,Strong Bear,Bearish majority,"Range with bearish lean - ADX no trend, direction not confirmed",0.0,"Underperforming, weakening",Lags both,33.6623,Oversold,-16.1155,-15.5905,bearish fading,Oversold,-1.1677,-0.3235,full,17.69,Negative accelerating,31.25,Bearish,Bearish majority,None,Bearish - price momentum agrees but MACD shows deceleration,Lower Half,No Trend,Bullish,No,No,Near Lower,17.62,Very Low,Contracting,-20.08,No,"Very Low volatility, contracting - coiling, watch for breakout",Low vol - tight stops,Dry-up,Rising,Weak Down,-0.2984,Distribution,59.6183,Neutral,2 - Advancing,late,50.0,54.0,3 - Topping,65.0,WAIT,31.58,1.0,Trend,"2 - Advancing, but trend score 23 does not confirm long - no directional edge","2 - Advancing, but trend score 27 does not confirm long - no directional edge","2 - Advancing, but trend score 28 does not confirm long - no directional edge"
2023-09-25,980.9500122070312,984.7999877929688,967.2000122070312,968.8499755859376,22847,1013.1801,969.1328,Yes,34.09,Bear,Downtrend,Hold,Downtrend (LH+LL),Bearish,21.93,Strong Bear,Bearish confirmed,"Range with bearish lean - ADX no trend, direction not confirmed",1.08,"Underperforming, weakening",Lags both,30.5956,Oversold,-16.5412,-15.7807,bearish accelerating,Oversold,-2.5939,-0.6157,full,21.68,Negative fading,30.98,Bearish,Bearish confirmed,None,Bearish - all 4 components agree incl. MACD acceleration,Lower Half,No Trend,Bearish,No,No,Breakout Down,16.07,Very Low,Stable,-19.44,No,"Very Low volatility, stable",Low vol - tight stops,Dry-up,Rising,Weak Down,-0.3363,Distribution,52.8065,Neutral,2 - Advancing,late,50.0,55.0,3 - Topping,65.0,WAIT,31.06,1.0,Trend,"2 - Advancing, but trend score 22 does not confirm long - no directional edge","2 - Advancing, but trend score 26 does not confirm long - no directional edge","2 - Advancing, but trend score 18 does not confirm long - no directional edge"
2023-09-26,975.0,976.5,955.2000122070312,959.5999755859376,40363,1011.0789,969.0379,Yes,32.8,Bear,Downtrend,Hold,Downtrend (LH+LL),Bearish,21.44,Strong Bear,Bearish confirmed,"Range with bearish lean - ADX no trend, direction not confirmed",7.37,"Underperforming, weakening",Lags both,27.7205,Oversold,-17.4241,-16.1094,bearish accelerating,Oversold,-3.6981,-0.8425,full,26.32,Negative fading,30.13,Bearish,Bearish confirmed,None,Bearish but oversold on RSI and Stochastic - stretched,Lower Half,No Trend,Bearish,No,No,Breakout Down,16.07,Very Low,Stable,-14.28,No,"Very Low volatility, stable",Low vol - tight stops,Dry-up,Rising,Weak Down,-0.327,Distribution,43.1631,Neutral,2 - Advancing,late,50.0,56.0,3 - Topping,65.0,WAIT,30.59,1.0,Trend,"2 - Advancing, but trend score 21 does not confirm long - no directional edge","2 - Advancing, but trend score 25 does not confirm long - no directional edge","2 - Advancing, but trend score 18 does not confirm long - no directional edge"
2023-09-27,954.0,974.7000122070312,954.0,960.1500244140624,26156,1009.0817,968.9495,Yes,33.22,Bear,Downtrend,Hold,Downtrend (LH+LL),Bearish,21.46,Strong Bear,Bearish confirmed,"Range with bearish lean - ADX no trend, direction not confirmed",11.77,"Underperforming, weakening",Lags both,28.1529,Oversold,-17.8734,-16.4622,bearish accelerating,Oversold,-2.7351,-0.6323,full,28.97,Negative fading,30.82,Bearish,Bearish confirmed,None,Bearish but oversold on RSI and Stochastic - stretched,Lower Half,No Trend,Bearish,No,No,Near Lower,14.52,Very Low,Contracting,-28.17,No,"Very Low volatility, contracting - coiling, watch for breakout",Low vol - tight stops,Dry-up,Rising,Weak Up,-0.3225,Distribution,49.8592,Neutral,2 - Advancing,late,50.0,57.0,3 - Topping,65.0,WAIT,32.0,1.0,Trend,"2 - Advancing, but trend score 21 does not confirm long - no directional edge","2 - Advancing, but trend score 21 does not confirm long - no directional edge","2 - Advancing, but trend score 28 does not confirm long - no directional edge"
2023-09-28,972.0,972.0,948.5,954.0,42087,1006.9216,968.8007,Yes,32.63,Bear,Downtrend,Hold,Downtrend (LH+LL),Bearish,20.95,Strong Bear,Bearish confirmed,"Range with bearish lean - ADX no trend, direction not confirmed",15.13,"Underperforming, weakening",Lags both,26.2613,Oversold,-18.5124,-16.8722,bearish accelerating,Oversold,-2.9502,-0.6724,full,27.92,Negative accelerating,29.83,Strong Bearish,Bearish confirmed,None,Strong Bearish but oversold on RSI and Stochastic - stretched,At Lower,No Trend,Bearish,No,No,Near Lower,13.49,Very Low,Contracting,-25.48,No,"Very Low volatility, contracting - coiling, watch for breakout",Low vol - tight stops,Dry-up,Rising,Weak Down,-0.3177,Distribution,49.8903,Neutral,2 - Advancing,late,50.0,58.0,3 - Topping,65.0,WAIT,30.28,1.0,Trend,"2 - Advancing, but trend score 21 does not confirm long - no directional edge","2 - Advancing, but trend score 24 does not confirm long - no directional edge","2 - Advancing, but trend score 27 does not confirm long - no directional edge"
2023-09-29,960.9500122070312,970.0,956.25,968.4500122070312,73823,1005.4129,968.7972,Yes,35.01,Bear,Downtrend,Hold,Downtrend (LH+LL),Bearish,22.64,Strong Bear,Bearish confirmed,"Range with bearish lean - ADX no trend, direction not confirmed",20.87,"Underperforming, weakening",Lags both,36.9758,Neutral,-17.6493,-17.0276,bearish fading,Oversold,-1.6303,-0.3829,full,31.37,Negative fading,36.11,Bearish,Bearish majority,None,Bearish - price momentum agrees but MACD shows deceleration,Lower Half,No Trend,Bearish,Yes,No,Inside,8.91,Very Low,Contracting,-26.17,Partial,"Very Low volatility, contracting - coiling, watch for breakout",Coiled - low vol squeeze,Normal,Falling,Confirmed Up,-0.38,Distribution,45.7138,Neutral,2 - Advancing,late,50.0,59.0,3 - Topping,65.0,WAIT,35.32,1.0,Trend,"2 - Advancing, but trend score 23 does not confirm long - no directional edge","2 - Advancing, but trend score 23 does not confirm long - no directional edge","2 - Advancing, but trend score 27 does not confirm long - no directional edge"
2023-10-03,967.9000244140624,974.7000122070312,958.3499755859376,969.1500244140624,16480,1003.9909,968.8007,No,35.15,Bear,Downtrend,Hold,Downtrend (LH+LL),Bearish,22.82,Strong Bear,Bearish confirmed,"Range with bearish lean - ADX no trend, direction not confirmed",24.42,"Underperforming, weakening",Lags both,37.45,Neutral,-16.7161,-16.9653,Bullish crossover,Oversold,-1.3286,-0.3162,full,31.67,Negative fading,38.09,Bearish,Bearish majority,None,Bearish - price momentum agrees but MACD shows deceleration,Lower Half,No Trend,Bearish,Yes,No,Inside,5.91,Very Low,Contracting,-25.12,Partial,"Very Low volatility, contracting - coiling, watch for breakout",Coiled - low vol squeeze,Dry-up,Falling,Weak Up,-0.3785,Distribution,43.5712,Neutral,2 - Advancing,late,50.0,60.0,3 - Topping,65.0,WAIT,34.8,1.0,Trend,"2 - Advancing, but trend score 23 does not confirm long - no directional edge","2 - Advancing, but trend score 22 does not confirm long - no directional edge","2 - Advancing, but trend score 26 does not confirm long - no directional edge"
2023-10-04,970.0,974.7000122070312,956.2000122070312,959.2000122070312,28620,1002.2344,968.7052,Yes,27.1,Bear,Downtrend,Hold,Downtrend (LH+LL),Bearish,18.64,Strong Bear,Bearish confirmed,"Range with bearish lean - ADX no trend, direction not confirmed",25.58,"Underperforming, weakening",Lags both,33.5825,Oversold,-16.5882,-16.8899,bearish accelerating,Neutral,-2.3019,-0.5252,full,30.95,Negative accelerating,37.28,Bearish,Bearish majority,None,Bearish - price momentum agrees but MACD shows deceleration,Lower Half,No Trend,Bearish,Yes,No,Inside,6.19,Very Low,Stable,-19.92,No,"Very Low volatility, stable",Low vol - tight stops,Normal,Falling,Weak Down,-0.3932,Distribution,23.3858,Neutral,2 - Advancing,late,40.0,61.0,3 - Topping,65.0,STAND ASIDE,50.0,0.0,Stage unclear,2 - Advancing but stage confidence only 40 - regime not established,"2 - Advancing, but trend score 21 does not confirm long - no directional edge","2 - Advancing, but trend score 25 does not confirm long - no directional edge"
2023-10-05,960.0,968.7999877929688,959.0499877929688,964.7000122070312,103422,1000.7624,968.6654,Yes,29.47,Bear,Downtrend,Hold,Downtrend (LH+LL),Bearish,20.33,Strong Bear,Bearish confirmed,"Range with bearish lean - ADX no trend, direction not confirmed",25.74,"Underperforming, weakening",Lags both,37.4291,Neutral,-15.8602,-16.684,bearish accelerating,Neutral,-1.4858,-0.3554,full,32.11,Negative fading,39.82,Bearish,Bearish majority,Bullish divergence,Bearish - bullish divergence vs price over 21 bars,Lower Half,No Trend,Bearish,Yes,No,Inside,5.32,Very Low,Stable,-18.1,Partial,"Very Low volatility, stable",Coiled - low vol squeeze,Normal,Falling,Confirmed Up,-0.3342,Distribution,38.6909,Neutral,2 - Advancing,late,40.0,62.0,3 - Topping,65.0,STAND ASIDE,50.0,0.0,Stage unclear,2 - Advancing but stage confidence only 40 - regime not established,"2 - Advancing, but trend score 21 does not confirm long - no directional edge","2 - Advancing, but trend score 21 does not confirm long - no directional edge"
2023-10-06,970.0,970.0,960.0,961.9000244140624,16863,999.2384,968.598,Yes,30.76,Bear,Downtrend,Hold,Downtrend (LH+LL),Bearish,20.54,Strong Bear,Bearish confirmed,"Range with bearish lean - ADX no trend, direction not confirmed",24.97,"Underperforming, weakening",Lags both,36.2772,Neutral,-15.3325,-16.4137,bearish accelerating,Neutral,-2.4096,-0.562,full,31.58,Negative accelerating,39.76,Bearish,Bearish majority,Bullish divergence,Bearish - bullish divergence vs price over 21 bars,Lower Half,No Trend,Bearish,Yes,No,Inside,5.6,Very Low,Stable,-15.4,Partial,"Very Low volatility, stable",Coiled - low vol squeeze,Dry-up,Falling,Weak Down,-0.2828,Distribution,40.3023,Neutral,3 - Topping,early,60.0,1.0,2 - Advancing,62.0,STAND ASIDE,33.07,0.0,Stage,3 - Topping - no new positions in a basing/topping stage,"2 - Advancing, but trend score 21 does not confirm long - no directional edge","2 - Advancing, but trend score 24 does not confirm long - no directional edge"
2023-10-09,942.0,982.0,942.0,947.25,29572,997.1997,968.3856,Yes,26.91,Bear,Downtrend,Hold,Downtrend (LH+LL),Bearish,17.8,Strong Bear,Bearish confirmed,"Range with bearish lean - ADX no trend, direction not confirmed",17.49,"Underperforming, weakening",Lags both,30.9161,Oversold,-15.913,-16.3135,bearish fading,Neutral,-3.1045,-0.7269,full,25.86,Negative accelerating,35.11,Bearish,Bearish majority,None,Bearish - price momentum agrees but MACD shows deceleration,At Lower,No Trend,Bearish,Yes,No,Breakout Down,7.94,Very Low,Stable,-9.68,No,"Very Low volatility, stable",Low vol - tight stops,Normal,Falling,Weak Down,-0.2836,Distribution,42.464,Neutral,3 - Topping,early,60.0,2.0,2 - Advancing,62.0,STAND ASIDE,30.44,0.0,Stage,3 - Topping - no new positions in a basing/topping stage,"2 - Advancing, but trend score 23 does not confirm long - no directional edge","2 - Advancing, but trend score 23 does not confirm long - no directional edge"
2023-10-10,950.0,958.9500122070312,942.0,944.2000122070312,23332,995.1212,968.145,Yes,25.59,Bear,Downtrend,Hold,Downtrend (LH+LL),Bearish,16.7,Strong Bear,Bearish confirmed,"Range with bearish lean - ADX no trend, direction not confirmed",20.39,"Underperforming, weakening",Lags both,29.9246,Oversold,-16.4297,-16.3368,Bearish crossover,Oversold,-2.5442,-0.612,full,29.76,Negative fading,34.12,Bearish,Bearish majority,None,Bearish but oversold on RSI and Stochastic - stretched,At Lower,No Trend,Bearish,Yes,No,Near Lower,9.13,Very Low,Stable,-6.94,No,"Very Low volatility, stable",Low vol - tight stops,Normal,Falling,Weak Down,-0.3628,Distribution,43.1421,Neutral,3 - Topping,early,60.0,3.0,2 - Advancing,62.0,STAND ASIDE,29.65,0.0,Stage,3 - Topping - no new positions in a basing/topping stage,"2 - Advancing, but trend score 23 does not confirm long - no directional edge","2 - Advancing, but trend score 22 does not confirm long - no directional edge"
2023-10-11,944.2000122070312,955.9500122070312,938.0499877929688,942.7000122070312,21635,993.0655,967.8918,Yes,25.64,Bear,Downtrend,Hold,Downtrend (LH+LL),Bearish,15.98,Strong Bear,Bearish confirmed,"Range with bearish lean - ADX emerging, direction not confirmed",20.55,"Underperforming, weakening",Lags both,29.4248,Oversold,-16.767,-16.4228,bearish accelerating,Oversold,-1.7611,-0.4425,full,30.27,Negative fading,32.98,Bearish,Bearish majority,None,Bearish but oversold on RSI and Stochastic - stretched,Lower Half,Emerging,Bearish,Yes,No,Near Lower,9.21,Very Low,Stable,-6.87,No,"Very Low volatility, stable",Low vol - tight stops,Normal,Falling,Weak Down,-0.3517,Distribution,44.2771,Neutral,3 - Topping,early,60.0,4.0,2 - Advancing,62.0,STAND ASIDE,28.98,0.0,Stage,3 - Topping - no new positions in a basing/topping stage,2 - Advancing but stage confidence only 40 - regime not established,"2 - Advancing, but trend score 21 does not confirm long - no directional edge"
2023-10-12,949.25,955.0999755859376,943.2000122070312,950.7000122070312,40081,991.4041,967.7207,Yes,27.05,Bear,Downtrend,Hold,Downtrend (LH+LL),Bearish,16.76,Strong Bear,Bearish confirmed,"Range with bearish lean - ADX emerging, direction not confirmed",15.83,"Underperforming, weakening",Lags both,35.6024,Neutral,-16.202,-16.3786,Bullish crossover,Oversold,-0.9842,-0.2675,full,26.89,Negative accelerating,35.05,Bearish,Bearish majority,None,Bearish - price momentum agrees but MACD shows deceleration,Lower Half,Emerging,Bearish,Yes,No,Inside,8.81,Very Low,Stable,-5.71,No,"Very Low volatility, stable",Low vol - tight stops,Normal,Falling,Confirmed Up,-0.2487,Distribution,45.7119,Neutral,3 - Topping,early,60.0,5.0,2 - Advancing,62.0,STAND ASIDE,32.36,0.0,Stage,3 - Topping - no new positions in a basing/topping stage,2 - Advancing but stage confidence only 40 - regime not established,"2 - Advancing, but trend score 21 does not confirm long - no directional edge"
2023-10-13,950.7000122070312,962.0,936.0,945.5,68472,989.6039,967.4996,Yes,19.72,Strong Bear,Downtrend,Hold,Downtrend (LH+LL),Bearish,12.35,Strong Bear,Bearish confirmed,"Range with bearish lean - ADX emerging, direction not confirmed",15.13,"Underperforming, weakening",Lags both,33.5469,Oversold,-15.9895,-16.3008,bearish accelerating,Oversold,-0.891,-0.2465,full,25.58,Negative accelerating,34.84,Bearish,Bearish majority,None,Bearish - price momentum agrees but MACD shows deceleration,Lower Half,Emerging,Bearish,Yes,No,Near Lower,5.64,Very Low,Stable,-7.86,No,"Very Low volatility, stable",Low vol - tight stops,Normal,Falling,Confirmed Down,-0.2272,Distribution,42.3463,Neutral,3 - Topping,early,40.0,6.0,2 - Advancing,62.0,STAND ASIDE,50.0,0.0,Stage unclear,3 - Topping but stage confidence only 40 - regime not established,3 - Topping - no new positions in a basing/topping stage,"2 - Advancing, but trend score 21 does not confirm long - no directional edge"
2023-10-16,942.0,947.3499755859376,926.2999877929688,929.6500244140624,97812,987.2528,967.123,Yes,17.56,Strong Bear,Downtrend,Hold,Downtrend (LH+LL),Bearish,10.5,Strong Bear,Bearish confirmed,"Range with bearish lean - ADX emerging, direction not confirmed",14.37,"Underperforming, weakening",Lags both,28.2021,Oversold,-16.9052,-16.4217,Bearish crossover,Oversold,-4.0064,-0.9291,full,23.21,Negative accelerating,31.4,Bearish,Bearish majority,None,Bearish but oversold on RSI and Stochastic - stretched,Below Lower,Emerging,Bearish,Yes,No,Breakout Down,8.29,Very Low,Stable,-0.62,No,"Very Low volatility, stable",Low vol - tight stops,High,Falling,Confirmed Down,-0.2609,Distribution,37.4687,Neutral,3 - Topping,early,40.0,7.0,2 - Advancing,62.0,STAND ASIDE,50.0,0.0,Stage unclear,3 - Topping but stage confidence only 40 - regime not established,3 - Topping - no new positions in a basing/topping stage,"2 - Advancing, but trend score 23 does not confirm long - no directional edge"
2023-10-17,929.6500244140624,936.0,916.7000122070312,919.4500122070312,113359,984.5939,966.6486,Yes,16.42,Strong Bear,Downtrend,Hold,Downtrend (LH+LL),Bearish,8.83,Strong Bear,Bearish confirmed,"Strong Bear - all 4 components agree, trending ADX",11.64,"Underperforming, weakening",Lags both,25.3978,Oversold,-18.2436,-16.7861,bearish accelerating,Oversold,-5.1282,-1.1699,full,20.32,Negative accelerating,27.65,Strong Bearish,Bearish confirmed,None,Strong Bearish but oversold on RSI and Stochastic - stretched,Below Lower,Trending,Bearish,Yes,No,Breakout Down,10.83,Very Low,Stable,4.92,No,"Very Low volatility, stable",Low vol - tight stops,High,Falling,Confirmed Down,-0.3127,Distribution,33.7654,Neutral,3 - Topping,early,40.0,8.0,2 - Advancing,62.0,STAND ASIDE,50.0,0.0,Stage unclear,3 - Topping but stage confidence only 40 - regime not established,3 - Topping - no new positions in a basing/topping stage,"2 - Advancing, but trend score 23 does not confirm long - no directional edge"
2023-10-18,919.4500122070312,919.75,900.0,904.8499755859376,56731,981.4667,966.0337,Yes,14.71,Strong Bear,Downtrend,Hold,Downtrend (LH+LL),Bearish,6.73,Strong Bear,Bearish confirmed,"Strong Bear - all 4 components agree, trending ADX",16.59,"Underperforming, weakening",Lags both,22.0222,Oversold,-20.249,-17.4787,bearish accelerating,Oversold,-5.6662,-1.279,full,22.48,Negative fading,25.05,Strong Bearish,Bearish confirmed,None,Strong Bearish but oversold on RSI and Stochastic - stretched,Below Lower,Trending,Bearish,Yes,Yes,Breakout Down,17.94,Very Low,Stable,11.75,No,"Very Low volatility, stable",Low vol - tight stops,Normal,Falling,Confirmed Down,-0.3156,Distribution,32.4814,Neutral,3 - Topping,early,40.0,9.0,2 - Advancing,62.0,STAND ASIDE,50.0,0.0,Stage unclear,3 - Topping but stage confidence only 40 - regime not established,3 - Topping - no new positions in a basing/topping stage,2 - Advancing but stage confidence only 40 - regime not established
2023-10-19,905.9500122070312,907.8499755859376,888.0,893.5,55542,978.017,965.312,Yes,13.81,Strong Bear,Downtrend,Hold,Downtrend (LH+LL),Bearish,4.84,Strong Bear,Bearish confirmed,"Strong Bear - all 4 components agree, trending ADX",12.04,"Underperforming, weakening",Lags both,19.8172,Oversold,-22.4949,-18.4819,bearish accelerating,Oversold,-7.3805,-1.6433,full,17.53,Negative accelerating,21.4,Strong Bearish,Bearish confirmed,None,Strong Bearish but oversold on RSI and Stochastic - stretched,Below Lower,Trending,Bearish,Yes,Yes,Breakout Down,25.08,Low,Stable,19.76,No,"Low volatility, stable",Low vol - tight stops,Normal,Falling,Confirmed Down,-0.337,Distribution,32.0435,Neutral,3 - Topping,early,40.0,10.0,2 - Advancing,62.0,STAND ASIDE,50.0,0.0,Stage unclear,3 - Topping but stage confidence only 40 - regime not established,3 - Topping - no new positions in a basing/topping stage,2 - Advancing but stage confidence only 40 - regime not established
2023-10-20,895.7000122070312,902.7999877929688,875.5999755859375,884.6500244140625,72039,974.3555,964.5094,Yes,13.37,Strong Bear,Downtrend,Hold,Downtrend (LH+LL),Bearish,4.68,Strong Bear,Bearish confirmed,"Strong Bear - all 4 components agree, trending ADX",14.46,"Underperforming, weakening",Lags both,18.2802,Oversold,-24.7041,-19.7263,bearish accelerating,Oversold,-8.031,-1.7683,full,17.2,Negative accelerating,19.95,Strong Bearish,Bearish confirmed,None,Strong Bearish but oversold on RSI and Stochastic - stretched,Below Lower,Trending,Bearish,Yes,Yes,Breakout Down,34.09,Low,Expanding,28.49,No,"Low volatility, expanding - range widening",Low vol - tight stops,Normal,Falling,Confirmed Down,-0.3384,Distribution,22.1266,Neutral,3 - Topping,early,40.0,11.0,2 - Advancing,62.0,STAND ASIDE,50.0,0.0,Stage unclear,3 - Topping but stage confidence only 40 - regime not established,3 - Topping but stage confidence only 40 - regime not established,3 - Topping - no new positions in a basing/topping stage
2023-10-23,882.0499877929688,899.9500122070312,881.5,891.5,37210,971.1063,963.7829,Yes,14.64,Strong Bear,Downtrend,Hold,Downtrend (LH+LL),Bearish,5.12,Strong Bear,Bearish confirmed,"Strong Bear - all 4 components agree, trending ADX",14.74,"Underperforming, weakening",Lags both,23.2425,Oversold,-25.6069,-20.9024,bearish fading,Oversold,-5.8855,-1.2848,full,17.1,Negative accelerating,22.09,Strong Bearish,Bearish confirmed,None,Strong Bearish but oversold on RSI and Stochastic - stretched,Lower Half,Trending,Bearish,Yes,Yes,Inside,38.73,Low,Expanding,30.79,No,"Low volatility, expanding - range widening",Low vol - tight stops,Normal,Falling,Weak Up,-0.3101,Distribution,24.0091,Neutral,3 - Topping,early,40.0,12.0,2 - Advancing,62.0,STAND ASIDE,50.0,0.0,Stage unclear,3 - Topping but stage confidence only 40 - regime not established,3 - Topping but stage confidence only 40 - regime not established,3 - Topping - no new positions in a basing/topping stage
2023-10-25,907.0,908.0,862.0,879.4000244140625,89035,967.51,962.9433,Yes,13.74,Strong Bear,Downtrend,Hold,Downtrend (LH+LL),Bearish,4.81,Strong Bear,Bearish confirmed,"Strong Bear - all 4 components agree, strong ADX",13.75,"Underperforming, weakening",Lags both,20.8356,Oversold,-26.9878,-22.1195,bearish accelerating,Oversold,-6.863,-1.4859,full,15.41,Negative accelerating,21.04,Strong Bearish,Bearish confirmed,None,Strong Bearish but oversold on RSI and Stochastic - stretched,At Lower,Strong,Bearish,Yes,Yes,Near Lower,45.91,Normal,Expanding,36.79,No,"Normal volatility, expanding - range widening",Low vol - tight stops,Normal,Falling,Confirmed Down,-0.2936,Distribution,22.4025,Neutral,3 - Topping,mid,40.0,13.0,2 - Advancing,62.0,STAND ASIDE,50.0,0.0,Stage unclear,3 - Topping but stage confidence only 40 - regime not established,3 - Topping but stage confidence only 40 - regime not established,3 - Topping - no new positions in a basing/topping stage
2023-10-26,880.0,882.0499877929688,855.0999755859375,860.1500244140625,96767,963.2998,961.9205,Yes,12.32,Strong Bear,Downtrend,Hold,Downtrend (LH+LL),Bearish,4.31,Strong Bear,Bearish confirmed,"Strong Bear - all 4 components agree, strong ADX",10.48,"Underperforming, weakening",Lags both,17.6961,Oversold,-29.2976,-23.5551,bearish accelerating,Oversold,-8.7568,-1.879,full,10.02,Negative accelerating,17.41,Strong Bearish,Bearish confirmed,None,Strong Bearish but oversold on RSI and Stochastic - stretched,Below Lower,Strong,Bearish,Yes,Yes,Breakout Down,53.09,Normal,Expanding,43.89,No,"Normal volatility, expanding - range widening",Normal vol,Normal,Falling,Confirmed Down,-0.3119,Distribution,9.5328,Oversold,3 - Topping,mid,40.0,14.0,2 - Advancing,62.0,STAND ASIDE,50.0,0.0,Stage unclear,3 - Topping but stage confidence only 40 - regime not established,3 - Topping but stage confidence only 40 - regime not established,3 - Topping - no new positions in a basing/topping stage
2023-10-27,874.9000244140625,888.5,860.1500244140625,868.5999755859375,107352,959.5861,960.9919,Yes,7.07,Strong Bear,Downtrend,Hold,Downtrend (LH+LL),Bearish,2.47,Strong Bear,Bearish confirmed,"Strong Bear - all 4 components agree, strong ADX",22.29,"Underperforming, weakening",Lags both,23.1689,Oversold,-30.0994,-24.864,bearish fading,Oversold,-8.6357,-1.8399,full,20.44,Negative fading,22.54,Strong Bearish,Bearish confirmed,None,Strong Bearish but oversold on RSI and Stochastic - stretched,Lower Half,Strong,Bearish,Yes,Yes,Inside,55.95,Normal,Expanding,47.15,No,"Normal volatility, expanding - range widening",Normal vol,Normal,Falling,Confirmed Up,-0.3181,Distribution,19.9972,Oversold,3 - Topping,mid,20.0,15.0,2 - Advancing,62.0,STAND ASIDE,50.0,0.0,Stage unclear,3 - Topping but stage confidence only 20 - regime not established,3 - Topping but stage confidence only 40 - regime not established,3 - Topping - no new positions in a basing/topping stage
2023-10-30,877.5999755859375,878.3499755859375,857.6500244140625,861.0,38510,955.72,959.997,Yes,6.72,Strong Bear,Downtrend,Hold,Downtrend (LH+LL),Bearish,2.35,Strong Bear,Bearish confirmed,"Strong Bear - all 4 components agree, strong ADX",15.26,"Underperforming, weakening",Lags both,21.7669,Oversold,-30.9909,-26.0894,bearish fading,Oversold,-8.9371,-1.8847,full,16.93,Negative accelerating,21.08,Strong Bearish,Bearish confirmed,None,Strong Bearish but oversold on RSI and Stochastic - stretched,Lower Half,Strong,Bearish,Yes,Yes,Near Lower,56.63,Normal,Expanding,50.99,No,"Normal volatility, expanding - range widening",Normal vol,Normal,Falling,Weak Down,-0.3221,Distribution,19.8759,Oversold,3 - Topping,mid,20.0,16.0,2 - Advancing,62.0,STAND ASIDE,50.0,0.0,Stage unclear,3 - Topping but stage confidence only 20 - regime not established,3 - Topping but stage confidence only 40 - regime not established,3 - Topping but stage confidence only 40 - regime not established
2023-10-31,865.9000244140625,934.7000122070312,860.25,880.2999877929688,80005,952.7623,959.204,Yes,9.16,Strong Bear,Downtrend,Hold,Downtrend (LH+LL),Bearish,3.21,Strong Bear,Bearish confirmed,"Strong Bear - all 4 components agree, strong ADX",22.06,"Underperforming, weakening",Lags both,32.8749,Oversold,-29.7965,-26.8308,bearish fading,Oversold,-5.3085,-1.0969,full,21.88,Negative fading,28.96,Strong Bearish,Bearish confirmed,None,Strong Bearish - all 4 components agree incl. MACD acceleration,Lower Half,Strong,Bearish,Yes,Yes,Inside,73.14,High,Expanding,64.84,No,High volatility and still expanding - move may be extended,Normal vol,Normal,Falling,Confirmed Up,-0.3994,Distribution,26.8817,Neutral,3 - Topping,mid,20.0,17.0,2 - Advancing,62.0,STAND ASIDE,50.0,0.0,Stage unclear,3 - Topping but stage confidence only 20 - regime not established,3 - Topping but stage confidence only 40 - regime not established,3 - Topping but stage confidence only 40 - regime not established
2023-11-01,910.0,930.0,862.4000244140625,870.0499877929688,309226,949.5187,958.3169,Yes,8.12,Strong Bear,Downtrend,Hold,Downtrend (LH+LL),Bearish,2.84,Strong Bear,Bearish confirmed,"Strong Bear - all 4 components agree, strong ADX",19.35,"Underperforming, weakening",Lags both,30.4057,Oversold,-29.3389,-27.3324,bearish fading,Oversold,-5.3728,-1.1018,full,17.74,Negative accelerating,28.36,Strong Bearish,Bearish confirmed,None,Strong Bearish - all 4 components agree incl. MACD acceleration,Lower Half,Strong,Bearish,Yes,Yes,Inside,80.56,Very High,Expanding,69.72,No,Very High volatility and still expanding - move may be extended,Vol expanding,High,Falling,Confirmed Down,-0.4853,Distribution,20.8543,Neutral,3 - Topping,mid,20.0,18.0,2 - Advancing,62.0,STAND ASIDE,50.0,0.0,Stage unclear,3 - Topping but stage confidence only 20 - regime not established,3 - Topping but stage confidence only 40 - regime not established,3 - Topping but stage confidence only 40 - regime not established
2023-11-02,877.8499755859375,888.75,874.0,883.9000244140625,35864,946.9454,957.5764,Yes,10.21,Strong Bear,Downtrend,Hold,Downtrend (LH+LL),Bearish,3.94,Strong Bear,Bearish confirmed,"Strong Bear - all 4 components agree, trending ADX",9.73,"Underperforming, weakening",Lags both,37.2626,Neutral,-27.5411,-27.3742,bearish fading,Neutral,-2.3153,-0.4427,full,11.7,Negative accelerating,31.9,Bearish,Bearish majority,None,Bearish - price momentum agrees but MACD shows deceleration,Lower Half,Trending,Bearish,No,Yes,Inside,77.9,High,Expanding,59.96,No,High volatility and still expanding - move may be extended,Normal vol,Dry-up,Falling,Weak Up,-0.4617,Distribution,17.5936,Oversold,3 - Topping,mid,20.0,19.0,2 - Advancing,62.0,STAND ASIDE,50.0,0.0,Stage unclear,3 - Topping but stage confidence only 20 - regime not established,3 - Topping but stage confidence only 40 - regime not established,3 - Topping but stage confidence only 40 - regime not established
2023-11-03,885.2000122070312,896.75,885.2000122070312,891.4000244140625,30275,944.7672,956.9179,Yes,12.31,Strong Bear,Downtrend,Hold,Downtrend (LH+LL),Bearish,26.34,Bear,Bearish majority,"Bear - majority agree, 1 dissenting, trending ADX",13.97,"Underperforming, weakening",Lags both,40.6715,Neutral,-25.2205,-26.9434,Bullish crossover,Neutral,-0.235,0.0041,full,18.14,Negative fading,37.91,Bearish,Bearish majority,Bullish divergence,Bearish - bullish divergence vs price over 21 bars,Lower Half,Trending,Bullish,No,Yes,Inside,74.21,High,Expanding,49.13,No,High volatility and still expanding - move may be extended,Normal vol,Dry-up,Falling,Weak Up,-0.4955,Distribution,20.6855,Neutral,3 - Topping,mid,20.0,20.0,2 - Advancing,62.0,STAND ASIDE,50.0,0.0,Stage unclear,3 - Topping but stage confidence only 20 - regime not established,3 - Topping but stage confidence only 20 - regime not established,3 - Topping but stage confidence only 40 - regime not established
2023-11-06,893.0999755859375,900.75,880.0,883.4500122070312,33542,942.3626,956.1869,Yes,14.61,Strong Bear,Downtrend,Hold,Downtrend (LH+LL),Bearish,5.38,Strong Bear,Bearish confirmed,"Strong Bear - all 4 components agree, trending ADX",12.72,"Underperforming, weakening",Lags both,38.2961,Neutral,-23.7491,-26.3046,bearish accelerating,Neutral,-0.1356,0.0269,full,20.48,Negative fading,39.74,Bearish,Bearish majority,None,Bearish - price momentum agrees but MACD shows deceleration,Lower Half,Trending,Bearish,No,Yes,Inside,71.63,High,Expanding,37.54,No,High volatility and still expanding - move may be extended,Normal vol,Dry-up,Falling,Weak Down,-0.4981,Distribution,21.9267,Neutral,3 - Topping,mid,20.0,21.0,2 - Advancing,62.0,STAND ASIDE,50.0,0.0,Stage unclear,3 - Topping but stage confidence only 20 - regime not established,3 - Topping but stage confidence only 20 - regime not established,3 - Topping but stage confidence only 40 - regime not established
2023-11-07,884.75,899.0,881.5999755859375,894.5999755859375,33912,940.4895,955.5741,Yes,18.32,Strong Bear,Downtrend,Hold,Downtrend (LH+LL),Bearish,9.73,Strong Bear,Bearish confirmed,"Strong Bear - all 4 components agree, trending ADX",16.56,"Underperforming, weakening",Lags both,43.2979,Neutral,-21.4362,-25.3309,bearish accelerating,Neutral,0.3477,0.1309,full,22.12,Negative fading,44.11,Neutral,Bearish majority,Bullish divergence,Neutral - bullish divergence vs price over 21 bars,Lower Half,Trending,Bearish,No,Yes,Inside,67.7,High,Expanding,28.97,No,High volatility and still expanding - move may be extended,Normal vol,Dry-up,Falling,Weak Up,-0.4698,Distribution,26.8181,Neutral,3 - Topping,mid,20.0,22.0,2 - Advancing,62.0,STAND ASIDE,50.0,0.0,Stage unclear,3 - Topping but stage confidence only 20 - regime not established,3 - Topping but stage confidence only 20 - regime not established,3 - Topping but stage confidence only 40 - regime not established
2023-11-08,896.0,900.4500122070312,876.4000244140625,883.5,26343,938.2546,954.8569,Yes,17.97,Strong Bear,Downtrend,Hold,Downtrend (LH+LL),Bearish,8.12,Strong Bear,Bearish confirmed,"Strong Bear - all 4 components agree, trending ADX",14.82,"Underperforming, weakening",Lags both,39.836,Neutral,-20.2653,-24.3178,bearish accelerating,Neutral,0.4662,0.1568,full,20.29,Negative accelerating,42.51,Neutral,Bearish majority,Bullish divergence,Neutral - bullish divergence vs price over 21 bars,Lower Half,Trending,Bearish,No,Yes,Inside,63.02,High,Stable,17.1,No,"High volatility, stable",Normal vol,Dry-up,Falling,Weak Down,-0.4643,Distribution,27.6355,Neutral,3 - Topping,mid,20.0,23.0,2 - Advancing,62.0,STAND ASIDE,50.0,0.0,Stage unclear,3 - Topping but stage confidence only 20 - regime not established,3 - Topping but stage confidence only 20 - regime not established,3 - Topping but stage confidence only 40 - regime not established
2023-11-09,884.7999877929688,894.2999877929688,880.0,886.9000244140625,22902,936.2407,954.1808,Yes,18.5,Strong Bear,Downtrend,Hold,Downtrend (LH+LL),Bearish,9.96,Strong Bear,Bearish confirmed,"Strong Bear - all 4 components agree, trending ADX",14.64,"Underperforming, weakening",Lags both,41.382,Neutral,-18.8457,-23.2234,bearish accelerating,Neutral,3.1099,0.7213,full,19.92,Negative accelerating,43.36,Neutral,Bearish majority,Bullish divergence,Neutral - bullish divergence vs price over 21 bars,Lower Half,Trending,Bearish,No,Yes,Inside,55.59,Normal,Stable,2.5,No,"Normal volatility, stable",Normal vol,Dry-up,Falling,Weak Up,-0.4573,Distribution,30.8169,Neutral,1 - Basing,early,20.0,1.0,3 - Topping,23.0,STAND ASIDE,50.0,0.0,Stage unclear,1 - Basing but stage confidence only 20 - regime not established,3 - Topping but stage confidence only 20 - regime not established,3 - Topping but stage confidence only 40 - regime not established
2023-11-10,888.2000122070312,898.9500122070312,887.0499877929688,891.2000122070312,40006,934.4744,953.5541,Yes,18.74,Strong Bear,Downtrend,Hold,Downtrend (LH+LL),Bearish,12.04,Strong Bear,Bearish confirmed,"Strong Bear - all 4 components agree, trending ADX",12.7,"Underperforming, weakening",Lags both,43.3643,Neutral,-17.1758,-22.0139,bearish accelerating,Neutral,2.6019,0.6098,full,18.05,Negative accelerating,43.64,Neutral,Bearish majority,Bullish divergence,Neutral - bullish divergence vs price over 21 bars,Upper Half,Trending,Bearish,No,Yes,Inside,43.61,Normal,Stable,-12.34,No,"Normal volatility, stable",Normal vol,Normal,Falling,Weak Up,-0.4729,Distribution,35.9425,Neutral,1 - Basing,early,20.0,2.0,3 - Topping,23.0,STAND ASIDE,50.0,0.0,Stage unclear,1 - Basing but stage confidence only 20 - regime not established,3 - Topping but stage confidence only 20 - regime not established,3 - Topping but stage confidence only 20 - regime not established
2023-11-13,910.0,910.0,893.0499877929688,899.7000122070312,116315,933.1107,953.0182,Yes,21.62,Bear,Downtrend,Hold,Downtrend (LH+LL),Bearish,27.17,Bear,Bearish majority,"Range with bearish lean - ADX emerging, direction not confirmed",14.8,"Underperforming, weakening",Lags both,47.1676,Neutral,-14.9936,-20.6098,bearish accelerating,Neutral,4.4948,1.0077,full,20.82,Negative fading,47.1,Neutral,Bearish majority,Bullish divergence,Neutral - bullish divergence vs price over 21 bars,Upper Half,Emerging,Bullish,No,No,Inside,36.27,Low,Contracting,-20.36,No,"Low volatility, contracting - coiling, watch for breakout",Vol contracting,Normal,Falling,Confirmed Up,-0.4622,Distribution,40.8347,Neutral,1 - Basing,early,20.0,3.0,3 - Topping,23.0,STAND ASIDE,50.0,0.0,Stage unclear,1 - Basing but stage confidence only 20 - regime not established,3 - Topping but stage confidence only 20 - regime not established,3 - Topping but stage confidence only 20 - regime not established
2023-11-15,902.0499877929688,906.6500244140624,894.0,897.5499877929688,77104,931.7162,952.4663,Yes,20.83,Bear,Downtrend,Hold,Downtrend (LH+LL),Bearish,25.7,Bear,Bearish majority,"Range with bearish lean - ADX emerging, direction not confirmed",7.45,"Underperforming, weakening",Lags both,46.3203,Neutral,-13.2845,-19.1448,bearish accelerating,Neutral,1.9596,0.4593,full,18.51,Negative accelerating,46.87,Neutral,Mixed,Bullish divergence,Neutral - bullish divergence vs price over 21 bars,Upper Half,Emerging,Bullish,No,No,Inside,25.91,Low,Contracting,-47.22,No,"Low volatility, contracting - coiling, watch for breakout",Low vol - tight stops,Normal,Rising,Confirmed Down,-0.4464,Distribution,41.2429,Neutral,1 - Basing,early,20.0,4.0,3 - Topping,23.0,STAND ASIDE,50.0,0.0,Stage unclear,1 - Basing but stage confidence only 20 - regime not established,3 - Topping but stage confidence only 20 - regime not established,3 - Topping but stage confidence only 20 - regime not established
2023-11-16,898.8499755859375,902.0,888.0,889.2999877929688,30955,930.0528,951.8378,Yes,19.64,Strong Bear,Downtrend,Hold,Downtrend (LH+LL),Bearish,22.51,Strong Bear,Bearish majority,"Range with bearish lean - ADX emerging, direction not confirmed",5.52,"Underperforming, weakening",Lags both,43.1193,Neutral,-12.4523,-17.8063,bearish fading,Neutral,2.2125,0.5079,full,17.82,Negative accelerating,45.04,Neutral,Mixed,Bullish divergence,Neutral - bullish divergence vs price over 21 bars,Upper Half,Emerging,Bullish,No,No,Inside,17.62,Very Low,Contracting,-62.94,Partial,"Very Low volatility, contracting - coiling, watch for breakout",Low vol - tight stops,Dry-up,Rising,Weak Down,-0.4327,Distribution,43.896,Neutral,1 - Basing,early,20.0,5.0,3 - Topping,23.0,STAND ASIDE,50.0,0.0,Stage unclear,1 - Basing but stage confidence only 20 - regime not established,3 - Topping but stage confidence only 20 - regime not established,3 - Topping but stage confidence only 20 - regime not established
2023-11-17,889.3499755859375,898.0,889.3499755859375,893.9000244140625,63407,928.635,951.2613,Yes,21.47,Bear,Downtrend,Hold,Downtrend (LH+LL),Bearish,23.3,Strong Bear,Bearish majority,"Range with bearish lean - ADX emerging, direction not confirmed",9.73,"Underperforming, weakening",Lags both,45.3856,Neutral,-11.2914,-16.5033,bearish fading,Neutral,1.1313,0.2659,full,20.53,Negative fading,46.01,Neutral,Bearish majority,Bullish divergence,Neutral - bullish divergence vs price over 21 bars,Upper Half,Emerging,Bullish,No,No,Inside,12.62,Very Low,Contracting,-65.28,Confirmed,"Very Low volatility, squeeze confirmed - expansion pending",Coiled - low vol squeeze,Normal,Rising,Weak Up,-0.4076,Distribution,41.4127,Neutral,1 - Basing,early,20.0,6.0,3 - Topping,23.0,STAND ASIDE,50.0,0.0,Stage unclear,1 - Basing but stage confidence only 20 - regime not established,1 - Basing but stage confidence only 20 - regime not established,3 - Topping but stage confidence only 20 - regime not established
2023-11-20,896.9500122070312,900.0,873.0,882.6500244140625,66910,926.8317,950.5786,Yes,18.05,Strong Bear,Downtrend,Hold,Downtrend (LH+LL),Bearish,13.43,Strong Bear,Bearish confirmed,"Range with bearish lean - ADX emerging, direction not confirmed",7.82,"Underperforming, weakening",Lags both,41.0754,Neutral,-11.1506,-15.4327,bearish fading,Neutral,-0.9816,-0.2044,full,19.65,Negative accelerating,42.57,Neutral,Bearish majority,Bullish divergence,Neutral - bullish divergence vs price over 21 bars,Lower Half,Emerging,Bearish,No,No,Inside,14.68,Very Low,Contracting,-59.52,Confirmed,"Very Low volatility, squeeze confirmed - expansion pending",Coiled - low vol squeeze,Normal,Rising,Weak Down,-0.4002,Distribution,40.1679,Neutral,1 - Basing,early,20.0,7.0,3 - Topping,23.0,STAND ASIDE,50.0,0.0,Stage unclear,1 - Basing but stage confidence only 20 - regime not established,1 - Basing but stage confidence only 20 - regime not established,3 - Topping but stage confidence only 20 - regime not established
2023-11-21,890.0,894.9000244140625,871.0,875.4000244140625,52721,924.8148,949.8305,Yes,13.92,Strong Bear,Downtrend,Hold,Downtrend (LH+LL),Bearish,12.02,Strong Bear,Bearish confirmed,"Range with bearish lean - ADX no trend, direction not confirmed",2.13,"Underperforming, weakening",Lags both,38.5355,Neutral,-11.4915,-14.6445,bearish fading,Neutral,-0.9112,-0.1921,full,16.61,Negative accelerating,38.71,Bearish,Bearish majority,Bullish divergence,Bearish - bullish divergence vs price over 21 bars,Lower Half,No Trend,Bearish,No,No,Inside,16.23,Very Low,Contracting,-55.4,Confirmed,"Very Low volatility, squeeze confirmed - expansion pending",Coiled - low vol squeeze,Normal,Rising,Weak Down,-0.4124,Distribution,32.8365,Neutral,1 - Basing,early,20.0,8.0,3 - Topping,23.0,STAND ASIDE,50.0,0.0,Stage unclear,1 - Basing but stage confidence only 20 - regime not established,1 - Basing but stage confidence only 20 - regime not established,3 - Topping but stage confidence only 20 - regime not established
2023-11-22,875.7999877929688,898.9000244140625,875.7999877929688,887.4000244140625,173447,923.3475,949.2093,Yes,15.22,Strong Bear,Downtrend,Hold,Downtrend (LH+LL),Bearish,13.94,Strong Bear,Bearish confirmed,"Range with bearish lean - ADX no trend, direction not confirmed",4.95,"Underperforming, weakening",Lags both,44.6375,Neutral,-10.6705,-13.8497,bearish accelerating,Neutral,-0.8048,-0.1694,full,18.28,Negative fading,40.84,Bearish,Bearish majority,None,Bearish - price momentum agrees but MACD shows deceleration,Upper Half,No Trend,Bearish,No,No,Inside,16.15,Very Low,Contracting,-51.55,Confirmed,"Very Low volatility, squeeze confirmed - expansion pending",Coiled - low vol squeeze,High,Rising,Confirmed Up,-0.3771,Distribution,59.8584,Neutral,1 - Basing,early,20.0,9.0,3 - Topping,23.0,STAND ASIDE,50.0,0.0,Stage unclear,1 - Basing but stage confidence only 20 - regime not established,1 - Basing but stage confidence only 20 - regime not established,3 - Topping but stage confidence only 20 - regime not established
2023-11-23,890.0,898.1500244140625,885.0,891.9500122070312,29719,922.1163,948.6396,Yes,17.46,Strong Bear,Downtrend,Hold,Downtrend (LH+LL),Bearish,16.04,Strong Bear,Bearish confirmed,"Range with bearish lean - ADX no trend, direction not confirmed",6.29,"Underperforming, weakening",Lags both,46.7944,Neutral,-9.5426,-12.9883,bearish accelerating,Neutral,0.9564,0.2179,full,19.21,Negative fading,43.0,Neutral,Bearish majority,None,Neutral - price momentum agrees but MACD shows deceleration,Upper Half,No Trend,Bearish,No,No,Inside,13.57,Very Low,Contracting,-49.44,Partial,"Very Low volatility, contracting - coiling, watch for breakout",Low vol - tight stops,Dry-up,Rising,Weak Up,-0.3764,Distribution,64.0189,Neutral,1 - Basing,early,20.0,10.0,3 - Topping,23.0,STAND ASIDE,50.0,0.0,Stage unclear,1 - Basing but stage confidence only 20 - regime not established,1 - Basing but stage confidence only 20 - regime not established,3 - Topping but stage confidence only 20 - regime not established
2023-11-24,893.75,896.2999877929688,883.0499877929688,889.0999755859375,40526,920.8215,948.0472,Yes,17.13,Strong Bear,Downtrend,Hold,Downtrend (LH+LL),Bearish,15.49,Strong Bear,Bearish confirmed,"Range with bearish lean - ADX no trend, direction not confirmed",7.44,"Underperforming, weakening",Lags both,45.5961,Neutral,-8.7775,-12.1461,bearish fading,Neutral,0.248,0.0641,full,19.56,Negative fading,43.73,Neutral,Bearish majority,None,Neutral - price momentum agrees but MACD shows deceleration,Upper Half,No Trend,Bearish,No,No,Inside,10.83,Very Low,Contracting,-44.76,Confirmed,"Very Low volatility, squeeze confirmed - expansion pending",Coiled - low vol squeeze,Normal,Rising,Weak Down,-0.351,Distribution,59.4653,Neutral,1 - Basing,early,20.0,11.0,3 - Topping,23.0,STAND ASIDE,50.0,0.0,Stage unclear,1 - Basing but stage confidence only 20 - regime not established,1 - Basing but stage confidence only 20 - regime not established,1 - Basing but stage confidence only 20 - regime not established
2023-11-28,889.1500244140625,917.0999755859376,889.1500244140625,905.5499877929688,154088,920.2226,947.6243,Yes,23.62,Bear,Downtrend,Hold,Downtrend (LH+LL),Bearish,25.13,Bear,Bearish majority,"Range with bearish lean - ADX no trend, direction not confirmed",8.38,"Underperforming, weakening",Lags both,53.0665,Neutral,-6.7659,-11.0701,bearish accelerating,Neutral,1.6102,0.3618,full,21.9,Negative fading,49.02,Neutral,Bullish majority,None,"Neutral - majority agree, 1 dissenting",At Upper,No Trend,Bullish,No,No,Inside,11.55,Very Low,Contracting,-32.06,Confirmed,"Very Low volatility, squeeze confirmed - expansion pending",Coiled - low vol squeeze,High,Rising,Confirmed Up,-0.2916,Distribution,68.4075,Neutral,1 - Basing,early,20.0,12.0,3 - Topping,23.0,STAND ASIDE,50.0,0.0,Stage unclear,1 - Basing but stage confidence only 20 - regime not established,1 - Basing but stage confidence only 20 - regime not established,1 - Basing but stage confidence only 20 - regime not established
2023-11-29,875.0,906.7999877929688,827.0,829.4000244140625,1019285,916.661,946.4479,Yes,4.56,Strong Bear,Downtrend,Hold,Downtrend (LH+LL),Bearish,9.2,Strong Bear,Bearish confirmed,"Range with bearish lean - ADX no trend, direction not confirmed",0.0,"Underperforming, weakening",Lags both,31.5019,Oversold,-11.1873,-11.0935,Bearish crossover,Neutral,-7.8137,-1.7077,full,8.07,Negative accelerating,30.86,Bearish,Bearish majority,Bullish divergence,Bearish - bullish divergence vs price over 21 bars,Below Lower,No Trend,Bearish,No,Yes,Breakout Down,47.26,Normal,Stable,10.99,No,"Normal volatility, stable",Normal vol,High,Rising,Confirmed Down,-0.5567,Distribution,32.1642,Neutral,1 - Basing,early,20.0,13.0,3 - Topping,23.0,STAND ASIDE,50.0,0.0,Stage unclear,1 - Basing but stage confidence only 20 - regime not established,1 - Basing but stage confidence only 20 - regime not established,1 - Basing but stage confidence only 20 - regime not established
2023-11-30,829.4000244140625,831.5,778.0,779.75,982431,911.2919,944.7893,Yes,1.59,Strong Bear,Downtrend,Hold,Downtrend (LH+LL),Bearish,6.8,Strong Bear,Bearish confirmed,"Range with bearish lean - ADX emerging, direction not confirmed",0.0,"Underperforming, weakening",Lags both,24.5087,Oversold,-18.4846,-12.5717,bearish accelerating,Neutral,-13.1246,-2.8179,full,0.0,Negative accelerating,17.62,Strong Bearish,Bearish confirmed,None,Strong Bearish - all 4 components agree incl. MACD acceleration,Below Lower,Emerging,Bearish,Yes,Yes,Breakout Down,79.21,High,Expanding,53.29,No,Squeeze releasing - expanding 2 bars after compression,Vol expanding,High,Rising,Confirmed Down,-0.6702,Distribution,22.1135,Neutral,1 - Basing,mid,20.0,14.0,3 - Topping,23.0,STAND ASIDE,50.0,0.0,Stage unclear,1 - Basing but stage confidence only 20 - regime not established,1 - Basing but stage confidence only 20 - regime not established,1 - Basing but stage confidence only 20 - regime not established
2023-12-01,780.5,820.0,780.5,794.8499755859375,867208,906.7255,943.2973,Yes,2.55,Strong Bear,Downtrend,Hold,Downtrend (LH+LL),Bearish,5.87,Strong Bear,Bearish confirmed,"Range with bearish lean - ADX emerging, direction not confirmed",0.0,"Underperforming, weakening",Lags both,29.6255,Oversold,-22.7866,-14.6147,bearish accelerating,Oversold,-10.6207,-2.2431,full,2.17,Negative fading,15.52,Strong Bearish,Bearish confirmed,None,Strong Bearish but oversold on RSI and Stochastic - stretched,Below Lower,Emerging,Bearish,Yes,Yes,Inside,89.25,Very High,Expanding,71.63,No,Squeeze releasing - expanding 3 bars after compression,Vol expanding,High,Rising,Confirmed Up,-0.5737,Distribution,38.9931,Neutral,4 - Declining,early,84.0,1.0,1 - Basing,14.0,WAIT,38.0,1.0,Weak ADX,"4 - Declining, trend 6 but ADX shows no trend, this is a range - wait for alignment",1 - Basing but stage confidence only 20 - regime not established,1 - Basing but stage confidence only 20 - regime not established
2023-12-04,811.9500122070312,813.0,788.0,789.0499877929688,306519,902.1108,941.7625,Yes,2.78,Strong Bear,Downtrend,Hold,Downtrend (LH+LL),Bearish,4.77,Strong Bear,Bearish confirmed,"Strong Bear - all 4 components agree, trending ADX",0.0,"Underperforming, weakening",Lags both,28.8175,Oversold,-26.3602,-16.9638,bearish accelerating,Oversold,-11.7295,-2.4408,full,2.08,Negative accelerating,14.74,Strong Bearish,Bearish confirmed,None,Strong Bearish but oversold on RSI and Stochastic - stretched,Below Lower,Trending,Bearish,Yes,Yes,Inside,90.08,Very High,Expanding,77.46,No,Squeeze releasing - expanding 4 bars after compression,Vol expanding,Normal,Rising,Confirmed Down,-0.6067,Distribution,35.4581,Neutral,4 - Declining,early,84.0,2.0,1 - Basing,14.0,NO NEW ENTRY,30.0,2.0,Momentum stretched,"4 - Declining, trend 5 short but momentum overextended - hold existing, do not add",1 - Basing but stage confidence only 20 - regime not established,1 - Basing but stage confidence only 20 - regime not established
2023-12-05,795.4000244140625,795.4000244140625,780.0,781.5499877929688,232174,897.3829,940.1684,Yes,2.84,Strong Bear,Downtrend,Hold,Range,Bullish,13.6,Strong Bear,Bearish confirmed,"Strong Bear - all 4 components agree, trending ADX",0.0,"Underperforming, weakening",Lags both,27.7631,Oversold,-29.4579,-19.4626,bearish accelerating,Oversold,-11.4541,-2.3459,full,2.33,Negative fading,14.28,Strong Bearish,Bearish confirmed,None,Strong Bearish but oversold on RSI and Stochastic - stretched,At Lower,Trending,Bearish,Yes,Yes,Near Lower,88.93,Very High,Expanding,74.25,No,Squeeze releasing - expanding 5 bars after compression,Vol expanding,Normal,Rising,Confirmed Down,-0.6216,Distribution,31.552,Neutral,4 - Declining,early,84.0,3.0,1 - Basing,14.0,NO NEW ENTRY,30.0,2.0,Momentum stretched,"4 - Declining, trend 14 short but momentum overextended - hold existing, do not add",1 - Basing but stage confidence only 20 - regime not established,1 - Basing but stage confidence only 20 - regime not established
2023-12-06,788.0,795.5499877929688,783.0999755859375,792.8499755859375,319848,893.2836,938.7025,Yes,4.5,Strong Bear,Downtrend,Hold,Range,Bullish,13.08,Strong Bear,Bearish confirmed,"Strong Bear - all 4 components agree, trending ADX",0.0,"Underperforming, weakening",Lags both,31.8114,Neutral,-30.6477,-21.6996,bearish fading,Oversold,-9.43,-1.9028,full,10.05,Negative fading,18.4,Strong Bearish,Bearish confirmed,None,Strong Bearish - all 4 components agree incl. MACD acceleration,Lower Half,Trending,Bearish,Yes,Yes,Inside,86.95,Very High,Expanding,70.72,No,Squeeze releasing - expanding 6 bars after compression,Vol expanding,Normal,Rising,Confirmed Up,-0.5397,Distribution,37.0113,Neutral,4 - Declining,early,84.0,4.0,1 - Basing,14.0,ENTER SMALL,22.31,4.0,Volatility extended,"4 - Declining, short setup confirmed but volatility 87 and still expanding - late, size down and widen stop",1 - Basing but stage confidence only 20 - regime not established,1 - Basing but stage confidence only 20 - regime not established
2023-12-07,799.9500122070312,799.9500122070312,789.0,794.75,169750,889.4195,937.2702,Yes,5.2,Strong Bear,Downtrend,Hold,Range,Bearish,12.5,Strong Bear,Bearish confirmed,"Strong Bear - all 4 components agree, trending ADX",0.0,"Underperforming, weakening",Lags both,32.4964,Neutral,-31.079,-23.5755,bearish fading,Oversold,-10.4406,-2.0919,full,9.61,Negative accelerating,19.68,Strong Bearish,Bearish confirmed,None,Strong Bearish - all 4 components agree incl. MACD acceleration,Lower Half,Trending,Bearish,Yes,Yes,Inside,83.77,Very High,Expanding,67.62,No,Squeeze releasing - expanding 7 bars after compression,Vol expanding,Normal,Rising,Weak Up,-0.5261,Distribution,39.5993,Neutral,4 - Declining,early,84.0,5.0,1 - Basing,14.0,ENTER SMALL,21.23,3.0,Volume,"4 - Declining, trend 12 short confirmed but participation is thin - reduce size, breakouts without volume fail more often",1 - Basing but stage confidence only 20 - regime not established,1 - Basing but stage confidence only 20 - regime not established
2023-12-08,797.0,797.75,786.0,789.4500122070312,100598,885.4992,935.7993,Yes,5.04,Strong Bear,Downtrend,Hold,Range,Bearish,11.76,Strong Bear,Bearish confirmed,"Strong Bear - all 4 components agree, trending ADX",0.0,"Underperforming, weakening",Lags both,31.5445,Neutral,-31.4856,-25.1575,bearish fading,Oversold,-11.4917,-2.2814,full,8.32,Negative accelerating,20.24,Strong Bearish,Bearish confirmed,None,Strong Bearish - all 4 components agree incl. MACD acceleration,Lower Half,Trending,Bearish,Yes,Yes,Inside,79.41,High,Expanding,65.83,No,Squeeze releasing - expanding 8 bars after compression,Normal vol,Dry-up,Rising,Weak Down,-0.5244,Distribution,37.823,Neutral,4 - Declining,early,84.0,6.0,1 - Basing,14.0,ENTER SMALL,20.0,3.0,Volume,"4 - Declining, trend 12 short confirmed but participation is thin - reduce size, breakouts without volume fail more often","4 - Declining, trend 6 but ADX shows no trend, this is a range - wait for alignment",1 - Basing but stage confidence only 20 - regime not established
2023-12-11,789.4500122070312,793.9500122070312,786.5999755859375,788.5999755859375,87261,881.6992,934.3346,Yes,5.37,Strong Bear,Downtrend,Hold,Range,Bearish,11.88,Strong Bear,Bearish confirmed,"Strong Bear - all 4 components agree, trending ADX",0.0,"Underperforming, weakening",Lags both,31.3857,Oversold,-31.5132,-26.4287,bearish fading,Oversold,-11.3036,-2.2261,full,9.39,Negative fading,21.61,Strong Bearish,Bearish confirmed,None,Strong Bearish - all 4 components agree incl. MACD acceleration,Lower Half,Trending,Bearish,Yes,Yes,Inside,73.89,High,Expanding,63.05,No,Squeeze releasing - expanding 9 bars after compression,Normal vol,Dry-up,Rising,Weak Down,-0.5255,Distribution,37.7243,Neutral,4 - Declining,early,84.0,7.0,1 - Basing,14.0,ENTER SMALL,20.33,3.0,Volume,"4 - Declining, trend 12 short confirmed but participation is thin - reduce size, breakouts without volume fail more often","4 - Declining, trend 5 short but momentum overextended - hold existing, do not add",1 - Basing but stage confidence only 20 - regime not established
2023-12-12,793.0,795.0,785.2999877929688,792.5499877929688,106741,878.2032,932.9238,Yes,6.15,Strong Bear,Downtrend,Hold,Range,Bearish,12.15,Strong Bear,Bearish confirmed,"Strong Bear - all 4 components agree, trending ADX",0.0,"Underperforming, weakening",Lags both,33.0718,Neutral,-30.8605,-27.315,bearish fading,Oversold,-12.4786,-2.4271,full,10.25,Negative fading,24.01,Strong Bearish,Bearish confirmed,None,Strong Bearish - all 4 components agree incl. MACD acceleration,Lower Half,Trending,Bearish,Yes,Yes,Inside,68.29,High,Expanding,56.75,No,Squeeze releasing - expanding 10 bars after compression,Normal vol,Dry-up,Rising,Weak Up,-0.5055,Distribution,39.594,Neutral,4 - Declining,early,84.0,8.0,1 - Basing,14.0,ENTER SMALL,22.37,3.0,Volume,"4 - Declining, trend 12 short confirmed but participation is thin - reduce size, breakouts without volume fail more often","4 - Declining, trend 14 short but momentum overextended - hold existing, do not add",1 - Basing but stage confidence only 20 - regime not established
2023-12-13,792.5499877929688,805.5999755859375,788.0499877929688,803.4000244140625,144863,875.2697,931.6351,Yes,7.56,Strong Bear,Downtrend,Hold,Range,Bearish,12.91,Strong Bear,Bearish confirmed,"Strong Bear - all 4 components agree, trending ADX",0.0,"Underperforming, weakening",Lags both,37.6073,Neutral,-29.132,-27.6784,bearish fading,Oversold,-3.1348,-0.5456,full,11.54,Negative fading,28.73,Strong Bearish,Bearish confirmed,None,Strong Bearish - all 4 components agree incl. MACD acceleration,Lower Half,Trending,Bearish,Yes,No,Inside,64.09,High,Stable,16.82,No,"High volatility, stable",Vol contracting,Normal,Rising,Weak Up,-0.476,Distribution,38.9727,Neutral,4 - Declining,early,84.0,9.0,1 - Basing,14.0,ENTER SMALL,24.13,3.0,Volume,"4 - Declining, trend 13 short confirmed but participation is thin - reduce size, breakouts without volume fail more often","4 - Declining, short setup confirmed but volatility 87 and still expanding - late, size down and widen stop",1 - Basing but stage confidence only 20 - regime not established
2023-12-14,811.0,852.7000122070312,808.9500122070312,845.9500122070312,710988,874.1199,930.7825,Yes,17.57,Strong Bear,Downtrend,Hold,Range,Bearish,46.8,Neutral,Mixed,"Neutral - components mixed, low conviction",0.0,"Underperforming, weakening",Lags both,51.4907,Neutral,-24.0514,-26.953,Bullish crossover,Neutral,8.4899,1.773,full,19.79,Negative fading,42.48,Neutral,Mixed,None,"Neutral - components mixed, low conviction",Upper Half,Trending,Bullish,Yes,No,Inside,72.9,High,Stable,-6.31,No,"High volatility, stable",Vol contracting,High,Rising,Confirmed Up,-0.3299,Distribution,47.0718,Neutral,4 - Declining,early,84.0,10.0,1 - Basing,14.0,WAIT,44.7,1.0,Trend,"4 - Declining, but trend score 47 does not confirm short - no directional edge","4 - Declining, trend 12 short confirmed but participation is thin - reduce size, breakouts without volume fail more often",1 - Basing but stage confidence only 20 - regime not established
2023-12-15,853.9000244140625,922.7999877929688,850.0,910.0999755859376,1444614,875.5309,930.5767,Yes,32.8,Bear,Uptrend,Buy,Range,Bearish,66.48,Bull,Mixed,"Bull - components mixed, low conviction",12.19,"Underperforming, weakening",Lags both,64.3649,Overbought,-14.6795,-24.4983,bearish accelerating,Neutral,14.4996,2.9106,full,34.39,Negative fading,59.65,Bullish,Bullish majority,None,"Bullish - majority agree, 1 dissenting",Upper Half,Trending,Bullish,Yes,No,Near Upper,83.97,Very High,Stable,-5.28,No,"Very High volatility, stable",Vol contracting,High,Rising,Confirmed Up,-0.1274,Distribution,59.7341,Neutral,4 - Declining,early,84.0,11.0,1 - Basing,14.0,WAIT,58.71,1.0,Trend,"4 - Declining, but trend score 66 does not confirm short - no directional edge","4 - Declining, trend 12 short confirmed but participation is thin - reduce size, breakouts without volume fail more often","4 - Declining, trend 6 but ADX shows no trend, this is a range - wait for alignment"
2023-12-18,912.0,949.0,901.5,909.3499755859376,404110,876.8571,930.3655,Yes,38.92,Bear,Uptrend,Hold,Range,Bearish,68.62,Bull,Mixed,"Bull - components mixed, low conviction",14.47,"Underperforming, weakening",Lags both,64.1505,Neutral,-7.2293,-21.0445,bearish accelerating,Neutral,15.2462,2.9902,full,35.02,Negative fading,63.53,Bullish,Bullish majority,None,"Bullish - majority agree, 1 dissenting",Upper Half,Trending,Bullish,No,No,Inside,88.89,Very High,Stable,-1.19,No,"Very High volatility, stable",Vol contracting,Normal,Rising,Confirmed Down,-0.1585,Distribution,61.3574,Neutral,4 - Declining,early,74.0,12.0,1 - Basing,14.0,WAIT,58.24,1.0,Trend,"4 - Declining, but trend score 69 does not confirm short - no directional edge","4 - Declining, trend 12 short confirmed but participation is thin - reduce size, breakouts without volume fail more often","4 - Declining, trend 5 short but momentum overextended - hold existing, do not add"
2023-12-19,950.0,950.0,879.9500122070312,924.0,1377610,878.7059,930.3021,Yes,42.57,Neutral,Uptrend,Hold,Range,Bearish,69.9,Bull,Mixed,"Bull - components mixed, low conviction",17.85,"Underperforming, weakening",Lags both,66.4976,Overbought,-0.1412,-16.8638,bearish accelerating,Overbought,18.2266,3.4645,full,37.71,Negative fading,67.01,Bullish,Bullish majority,None,"Bullish - majority agree, 1 dissenting",Upper Half,Trending,Bullish,No,No,Inside,92.7,Very High,Stable,3.77,No,"Very High volatility, stable",Vol contracting,High,Rising,Confirmed Up,-0.0918,Distribution,57.4357,Neutral,4 - Declining,early,74.0,13.0,1 - Basing,14.0,WAIT,63.46,1.0,Trend,"4 - Declining, but trend score 70 does not confirm short - no directional edge","4 - Declining, trend 12 short confirmed but participation is thin - reduce size, breakouts without volume fail more often","4 - Declining, trend 14 short but momentum overextended - hold existing, do not add"
2023-12-20,930.0,931.0,880.0,883.2000122070312,660130,878.8821,929.8334,Yes,39.18,Bear,Uptrend,Hold,Range,Bearish,68.71,Bull,Mixed,"Bull - components mixed, low conviction",12.94,"Underperforming, weakening",Lags both,55.5832,Neutral,2.159,-13.0593,bullish fading,Neutral,11.3956,2.15,full,29.84,Negative accelerating,59.79,Bullish,Bullish majority,None,"Bullish - majority agree, 1 dissenting",Upper Half,Trending,Bullish,No,Yes,Inside,95.87,Very High,Stable,8.93,No,"Very High volatility, stable",Extreme vol - reduce size,Normal,Rising,Confirmed Down,-0.1441,Distribution,59.2594,Neutral,4 - Declining,early,74.0,14.0,1 - Basing,14.0,WAIT,57.16,1.0,Trend,"4 - Declining, but trend score 69 does not confirm short - no directional edge","4 - Declining, trend 13 short confirmed but participation is thin - reduce size, breakouts without volume fail more often","4 - Declining, short setup confirmed but volatility 87 and still expanding - late, size down and widen stop"
2023-12-21,880.0999755859375,905.0,854.0,899.9000244140625,343088,879.7063,929.5356,Yes,44.38,Neutral,Uptrend,Hold,Range,Bearish,70.23,Bull,Mixed,"Bull - components mixed, low conviction",15.22,"Underperforming, weakening",Lags both,58.5799,Neutral,5.2688,-9.3937,bullish fading,Neutral,13.2306,2.4515,full,33.32,Negative fading,61.28,Bullish,Bullish majority,None,"Bullish - majority agree, 1 dissenting",Upper Half,Trending,Bullish,No,Yes,Inside,96.47,Very High,Stable,12.7,No,"Very High volatility, stable",Extreme vol - reduce size,Normal,Rising,Weak Up,-0.1127,Distribution,50.9783,Neutral,4 - Declining,mid,74.0,15.0,1 - Basing,14.0,WAIT,60.69,1.0,Trend,"4 - Declining, but trend score 70 does not confirm short - no directional edge","4 - Declining, but trend score 47 does not confirm short - no directional edge","4 - Declining, trend 12 short confirmed but participation is thin - reduce size, breakouts without volume fail more often"
2023-12-22,904.0,909.6500244140624,884.0,888.3499755859375,167550,880.0453,929.1258,Yes,42.0,Neutral,Uptrend,Hold,Range,Bearish,68.75,Bull,Mixed,"Bull - components mixed, low conviction",8.6,"Underperforming, weakening",Lags both,55.777,Neutral,6.7238,-6.1702,bullish fading,Neutral,12.5277,2.2877,full,31.43,Negative accelerating,58.42,Bullish,Bullish majority,None,"Bullish - majority agree, 1 dissenting",Upper Half,Trending,Bullish,No,Yes,Inside,95.75,Very High,Stable,16.35,No,"Very High volatility, stable",Extreme vol - reduce size,Dry-up,Rising,Weak Down,-0.1228,Distribution,54.5846,Neutral,4 - Declining,mid,74.0,16.0,1 - Basing,14.0,WAIT,57.96,1.0,Trend,"4 - Declining, but trend score 69 does not confirm short - no directional edge","4 - Declining, but trend score 66 does not confirm short - no directional edge","4 - Declining, trend 12 short confirmed but participation is thin - reduce size, breakouts without volume fail more often"
2023-12-26,896.0,898.9000244140625,880.9000244140625,889.25,185366,880.4063,928.729,Yes,41.86,Neutral,Uptrend,Hold,Range,Bearish,68.02,Bull,Mixed,"Bull - components mixed, low conviction",4.03,"Underperforming, weakening",Lags both,55.9539,Neutral,7.859,-3.3643,bullish fading,Neutral,12.7631,2.296,full,30.44,Negative accelerating,57.55,Neutral,Bullish majority,Bullish divergence,Neutral - bullish divergence vs price over 21 bars,Upper Half,Trending,Bullish,No,Yes,Inside,94.09,Very High,Expanding,20.2,No,Very High volatility and still expanding - move may be extended,Extreme vol - reduce size,Dry-up,Rising,Weak Up,-0.122,Distribution,54.7591,Neutral,4 - Declining,mid,74.0,17.0,1 - Basing,14.0,WAIT,58.57,1.0,Trend,"4 - Declining, but trend score 68 does not confirm short - no directional edge","4 - Declining, but trend score 69 does not confirm short - no directional edge","4 - Declining, trend 12 short confirmed but participation is thin - reduce size, breakouts without volume fail more often"
2023-12-27,891.0,907.4000244140624,880.0,882.7000122070312,243466,880.4962,928.271,Yes,40.58,Neutral,Uptrend,Hold,Range,Bullish,67.06,Bull,Mixed,"Bull - components mixed, low conviction",0.57,"Underperforming, weakening",Lags both,54.2534,Neutral,8.1363,-1.0642,bullish fading,Neutral,11.3747,2.0196,full,30.59,Negative fading,55.5,Neutral,Bullish majority,Bullish divergence,Neutral - bullish divergence vs price over 21 bars,Upper Half,Trending,Bullish,No,Yes,Inside,93.17,Very High,Expanding,24.88,No,Very High volatility and still expanding - move may be extended,Extreme vol - reduce size,Dry-up,Rising,Weak Down,-0.1434,Distribution,54.4582,Neutral,4 - Declining,mid,74.0,18.0,1 - Basing,14.0,WAIT,56.33,1.0,Trend,"4 - Declining, but trend score 67 does not confirm short - no directional edge","4 - Declining, but trend score 70 does not confirm short - no directional edge","4 - Declining, trend 12 short confirmed but participation is thin - reduce size, breakouts without volume fail more often"
2023-12-28,887.0,892.0,870.0,878.0999755859375,129798,880.4023,927.7718,Yes,39.77,Bear,Uptrend,Hold,Range,Bullish,64.93,Bull,Mixed,"Bull - components mixed, low conviction",0.0,"Underperforming, weakening",Lags both,53.0344,Neutral,7.8938,0.7274,bullish fading,Neutral,9.298,1.6313,full,31.27,Negative fading,53.58,Neutral,Bullish majority,Bullish divergence,Neutral - bullish divergence vs price over 21 bars,Upper Half,Trending,Bullish,No,Yes,Inside,91.9,Very High,Expanding,27.82,No,Very High volatility and still expanding - move may be extended,Vol expanding,Dry-up,Rising,Weak Down,-0.0547,Distribution,52.1745,Neutral,4 - Declining,mid,74.0,19.0,1 - Basing,14.0,WAIT,54.79,1.0,Trend,"4 - Declining, but trend score 65 does not confirm short - no directional edge","4 - Declining, but trend score 69 does not confirm short - no directional edge","4 - Declining, trend 13 short confirmed but participation is thin - reduce size, breakouts without volume fail more often"
2023-12-29,878.9500122070312,891.1500244140625,878.5,887.2999877929688,112530,880.6728,927.3691,Yes,47.35,Neutral,Uptrend,Hold,Range,Bullish,68.12,Bull,Mixed,"Bull - components mixed, low conviction",4.89,"Underperforming, weakening",Lags both,55.2023,Neutral,8.3478,2.2515,bullish fading,Neutral,4.888,0.8385,full,34.93,Negative fading,54.34,Neutral,Bullish majority,None,"Neutral - majority agree, 1 dissenting",Upper Half,Trending,Bullish,No,Yes,Inside,88.02,Very High,Stable,15.12,No,"Very High volatility, stable",Vol expanding,Dry-up,Rising,Weak Up,0.058,Accumulation,53.8158,Neutral,4 - Declining,mid,64.0,20.0,1 - Basing,14.0,WAIT,58.66,1.0,Trend,"4 - Declining, but trend score 68 does not confirm short - no directional edge","4 - Declining, but trend score 70 does not confirm short - no directional edge","4 - Declining, but trend score 47 does not confirm short - no directional edge"
2024-01-01,888.7999877929688,893.0,878.3499755859375,882.4500122070312,115407,880.7425,926.9221,Yes,44.78,Neutral,Uptrend,Hold,Range,Bullish,66.56,Bull,Mixed,"Bull - components mixed, low conviction",4.09,"Underperforming, improving",Lags both,53.7926,Neutral,8.2215,3.4455,bullish fading,Neutral,-3.0381,-0.5762,full,33.82,Negative accelerating,52.33,Neutral,Bullish majority,None,"Neutral - majority agree, 1 dissenting",Upper Half,Trending,Bullish,No,Yes,Inside,85.04,Very High,Stable,1.07,No,"Very High volatility, stable",Vol expanding,Dry-up,Rising,Weak Down,0.0892,Accumulation,53.4892,Neutral,4 - Declining,mid,64.0,21.0,1 - Basing,14.0,WAIT,56.15,1.0,Trend,"4 - Declining, but trend score 67 does not confirm short - no directional edge","4 - Declining, but trend score 69 does not confirm short - no directional edge","4 - Declining, but trend score 66 does not confirm short - no directional edge"
2024-01-02,884.0,887.4000244140625,871.5,884.2999877929688,99105,880.882,926.498,Yes,43.81,Neutral,Uptrend,Hold,Range,Bullish,65.6,Bull,Mixed,"Range with bullish lean - ADX emerging, direction not confirmed",4.3,"Underperforming, improving",Lags both,54.2723,Neutral,8.1764,4.3917,bullish fading,Neutral,-2.7547,-0.5331,full,35.39,Negative fading,52.04,Neutral,Bullish majority,None,"Neutral - majority agree, 1 dissenting",Upper Half,Emerging,Bullish,No,Yes,Inside,81.9,Very High,Stable,-6.98,No,"Very High volatility, stable",Vol expanding,Dry-up,Rising,Weak Up,0.1395,Accumulation,51.9175,Neutral,4 - Declining,mid,64.0,22.0,1 - Basing,14.0,WAIT,56.83,1.0,Trend,"4 - Declining, but trend score 66 does not confirm short - no directional edge","4 - Declining, but trend score 68 does not confirm short - no directional edge","4 - Declining, but trend score 69 does not confirm short - no directional edge"
2024-01-03,891.0,916.7999877929688,880.9000244140625,902.25,239281,881.7199,926.2568,Yes,48.98,Neutral,Uptrend,Hold,Range,Bullish,67.37,Bull,Mixed,"Range with bullish lean - ADX emerging, direction not confirmed",8.99,"Underperforming, improving",Lags both,58.7472,Neutral,9.4799,5.4093,bullish accelerating,Neutral,-2.3539,-0.4651,full,36.33,Negative fading,54.09,Neutral,Bullish majority,None,"Neutral - majority agree, 1 dissenting",Upper Half,Emerging,Bullish,No,No,Inside,81.55,Very High,Stable,-11.15,No,"Very High volatility, stable",Vol contracting,Normal,Rising,Weak Up,0.1716,Accumulation,52.7773,Neutral,4 - Declining,mid,64.0,23.0,1 - Basing,14.0,WAIT,58.24,1.0,Trend,"4 - Declining, but trend score 67 does not confirm short - no directional edge","4 - Declining, but trend score 67 does not confirm short - no directional edge","4 - Declining, but trend score 70 does not confirm short - no directional edge"
2024-01-04,910.0,911.0,897.5499877929688,902.0,93108,882.5152,926.0154,Yes,51.05,Neutral,Uptrend,Hold,Range,Bullish,68.05,Bull,Bullish confirmed,"Range with bullish lean - ADX emerging, direction not confirmed",5.41,"Underperforming, improving",Lags both,58.6611,Neutral,10.3731,6.4021,bullish fading,Neutral,2.1286,0.336,full,36.14,Negative accelerating,53.6,Neutral,Bullish majority,None,"Neutral - majority agree, 1 dissenting",Upper Half,Emerging,Bullish,No,No,Inside,76.91,High,Stable,-18.97,No,"High volatility, stable",Vol contracting,Dry-up,Rising,Weak Down,0.1465,Accumulation,48.0156,Neutral,4 - Declining,mid,64.0,24.0,1 - Basing,14.0,WAIT,57.2,1.0,Trend,"4 - Declining, but trend score 68 does not confirm short - no directional edge","4 - Declining, but trend score 65 does not confirm short - no directional edge","4 - Declining, but trend score 69 does not confirm short - no directional edge"
2024-01-05,904.9500122070312,910.0,893.5999755859375,904.1500244140624,162236,883.3636,925.7978,Yes,52.01,Neutral,Uptrend,Hold,Range,Bullish,68.23,Bull,Bullish confirmed,"Range with bullish lean - ADX emerging, direction not confirmed",6.39,"Underperforming, improving",Lags both,59.2147,Neutral,11.1262,7.3469,bullish fading,Neutral,0.4723,0.0337,full,38.52,Negative fading,53.96,Neutral,Bullish majority,None,"Neutral - majority agree, 1 dissenting",Upper Half,Emerging,Bullish,No,No,Inside,73.29,High,Contracting,-23.18,No,"High volatility, contracting - move losing energy",Vol contracting,Dry-up,Rising,Weak Up,0.1521,Accumulation,29.06,Neutral,4 - Declining,mid,64.0,25.0,1 - Basing,14.0,WAIT,58.59,1.0,Trend,"4 - Declining, but trend score 68 does not confirm short - no directional edge","4 - Declining, but trend score 68 does not confirm short - no directional edge","4 - Declining, but trend score 70 does not confirm short - no directional edge"
2024-01-08,905.0,909.9500122070312,892.7000122070312,895.9500122070312,152280,883.8572,925.5008,Yes,51.26,Neutral,Uptrend,Hold,Range,Bullish,67.78,Bull,Bullish confirmed,"Range with bullish lean - ADX emerging, direction not confirmed",7.02,"Underperforming, improving",Lags both,56.1274,Neutral,10.9353,8.0646,bullish fading,Neutral,0.8555,0.0987,full,35.75,Negative accelerating,50.3,Neutral,Mixed,None,"Neutral - components mixed, low conviction",Upper Half,Emerging,Bullish,No,No,Inside,69.41,High,Contracting,-26.35,No,"High volatility, contracting - move losing energy",Vol contracting,Dry-up,Rising,Weak Down,0.1434,Accumulation,20.8098,Neutral,4 - Declining,mid,64.0,26.0,1 - Basing,14.0,WAIT,56.09,1.0,Trend,"4 - Declining, but trend score 68 does not confirm short - no directional edge","4 - Declining, but trend score 67 does not confirm short - no directional edge","4 - Declining, but trend score 69 does not confirm short - no directional edge"
2024-01-09,899.9500122070312,937.7999877929688,893.0,896.25,440054,884.3432,925.2098,Yes,52.03,Neutral,Uptrend,Hold,Range,Bullish,68.45,Bull,Bullish confirmed,"Range with bullish lean - ADX emerging, direction not confirmed",8.88,"Underperforming, improving",Lags both,56.2173,Neutral,10.6851,8.5887,bullish fading,Neutral,0.7872,0.0826,full,36.35,Negative fading,49.55,Neutral,Mixed,None,"Neutral - components mixed, low conviction",Upper Half,Emerging,Bullish,No,No,Inside,73.57,High,Contracting,-20.52,No,"High volatility, contracting - move losing energy",Vol contracting,Normal,Rising,Confirmed Up,0.0906,Accumulation,41.4151,Neutral,4 - Declining,mid,64.0,27.0,1 - Basing,14.0,WAIT,58.57,1.0,Trend,"4 - Declining, but trend score 68 does not confirm short - no directional edge","4 - Declining, but trend score 66 does not confirm short - no directional edge","4 - Declining, but trend score 68 does not confirm short - no directional edge"
2024-01-10,900.9500122070312,902.4500122070312,889.2999877929688,894.7000122070312,75315,884.7494,924.9062,Yes,51.92,Neutral,Uptrend,Hold,Range,Bullish,68.65,Bull,Bullish confirmed,"Range with bullish lean - ADX emerging, direction not confirmed",9.14,"Underperforming, improving",Lags both,55.5833,Neutral,10.2436,8.9197,bullish fading,Neutral,1.3595,0.1826,full,38.9,Negative fading,49.09,Neutral,Mixed,None,"Neutral - components mixed, low conviction",Upper Half,Emerging,Bullish,Yes,No,Inside,65.56,High,Contracting,-27.62,No,"High volatility, contracting - move losing energy",Vol contracting,Dry-up,Rising,Weak Down,0.0819,Accumulation,50.9206,Neutral,4 - Declining,mid,64.0,28.0,1 - Basing,14.0,WAIT,56.12,1.0,Trend,"4 - Declining, but trend score 69 does not confirm short - no directional edge","4 - Declining, but trend score 67 does not confirm short - no directional edge","4 - Declining, but trend score 67 does not confirm short - no directional edge"
2024-01-11,897.9500122070312,900.0,886.0,889.7999877929688,76413,884.9474,924.5569,Yes,49.42,Neutral,Uptrend,Hold,Range,Bullish,67.88,Bull,Mixed,"Range with bullish lean - ADX emerging, direction not confirmed",10.74,"Underperforming, improving",Lags both,53.5281,Neutral,9.3901,9.0137,bullish fading,Neutral,1.3324,0.174,full,38.48,Negative accelerating,46.66,Neutral,Bearish majority,None,"Neutral - majority agree, 1 dissenting",Lower Half,Emerging,Bullish,Yes,No,Inside,50.44,Normal,Contracting,-41.47,No,"Normal volatility, contracting - move losing energy",Vol contracting,Dry-up,Rising,Weak Down,0.0628,Accumulation,56.7717,Neutral,4 - Declining,mid,64.0,29.0,1 - Basing,14.0,WAIT,55.04,1.0,Trend,"4 - Declining, but trend score 68 does not confirm short - no directional edge","4 - Declining, but trend score 68 does not confirm short - no directional edge","4 - Declining, but trend score 65 does not confirm short - no directional edge"
2024-01-12,886.0,894.0,885.0,886.25,68266,884.9985,924.1757,Yes,46.89,Neutral,Uptrend,Hold,Range,Bullish,67.05,Bull,Mixed,"Range with bullish lean - ADX emerging, direction not confirmed",8.74,"Underperforming, improving",Lags both,52.0271,Neutral,8.3312,8.8772,Bearish crossover,Neutral,-0.1183,-0.0916,full,38.02,Negative accelerating,43.95,Neutral,Bearish majority,None,"Neutral - majority agree, 1 dissenting",Lower Half,Emerging,Bullish,Yes,No,Inside,36.31,Low,Contracting,-51.71,Partial,"Low volatility, contracting - coiling, watch for breakout",Vol contracting,Dry-up,Rising,Weak Down,-0.0131,Neutral,51.7218,Neutral,4 - Declining,mid,64.0,30.0,1 - Basing,14.0,WAIT,53.86,1.0,Trend,"4 - Declining, but trend score 67 does not confirm short - no directional edge","4 - Declining, but trend score 68 does not confirm short - no directional edge","4 - Declining, but trend score 68 does not confirm short - no directional edge"
2024-01-15,886.25,886.25,886.25,886.25,0,885.0476,923.7984,Yes,46.1,Neutral,Uptrend,Hold,Range,Bullish,66.83,Bull,Mixed,"Range with bullish lean - ADX emerging, direction not confirmed",3.96,"Underperforming, improving",Lags both,52.0271,Neutral,7.4066,8.5831,bullish accelerating,Neutral,0.4306,0.007,full,36.44,Negative accelerating,41.78,Bearish,Bearish majority,Bearish divergence,Bearish - bearish divergence vs price over 21 bars,Lower Half,Emerging,Bullish,Yes,No,Inside,20.24,Low,Contracting,-64.8,Confirmed,"Low volatility, squeeze confirmed - expansion pending",Coiled - low vol squeeze,Dry-up,Rising,Flat,-0.1996,Distribution,56.4629,Neutral,4 - Declining,mid,64.0,31.0,1 - Basing,14.0,WAIT,53.71,1.0,Trend,"4 - Declining, but trend score 67 does not confirm short - no directional edge","4 - Declining, but trend score 68 does not confirm short - no directional edge","4 - Declining, but trend score 67 does not confirm short - no directional edge"
2024-01-16,886.9500122070312,889.7999877929688,865.0499877929688,871.6500244140625,80587,884.5222,923.2795,Yes,40.87,Neutral,Uptrend,Hold,Downtrend (LH+LL),Bullish,51.19,Neutral,Mixed,"No clear trend - ADX emerging, price ranging",1.6,"Underperforming, weakening",Lags both,45.8897,Neutral,5.4332,7.9531,bullish accelerating,Oversold,-1.4305,-0.3281,full,34.38,Negative accelerating,37.05,Bearish,Bearish confirmed,None,Bearish - all 4 components agree incl. MACD acceleration,Lower Half,Emerging,Bullish,No,No,Inside,21.27,Low,Contracting,-60.64,Confirmed,"Low volatility, squeeze confirmed - expansion pending",Vol contracting,Dry-up,Falling,Weak Down,-0.1647,Distribution,48.3456,Neutral,4 - Declining,mid,64.0,32.0,1 - Basing,14.0,WAIT,44.65,1.0,Trend,"4 - Declining, but trend score 51 does not confirm short - no directional edge","4 - Declining, but trend score 68 does not confirm short - no directional edge","4 - Declining, but trend score 66 does not confirm short - no directional edge"
2024-01-17,868.0,881.9000244140625,859.9500122070312,876.4000244140625,98314,884.2037,922.813,Yes,39.38,Bear,Uptrend,Hold,Downtrend (LH+LL),Bullish,51.0,Neutral,Mixed,"No clear trend - ADX emerging, price ranging",12.36,"Underperforming, weakening",Lags both,48.0374,Neutral,4.204,7.2033,bullish accelerating,Oversold,-2.8651,-0.5834,full,38.54,Negative fading,38.34,Bearish,Bearish confirmed,None,Bearish - all 4 components agree incl. MACD acceleration,Lower Half,Emerging,Bullish,No,No,Inside,19.88,Very Low,Contracting,-61.67,Confirmed,"Very Low volatility, squeeze confirmed - expansion pending",Coiled - low vol squeeze,Normal,Falling,Weak Up,-0.3105,Distribution,49.1914,Neutral,4 - Declining,mid,64.0,33.0,1 - Basing,14.0,WAIT,46.15,1.0,Trend,"4 - Declining, but trend score 51 does not confirm short - no directional edge","4 - Declining, but trend score 69 does not confirm short - no directional edge","4 - Declining, but trend score 67 does not confirm short - no directional edge"
2024-01-18,873.0,880.0,852.9500122070312,866.7000122070312,58001,883.5173,922.2547,Yes,28.99,Bear,Uptrend,Hold,Downtrend (LH+LL),Bullish,37.56,Bear,Bearish majority,"Range with bearish lean - ADX emerging, direction not confirmed",14.83,"Underperforming, weakening",Lags both,44.1809,Neutral,2.4193,6.2465,bullish accelerating,Oversold,-3.9135,-0.7688,full,38.53,Negative accelerating,36.06,Bearish,Bearish confirmed,None,Bearish - all 4 components agree incl. MACD acceleration,Below Lower,Emerging,Bearish,No,No,Inside,20.6,Low,Contracting,-56.31,Confirmed,"Low volatility, squeeze confirmed - expansion pending",Vol contracting,Dry-up,Falling,Weak Down,-0.1775,Distribution,44.4071,Neutral,4 - Declining,mid,74.0,34.0,1 - Basing,14.0,WAIT,38.0,1.0,Weak ADX,"4 - Declining, trend 38 but ADX shows no trend, this is a range - wait for alignment","4 - Declining, but trend score 68 does not confirm short - no directional edge","4 - Declining, but trend score 68 does not confirm short - no directional edge"
2024-01-19,871.0499877929688,880.0,871.0499877929688,874.5499877929688,36385,883.1656,921.78,Yes,22.31,Bear,Uptrend,Hold,Downtrend (LH+LL),Bullish,37.95,Bear,Bearish majority,"Range with bearish lean - ADX no trend, direction not confirmed",16.83,"Underperforming, weakening",Lags both,47.831,Neutral,1.6197,5.3211,bullish fading,Neutral,-3.2738,-0.6479,full,43.3,Negative fading,39.4,Bearish,Bearish confirmed,None,Bearish - all 4 components agree incl. MACD acceleration,Lower Half,No Trend,Bearish,No,No,Inside,17.3,Very Low,Contracting,-55.99,Confirmed,"Very Low volatility, squeeze confirmed - expansion pending",Coiled - low vol squeeze,Dry-up,Falling,Weak Up,-0.3054,Distribution,48.5959,Neutral,4 - Declining,mid,84.0,35.0,1 - Basing,14.0,WAIT,38.6,1.0,Weak ADX,"4 - Declining, trend 38 but ADX shows no trend, this is a range - wait for alignment","4 - Declining, but trend score 67 does not confirm short - no directional edge","4 - Declining, but trend score 68 does not confirm short - no directional edge"
2024-01-23,878.0,878.0,847.4000244140625,851.4000244140625,87872,881.9199,921.0797,Yes,16.44,Strong Bear,Uptrend,Hold,Downtrend (LH+LL),Bullish,30.14,Bear,Bearish majority,"Range with bearish lean - ADX no trend, direction not confirmed",17.66,"Underperforming, weakening",Lags both,39.6058,Neutral,-0.872,4.0825,bearish accelerating,Oversold,-4.9724,-0.9498,full,40.58,Negative accelerating,34.27,Bearish,Bearish confirmed,None,Bearish - all 4 components agree incl. MACD acceleration,Below Lower,No Trend,Bearish,No,No,Breakout Down,26.43,Low,Contracting,-42.98,No,"Low volatility, contracting - coiling, watch for breakout",Vol contracting,Normal,Falling,Weak Down,-0.2969,Distribution,48.9813,Neutral,4 - Declining,mid,84.0,36.0,1 - Basing,14.0,WAIT,38.0,1.0,Weak ADX,"4 - Declining, trend 30 but ADX shows no trend, this is a range - wait for alignment","4 - Declining, but trend score 67 does not confirm short - no directional edge","4 - Declining, but trend score 68 does not confirm short - no directional edge"
2024-01-24,859.75,859.7999877929688,845.5,850.5499877929688,58508,880.6897,920.3779,Yes,14.66,Strong Bear,Uptrend,Hold,Downtrend (LH+LL),Bullish,29.27,Bear,Bearish majority,"Range with bearish lean - ADX no trend, direction not confirmed",15.91,"Underperforming, weakening",Lags both,39.3383,Neutral,-2.882,2.6896,bearish accelerating,Oversold,-5.099,-0.9656,full,42.29,Negative fading,33.76,Bearish,Bearish confirmed,None,Bearish - all 4 components agree incl. MACD acceleration,Below Lower,No Trend,Bearish,No,No,Near Lower,28.85,Low,Contracting,-44.72,No,"Low volatility, contracting - coiling, watch for breakout",Vol contracting,Dry-up,Falling,Weak Down,-0.314,Distribution,38.8664,Neutral,4 - Declining,mid,84.0,37.0,1 - Basing,14.0,WAIT,38.0,1.0,Weak ADX,"4 - Declining, trend 29 but ADX shows no trend, this is a range - wait for alignment","4 - Declining, but trend score 51 does not confirm short - no directional edge","4 - Declining, but trend score 68 does not confirm short - no directional edge"
2024-01-25,851.0,857.2999877929688,843.5499877929688,847.25,39176,879.3783,919.6503,Yes,12.5,Strong Bear,Uptrend,Hold,Downtrend (LH+LL),Bullish,27.61,Bear,Bearish majority,"Range with bearish lean - ADX no trend, direction not confirmed",10.74,"Underperforming, weakening",Lags both,38.258,Neutral,-4.6872,1.2142,bearish accelerating,Oversold,-5.3035,-0.9948,full,40.07,Negative accelerating,31.66,Bearish,Bearish confirmed,None,Bearish - all 4 components agree incl. MACD acceleration,At Lower,No Trend,Bearish,No,No,Near Lower,29.72,Low,Contracting,-35.83,No,"Low volatility, contracting - coiling, watch for breakout",Low vol - tight stops,Dry-up,Falling,Weak Down,-0.2631,Distribution,33.8254,Neutral,4 - Declining,mid,84.0,38.0,1 - Basing,14.0,WAIT,38.0,1.0,Weak ADX,"4 - Declining, trend 28 but ADX shows no trend, this is a range - wait for alignment","4 - Declining, but trend score 51 does not confirm short - no directional edge","4 - Declining, but trend score 69 does not confirm short - no directional edge"
2024-01-29,847.2000122070312,853.7000122070312,842.5,847.75,58442,878.138,918.9348,Yes,12.62,Strong Bear,Uptrend,Hold,Downtrend (LH+LL),Bullish,27.68,Bear,Bearish majority,"Range with bearish lean - ADX no trend, direction not confirmed",6.81,"Underperforming, weakening",Lags both,38.5334,Neutral,-6.0083,-0.2303,bearish fading,Oversold,-4.7258,-0.884,full,42.8,Negative fading,32.76,Bearish,Bearish confirmed,None,Bearish - all 4 components agree incl. MACD acceleration,Lower Half,No Trend,Bearish,No,No,Near Lower,28.53,Low,Contracting,-21.9,No,"Low volatility, contracting - coiling, watch for breakout",Low vol - tight stops,Normal,Falling,Weak Up,-0.2576,Distribution,36.6026,Neutral,4 - Declining,mid,84.0,39.0,1 - Basing,14.0,WAIT,38.0,1.0,Weak ADX,"4 - Declining, trend 28 but ADX shows no trend, this is a range - wait for alignment","4 - Declining, trend 38 but ADX shows no trend, this is a range - wait for alignment","4 - Declining, but trend score 68 does not confirm short - no directional edge"
2024-01-30,854.8499755859375,859.0,845.1500244140625,847.7999877929688,91753,876.9483,918.227,Yes,12.74,Strong Bear,Uptrend,Hold,Downtrend (LH+LL),Bullish,27.87,Bear,Bearish majority,"Range with bearish lean - ADX no trend, direction not confirmed",11.08,"Underperforming, weakening",Lags both,38.5629,Neutral,-6.9708,-1.5784,bearish fading,Oversold,-4.3385,-0.808,full,47.13,Negative fading,34.45,Bearish,Bearish confirmed,None,Bearish - all 4 components agree incl. MACD acceleration,Lower Half,No Trend,Bearish,Yes,No,Near Lower,27.5,Low,Stable,-8.81,No,"Low volatility, stable",Low vol - tight stops,Normal,Falling,Weak Up,-0.3074,Distribution,45.4899,Neutral,4 - Declining,mid,84.0,40.0,1 - Basing,14.0,WAIT,38.0,1.0,Weak ADX,"4 - Declining, trend 28 but ADX shows no trend, this is a range - wait for alignment","4 - Declining, trend 38 but ADX shows no trend, this is a range - wait for alignment","4 - Declining, but trend score 67 does not confirm short - no directional edge"
2024-01-31,852.0,905.0,852.0,883.7999877929688,334939,877.217,917.8845,Yes,18.83,Strong Bear,Uptrend,Hold,Downtrend (LH+LL),Bullish,44.1,Neutral,Mixed,"No clear trend - ADX no trend, price ranging",19.22,"Underperforming, weakening",Lags both,55.2315,Neutral,-4.7737,-2.2175,bearish fading,Neutral,-0.2764,-0.0717,full,53.5,Positive accelerating,46.72,Neutral,Mixed,None,"Neutral - components mixed, low conviction",Upper Half,No Trend,Bullish,Yes,Yes,Inside,37.14,Low,Stable,16.9,No,"Low volatility, stable",Normal vol,High,Falling,Confirmed Up,-0.2285,Distribution,39.8454,Neutral,4 - Declining,mid,84.0,41.0,1 - Basing,14.0,WAIT,44.76,1.0,Trend,"4 - Declining, but trend score 44 does not confirm short - no directional edge","4 - Declining, trend 30 but ADX shows no trend, this is a range - wait for alignment","4 - Declining, but trend score 67 does not confirm short - no directional edge"
2024-02-01,899.0,899.0,814.8499755859375,866.0499877929688,244558,876.7791,917.3687,Yes,17.79,Strong Bear,Uptrend,Hold,Downtrend (LH+LL),Bullish,34.78,Bear,Bearish majority,"Range with bearish lean - ADX no trend, direction not confirmed",18.08,"Underperforming, weakening",Lags both,48.2767,Neutral,-4.4139,-2.6567,bearish fading,Neutral,-0.6425,-0.1333,full,51.17,Positive fading,46.9,Neutral,Bearish majority,None,"Neutral - majority agree, 1 dissenting",Lower Half,No Trend,Bearish,No,Yes,Inside,58.77,Normal,Expanding,37.5,No,Squeeze releasing - expanding 7 bars after compression,Normal vol,Normal,Falling,Confirmed Down,-0.2182,Distribution,34.9321,Neutral,4 - Declining,mid,84.0,42.0,1 - Basing,14.0,WAIT,38.0,1.0,Weak ADX,"4 - Declining, trend 35 but ADX shows no trend, this is a range - wait for alignment","4 - Declining, trend 29 but ADX shows no trend, this is a range - wait for alignment","4 - Declining, but trend score 51 does not confirm short - no directional edge"
2024-02-02,852.0,857.9500122070312,838.75,846.0,132978,875.572,916.6586,Yes,14.86,Strong Bear,Uptrend,Hold,Downtrend (LH+LL),Bullish,29.27,Bear,Bearish majority,"Range with bearish lean - ADX no trend, direction not confirmed",3.91,"Underperforming, weakening",Lags both,41.864,Neutral,-5.6811,-3.2616,bearish accelerating,Neutral,-3.4687,-0.6398,full,42.21,Negative accelerating,42.75,Neutral,Bearish majority,None,"Neutral - majority agree, 1 dissenting",Lower Half,No Trend,Bearish,No,Yes,Inside,65.4,High,Expanding,45.52,No,Squeeze releasing - expanding 8 bars after compression,Vol expanding,Normal,Falling,Confirmed Down,-0.2605,Distribution,33.6386,Neutral,4 - Declining,mid,84.0,43.0,1 - Basing,14.0,WAIT,38.0,1.0,Weak ADX,"4 - Declining, trend 29 but ADX shows no trend, this is a range - wait for alignment","4 - Declining, trend 28 but ADX shows no trend, this is a range - wait for alignment","4 - Declining, but trend score 51 does not confirm short - no directional edge"
2024-02-05,849.6500244140625,864.0,834.0,837.4500122070312,74428,874.0771,915.8704,Yes,12.82,Strong Bear,Uptrend,Hold,Downtrend (LH+LL),Bullish,27.08,Bear,Bearish majority,"Range with bearish lean - ADX no trend, direction not confirmed",4.0,"Underperforming, weakening",Lags both,39.457,Neutral,-7.2913,-4.0676,bearish accelerating,Neutral,-3.3749,-0.6172,full,42.51,Negative fading,39.63,Bearish,Bearish confirmed,None,Bearish - all 4 components agree incl. MACD acceleration,Lower Half,No Trend,Bearish,No,Yes,Inside,66.86,High,Expanding,46.27,No,Squeeze releasing - expanding 9 bars after compression,Vol expanding,Normal,Falling,Weak Down,-0.2734,Distribution,33.5757,Neutral,4 - Declining,mid,84.0,44.0,1 - Basing,14.0,WAIT,38.0,1.0,Weak ADX,"4 - Declining, trend 27 but ADX shows no trend, this is a range - wait for alignment","4 - Declining, trend 28 but ADX shows no trend, this is a range - wait for alignment","4 - Declining, trend 38 but ADX shows no trend, this is a range - wait for alignment"
2024-02-06,839.5,860.0,839.5,856.4000244140625,256624,873.3838,915.2787,Yes,17.69,Strong Bear,Uptrend,Hold,Downtrend (LH+LL),Bullish,34.13,Bear,Bearish majority,"Range with bearish lean - ADX no trend, direction not confirmed",5.69,"Underperforming, weakening",Lags both,46.7628,Neutral,-6.958,-4.6456,bearish fading,Neutral,-2.0753,-0.3776,full,43.78,Negative fading,42.81,Neutral,Bearish confirmed,None,Neutral - all 4 components agree incl. MACD acceleration,Lower Half,No Trend,Bearish,No,Yes,Inside,63.45,High,Expanding,46.15,No,Squeeze releasing - expanding 10 bars after compression,Normal vol,High,Falling,Confirmed Up,-0.2143,Distribution,43.7738,Neutral,4 - Declining,mid,84.0,45.0,1 - Basing,14.0,WAIT,39.1,1.0,Weak ADX,"4 - Declining, trend 34 but ADX shows no trend, this is a range - wait for alignment","4 - Declining, trend 28 but ADX shows no trend, this is a range - wait for alignment","4 - Declining, trend 38 but ADX shows no trend, this is a range - wait for alignment"
2024-02-07,870.0,890.9500122070312,858.0999755859375,876.2999877929688,372625,873.4982,914.8908,Yes,20.31,Bear,Uptrend,Hold,Downtrend (LH+LL),Bullish,40.44,Neutral,Mixed,"No clear trend - ADX no trend, price ranging",10.67,"Underperforming, weakening",Lags both,53.1556,Neutral,-5.0301,-4.7225,bearish fading,Neutral,2.9246,0.5299,full,46.61,Negative fading,49.26,Neutral,Bearish majority,None,"Neutral - majority agree, 1 dissenting",Upper Half,No Trend,Bullish,No,Yes,Inside,63.97,High,Expanding,37.54,No,Squeeze releasing - expanding 11 bars after compression,Normal vol,High,Falling,Confirmed Up,-0.1463,Distribution,56.5288,Neutral,4 - Declining,late,84.0,46.0,1 - Basing,14.0,WAIT,43.88,1.0,Trend,"4 - Declining, but trend score 40 does not confirm short - no directional edge","4 - Declining, but trend score 44 does not confirm short - no directional edge","4 - Declining, trend 30 but ADX shows no trend, this is a range - wait for alignment"
2024-02-08,876.0,891.0,868.0,869.7999877929688,337829,873.3532,914.4422,Yes,20.16,Bear,Uptrend,Hold,Range,Bullish,48.83,Neutral,Mixed,"No clear trend - ADX no trend, price ranging",16.44,"Underperforming, weakening",Lags both,51.0013,Neutral,-3.9809,-4.5742,Bullish crossover,Neutral,2.2632,0.4109,full,46.91,Negative fading,51.21,Neutral,Bullish majority,Bullish divergence,Neutral - bullish divergence vs price over 21 bars,Upper Half,No Trend,Bullish,No,Yes,Inside,62.22,High,Expanding,33.37,No,Squeeze releasing - expanding 12 bars after compression,Normal vol,High,Falling,Confirmed Down,-0.1168,Distribution,65.9048,Neutral,4 - Declining,late,84.0,47.0,1 - Basing,14.0,WAIT,44.64,1.0,Trend,"4 - Declining, but trend score 49 does not confirm short - no directional edge","4 - Declining, trend 35 but ADX shows no trend, this is a range - wait for alignment","4 - Declining, trend 29 but ADX shows no trend, this is a range - wait for alignment"
2024-02-09,882.0,882.0,848.4000244140625,866.2999877929688,96526,873.0766,913.9631,Yes,23.37,Bear,Uptrend,Hold,Range,Bullish,48.77,Neutral,Mixed,"No clear trend - ADX no trend, price ranging",11.49,"Underperforming, weakening",Lags both,49.8303,Neutral,-3.3927,-4.3379,bearish accelerating,Neutral,2.2484,0.4066,full,43.67,Negative accelerating,50.75,Neutral,Mixed,Bullish divergence,Neutral - bullish divergence vs price over 21 bars,Upper Half,No Trend,Bullish,No,Yes,Inside,55.91,Normal,Expanding,26.19,No,Squeeze releasing - expanding 13 bars after compression,Vol expanding,Normal,Falling,Weak Down,-0.1083,Distribution,64.764,Neutral,4 - Declining,late,84.0,48.0,1 - Basing,14.0,WAIT,45.67,1.0,Trend,"4 - Declining, but trend score 49 does not confirm short - no directional edge","4 - Declining, trend 29 but ADX shows no trend, this is a range - wait for alignment","4 - Declining, trend 28 but ADX shows no trend, this is a range - wait for alignment"
2024-02-12,870.0,879.0,849.5,858.1500244140625,54439,872.4912,913.4078,Yes,24.92,Bear,Uptrend,Hold,Range,Bullish,47.28,Neutral,Mixed,"No clear trend - ADX no trend, price ranging",14.89,"Underperforming, weakening",Lags both,47.1172,Neutral,-3.5433,-4.179,bearish fading,Neutral,1.2268,0.2209,full,44.26,Negative fading,48.95,Neutral,Mixed,None,"Neutral - components mixed, low conviction",Lower Half,No Trend,Bullish,No,Yes,Inside,55.79,Normal,Expanding,27.26,Partial,Squeeze releasing - expanding 14 bars after compression,Vol expanding,Dry-up,Falling,Weak Down,-0.1044,Distribution,62.6167,Neutral,4 - Declining,late,84.0,49.0,1 - Basing,14.0,WAIT,44.46,1.0,Trend,"4 - Declining, but trend score 47 does not confirm short - no directional edge","4 - Declining, trend 27 but ADX shows no trend, this is a range - wait for alignment","4 - Declining, trend 28 but ADX shows no trend, this is a range - wait for alignment"
2024-02-13,865.0,866.7999877929688,851.5,863.4500122070312,53859,872.1367,912.9107,Yes,26.87,Bear,Uptrend,Hold,Range,Bullish,49.28,Neutral,Mixed,"No clear trend - ADX no trend, price ranging",13.13,"Underperforming, weakening",Lags both,49.0596,Neutral,-3.1981,-3.9828,bearish accelerating,Neutral,1.846,0.3323,full,44.71,Negative fading,49.55,Neutral,Mixed,Bullish divergence,Neutral - bullish divergence vs price over 21 bars,Upper Half,No Trend,Bullish,No,Yes,Inside,50.28,Normal,Expanding,22.78,Partial,Squeeze releasing - expanding 15 bars after compression,Normal vol,Dry-up,Falling,Weak Up,-0.074,Distribution,63.572,Neutral,4 - Declining,late,84.0,50.0,1 - Basing,14.0,WAIT,46.74,1.0,Trend,"4 - Declining, but trend score 49 does not confirm short - no directional edge","4 - Declining, trend 34 but ADX shows no trend, this is a range - wait for alignment","4 - Declining, trend 28 but ADX shows no trend, this is a range - wait for alignment"
2024-02-14,859.9500122070312,866.0499877929688,853.9500122070312,858.0,123065,871.5823,912.3643,Yes,22.0,Bear,Uptrend,Hold,Range,Bullish,46.22,Neutral,Mixed,"No clear trend - ADX no trend, price ranging",9.61,"Underperforming, weakening",Lags both,47.1421,Neutral,-3.326,-3.8515,bearish fading,Neutral,-2.9192,-0.5308,full,42.55,Negative accelerating,47.65,Neutral,Bearish majority,Bullish divergence,Neutral - bullish divergence vs price over 21 bars,Lower Half,No Trend,Bullish,No,Yes,Inside,43.97,Normal,Stable,6.83,Partial,"Normal volatility, stable",Normal vol,Normal,Falling,Weak Down,-0.0857,Distribution,61.7632,Neutral,4 - Declining,late,84.0,51.0,1 - Basing,14.0,WAIT,43.59,1.0,Trend,"4 - Declining, but trend score 46 does not confirm short - no directional edge","4 - Declining, but trend score 40 does not confirm short - no directional edge","4 - Declining, but trend score 44 does not confirm short - no directional edge"
2024-02-15,858.0,877.2000122070312,856.5,866.2000122070312,74204,871.3712,911.905,Yes,23.05,Bear,Uptrend,Hold,Range,Bullish,48.63,Neutral,Mixed,"No clear trend - ADX no trend, price ranging",8.97,"Underperforming, weakening",Lags both,50.2902,Neutral,-2.7342,-3.628,bearish accelerating,Neutral,0.0173,0.0004,full,42.55,Negative fading,49.37,Neutral,Bullish majority,Bullish divergence,Neutral - bullish divergence vs price over 21 bars,Upper Half,No Trend,Bullish,No,No,Inside,41.31,Normal,Stable,-17.46,Partial,"Normal volatility, stable",Vol contracting,Normal,Falling,Weak Up,-0.0736,Distribution,64.0248,Neutral,4 - Declining,late,84.0,52.0,1 - Basing,14.0,WAIT,46.39,1.0,Trend,"4 - Declining, but trend score 49 does not confirm short - no directional edge","4 - Declining, but trend score 49 does not confirm short - no directional edge","4 - Declining, trend 35 but ADX shows no trend, this is a range - wait for alignment"
2024-02-16,873.8499755859375,873.8499755859375,860.0,865.0999755859375,73780,871.1253,911.4393,Yes,23.71,Bear,Uptrend,Hold,Range,Bullish,48.59,Neutral,Mixed,"No clear trend - ADX no trend, price ranging",10.91,"Underperforming, weakening",Lags both,49.8612,Neutral,-2.3271,-3.3678,bearish accelerating,Neutral,2.2577,0.4024,full,42.77,Negative fading,49.55,Neutral,Mixed,Bullish divergence,Neutral - bullish divergence vs price over 21 bars,Upper Half,No Trend,Bullish,No,No,Inside,36.83,Low,Contracting,-28.57,Partial,"Low volatility, contracting - coiling, watch for breakout",Vol contracting,Normal,Falling,Weak Down,-0.1001,Distribution,63.5675,Neutral,4 - Declining,late,84.0,53.0,1 - Basing,14.0,WAIT,45.23,1.0,Trend,"4 - Declining, but trend score 49 does not confirm short - no directional edge","4 - Declining, but trend score 49 does not confirm short - no directional edge","4 - Declining, trend 29 but ADX shows no trend, this is a range - wait for alignment"
2024-02-19,866.0,875.0,865.0999755859375,872.6500244140625,69803,871.1851,911.0533,Yes,28.36,Bear,Uptrend,Hold,Range,Bullish,52.1,Neutral,Mixed,"No clear trend - ADX no trend, price ranging",15.51,"Underperforming, weakening",Lags both,52.8352,Neutral,-1.3793,-2.9701,bearish accelerating,Neutral,4.2032,0.7515,full,46.26,Negative fading,52.76,Neutral,Bullish majority,Bullish divergence,Neutral - bullish divergence vs price over 21 bars,Upper Half,No Trend,Bullish,No,No,Inside,30.59,Low,Contracting,-36.27,No,"Low volatility, contracting - coiling, watch for breakout",Vol contracting,Normal,Falling,Weak Up,-0.0863,Distribution,63.252,Neutral,4 - Declining,late,84.0,54.0,1 - Basing,14.0,WAIT,48.97,1.0,Trend,"4 - Declining, but trend score 52 does not confirm short - no directional edge","4 - Declining, but trend score 47 does not confirm short - no directional edge","4 - Declining, trend 27 but ADX shows no trend, this is a range - wait for alignment"
2024-02-20,872.6500244140625,875.0,865.5,866.75,25275,871.0112,910.6125,Yes,27.83,Bear,Uptrend,Hold,Range,Bullish,50.44,Neutral,Mixed,"No clear trend - ADX no trend, price ranging",11.17,"Underperforming, weakening",Lags both,50.3232,Neutral,-1.0917,-2.5945,bearish fading,Neutral,1.2085,0.207,full,43.93,Negative accelerating,51.39,Neutral,Bullish majority,None,"Neutral - majority agree, 1 dissenting",Upper Half,No Trend,Bullish,No,No,Inside,26.59,Low,Contracting,-36.86,No,"Low volatility, contracting - coiling, watch for breakout",Vol contracting,Dry-up,Falling,Weak Down,-0.0906,Distribution,56.1461,Neutral,4 - Declining,late,84.0,55.0,1 - Basing,14.0,WAIT,46.62,1.0,Trend,"4 - Declining, but trend score 50 does not confirm short - no directional edge","4 - Declining, but trend score 49 does not confirm short - no directional edge","4 - Declining, trend 34 but ADX shows no trend, this is a range - wait for alignment"
2024-02-21,860.0499877929688,871.9500122070312,852.0,860.4000244140625,37032,870.595,910.1128,Yes,25.97,Bear,Uptrend,Hold,Range,Bullish,48.2,Neutral,Mixed,"No clear trend - ADX no trend, price ranging",13.73,"Underperforming, weakening",Lags both,47.6949,Neutral,-1.3605,-2.3477,bearish fading,Neutral,-1.8144,-0.339,full,44.96,Negative fading,49.94,Neutral,Mixed,Bullish divergence,Neutral - bullish divergence vs price over 21 bars,Upper Half,No Trend,Bearish,No,No,Inside,25.91,Low,Contracting,-38.06,No,"Low volatility, contracting - coiling, watch for breakout",Vol contracting,Dry-up,Falling,Weak Down,-0.0698,Distribution,62.6429,Neutral,4 - Declining,late,84.0,56.0,1 - Basing,14.0,WAIT,45.17,1.0,Trend,"4 - Declining, but trend score 48 does not confirm short - no directional edge","4 - Declining, but trend score 46 does not confirm short - no directional edge","4 - Declining, but trend score 40 does not confirm short - no directional edge"
2024-02-22,861.5,867.0499877929688,851.0,860.25,49254,870.1893,909.6167,Yes,24.71,Bear,Uptrend,Hold,Range,Bullish,47.73,Neutral,Mixed,"No clear trend - ADX no trend, price ranging",14.91,"Underperforming, weakening",Lags both,47.6316,Neutral,-1.5676,-2.1916,bearish fading,Neutral,-1.098,-0.2094,full,46.54,Negative fading,49.25,Neutral,Mixed,None,"Neutral - components mixed, low conviction",Lower Half,No Trend,Bearish,No,No,Inside,23.49,Low,Contracting,-38.73,No,"Low volatility, contracting - coiling, watch for breakout",Low vol - tight stops,Dry-up,Falling,Weak Down,-0.0605,Distribution,65.639,Neutral,4 - Declining,late,84.0,57.0,1 - Basing,14.0,WAIT,44.75,1.0,Trend,"4 - Declining, but trend score 48 does not confirm short - no directional edge","4 - Declining, but trend score 49 does not confirm short - no directional edge","4 - Declining, but trend score 49 does not confirm short - no directional edge"
2024-02-23,870.0,871.9500122070312,862.0499877929688,867.0499877929688,50850,870.0662,909.1931,Yes,26.27,Bear,Uptrend,Hold,Range,Bullish,49.97,Neutral,Mixed,"No clear trend - ADX no trend, price ranging",13.97,"Underperforming, weakening",Lags both,50.8176,Neutral,-1.1695,-1.9872,bearish accelerating,Neutral,0.0866,0.0028,full,45.41,Negative accelerating,49.75,Neutral,Mixed,None,"Neutral - components mixed, low conviction",Upper Half,No Trend,Bullish,No,No,Inside,18.69,Very Low,Contracting,-37.22,Partial,"Very Low volatility, contracting - coiling, watch for breakout",Coiled - low vol squeeze,Dry-up,Falling,Weak Up,-0.0531,Distribution,69.5242,Neutral,4 - Declining,late,84.0,58.0,1 - Basing,14.0,WAIT,47.11,1.0,Trend,"4 - Declining, but trend score 50 does not confirm short - no directional edge","4 - Declining, but trend score 49 does not confirm short - no directional edge","4 - Declining, but trend score 49 does not confirm short - no directional edge"
2024-02-26,867.0499877929688,874.0,859.5,864.3499755859375,40846,869.8421,908.7469,Yes,25.14,Bear,Uptrend,Hold,Range,Bullish,48.9,Neutral,Mixed,"No clear trend - ADX no trend, price ranging",12.97,"Underperforming, weakening",Lags both,49.5291,Neutral,-1.0596,-1.8017,bearish fading,Neutral,0.7225,0.1165,full,43.81,Negative accelerating,48.42,Neutral,Bearish majority,None,Neutral - price momentum agrees but MACD shows deceleration,Upper Half,No Trend,Bearish,No,No,Inside,16.51,Very Low,Contracting,-39.29,Partial,"Very Low volatility, contracting - coiling, watch for breakout",Coiled - low vol squeeze,Dry-up,Falling,Weak Down,-0.0573,Distribution,62.3379,Neutral,4 - Declining,late,84.0,59.0,1 - Basing,14.0,WAIT,45.03,1.0,Trend,"4 - Declining, but trend score 49 does not confirm short - no directional edge","4 - Declining, but trend score 52 does not confirm short - no directional edge","4 - Declining, but trend score 47 does not confirm short - no directional edge"
2024-02-27,870.0,874.9000244140625,863.0499877929688,869.5,58401,869.8287,908.3564,Yes,33.56,Bear,Uptrend,Hold,Range,Bullish,53.13,Neutral,Mixed,"No clear trend - ADX no trend, price ranging",14.13,"Underperforming, improving",Lags both,52.0276,Neutral,-0.5507,-1.5515,bearish accelerating,Neutral,0.7007,0.112,full,45.59,Negative fading,50.13,Neutral,Mixed,None,"Neutral - components mixed, low conviction",Upper Half,No Trend,Bullish,No,No,Inside,13.65,Very Low,Contracting,-36.63,Partial,"Very Low volatility, contracting - coiling, watch for breakout",Coiled - low vol squeeze,Dry-up,Falling,Weak Up,-0.0339,Neutral,51.9063,Neutral,4 - Declining,late,74.0,60.0,1 - Basing,14.0,WAIT,49.65,1.0,Trend,"4 - Declining, but trend score 53 does not confirm short - no directional edge","4 - Declining, but trend score 50 does not confirm short - no directional edge","4 - Declining, but trend score 49 does not confirm short - no directional edge"
2024-02-28,869.5,892.0,864.0,876.75,146561,870.1001,908.0419,Yes,37.71,Bear,Uptrend,Hold,Range,Bullish,56.4,Neutral,Mixed,"No clear trend - ADX no trend, price ranging",16.14,"Underperforming, improving",Lags both,55.3767,Neutral,0.4327,-1.1546,bullish accelerating,Neutral,2.1853,0.3831,full,43.64,Negative accelerating,51.68,Neutral,Bullish majority,None,"Neutral - majority agree, 1 dissenting",Upper Half,No Trend,Bullish,No,No,Inside,15.44,Very Low,Contracting,-28.53,Confirmed,"Very Low volatility, squeeze confirmed - expansion pending",Coiled - low vol squeeze,Normal,Falling,Confirmed Up,-0.0703,Distribution,42.1665,Neutral,4 - Declining,late,74.0,61.0,1 - Basing,14.0,WAIT,52.78,1.0,Trend,"4 - Declining, but trend score 56 does not confirm short - no directional edge","4 - Declining, but trend score 48 does not confirm short - no directional edge","4 - Declining, but trend score 46 does not confirm short - no directional edge"
2024-02-29,870.0,886.9000244140625,869.9500122070312,878.0,109429,870.4099,907.743,Yes,39.93,Bear,Uptrend,Hold,Range,Bullish,57.49,Neutral,Mixed,"No clear trend - ADX no trend, price ranging",41.18,"Underperforming, weakening",Lags both,55.9477,Neutral,1.298,-0.6641,bullish accelerating,Neutral,1.3623,0.2346,full,61.72,Positive accelerating,58.89,Bullish,Bullish confirmed,Bullish divergence,Bullish - bullish divergence vs price over 21 bars,Upper Half,No Trend,Bullish,No,No,Inside,12.1,Very Low,Contracting,-29.21,Confirmed,"Very Low volatility, squeeze confirmed - expansion pending",Coiled - low vol squeeze,Normal,Falling,Weak Up,-0.1007,Distribution,52.9879,Neutral,4 - Declining,late,74.0,62.0,1 - Basing,14.0,WAIT,54.24,1.0,Trend,"4 - Declining, but trend score 57 does not confirm short - no directional edge","4 - Declining, but trend score 48 does not confirm short - no directional edge","4 - Declining, but trend score 49 does not confirm short - no directional edge"
2024-03-01,882.0,882.0499877929688,866.0,869.5999755859375,38723,870.3781,907.3635,Yes,38.13,Bear,Uptrend,Hold,Range,Bullish,54.76,Neutral,Mixed,"No clear trend - ADX no trend, price ranging",51.42,"Outperforming, weakening",Leads NIFTY50 only,51.2056,Neutral,1.291,-0.2731,bullish fading,Neutral,0.5202,0.0827,full,73.05,Positive accelerating,60.24,Bullish,Bullish confirmed,None,Bullish - all 4 components agree incl. MACD acceleration,Upper Half,No Trend,Bullish,Yes,No,Inside,6.23,Very Low,Contracting,-30.6,Confirmed,"Very Low volatility, squeeze confirmed - expansion pending",Coiled - low vol squeeze,Dry-up,Falling,Weak Down,-0.1,Distribution,53.8314,Neutral,4 - Declining,late,74.0,63.0,1 - Basing,14.0,WAIT,52.21,1.0,Trend,"4 - Declining, but trend score 55 does not confirm short - no directional edge","4 - Declining, but trend score 50 does not confirm short - no directional edge","4 - Declining, but trend score 49 does not confirm short - no directional edge"
2024-03-04,867.0499877929688,871.7000122070312,853.0999755859375,855.7000122070312,64018,869.8025,906.8494,Yes,33.45,Bear,Uptrend,Hold,Range,Bullish,49.65,Neutral,Mixed,"No clear trend - ADX no trend, price ranging",42.77,"Underperforming, weakening",Lags both,44.4863,Neutral,0.162,-0.1861,bullish fading,Neutral,-1.9424,-0.3656,full,65.31,Positive fading,52.35,Neutral,Mixed,None,"Neutral - components mixed, low conviction",Lower Half,No Trend,Bearish,Yes,No,Inside,5.6,Very Low,Contracting,-25.0,Confirmed,"Very Low volatility, squeeze confirmed - expansion pending",Coiled - low vol squeeze,Normal,Falling,Weak Down,-0.0952,Distribution,53.2694,Neutral,4 - Declining,late,74.0,64.0,1 - Basing,14.0,WAIT,47.55,1.0,Trend,"4 - Declining, but trend score 50 does not confirm short - no directional edge","4 - Declining, but trend score 49 does not confirm short - no directional edge","4 - Declining, but trend score 52 does not confirm short - no directional edge"
2024-03-05,857.8499755859375,864.9000244140625,853.0,854.6500244140625,64981,869.2083,906.33,Yes,24.29,Bear,Uptrend,Hold,Range,Bullish,46.18,Neutral,Mixed,"No clear trend - ADX no trend, price ranging",50.61,"Outperforming, weakening",Leads NIFTY50 only,44.0164,Neutral,-0.8082,-0.3105,Bearish crossover,Neutral,-1.396,-0.2666,full,66.63,Positive accelerating,49.28,Neutral,Bearish majority,None,"Neutral - majority agree, 1 dissenting",Lower Half,No Trend,Bearish,Yes,No,Inside,3.26,Very Low,Contracting,-23.33,Confirmed,"Very Low volatility, squeeze confirmed - expansion pending",Coiled - low vol squeeze,Normal,Falling,Weak Down,-0.2145,Distribution,56.6656,Neutral,4 - Declining,late,84.0,65.0,1 - Basing,14.0,WAIT,44.06,1.0,Trend,"4 - Declining, but trend score 46 does not confirm short - no directional edge","4 - Declining, but trend score 53 does not confirm short - no directional edge","4 - Declining, but trend score 50 does not confirm short - no directional edge"
2024-03-06,852.0999755859375,856.7999877929688,838.0,841.0,57749,868.1021,905.68,Yes,17.14,Strong Bear,Uptrend,Hold,Range,Bullish,40.27,Neutral,Mixed,"No clear trend - ADX no trend, price ranging",49.61,"Underperforming, weakening",Lags both,38.3461,Neutral,-2.648,-0.778,bearish accelerating,Oversold,-2.2548,-0.4232,full,65.21,Positive fading,43.97,Neutral,Bearish majority,Bullish divergence,Neutral - bullish divergence vs price over 21 bars,Below Lower,No Trend,Bearish,Yes,No,Breakout Down,4.64,Very Low,Contracting,-21.27,Confirmed,"Very Low volatility, squeeze confirmed - expansion pending",Coiled - low vol squeeze,Normal,Falling,Weak Down,-0.305,Distribution,49.4471,Neutral,4 - Declining,late,84.0,66.0,1 - Basing,14.0,WAIT,39.81,1.0,Trend,"4 - Declining, but trend score 40 does not confirm short - no directional edge","4 - Declining, but trend score 56 does not confirm short - no directional edge","4 - Declining, but trend score 48 does not confirm short - no directional edge"
2024-03-07,843.0499877929688,844.3499755859375,830.0499877929688,836.2000122070312,72703,866.851,904.9886,Yes,15.0,Strong Bear,Uptrend,Hold,Range,Bullish,38.32,Bear,Mixed,"Range with bearish lean - ADX no trend, direction not confirmed",45.09,"Underperforming, weakening",Lags both,36.5624,Neutral,-4.4421,-1.5108,bearish accelerating,Oversold,-2.7957,-0.5197,full,60.94,Positive fading,40.92,Bearish,Bearish majority,None,"Bearish - majority agree, 1 dissenting",Below Lower,No Trend,Bearish,Yes,No,Breakout Down,6.15,Very Low,Stable,-17.34,No,"Very Low volatility, stable",Low vol - tight stops,Normal,Falling,Confirmed Down,-0.1626,Distribution,49.6455,Neutral,4 - Declining,late,84.0,67.0,1 - Basing,14.0,WAIT,38.0,1.0,Trend agreement,"4 - Declining, trend 38 but components disagree - wait for alignment","4 - Declining, but trend score 57 does not confirm short - no directional edge","4 - Declining, but trend score 48 does not confirm short - no directional edge"
2024-03-11,840.7000122070312,843.6500244140625,797.0,816.6500244140625,82782,864.8824,904.1096,Yes,10.19,Strong Bear,Downtrend,Sell,Range,Bullish,23.57,Strong Bear,Mixed,"Range with bearish lean - ADX no trend, direction not confirmed",39.77,"Underperforming, weakening",Lags both,30.3668,Oversold,-7.3567,-2.68,bearish accelerating,Oversold,-5.8128,-1.0612,full,55.51,Positive fading,36.1,Bearish,Bearish majority,None,"Bearish - majority agree, 1 dissenting",Below Lower,No Trend,Bearish,Yes,Yes,Breakout Down,25.52,Low,Stable,6.83,No,"Low volatility, stable",Normal vol,Normal,Falling,Confirmed Down,-0.1786,Distribution,41.3325,Neutral,4 - Declining,late,84.0,68.0,1 - Basing,14.0,WAIT,38.0,1.0,Trend agreement,"4 - Declining, trend 24 but components disagree - wait for alignment","4 - Declining, but trend score 55 does not confirm short - no directional edge","4 - Declining, but trend score 50 does not confirm short - no directional edge"
2024-03-12,818.9500122070312,818.9500122070312,800.0,803.4000244140625,92429,862.4713,903.1075,Yes,7.4,Strong Bear,Downtrend,Hold,Range,Bullish,22.52,Strong Bear,Bearish confirmed,"Range with bearish lean - ADX no trend, direction not confirmed",38.13,"Underperforming, weakening",Lags both,27.0243,Oversold,-10.6134,-4.2667,bearish accelerating,Oversold,-7.0515,-1.2761,full,53.53,Positive fading,33.06,Bearish,Bearish majority,None,Bearish but oversold on RSI and Stochastic - stretched,Below Lower,No Trend,Bearish,Yes,Yes,Near Lower,39.33,Low,Expanding,22.82,No,Squeeze releasing - expanding 3 bars after compression,Normal vol,Normal,Falling,Confirmed Down,-0.2002,Distribution,38.6967,Neutral,4 - Declining,late,84.0,69.0,1 - Basing,14.0,WAIT,38.0,1.0,Weak ADX,"4 - Declining, trend 23 but ADX shows no trend, this is a range - wait for alignment","4 - Declining, but trend score 50 does not confirm short - no directional edge","4 - Declining, but trend score 49 does not confirm short - no directional edge"
2024-03-13,805.3499755859375,808.7000122070312,783.0499877929688,786.9500122070312,94010,859.5097,901.9517,Yes,5.45,Strong Bear,Downtrend,Hold,Range,Bullish,20.34,Strong Bear,Bearish confirmed,"Range with bearish lean - ADX no trend, direction not confirmed",37.56,"Underperforming, weakening",Lags both,23.5575,Oversold,-14.3562,-6.2846,bearish accelerating,Oversold,-9.494,-1.7019,full,49.58,Negative accelerating,29.29,Strong Bearish,Bearish confirmed,None,Strong Bearish but oversold on RSI and Stochastic - stretched,Below Lower,No Trend,Bearish,Yes,Yes,Breakout Down,49.68,Normal,Expanding,36.03,No,Squeeze releasing - expanding 4 bars after compression,Normal vol,Normal,Falling,Confirmed Down,-0.2617,Distribution,36.7968,Neutral,4 - Declining,late,84.0,70.0,1 - Basing,14.0,WAIT,38.0,1.0,Weak ADX,"4 - Declining, trend 20 but ADX shows no trend, this is a range - wait for alignment","4 - Declining, but trend score 46 does not confirm short - no directional edge","4 - Declining, but trend score 53 does not confirm short - no directional edge"
2024-03-14,786.9500122070312,799.8499755859375,781.0,791.9500122070312,84588,856.8603,900.8572,Yes,6.43,Strong Bear,Downtrend,Hold,Range,Bullish,19.25,Strong Bear,Bearish confirmed,"Range with bearish lean - ADX emerging, direction not confirmed",34.98,"Underperforming, weakening",Lags both,26.6381,Oversold,-16.7261,-8.3729,bearish accelerating,Oversold,-9.6721,-1.718,full,49.85,Negative fading,29.72,Strong Bearish,Bearish confirmed,None,Strong Bearish but oversold on RSI and Stochastic - stretched,Below Lower,Emerging,Bearish,Yes,Yes,Inside,52.42,Normal,Expanding,36.99,No,Squeeze releasing - expanding 5 bars after compression,Normal vol,Normal,Falling,Confirmed Up,-0.2297,Distribution,35.7843,Neutral,4 - Declining,late,84.0,71.0,1 - Basing,14.0,WAIT,38.0,1.0,Weak ADX,"4 - Declining, trend 19 but ADX shows no trend, this is a range - wait for alignment","4 - Declining, but trend score 40 does not confirm short - no directional edge","4 - Declining, but trend score 56 does not confirm short - no directional edge"
2024-03-15,798.0,812.9500122070312,794.0999755859375,806.1500244140625,61177,854.8716,899.9148,Yes,8.86,Strong Bear,Downtrend,Hold,Range,Bullish,20.5,Strong Bear,Bearish confirmed,"Range with bearish lean - ADX emerging, direction not confirmed",37.75,"Underperforming, weakening",Lags both,34.6881,Neutral,-17.2595,-10.1502,bearish fading,Oversold,-8.1834,-1.4423,full,50.68,Positive accelerating,33.96,Bearish,Bearish majority,None,"Bearish - majority agree, 1 dissenting",Lower Half,Emerging,Bearish,Yes,Yes,Inside,52.02,Normal,Expanding,39.92,No,Squeeze releasing - expanding 6 bars after compression,Normal vol,Normal,Falling,Weak Up,-0.2161,Distribution,36.1506,Neutral,4 - Declining,late,84.0,72.0,1 - Basing,14.0,WAIT,38.0,1.0,Weak ADX,"4 - Declining, trend 20 but ADX shows no trend, this is a range - wait for alignment","4 - Declining, trend 38 but components disagree - wait for alignment","4 - Declining, but trend score 57 does not confirm short - no directional edge"
2024-03-18,810.1500244140625,816.2999877929688,806.1500244140625,814.0999755859375,27784,853.2727,899.061,Yes,10.09,Strong Bear,Downtrend,Hold,Range,Bullish,22.42,Strong Bear,Bearish confirmed,"Range with bearish lean - ADX emerging, direction not confirmed",30.28,"Underperforming, weakening",Lags both,38.7409,Neutral,-16.8466,-11.4895,bearish fading,Neutral,-6.3822,-1.1171,full,42.47,Negative accelerating,35.29,Bearish,Bearish confirmed,None,Bearish - all 4 components agree incl. MACD acceleration,Lower Half,Emerging,Bearish,Yes,Yes,Inside,47.06,Normal,Expanding,40.83,No,Squeeze releasing - expanding 7 bars after compression,Low vol - tight stops,Dry-up,Falling,Weak Up,-0.1971,Distribution,39.2221,Neutral,4 - Declining,late,84.0,73.0,1 - Basing,14.0,WAIT,38.0,1.0,Weak ADX,"4 - Declining, trend 22 but ADX shows no trend, this is a range - wait for alignment","4 - Declining, trend 24 but components disagree - wait for alignment","4 - Declining, but trend score 55 does not confirm short - no directional edge"
2024-03-19,817.2999877929688,817.2999877929688,798.0999755859375,801.1500244140625,45756,851.2287,898.0867,Yes,8.06,Strong Bear,Downtrend,Hold,Range,Bullish,18.11,Strong Bear,Bearish confirmed,"Range with bearish lean - ADX emerging, direction not confirmed",15.87,"Underperforming, weakening",Lags both,34.9377,Neutral,-17.3641,-12.6644,bearish fading,Neutral,-6.3749,-1.1092,full,26.06,Negative accelerating,30.2,Bearish,Bearish confirmed,None,Bearish - all 4 components agree incl. MACD acceleration,Lower Half,Emerging,Bearish,Yes,Yes,Inside,48.02,Normal,Expanding,42.42,No,Squeeze releasing - expanding 8 bars after compression,Low vol - tight stops,Normal,Falling,Weak Down,-0.2528,Distribution,34.0233,Neutral,4 - Declining,late,84.0,74.0,1 - Basing,14.0,WAIT,38.0,1.0,Weak ADX,"4 - Declining, trend 18 but ADX shows no trend, this is a range - wait for alignment","4 - Declining, trend 23 but ADX shows no trend, this is a range - wait for alignment","4 - Declining, but trend score 50 does not confirm short - no directional edge"
2024-03-20,806.0,809.9500122070312,792.0499877929688,806.4000244140625,42059,849.4707,897.1744,Yes,8.84,Strong Bear,Downtrend,Hold,Range,Bullish,18.79,Strong Bear,Bearish confirmed,"Range with bearish lean - ADX emerging, direction not confirmed",16.79,"Underperforming, weakening",Lags both,37.6117,Neutral,-17.1529,-13.5621,bearish fading,Neutral,-5.6456,-0.9747,full,27.36,Negative fading,32.58,Bearish,Bearish confirmed,None,Bearish - all 4 components agree incl. MACD acceleration,Lower Half,Emerging,Bearish,Yes,Yes,Inside,47.26,Normal,Expanding,44.01,No,Squeeze releasing - expanding 9 bars after compression,Low vol - tight stops,Normal,Falling,Weak Up,-0.2163,Distribution,21.6175,Neutral,4 - Declining,late,84.0,75.0,1 - Basing,14.0,WAIT,38.0,1.0,Weak ADX,"4 - Declining, trend 19 but ADX shows no trend, this is a range - wait for alignment","4 - Declining, trend 20 but ADX shows no trend, this is a range - wait for alignment","4 - Declining, but trend score 46 does not confirm short - no directional edge"
2024-03-21,806.4500122070312,811.4500122070312,800.0,804.2999877929688,44857,847.6993,896.2503,Yes,8.73,Strong Bear,Downtrend,Hold,Downtrend (LH+LL),Bearish,7.66,Strong Bear,Bearish confirmed,"Strong Bear - all 4 components agree, trending ADX",11.1,"Underperforming, weakening",Lags both,36.9574,Neutral,-16.9594,-14.2416,bearish fading,Neutral,-4.3639,-0.7451,full,24.09,Negative accelerating,32.07,Bearish,Bearish confirmed,None,Bearish - all 4 components agree incl. MACD acceleration,Lower Half,Trending,Bearish,Yes,Yes,Inside,45.04,Normal,Expanding,40.4,No,Squeeze releasing - expanding 10 bars after compression,Low vol - tight stops,Normal,Falling,Weak Down,-0.219,Distribution,15.0562,Oversold,4 - Declining,late,84.0,76.0,1 - Basing,14.0,ENTER SMALL,21.57,3.0,Volume,"4 - Declining, trend 8 short confirmed but participation is thin - reduce size, breakouts without volume fail more often","4 - Declining, trend 19 but ADX shows no trend, this is a range - wait for alignment","4 - Declining, but trend score 40 does not confirm short - no directional edge"
2024-03-22,804.2999877929688,811.0,796.0,802.4000244140625,72288,845.9229,895.3165,Yes,8.69,Strong Bear,Downtrend,Hold,Downtrend (LH+LL),Bearish,6.55,Strong Bear,Bearish confirmed,"Strong Bear - all 4 components agree, trending ADX",15.94,"Underperforming, weakening",Lags both,36.3414,Neutral,-16.7662,-14.7465,bearish fading,Neutral,-4.0421,-0.6862,full,31.7,Negative fading,35.16,Bearish,Bearish confirmed,None,Bearish - all 4 components agree incl. MACD acceleration,Lower Half,Trending,Bearish,Yes,Yes,Inside,43.33,Normal,Expanding,37.18,No,Squeeze releasing - expanding 11 bars after compression,Low vol - tight stops,Normal,Falling,Confirmed Down,-0.2287,Distribution,14.563,Oversold,4 - Declining,late,84.0,77.0,1 - Basing,14.0,ENTER SHORT,17.8,5.0,None,"4 - Declining, trend 7 with bearish confirmed, momentum and volume confirm; volatility releasing from compression, late in the stage, reduce size","4 - Declining, trend 20 but ADX shows no trend, this is a range - wait for alignment","4 - Declining, trend 38 but components disagree - wait for alignment"
2024-03-26,798.0,801.0,786.0,787.7999877929688,85765,843.6436,894.2466,Yes,6.81,Strong Bear,Downtrend,Hold,Downtrend (LH+LL),Bearish,4.93,Strong Bear,Bearish confirmed,"Strong Bear - all 4 components agree, trending ADX",10.04,"Underperforming, weakening",Lags both,31.9365,Neutral,-17.5884,-15.3149,bearish accelerating,Oversold,-3.5327,-0.5942,full,25.09,Negative accelerating,30.94,Bearish,Bearish confirmed,None,Bearish - all 4 components agree incl. MACD acceleration,Lower Half,Trending,Bearish,Yes,No,Near Lower,44.45,Normal,Stable,18.93,No,"Normal volatility, stable",Low vol - tight stops,Normal,Falling,Confirmed Down,-0.2703,Distribution,14.3152,Oversold,4 - Declining,late,84.0,78.0,1 - Basing,14.0,ENTER SHORT,18.8,5.0,None,"4 - Declining, trend 5 with bearish confirmed, momentum and volume confirm; late in the stage, reduce size","4 - Declining, trend 22 but ADX shows no trend, this is a range - wait for alignment","4 - Declining, trend 24 but components disagree - wait for alignment"
2024-03-27,787.7999877929688,795.6500244140625,761.5499877929688,780.0999755859375,168728,841.1516,893.1109,Yes,6.14,Strong Bear,Downtrend,Hold,Downtrend (LH+LL),Bearish,3.49,Strong Bear,Bearish confirmed,"Strong Bear - all 4 components agree, trending ADX",10.47,"Underperforming, weakening",Lags both,29.8795,Oversold,-18.6464,-15.9812,bearish accelerating,Oversold,-2.9002,-0.4809,full,25.63,Negative fading,29.91,Strong Bearish,Bearish confirmed,None,Strong Bearish but oversold on RSI and Stochastic - stretched,Lower Half,Trending,Bearish,Yes,No,Breakout Down,51.55,Normal,Stable,12.22,No,"Normal volatility, stable",Vol contracting,High,Falling,Confirmed Down,-0.2288,Distribution,13.0081,Oversold,4 - Declining,late,84.0,79.0,1 - Basing,14.0,NO NEW ENTRY,30.0,2.0,Momentum stretched,"4 - Declining, trend 3 short but momentum overextended - hold existing, do not add","4 - Declining, trend 18 but ADX shows no trend, this is a range - wait for alignment","4 - Declining, trend 23 but ADX shows no trend, this is a range - wait for alignment"
2024-03-28,785.3499755859375,791.4500122070312,774.9000244140625,781.0,83756,838.7928,891.9953,Yes,6.79,Strong Bear,Downtrend,Hold,Downtrend (LH+LL),Bearish,2.59,Strong Bear,Bearish confirmed,"Strong Bear - all 4 components agree, trending ADX",9.24,"Underperforming, weakening",Lags both,30.4434,Oversold,-19.191,-16.6231,bearish fading,Oversold,-0.7561,-0.1017,full,25.65,Negative fading,30.19,Bearish,Bearish confirmed,None,Bearish - all 4 components agree incl. MACD acceleration,Lower Half,Trending,Bearish,Yes,No,Inside,51.79,Normal,Stable,2.1,No,"Normal volatility, stable",Vol contracting,Normal,Falling,Confirmed Up,-0.2427,Distribution,20.4958,Neutral,4 - Declining,late,84.0,80.0,1 - Basing,14.0,ENTER SHORT,21.12,5.0,None,"4 - Declining, trend 3 with bearish confirmed, momentum and volume confirm; late in the stage, reduce size","4 - Declining, trend 19 but ADX shows no trend, this is a range - wait for alignment","4 - Declining, trend 20 but ADX shows no trend, this is a range - wait for alignment"
2024-04-01,790.0,808.0,790.0,798.4500122070312,56953,837.2107,891.0645,Yes,9.8,Strong Bear,Downtrend,Hold,Downtrend (LH+LL),Bearish,6.17,Strong Bear,Bearish confirmed,"Strong Bear - all 4 components agree, trending ADX",16.82,"Underperforming, weakening",Lags both,40.4442,Neutral,-18.0069,-16.8999,bearish fading,Neutral,0.8208,0.1747,full,30.91,Negative fading,37.89,Bearish,Bearish confirmed,None,Bearish - all 4 components agree incl. MACD acceleration,Lower Half,Trending,Bearish,Yes,No,Inside,51.67,Normal,Stable,-0.75,No,"Normal volatility, stable",Vol contracting,Normal,Falling,Weak Up,-0.251,Distribution,26.3502,Neutral,4 - Declining,late,84.0,81.0,1 - Basing,14.0,ENTER SMALL,23.84,3.0,Volume,"4 - Declining, trend 6 short confirmed but participation is thin - reduce size, breakouts without volume fail more often","4 - Declining, trend 8 short confirmed but participation is thin - reduce size, breakouts without volume fail more often","4 - Declining, trend 19 but ADX shows no trend, this is a range - wait for alignment"
2024-04-02,813.9500122070312,820.0,793.2999877929688,816.75,55121,836.4083,890.3251,Yes,12.6,Strong Bear,Downtrend,Hold,Downtrend (LH+LL),Bearish,12.09,Strong Bear,Bearish confirmed,"Strong Bear - all 4 components agree, trending ADX",24.79,"Underperforming, weakening",Lags both,48.764,Neutral,-15.4142,-16.6028,Bullish crossover,Neutral,1.3149,0.2609,full,36.03,Negative fading,47.55,Neutral,Mixed,None,"Neutral - components mixed, low conviction",Upper Half,Trending,Bearish,Yes,No,Inside,50.32,Normal,Stable,-1.71,No,"Normal volatility, stable",Vol contracting,Normal,Falling,Weak Up,-0.227,Distribution,32.6338,Neutral,4 - Declining,late,84.0,82.0,1 - Basing,14.0,ENTER SMALL,29.41,3.0,Volume,"4 - Declining, trend 12 short confirmed but participation is thin - reduce size, breakouts without volume fail more often","4 - Declining, trend 7 with bearish confirmed, momentum and volume confirm; volatility releasing from compression, late in the stage, reduce size","4 - Declining, trend 20 but ADX shows no trend, this is a range - wait for alignment"
2024-04-03,818.0,833.9000244140625,808.0499877929688,825.1500244140625,116586,835.9668,889.6766,Yes,19.42,Strong Bear,Downtrend,Hold,Downtrend (LH+LL),Bearish,17.46,Strong Bear,Bearish confirmed,"Strong Bear - all 4 components agree, trending ADX",24.4,"Underperforming, weakening",Lags both,52.0737,Neutral,-12.5372,-15.7896,bearish accelerating,Neutral,1.3573,0.2679,full,35.99,Negative accelerating,53.35,Neutral,Bullish majority,None,"Neutral - majority agree, 1 dissenting",Upper Half,Trending,Bearish,Yes,Yes,Inside,47.82,Normal,Stable,0.75,No,"Normal volatility, stable",Normal vol,Normal,Falling,Confirmed Up,-0.175,Distribution,43.3638,Neutral,4 - Declining,late,84.0,83.0,1 - Basing,14.0,ENTER SHORT,34.76,5.0,None,"4 - Declining, trend 17 with bearish confirmed, momentum and volume confirm; late in the stage, reduce size","4 - Declining, trend 5 with bearish confirmed, momentum and volume confirm; late in the stage, reduce size","4 - Declining, trend 22 but ADX shows no trend, this is a range - wait for alignment"
2024-04-04,839.0,856.0,828.0499877929688,850.2000122070312,197080,836.525,889.2838,Yes,28.15,Bear,Uptrend,Buy,Downtrend (LH+LL),Bearish,52.56,Neutral,Mixed,"Neutral - components mixed, low conviction",31.98,"Underperforming, weakening",Lags both,60.3078,Neutral,-8.1419,-14.2601,bearish accelerating,Overbought,6.1224,1.1051,full,42.69,Negative fading,62.46,Bullish,Bullish majority,Bullish divergence,Bullish - bullish divergence vs price over 21 bars,At Upper,Trending,Bullish,No,Yes,Inside,46.86,Normal,Stable,-1.15,No,"Normal volatility, stable",Normal vol,High,Falling,Confirmed Up,-0.06,Distribution,57.1132,Neutral,4 - Declining,late,84.0,84.0,1 - Basing,14.0,WAIT,53.29,1.0,Trend,"4 - Declining, but trend score 53 does not confirm short - no directional edge","4 - Declining, trend 3 short but momentum overextended - hold existing, do not add","4 - Declining, trend 18 but ADX shows no trend, this is a range - wait for alignment"
2024-04-05,849.0499877929688,850.2000122070312,838.0,844.3499755859375,30085,836.8318,888.8367,Yes,33.25,Bear,Uptrend,Hold,Downtrend (LH+LL),Bearish,53.45,Neutral,Mixed,"Neutral - components mixed, low conviction",28.92,"Underperforming, weakening",Lags both,57.8099,Neutral,-5.0722,-12.4225,bearish accelerating,Overbought,4.7061,0.852,full,40.96,Negative accelerating,61.86,Bullish,Bullish majority,Bullish divergence,Bullish - bullish divergence vs price over 21 bars,Upper Half,Trending,Bullish,No,Yes,Inside,40.95,Normal,Stable,-6.31,No,"Normal volatility, stable",Low vol - tight stops,Dry-up,Falling,Weak Down,-0.0307,Neutral,59.809,Neutral,4 - Declining,late,74.0,85.0,1 - Basing,14.0,WAIT,52.11,1.0,Trend,"4 - Declining, but trend score 53 does not confirm short - no directional edge","4 - Declining, trend 3 with bearish confirmed, momentum and volume confirm; late in the stage, reduce size","4 - Declining, trend 19 but ADX shows no trend, this is a range - wait for alignment"
2024-04-08,858.9500122070312,858.9500122070312,835.0,839.0999755859375,48310,836.9208,888.3418,Yes,33.93,Bear,Uptrend,Hold,Downtrend (LH+LL),Bearish,53.12,Neutral,Mixed,"Neutral - components mixed, low conviction",19.15,"Underperforming, weakening",Lags both,55.5848,Neutral,-3.0281,-10.5436,bearish accelerating,Overbought,4.3267,0.7817,full,36.0,Negative accelerating,59.46,Bullish,Bullish majority,Bullish divergence,Bullish - bullish divergence vs price over 21 bars,Upper Half,Trending,Bullish,No,Yes,Inside,41.03,Normal,Stable,-4.01,No,"Normal volatility, stable",Low vol - tight stops,Normal,Falling,Weak Down,-0.0261,Neutral,59.4204,Neutral,4 - Declining,late,74.0,86.0,1 - Basing,14.0,WAIT,51.24,1.0,Trend,"4 - Declining, but trend score 53 does not confirm short - no directional edge","4 - Declining, trend 6 short confirmed but participation is thin - reduce size, breakouts without volume fail more often","4 - Declining, trend 8 short confirmed but participation is thin - reduce size, breakouts without volume fail more often"
2024-04-09,847.5999755859375,847.5999755859375,830.0,832.0499877929688,25060,836.7298,887.7817,Yes,34.05,Bear,Uptrend,Hold,Downtrend (LH+LL),Bearish,52.45,Neutral,Mixed,"No clear trend - ADX emerging, price ranging",19.25,"Underperforming, weakening",Lags both,52.6539,Neutral,-1.9546,-8.8258,bearish fading,Neutral,3.6952,0.6682,full,34.49,Negative accelerating,56.74,Neutral,Bullish majority,Bullish divergence,Neutral - bullish divergence vs price over 21 bars,Upper Half,Emerging,Bullish,No,Yes,Inside,40.24,Normal,Stable,-3.1,No,"Normal volatility, stable",Low vol - tight stops,Dry-up,Falling,Weak Down,-0.0329,Neutral,56.9341,Neutral,4 - Declining,late,74.0,87.0,1 - Basing,14.0,WAIT,50.12,1.0,Trend,"4 - Declining, but trend score 52 does not confirm short - no directional edge","4 - Declining, trend 12 short confirmed but participation is thin - reduce size, breakouts without volume fail more often","4 - Declining, trend 7 with bearish confirmed, momentum and volume confirm; volatility releasing from compression, late in the stage, reduce size"
2024-04-10,839.8499755859375,865.0999755859375,829.25,842.9500122070312,66815,836.9737,887.3356,Yes,38.35,Bear,Uptrend,Hold,Downtrend (LH+LL),Bearish,53.79,Neutral,Mixed,"No clear trend - ADX emerging, price ranging",21.07,"Underperforming, weakening",Lags both,56.4751,Neutral,-0.2217,-7.105,bearish accelerating,Neutral,7.0005,1.2465,full,36.46,Negative fading,58.1,Bullish,Bullish majority,None,"Bullish - majority agree, 1 dissenting",Upper Half,Emerging,Bullish,No,Yes,Inside,46.87,Normal,Stable,2.42,No,"Normal volatility, stable",Normal vol,Normal,Falling,Weak Up,-0.035,Neutral,62.0322,Neutral,4 - Declining,late,74.0,88.0,1 - Basing,14.0,WAIT,52.34,1.0,Trend,"4 - Declining, but trend score 54 does not confirm short - no directional edge","4 - Declining, trend 17 with bearish confirmed, momentum and volume confirm; late in the stage, reduce size","4 - Declining, trend 5 with bearish confirmed, momentum and volume confirm; late in the stage, reduce size"
2024-04-12,843.9000244140625,850.0,840.0,841.3499755859375,27717,837.1453,886.878,Yes,40.46,Neutral,Uptrend,Hold,Downtrend (LH+LL),Bearish,54.37,Neutral,Mixed,"No clear trend - ADX emerging, price ranging",23.07,"Underperforming, improving",Lags both,55.7637,Neutral,1.0109,-5.4818,bullish fading,Neutral,7.8516,1.3975,full,37.81,Negative fading,57.88,Neutral,Bullish majority,None,"Neutral - majority agree, 1 dissenting",Upper Half,Emerging,Bullish,No,No,Inside,43.77,Normal,Stable,-7.78,No,"Normal volatility, stable",Low vol - tight stops,Dry-up,Falling,Weak Down,-0.0094,Neutral,62.7649,Neutral,4 - Declining,late,74.0,89.0,1 - Basing,14.0,WAIT,51.33,1.0,Trend,"4 - Declining, but trend score 54 does not confirm short - no directional edge","4 - Declining, but trend score 53 does not confirm short - no directional edge","4 - Declining, trend 3 short but momentum overextended - hold existing, do not add"
2024-04-15,832.9000244140625,848.0,815.1500244140625,836.5499877929688,56372,837.122,886.3772,Yes,40.35,Neutral,Uptrend,Hold,Downtrend (LH+LL),Bearish,44.89,Neutral,Bearish majority,"No clear trend - ADX emerging, price ranging",24.9,"Underperforming, improving",Lags both,53.5828,Neutral,1.5822,-4.069,bullish fading,Neutral,7.1127,1.2665,full,36.68,Negative accelerating,56.19,Neutral,Bullish majority,None,"Neutral - majority agree, 1 dissenting",Upper Half,Emerging,Bearish,No,Yes,Inside,48.45,Normal,Stable,-3.33,No,"Normal volatility, stable",Normal vol,Normal,Falling,Weak Down,0.0494,Neutral,57.9382,Neutral,4 - Declining,late,74.0,90.0,1 - Basing,14.0,WAIT,46.56,1.0,Trend,"4 - Declining, but trend score 45 does not confirm short - no directional edge","4 - Declining, but trend score 53 does not confirm short - no directional edge","4 - Declining, trend 3 with bearish confirmed, momentum and volume confirm; late in the stage, reduce size"
2024-04-16,833.2000122070312,852.7999877929688,830.5499877929688,837.7000122070312,39171,837.1446,885.8929,Yes,40.46,Neutral,Uptrend,Hold,Downtrend (LH+LL),Bearish,52.58,Neutral,Mixed,"No clear trend - ADX emerging, price ranging",27.95,"Underperforming, improving",Lags both,54.0465,Neutral,2.1035,-2.8345,bullish fading,Neutral,4.9158,0.8816,full,37.26,Negative fading,55.66,Neutral,Bullish majority,None,"Neutral - majority agree, 1 dissenting",Upper Half,Emerging,Bullish,No,Yes,Inside,47.9,Normal,Stable,-3.77,No,"Normal volatility, stable",Normal vol,Normal,Falling,Weak Up,0.0306,Neutral,63.4319,Neutral,4 - Declining,late,74.0,91.0,1 - Basing,14.0,WAIT,51.06,1.0,Trend,"4 - Declining, but trend score 53 does not confirm short - no directional edge","4 - Declining, but trend score 53 does not confirm short - no directional edge","4 - Declining, trend 6 short confirmed but participation is thin - reduce size, breakouts without volume fail more often"
2024-04-18,842.9000244140625,858.0,836.0,844.2999877929688,316280,837.4252,885.479,Yes,41.88,Neutral,Uptrend,Hold,Downtrend (LH+LL),Bearish,52.49,Neutral,Mixed,"No clear trend - ADX no trend, price ranging",33.19,"Underperforming, improving",Lags both,56.7188,Neutral,3.0144,-1.6647,bullish fading,Neutral,3.3731,0.6105,full,39.77,Negative fading,57.09,Neutral,Bullish majority,None,"Neutral - majority agree, 1 dissenting",Upper Half,No Trend,Bullish,No,Yes,Inside,48.02,Normal,Stable,-2.3,No,"Normal volatility, stable",Normal vol,High,Falling,Confirmed Up,-0.0332,Neutral,76.676,Neutral,4 - Declining,late,74.0,92.0,1 - Basing,14.0,WAIT,52.65,1.0,Trend,"4 - Declining, but trend score 52 does not confirm short - no directional edge","4 - Declining, but trend score 52 does not confirm short - no directional edge","4 - Declining, trend 12 short confirmed but participation is thin - reduce size, breakouts without volume fail more often"
2024-04-19,844.25,844.25,820.5499877929688,831.9500122070312,31255,837.2105,884.9464,Yes,38.41,Bear,Uptrend,Hold,Downtrend (LH+LL),Bearish,46.23,Neutral,Bearish majority,"No clear trend - ADX no trend, price ranging",31.8,"Underperforming, improving",Lags both,50.7695,Neutral,2.7086,-0.7901,bullish fading,Neutral,0.8241,0.1642,full,37.75,Negative accelerating,53.17,Neutral,Bullish majority,None,"Neutral - majority agree, 1 dissenting",Upper Half,No Trend,Bearish,No,Yes,Inside,50.08,Normal,Stable,2.26,No,"Normal volatility, stable",Normal vol,Dry-up,Falling,Weak Down,-0.0436,Neutral,85.1103,Overbought,4 - Declining,late,74.0,93.0,1 - Basing,14.0,WAIT,46.25,1.0,Trend,"4 - Declining, but trend score 46 does not confirm short - no directional edge","4 - Declining, but trend score 54 does not confirm short - no directional edge","4 - Declining, trend 17 with bearish confirmed, momentum and volume confirm; late in the stage, reduce size"
2024-04-22,835.2000122070312,849.0499877929688,828.2000122070312,834.2000122070312,45909,837.0925,884.4415,Yes,37.46,Bear,Uptrend,Hold,Downtrend (LH+LL),Bearish,46.63,Neutral,Bearish majority,"No clear trend - ADX no trend, price ranging",32.61,"Underperforming, improving",Lags both,51.7622,Neutral,2.6176,-0.1085,bullish fading,Neutral,-1.8819,-0.3085,full,38.25,Negative fading,52.23,Neutral,Bullish majority,None,"Neutral - majority agree, 1 dissenting",Upper Half,No Trend,Bearish,No,Yes,Inside,48.69,Normal,Stable,1.82,No,"Normal volatility, stable",Normal vol,Normal,Falling,Weak Up,-0.0364,Neutral,84.6771,Overbought,4 - Declining,late,74.0,94.0,1 - Basing,14.0,WAIT,47.35,1.0,Trend,"4 - Declining, but trend score 47 does not confirm short - no directional edge","4 - Declining, but trend score 54 does not confirm short - no directional edge","4 - Declining, but trend score 53 does not confirm short - no directional edge"
2024-04-23,830.5,840.5999755859375,830.5,834.9500122070312,26637,837.0085,883.949,Yes,37.35,Bear,Uptrend,Hold,Range,Bearish,57.27,Neutral,Mixed,"No clear trend - ADX no trend, price ranging",35.66,"Underperforming, improving",Lags both,52.1088,Neutral,2.5763,0.4284,bullish fading,Neutral,-1.1133,-0.17,full,41.58,Negative fading,51.84,Neutral,Bullish majority,None,"Neutral - majority agree, 1 dissenting",Upper Half,No Trend,Bearish,No,Yes,Inside,43.37,Normal,Stable,2.42,No,"Normal volatility, stable",Normal vol,Dry-up,Falling,Weak Up,-0.0546,Distribution,81.835,Overbought,4 - Declining,late,74.0,95.0,1 - Basing,14.0,WAIT,52.02,1.0,Trend,"4 - Declining, but trend score 57 does not confirm short - no directional edge","4 - Declining, but trend score 45 does not confirm short - no directional edge","4 - Declining, but trend score 53 does not confirm short - no directional edge"
2024-04-24,842.0,865.0,832.3499755859375,845.5,81413,837.3415,883.5664,Yes,40.19,Neutral,Uptrend,Hold,Range,Bearish,59.87,Neutral,Mixed,"No clear trend - ADX no trend, price ranging",31.56,"Underperforming, improving",Lags both,56.8108,Neutral,3.3562,1.014,bullish accelerating,Neutral,0.7627,0.165,full,42.95,Negative fading,53.97,Neutral,Bullish majority,None,"Neutral - majority agree, 1 dissenting",Upper Half,No Trend,Bullish,No,Yes,Inside,46.75,Normal,Stable,5.72,No,"Normal volatility, stable",Normal vol,Normal,Rising,Weak Up,-0.0562,Distribution,82.3095,Overbought,4 - Declining,late,74.0,96.0,1 - Basing,14.0,WAIT,53.83,1.0,Trend,"4 - Declining, but trend score 60 does not confirm short - no directional edge","4 - Declining, but trend score 53 does not confirm short - no directional edge","4 - Declining, but trend score 53 does not confirm short - no directional edge"
2024-04-25,841.3499755859375,850.0,837.7999877929688,847.2999877929688,35025,837.732,883.2056,Yes,47.34,Neutral,Uptrend,Hold,Range,Bearish,62.37,Bull,Mixed,"Range with bullish lean - ADX no trend, direction not confirmed",31.5,"Underperforming, improving",Lags both,57.5761,Neutral,4.0725,1.6257,bullish accelerating,Neutral,1.8328,0.3592,full,45.52,Negative fading,55.32,Neutral,Bullish majority,None,"Neutral - majority agree, 1 dissenting",Upper Half,No Trend,Bullish,No,No,Inside,41.94,Normal,Stable,1.71,No,"Normal volatility, stable",Low vol - tight stops,Dry-up,Rising,Weak Up,-0.0387,Neutral,77.5396,Neutral,4 - Declining,late,64.0,97.0,1 - Basing,14.0,WAIT,56.36,1.0,Trend,"4 - Declining, but trend score 62 does not confirm short - no directional edge","4 - Declining, but trend score 52 does not confirm short - no directional edge","4 - Declining, but trend score 52 does not confirm short - no directional edge"
2024-04-26,854.9000244140625,854.9000244140625,836.5499877929688,838.4500122070312,35572,837.7601,882.7602,Yes,46.05,Neutral,Uptrend,Hold,Range,Bearish,62.05,Bull,Mixed,"Range with bullish lean - ADX no trend, direction not confirmed",30.46,"Underperforming, improving",Lags both,52.6374,Neutral,3.8814,2.0768,bullish fading,Neutral,-0.5338,-0.0567,full,41.74,Negative accelerating,51.56,Neutral,Bullish majority,None,"Neutral - majority agree, 1 dissenting",Upper Half,No Trend,Bullish,No,No,Inside,39.05,Low,Stable,-7.82,No,"Low volatility, stable",Low vol - tight stops,Dry-up,Rising,Weak Down,-0.016,Neutral,69.2292,Neutral,4 - Declining,late,64.0,98.0,1 - Basing,14.0,WAIT,53.89,1.0,Trend,"4 - Declining, but trend score 62 does not confirm short - no directional edge","4 - Declining, but trend score 46 does not confirm short - no directional edge","4 - Declining, but trend score 54 does not confirm short - no directional edge"
2024-04-29,835.0,842.2000122070312,830.0,832.6500244140625,43110,837.5597,882.2616,Yes,43.99,Neutral,Uptrend,Hold,Range,Bearish,61.19,Bull,Mixed,"Range with bullish lean - ADX no trend, direction not confirmed",27.96,"Underperforming, improving",Lags both,49.6327,Neutral,3.2247,2.3064,bullish fading,Neutral,-1.034,-0.1422,full,45.6,Negative fading,49.63,Neutral,Bearish majority,None,Neutral - price momentum agrees but MACD shows deceleration,Lower Half,No Trend,Bullish,No,No,Inside,33.81,Low,Stable,-9.96,No,"Low volatility, stable",Low vol - tight stops,Normal,Rising,Weak Down,-0.045,Neutral,68.2383,Neutral,4 - Declining,late,64.0,99.0,1 - Basing,14.0,WAIT,52.92,1.0,Trend,"4 - Declining, but trend score 61 does not confirm short - no directional edge","4 - Declining, but trend score 47 does not confirm short - no directional edge","4 - Declining, but trend score 54 does not confirm short - no directional edge"
2024-04-30,832.6500244140625,838.5499877929688,831.5499877929688,833.5,30499,837.4005,881.7764,Yes,36.99,Bear,Uptrend,Hold,Range,Bearish,58.61,Neutral,Mixed,"No clear trend - ADX no trend, price ranging",31.58,"Underperforming, improving",Lags both,50.0824,Neutral,2.7413,2.3934,bullish fading,Neutral,-0.3646,-0.0191,full,45.99,Negative fading,48.16,Neutral,Mixed,None,"Neutral - components mixed, low conviction",Lower Half,No Trend,Bullish,No,No,Inside,19.8,Very Low,Contracting,-28.65,No,"Very Low volatility, contracting - coiling, watch for breakout",Low vol - tight stops,Dry-up,Falling,Weak Up,-0.0406,Neutral,64.0563,Neutral,4 - Declining,late,74.0,100.0,1 - Basing,14.0,WAIT,51.52,1.0,Trend,"4 - Declining, but trend score 59 does not confirm short - no directional edge","4 - Declining, but trend score 57 does not confirm short - no directional edge","4 - Declining, but trend score 45 does not confirm short - no directional edge"
2024-05-02,834.2000122070312,836.5499877929688,826.0,832.2999877929688,27422,837.2005,881.2841,Yes,34.83,Bear,Uptrend,Hold,Range,Bearish,57.49,Neutral,Mixed,"No clear trend - ADX no trend, price ranging",30.42,"Underperforming, improving",Lags both,49.4116,Neutral,2.2356,2.3618,Bearish crossover,Neutral,-0.6446,-0.0632,full,46.47,Negative fading,47.1,Neutral,Bearish majority,None,Neutral - price momentum agrees but MACD shows deceleration,Lower Half,No Trend,Bullish,No,No,Inside,7.06,Very Low,Contracting,-40.83,Confirmed,"Very Low volatility, squeeze confirmed - expansion pending",Coiled - low vol squeeze,Dry-up,Falling,Weak Down,-0.0349,Neutral,63.8941,Neutral,4 - Declining,late,74.0,101.0,1 - Basing,14.0,WAIT,49.5,1.0,Trend,"4 - Declining, but trend score 57 does not confirm short - no directional edge","4 - Declining, but trend score 60 does not confirm short - no directional edge","4 - Declining, but trend score 53 does not confirm short - no directional edge"
2024-05-03,832.2999877929688,836.9000244140625,824.0,830.1500244140625,30038,836.924,880.7753,Yes,31.91,Bear,Uptrend,Hold,Range,Bearish,56.17,Neutral,Mixed,"No clear trend - ADX no trend, price ranging",36.32,"Underperforming, improving",Lags both,48.1669,Neutral,1.6424,2.2179,bullish accelerating,Neutral,-1.6759,-0.2425,full,45.85,Negative accelerating,45.86,Neutral,Bearish confirmed,None,Neutral - all 4 components agree incl. MACD acceleration,Lower Half,No Trend,Bullish,No,No,Inside,3.89,Very Low,Contracting,-44.13,Confirmed,"Very Low volatility, squeeze confirmed - expansion pending",Coiled - low vol squeeze,Dry-up,Falling,Weak Down,-0.0684,Distribution,58.6681,Neutral,4 - Declining,late,74.0,102.0,1 - Basing,14.0,WAIT,48.53,1.0,Trend,"4 - Declining, but trend score 56 does not confirm short - no directional edge","4 - Declining, but trend score 62 does not confirm short - no directional edge","4 - Declining, but trend score 52 does not confirm short - no directional edge"
2024-05-06,838.5499877929688,840.9500122070312,821.2000122070312,825.2999877929688,26735,836.4682,880.2233,Yes,29.68,Bear,Uptrend,Hold,Range,Bearish,54.23,Neutral,Mixed,"No clear trend - ADX no trend, price ranging",32.67,"Underperforming, improving",Lags both,45.3892,Neutral,0.772,1.9288,bullish accelerating,Neutral,-0.7993,-0.0799,full,44.69,Negative accelerating,43.38,Neutral,Bearish confirmed,Bearish divergence,Neutral - bearish divergence vs price over 21 bars,At Lower,No Trend,Bullish,No,No,Inside,3.89,Very Low,Contracting,-46.19,Confirmed,"Very Low volatility, squeeze confirmed - expansion pending",Coiled - low vol squeeze,Dry-up,Falling,Weak Down,-0.1171,Distribution,58.7712,Neutral,4 - Declining,late,74.0,103.0,1 - Basing,14.0,WAIT,46.92,1.0,Trend,"4 - Declining, but trend score 54 does not confirm short - no directional edge","4 - Declining, but trend score 62 does not confirm short - no directional edge","4 - Declining, but trend score 46 does not confirm short - no directional edge"
2024-05-07,829.3499755859375,834.4500122070312,820.5499877929688,829.7000122070312,31957,836.2028,879.7206,Yes,23.99,Bear,Uptrend,Hold,Range,Bearish,53.4,Neutral,Mixed,"No clear trend - ADX no trend, price ranging",28.06,"Underperforming, improving",Lags both,48.302,Neutral,0.4323,1.6295,bullish accelerating,Neutral,-0.5394,-0.0305,full,37.76,Negative accelerating,41.6,Bearish,Bearish confirmed,Bearish divergence,Bearish - bearish divergence vs price over 21 bars,Lower Half,No Trend,Bullish,No,No,Inside,1.98,Very Low,Contracting,-46.71,Confirmed,"Very Low volatility, squeeze confirmed - expansion pending",Coiled - low vol squeeze,Normal,Falling,Weak Up,-0.2351,Distribution,60.56,Neutral,4 - Declining,late,84.0,104.0,1 - Basing,14.0,WAIT,46.21,1.0,Trend,"4 - Declining, but trend score 53 does not confirm short - no directional edge","4 - Declining, but trend score 61 does not confirm short - no directional edge","4 - Declining, but trend score 47 does not confirm short - no directional edge"
2024-05-08,822.0,833.0,821.0,828.5499877929688,26662,835.9027,879.2115,Yes,23.36,Bear,Uptrend,Hold,Range,Bearish,52.88,Neutral,Mixed,"No clear trend - ADX no trend, price ranging",32.2,"Underperforming, weakening",Lags both,47.5875,Neutral,0.0695,1.3175,bullish accelerating,Oversold,-0.7665,-0.0697,full,41.34,Negative fading,41.92,Bearish,Bearish confirmed,None,Bearish - all 4 components agree incl. MACD acceleration,Lower Half,No Trend,Bullish,No,No,Inside,1.15,Very Low,Contracting,-42.22,Confirmed,"Very Low volatility, squeeze confirmed - expansion pending",Coiled - low vol squeeze,Normal,Falling,Weak Down,-0.2305,Distribution,56.5853,Neutral,4 - Declining,late,84.0,105.0,1 - Basing,14.0,WAIT,44.87,1.0,Trend,"4 - Declining, but trend score 53 does not confirm short - no directional edge","4 - Declining, but trend score 59 does not confirm short - no directional edge","4 - Declining, but trend score 57 does not confirm short - no directional edge"
2024-05-09,830.0,834.0999755859375,815.5499877929688,824.0999755859375,43511,835.4398,878.6631,Yes,21.17,Bear,Uptrend,Hold,Range,Bearish,50.93,Neutral,Mixed,"No clear trend - ADX no trend, price ranging",42.34,"Underperforming, improving",Lags both,44.8247,Neutral,-0.5706,0.9399,bearish accelerating,Oversold,-2.531,-0.384,full,44.82,Negative fading,41.71,Bearish,Bearish confirmed,None,Bearish - all 4 components agree incl. MACD acceleration,Lower Half,No Trend,Bullish,No,No,Inside,2.1,Very Low,Contracting,-44.64,Confirmed,"Very Low volatility, squeeze confirmed - expansion pending",Coiled - low vol squeeze,Normal,Falling,Weak Down,-0.2045,Distribution,24.924,Neutral,4 - Declining,late,84.0,106.0,1 - Basing,14.0,WAIT,43.93,1.0,Trend,"4 - Declining, but trend score 51 does not confirm short - no directional edge","4 - Declining, but trend score 57 does not confirm short - no directional edge","4 - Declining, but trend score 60 does not confirm short - no directional edge"
2024-05-10,827.0,830.1500244140625,815.0,820.9000244140625,24382,834.8696,878.0883,Yes,19.08,Strong Bear,Uptrend,Hold,Range,Bearish,49.35,Neutral,Mixed,"No clear trend - ADX no trend, price ranging",41.8,"Underperforming, improving",Lags both,42.8961,Neutral,-1.3208,0.4877,bearish accelerating,Oversold,-3.1158,-0.4858,full,46.05,Negative fading,40.81,Bearish,Bearish confirmed,None,Bearish - all 4 components agree incl. MACD acceleration,At Lower,No Trend,Bullish,No,No,Near Lower,2.38,Very Low,Contracting,-39.56,Confirmed,"Very Low volatility, squeeze confirmed - expansion pending",Coiled - low vol squeeze,Dry-up,Falling,Weak Down,-0.1914,Distribution,25.274,Neutral,4 - Declining,late,84.0,107.0,1 - Basing,14.0,WAIT,42.95,1.0,Trend,"4 - Declining, but trend score 49 does not confirm short - no directional edge","4 - Declining, but trend score 56 does not confirm short - no directional edge","4 - Declining, but trend score 62 does not confirm short - no directional edge"
2024-05-13,807.0,825.5,807.0,816.8499755859375,24292,834.163,877.479,Yes,17.41,Strong Bear,Uptrend,Hold,Range,Bearish,47.68,Neutral,Mixed,"No clear trend - ADX no trend, price ranging",36.46,"Underperforming, improving",Lags both,40.5198,Neutral,-2.2166,-0.0531,bearish accelerating,Oversold,-2.5762,-0.3856,full,40.76,Negative accelerating,38.08,Bearish,Bearish confirmed,None,Bearish - all 4 components agree incl. MACD acceleration,Below Lower,No Trend,Bearish,No,No,Near Lower,3.69,Very Low,Contracting,-35.36,Confirmed,"Very Low volatility, squeeze confirmed - expansion pending",Coiled - low vol squeeze,Dry-up,Falling,Weak Down,-0.1822,Distribution,16.9759,Oversold,4 - Declining,late,84.0,108.0,1 - Basing,14.0,WAIT,41.38,1.0,Trend,"4 - Declining, but trend score 48 does not confirm short - no directional edge","4 - Declining, but trend score 54 does not confirm short - no directional edge","4 - Declining, but trend score 62 does not confirm short - no directional edge"
2024-05-14,816.0,828.9000244140625,807.0,818.4500122070312,45355,833.5468,876.8916,Yes,16.77,Strong Bear,Uptrend,Hold,Range,Bearish,47.89,Neutral,Mixed,"No clear trend - ADX no trend, price ranging",30.22,"Underperforming, weakening",Lags both,41.8894,Neutral,-2.7656,-0.5956,bearish accelerating,Oversold,-1.7054,-0.2266,full,36.8,Negative accelerating,37.4,Bearish,Bearish confirmed,None,Bearish - all 4 components agree incl. MACD acceleration,Lower Half,No Trend,Bearish,No,No,Inside,6.31,Very Low,Contracting,-27.5,Confirmed,"Very Low volatility, squeeze confirmed - expansion pending",Coiled - low vol squeeze,Normal,Falling,Weak Up,-0.1572,Distribution,25.1837,Neutral,4 - Declining,late,84.0,109.0,1 - Basing,14.0,WAIT,42.47,1.0,Trend,"4 - Declining, but trend score 48 does not confirm short - no directional edge","4 - Declining, but trend score 53 does not confirm short - no directional edge","4 - Declining, but trend score 61 does not confirm short - no directional edge"
2024-05-15,817.9500122070312,833.0,816.9000244140625,831.6500244140625,31037,833.4724,876.4415,Yes,20.66,Bear,Uptrend,Hold,Range,Bearish,52.23,Neutral,Mixed,"No clear trend - ADX no trend, price ranging",33.48,"Underperforming, improving",Lags both,51.7583,Neutral,-2.1111,-0.8987,bearish fading,Neutral,-0.222,0.0421,full,41.23,Negative fading,44.38,Neutral,Bearish majority,None,"Neutral - majority agree, 1 dissenting",Lower Half,No Trend,Bullish,No,No,Inside,5.32,Very Low,Stable,-14.48,Confirmed,"Very Low volatility, squeeze confirmed - expansion pending",Coiled - low vol squeeze,Normal,Falling,Weak Up,-0.1525,Distribution,16.6073,Oversold,4 - Declining,late,84.0,110.0,1 - Basing,14.0,WAIT,46.52,1.0,Trend,"4 - Declining, but trend score 52 does not confirm short - no directional edge","4 - Declining, but trend score 53 does not confirm short - no directional edge","4 - Declining, but trend score 59 does not confirm short - no directional edge"
2024-05-16,831.9500122070312,852.7999877929688,829.2999877929688,839.5,43865,833.7088,876.0739,Yes,25.19,Bear,Uptrend,Hold,Range,Bearish,53.82,Neutral,Mixed,"No clear trend - ADX no trend, price ranging",35.13,"Underperforming, weakening",Lags both,56.4906,Neutral,-0.9481,-0.9086,bearish fading,Neutral,0.8651,0.2362,full,43.81,Negative fading,49.97,Neutral,Mixed,Bearish divergence,Neutral - bearish divergence vs price over 21 bars,Upper Half,No Trend,Bullish,No,No,Inside,7.46,Very Low,Stable,0.4,Partial,"Very Low volatility, stable",Low vol - tight stops,Normal,Falling,Weak Up,-0.1435,Distribution,25.8632,Neutral,4 - Declining,late,84.0,111.0,1 - Basing,14.0,WAIT,48.91,1.0,Trend,"4 - Declining, but trend score 54 does not confirm short - no directional edge","4 - Declining, but trend score 51 does not confirm short - no directional edge","4 - Declining, but trend score 57 does not confirm short - no directional edge"
2024-05-17,839.5,849.0499877929688,831.0999755859375,832.6500244140625,35638,833.6672,875.6418,Yes,25.85,Bear,Uptrend,Hold,Range,Bearish,53.56,Neutral,Mixed,"No clear trend - ADX no trend, price ranging",32.74,"Underperforming, weakening",Lags both,51.7226,Neutral,-0.5726,-0.8414,Bullish crossover,Neutral,0.3012,0.1322,full,44.06,Negative fading,50.41,Neutral,Bullish majority,None,"Neutral - majority agree, 1 dissenting",Upper Half,No Trend,Bullish,Yes,No,Inside,6.91,Very Low,Stable,3.02,Confirmed,"Very Low volatility, squeeze confirmed - expansion pending",Coiled - low vol squeeze,Normal,Falling,Weak Down,-0.1326,Distribution,25.8731,Neutral,4 - Declining,late,84.0,112.0,1 - Basing,14.0,WAIT,47.73,1.0,Trend,"4 - Declining, but trend score 54 does not confirm short - no directional edge","4 - Declining, but trend score 49 does not confirm short - no directional edge","4 - Declining, but trend score 56 does not confirm short - no directional edge"
2024-05-21,786.0,863.9000244140625,786.0,838.7000122070312,449684,833.8646,875.2742,Yes,36.89,Bear,Uptrend,Hold,Range,Bearish,57.91,Neutral,Mixed,"No clear trend - ADX no trend, price ranging",33.8,"Underperforming, weakening",Lags both,55.3103,Neutral,0.2108,-0.631,bullish accelerating,Neutral,1.6237,0.3668,full,44.27,Negative fading,52.83,Neutral,Bullish majority,None,"Neutral - majority agree, 1 dissenting",Upper Half,No Trend,Bearish,Yes,Yes,Inside,29.2,Low,Expanding,25.32,Confirmed,Squeeze releasing - expanding 0 bars after compression,Normal vol,High,Falling,Confirmed Up,0.0566,Accumulation,13.7984,Oversold,4 - Declining,late,74.0,113.0,1 - Basing,14.0,WAIT,53.81,1.0,Trend,"4 - Declining, but trend score 58 does not confirm short - no directional edge","4 - Declining, but trend score 48 does not confirm short - no directional edge","4 - Declining, but trend score 54 does not confirm short - no directional edge"
2024-05-22,804.0,830.0,804.0,813.2999877929688,164173,833.0582,874.6576,Yes,23.78,Bear,Uptrend,Hold,Range,Bearish,47.72,Neutral,Mixed,"No clear trend - ADX no trend, price ranging",28.3,"Underperforming, weakening",Lags both,41.4,Neutral,-1.2041,-0.7456,Bearish crossover,Neutral,-1.9766,-0.2833,full,39.58,Negative accelerating,44.4,Neutral,Bearish majority,None,"Neutral - majority agree, 1 dissenting",At Lower,No Trend,Bearish,Yes,Yes,Inside,37.86,Low,Expanding,35.87,Partial,Squeeze releasing - expanding 1 bars after compression,Normal vol,High,Falling,Confirmed Down,0.0296,Neutral,11.9965,Oversold,4 - Declining,late,84.0,114.0,1 - Basing,14.0,WAIT,42.09,1.0,Trend,"4 - Declining, but trend score 48 does not confirm short - no directional edge","4 - Declining, but trend score 48 does not confirm short - no directional edge","4 - Declining, but trend score 53 does not confirm short - no directional edge"
2024-05-23,813.2000122070312,843.0,811.0499877929688,828.0,106127,832.8598,874.1933,Yes,25.8,Bear,Uptrend,Hold,Range,Bearish,52.32,Neutral,Mixed,"No clear trend - ADX no trend, price ranging",26.92,"Underperforming, weakening",Lags both,49.3407,Neutral,-1.1262,-0.8217,bearish fading,Neutral,-0.0664,0.0609,full,41.18,Negative fading,47.33,Neutral,Bearish majority,None,"Neutral - majority agree, 1 dissenting",Lower Half,No Trend,Bearish,Yes,Yes,Inside,38.81,Low,Expanding,37.66,Partial,Squeeze releasing - expanding 2 bars after compression,Normal vol,Normal,Falling,Confirmed Up,0.035,Neutral,20.9292,Neutral,4 - Declining,late,84.0,115.0,1 - Basing,14.0,WAIT,48.64,1.0,Trend,"4 - Declining, but trend score 52 does not confirm short - no directional edge","4 - Declining, but trend score 52 does not confirm short - no directional edge","4 - Declining, but trend score 53 does not confirm short - no directional edge"
2024-05-24,828.3499755859375,832.2999877929688,815.0,819.2999877929688,38299,832.328,873.6471,Yes,21.42,Bear,Uptrend,Hold,Range,Bearish,48.48,Neutral,Mixed,"No clear trend - ADX no trend, price ranging",26.37,"Underperforming, weakening",Lags both,45.418,Neutral,-1.7464,-1.0067,bearish accelerating,Neutral,-0.5825,-0.0338,full,39.41,Negative accelerating,44.08,Neutral,Bearish confirmed,None,Neutral - all 4 components agree incl. MACD acceleration,Lower Half,No Trend,Bearish,Yes,Yes,Inside,37.06,Low,Expanding,34.96,Partial,Squeeze releasing - expanding 3 bars after compression,Normal vol,Normal,Falling,Weak Down,0.0335,Neutral,20.7773,Neutral,4 - Declining,late,84.0,116.0,1 - Basing,14.0,WAIT,43.54,1.0,Trend,"4 - Declining, but trend score 48 does not confirm short - no directional edge","4 - Declining, but trend score 54 does not confirm short - no directional edge","4 - Declining, but trend score 51 does not confirm short - no directional edge"
2024-05-27,819.9500122070312,828.7000122070312,812.0,814.6500244140625,25012,831.6348,873.0601,Yes,18.54,Strong Bear,Uptrend,Hold,Range,Bearish,46.24,Neutral,Mixed,"No clear trend - ADX no trend, price ranging",24.23,"Underperforming, weakening",Lags both,43.4307,Neutral,-2.5833,-1.322,bearish accelerating,Neutral,-0.7614,-0.0682,full,36.71,Negative accelerating,42.1,Neutral,Bearish confirmed,None,Neutral - all 4 components agree incl. MACD acceleration,Lower Half,No Trend,Bearish,Yes,Yes,Inside,34.96,Low,Expanding,32.58,Confirmed,Squeeze releasing - expanding 0 bars after compression,Normal vol,Dry-up,Falling,Weak Down,0.0053,Neutral,20.8165,Neutral,4 - Declining,late,84.0,117.0,1 - Basing,14.0,WAIT,41.94,1.0,Trend,"4 - Declining, but trend score 46 does not confirm short - no directional edge","4 - Declining, but trend score 54 does not confirm short - no directional edge","4 - Declining, but trend score 49 does not confirm short - no directional edge"
2024-05-28,815.4000244140625,818.9500122070312,796.1500244140625,806.4000244140625,55326,830.6452,872.3968,Yes,15.12,Strong Bear,Uptrend,Hold,Downtrend (LH+LL),Bearish,32.86,Bear,Mixed,"Range with bearish lean - ADX no trend, direction not confirmed",24.81,"Underperforming, weakening",Lags both,40.0797,Neutral,-3.8677,-1.8311,bearish accelerating,Neutral,-1.2793,-0.1643,full,36.07,Negative accelerating,38.87,Bearish,Bearish confirmed,None,Bearish - all 4 components agree incl. MACD acceleration,Below Lower,No Trend,Bearish,Yes,Yes,Inside,36.47,Low,Expanding,32.78,Partial,Squeeze releasing - expanding 1 bars after compression,Normal vol,Normal,Falling,Weak Down,0.0226,Neutral,20.4043,Neutral,4 - Declining,late,84.0,118.0,1 - Basing,14.0,WAIT,38.0,1.0,Trend agreement,"4 - Declining, trend 33 but components disagree - wait for alignment","4 - Declining, but trend score 58 does not confirm short - no directional edge","4 - Declining, but trend score 48 does not confirm short - no directional edge"
2024-05-29,810.0,817.4000244140625,805.0,806.2999877929688,42458,829.6905,871.7391,Yes,14.89,Strong Bear,Uptrend,Hold,Downtrend (LH+LL),Bearish,32.76,Bear,Mixed,"Range with bearish lean - ADX no trend, direction not confirmed",26.92,"Underperforming, weakening",Lags both,40.0394,Neutral,-4.8379,-2.4325,bearish accelerating,Neutral,-1.4845,-0.2059,full,37.42,Negative fading,38.15,Bearish,Bearish confirmed,None,Bearish - all 4 components agree incl. MACD acceleration,At Lower,No Trend,Bearish,Yes,Yes,Inside,35.52,Low,Expanding,29.21,Partial,Squeeze releasing - expanding 2 bars after compression,Normal vol,Normal,Falling,Weak Down,0.0155,Neutral,23.8265,Neutral,4 - Declining,late,84.0,119.0,1 - Basing,14.0,WAIT,38.0,1.0,Trend agreement,"4 - Declining, trend 33 but components disagree - wait for alignment","4 - Declining, but trend score 48 does not confirm short - no directional edge","4 - Declining, but trend score 48 does not confirm short - no directional edge"
2024-05-30,807.1500244140625,810.0,798.8499755859375,802.7000122070312,34184,828.632,871.0522,Yes,13.35,Strong Bear,Uptrend,Hold,Downtrend (LH+LL),Bearish,31.25,Bear,Bearish majority,"Range with bearish lean - ADX no trend, direction not confirmed",30.22,"Underperforming, weakening",Lags both,38.5362,Neutral,-5.8301,-3.112,bearish accelerating,Neutral,-3.481,-0.5723,full,36.62,Negative accelerating,36.47,Bearish,Bearish confirmed,None,Bearish - all 4 components agree incl. MACD acceleration,At Lower,No Trend,Bearish,Yes,Yes,Inside,33.61,Low,Expanding,28.29,Partial,Squeeze releasing - expanding 3 bars after compression,Normal vol,Normal,Falling,Weak Down,0.0177,Neutral,24.0435,Neutral,4 - Declining,late,84.0,120.0,1 - Basing,14.0,WAIT,38.0,1.0,Weak ADX,"4 - Declining, trend 31 but ADX shows no trend, this is a range - wait for alignment","4 - Declining, but trend score 52 does not confirm short - no directional edge","4 - Declining, but trend score 52 does not confirm short - no directional edge"
2024-05-31,810.0,815.0,797.5499877929688,804.0,71920,827.6661,870.385,Yes,12.47,Strong Bear,Uptrend,Hold,Downtrend (LH+LL),Bearish,31.02,Bear,Bearish majority,"Range with bearish lean - ADX no trend, direction not confirmed",28.24,"Underperforming, weakening",Lags both,39.4206,Neutral,-6.4373,-3.7771,bearish fading,Neutral,-4.2287,-0.7103,full,35.46,Negative accelerating,36.3,Bearish,Bearish confirmed,None,Bearish - all 4 components agree incl. MACD acceleration,Lower Half,No Trend,Bearish,Yes,Yes,Inside,33.73,Low,Expanding,26.27,No,Squeeze releasing - expanding 4 bars after compression,Normal vol,Normal,Rising,Confirmed Up,-0.0007,Neutral,29.1265,Neutral,4 - Declining,late,84.0,121.0,1 - Basing,14.0,WAIT,38.0,1.0,Weak ADX,"4 - Declining, trend 31 but ADX shows no trend, this is a range - wait for alignment","4 - Declining, but trend score 48 does not confirm short - no directional edge","4 - Declining, but trend score 54 does not confirm short - no directional edge"
2024-06-03,821.5,825.0,805.3499755859375,813.7999877929688,84183,827.1223,869.8219,Yes,14.19,Strong Bear,Uptrend,Hold,Downtrend (LH+LL),Bearish,34.44,Bear,Bearish majority,"Range with bearish lean - ADX no trend, direction not confirmed",22.48,"Underperforming, weakening",Lags both,45.7574,Neutral,-6.0579,-4.2332,bearish fading,Neutral,-2.2639,-0.3533,full,38.3,Negative fading,40.37,Bearish,Bearish confirmed,None,Bearish - all 4 components agree incl. MACD acceleration,Lower Half,No Trend,Bearish,Yes,Yes,Inside,32.38,Low,Expanding,25.48,No,Squeeze releasing - expanding 5 bars after compression,Normal vol,Normal,Rising,Confirmed Up,-0.008,Neutral,34.5153,Neutral,4 - Declining,late,84.0,122.0,1 - Basing,14.0,WAIT,38.51,1.0,Weak ADX,"4 - Declining, trend 34 but ADX shows no trend, this is a range - wait for alignment","4 - Declining, but trend score 46 does not confirm short - no directional edge","4 - Declining, but trend score 54 does not confirm short - no directional edge"
2024-06-04,813.7999877929688,822.0,785.3499755859375,801.9000244140625,96710,826.1332,869.1461,Yes,12.1,Strong Bear,Uptrend,Hold,Downtrend (LH+LL),Bearish,30.13,Bear,Bearish majority,"Range with bearish lean - ADX no trend, direction not confirmed",34.1,"Underperforming, weakening",Lags both,40.2515,Neutral,-6.6409,-4.7148,bearish accelerating,Neutral,-4.3877,-0.7378,full,34.45,Negative accelerating,37.41,Bearish,Bearish confirmed,None,Bearish - all 4 components agree incl. MACD acceleration,Lower Half,No Trend,Bearish,Yes,Yes,Inside,40.08,Normal,Stable,10.87,No,"Normal volatility, stable",Normal vol,Normal,Rising,Confirmed Down,-0.0034,Neutral,29.6472,Neutral,4 - Declining,late,84.0,123.0,1 - Basing,14.0,WAIT,38.0,1.0,Weak ADX,"4 - Declining, trend 30 but ADX shows no trend, this is a range - wait for alignment","4 - Declining, trend 33 but components disagree - wait for alignment","4 - Declining, but trend score 58 does not confirm short - no directional edge"
2024-06-05,801.9000244140625,809.5,789.5499877929688,793.0499877929688,66676,824.8358,868.3889,Yes,10.81,Strong Bear,Uptrend,Hold,Downtrend (LH+LL),Bearish,26.94,Bear,Bearish majority,"Range with bearish lean - ADX no trend, direction not confirmed",18.51,"Underperforming, weakening",Lags both,36.7133,Neutral,-7.728,-5.3174,bearish accelerating,Neutral,-2.4899,-0.3921,full,30.91,Negative accelerating,34.18,Bearish,Bearish confirmed,None,Bearish - all 4 components agree incl. MACD acceleration,At Lower,No Trend,Bearish,Yes,No,Near Lower,41.63,Normal,Stable,3.77,No,"Normal volatility, stable",Vol contracting,Normal,Rising,Weak Down,-0.0387,Neutral,26.5075,Neutral,4 - Declining,late,84.0,124.0,1 - Basing,14.0,WAIT,38.0,1.0,Weak ADX,"4 - Declining, trend 27 but ADX shows no trend, this is a range - wait for alignment","4 - Declining, trend 33 but components disagree - wait for alignment","4 - Declining, but trend score 48 does not confirm short - no directional edge"
2024-06-06,800.0,811.0,796.0,800.0499877929688,29328,823.8638,867.7089,Yes,12.08,Strong Bear,Uptrend,Hold,Downtrend (LH+LL),Bearish,28.95,Bear,Bearish majority,"Range with bearish lean - ADX no trend, direction not confirmed",18.27,"Underperforming, weakening",Lags both,41.1218,Neutral,-7.9332,-5.8406,bearish fading,Oversold,-3.3756,-0.5521,full,32.24,Negative fading,35.57,Bearish,Bearish confirmed,None,Bearish - all 4 components agree incl. MACD acceleration,Lower Half,No Trend,Bearish,Yes,No,Inside,40.83,Normal,Stable,2.02,No,"Normal volatility, stable",Vol contracting,Dry-up,Rising,Weak Up,-0.0521,Distribution,25.5861,Neutral,4 - Declining,late,84.0,125.0,1 - Basing,14.0,WAIT,38.0,1.0,Weak ADX,"4 - Declining, trend 29 but ADX shows no trend, this is a range - wait for alignment","4 - Declining, trend 31 but ADX shows no trend, this is a range - wait for alignment","4 - Declining, but trend score 52 does not confirm short - no directional edge"
2024-06-07,800.0499877929688,826.0,799.9000244140625,811.5999755859375,44169,823.3829,867.1506,Yes,15.84,Strong Bear,Uptrend,Hold,Downtrend (LH+LL),Bearish,33.75,Bear,Bearish majority,"Range with bearish lean - ADX no trend, direction not confirmed",22.68,"Underperforming, weakening",Lags both,47.6069,Neutral,-7.0822,-6.0889,bearish fading,Neutral,-0.9398,-0.1103,full,36.66,Negative fading,40.61,Bearish,Bearish confirmed,None,Bearish - all 4 components agree incl. MACD acceleration,Lower Half,No Trend,Bearish,Yes,No,Inside,41.35,Normal,Stable,4.29,No,"Normal volatility, stable",Vol contracting,Normal,Rising,Weak Up,-0.0529,Distribution,28.7958,Neutral,4 - Declining,late,84.0,126.0,1 - Basing,14.0,WAIT,38.0,1.0,Weak ADX,"4 - Declining, trend 34 but ADX shows no trend, this is a range - wait for alignment","4 - Declining, trend 31 but ADX shows no trend, this is a range - wait for alignment","4 - Declining, but trend score 48 does not confirm short - no directional edge"
2024-06-10,819.2999877929688,829.9000244140625,806.0499877929688,827.0499877929688,49075,823.5267,866.7516,Yes,20.99,Bear,Uptrend,Hold,Downtrend (LH+LL),Bearish,40.2,Neutral,Bearish majority,"No clear trend - ADX no trend, price ranging",32.11,"Underperforming, weakening",Lags both,54.7817,Neutral,-5.1023,-5.8916,Bullish crossover,Neutral,1.5221,0.3362,full,43.3,Negative fading,49.37,Neutral,Mixed,None,"Neutral - components mixed, low conviction",Upper Half,No Trend,Bearish,Yes,No,Inside,41.19,Normal,Stable,6.23,No,"Normal volatility, stable",Vol contracting,Normal,Rising,Weak Up,-0.0242,Neutral,47.2567,Neutral,4 - Declining,late,84.0,127.0,1 - Basing,14.0,WAIT,42.6,1.0,Trend,"4 - Declining, but trend score 40 does not confirm short - no directional edge","4 - Declining, trend 34 but ADX shows no trend, this is a range - wait for alignment","4 - Declining, but trend score 46 does not confirm short - no directional edge"
2024-06-11,829.9500122070312,835.0,819.0,826.9000244140625,40740,823.659,866.3551,Yes,24.82,Bear,Uptrend,Hold,Downtrend (LH+LL),Bearish,41.68,Neutral,Mixed,"No clear trend - ADX no trend, price ranging",31.72,"Underperforming, weakening",Lags both,54.7034,Neutral,-3.5049,-5.4142,bearish accelerating,Neutral,2.5422,0.5183,full,43.51,Negative fading,52.85,Neutral,Bullish majority,None,"Neutral - majority agree, 1 dissenting",Upper Half,No Trend,Bullish,No,No,Inside,38.61,Low,Stable,2.14,No,"Low volatility, stable",Vol contracting,Normal,Rising,Weak Down,-0.0253,Neutral,59.9813,Neutral,4 - Declining,late,84.0,128.0,1 - Basing,14.0,WAIT,43.11,1.0,Trend,"4 - Declining, but trend score 42 does not confirm short - no directional edge","4 - Declining, trend 30 but ADX shows no trend, this is a range - wait for alignment","4 - Declining, trend 33 but components disagree - wait for alignment"
2024-06-12,828.0,831.75,817.5999755859375,820.5499877929688,42924,823.5371,865.8993,Yes,27.63,Bear,Uptrend,Hold,Downtrend (LH+LL),Bearish,40.99,Neutral,Mixed,"No clear trend - ADX no trend, price ranging",34.48,"Underperforming, weakening",Lags both,51.3559,Neutral,-2.72,-4.8754,bearish accelerating,Neutral,1.7673,0.3752,full,45.14,Negative fading,54.1,Neutral,Bullish majority,None,"Neutral - majority agree, 1 dissenting",Upper Half,No Trend,Bullish,No,No,Inside,36.11,Low,Stable,0.6,No,"Low volatility, stable",Vol contracting,Normal,Rising,Weak Down,-0.0428,Neutral,50.3441,Neutral,4 - Declining,late,84.0,129.0,1 - Basing,14.0,WAIT,43.18,1.0,Trend,"4 - Declining, but trend score 41 does not confirm short - no directional edge","4 - Declining, trend 27 but ADX shows no trend, this is a range - wait for alignment","4 - Declining, trend 33 but components disagree - wait for alignment"
2024-06-13,824.7000122070312,875.0,822.0,859.5999755859375,307370,824.9513,865.8366,Yes,44.09,Neutral,Uptrend,Hold,Downtrend (LH+LL),Bearish,50.43,Neutral,Mixed,"No clear trend - ADX no trend, price ranging",46.93,"Underperforming, weakening",Lags both,65.3844,Overbought,1.0411,-3.6921,bullish accelerating,Neutral,7.0886,1.3325,full,55.6,Positive accelerating,64.61,Bullish,Bullish confirmed,None,Bullish - all 4 components agree incl. MACD acceleration,Above Upper,No Trend,Bullish,No,Yes,Near Upper,47.98,Normal,Stable,14.37,No,"Normal volatility, stable",Normal vol,High,Rising,Confirmed Up,0.02,Neutral,68.2485,Neutral,4 - Declining,late,74.0,130.0,1 - Basing,14.0,WAIT,53.98,1.0,Trend,"4 - Declining, but trend score 50 does not confirm short - no directional edge","4 - Declining, trend 29 but ADX shows no trend, this is a range - wait for alignment","4 - Declining, trend 31 but ADX shows no trend, this is a range - wait for alignment"
2024-06-14,866.3499755859375,872.0,851.0999755859375,854.9000244140625,57352,826.1257,865.7278,Yes,51.84,Neutral,Uptrend,Hold,Downtrend (LH+LL),Bearish,53.74,Neutral,Bullish majority,"No clear trend - ADX no trend, price ranging",49.03,"Underperforming, weakening",Lags both,63.0284,Overbought,3.601,-2.2335,bullish accelerating,Neutral,6.3308,1.1885,full,59.37,Positive accelerating,66.26,Bullish,Bullish confirmed,None,Bullish - all 4 components agree incl. MACD acceleration,Above Upper,No Trend,Bullish,No,Yes,Inside,52.7,Normal,Stable,18.97,No,"Normal volatility, stable",Normal vol,Normal,Rising,Weak Down,0.0031,Neutral,71.7587,Neutral,4 - Declining,late,64.0,131.0,1 - Basing,14.0,WAIT,54.56,1.0,Trend,"4 - Declining, but trend score 54 does not confirm short - no directional edge","4 - Declining, trend 34 but ADX shows no trend, this is a range - wait for alignment","4 - Declining, trend 31 but ADX shows no trend, this is a range - wait for alignment"
2024-06-18,869.9500122070312,889.0,860.0499877929688,885.75,281681,828.464,865.9271,No,66.58,Bull,Uptrend,Hold,Downtrend (LH+LL),Bearish,59.95,Neutral,Bullish majority,"No clear trend - ADX no trend, price ranging",61.95,"Outperforming, strengthening",Leads NIFTY50 only,70.5337,Overbought,8.0265,-0.1815,bullish accelerating,Overbought,8.8412,1.6287,full,70.5,Positive accelerating,74.72,Strong Bullish,Bullish confirmed,None,Strong Bullish but overbought on RSI and Stochastic - stretched,Above Upper,No Trend,Bullish,Yes,Yes,Breakout Up,58.02,Normal,Expanding,25.63,No,Squeeze releasing - expanding 15 bars after compression,Normal vol,High,Rising,Confirmed Up,0.1215,Accumulation,81.4965,Overbought,4 - Declining,late,50.0,132.0,1 - Basing,14.0,WAIT,63.69,1.0,Trend,"4 - Declining, but trend score 60 does not confirm short - no directional edge","4 - Declining, but trend score 40 does not confirm short - no directional edge","4 - Declining, trend 34 but ADX shows no trend, this is a range - wait for alignment"
2024-06-19,889.0,890.0,865.75,878.6500244140625,87918,830.432,866.0536,No,64.84,Bull,Uptrend,Hold,Downtrend (LH+LL),Bearish,60.34,Bull,Bullish majority,"Range with bullish lean - ADX no trend, direction not confirmed",61.88,"Outperforming, strengthening",Leads NIFTY50 only,67.1549,Overbought,10.836,2.022,bullish accelerating,Overbought,9.571,1.7447,full,73.31,Positive accelerating,75.15,Strong Bullish,Bullish confirmed,None,Strong Bullish - all 4 components agree incl. MACD acceleration,Above Upper,No Trend,Bullish,Yes,No,Inside,60.71,High,Expanding,20.64,No,High volatility and still expanding - move may be extended,Vol contracting,Normal,Rising,Confirmed Down,0.0583,Accumulation,75.1371,Neutral,4 - Declining,late,50.0,133.0,1 - Basing,14.0,WAIT,60.4,1.0,Trend,"4 - Declining, but trend score 60 does not confirm short - no directional edge","4 - Declining, but trend score 42 does not confirm short - no directional edge","4 - Declining, trend 30 but ADX shows no trend, this is a range - wait for alignment"
2024-06-20,881.0,885.0,864.0999755859375,868.0499877929688,82069,831.9072,866.0735,No,62.66,Bull,Uptrend,Hold,Downtrend (LH+LL),Bearish,60.42,Bull,Bullish majority,"Range with bullish lean - ADX emerging, direction not confirmed",57.99,"Outperforming, weakening",Leads NIFTY50 only,62.3525,Overbought,12.0681,4.0312,bullish fading,Overbought,9.4572,1.7232,full,69.22,Positive fading,72.01,Strong Bullish,Bullish confirmed,None,Strong Bullish - all 4 components agree incl. MACD acceleration,Upper Half,Emerging,Bullish,Yes,No,Inside,61.03,High,Stable,19.4,No,"High volatility, stable",Vol contracting,Normal,Rising,Weak Down,0.0586,Accumulation,72.2127,Neutral,4 - Declining,late,50.0,134.0,1 - Basing,14.0,WAIT,60.69,1.0,Trend,"4 - Declining, but trend score 60 does not confirm short - no directional edge","4 - Declining, but trend score 41 does not confirm short - no directional edge","4 - Declining, trend 27 but ADX shows no trend, this is a range - wait for alignment"
2024-06-21,874.0499877929688,875.2000122070312,861.0,863.2000122070312,52872,833.1344,866.0449,Yes,61.88,Bull,Uptrend,Hold,Downtrend (LH+LL),Bearish,60.77,Bull,Bullish majority,"Range with bullish lean - ADX emerging, direction not confirmed",50.92,"Outperforming, strengthening",Leads NIFTY50 only,60.2302,Overbought,12.509,5.7268,bullish fading,Overbought,7.8933,1.4522,full,64.15,Positive fading,68.03,Bullish,Bullish confirmed,None,Bullish - all 4 components agree incl. MACD acceleration,Upper Half,Emerging,Bullish,Yes,No,Inside,58.69,Normal,Stable,17.86,No,"Normal volatility, stable",Vol contracting,Normal,Rising,Weak Down,0.0335,Neutral,67.8271,Neutral,4 - Declining,late,50.0,135.0,1 - Basing,14.0,WAIT,59.66,1.0,Trend,"4 - Declining, but trend score 61 does not confirm short - no directional edge","4 - Declining, but trend score 50 does not confirm short - no directional edge","4 - Declining, trend 29 but ADX shows no trend, this is a range - wait for alignment"
2024-06-24,874.0,883.0,855.0499877929688,879.1500244140625,76257,834.9389,866.1753,No,64.66,Bull,Uptrend,Hold,Downtrend (LH+LL),Bearish,62.51,Bull,Bullish majority,"Range with bullish lean - ADX emerging, direction not confirmed",53.18,"Outperforming, strengthening",Leads NIFTY50 only,64.5086,Overbought,13.9842,7.3783,bullish fading,Overbought,8.3231,1.5362,full,65.98,Positive accelerating,69.78,Bullish,Bullish confirmed,None,Bullish - all 4 components agree incl. MACD acceleration,Upper Half,Emerging,Bullish,Yes,No,Inside,59.23,Normal,Stable,17.88,No,"Normal volatility, stable",Vol contracting,Normal,Rising,Weak Up,0.0785,Accumulation,67.7679,Neutral,4 - Declining,late,50.0,136.0,1 - Basing,14.0,WAIT,62.16,1.0,Trend,"4 - Declining, but trend score 63 does not confirm short - no directional edge","4 - Declining, but trend score 54 does not confirm short - no directional edge","4 - Declining, trend 34 but ADX shows no trend, this is a range - wait for alignment"
2024-06-25,883.0,889.3499755859375,874.0499877929688,884.3499755859375,87545,836.8766,866.3562,No,65.53,Bull,Uptrend,Hold,Downtrend (LH+LL),Bearish,63.67,Bull,Bullish majority,"Range with bullish lean - ADX emerging, direction not confirmed",54.15,"Outperforming, strengthening",Leads NIFTY50 only,65.8004,Overbought,15.3954,8.9817,bullish fading,Overbought,6.9282,1.2947,full,70.77,Positive accelerating,72.12,Strong Bullish,Bullish confirmed,None,Strong Bullish - all 4 components agree incl. MACD acceleration,Upper Half,Emerging,Bullish,Yes,No,Near Upper,56.91,Normal,Stable,15.71,No,"Normal volatility, stable",Vol contracting,Normal,Rising,Confirmed Up,0.1036,Accumulation,74.6975,Neutral,4 - Declining,late,50.0,137.0,1 - Basing,14.0,WAIT,64.59,1.0,Trend,"4 - Declining, but trend score 64 does not confirm short - no directional edge","4 - Declining, but trend score 60 does not confirm short - no directional edge","4 - Declining, but trend score 40 does not confirm short - no directional edge"
2024-06-26,889.0,939.2000122070312,880.5499877929688,908.8499755859376,480314,839.6991,866.779,No,76.31,Bull,Uptrend,Hold,Downtrend (LH+LL),Bearish,69.01,Bull,Bullish majority,"Bull - majority agree, 1 dissenting, trending ADX",58.53,"Outperforming, strengthening",Leads NIFTY50 only,71.1316,Overbought,18.2801,10.8414,bullish accelerating,Overbought,9.9105,1.8423,full,75.41,Positive accelerating,76.16,Strong Bullish,Bullish confirmed,None,Strong Bullish but overbought on RSI and Stochastic - stretched,At Upper,Trending,Bullish,Yes,Yes,Breakout Up,67.54,High,Expanding,28.93,No,High volatility and still expanding - move may be extended,Normal vol,High,Rising,Confirmed Up,0.0775,Accumulation,84.6967,Overbought,4 - Declining,late,40.0,138.0,1 - Basing,14.0,STAND ASIDE,50.0,0.0,Stage unclear,4 - Declining but stage confidence only 40 - regime not established,"4 - Declining, but trend score 60 does not confirm short - no directional edge","4 - Declining, but trend score 42 does not confirm short - no directional edge"
2024-06-27,920.0,925.0,880.2000122070312,894.4500122070312,135740,841.8462,867.0543,No,73.86,Bull,Uptrend,Hold,Downtrend (LH+LL),Bearish,69.59,Bull,Bullish majority,"Bull - majority agree, 1 dissenting, trending ADX",54.94,"Outperforming, strengthening",Leads NIFTY50 only,64.7434,Overbought,19.1831,12.5097,bullish fading,Overbought,9.0062,1.6821,full,72.42,Positive fading,71.92,Strong Bullish,Bullish confirmed,None,Strong Bullish - all 4 components agree incl. MACD acceleration,Upper Half,Trending,Bullish,Yes,Yes,Inside,77.46,High,Expanding,41.35,No,High volatility and still expanding - move may be extended,Normal vol,Normal,Rising,Confirmed Down,0.0671,Accumulation,78.0107,Neutral,4 - Declining,late,40.0,139.0,1 - Basing,14.0,STAND ASIDE,50.0,0.0,Stage unclear,4 - Declining but stage confidence only 40 - regime not established,"4 - Declining, but trend score 60 does not confirm short - no directional edge","4 - Declining, but trend score 41 does not confirm short - no directional edge"
2024-06-28,925.0,973.0,903.7999877929688,922.4500122070312,896916,845.0071,867.6055,No,78.34,Bull,Uptrend,Hold,Downtrend (LH+LL),Bearish,72.42,Bull,Bullish majority,"Bull - majority agree, 1 dissenting, trending ADX",65.75,"Outperforming, strengthening",Leads both,70.3242,Overbought,21.9056,14.3889,bullish accelerating,Neutral,7.3115,1.377,full,79.92,Positive accelerating,75.53,Strong Bullish,Bullish confirmed,None,Strong Bullish - all 4 components agree incl. MACD acceleration,At Upper,Trending,Bullish,Yes,Yes,Inside,85.16,Very High,Expanding,37.18,No,Very High volatility and still expanding - move may be extended,Vol expanding,High,Rising,Confirmed Up,-0.0829,Distribution,85.3429,Overbought,3 - Topping,early,60.0,1.0,4 - Declining,139.0,STAND ASIDE,50.0,0.0,Stage,3 - Topping - no new positions in a basing/topping stage,"4 - Declining, but trend score 61 does not confirm short - no directional edge","4 - Declining, but trend score 50 does not confirm short - no directional edge"
2024-07-01,928.0,938.4000244140624,916.0,927.0,127793,848.2226,868.1965,No,79.04,Bull,Uptrend,Hold,Downtrend (LH+LL),Bearish,72.66,Bull,Bullish majority,"Bull - majority agree, 1 dissenting, trending ADX",69.89,"Outperforming, strengthening",Leads both,71.1241,Overbought,24.152,16.3415,bullish accelerating,Neutral,8.4337,1.5809,full,85.34,Positive accelerating,77.27,Strong Bullish,Bullish confirmed,None,Strong Bullish - all 4 components agree incl. MACD acceleration,Upper Half,Trending,Bullish,Yes,Yes,Inside,85.79,Very High,Expanding,33.1,No,Very High volatility and still expanding - move may be extended,Vol expanding,Normal,Rising,Weak Up,-0.0762,Distribution,81.0283,Overbought,3 - Topping,early,60.0,2.0,4 - Declining,139.0,STAND ASIDE,50.0,0.0,Stage,3 - Topping - no new positions in a basing/topping stage,"4 - Declining, but trend score 63 does not confirm short - no directional edge","4 - Declining, but trend score 54 does not confirm short - no directional edge"
2024-07-02,926.0,930.6500244140624,908.0,912.9000244140624,69082,850.7589,868.6413,No,83.38,Strong Bull,Uptrend,Hold,Downtrend (LH+LL),Bearish,74.18,Bull,Bullish majority,"Bull - majority agree, 1 dissenting, trending ADX",69.96,"Outperforming, strengthening",Leads both,65.2542,Overbought,24.5119,17.9756,bullish fading,Neutral,3.0652,0.6112,full,84.05,Positive fading,73.87,Strong Bullish,Bullish confirmed,None,Strong Bullish - all 4 components agree incl. MACD acceleration,Upper Half,Trending,Bullish,Yes,Yes,Inside,84.84,Very High,Expanding,26.83,No,Very High volatility and still expanding - move may be extended,Vol expanding,Dry-up,Rising,Weak Down,-0.0854,Distribution,78.7283,Neutral,3 - Topping,early,40.0,3.0,4 - Declining,139.0,STAND ASIDE,50.0,0.0,Stage unclear,3 - Topping but stage confidence only 40 - regime not established,"4 - Declining, but trend score 64 does not confirm short - no directional edge","4 - Declining, but trend score 60 does not confirm short - no directional edge"
2024-07-03,917.7000122070312,927.4500122070312,906.5999755859376,920.9500122070312,71038,853.5115,869.1618,No,84.22,Strong Bull,Uptrend,Hold,Downtrend (LH+LL),Bearish,74.48,Bull,Bullish majority,"Bull - majority agree, 1 dissenting, trending ADX",72.86,"Outperforming, strengthening",Leads both,66.9322,Overbought,25.1567,19.4118,bullish fading,Neutral,4.8142,0.9617,full,85.84,Positive accelerating,74.1,Strong Bullish,Bullish confirmed,None,Strong Bullish - all 4 components agree incl. MACD acceleration,Upper Half,Trending,Bullish,Yes,Yes,Inside,82.1,Very High,Expanding,21.39,No,Very High volatility and still expanding - move may be extended,Normal vol,Dry-up,Rising,Weak Up,-0.0744,Distribution,80.37,Overbought,3 - Topping,early,40.0,4.0,4 - Declining,139.0,STAND ASIDE,50.0,0.0,Stage unclear,3 - Topping but stage confidence only 40 - regime not established,4 - Declining but stage confidence only 40 - regime not established,"4 - Declining, but trend score 60 does not confirm short - no directional edge"
2024-07-04,911.25,934.5,911.25,926.9000244140624,61951,856.3895,869.7363,No,84.58,Strong Bull,Uptrend,Hold,Downtrend (LH+LL),Bearish,74.6,Bull,Bullish majority,"Bull - majority agree, 1 dissenting, strong ADX",69.74,"Outperforming, strengthening",Leads both,68.1563,Overbought,25.8499,20.6994,bullish fading,Neutral,6.7796,1.368,full,82.17,Positive fading,72.64,Strong Bullish,Bullish confirmed,None,Strong Bullish - all 4 components agree incl. MACD acceleration,Upper Half,Strong,Bullish,Yes,Yes,Inside,80.59,Very High,Stable,19.56,No,"Very High volatility, stable",Normal vol,Dry-up,Rising,Weak Up,-0.0535,Distribution,78.6495,Neutral,3 - Topping,early,40.0,5.0,4 - Declining,139.0,STAND ASIDE,50.0,0.0,Stage unclear,3 - Topping but stage confidence only 40 - regime not established,4 - Declining but stage confidence only 40 - regime not established,"4 - Declining, but trend score 60 does not confirm short - no directional edge"
2024-07-05,926.9000244140624,929.1500244140624,912.0999755859376,917.2999877929688,45096,858.7781,870.2096,No,82.62,Strong Bull,Uptrend,Hold,Range,Bullish,83.92,Strong Bull,Bullish confirmed,"Strong Bull - all 4 components agree, strong ADX",59.95,"Outperforming, strengthening",Leads both,64.0374,Overbought,25.3326,21.6261,bullish fading,Neutral,6.2674,1.2848,full,74.62,Positive fading,67.49,Bullish,Bullish confirmed,None,Bullish - all 4 components agree incl. MACD acceleration,Upper Half,Strong,Bullish,Yes,Yes,Inside,77.3,High,Stable,18.61,No,"High volatility, stable",Normal vol,Dry-up,Rising,Weak Down,-0.0545,Distribution,76.7962,Neutral,3 - Topping,early,40.0,6.0,4 - Declining,139.0,STAND ASIDE,50.0,0.0,Stage unclear,3 - Topping but stage confidence only 40 - regime not established,3 - Topping - no new positions in a basing/topping stage,"4 - Declining, but trend score 61 does not confirm short - no directional edge"
2024-07-08,912.0999755859376,925.0,901.0,908.75,41228,860.7378,870.5931,No,80.97,Strong Bull,Uptrend,Hold,Range,Bullish,83.34,Strong Bull,Bullish confirmed,"Strong Bull - all 4 components agree, strong ADX",54.31,"Outperforming, strengthening",Leads NIFTY50 only,60.5289,Overbought,23.9565,22.0921,bullish fading,Neutral,3.3669,0.7343,full,70.26,Positive fading,62.26,Bullish,Bullish confirmed,None,Bullish - all 4 components agree incl. MACD acceleration,Upper Half,Strong,Bullish,Yes,Yes,Inside,74.72,High,Stable,15.49,No,"High volatility, stable",Normal vol,Dry-up,Rising,Weak Down,-0.0578,Distribution,72.7226,Neutral,3 - Topping,early,40.0,7.0,4 - Declining,139.0,STAND ASIDE,50.0,0.0,Stage unclear,3 - Topping but stage confidence only 40 - regime not established,3 - Topping - no new positions in a basing/topping stage,"4 - Declining, but trend score 63 does not confirm short - no directional edge"
2024-07-09,913.1500244140624,916.8499755859376,891.5499877929688,896.7999877929688,50929,862.152,870.8538,No,78.71,Bull,Uptrend,Hold,Range,Bullish,82.55,Strong Bull,Bullish confirmed,"Strong Bull - all 4 components agree, strong ADX",42.4,"Underperforming, improving",Lags both,55.9177,Neutral,21.6521,22.0041,Bearish crossover,Neutral,1.4078,0.3589,full,60.96,Positive fading,54.2,Neutral,Mixed,None,"Neutral - components mixed, low conviction",Upper Half,Strong,Bullish,Yes,Yes,Inside,73.21,High,Stable,16.31,No,"High volatility, stable",Normal vol,Dry-up,Rising,Weak Down,-0.0795,Distribution,73.8128,Neutral,3 - Topping,mid,40.0,8.0,4 - Declining,139.0,STAND ASIDE,50.0,0.0,Stage unclear,3 - Topping but stage confidence only 40 - regime not established,3 - Topping but stage confidence only 40 - regime not established,"4 - Declining, but trend score 64 does not confirm short - no directional edge"
2024-07-10,900.0,900.0,880.2000122070312,899.5999755859375,71543,863.6206,871.1399,No,75.72,Bull,Uptrend,Hold,Range,Bullish,81.5,Strong Bull,Bullish confirmed,"Strong Bull - all 4 components agree, strong ADX",46.25,"Underperforming, improving",Lags both,56.7491,Neutral,19.8233,21.568,bullish accelerating,Neutral,-1.0178,-0.1075,full,63.09,Positive accelerating,52.7,Neutral,Mixed,None,"Neutral - components mixed, low conviction",Upper Half,Strong,Bullish,Yes,Yes,Inside,69.96,High,Stable,2.42,No,"High volatility, stable",Normal vol,Dry-up,Rising,Weak Up,-0.0566,Distribution,74.0859,Neutral,3 - Topping,mid,40.0,9.0,4 - Declining,139.0,STAND ASIDE,50.0,0.0,Stage unclear,3 - Topping but stage confidence only 40 - regime not established,3 - Topping but stage confidence only 40 - regime not established,4 - Declining but stage confidence only 40 - regime not established
2024-07-11,905.0,920.0,890.3499755859375,899.5,60473,865.0276,871.4221,No,72.24,Bull,Uptrend,Hold,Range,Bullish,80.28,Strong Bull,Bullish confirmed,"Strong Bull - all 4 components agree, strong ADX",49.8,"Underperforming, improving",Lags both,56.708,Neutral,18.1566,20.8857,bullish accelerating,Neutral,0.5646,0.2068,full,64.4,Positive accelerating,51.54,Neutral,Mixed,Bearish divergence,Neutral - bearish divergence vs price over 21 bars,Upper Half,Strong,Bullish,Yes,No,Inside,66.78,High,Stable,-10.67,No,"High volatility, stable",Vol contracting,Dry-up,Rising,Weak Down,-0.0557,Distribution,76.3898,Neutral,3 - Topping,mid,40.0,10.0,4 - Declining,139.0,STAND ASIDE,50.0,0.0,Stage unclear,3 - Topping but stage confidence only 40 - regime not established,3 - Topping but stage confidence only 40 - regime not established,4 - Declining but stage confidence only 40 - regime not established
2024-07-12,906.0,906.0,883.9000244140625,886.4000244140625,60764,865.8657,871.5711,No,67.01,Bull,Uptrend,Hold,Range,Bullish,78.01,Strong Bull,Bullish confirmed,"Strong Bull - all 4 components agree, strong ADX",45.8,"Underperforming, improving",Lags both,51.4468,Neutral,15.5988,19.8283,bullish accelerating,Neutral,-3.9081,-0.6625,full,63.06,Positive fading,46.9,Neutral,Mixed,Bearish divergence,Neutral - bearish divergence vs price over 21 bars,Lower Half,Strong,Bullish,No,No,Inside,65.08,High,Contracting,-20.08,No,"High volatility, contracting - move losing energy",Vol contracting,Dry-up,Rising,Weak Down,-0.121,Distribution,73.6375,Neutral,3 - Topping,mid,40.0,11.0,4 - Declining,139.0,STAND ASIDE,50.0,0.0,Stage unclear,3 - Topping but stage confidence only 40 - regime not established,3 - Topping but stage confidence only 40 - regime not established,3 - Topping - no new positions in a basing/topping stage
2024-07-15,886.4000244140625,899.9500122070312,878.2999877929688,888.4000244140625,41852,866.7494,871.7385,No,67.42,Bull,Uptrend,Hold,Range,Bullish,78.6,Strong Bull,Bullish confirmed,"Strong Bull - all 4 components agree, strong ADX",43.34,"Underperforming, weakening",Lags both,52.1763,Neutral,13.5767,18.578,bullish accelerating,Neutral,-4.164,-0.7064,full,60.78,Positive fading,44.53,Neutral,Mixed,Bearish divergence,Neutral - bearish divergence vs price over 21 bars,Lower Half,Strong,Bullish,No,No,Inside,60.0,Normal,Contracting,-25.79,No,"Normal volatility, contracting - move losing energy",Vol contracting,Dry-up,Rising,Weak Up,-0.11,Distribution,71.2906,Neutral,3 - Topping,mid,40.0,12.0,4 - Declining,139.0,STAND ASIDE,50.0,0.0,Stage unclear,3 - Topping but stage confidence only 40 - regime not established,3 - Topping but stage confidence only 40 - regime not established,3 - Topping - no new positions in a basing/topping stage
2024-07-16,897.0,897.0499877929688,883.9500122070312,890.0999755859375,22604,867.6651,871.9212,No,67.82,Bull,Uptrend,Hold,Range,Bullish,78.74,Strong Bull,Bullish confirmed,"Strong Bull - all 4 components agree, trending ADX",41.24,"Underperforming, weakening",Lags both,52.8251,Neutral,11.9732,17.257,bullish accelerating,Oversold,-2.4975,-0.373,full,61.59,Positive accelerating,43.69,Neutral,Mixed,Bearish divergence,Neutral - bearish divergence vs price over 21 bars,Lower Half,Trending,Bullish,No,No,Inside,56.23,Normal,Contracting,-28.61,No,"Normal volatility, contracting - move losing energy",Vol contracting,Dry-up,Rising,Weak Up,-0.2046,Distribution,63.8981,Neutral,3 - Topping,mid,40.0,13.0,4 - Declining,139.0,STAND ASIDE,50.0,0.0,Stage unclear,3 - Topping but stage confidence only 40 - regime not established,3 - Topping but stage confidence only 40 - regime not established,3 - Topping but stage confidence only 40 - regime not established
2024-07-18,892.8499755859375,897.2999877929688,874.4500122070312,879.3499755859375,44584,868.1234,871.9952,No,66.18,Bull,Uptrend,Hold,Range,Bullish,75.97,Strong Bull,Bullish confirmed,"Strong Bull - all 4 components agree, trending ADX",34.41,"Underperforming, weakening",Lags both,48.3573,Neutral,9.723,15.7502,bullish accelerating,Oversold,-4.5171,-0.7707,full,60.23,Positive fading,40.93,Bearish,Bearish majority,None,"Bearish - majority agree, 1 dissenting",Lower Half,Trending,Bullish,No,No,Inside,56.07,Normal,Contracting,-26.03,No,"Normal volatility, contracting - move losing energy",Vol contracting,Dry-up,Rising,Weak Down,-0.2201,Distribution,67.3413,Neutral,3 - Topping,mid,40.0,14.0,4 - Declining,139.0,STAND ASIDE,50.0,0.0,Stage unclear,3 - Topping but stage confidence only 40 - regime not established,3 - Topping but stage confidence only 40 - regime not established,3 - Topping but stage confidence only 40 - regime not established
2024-07-19,880.0,909.8499755859376,859.0,881.0999755859375,240726,868.6323,872.0858,No,64.86,Bull,Uptrend,Hold,Range,Bullish,75.94,Strong Bull,Bullish confirmed,"Strong Bull - all 4 components agree, trending ADX",36.05,"Underperforming, weakening",Lags both,49.1119,Neutral,7.9888,14.1979,bullish accelerating,Oversold,-4.9412,-0.8585,full,60.36,Positive accelerating,41.73,Bearish,Bearish majority,Bearish divergence,Bearish - bearish divergence vs price over 21 bars,Lower Half,Trending,Bullish,No,No,Inside,62.9,High,Stable,-17.7,No,"High volatility, stable",Vol contracting,Normal,Rising,Confirmed Up,-0.2002,Distribution,21.6415,Neutral,2 - Advancing,early,74.0,1.0,3 - Topping,14.0,HOLD / TIGHTEN STOP,63.39,2.0,Momentum divergence,"2 - Advancing, trend 76 long but momentum diverging - trend tiring, tighten stop",3 - Topping but stage confidence only 40 - regime not established,3 - Topping but stage confidence only 40 - regime not established
2024-07-22,881.0499877929688,898.9500122070312,869.5999755859375,891.4000244140625,50892,869.5251,872.2779,No,65.28,Bull,Uptrend,Hold,Range,Bullish,77.85,Strong Bull,Bullish confirmed,"Strong Bull - all 4 components agree, trending ADX",35.38,"Underperforming, weakening",Lags both,53.4252,Neutral,7.3607,12.8305,bullish fading,Neutral,-2.8235,-0.4441,full,61.16,Positive accelerating,45.18,Neutral,Mixed,Bearish divergence,Neutral - bearish divergence vs price over 21 bars,Lower Half,Trending,Bullish,No,Yes,Inside,61.07,High,Stable,-16.23,No,"High volatility, stable",Normal vol,Dry-up,Rising,Weak Up,-0.178,Distribution,28.9202,Neutral,2 - Advancing,early,74.0,2.0,3 - Topping,14.0,HOLD / TIGHTEN STOP,64.09,2.0,Momentum divergence,"2 - Advancing, trend 78 long but momentum diverging - trend tiring, tighten stop",3 - Topping but stage confidence only 40 - regime not established,3 - Topping but stage confidence only 40 - regime not established
2024-07-23,896.5,899.7000122070312,876.5499877929688,891.1500244140625,51801,870.3732,872.4657,No,65.33,Bull,Uptrend,Hold,Range,Bullish,77.39,Strong Bull,Bullish confirmed,"Strong Bull - all 4 components agree, trending ADX",41.46,"Underperforming, weakening",Lags both,53.307,Neutral,6.7648,11.6173,bullish fading,Neutral,-1.9367,-0.2699,full,64.23,Positive accelerating,48.19,Neutral,Mixed,Bearish divergence,Neutral - bearish divergence vs price over 21 bars,Lower Half,Trending,Bullish,No,No,Inside,59.56,Normal,Stable,-15.16,No,"Normal volatility, stable",Vol contracting,Dry-up,Rising,Weak Down,-0.195,Distribution,35.1415,Neutral,2 - Advancing,early,74.0,3.0,3 - Topping,14.0,HOLD / TIGHTEN STOP,63.58,2.0,Momentum divergence,"2 - Advancing, trend 77 long but momentum diverging - trend tiring, tighten stop",3 - Topping but stage confidence only 40 - regime not established,3 - Topping but stage confidence only 40 - regime not established
2024-07-24,891.1500244140625,930.0,890.0,919.0,146339,872.2801,872.9288,No,74.81,Bull,Uptrend,Hold,Range,Bullish,80.48,Strong Bull,Bullish confirmed,"Strong Bull - all 4 components agree, trending ADX",52.17,"Outperforming, strengthening",Leads NIFTY50 only,63.0946,Overbought,8.4424,10.9824,bullish fading,Neutral,2.4755,0.6035,full,70.33,Positive accelerating,57.69,Neutral,Bullish majority,Bearish divergence,Neutral - bearish divergence vs price over 21 bars,Upper Half,Trending,Bullish,No,No,Inside,59.13,Normal,Stable,-14.09,No,"Normal volatility, stable",Vol contracting,Normal,Rising,Confirmed Up,-0.178,Distribution,40.129,Neutral,2 - Advancing,early,74.0,4.0,3 - Topping,14.0,HOLD / TIGHTEN STOP,70.0,2.0,Momentum divergence,"2 - Advancing, trend 80 long but momentum diverging - trend tiring, tighten stop",3 - Topping but stage confidence only 40 - regime not established,3 - Topping but stage confidence only 40 - regime not established
2024-07-25,914.0,925.0,905.5999755859376,909.25,45658,873.7299,873.2902,No,83.28,Strong Bull,Uptrend,Hold,Range,Bullish,83.23,Strong Bull,Bullish confirmed,"Strong Bull - all 4 components agree, trending ADX",49.47,"Underperforming, weakening",Lags both,58.4735,Neutral,8.8828,10.5625,bullish fading,Neutral,1.0727,0.3248,full,67.8,Positive fading,57.74,Neutral,Bullish majority,Bearish divergence,Neutral - bearish divergence vs price over 21 bars,Upper Half,Trending,Bullish,No,Yes,Inside,57.66,Normal,Stable,-12.3,No,"Normal volatility, stable",Normal vol,Dry-up,Rising,Weak Down,-0.2161,Distribution,39.0627,Neutral,2 - Advancing,mid,84.0,5.0,3 - Topping,14.0,HOLD / TIGHTEN STOP,70.0,2.0,Momentum divergence,"2 - Advancing, trend 83 long but momentum diverging - trend tiring, tighten stop",3 - Topping but stage confidence only 40 - regime not established,3 - Topping but stage confidence only 40 - regime not established
2024-07-26,921.0,922.8499755859376,895.5499877929688,904.5,38585,874.9366,873.6007,No,84.13,Strong Bull,Uptrend,Hold,Uptrend (HH+HL),Bullish,92.92,Strong Bull,Bullish confirmed,"Strong Bull - all 4 components agree, trending ADX",40.3,"Underperforming, weakening",Lags both,56.3097,Neutral,8.7478,10.1995,bullish fading,Neutral,0.5559,0.2222,full,63.96,Positive fading,57.08,Neutral,Bullish majority,None,Neutral - price momentum agrees but MACD shows deceleration,Upper Half,Trending,Bullish,No,Yes,Inside,57.62,Normal,Stable,-9.17,No,"Normal volatility, stable",Normal vol,Dry-up,Rising,Weak Down,-0.2094,Distribution,39.3531,Neutral,2 - Advancing,mid,84.0,6.0,3 - Topping,14.0,ENTER SMALL,74.24,3.0,Volume,"2 - Advancing, trend 93 long confirmed but participation is thin - reduce size, breakouts without volume fail more often","2 - Advancing, trend 76 long but momentum diverging - trend tiring, tighten stop",3 - Topping but stage confidence only 40 - regime not established
2024-07-29,905.7000122070312,917.9500122070312,904.2999877929688,910.1500244140624,62066,876.3175,873.9644,No,85.74,Strong Bull,Uptrend,Hold,Uptrend (HH+HL),Bullish,92.92,Strong Bull,Bullish confirmed,"Strong Bull - all 4 components agree, trending ADX",43.45,"Underperforming, weakening",Lags both,58.287,Neutral,8.993,9.9582,bullish fading,Neutral,2.6794,0.6418,full,64.84,Positive accelerating,58.26,Bullish,Bullish majority,Bearish divergence,Bullish - bearish divergence vs price over 21 bars,Upper Half,Trending,Bullish,No,No,Inside,52.62,Normal,Stable,-12.46,No,"Normal volatility, stable",Vol contracting,Normal,Falling,Weak Up,-0.0459,Neutral,44.8914,Neutral,2 - Advancing,mid,84.0,7.0,3 - Topping,14.0,HOLD / TIGHTEN STOP,70.0,2.0,Momentum divergence,"2 - Advancing, trend 93 long but momentum diverging - trend tiring, tighten stop","2 - Advancing, trend 78 long but momentum diverging - trend tiring, tighten stop",3 - Topping but stage confidence only 40 - regime not established
2024-07-30,905.0,923.0999755859376,901.7999877929688,914.9000244140624,55468,877.8305,874.3717,No,87.19,Strong Bull,Uptrend,Hold,Uptrend (HH+HL),Bullish,93.06,Strong Bull,Bullish confirmed,"Strong Bull - all 4 components agree, trending ADX",45.62,"Underperforming, weakening",Lags both,59.9289,Overbought,9.4615,9.8589,bullish fading,Neutral,2.9829,0.6981,full,68.24,Positive accelerating,60.82,Bullish,Bullish majority,None,Bullish - price momentum agrees but MACD shows deceleration,Upper Half,Trending,Bullish,No,No,Inside,40.71,Normal,Stable,-19.29,No,"Normal volatility, stable",Vol contracting,Normal,Falling,Weak Up,-0.0371,Neutral,50.3397,Neutral,2 - Advancing,mid,84.0,8.0,3 - Topping,14.0,ENTER SMALL,76.62,3.0,Volume,"2 - Advancing, trend 93 long confirmed but participation is thin - reduce size, breakouts without volume fail more often","2 - Advancing, trend 77 long but momentum diverging - trend tiring, tighten stop",3 - Topping but stage confidence only 40 - regime not established
2024-07-31,919.4000244140624,922.0,890.7999877929688,894.2000122070312,73501,878.4725,874.569,No,81.88,Strong Bull,Uptrend,Hold,Range,Bullish,80.41,Strong Bull,Bullish confirmed,"Strong Bull - all 4 components agree, trending ADX",43.0,"Underperforming, weakening",Lags both,50.5845,Neutral,8.0695,9.501,bullish accelerating,Neutral,0.4606,0.1989,full,64.78,Positive fading,54.99,Neutral,Bullish majority,None,Neutral - price momentum agrees but MACD shows deceleration,Lower Half,Trending,Bullish,No,Yes,Inside,42.66,Normal,Stable,-13.57,No,"Normal volatility, stable",Normal vol,Normal,Falling,Confirmed Down,-0.0506,Distribution,50.2035,Neutral,2 - Advancing,mid,84.0,9.0,3 - Topping,14.0,ENTER SMALL,66.78,3.0,Volume,"2 - Advancing, trend 80 long confirmed but money flow disagrees - reduce size, breakouts without volume fail more often","2 - Advancing, trend 80 long but momentum diverging - trend tiring, tighten stop",3 - Topping but stage confidence only 40 - regime not established
2024-08-01,900.0,909.0,891.5499877929688,895.9500122070312,37716,879.1579,874.7817,No,80.41,Strong Bull,Uptrend,Hold,Range,Bullish,79.15,Strong Bull,Bullish confirmed,"Strong Bull - all 4 components agree, trending ADX",42.12,"Underperforming, weakening",Lags both,51.2762,Neutral,7.0265,9.0061,bullish accelerating,Neutral,1.8878,0.4797,full,64.99,Positive accelerating,53.72,Neutral,Bullish majority,None,Neutral - price momentum agrees but MACD shows deceleration,Lower Half,Trending,Bullish,No,Yes,Inside,39.56,Low,Stable,-16.51,No,"Low volatility, stable",Normal vol,Normal,Falling,Weak Up,-0.0868,Distribution,45.1352,Neutral,2 - Advancing,mid,84.0,10.0,3 - Topping,14.0,ENTER SMALL,68.23,3.0,Volume,"2 - Advancing, trend 79 long confirmed but participation is thin - reduce size, breakouts without volume fail more often","2 - Advancing, trend 83 long but momentum diverging - trend tiring, tighten stop",3 - Topping but stage confidence only 40 - regime not established
2024-08-02,890.9500122070312,918.0,887.0,905.7000122070312,63184,880.1987,875.0894,No,82.6,Strong Bull,Uptrend,Hold,Range,Bullish,79.53,Strong Bull,Bullish confirmed,"Range with bullish lean - ADX emerging, direction not confirmed",49.2,"Underperforming, weakening",Lags both,55.0512,Neutral,6.907,8.5863,bullish fading,Neutral,2.792,0.6551,full,67.64,Positive accelerating,55.5,Neutral,Bullish majority,None,Neutral - price momentum agrees but MACD shows deceleration,Upper Half,Emerging,Bullish,No,No,Inside,38.14,Low,Contracting,-24.76,Partial,"Low volatility, contracting - coiling, watch for breakout",Vol contracting,Normal,Falling,Weak Up,-0.0931,Distribution,51.5085,Neutral,2 - Advancing,mid,84.0,11.0,3 - Topping,14.0,WAIT,62.0,1.0,Weak ADX,"2 - Advancing, trend 80 but ADX shows no trend, this is a range - wait for alignment","2 - Advancing, trend 93 long confirmed but participation is thin - reduce size, breakouts without volume fail more often","2 - Advancing, trend 76 long but momentum diverging - trend tiring, tighten stop"
2024-08-05,889.0,894.4500122070312,865.6500244140625,869.2999877929688,107375,879.7713,875.0318,Yes,70.49,Bull,Uptrend,Hold,Range,Bullish,60.24,Bull,Mixed,"Range with bullish lean - ADX emerging, direction not confirmed",44.22,"Underperforming, weakening",Lags both,41.9759,Neutral,3.831,7.6352,bullish accelerating,Neutral,-2.4793,-0.3843,full,59.43,Positive fading,45.04,Neutral,Bearish majority,None,"Neutral - majority agree, 1 dissenting",Below Lower,Emerging,Bearish,No,Yes,Inside,47.82,Normal,Stable,-13.25,Partial,"Normal volatility, stable",Vol expanding,Normal,Falling,Confirmed Down,-0.1346,Distribution,48.3643,Neutral,2 - Advancing,mid,84.0,12.0,3 - Topping,14.0,WAIT,54.72,1.0,Trend agreement,"2 - Advancing, trend 60 but components disagree - wait for alignment","2 - Advancing, trend 93 long but momentum diverging - trend tiring, tighten stop","2 - Advancing, trend 78 long but momentum diverging - trend tiring, tighten stop"
2024-08-06,877.5999755859375,897.75,861.0,866.2000122070312,57568,879.2391,874.9439,Yes,60.84,Bull,Uptrend,Hold,Range,Bullish,56.76,Neutral,Mixed,"No clear trend - ADX emerging, price ranging",45.12,"Underperforming, weakening",Lags both,41.081,Neutral,1.1301,6.3342,bullish accelerating,Neutral,-2.7998,-0.4435,full,59.91,Positive accelerating,41.72,Bearish,Bearish majority,None,"Bearish - majority agree, 1 dissenting",Below Lower,Emerging,Bearish,No,Yes,Near Lower,52.34,Normal,Stable,-7.22,No,"Normal volatility, stable",Vol expanding,Normal,Falling,Weak Down,-0.1523,Distribution,44.7536,Neutral,2 - Advancing,mid,74.0,13.0,3 - Topping,14.0,WAIT,52.36,1.0,Trend,"2 - Advancing, but trend score 57 does not confirm long - no directional edge","2 - Advancing, trend 93 long confirmed but participation is thin - reduce size, breakouts without volume fail more often","2 - Advancing, trend 77 long but momentum diverging - trend tiring, tighten stop"
2024-08-07,871.5999755859375,890.0,861.5999755859375,877.0999755859375,27627,879.1552,874.9654,No,60.72,Bull,Uptrend,Hold,Range,Bullish,60.05,Bull,Mixed,"Range with bullish lean - ADX emerging, direction not confirmed",41.92,"Underperforming, weakening",Lags both,45.482,Neutral,-0.1293,5.0415,bearish fading,Oversold,-4.5593,-0.7924,full,61.43,Positive accelerating,41.9,Bearish,Bearish majority,None,"Bearish - majority agree, 1 dissenting",Lower Half,Emerging,Bearish,No,Yes,Inside,52.38,Normal,Stable,-6.74,No,"Normal volatility, stable",Vol expanding,Dry-up,Falling,Weak Up,-0.1312,Distribution,48.0266,Neutral,2 - Advancing,late,74.0,14.0,3 - Topping,14.0,WAIT,55.09,1.0,Trend agreement,"2 - Advancing, trend 60 but components disagree - wait for alignment","2 - Advancing, trend 80 long confirmed but money flow disagrees - reduce size, breakouts without volume fail more often","2 - Advancing, trend 80 long but momentum diverging - trend tiring, tighten stop"
2024-08-08,880.5499877929688,882.25,863.9500122070312,873.9000244140625,31176,878.9491,874.9548,Yes,58.66,Neutral,Uptrend,Hold,Range,Bullish,59.11,Neutral,Mixed,"No clear trend - ADX no trend, price ranging",43.34,"Underperforming, weakening",Lags both,44.4327,Neutral,-1.3699,3.7592,bearish fading,Oversold,-3.8878,-0.6599,full,60.95,Positive fading,41.62,Bearish,Bearish majority,None,"Bearish - majority agree, 1 dissenting",Lower Half,No Trend,Bearish,No,Yes,Inside,51.51,Normal,Stable,-6.15,No,"Normal volatility, stable",Vol expanding,Dry-up,Falling,Weak Down,-0.1851,Distribution,59.7135,Neutral,3 - Topping,early,40.0,1.0,2 - Advancing,14.0,STAND ASIDE,50.0,0.0,Stage unclear,3 - Topping but stage confidence only 40 - regime not established,"2 - Advancing, trend 79 long confirmed but participation is thin - reduce size, breakouts without volume fail more often","2 - Advancing, trend 83 long but momentum diverging - trend tiring, tighten stop"
2024-08-09,886.9000244140625,900.5,870.4500122070312,880.7000122070312,44019,879.0178,875.0119,No,58.86,Neutral,Uptrend,Hold,Range,Bullish,66.19,Bull,Bullish confirmed,"Range with bullish lean - ADX no trend, direction not confirmed",39.73,"Underperforming, weakening",Lags both,47.2194,Neutral,-1.7838,2.6506,bearish fading,Neutral,-2.6313,-0.4131,full,63.74,Positive accelerating,44.73,Neutral,Bearish majority,None,"Neutral - majority agree, 1 dissenting",Lower Half,No Trend,Bullish,No,Yes,Inside,52.46,Normal,Stable,-5.16,No,"Normal volatility, stable",Vol expanding,Normal,Falling,Weak Up,-0.1804,Distribution,59.3821,Neutral,3 - Topping,early,40.0,2.0,2 - Advancing,14.0,STAND ASIDE,50.0,0.0,Stage unclear,3 - Topping but stage confidence only 40 - regime not established,"2 - Advancing, trend 80 but ADX shows no trend, this is a range - wait for alignment","2 - Advancing, trend 93 long confirmed but participation is thin - reduce size, breakouts without volume fail more often"
2024-08-12,880.0,885.0,867.0499877929688,880.7000122070312,18353,879.0838,875.0685,No,57.7,Neutral,Uptrend,Hold,Range,Bullish,65.24,Bull,Bullish confirmed,"Range with bullish lean - ADX no trend, direction not confirmed",42.23,"Underperforming, weakening",Lags both,47.2194,Neutral,-2.0877,1.7029,bearish fading,Neutral,-3.2357,-0.5336,full,64.57,Positive accelerating,45.79,Neutral,Bearish majority,None,"Neutral - majority agree, 1 dissenting",Lower Half,No Trend,Bullish,No,Yes,Inside,49.56,Normal,Stable,-3.05,No,"Normal volatility, stable",Normal vol,Dry-up,Falling,Flat,-0.1417,Distribution,55.4866,Neutral,3 - Topping,early,40.0,3.0,2 - Advancing,14.0,STAND ASIDE,50.0,0.0,Stage unclear,3 - Topping but stage confidence only 40 - regime not established,"2 - Advancing, trend 60 but components disagree - wait for alignment","2 - Advancing, trend 93 long but momentum diverging - trend tiring, tighten stop"
2024-08-13,881.3499755859375,934.7999877929688,877.0499877929688,902.7999877929688,143738,880.0138,875.3445,No,64.83,Bull,Uptrend,Hold,Range,Bullish,70.38,Bull,Bullish confirmed,"Range with bullish lean - ADX no trend, direction not confirmed",53.29,"Outperforming, strengthening",Leads NIFTY50 only,55.6103,Neutral,-0.5391,1.2545,bearish fading,Neutral,-1.3226,-0.1503,full,71.04,Positive accelerating,54.27,Neutral,Mixed,None,"Neutral - components mixed, low conviction",Upper Half,No Trend,Bullish,No,Yes,Inside,57.78,Normal,Stable,17.06,No,"Normal volatility, stable",Vol expanding,High,Falling,Confirmed Up,-0.1404,Distribution,55.2684,Neutral,3 - Topping,early,40.0,4.0,2 - Advancing,14.0,STAND ASIDE,50.0,0.0,Stage unclear,3 - Topping but stage confidence only 40 - regime not established,"2 - Advancing, but trend score 57 does not confirm long - no directional edge","2 - Advancing, trend 93 long confirmed but participation is thin - reduce size, breakouts without volume fail more often"
2024-08-14,909.9500122070312,912.0,887.0,902.7000122070312,39861,880.9035,875.6166,No,68.54,Bull,Uptrend,Hold,Range,Bullish,72.4,Bull,Bullish confirmed,"Range with bullish lean - ADX emerging, direction not confirmed",54.06,"Outperforming, strengthening",Leads both,55.5673,Neutral,0.6724,1.1381,bullish fading,Neutral,0.9506,0.2997,full,70.59,Positive fading,57.03,Neutral,Mixed,None,"Neutral - components mixed, low conviction",Upper Half,Emerging,Bullish,No,Yes,Inside,57.46,Normal,Stable,14.8,No,"Normal volatility, stable",Vol expanding,Normal,Falling,Weak Down,-0.1303,Distribution,49.8954,Neutral,3 - Topping,early,40.0,5.0,2 - Advancing,14.0,STAND ASIDE,50.0,0.0,Stage unclear,3 - Topping but stage confidence only 40 - regime not established,"2 - Advancing, trend 60 but components disagree - wait for alignment","2 - Advancing, trend 80 long confirmed but money flow disagrees - reduce size, breakouts without volume fail more often"
2024-08-16,902.7000122070312,911.4500122070312,895.0999755859375,902.7999877929688,43663,881.7622,875.8871,No,78.61,Bull,Uptrend,Hold,Range,Bullish,76.6,Strong Bull,Bullish confirmed,"Range with bullish lean - ADX emerging, direction not confirmed",45.03,"Underperforming, improving",Lags both,55.6043,Neutral,1.6218,1.2349,Bullish crossover,Neutral,0.7645,0.2606,full,67.11,Positive fading,58.27,Bullish,Bullish confirmed,None,Bullish - all 4 components agree incl. MACD acceleration,Upper Half,Emerging,Bullish,Yes,Yes,Inside,53.93,Normal,Stable,14.36,No,"Normal volatility, stable",Vol expanding,Normal,Falling,Weak Up,-0.1137,Distribution,55.0605,Neutral,3 - Topping,early,20.0,6.0,2 - Advancing,14.0,STAND ASIDE,50.0,0.0,Stage unclear,3 - Topping but stage confidence only 20 - regime not established,3 - Topping but stage confidence only 40 - regime not established,"2 - Advancing, trend 79 long confirmed but participation is thin - reduce size, breakouts without volume fail more often"
2024-08-19,897.0,913.0,897.0,906.8499755859376,29988,882.746,876.1952,No,79.78,Bull,Uptrend,Hold,Range,Bullish,77.66,Strong Bull,Bullish confirmed,"Range with bullish lean - ADX emerging, direction not confirmed",45.86,"Underperforming, improving",Lags both,57.1606,Neutral,2.6703,1.5219,bullish accelerating,Neutral,0.127,0.1319,full,66.05,Positive fading,59.65,Bullish,Bullish confirmed,None,Bullish - all 4 components agree incl. MACD acceleration,Upper Half,Emerging,Bullish,Yes,Yes,Inside,48.93,Normal,Stable,10.79,No,"Normal volatility, stable",Normal vol,Normal,Falling,Weak Up,-0.1014,Distribution,53.1516,Neutral,3 - Topping,mid,20.0,7.0,2 - Advancing,14.0,STAND ASIDE,50.0,0.0,Stage unclear,3 - Topping but stage confidence only 20 - regime not established,3 - Topping but stage confidence only 40 - regime not established,"2 - Advancing, trend 80 but ADX shows no trend, this is a range - wait for alignment"
2024-08-20,905.0,927.3499755859376,904.0,912.7999877929688,81584,883.9246,876.5594,No,82.59,Strong Bull,Uptrend,Hold,Range,Bullish,79.55,Strong Bull,Bullish confirmed,"Range with bullish lean - ADX emerging, direction not confirmed",49.22,"Underperforming, improving",Lags both,59.4118,Overbought,3.936,2.0048,bullish accelerating,Neutral,5.004,1.0922,full,69.25,Positive accelerating,62.85,Bullish,Bullish confirmed,None,Bullish - all 4 components agree incl. MACD acceleration,Upper Half,Emerging,Bullish,Yes,No,Inside,47.9,Normal,Stable,0.08,No,"Normal volatility, stable",Vol contracting,Normal,Falling,Confirmed Up,-0.1361,Distribution,54.7212,Neutral,3 - Topping,mid,20.0,8.0,2 - Advancing,14.0,STAND ASIDE,50.0,0.0,Stage unclear,3 - Topping but stage confidence only 20 - regime not established,3 - Topping but stage confidence only 40 - regime not established,"2 - Advancing, trend 60 but components disagree - wait for alignment"
2024-08-21,912.7999877929688,923.9500122070312,895.9500122070312,899.2000122070312,48060,884.5236,876.7847,No,81.49,Strong Bull,Uptrend,Hold,Uptrend (HH+HL),Bullish,89.62,Strong Bull,Bullish confirmed,"Strong Bull - all 4 components agree, trending ADX",43.16,"Underperforming, weakening",Lags both,52.6071,Neutral,3.7979,2.3634,bullish fading,Neutral,3.8097,0.8495,full,64.43,Positive fading,58.48,Bullish,Bullish confirmed,None,Bullish - all 4 components agree incl. MACD acceleration,Upper Half,Trending,Bullish,Yes,No,Inside,49.7,Normal,Stable,-2.64,No,"Normal volatility, stable",Vol contracting,Normal,Falling,Weak Down,-0.1788,Distribution,56.5194,Neutral,3 - Topping,mid,20.0,9.0,2 - Advancing,14.0,STAND ASIDE,50.0,0.0,Stage unclear,3 - Topping but stage confidence only 20 - regime not established,3 - Topping but stage confidence only 40 - regime not established,"2 - Advancing, but trend score 57 does not confirm long - no directional edge"
2024-08-22,898.0,935.0,895.0999755859375,910.6500244140624,194550,885.5482,877.1217,No,84.57,Strong Bull,Uptrend,Hold,Uptrend (HH+HL),Bullish,91.35,Strong Bull,Bullish confirmed,"Strong Bull - all 4 components agree, trending ADX",55.43,"Outperforming, strengthening",Leads both,57.0656,Neutral,4.5598,2.8027,bullish accelerating,Neutral,3.8251,0.8528,full,73.94,Positive accelerating,63.28,Bullish,Bullish confirmed,None,Bullish - all 4 components agree incl. MACD acceleration,Upper Half,Trending,Bullish,Yes,No,Inside,53.29,Normal,Stable,0.91,No,"Normal volatility, stable",Vol contracting,High,Falling,Confirmed Up,-0.2593,Distribution,68.0486,Neutral,3 - Topping,mid,20.0,10.0,2 - Advancing,14.0,STAND ASIDE,50.0,0.0,Stage unclear,3 - Topping but stage confidence only 20 - regime not established,3 - Topping but stage confidence only 40 - regime not established,"2 - Advancing, trend 60 but components disagree - wait for alignment"
2024-08-23,917.0,921.7999877929688,900.0,902.7999877929688,51892,886.2247,877.3772,No,83.86,Strong Bull,Uptrend,Hold,Uptrend (HH+HL),Bullish,91.71,Strong Bull,Bullish confirmed,"Strong Bull - all 4 components agree, trending ADX",52.39,"Outperforming, weakening",Leads both,53.3593,Neutral,4.4785,3.1378,bullish fading,Neutral,3.307,0.7489,full,68.07,Positive fading,59.28,Bullish,Bullish confirmed,Bullish divergence,Bullish - bullish divergence vs price over 21 bars,Upper Half,Trending,Bullish,Yes,No,Inside,50.83,Normal,Stable,-0.67,No,"Normal volatility, stable",Vol contracting,Normal,Falling,Weak Down,-0.266,Distribution,61.9616,Neutral,3 - Topping,mid,20.0,11.0,2 - Advancing,14.0,STAND ASIDE,50.0,0.0,Stage unclear,3 - Topping but stage confidence only 20 - regime not established,3 - Topping but stage confidence only 20 - regime not established,3 - Topping but stage confidence only 40 - regime not established
2024-08-26,907.7000122070312,910.5,871.0,874.2000122070312,86410,885.7532,877.3456,Yes,73.44,Bull,Uptrend,Hold,Uptrend (HH+HL),Bullish,83.93,Strong Bull,Bullish confirmed,"Strong Bull - all 4 components agree, trending ADX",44.39,"Underperforming, weakening",Lags both,42.5232,Neutral,2.0823,2.9267,Bearish crossover,Neutral,-0.738,-0.0479,full,63.4,Positive fading,50.27,Neutral,Bearish majority,None,"Neutral - majority agree, 1 dissenting",Lower Half,Trending,Bullish,Yes,Yes,Inside,59.68,Normal,Stable,7.22,No,"Normal volatility, stable",Vol expanding,Normal,Falling,Confirmed Down,-0.3018,Distribution,63.3111,Neutral,3 - Topping,mid,20.0,12.0,2 - Advancing,14.0,STAND ASIDE,50.0,0.0,Stage unclear,3 - Topping but stage confidence only 20 - regime not established,3 - Topping but stage confidence only 20 - regime not established,3 - Topping but stage confidence only 40 - regime not established
2024-08-27,880.0,895.0,873.0,891.0999755859375,97796,885.9628,877.4824,No,73.82,Bull,Uptrend,Hold,Uptrend (HH+HL),Bullish,86.94,Strong Bull,Bullish confirmed,"Strong Bull - all 4 components agree, trending ADX",50.73,"Outperforming, weakening",Leads NIFTY50 only,49.101,Neutral,1.5294,2.6473,bullish accelerating,Neutral,1.1809,0.3333,full,68.77,Positive accelerating,52.41,Neutral,Bearish majority,None,"Neutral - majority agree, 1 dissenting",Lower Half,Trending,Bullish,Yes,Yes,Inside,55.6,Normal,Stable,6.03,No,"Normal volatility, stable",Vol expanding,Normal,Falling,Confirmed Up,-0.2397,Distribution,70.8467,Neutral,3 - Topping,mid,20.0,13.0,2 - Advancing,14.0,STAND ASIDE,50.0,0.0,Stage unclear,3 - Topping but stage confidence only 20 - regime not established,3 - Topping but stage confidence only 20 - regime not established,3 - Topping but stage confidence only 40 - regime not established
2024-08-28,895.0,898.0,882.0,886.5999755859375,28242,885.9878,877.5732,No,64.24,Bull,Uptrend,Hold,Uptrend (HH+HL),Bullish,82.72,Strong Bull,Bullish confirmed,"Range with bullish lean - ADX emerging, direction not confirmed",51.22,"Outperforming, weakening",Leads NIFTY50 only,47.5408,Neutral,0.7198,2.2618,bullish accelerating,Neutral,-1.7944,-0.2586,full,69.89,Positive accelerating,50.73,Neutral,Bearish majority,None,"Neutral - majority agree, 1 dissenting",Lower Half,Emerging,Bullish,No,No,Inside,49.17,Normal,Stable,-8.61,No,"Normal volatility, stable",Vol contracting,Dry-up,Falling,Weak Down,-0.2637,Distribution,70.8775,Neutral,3 - Topping,mid,40.0,14.0,2 - Advancing,14.0,STAND ASIDE,50.0,0.0,Stage unclear,3 - Topping but stage confidence only 40 - regime not established,3 - Topping but stage confidence only 20 - regime not established,3 - Topping but stage confidence only 40 - regime not established
2024-08-29,881.0,888.9500122070312,871.5499877929688,880.1500244140625,24564,885.7589,877.5988,No,59.86,Neutral,Uptrend,Hold,Uptrend (HH+HL),Bullish,78.75,Strong Bull,Bullish confirmed,"Range with bullish lean - ADX emerging, direction not confirmed",45.95,"Underperforming, weakening",Lags both,45.3182,Neutral,-0.4372,1.722,bearish accelerating,Neutral,-2.4981,-0.3976,full,68.32,Positive fading,48.84,Neutral,Bearish majority,None,"Neutral - majority agree, 1 dissenting",Lower Half,Emerging,Bullish,No,No,Inside,46.79,Normal,Stable,-10.67,No,"Normal volatility, stable",Vol contracting,Dry-up,Falling,Weak Down,-0.2285,Distribution,71.3503,Neutral,3 - Topping,mid,40.0,15.0,2 - Advancing,14.0,STAND ASIDE,50.0,0.0,Stage unclear,3 - Topping but stage confidence only 40 - regime not established,3 - Topping but stage confidence only 20 - regime not established,3 - Topping but stage confidence only 40 - regime not established
2024-08-30,888.7000122070312,894.1500244140625,874.0499877929688,890.25,35788,885.935,877.7247,No,60.9,Bull,Uptrend,Hold,Uptrend (HH+HL),Bullish,80.5,Strong Bull,Bullish confirmed,"Range with bullish lean - ADX emerging, direction not confirmed",46.73,"Underperforming, weakening",Lags both,49.3143,Neutral,-0.5331,1.271,bearish fading,Neutral,-1.3901,-0.1757,full,71.81,Positive accelerating,51.31,Neutral,Bearish majority,None,"Neutral - majority agree, 1 dissenting",Lower Half,Emerging,Bullish,No,No,Inside,43.77,Normal,Stable,-10.16,No,"Normal volatility, stable",Vol contracting,Normal,Falling,Weak Up,-0.1965,Distribution,71.103,Neutral,3 - Topping,mid,40.0,16.0,2 - Advancing,14.0,STAND ASIDE,50.0,0.0,Stage unclear,3 - Topping but stage confidence only 40 - regime not established,3 - Topping but stage confidence only 20 - regime not established,3 - Topping but stage confidence only 20 - regime not established
2024-09-02,892.0,894.5999755859375,875.0,878.75,24184,885.6533,877.7349,No,58.32,Neutral,Uptrend,Hold,Uptrend (HH+HL),Bullish,76.71,Strong Bull,Bullish confirmed,"Range with bullish lean - ADX emerging, direction not confirmed",42.75,"Underperforming, weakening",Lags both,45.2586,Neutral,-1.5195,0.7129,bearish accelerating,Neutral,-3.0986,-0.511,full,68.59,Positive fading,47.78,Neutral,Bearish majority,None,"Neutral - majority agree, 1 dissenting",Lower Half,Emerging,Bullish,No,No,Inside,42.3,Normal,Stable,-6.63,No,"Normal volatility, stable",Vol contracting,Dry-up,Falling,Weak Down,-0.2258,Distribution,70.6584,Neutral,3 - Topping,mid,40.0,17.0,2 - Advancing,14.0,STAND ASIDE,50.0,0.0,Stage unclear,3 - Topping but stage confidence only 40 - regime not established,3 - Topping but stage confidence only 20 - regime not established,3 - Topping but stage confidence only 20 - regime not established
2024-09-03,888.9000244140625,894.9000244140625,880.2000122070312,890.4500122070312,35118,885.8414,877.8614,No,60.14,Bull,Uptrend,Hold,Uptrend (HH+HL),Bullish,79.19,Strong Bull,Bullish confirmed,"Range with bullish lean - ADX emerging, direction not confirmed",51.88,"Outperforming, weakening",Leads both,49.7835,Neutral,-1.3416,0.302,bearish fading,Neutral,-2.4485,-0.3789,full,68.84,Positive accelerating,50.44,Neutral,Bearish majority,None,"Neutral - majority agree, 1 dissenting",Lower Half,Emerging,Bullish,No,No,Inside,37.14,Low,Stable,-10.75,No,"Low volatility, stable",Vol contracting,Normal,Falling,Weak Up,-0.1579,Distribution,66.7369,Neutral,3 - Topping,mid,40.0,18.0,2 - Advancing,14.0,STAND ASIDE,50.0,0.0,Stage unclear,3 - Topping but stage confidence only 40 - regime not established,3 - Topping but stage confidence only 20 - regime not established,3 - Topping but stage confidence only 20 - regime not established
2024-09-04,894.7000122070312,937.0,881.0999755859375,931.5,486004,887.6319,878.3951,No,81.14,Strong Bull,Uptrend,Hold,Uptrend (HH+HL),Bullish,87.21,Strong Bull,Bullish confirmed,"Range with bullish lean - ADX emerging, direction not confirmed",52.54,"Outperforming, strengthening",Leads NIFTY50 only,61.7347,Overbought,2.0876,0.6591,Bullish crossover,Neutral,3.5921,0.8161,full,82.32,Positive accelerating,64.56,Bullish,Bullish majority,None,"Bullish - majority agree, 1 dissenting",Above Upper,Emerging,Bullish,No,No,Near Upper,48.61,Normal,Stable,-1.09,No,"Normal volatility, stable",Vol contracting,High,Falling,Confirmed Up,0.1596,Accumulation,81.7139,Overbought,3 - Topping,late,20.0,19.0,2 - Advancing,14.0,STAND ASIDE,50.0,0.0,Stage unclear,3 - Topping but stage confidence only 20 - regime not established,3 - Topping but stage confidence only 40 - regime not established,3 - Topping but stage confidence only 20 - regime not established
2024-09-05,940.0,957.9000244140624,920.0,926.1500244140624,390153,889.1424,878.8703,No,83.65,Strong Bull,Uptrend,Hold,Uptrend (HH+HL),Bullish,89.09,Strong Bull,Bullish confirmed,"Range with bullish lean - ADX emerging, direction not confirmed",64.05,"Outperforming, strengthening",Leads both,59.7392,Overbought,4.3238,1.392,bullish accelerating,Neutral,1.7021,0.4396,full,83.57,Positive accelerating,68.33,Bullish,Bullish confirmed,None,Bullish - all 4 components agree incl. MACD acceleration,At Upper,Emerging,Bullish,Yes,No,Inside,55.24,Normal,Stable,1.95,No,"Normal volatility, stable",Vol contracting,High,Falling,Confirmed Down,-0.0078,Neutral,85.7474,Overbought,3 - Topping,late,20.0,20.0,2 - Advancing,14.0,STAND ASIDE,50.0,0.0,Stage unclear,3 - Topping but stage confidence only 20 - regime not established,3 - Topping but stage confidence only 40 - regime not established,3 - Topping but stage confidence only 20 - regime not established
2024-09-06,926.1500244140624,950.9500122070312,922.0,935.7000122070312,128083,890.9682,879.4358,No,86.33,Strong Bull,Uptrend,Hold,Uptrend (HH+HL),Bullish,90.95,Strong Bull,Bullish confirmed,"Range with bullish lean - ADX emerging, direction not confirmed",70.14,"Outperforming, strengthening",Leads both,62.0945,Overbought,6.7884,2.4713,bullish accelerating,Neutral,3.6442,0.82,full,83.91,Positive accelerating,72.5,Strong Bullish,Bullish confirmed,None,Strong Bullish - all 4 components agree incl. MACD acceleration,Above Upper,Emerging,Bullish,Yes,No,Inside,60.04,High,Stable,9.21,No,"High volatility, stable",Vol contracting,Normal,Rising,Confirmed Up,-0.0121,Neutral,86.5909,Overbought,3 - Topping,late,20.0,21.0,2 - Advancing,14.0,STAND ASIDE,50.0,0.0,Stage unclear,3 - Topping but stage confidence only 20 - regime not established,3 - Topping but stage confidence only 40 - regime not established,3 - Topping but stage confidence only 20 - regime not established
2024-09-09,922.0999755859376,985.5,909.0499877929688,974.5,401756,894.244,880.3817,No,94.63,Strong Bull,Uptrend,Hold,Uptrend (HH+HL),Bullish,95.2,Strong Bull,Bullish confirmed,"Strong Bull - all 4 components agree, trending ADX",82.51,"Outperforming, strengthening",Leads both,69.8197,Overbought,11.7371,4.3245,bullish accelerating,Neutral,11.4733,2.3327,full,90.14,Positive accelerating,79.47,Strong Bullish,Bullish confirmed,None,Strong Bullish - all 4 components agree incl. MACD acceleration,Above Upper,Trending,Bullish,Yes,No,Breakout Up,73.25,High,Stable,13.57,No,"High volatility, stable",Extreme vol - reduce size,High,Rising,Confirmed Up,0.1153,Accumulation,88.8028,Overbought,3 - Topping,late,20.0,22.0,2 - Advancing,14.0,STAND ASIDE,50.0,0.0,Stage unclear,3 - Topping but stage confidence only 20 - regime not established,3 - Topping but stage confidence only 40 - regime not established,3 - Topping but stage confidence only 20 - regime not established
2024-09-10,999.0,1071.0,986.0,1059.3499755859375,1551299,900.7187,882.1625,No,97.56,Strong Bull,Uptrend,Hold,Uptrend (HH+HL),Bullish,98.12,Strong Bull,Bullish confirmed,"Strong Bull - all 4 components agree, trending ADX",100.0,"Outperforming, strengthening",Leads both,79.6075,Overbought,22.2491,7.9094,bullish accelerating,Overbought,18.8812,3.6642,full,100.0,Positive accelerating,89.62,Strong Bullish,Bullish confirmed,None,Strong Bullish but overbought on RSI and Stochastic - stretched,Above Upper,Trending,Bullish,Yes,Yes,Breakout Up,89.01,Very High,Expanding,33.41,No,Very High volatility and still expanding - move may be extended,Extreme vol - reduce size,High,Rising,Confirmed Up,0.3549,Accumulation,95.1639,Overbought,3 - Topping,late,20.0,23.0,2 - Advancing,14.0,STAND ASIDE,50.0,0.0,Stage unclear,3 - Topping but stage confidence only 20 - regime not established,3 - Topping but stage confidence only 40 - regime not established,3 - Topping but stage confidence only 20 - regime not established
2024-09-11,1035.0999755859375,1050.300048828125,994.3499755859376,1002.25,341550,904.7003,883.3574,No,95.67,Strong Bull,Uptrend,Hold,Uptrend (HH+HL),Bullish,98.48,Strong Bull,Bullish confirmed,"Strong Bull - all 4 components agree, trending ADX",85.24,"Outperforming, strengthening",Leads both,64.4578,Overbought,25.6766,11.4628,bullish fading,Overbought,13.0442,2.5103,full,92.41,Positive fading,82.34,Strong Bullish,Bullish confirmed,None,Strong Bullish - all 4 components agree incl. MACD acceleration,At Upper,Trending,Bullish,Yes,Yes,Inside,96.83,Very High,Expanding,47.66,No,Very High volatility and still expanding - move may be extended,Extreme vol - reduce size,Normal,Rising,Confirmed Down,0.2821,Accumulation,85.7914,Overbought,3 - Topping,late,20.0,24.0,2 - Advancing,14.0,STAND ASIDE,50.0,0.0,Stage unclear,3 - Topping but stage confidence only 20 - regime not established,3 - Topping but stage confidence only 20 - regime not established,3 - Topping but stage confidence only 40 - regime not established
2024-09-12,999.0,1018.4000244140624,990.5499877929688,1008.0499877929688,193394,908.7533,884.5981,No,95.41,Strong Bull,Uptrend,Hold,Uptrend (HH+HL),Bullish,98.39,Strong Bull,Bullish confirmed,"Strong Bull - all 4 components agree, trending ADX",84.98,"Outperforming, strengthening",Leads both,65.1826,Overbought,28.532,14.8767,bullish fading,Neutral,14.5316,2.7363,full,95.7,Positive accelerating,82.45,Strong Bullish,Bullish confirmed,None,Strong Bullish - all 4 components agree incl. MACD acceleration,Upper Half,Trending,Bullish,Yes,Yes,Inside,96.75,Very High,Expanding,49.96,No,Very High volatility and still expanding - move may be extended,Extreme vol - reduce size,Normal,Rising,Weak Up,0.2812,Accumulation,82.4302,Overbought,3 - Topping,late,20.0,25.0,2 - Advancing,14.0,STAND ASIDE,50.0,0.0,Stage unclear,3 - Topping but stage confidence only 20 - regime not established,3 - Topping but stage confidence only 20 - regime not established,3 - Topping but stage confidence only 40 - regime not established
2024-09-13,1010.0,1025.5,994.0999755859376,996.8499755859376,103874,912.208,885.715,No,93.68,Strong Bull,Uptrend,Hold,Uptrend (HH+HL),Bullish,97.79,Strong Bull,Bullish confirmed,"Strong Bull - all 4 components agree, trending ADX",69.0,"Outperforming, strengthening",Leads both,62.5307,Overbought,29.5505,17.8114,bullish fading,Neutral,11.9742,2.2319,full,81.93,Positive fading,75.56,Strong Bullish,Bullish confirmed,None,Strong Bullish - all 4 components agree incl. MACD acceleration,Upper Half,Trending,Bullish,Yes,Yes,Inside,96.51,Very High,Expanding,52.74,No,Very High volatility and still expanding - move may be extended,Extreme vol - reduce size,Dry-up,Rising,Weak Down,0.2581,Accumulation,81.8222,Overbought,3 - Topping,late,20.0,26.0,2 - Advancing,14.0,STAND ASIDE,50.0,0.0,Stage unclear,3 - Topping but stage confidence only 20 - regime not established,3 - Topping but stage confidence only 20 - regime not established,3 - Topping but stage confidence only 40 - regime not established
2024-09-16,997.0,1019.0,984.0999755859376,993.9000244140624,115041,915.4116,886.7915,No,92.98,Strong Bull,Uptrend,Hold,Uptrend (HH+HL),Bullish,97.54,Strong Bull,Bullish confirmed,"Strong Bull - all 4 components agree, trending ADX",70.21,"Outperforming, strengthening",Leads both,61.8174,Overbought,29.7764,20.2044,bullish fading,Neutral,13.1038,2.4023,full,82.52,Positive accelerating,74.24,Strong Bullish,Bullish confirmed,None,Strong Bullish - all 4 components agree incl. MACD acceleration,Upper Half,Trending,Bullish,Yes,Yes,Inside,96.39,Very High,Expanding,54.09,No,Very High volatility and still expanding - move may be extended,Extreme vol - reduce size,Normal,Rising,Weak Down,0.2402,Accumulation,78.9461,Neutral,3 - Topping,late,20.0,27.0,2 - Advancing,14.0,STAND ASIDE,50.0,0.0,Stage unclear,3 - Topping but stage confidence only 20 - regime not established,3 - Topping but stage confidence only 20 - regime not established,3 - Topping but stage confidence only 40 - regime not established
2024-09-17,988.0,1002.8499755859376,975.5499877929688,988.5999755859376,69906,918.2818,887.8045,No,92.06,Strong Bull,Uptrend,Hold,Uptrend (HH+HL),Bullish,97.22,Strong Bull,Bullish confirmed,"Strong Bull - all 4 components agree, strong ADX",59.28,"Outperforming, strengthening",Leads both,60.4823,Neutral,29.1912,22.0018,bullish fading,Neutral,11.0225,1.9995,full,73.22,Positive fading,68.95,Bullish,Bullish confirmed,None,Bullish - all 4 components agree incl. MACD acceleration,Upper Half,Strong,Bullish,Yes,Yes,Inside,95.99,Very High,Expanding,58.85,No,Very High volatility and still expanding - move may be extended,Extreme vol - reduce size,Dry-up,Rising,Weak Down,0.2447,Accumulation,77.3958,Neutral,3 - Topping,late,20.0,28.0,2 - Advancing,14.0,STAND ASIDE,50.0,0.0,Stage unclear,3 - Topping but stage confidence only 20 - regime not established,3 - Topping but stage confidence only 20 - regime not established,3 - Topping but stage confidence only 40 - regime not established
2024-09-18,994.8499755859376,994.8499755859376,963.75,974.2000122070312,55605,920.4746,888.6642,No,89.94,Strong Bull,Uptrend,Hold,Uptrend (HH+HL),Bullish,96.48,Strong Bull,Bullish confirmed,"Strong Bull - all 4 components agree, strong ADX",57.4,"Outperforming, strengthening",Leads both,56.8876,Neutral,27.2514,23.0517,bullish fading,Neutral,4.584,0.8288,full,71.75,Positive fading,64.02,Bullish,Bullish confirmed,None,Bullish - all 4 components agree incl. MACD acceleration,Upper Half,Strong,Bullish,Yes,Yes,Inside,95.56,Very High,Expanding,46.95,No,Very High volatility and still expanding - move may be extended,Extreme vol - reduce size,Dry-up,Rising,Weak Down,0.2485,Accumulation,76.7451,Neutral,3 - Topping,late,20.0,29.0,2 - Advancing,14.0,STAND ASIDE,50.0,0.0,Stage unclear,3 - Topping but stage confidence only 20 - regime not established,3 - Topping but stage confidence only 20 - regime not established,3 - Topping but stage confidence only 20 - regime not established
2024-09-19,982.0,992.4500122070312,960.5499877929688,971.5999755859376,66611,922.4796,889.4894,No,88.66,Strong Bull,Uptrend,Hold,Uptrend (HH+HL),Bullish,96.03,Strong Bull,Bullish confirmed,"Strong Bull - all 4 components agree, strong ADX",60.21,"Outperforming, strengthening",Leads both,56.2377,Neutral,25.2137,23.4841,bullish fading,Neutral,4.9074,0.8802,full,73.86,Positive accelerating,60.96,Bullish,Bullish confirmed,None,Bullish - all 4 components agree incl. MACD acceleration,Upper Half,Strong,Bullish,Yes,Yes,Inside,94.88,Very High,Expanding,39.64,No,Very High volatility and still expanding - move may be extended,Extreme vol - reduce size,Dry-up,Rising,Weak Down,0.2611,Accumulation,75.2884,Neutral,2 - Advancing,early,84.0,1.0,3 - Topping,29.0,ENTER SMALL,76.8,3.0,Volume,"2 - Advancing, trend 96 long confirmed but participation is thin - reduce size, breakouts without volume fail more often",3 - Topping but stage confidence only 20 - regime not established,3 - Topping but stage confidence only 20 - regime not established
2024-09-20,980.0,982.75,962.0,969.6500244140624,35831,924.3294,890.287,No,84.55,Strong Bull,Uptrend,Hold,Uptrend (HH+HL),Bullish,94.59,Strong Bull,Bullish confirmed,"Strong Bull - all 4 components agree, strong ADX",56.47,"Outperforming, strengthening",Leads both,55.7235,Neutral,23.1742,23.4221,Bearish crossover,Neutral,3.6283,0.6429,full,74.66,Positive accelerating,57.99,Neutral,Mixed,Bearish divergence,Neutral - bearish divergence vs price over 21 bars,Upper Half,Strong,Bullish,Yes,Yes,Inside,93.65,Very High,Expanding,33.61,No,Very High volatility and still expanding - move may be extended,Extreme vol - reduce size,Dry-up,Rising,Weak Down,0.2689,Accumulation,75.0313,Neutral,2 - Advancing,early,84.0,2.0,3 - Topping,29.0,HOLD / TIGHTEN STOP,70.0,2.0,Momentum divergence,"2 - Advancing, trend 95 long but momentum diverging - trend tiring, tighten stop",3 - Topping but stage confidence only 20 - regime not established,3 - Topping but stage confidence only 20 - regime not established
2024-09-23,969.6500244140624,976.7999877929688,961.0,972.2000122070312,51298,926.2067,891.1021,No,82.4,Strong Bull,Uptrend,Hold,Uptrend (HH+HL),Bullish,93.84,Strong Bull,Bullish confirmed,"Strong Bull - all 4 components agree, strong ADX",50.96,"Outperforming, strengthening",Leads both,56.2864,Neutral,21.5157,23.0408,bullish accelerating,Neutral,-0.236,-0.0606,full,71.17,Positive fading,55.36,Neutral,Mixed,Bearish divergence,Neutral - bearish divergence vs price over 21 bars,Upper Half,Strong,Bullish,Yes,Yes,Inside,91.91,Very High,Stable,18.65,No,"Very High volatility, stable",Extreme vol - reduce size,Dry-up,Rising,Weak Up,0.2933,Accumulation,73.8916,Neutral,2 - Advancing,early,84.0,3.0,3 - Topping,29.0,HOLD / TIGHTEN STOP,70.0,2.0,Momentum divergence,"2 - Advancing, trend 94 long but momentum diverging - trend tiring, tighten stop",3 - Topping but stage confidence only 20 - regime not established,3 - Topping but stage confidence only 20 - regime not established
2024-09-24,977.2999877929688,1014.0,962.5499877929688,976.5,167713,928.1789,891.9518,No,81.95,Strong Bull,Uptrend,Hold,Uptrend (HH+HL),Bullish,93.68,Strong Bull,Bullish confirmed,"Strong Bull - all 4 components agree, strong ADX",52.66,"Outperforming, strengthening",Leads both,57.2728,Neutral,20.3141,22.4955,bullish accelerating,Neutral,-7.8208,-1.4326,full,70.84,Positive fading,54.43,Neutral,Mixed,None,"Neutral - components mixed, low conviction",Upper Half,Strong,Bullish,Yes,Yes,Inside,91.98,Very High,Stable,2.98,No,"Very High volatility, stable",Extreme vol - reduce size,Normal,Rising,Weak Up,0.2561,Accumulation,71.9021,Neutral,2 - Advancing,early,84.0,4.0,3 - Topping,29.0,ENTER SMALL,74.98,3.0,Volume,"2 - Advancing, trend 94 long confirmed but participation is thin - reduce size, breakouts without volume fail more often",3 - Topping but stage confidence only 20 - regime not established,3 - Topping but stage confidence only 20 - regime not established
2024-09-25,972.5,976.4500122070312,943.4000244140624,948.7000122070312,83683,928.9837,892.5165,No,75.81,Bull,Uptrend,Hold,Uptrend (HH+HL),Bullish,87.78,Strong Bull,Bullish confirmed,"Strong Bull - all 4 components agree, strong ADX",38.6,"Underperforming, improving",Lags both,49.4965,Neutral,16.9235,21.3811,bullish accelerating,Neutral,-5.343,-0.9837,full,58.77,Positive fading,45.06,Neutral,Bearish majority,Bearish divergence,Neutral - bearish divergence vs price over 21 bars,Lower Half,Strong,Bullish,Yes,No,Inside,92.02,Very High,Stable,-4.8,No,"Very High volatility, stable",Extreme vol - reduce size,Dry-up,Rising,Weak Down,0.2425,Accumulation,67.1886,Neutral,2 - Advancing,mid,84.0,5.0,3 - Topping,29.0,HOLD / TIGHTEN STOP,68.32,2.0,Momentum divergence,"2 - Advancing, trend 88 long but momentum diverging - trend tiring, tighten stop",3 - Topping but stage confidence only 20 - regime not established,3 - Topping but stage confidence only 20 - regime not established
2024-09-26,950.0,953.7000122070312,915.4000244140624,918.9500122070312,104940,928.5902,892.7795,No,71.35,Bull,Uptrend,Hold,Uptrend (HH+HL),Bullish,79.41,Strong Bull,Bullish confirmed,"Strong Bull - all 4 components agree, strong ADX",34.27,"Underperforming, weakening",Lags both,42.7994,Neutral,11.701,19.4451,bullish accelerating,Neutral,-8.8388,-1.6069,full,55.48,Positive fading,37.68,Bearish,Bearish majority,Bearish divergence,Bearish - bearish divergence vs price over 21 bars,Lower Half,Strong,Bullish,No,Yes,Inside,92.66,Very High,Stable,-4.09,No,"Very High volatility, stable",Extreme vol - reduce size,Dry-up,Rising,Weak Down,0.219,Accumulation,64.0786,Neutral,2 - Advancing,mid,84.0,6.0,3 - Topping,29.0,HOLD / TIGHTEN STOP,62.34,2.0,Momentum divergence,"2 - Advancing, trend 79 long but momentum diverging - trend tiring, tighten stop","2 - Advancing, trend 96 long confirmed but participation is thin - reduce size, breakouts without volume fail more often",3 - Topping but stage confidence only 20 - regime not established
2024-09-27,919.9500122070312,948.2999877929688,912.2999877929688,923.25,188636,928.3808,893.0827,No,72.0,Bull,Uptrend,Hold,Uptrend (HH+HL),Bullish,80.62,Strong Bull,Bullish confirmed,"Strong Bull - all 4 components agree, trending ADX",27.64,"Underperforming, improving",Lags both,43.9793,Neutral,7.819,17.1199,bullish accelerating,Oversold,-7.3833,-1.3349,full,50.17,Positive fading,34.17,Bearish,Bearish majority,Bearish divergence,Bearish - bearish divergence vs price over 21 bars,Lower Half,Trending,Bullish,No,Yes,Inside,91.79,Very High,Stable,-4.72,No,"Very High volatility, stable",Extreme vol - reduce size,Normal,Rising,Weak Up,0.1908,Accumulation,56.1686,Neutral,2 - Advancing,mid,84.0,7.0,3 - Topping,29.0,HOLD / TIGHTEN STOP,63.03,2.0,Momentum divergence,"2 - Advancing, trend 81 long but momentum diverging - trend tiring, tighten stop","2 - Advancing, trend 95 long but momentum diverging - trend tiring, tighten stop",3 - Topping but stage confidence only 20 - regime not established
2024-09-30,927.8499755859376,937.3499755859376,915.0499877929688,931.0999755859376,38128,928.4874,893.4609,No,64.1,Bull,Uptrend,Hold,Uptrend (HH+HL),Bullish,79.66,Strong Bull,Bullish confirmed,"Strong Bull - all 4 components agree, trending ADX",33.82,"Underperforming, improving",Lags both,46.1625,Neutral,5.3146,14.7588,bullish accelerating,Oversold,-6.3185,-1.1373,full,50.88,Positive accelerating,34.59,Bearish,Bearish majority,Bearish divergence,Bearish - bearish divergence vs price over 21 bars,Lower Half,Trending,Bullish,No,No,Inside,88.97,Very High,Stable,-7.42,No,"Very High volatility, stable",Extreme vol - reduce size,Dry-up,Rising,Weak Up,0.1971,Accumulation,10.4038,Oversold,2 - Advancing,mid,74.0,8.0,3 - Topping,29.0,HOLD / TIGHTEN STOP,61.72,2.0,Momentum divergence,"2 - Advancing, trend 80 long but momentum diverging - trend tiring, tighten stop","2 - Advancing, trend 94 long but momentum diverging - trend tiring, tighten stop",3 - Topping but stage confidence only 20 - regime not established
2024-10-01,940.0,960.1500244140624,933.3499755859376,949.0499877929688,86106,929.2938,894.0141,No,65.39,Bull,Uptrend,Hold,Range,Bullish,74.21,Bull,Bullish confirmed,"Bull - all 4 components agree, trending ADX",42.56,"Underperforming, improving",Lags both,50.8768,Neutral,4.7238,12.7518,bullish fading,Oversold,-4.0006,-0.7195,full,57.92,Positive accelerating,40.04,Bearish,Mixed,Bearish divergence,Bearish - bearish divergence vs price over 21 bars,Lower Half,Trending,Bullish,No,No,Inside,85.04,Very High,Stable,-10.95,No,"Very High volatility, stable",Extreme vol - reduce size,Dry-up,Rising,Weak Up,0.1952,Accumulation,18.6663,Oversold,2 - Advancing,mid,74.0,9.0,3 - Topping,29.0,HOLD / TIGHTEN STOP,60.91,2.0,Momentum divergence,"2 - Advancing, trend 74 long but momentum diverging - trend tiring, tighten stop","2 - Advancing, trend 94 long confirmed but participation is thin - reduce size, breakouts without volume fail more often",3 - Topping but stage confidence only 20 - regime not established
2024-10-03,949.0499877929688,953.2999877929688,934.3499755859376,939.8499755859376,49500,929.7078,894.4702,No,62.66,Bull,Uptrend,Hold,Range,Bullish,71.15,Bull,Bullish confirmed,"Bull - all 4 components agree, trending ADX",45.21,"Underperforming, improving",Lags both,48.5311,Neutral,3.4732,10.8961,bullish fading,Neutral,-3.526,-0.6317,full,54.1,Positive fading,39.35,Bearish,Bearish majority,Bearish divergence,Bearish - bearish divergence vs price over 21 bars,Lower Half,Trending,Bullish,No,No,Inside,83.49,Very High,Stable,-12.06,No,"Very High volatility, stable",Extreme vol - reduce size,Dry-up,Rising,Weak Down,0.118,Accumulation,21.0175,Neutral,2 - Advancing,mid,74.0,10.0,3 - Topping,29.0,HOLD / TIGHTEN STOP,58.12,2.0,Momentum divergence,"2 - Advancing, trend 71 long but momentum diverging - trend tiring, tighten stop","2 - Advancing, trend 88 long but momentum diverging - trend tiring, tighten stop",3 - Topping but stage confidence only 20 - regime not established
2024-10-04,939.8499755859376,957.9500122070312,924.3499755859376,940.3499755859376,57325,930.1251,894.9267,No,61.8,Bull,Uptrend,Hold,Range,Bullish,70.97,Bull,Bullish confirmed,"Bull - all 4 components agree, trending ADX",46.3,"Underperforming, improving",Lags both,48.6696,Neutral,2.4937,9.2156,bullish fading,Neutral,-3.2163,-0.5745,full,52.9,Positive fading,40.1,Bearish,Bearish majority,Bearish divergence,Bearish - bearish divergence vs price over 21 bars,Lower Half,Trending,Bullish,No,No,Inside,81.15,Very High,Stable,-13.73,No,"Very High volatility, stable",Extreme vol - reduce size,Dry-up,Rising,Weak Up,0.1951,Accumulation,21.9627,Neutral,2 - Advancing,mid,74.0,11.0,3 - Topping,29.0,HOLD / TIGHTEN STOP,59.47,2.0,Momentum divergence,"2 - Advancing, trend 71 long but momentum diverging - trend tiring, tighten stop","2 - Advancing, trend 79 long but momentum diverging - trend tiring, tighten stop","2 - Advancing, trend 96 long confirmed but participation is thin - reduce size, breakouts without volume fail more often"
2024-10-07,940.2999877929688,952.0,908.0999755859376,918.0999755859376,112868,929.6535,895.1572,No,56.8,Neutral,Uptrend,Hold,Range,Bullish,64.13,Bull,Bullish confirmed,"Bull - all 4 components agree, trending ADX",45.37,"Underperforming, improving",Lags both,43.1099,Neutral,-0.077,7.3571,bearish accelerating,Neutral,-5.3164,-0.947,full,50.17,Positive fading,36.21,Bearish,Bearish majority,None,"Bearish - majority agree, 1 dissenting",Lower Half,Trending,Bullish,No,Yes,Near Lower,83.57,Very High,Stable,-10.08,No,"Very High volatility, stable",Extreme vol - reduce size,Normal,Rising,Weak Down,0.1818,Accumulation,22.168,Neutral,2 - Advancing,mid,74.0,12.0,3 - Topping,29.0,ENTER SMALL,54.02,3.0,Volume,"2 - Advancing, trend 64 long confirmed but participation is thin - reduce size, breakouts without volume fail more often","2 - Advancing, trend 81 long but momentum diverging - trend tiring, tighten stop","2 - Advancing, trend 95 long but momentum diverging - trend tiring, tighten stop"
2024-10-08,915.0499877929688,944.0,910.0,937.0999755859376,62125,929.9456,895.5746,No,59.86,Neutral,Uptrend,Hold,Range,Bullish,68.86,Bull,Bullish confirmed,"Bull - all 4 components agree, trending ADX",50.68,"Outperforming, weakening",Leads both,48.5182,Neutral,-0.5746,5.7708,bearish fading,Neutral,-3.6104,-0.6423,full,56.24,Positive accelerating,40.65,Bearish,Bearish majority,Bearish divergence,Bearish - bearish divergence vs price over 21 bars,Lower Half,Trending,Bullish,No,Yes,Inside,83.93,Very High,Stable,-7.98,No,"Very High volatility, stable",Extreme vol - reduce size,Dry-up,Rising,Weak Up,0.1288,Accumulation,27.6439,Neutral,2 - Advancing,mid,74.0,13.0,3 - Topping,29.0,HOLD / TIGHTEN STOP,58.68,2.0,Momentum divergence,"2 - Advancing, trend 69 long but momentum diverging - trend tiring, tighten stop","2 - Advancing, trend 80 long but momentum diverging - trend tiring, tighten stop","2 - Advancing, trend 94 long but momentum diverging - trend tiring, tighten stop"
2024-10-09,928.0,953.3499755859376,928.0,946.5,83906,930.5947,896.0813,No,62.05,Bull,Uptrend,Hold,Range,Bullish,71.06,Bull,Bullish confirmed,"Bull - all 4 components agree, trending ADX",58.24,"Outperforming, weakening",Leads both,51.0001,Neutral,-0.2081,4.575,bearish fading,Neutral,-3.0722,-0.5458,full,61.08,Positive accelerating,44.67,Neutral,Mixed,None,"Neutral - components mixed, low conviction",Lower Half,Trending,Bullish,No,No,Inside,79.92,High,Stable,-12.06,No,"High volatility, stable",Vol contracting,Normal,Falling,Weak Up,-0.3057,Distribution,34.06,Neutral,2 - Advancing,late,74.0,14.0,3 - Topping,29.0,ENTER SMALL,60.88,3.0,Volume,"2 - Advancing, trend 71 long confirmed but participation is thin - reduce size, breakouts without volume fail more often","2 - Advancing, trend 74 long but momentum diverging - trend tiring, tighten stop","2 - Advancing, trend 94 long confirmed but participation is thin - reduce size, breakouts without volume fail more often"
2024-10-10,948.25,977.7000122070312,943.0499877929688,966.1500244140624,93467,931.9891,896.7785,No,68.77,Bull,Uptrend,Hold,Range,Bullish,77.51,Strong Bull,Bullish confirmed,"Strong Bull - all 4 components agree, trending ADX",61.57,"Outperforming, weakening",Leads both,55.7973,Neutral,1.649,3.9898,bullish fading,Neutral,1.8394,0.3283,full,64.8,Positive accelerating,51.66,Neutral,Mixed,None,"Neutral - components mixed, low conviction",Upper Half,Trending,Bullish,No,No,Inside,77.38,High,Stable,-14.64,No,"High volatility, stable",Vol contracting,Normal,Falling,Confirmed Up,-0.1956,Distribution,41.1334,Neutral,2 - Advancing,late,74.0,15.0,3 - Topping,29.0,ENTER SMALL,67.08,3.0,Volume,"2 - Advancing, trend 78 long confirmed but money flow disagrees - reduce size, breakouts without volume fail more often","2 - Advancing, trend 71 long but momentum diverging - trend tiring, tighten stop","2 - Advancing, trend 88 long but momentum diverging - trend tiring, tighten stop"
2024-10-11,966.0,970.5,943.3499755859376,948.5,37410,932.6366,897.2932,No,68.36,Bull,Uptrend,Hold,Range,Bullish,73.42,Bull,Bullish confirmed,"Bull - all 4 components agree, trending ADX",56.95,"Outperforming, weakening",Leads both,50.9703,Neutral,1.6772,3.5273,bullish fading,Neutral,3.2156,0.5706,full,60.89,Positive fading,50.06,Neutral,Mixed,None,"Neutral - components mixed, low conviction",Lower Half,Trending,Bullish,No,No,Inside,70.56,High,Contracting,-22.1,No,"High volatility, contracting - move losing energy",Vol contracting,Dry-up,Falling,Weak Down,-0.2577,Distribution,41.1018,Neutral,2 - Advancing,late,74.0,16.0,3 - Topping,29.0,ENTER SMALL,62.36,3.0,Volume,"2 - Advancing, trend 73 long confirmed but participation is thin - reduce size, breakouts without volume fail more often","2 - Advancing, trend 71 long but momentum diverging - trend tiring, tighten stop","2 - Advancing, trend 79 long but momentum diverging - trend tiring, tighten stop"
2024-10-14,951.6500244140624,960.2999877929688,939.0,945.0499877929688,35396,933.1234,897.7683,No,71.83,Bull,Uptrend,Hold,Range,Bullish,73.56,Bull,Bullish confirmed,"Bull - all 4 components agree, trending ADX",60.16,"Outperforming, weakening",Leads both,50.0587,Neutral,1.405,3.1028,bullish fading,Neutral,2.3612,0.4152,full,63.23,Positive accelerating,50.62,Neutral,Mixed,None,"Neutral - components mixed, low conviction",Lower Half,Trending,Bullish,No,No,Inside,67.66,High,Contracting,-24.13,No,"High volatility, contracting - move losing energy",Vol contracting,Dry-up,Falling,Weak Down,-0.2247,Distribution,41.688,Neutral,2 - Advancing,late,74.0,17.0,3 - Topping,29.0,ENTER SMALL,62.59,3.0,Volume,"2 - Advancing, trend 74 long confirmed but participation is thin - reduce size, breakouts without volume fail more often","2 - Advancing, trend 64 long confirmed but participation is thin - reduce size, breakouts without volume fail more often","2 - Advancing, trend 81 long but momentum diverging - trend tiring, tighten stop"
2024-10-15,950.0,950.8499755859376,935.0,937.25,3333785,933.2852,898.1612,No,70.08,Bull,Uptrend,Hold,Range,Bullish,70.76,Bull,Bullish confirmed,"Bull - all 4 components agree, trending ADX",58.96,"Outperforming, weakening",Leads both,47.9698,Neutral,0.5535,2.593,bullish accelerating,Neutral,0.6605,0.1095,full,61.0,Positive fading,48.41,Neutral,Bearish majority,None,"Neutral - majority agree, 1 dissenting",Lower Half,Trending,Bullish,No,No,Inside,63.61,High,Contracting,-25.35,No,"High volatility, contracting - move losing energy",Vol contracting,High,Rising,Confirmed Down,-0.5599,Distribution,7.5079,Oversold,2 - Advancing,late,74.0,18.0,3 - Topping,29.0,ENTER SMALL,59.46,3.0,Volume,"2 - Advancing, trend 71 long confirmed but money flow disagrees - reduce size, breakouts without volume fail more often","2 - Advancing, trend 69 long but momentum diverging - trend tiring, tighten stop","2 - Advancing, trend 80 long but momentum diverging - trend tiring, tighten stop"
2024-10-16,936.9500122070312,937.0,915.4000244140624,920.8499755859376,141691,932.7975,898.387,No,62.67,Bull,Uptrend,Hold,Range,Bullish,63.41,Bull,Bullish confirmed,"Bull - all 4 components agree, trending ADX",55.0,"Outperforming, weakening",Leads both,43.8285,Neutral,-1.4282,1.7887,bearish accelerating,Neutral,-2.9714,-0.5381,full,56.91,Positive fading,43.83,Neutral,Bearish majority,None,"Neutral - majority agree, 1 dissenting",Lower Half,Trending,Bullish,No,No,Inside,61.07,High,Contracting,-23.97,No,"High volatility, contracting - move losing energy",Vol contracting,Normal,Rising,Weak Down,-0.5654,Distribution,7.4159,Oversold,2 - Advancing,late,74.0,19.0,3 - Topping,29.0,ENTER SMALL,55.98,3.0,Volume,"2 - Advancing, trend 63 long confirmed but participation is thin - reduce size, breakouts without volume fail more often","2 - Advancing, trend 71 long confirmed but participation is thin - reduce size, breakouts without volume fail more often","2 - Advancing, trend 74 long but momentum diverging - trend tiring, tighten stop"
2024-10-17,923.0,934.25,918.2999877929688,924.5999755859376,109154,932.4761,898.6478,No,58.13,Neutral,Uptrend,Hold,Range,Bullish,61.74,Bull,Bullish confirmed,"Range with bullish lean - ADX emerging, direction not confirmed",63.38,"Outperforming, weakening",Leads both,44.9978,Neutral,-2.6654,0.8979,bearish accelerating,Neutral,-1.6226,-0.2978,full,60.29,Positive accelerating,44.39,Neutral,Bearish majority,None,"Neutral - majority agree, 1 dissenting",Lower Half,Emerging,Bullish,No,No,Inside,55.91,Normal,Contracting,-27.58,No,"Normal volatility, contracting - move losing energy",Vol contracting,Dry-up,Rising,Weak Up,-0.5602,Distribution,9.8372,Oversold,2 - Advancing,late,74.0,20.0,3 - Topping,29.0,WAIT,56.6,1.0,Weak ADX,"2 - Advancing, trend 62 but ADX shows no trend, this is a range - wait for alignment","2 - Advancing, trend 78 long confirmed but money flow disagrees - reduce size, breakouts without volume fail more often","2 - Advancing, trend 71 long but momentum diverging - trend tiring, tighten stop"
2024-10-18,922.0,955.0,903.7999877929688,926.9000244140624,352333,932.2574,898.9289,No,57.87,Neutral,Uptrend,Hold,Range,Bullish,61.85,Bull,Bullish confirmed,"Range with bullish lean - ADX emerging, direction not confirmed",59.7,"Outperforming, weakening",Leads both,45.7438,Neutral,-3.4209,0.0341,bearish fading,Neutral,-1.4303,-0.2648,full,60.4,Positive accelerating,44.36,Neutral,Bearish majority,None,"Neutral - majority agree, 1 dissenting",Lower Half,Emerging,Bullish,No,No,Inside,62.1,High,Stable,-19.05,No,"High volatility, stable",Vol contracting,Normal,Rising,Confirmed Up,-0.5322,Distribution,17.0731,Oversold,2 - Advancing,late,74.0,21.0,3 - Topping,29.0,WAIT,57.84,1.0,Weak ADX,"2 - Advancing, trend 62 but ADX shows no trend, this is a range - wait for alignment","2 - Advancing, trend 73 long confirmed but participation is thin - reduce size, breakouts without volume fail more often","2 - Advancing, trend 71 long but momentum diverging - trend tiring, tighten stop"
2024-10-21,943.9000244140624,943.9000244140624,857.5499877929688,862.5999755859375,245370,929.5257,898.5674,Yes,39.07,Bear,Downtrend,Sell,Range,Bullish,28.86,Bear,Bearish confirmed,"Range with bearish lean - ADX emerging, direction not confirmed",39.15,"Underperforming, weakening",Lags both,32.4808,Neutral,-9.1031,-1.7933,bearish accelerating,Oversold,-6.0451,-1.0848,full,43.54,Negative accelerating,31.27,Bearish,Bearish confirmed,None,Bearish - all 4 components agree incl. MACD acceleration,Below Lower,Emerging,Bearish,No,Yes,Breakout Down,75.32,High,Stable,-8.25,No,"High volatility, stable",Extreme vol - reduce size,Normal,Rising,Weak Down,-0.5498,Distribution,16.3802,Oversold,2 - Advancing,late,64.0,22.0,3 - Topping,29.0,WAIT,35.67,1.0,Trend,"2 - Advancing, but trend score 29 does not confirm long - no directional edge","2 - Advancing, trend 74 long confirmed but participation is thin - reduce size, breakouts without volume fail more often","2 - Advancing, trend 64 long confirmed but participation is thin - reduce size, breakouts without volume fail more often"
2024-10-22,860.0999755859375,865.0,798.7000122070312,802.4000244140625,193551,924.5404,897.6105,Yes,22.18,Bear,Downtrend,Hold,Range,Bullish,22.52,Strong Bear,Bearish confirmed,"Range with bearish lean - ADX emerging, direction not confirmed",25.17,"Underperforming, weakening",Lags both,25.1334,Oversold,-18.2536,-5.0854,bearish accelerating,Oversold,-14.3741,-2.5289,full,30.08,Negative accelerating,21.29,Strong Bearish,Bearish confirmed,None,Strong Bearish but oversold on RSI and Stochastic - stretched,Below Lower,Emerging,Bearish,No,Yes,Breakout Down,89.72,Very High,Stable,5.79,No,"Very High volatility, stable",Extreme vol - reduce size,Normal,Rising,Weak Down,-0.5705,Distribution,14.3192,Oversold,2 - Advancing,late,40.0,23.0,3 - Topping,29.0,STAND ASIDE,50.0,0.0,Stage unclear,2 - Advancing but stage confidence only 40 - regime not established,"2 - Advancing, trend 71 long confirmed but money flow disagrees - reduce size, breakouts without volume fail more often","2 - Advancing, trend 69 long but momentum diverging - trend tiring, tighten stop"
2024-10-23,805.0,820.2000122070312,792.0,804.5999755859375,115735,919.8369,896.685,Yes,20.91,Bear,Downtrend,Hold,Range,Bullish,21.58,Strong Bear,Bearish confirmed,"Range with bearish lean - ADX emerging, direction not confirmed",18.65,"Underperforming, weakening",Lags both,25.794,Oversold,-25.0392,-9.0761,bearish accelerating,Oversold,-14.9921,-2.5925,full,25.1,Negative accelerating,18.39,Strong Bearish,Bearish confirmed,None,Strong Bearish but oversold on RSI and Stochastic - stretched,Below Lower,Emerging,Bearish,No,Yes,Near Lower,94.96,Very High,Stable,15.04,No,"Very High volatility, stable",Extreme vol - reduce size,Dry-up,Rising,Weak Up,-0.5642,Distribution,14.1748,Oversold,2 - Advancing,late,40.0,24.0,3 - Topping,29.0,STAND ASIDE,50.0,0.0,Stage unclear,2 - Advancing but stage confidence only 40 - regime not established,"2 - Advancing, trend 63 long confirmed but participation is thin - reduce size, breakouts without volume fail more often","2 - Advancing, trend 71 long confirmed but participation is thin - reduce size, breakouts without volume fail more often"
2024-10-24,809.9000244140625,822.0,792.5,801.4500122070312,64566,915.1942,895.7374,Yes,20.14,Bear,Downtrend,Hold,Range,Bullish,20.91,Strong Bear,Bearish confirmed,"Strong Bear - all 4 components agree, trending ADX",20.43,"Underperforming, weakening",Lags both,25.4478,Oversold,-30.3215,-13.3252,bearish accelerating,Oversold,-17.047,-2.889,full,26.29,Negative fading,18.56,Strong Bearish,Bearish confirmed,None,Strong Bearish but oversold on RSI and Stochastic - stretched,Below Lower,Trending,Bearish,Yes,Yes,Inside,95.91,Very High,Stable,18.53,No,"Very High volatility, stable",Extreme vol - reduce size,Dry-up,Rising,Weak Down,-0.5604,Distribution,14.1808,Oversold,2 - Advancing,late,40.0,25.0,3 - Topping,29.0,STAND ASIDE,50.0,0.0,Stage unclear,2 - Advancing but stage confidence only 40 - regime not established,"2 - Advancing, trend 62 but ADX shows no trend, this is a range - wait for alignment","2 - Advancing, trend 78 long confirmed but money flow disagrees - reduce size, breakouts without volume fail more often"
2024-10-25,813.0,813.0,778.0,789.1500244140625,84614,910.2513,894.6769,Yes,12.45,Strong Bear,Downtrend,Hold,Range,Bullish,17.65,Strong Bear,Bearish confirmed,"Strong Bear - all 4 components agree, trending ADX",24.7,"Underperforming, weakening",Lags both,24.0881,Oversold,-35.0957,-17.6793,bearish accelerating,Oversold,-16.8002,-2.7959,full,24.49,Negative accelerating,17.76,Strong Bearish,Bearish confirmed,None,Strong Bearish but oversold on RSI and Stochastic - stretched,Below Lower,Trending,Bearish,Yes,Yes,Breakout Down,98.25,Very High,Expanding,27.7,No,Very High volatility and still expanding - move may be extended,Extreme vol - reduce size,Dry-up,Rising,Weak Down,-0.5525,Distribution,14.2965,Oversold,2 - Advancing,late,30.0,26.0,3 - Topping,29.0,STAND ASIDE,50.0,0.0,Stage unclear,2 - Advancing but stage confidence only 30 - regime not established,"2 - Advancing, trend 62 but ADX shows no trend, this is a range - wait for alignment","2 - Advancing, trend 73 long confirmed but participation is thin - reduce size, breakouts without volume fail more often"
2024-10-28,780.0,822.9500122070312,778.0499877929688,809.3499755859375,65380,906.2944,893.8278,Yes,13.53,Strong Bear,Downtrend,Hold,Range,Bullish,17.79,Strong Bear,Bearish confirmed,"Strong Bear - all 4 components agree, trending ADX",27.31,"Underperforming, weakening",Lags both,30.6423,Oversold,-36.8249,-21.5084,bearish fading,Oversold,-14.359,-2.3557,full,27.85,Negative fading,21.6,Strong Bearish,Bearish confirmed,None,Strong Bearish - all 4 components agree incl. MACD acceleration,Lower Half,Trending,Bearish,Yes,Yes,Inside,99.09,Very High,Expanding,31.43,No,Very High volatility and still expanding - move may be extended,Extreme vol - reduce size,Dry-up,Rising,Weak Up,-0.5466,Distribution,14.1978,Oversold,2 - Advancing,late,30.0,27.0,3 - Topping,29.0,STAND ASIDE,50.0,0.0,Stage unclear,2 - Advancing but stage confidence only 30 - regime not established,"2 - Advancing, but trend score 29 does not confirm long - no directional edge","2 - Advancing, trend 74 long confirmed but participation is thin - reduce size, breakouts without volume fail more often"
2024-10-29,813.5,821.0,787.0,819.0,55369,902.8711,893.0833,Yes,14.8,Strong Bear,Downtrend,Hold,Range,Bullish,18.01,Strong Bear,Bearish confirmed,"Strong Bear - all 4 components agree, trending ADX",27.72,"Underperforming, weakening",Lags both,33.5922,Neutral,-36.9902,-24.6048,bearish fading,Oversold,-12.6167,-2.0469,full,29.04,Negative fading,24.46,Strong Bearish,Bearish confirmed,None,Strong Bearish - all 4 components agree incl. MACD acceleration,Lower Half,Trending,Bearish,Yes,Yes,Inside,98.73,Very High,Expanding,35.12,No,Very High volatility and still expanding - move may be extended,Extreme vol - reduce size,Dry-up,Rising,Weak Up,-0.5389,Distribution,13.55,Oversold,2 - Advancing,late,30.0,28.0,3 - Topping,29.0,STAND ASIDE,50.0,0.0,Stage unclear,2 - Advancing but stage confidence only 30 - regime not established,2 - Advancing but stage confidence only 40 - regime not established,"2 - Advancing, trend 71 long confirmed but money flow disagrees - reduce size, breakouts without volume fail more often"
2024-10-30,825.0,842.0,812.5499877929688,834.2000122070312,33248,900.1781,892.4974,Yes,17.31,Strong Bear,Downtrend,Hold,Range,Bullish,19.26,Strong Bear,Bearish confirmed,"Strong Bear - all 4 components agree, trending ADX",39.34,"Underperforming, weakening",Lags both,38.0608,Neutral,-35.4856,-26.7809,bearish fading,Neutral,-9.4098,-1.5122,full,36.58,Negative fading,30.96,Bearish,Bearish confirmed,None,Bearish - all 4 components agree incl. MACD acceleration,Lower Half,Trending,Bearish,Yes,Yes,Inside,98.33,Very High,Expanding,37.26,No,Very High volatility and still expanding - move may be extended,Extreme vol - reduce size,Dry-up,Rising,Weak Up,-0.5441,Distribution,12.3466,Oversold,2 - Advancing,late,30.0,29.0,3 - Topping,29.0,STAND ASIDE,50.0,0.0,Stage unclear,2 - Advancing but stage confidence only 30 - regime not established,2 - Advancing but stage confidence only 40 - regime not established,"2 - Advancing, trend 63 long confirmed but participation is thin - reduce size, breakouts without volume fail more often"
2024-10-31,815.2000122070312,857.0,815.2000122070312,853.0999755859375,52139,898.3319,892.1054,Yes,20.63,Bear,Downtrend,Hold,Range,Bullish,21.63,Strong Bear,Bearish confirmed,"Strong Bear - all 4 components agree, trending ADX",46.1,"Underperforming, weakening",Lags both,43.1805,Neutral,-32.3947,-27.9037,bearish fading,Neutral,-7.7331,-1.2357,full,40.43,Negative fading,38.09,Bearish,Bearish confirmed,None,Bearish - all 4 components agree incl. MACD acceleration,Lower Half,Trending,Bearish,No,Yes,Inside,98.29,Very High,Expanding,42.38,No,Very High volatility and still expanding - move may be extended,Extreme vol - reduce size,Dry-up,Rising,Weak Up,-0.532,Distribution,13.3019,Oversold,2 - Advancing,late,30.0,30.0,3 - Topping,29.0,STAND ASIDE,50.0,0.0,Stage unclear,2 - Advancing but stage confidence only 30 - regime not established,2 - Advancing but stage confidence only 40 - regime not established,"2 - Advancing, trend 62 but ADX shows no trend, this is a range - wait for alignment"
2024-11-01,852.0,858.9000244140625,846.0999755859375,852.8499755859375,11966,896.5483,891.7148,Yes,21.92,Bear,Downtrend,Hold,Downtrend (LH+LL),Bearish,12.75,Strong Bear,Bearish confirmed,"Range with bearish lean - ADX emerging, direction not confirmed",39.59,"Underperforming, weakening",Lags both,43.1297,Neutral,-29.6238,-28.2477,bearish fading,Neutral,-7.989,-1.2747,full,38.33,Negative accelerating,41.54,Bearish,Bearish confirmed,Bullish divergence,Bearish - bullish divergence vs price over 21 bars,Lower Half,Emerging,Bearish,No,Yes,Inside,96.95,Very High,Expanding,34.84,No,Very High volatility and still expanding - move may be extended,Extreme vol - reduce size,Dry-up,Rising,Weak Down,-0.5359,Distribution,13.6,Oversold,2 - Advancing,late,30.0,31.0,3 - Topping,29.0,STAND ASIDE,50.0,0.0,Stage unclear,2 - Advancing but stage confidence only 30 - regime not established,2 - Advancing but stage confidence only 30 - regime not established,"2 - Advancing, trend 62 but ADX shows no trend, this is a range - wait for alignment"
2024-11-04,846.0,852.7999877929688,830.0,848.2000122070312,31350,894.6523,891.2818,Yes,26.71,Bear,Downtrend,Hold,Downtrend (LH+LL),Bearish,14.34,Strong Bear,Bearish confirmed,"Range with bearish lean - ADX emerging, direction not confirmed",44.56,"Underperforming, weakening",Lags both,42.1371,Neutral,-27.4863,-28.0954,Bullish crossover,Neutral,-1.6694,-0.2361,full,45.15,Negative fading,45.9,Neutral,Bearish majority,Bullish divergence,Neutral - bullish divergence vs price over 21 bars,Lower Half,Emerging,Bearish,No,No,Inside,96.23,Very High,Expanding,20.91,No,Very High volatility and still expanding - move may be extended,Extreme vol - reduce size,Dry-up,Rising,Weak Down,-0.5289,Distribution,44.8454,Neutral,2 - Advancing,late,30.0,32.0,3 - Topping,29.0,STAND ASIDE,50.0,0.0,Stage unclear,2 - Advancing but stage confidence only 30 - regime not established,2 - Advancing but stage confidence only 30 - regime not established,"2 - Advancing, but trend score 29 does not confirm long - no directional edge"
2024-11-05,834.0499877929688,857.0,834.0499877929688,851.75,37310,892.9699,890.8884,Yes,30.84,Bear,Downtrend,Hold,Downtrend (LH+LL),Bearish,16.39,Strong Bear,Bearish confirmed,"Range with bearish lean - ADX emerging, direction not confirmed",43.53,"Underperforming, weakening",Lags both,43.2117,Neutral,-25.2151,-27.5194,bearish accelerating,Neutral,6.1503,1.0489,full,46.66,Negative fading,48.52,Neutral,Bearish majority,Bullish divergence,Neutral - bullish divergence vs price over 21 bars,Lower Half,Emerging,Bearish,No,No,Inside,95.63,Very High,Stable,5.91,No,"Very High volatility, stable",Extreme vol - reduce size,Dry-up,Rising,Weak Up,-0.5347,Distribution,50.9174,Neutral,2 - Advancing,late,30.0,33.0,3 - Topping,29.0,STAND ASIDE,50.0,0.0,Stage unclear,2 - Advancing but stage confidence only 30 - regime not established,2 - Advancing but stage confidence only 30 - regime not established,2 - Advancing but stage confidence only 40 - regime not established
2024-11-06,855.0,875.0,853.0,871.0,44239,892.1083,890.6905,Yes,33.92,Bear,Downtrend,Hold,Downtrend (LH+LL),Bearish,22.76,Strong Bear,Bearish confirmed,"Range with bearish lean - ADX emerging, direction not confirmed",46.34,"Underperforming, weakening",Lags both,48.7678,Neutral,-21.6128,-26.338,bearish accelerating,Neutral,8.2526,1.3861,full,48.61,Negative fading,53.59,Neutral,Bearish majority,Bullish divergence,Neutral - bullish divergence vs price over 21 bars,Upper Half,Emerging,Bearish,No,No,Inside,93.57,Very High,Stable,-1.39,No,"Very High volatility, stable",Extreme vol - reduce size,Dry-up,Rising,Weak Up,-0.5408,Distribution,48.3346,Neutral,2 - Advancing,late,30.0,34.0,3 - Topping,29.0,STAND ASIDE,50.0,0.0,Stage unclear,2 - Advancing but stage confidence only 30 - regime not established,2 - Advancing but stage confidence only 30 - regime not established,2 - Advancing but stage confidence only 40 - regime not established
2024-11-07,877.1500244140625,878.25,857.3499755859375,861.0999755859375,39430,890.8923,890.3961,Yes,31.99,Bear,Downtrend,Hold,Downtrend (LH+LL),Bearish,20.68,Strong Bear,Bearish confirmed,"Range with bearish lean - ADX no trend, direction not confirmed",45.48,"Underperforming, weakening",Lags both,46.261,Neutral,-19.3338,-24.9372,bearish accelerating,Neutral,7.4428,1.2427,full,47.07,Negative accelerating,53.55,Neutral,Bearish majority,Bullish divergence,Neutral - bullish divergence vs price over 21 bars,Lower Half,No Trend,Bearish,No,No,Inside,90.79,Very High,Stable,-5.12,No,"Very High volatility, stable",Vol contracting,Dry-up,Rising,Weak Down,-0.5577,Distribution,27.695,Neutral,3 - Topping,early,40.0,1.0,2 - Advancing,34.0,STAND ASIDE,50.0,0.0,Stage unclear,3 - Topping but stage confidence only 40 - regime not established,2 - Advancing but stage confidence only 30 - regime not established,2 - Advancing but stage confidence only 40 - regime not established
2024-11-08,864.4000244140625,864.4000244140625,831.0499877929688,833.5499877929688,26927,888.6436,889.8305,Yes,19.57,Strong Bear,Downtrend,Hold,Downtrend (LH+LL),Bearish,14.25,Strong Bear,Bearish confirmed,"Range with bearish lean - ADX no trend, direction not confirmed",38.87,"Underperforming, weakening",Lags both,40.0859,Neutral,-19.5258,-23.8549,bearish fading,Neutral,5.6263,0.934,full,39.29,Negative accelerating,48.71,Neutral,Mixed,None,"Neutral - components mixed, low conviction",Lower Half,No Trend,Bearish,No,No,Inside,90.44,Very High,Stable,-7.82,No,"Very High volatility, stable",Extreme vol - reduce size,Dry-up,Rising,Weak Down,-0.5588,Distribution,35.3771,Neutral,3 - Topping,early,20.0,2.0,2 - Advancing,34.0,STAND ASIDE,50.0,0.0,Stage unclear,3 - Topping but stage confidence only 20 - regime not established,2 - Advancing but stage confidence only 30 - regime not established,2 - Advancing but stage confidence only 30 - regime not established
2024-11-11,831.0499877929688,846.2999877929688,823.25,828.25,23416,886.2752,889.2177,Yes,15.69,Strong Bear,Downtrend,Hold,Downtrend (LH+LL),Bearish,12.95,Strong Bear,Bearish confirmed,"Range with bearish lean - ADX no trend, direction not confirmed",37.22,"Underperforming, weakening",Lags both,39.0071,Neutral,-19.8764,-23.0592,bearish fading,Neutral,2.3352,0.3838,full,38.09,Negative accelerating,46.75,Neutral,Mixed,None,"Neutral - components mixed, low conviction",Lower Half,No Trend,Bearish,No,No,Inside,87.94,Very High,Stable,-11.15,No,"Very High volatility, stable",Extreme vol - reduce size,Dry-up,Rising,Weak Down,-0.5597,Distribution,44.1328,Neutral,3 - Topping,early,20.0,3.0,2 - Advancing,34.0,STAND ASIDE,50.0,0.0,Stage unclear,3 - Topping but stage confidence only 20 - regime not established,2 - Advancing but stage confidence only 30 - regime not established,2 - Advancing but stage confidence only 30 - regime not established
2024-11-12,831.2999877929688,837.9000244140625,821.5,832.75,22376,884.1762,888.6559,Yes,14.22,Strong Bear,Downtrend,Hold,Downtrend (LH+LL),Bearish,12.46,Strong Bear,Bearish confirmed,"Range with bearish lean - ADX no trend, direction not confirmed",33.25,"Underperforming, weakening",Lags both,40.4719,Neutral,-19.5656,-22.3605,bearish fading,Neutral,1.6789,0.2722,full,34.48,Negative accelerating,45.87,Neutral,Mixed,None,"Neutral - components mixed, low conviction",Lower Half,No Trend,Bearish,No,No,Inside,82.18,Very High,Stable,-16.55,No,"Very High volatility, stable",Vol contracting,Dry-up,Falling,Weak Up,-0.2498,Distribution,50.8639,Neutral,3 - Topping,early,20.0,4.0,2 - Advancing,34.0,STAND ASIDE,50.0,0.0,Stage unclear,3 - Topping but stage confidence only 20 - regime not established,2 - Advancing but stage confidence only 30 - regime not established,2 - Advancing but stage confidence only 30 - regime not established
2024-11-13,826.1500244140625,830.0,800.9500122070312,823.5,44909,881.7967,888.0075,Yes,9.38,Strong Bear,Downtrend,Hold,Downtrend (LH+LL),Bearish,10.4,Strong Bear,Bearish confirmed,"Range with bearish lean - ADX no trend, direction not confirmed",34.12,"Underperforming, weakening",Lags both,38.4289,Neutral,-19.8371,-21.8558,bearish fading,Neutral,-1.2827,-0.2188,full,32.45,Negative accelerating,43.41,Neutral,Mixed,None,"Neutral - components mixed, low conviction",Lower Half,No Trend,Bearish,No,No,Inside,82.62,Very High,Stable,-15.72,No,"Very High volatility, stable",Vol contracting,Normal,Falling,Weak Down,-0.207,Distribution,52.5001,Neutral,3 - Topping,early,20.0,5.0,2 - Advancing,34.0,STAND ASIDE,50.0,0.0,Stage unclear,3 - Topping but stage confidence only 20 - regime not established,2 - Advancing but stage confidence only 30 - regime not established,2 - Advancing but stage confidence only 30 - regime not established
2024-11-14,825.9500122070312,833.6500244140625,809.5,817.0999755859375,17225,879.2596,887.302,Yes,8.65,Strong Bear,Downtrend,Hold,Downtrend (LH+LL),Bearish,9.92,Strong Bear,Bearish confirmed,"Range with bearish lean - ADX emerging, direction not confirmed",36.54,"Underperforming, weakening",Lags both,37.0359,Neutral,-20.3342,-21.5515,bearish fading,Neutral,-4.2199,-0.7031,full,31.01,Negative accelerating,41.25,Bearish,Bearish majority,None,Bearish - price momentum agrees but MACD shows deceleration,Lower Half,Emerging,Bearish,Yes,No,Inside,80.08,Very High,Stable,-18.22,No,"Very High volatility, stable",Vol contracting,Dry-up,Falling,Weak Down,-0.2086,Distribution,62.4613,Neutral,3 - Topping,early,20.0,6.0,2 - Advancing,34.0,STAND ASIDE,50.0,0.0,Stage unclear,3 - Topping but stage confidence only 20 - regime not established,3 - Topping but stage confidence only 40 - regime not established,2 - Advancing but stage confidence only 30 - regime not established
2024-11-18,815.0,818.9500122070312,800.0,814.2000122070312,17035,876.7082,886.5746,Yes,8.58,Strong Bear,Downtrend,Hold,Downtrend (LH+LL),Bearish,9.51,Strong Bear,Bearish confirmed,"Range with bearish lean - ADX emerging, direction not confirmed",35.84,"Underperforming, weakening",Lags both,36.3922,Neutral,-20.7233,-21.3859,bearish fading,Neutral,-4.5319,-0.7508,full,29.57,Negative accelerating,39.03,Bearish,Bearish majority,None,Bearish - price momentum agrees but MACD shows deceleration,Lower Half,Emerging,Bearish,Yes,No,Inside,74.68,High,Contracting,-22.26,No,"High volatility, contracting - move losing energy",Vol contracting,Dry-up,Falling,Weak Down,-0.2306,Distribution,55.0491,Neutral,3 - Topping,early,20.0,7.0,2 - Advancing,34.0,STAND ASIDE,50.0,0.0,Stage unclear,3 - Topping but stage confidence only 20 - regime not established,3 - Topping but stage confidence only 20 - regime not established,2 - Advancing but stage confidence only 30 - regime not established
2024-11-19,829.0,836.25,821.25,828.0,14697,874.7981,885.9918,Yes,11.18,Strong Bear,Downtrend,Hold,Downtrend (LH+LL),Bearish,10.61,Strong Bear,Bearish confirmed,"Range with bearish lean - ADX emerging, direction not confirmed",38.72,"Underperforming, weakening",Lags both,41.5946,Neutral,-19.6912,-21.0469,bearish accelerating,Neutral,-2.3815,-0.3925,full,31.42,Negative fading,41.54,Bearish,Bearish majority,None,Bearish - price momentum agrees but MACD shows deceleration,Lower Half,Emerging,Bearish,Yes,No,Inside,70.2,High,Contracting,-26.03,No,"High volatility, contracting - move losing energy",Vol contracting,Dry-up,Falling,Weak Up,-0.0679,Distribution,50.8582,Neutral,3 - Topping,mid,20.0,8.0,2 - Advancing,34.0,STAND ASIDE,50.0,0.0,Stage unclear,3 - Topping but stage confidence only 20 - regime not established,3 - Topping but stage confidence only 20 - regime not established,2 - Advancing but stage confidence only 30 - regime not established
2024-11-21,814.2000122070312,844.5,801.5499877929688,830.3499755859375,25623,873.055,885.4381,Yes,11.66,Strong Bear,Downtrend,Hold,Downtrend (LH+LL),Bearish,10.56,Strong Bear,Bearish confirmed,"Range with bearish lean - ADX emerging, direction not confirmed",45.19,"Underperforming, improving",Lags both,42.4576,Neutral,-18.4706,-20.5317,bearish accelerating,Neutral,-2.5125,-0.4106,full,34.69,Negative fading,43.56,Neutral,Bearish majority,Bullish divergence,Neutral - bullish divergence vs price over 21 bars,Upper Half,Emerging,Bearish,Yes,No,Inside,66.11,High,Contracting,-29.52,No,"High volatility, contracting - move losing energy",Vol contracting,Normal,Falling,Weak Up,0.1367,Accumulation,43.7789,Neutral,3 - Topping,mid,20.0,9.0,2 - Advancing,34.0,STAND ASIDE,50.0,0.0,Stage unclear,3 - Topping but stage confidence only 20 - regime not established,3 - Topping but stage confidence only 20 - regime not established,2 - Advancing but stage confidence only 30 - regime not established
2024-11-22,825.0,837.0999755859375,809.9500122070312,813.5999755859375,31203,870.7235,884.7233,Yes,8.95,Strong Bear,Downtrend,Hold,Downtrend (LH+LL),Bearish,9.42,Strong Bear,Bearish confirmed,"Range with bearish lean - ADX emerging, direction not confirmed",32.47,"Underperforming, improving",Lags both,38.1323,Neutral,-18.6401,-20.1534,bearish fading,Neutral,-6.5901,-1.078,full,28.69,Negative accelerating,39.38,Bearish,Bearish majority,None,Bearish - price momentum agrees but MACD shows deceleration,Lower Half,Emerging,Bearish,Yes,No,Inside,65.99,High,Contracting,-27.58,No,"High volatility, contracting - move losing energy",Vol contracting,Normal,Falling,Weak Down,0.1381,Accumulation,32.7432,Neutral,3 - Topping,mid,20.0,10.0,2 - Advancing,34.0,STAND ASIDE,50.0,0.0,Stage unclear,3 - Topping but stage confidence only 20 - regime not established,3 - Topping but stage confidence only 20 - regime not established,2 - Advancing but stage confidence only 30 - regime not established
2024-11-25,815.0,825.0,815.0,817.75,15243,868.6461,884.0569,Yes,9.93,Strong Bear,Downtrend,Hold,Downtrend (LH+LL),Bearish,9.58,Strong Bear,Bearish confirmed,"Range with bearish lean - ADX emerging, direction not confirmed",32.5,"Underperforming, improving",Lags both,39.7695,Neutral,-18.2293,-19.7685,bearish accelerating,Neutral,-5.0343,-0.8143,full,31.16,Negative fading,40.14,Bearish,Bearish majority,None,Bearish - price momentum agrees but MACD shows deceleration,Lower Half,Emerging,Bearish,Yes,No,Inside,61.27,High,Contracting,-29.53,No,"High volatility, contracting - move losing energy",Vol contracting,Dry-up,Falling,Weak Up,0.1746,Accumulation,29.3985,Neutral,3 - Topping,mid,20.0,11.0,2 - Advancing,34.0,STAND ASIDE,50.0,0.0,Stage unclear,3 - Topping but stage confidence only 20 - regime not established,3 - Topping but stage confidence only 20 - regime not established,3 - Topping but stage confidence only 40 - regime not established
2024-11-26,824.0,825.0,805.0,812.75,37732,866.4541,883.3474,Yes,9.63,Strong Bear,Downtrend,Hold,Range,Bearish,19.1,Strong Bear,Bearish confirmed,"Range with bearish lean - ADX emerging, direction not confirmed",40.58,"Underperforming, improving",Lags both,38.4493,Neutral,-18.0987,-19.4346,bearish fading,Oversold,-2.4953,-0.3917,full,35.94,Negative fading,40.08,Bearish,Bearish majority,None,Bearish - price momentum agrees but MACD shows deceleration,Lower Half,Emerging,Bearish,Yes,No,Inside,58.37,Normal,Contracting,-32.06,No,"Normal volatility, contracting - move losing energy",Vol contracting,Normal,Falling,Confirmed Down,0.2216,Accumulation,29.0197,Neutral,3 - Topping,mid,20.0,12.0,2 - Advancing,34.0,STAND ASIDE,50.0,0.0,Stage unclear,3 - Topping but stage confidence only 20 - regime not established,3 - Topping but stage confidence only 20 - regime not established,3 - Topping but stage confidence only 20 - regime not established
2024-11-27,815.0,823.0,812.7999877929688,820.6500244140625,15373,864.6578,882.7235,Yes,11.25,Strong Bear,Downtrend,Hold,Range,Bearish,19.33,Strong Bear,Bearish confirmed,"Range with bearish lean - ADX emerging, direction not confirmed",37.66,"Underperforming, improving",Lags both,41.7401,Neutral,-17.1598,-18.9796,bearish accelerating,Neutral,-0.9176,-0.1289,full,34.19,Negative accelerating,41.45,Bearish,Bearish majority,None,Bearish - price momentum agrees but MACD shows deceleration,Lower Half,Emerging,Bearish,Yes,No,Inside,52.1,Normal,Contracting,-35.83,No,"Normal volatility, contracting - move losing energy",Vol contracting,Normal,Falling,Weak Up,0.2109,Accumulation,24.6978,Neutral,3 - Topping,mid,20.0,13.0,2 - Advancing,34.0,STAND ASIDE,50.0,0.0,Stage unclear,3 - Topping but stage confidence only 20 - regime not established,3 - Topping but stage confidence only 20 - regime not established,3 - Topping but stage confidence only 20 - regime not established
2024-11-28,823.0,838.25,818.0,824.6500244140625,24681,863.0889,882.1457,Yes,12.27,Strong Bear,Downtrend,Hold,Range,Bearish,19.93,Strong Bear,Bearish confirmed,"Range with bearish lean - ADX emerging, direction not confirmed",43.89,"Underperforming, improving",Lags both,43.3904,Neutral,-15.9096,-18.3656,bearish accelerating,Neutral,-0.9727,-0.1366,full,36.03,Negative fading,43.56,Neutral,Bearish majority,None,Neutral - price momentum agrees but MACD shows deceleration,Lower Half,Emerging,Bearish,Yes,No,Inside,48.85,Normal,Contracting,-33.33,No,"Normal volatility, contracting - move losing energy",Vol contracting,Normal,Falling,Weak Up,0.1211,Accumulation,20.1204,Neutral,3 - Topping,mid,20.0,14.0,2 - Advancing,34.0,STAND ASIDE,50.0,0.0,Stage unclear,3 - Topping but stage confidence only 20 - regime not established,3 - Topping but stage confidence only 20 - regime not established,3 - Topping but stage confidence only 20 - regime not established
2024-11-29,833.7000122070312,833.7000122070312,819.9500122070312,822.6500244140625,20530,861.5031,881.5537,Yes,14.03,Strong Bear,Downtrend,Hold,Range,Bearish,20.77,Strong Bear,Bearish confirmed,"Range with bearish lean - ADX emerging, direction not confirmed",43.81,"Underperforming, improving",Lags both,42.7385,Neutral,-14.9084,-17.6742,bearish accelerating,Neutral,-0.1032,0.0066,full,36.93,Negative fading,44.73,Neutral,Bearish majority,None,Neutral - price momentum agrees but MACD shows deceleration,Lower Half,Emerging,Bearish,Yes,No,Inside,41.47,Normal,Contracting,-41.15,No,"Normal volatility, contracting - move losing energy",Vol contracting,Normal,Falling,Weak Down,0.0731,Accumulation,21.3661,Neutral,3 - Topping,mid,20.0,15.0,2 - Advancing,34.0,STAND ASIDE,50.0,0.0,Stage unclear,3 - Topping but stage confidence only 20 - regime not established,3 - Topping but stage confidence only 20 - regime not established,3 - Topping but stage confidence only 20 - regime not established
2024-12-02,827.0,840.0,822.7000122070312,837.8499755859375,26256,860.5755,881.1188,Yes,19.68,Strong Bear,Downtrend,Hold,Range,Bearish,23.21,Strong Bear,Bearish confirmed,"Range with bearish lean - ADX emerging, direction not confirmed",44.79,"Underperforming, improving",Lags both,49.0086,Neutral,-12.7415,-16.6876,bearish accelerating,Neutral,2.5395,0.4412,full,38.23,Negative fading,50.43,Neutral,Bearish majority,None,Neutral - price momentum agrees but MACD shows deceleration,Upper Half,Emerging,Bearish,No,No,Inside,36.79,Low,Contracting,-43.29,No,"Low volatility, contracting - coiling, watch for breakout",Vol contracting,Normal,Falling,Weak Up,0.0337,Neutral,29.3374,Neutral,1 - Basing,early,20.0,1.0,3 - Topping,15.0,STAND ASIDE,50.0,0.0,Stage unclear,1 - Basing but stage confidence only 20 - regime not established,3 - Topping but stage confidence only 20 - regime not established,3 - Topping but stage confidence only 20 - regime not established
2024-12-03,837.0499877929688,850.0,833.1500244140625,843.25,33832,859.8961,880.742,Yes,24.15,Bear,Downtrend,Hold,Range,Bearish,26.8,Bear,Bearish confirmed,"Range with bearish lean - ADX emerging, direction not confirmed",48.03,"Underperforming, weakening",Lags both,51.0589,Neutral,-10.4678,-15.4437,bearish accelerating,Neutral,3.5679,0.6079,full,41.92,Negative fading,55.33,Neutral,Bullish majority,Bullish divergence,Neutral - bullish divergence vs price over 21 bars,Upper Half,Emerging,Bearish,No,No,Inside,33.41,Low,Contracting,-41.27,No,"Low volatility, contracting - coiling, watch for breakout",Vol contracting,Normal,Falling,Confirmed Up,0.0434,Neutral,38.3854,Neutral,1 - Basing,early,20.0,2.0,3 - Topping,15.0,STAND ASIDE,50.0,0.0,Stage unclear,1 - Basing but stage confidence only 20 - regime not established,3 - Topping but stage confidence only 20 - regime not established,3 - Topping but stage confidence only 20 - regime not established
2024-12-04,838.0,869.7999877929688,838.0,861.6500244140625,59446,859.9648,880.5521,Yes,28.53,Bear,Downtrend,Hold,Range,Bearish,38.14,Bear,Mixed,"Range with bearish lean - ADX no trend, direction not confirmed",49.95,"Underperforming, improving",Lags both,57.3516,Neutral,-7.0993,-13.7748,bearish accelerating,Overbought,4.064,0.6872,full,43.53,Negative fading,61.27,Bullish,Bullish majority,None,"Bullish - majority agree, 1 dissenting",Upper Half,No Trend,Bullish,No,No,Inside,36.03,Low,Contracting,-34.16,No,"Low volatility, contracting - coiling, watch for breakout",Vol contracting,High,Falling,Confirmed Up,0.0591,Accumulation,50.4922,Neutral,1 - Basing,early,20.0,3.0,3 - Topping,15.0,STAND ASIDE,50.0,0.0,Stage unclear,1 - Basing but stage confidence only 20 - regime not established,3 - Topping but stage confidence only 20 - regime not established,3 - Topping but stage confidence only 20 - regime not established
2024-12-05,861.6500244140625,872.0,859.2999877929688,866.8499755859375,23209,860.2348,880.4157,Yes,37.52,Bear,Downtrend,Hold,Range,Bearish,42.2,Neutral,Mixed,"No clear trend - ADX no trend, price ranging",37.51,"Underperforming, weakening",Lags both,58.9576,Neutral,-3.9645,-11.8127,bearish accelerating,Overbought,4.3957,0.7384,full,36.12,Negative accelerating,60.83,Bullish,Bullish majority,None,"Bullish - majority agree, 1 dissenting",At Upper,No Trend,Bullish,No,No,Inside,33.02,Low,Contracting,-33.1,No,"Low volatility, contracting - coiling, watch for breakout",Vol contracting,Normal,Falling,Weak Up,0.0324,Neutral,59.9488,Neutral,1 - Basing,early,40.0,4.0,3 - Topping,15.0,STAND ASIDE,50.0,0.0,Stage unclear,1 - Basing but stage confidence only 40 - regime not established,3 - Topping but stage confidence only 20 - regime not established,3 - Topping but stage confidence only 20 - regime not established
2024-12-06,866.8499755859375,870.0,853.0,863.0,21902,860.3433,880.2424,Yes,38.76,Bear,Downtrend,Hold,Range,Bearish,41.24,Neutral,Mixed,"No clear trend - ADX no trend, price ranging",37.6,"Underperforming, weakening",Lags both,57.239,Neutral,-1.7704,-9.8043,bearish accelerating,Overbought,6.0718,1.0099,full,36.36,Negative fading,60.53,Bullish,Bullish majority,None,"Bullish - majority agree, 1 dissenting",Upper Half,No Trend,Bullish,No,No,Inside,30.2,Low,Contracting,-35.79,No,"Low volatility, contracting - coiling, watch for breakout",Vol contracting,Normal,Falling,Weak Down,-0.0112,Neutral,54.4042,Neutral,1 - Basing,mid,40.0,5.0,3 - Topping,15.0,STAND ASIDE,50.0,0.0,Stage unclear,1 - Basing but stage confidence only 40 - regime not established,3 - Topping but stage confidence only 20 - regime not established,3 - Topping but stage confidence only 20 - regime not established
2024-12-09,875.0,908.4500122070312,864.0,904.0999755859376,116341,862.0592,880.4798,No,48.89,Neutral,Uptrend,Buy,Range,Bearish,64.33,Bull,Mixed,"Range with bullish lean - ADX no trend, direction not confirmed",43.9,"Underperforming, improving",Lags both,67.9725,Overbought,3.2475,-7.1939,bullish accelerating,Overbought,10.5595,1.7315,full,43.25,Negative fading,67.52,Bullish,Bullish majority,None,"Bullish - majority agree, 1 dissenting",Above Upper,No Trend,Bullish,No,No,Breakout Up,39.49,Low,Contracting,-21.78,No,"Low volatility, contracting - coiling, watch for breakout",Vol contracting,High,Falling,Confirmed Up,0.1826,Accumulation,68.2486,Neutral,1 - Basing,mid,40.0,6.0,3 - Topping,15.0,STAND ASIDE,50.0,0.0,Stage unclear,1 - Basing but stage confidence only 40 - regime not established,1 - Basing but stage confidence only 20 - regime not established,3 - Topping but stage confidence only 20 - regime not established
2024-12-10,904.0999755859376,921.7999877929688,880.0,884.5,95264,862.9393,880.5198,No,52.35,Neutral,Uptrend,Hold,Range,Bearish,66.21,Bull,Bullish confirmed,"Range with bullish lean - ADX no trend, direction not confirmed",30.18,"Underperforming, improving",Lags both,60.2106,Neutral,5.5783,-4.6395,bullish fading,Overbought,8.8281,1.4406,full,31.53,Negative accelerating,60.54,Bullish,Bullish majority,None,"Bullish - majority agree, 1 dissenting",At Upper,No Trend,Bullish,No,No,Inside,54.29,Normal,Stable,-4.09,No,"Normal volatility, stable",Vol contracting,High,Falling,Confirmed Down,0.0888,Accumulation,73.1964,Neutral,1 - Basing,mid,60.0,7.0,3 - Topping,15.0,STAND ASIDE,50.0,0.0,Stage,1 - Basing - no new positions in a basing/topping stage,1 - Basing but stage confidence only 20 - regime not established,3 - Topping but stage confidence only 20 - regime not established
2024-12-11,899.7999877929688,915.25,895.2999877929688,909.3499755859376,57992,864.7593,880.8067,No,55.82,Neutral,Uptrend,Hold,Range,Bearish,68.05,Bull,Bullish confirmed,"Range with bullish lean - ADX emerging, direction not confirmed",18.59,"Underperforming, improving",Lags both,65.5776,Overbought,9.3232,-1.8469,bullish accelerating,Overbought,10.8085,1.7534,full,21.68,Negative accelerating,59.71,Bullish,Bullish majority,None,"Bullish - majority agree, 1 dissenting",Above Upper,Emerging,Bullish,Yes,No,Inside,58.33,Normal,Stable,6.23,No,"Normal volatility, stable",Vol contracting,Normal,Falling,Confirmed Up,0.1358,Accumulation,79.1031,Neutral,1 - Basing,mid,60.0,8.0,3 - Topping,15.0,STAND ASIDE,50.0,0.0,Stage,1 - Basing - no new positions in a basing/topping stage,1 - Basing but stage confidence only 20 - regime not established,3 - Topping but stage confidence only 20 - regime not established
2024-12-12,909.4000244140624,913.5,880.0,889.8499755859375,28256,865.7432,880.8967,No,52.18,Neutral,Uptrend,Hold,Range,Bearish,66.8,Bull,Bullish confirmed,"Range with bullish lean - ADX emerging, direction not confirmed",25.67,"Underperforming, improving",Lags both,58.8675,Neutral,10.5955,0.6416,bullish fading,Neutral,7.9064,1.2676,full,27.57,Negative fading,57.84,Neutral,Bullish majority,None,"Neutral - majority agree, 1 dissenting",Upper Half,Emerging,Bullish,Yes,No,Inside,63.93,High,Stable,15.08,No,"High volatility, stable",Vol contracting,Normal,Falling,Weak Down,0.1072,Accumulation,79.1536,Neutral,1 - Basing,mid,60.0,9.0,3 - Topping,15.0,STAND ASIDE,50.0,0.0,Stage,1 - Basing - no new positions in a basing/topping stage,1 - Basing but stage confidence only 40 - regime not established,3 - Topping but stage confidence only 20 - regime not established
2024-12-13,889.0,900.0,860.0,889.5499877929688,41541,866.6768,880.9828,No,52.3,Neutral,Uptrend,Hold,Range,Bearish,66.25,Bull,Bullish confirmed,"Range with bullish lean - ADX emerging, direction not confirmed",26.72,"Underperforming, improving",Lags both,58.7678,Neutral,11.4476,2.8028,bullish fading,Neutral,8.1323,1.2976,full,26.49,Negative accelerating,56.78,Neutral,Bullish majority,None,"Neutral - majority agree, 1 dissenting",Upper Half,Emerging,Bullish,Yes,Yes,Inside,68.93,High,Expanding,27.46,No,High volatility and still expanding - move may be extended,Normal vol,Normal,Falling,Confirmed Down,0.1009,Accumulation,75.502,Neutral,1 - Basing,mid,60.0,10.0,3 - Topping,15.0,STAND ASIDE,50.0,0.0,Stage,1 - Basing - no new positions in a basing/topping stage,1 - Basing but stage confidence only 40 - regime not established,3 - Topping but stage confidence only 20 - regime not established
2024-12-16,898.5,898.5,865.0,877.2999877929688,34005,867.0934,880.9461,Yes,50.51,Neutral,Uptrend,Hold,Range,Bearish,65.07,Bull,Bullish confirmed,"Range with bullish lean - ADX no trend, direction not confirmed",26.8,"Underperforming, improving",Lags both,54.6971,Neutral,11.0075,4.4437,bullish fading,Neutral,4.7085,0.7215,full,26.01,Negative accelerating,52.61,Neutral,Bullish majority,None,"Neutral - majority agree, 1 dissenting",Upper Half,No Trend,Bullish,Yes,Yes,Inside,71.59,High,Expanding,34.8,No,High volatility and still expanding - move may be extended,Normal vol,Normal,Falling,Weak Down,0.095,Accumulation,75.6159,Neutral,1 - Basing,mid,60.0,11.0,3 - Topping,15.0,STAND ASIDE,50.0,0.0,Stage,1 - Basing - no new positions in a basing/topping stage,1 - Basing but stage confidence only 40 - regime not established,1 - Basing but stage confidence only 20 - regime not established
2024-12-17,873.1500244140625,897.5999755859375,871.0,887.5499877929688,31952,867.8956,881.0118,No,52.69,Neutral,Uptrend,Hold,Uptrend (HH+HL),Bullish,75.32,Strong Bull,Bullish confirmed,"Range with bullish lean - ADX no trend, direction not confirmed",33.57,"Underperforming, improving",Lags both,57.3587,Neutral,11.3549,5.8259,bullish fading,Neutral,5.2535,0.8065,full,28.6,Negative fading,53.02,Neutral,Bullish majority,None,"Neutral - majority agree, 1 dissenting",Upper Half,No Trend,Bullish,No,Yes,Inside,69.72,High,Expanding,36.31,No,High volatility and still expanding - move may be extended,Normal vol,Normal,Falling,Weak Up,0.0922,Accumulation,76.3256,Neutral,1 - Basing,mid,60.0,12.0,3 - Topping,15.0,STAND ASIDE,50.0,0.0,Stage,1 - Basing - no new positions in a basing/topping stage,1 - Basing - no new positions in a basing/topping stage,1 - Basing but stage confidence only 20 - regime not established
2024-12-18,886.0,911.7999877929688,880.0,898.4500122070312,59135,869.0939,881.1854,No,61.56,Bull,Uptrend,Hold,Uptrend (HH+HL),Bullish,78.33,Strong Bull,Bullish confirmed,"Range with bullish lean - ADX no trend, direction not confirmed",39.2,"Underperforming, improving",Lags both,60.0468,Neutral,12.3673,7.1342,bullish fading,Neutral,4.2709,0.6355,full,31.76,Negative fading,54.65,Neutral,Bullish majority,None,"Neutral - majority agree, 1 dissenting",Upper Half,No Trend,Bullish,No,Yes,Inside,69.72,High,Expanding,33.69,No,High volatility and still expanding - move may be extended,Normal vol,Normal,Falling,Confirmed Up,0.1008,Accumulation,77.6754,Neutral,1 - Basing,mid,80.0,13.0,3 - Topping,15.0,STAND ASIDE,50.0,0.0,Stage,1 - Basing - no new positions in a basing/topping stage,1 - Basing - no new positions in a basing/topping stage,1 - Basing but stage confidence only 20 - regime not established
2024-12-19,892.0499877929688,913.1500244140624,882.0,895.6500244140625,31031,870.1353,881.3293,No,67.95,Bull,Uptrend,Hold,Uptrend (HH+HL),Bullish,80.51,Strong Bull,Bullish confirmed,"Range with bullish lean - ADX no trend, direction not confirmed",43.89,"Underperforming, improving",Lags both,59.0176,Neutral,12.7961,8.2666,bullish fading,Neutral,3.3224,0.4687,full,33.87,Negative fading,54.84,Neutral,Bullish majority,None,"Neutral - majority agree, 1 dissenting",Upper Half,No Trend,Bullish,No,Yes,Inside,71.07,High,Expanding,38.06,No,High volatility and still expanding - move may be extended,Normal vol,Normal,Falling,Weak Down,0.0845,Accumulation,80.999,Overbought,1 - Basing,mid,60.0,14.0,3 - Topping,15.0,STAND ASIDE,50.0,0.0,Stage,1 - Basing - no new positions in a basing/topping stage,1 - Basing - no new positions in a basing/topping stage,1 - Basing but stage confidence only 40 - regime not established
2024-12-20,887.5,897.4500122070312,867.3499755859375,876.5499877929688,27059,870.3868,881.2817,Yes,63.18,Bull,Uptrend,Hold,Uptrend (HH+HL),Bullish,78.27,Strong Bull,Bullish confirmed,"Range with bullish lean - ADX no trend, direction not confirmed",43.53,"Underperforming, improving",Lags both,52.4173,Neutral,11.4626,8.9058,bullish fading,Neutral,1.5701,0.162,full,30.43,Negative accelerating,49.03,Neutral,Bullish majority,None,"Neutral - majority agree, 1 dissenting",Upper Half,No Trend,Bullish,No,Yes,Inside,71.78,High,Expanding,41.58,No,High volatility and still expanding - move may be extended,Vol expanding,Normal,Falling,Weak Down,0.1003,Accumulation,76.989,Neutral,1 - Basing,late,60.0,15.0,3 - Topping,15.0,STAND ASIDE,50.0,0.0,Stage,1 - Basing - no new positions in a basing/topping stage,1 - Basing - no new positions in a basing/topping stage,1 - Basing but stage confidence only 40 - regime not established
2024-12-23,874.0,889.75,872.5499877929688,879.8499755859375,38813,870.7579,881.2675,Yes,63.97,Bull,Uptrend,Hold,Uptrend (HH+HL),Bullish,78.05,Strong Bull,Bullish confirmed,"Range with bullish lean - ADX no trend, direction not confirmed",46.6,"Underperforming, improving",Lags both,53.3872,Neutral,10.5505,9.2347,bullish fading,Neutral,-2.6822,-0.5709,full,31.48,Negative fading,47.18,Neutral,Bullish majority,None,"Neutral - majority agree, 1 dissenting",Upper Half,No Trend,Bullish,No,Yes,Inside,65.95,High,Expanding,26.47,No,High volatility and still expanding - move may be extended,Normal vol,Normal,Falling,Weak Up,0.0986,Accumulation,77.2108,Neutral,1 - Basing,late,60.0,16.0,3 - Topping,15.0,STAND ASIDE,50.0,0.0,Stage,1 - Basing - no new positions in a basing/topping stage,1 - Basing - no new positions in a basing/topping stage,1 - Basing but stage confidence only 40 - regime not established
2024-12-24,879.9500122070312,898.9500122070312,877.1500244140625,882.75,26738,871.2282,881.2822,No,63.79,Bull,Uptrend,Hold,Uptrend (HH+HL),Bullish,77.79,Strong Bull,Bullish confirmed,"Range with bullish lean - ADX no trend, direction not confirmed",48.31,"Underperforming, improving",Lags both,54.2694,Neutral,9.9469,9.3772,bullish fading,Neutral,-0.1979,-0.1375,full,31.6,Negative fading,45.44,Neutral,Bearish majority,None,"Neutral - majority agree, 1 dissenting",Upper Half,No Trend,Bullish,No,Yes,Inside,63.06,High,Stable,8.77,No,"High volatility, stable",Normal vol,Normal,Falling,Weak Up,0.0944,Accumulation,76.1099,Neutral,1 - Basing,late,60.0,17.0,3 - Topping,15.0,STAND ASIDE,50.0,0.0,Stage,1 - Basing - no new positions in a basing/topping stage,1 - Basing - no new positions in a basing/topping stage,1 - Basing - no new positions in a basing/topping stage
2024-12-26,887.0499877929688,887.0499877929688,862.5999755859375,869.5999755859375,19444,871.1644,881.166,Yes,51.64,Neutral,Uptrend,Hold,Uptrend (HH+HL),Bullish,71.3,Bull,Bullish confirmed,"Range with bullish lean - ADX no trend, direction not confirmed",43.74,"Underperforming, improving",Lags both,49.678,Neutral,8.3117,9.1641,Bearish crossover,Neutral,-4.3713,-0.8548,full,28.11,Negative accelerating,40.48,Bearish,Bearish confirmed,None,Bearish - all 4 components agree incl. MACD acceleration,Lower Half,No Trend,Bearish,No,Yes,Inside,59.72,Normal,Stable,1.39,No,"Normal volatility, stable",Normal vol,Dry-up,Falling,Weak Down,0.0736,Accumulation,72.9468,Neutral,1 - Basing,late,80.0,18.0,3 - Topping,15.0,STAND ASIDE,50.0,0.0,Stage,1 - Basing - no new positions in a basing/topping stage,1 - Basing - no new positions in a basing/topping stage,1 - Basing - no new positions in a basing/topping stage
2024-12-27,869.5999755859375,884.75,856.25,870.0499877929688,33571,871.1207,881.0554,Yes,49.64,Neutral,Uptrend,Hold,Uptrend (HH+HL),Bullish,70.72,Bull,Mixed,"Range with bullish lean - ADX no trend, direction not confirmed",50.34,"Outperforming, strengthening",Leads NIFTY50 only,49.8344,Neutral,6.9717,8.7256,bullish accelerating,Neutral,-2.2251,-0.4739,full,33.42,Negative fading,40.02,Bearish,Bearish confirmed,Bearish divergence,Bearish - bearish divergence vs price over 21 bars,Lower Half,No Trend,Bearish,No,Yes,Inside,56.23,Normal,Stable,-7.7,No,"Normal volatility, stable",Normal vol,Normal,Falling,Weak Up,0.0818,Accumulation,71.6251,Neutral,3 - Topping,early,80.0,1.0,1 - Basing,18.0,STAND ASIDE,50.0,0.0,Stage,3 - Topping - no new positions in a basing/topping stage,1 - Basing - no new positions in a basing/topping stage,1 - Basing - no new positions in a basing/topping stage
2024-12-30,895.0,895.0,864.0,878.25,44112,871.4002,881.0275,Yes,52.59,Neutral,Uptrend,Hold,Uptrend (HH+HL),Bullish,73.41,Bull,Bullish confirmed,"Range with bullish lean - ADX no trend, direction not confirmed",63.45,"Outperforming, strengthening",Leads both,52.7184,Neutral,6.4966,8.2798,bullish accelerating,Neutral,-1.2703,-0.2972,full,41.14,Negative fading,42.82,Neutral,Bearish majority,Bearish divergence,Neutral - bearish divergence vs price over 21 bars,Lower Half,No Trend,Bullish,No,Yes,Inside,54.25,Normal,Stable,-14.68,No,"Normal volatility, stable",Normal vol,Normal,Falling,Confirmed Up,0.09,Accumulation,67.9761,Neutral,3 - Topping,early,80.0,2.0,1 - Basing,18.0,STAND ASIDE,50.0,0.0,Stage,3 - Topping - no new positions in a basing/topping stage,1 - Basing - no new positions in a basing/topping stage,1 - Basing - no new positions in a basing/topping stage
2024-12-31,870.2999877929688,890.0,866.5499877929688,886.9500122070312,21501,872.01,881.0864,No,55.97,Neutral,Uptrend,Hold,Uptrend (HH+HL),Bullish,74.59,Bull,Bullish confirmed,"Range with bullish lean - ADX no trend, direction not confirmed",64.37,"Outperforming, strengthening",Leads both,55.6327,Neutral,6.7443,7.9727,bullish fading,Neutral,1.1,0.1393,full,42.14,Negative fading,45.78,Neutral,Bearish majority,None,"Neutral - majority agree, 1 dissenting",Upper Half,No Trend,Bullish,No,No,Inside,49.13,Normal,Contracting,-22.46,No,"Normal volatility, contracting - move losing energy",Vol contracting,Normal,Falling,Weak Up,0.086,Accumulation,63.1383,Neutral,3 - Topping,early,80.0,3.0,1 - Basing,18.0,STAND ASIDE,50.0,0.0,Stage,3 - Topping - no new positions in a basing/topping stage,1 - Basing - no new positions in a basing/topping stage,1 - Basing - no new positions in a basing/topping stage
2025-01-01,891.5999755859375,892.0999755859375,876.0499877929688,882.5,29048,872.4214,881.1005,No,55.33,Neutral,Uptrend,Hold,Uptrend (HH+HL),Bullish,74.37,Bull,Bullish confirmed,"Range with bullish lean - ADX no trend, direction not confirmed",56.98,"Outperforming, strengthening",Leads both,53.8059,Neutral,6.5065,7.6795,bullish fading,Neutral,-0.569,-0.1562,full,39.56,Negative accelerating,45.56,Neutral,Bearish majority,Bearish divergence,Neutral - bearish divergence vs price over 21 bars,Lower Half,No Trend,Bullish,No,No,Inside,37.66,Low,Contracting,-32.06,Confirmed,"Low volatility, squeeze confirmed - expansion pending",Vol contracting,Normal,Falling,Weak Down,0.0717,Accumulation,60.7325,Neutral,3 - Topping,early,80.0,4.0,1 - Basing,18.0,STAND ASIDE,50.0,0.0,Stage,3 - Topping - no new positions in a basing/topping stage,1 - Basing - no new positions in a basing/topping stage,1 - Basing - no new positions in a basing/topping stage
2025-01-02,880.0,892.0,880.0,888.7999877929688,23363,873.0637,881.1771,No,64.98,Bull,Uptrend,Hold,Uptrend (HH+HL),Bullish,77.74,Strong Bull,Bullish confirmed,"Range with bullish lean - ADX no trend, direction not confirmed",49.71,"Underperforming, improving",Lags both,56.0083,Neutral,6.7487,7.4933,bullish fading,Neutral,-1.0741,-0.2417,full,37.3,Negative accelerating,47.04,Neutral,Mixed,Bearish divergence,Neutral - bearish divergence vs price over 21 bars,Upper Half,No Trend,Bullish,No,No,Inside,30.28,Low,Contracting,-39.45,Confirmed,"Low volatility, squeeze confirmed - expansion pending",Vol contracting,Normal,Falling,Weak Up,0.0524,Accumulation,66.4919,Neutral,3 - Topping,early,60.0,5.0,1 - Basing,18.0,STAND ASIDE,50.0,0.0,Stage,3 - Topping - no new positions in a basing/topping stage,1 - Basing - no new positions in a basing/topping stage,1 - Basing - no new positions in a basing/topping stage
2025-01-03,888.7999877929688,925.9500122070312,888.7999877929688,905.7000122070312,99460,874.3436,881.4211,No,71.91,Bull,Uptrend,Hold,Uptrend (HH+HL),Bullish,80.17,Strong Bull,Bullish confirmed,"Range with bullish lean - ADX no trend, direction not confirmed",53.25,"Outperforming, strengthening",Leads both,61.3341,Neutral,8.2096,7.6366,Bullish crossover,Neutral,1.1221,0.1771,full,42.73,Negative fading,52.66,Neutral,Bullish majority,Bearish divergence,Neutral - bearish divergence vs price over 21 bars,Upper Half,No Trend,Bullish,No,No,Inside,29.96,Low,Contracting,-41.11,Confirmed,"Low volatility, squeeze confirmed - expansion pending",Vol contracting,High,Rising,Confirmed Up,0.0327,Neutral,78.3319,Neutral,3 - Topping,early,60.0,6.0,1 - Basing,18.0,STAND ASIDE,50.0,0.0,Stage,3 - Topping - no new positions in a basing/topping stage,3 - Topping - no new positions in a basing/topping stage,1 - Basing - no new positions in a basing/topping stage
2025-01-06,906.0,914.25,875.0,883.2000122070312,43439,874.6909,881.4388,No,67.5,Bull,Uptrend,Hold,Uptrend (HH+HL),Bullish,78.62,Strong Bull,Bullish confirmed,"Range with bullish lean - ADX no trend, direction not confirmed",48.78,"Underperforming, improving",Lags both,52.2625,Neutral,7.4658,7.6024,Bearish crossover,Neutral,0.7587,0.1177,full,37.84,Negative accelerating,47.37,Neutral,Mixed,Bearish divergence,Neutral - bearish divergence vs price over 21 bars,Lower Half,No Trend,Bullish,No,No,Inside,36.63,Low,Contracting,-35.16,Confirmed,"Low volatility, squeeze confirmed - expansion pending",Vol contracting,Normal,Rising,Weak Down,-0.0004,Neutral,76.8716,Neutral,3 - Topping,mid,60.0,7.0,1 - Basing,18.0,STAND ASIDE,50.0,0.0,Stage,3 - Topping - no new positions in a basing/topping stage,3 - Topping - no new positions in a basing/topping stage,1 - Basing - no new positions in a basing/topping stage
2025-01-07,871.0999755859375,911.9000244140624,870.0,900.2000122070312,36714,875.6912,881.6255,No,71.53,Bull,Uptrend,Hold,Uptrend (HH+HL),Bullish,80.04,Strong Bull,Bullish confirmed,"Range with bullish lean - ADX no trend, direction not confirmed",56.09,"Outperforming, strengthening",Leads both,57.3904,Neutral,8.1541,7.7127,Bullish crossover,Neutral,2.3129,0.4201,full,46.1,Negative fading,52.36,Neutral,Bullish majority,Bearish divergence,Neutral - bearish divergence vs price over 21 bars,Upper Half,No Trend,Bullish,Yes,No,Inside,39.92,Low,Contracting,-26.03,Confirmed,"Low volatility, squeeze confirmed - expansion pending",Vol contracting,Normal,Rising,Weak Up,-0.0945,Distribution,77.0926,Neutral,3 - Topping,mid,60.0,8.0,1 - Basing,18.0,STAND ASIDE,50.0,0.0,Stage,3 - Topping - no new positions in a basing/topping stage,3 - Topping - no new positions in a basing/topping stage,1 - Basing - no new positions in a basing/topping stage
2025-01-08,904.6500244140624,904.6500244140624,884.5,895.5999755859375,27741,876.472,881.7645,No,77.19,Bull,Uptrend,Hold,Uptrend (HH+HL),Bullish,82.02,Strong Bull,Bullish confirmed,"Range with bullish lean - ADX no trend, direction not confirmed",52.16,"Outperforming, strengthening",Leads both,55.6485,Neutral,8.2335,7.8169,bullish fading,Neutral,1.4557,0.2596,full,41.14,Negative accelerating,49.77,Neutral,Bullish majority,None,"Neutral - majority agree, 1 dissenting",Upper Half,No Trend,Bullish,Yes,No,Inside,37.74,Low,Contracting,-25.32,Confirmed,"Low volatility, squeeze confirmed - expansion pending",Vol contracting,Normal,Rising,Weak Down,-0.0002,Neutral,75.6452,Neutral,3 - Topping,mid,40.0,9.0,1 - Basing,18.0,STAND ASIDE,50.0,0.0,Stage unclear,3 - Topping but stage confidence only 40 - regime not established,3 - Topping - no new positions in a basing/topping stage,1 - Basing - no new positions in a basing/topping stage
2025-01-09,909.9000244140624,915.0,895.0499877929688,902.9000244140624,85158,877.5084,881.9748,No,78.78,Bull,Uptrend,Hold,Uptrend (HH+HL),Bullish,82.57,Strong Bull,Bullish confirmed,"Range with bullish lean - ADX no trend, direction not confirmed",53.05,"Outperforming, strengthening",Leads both,57.8357,Neutral,8.7842,8.0103,bullish accelerating,Neutral,3.8294,0.7076,full,40.79,Negative accelerating,51.91,Neutral,Bullish majority,Bearish divergence,Neutral - bearish divergence vs price over 21 bars,Upper Half,No Trend,Bullish,Yes,No,Inside,32.62,Low,Contracting,-27.1,Confirmed,"Low volatility, squeeze confirmed - expansion pending",Vol contracting,High,Rising,Confirmed Up,-0.0536,Distribution,78.0621,Neutral,3 - Topping,mid,40.0,10.0,1 - Basing,18.0,STAND ASIDE,50.0,0.0,Stage unclear,3 - Topping but stage confidence only 40 - regime not established,3 - Topping - no new positions in a basing/topping stage,1 - Basing - no new positions in a basing/topping stage
2025-01-10,905.0,906.5,858.4000244140625,864.2999877929688,48592,876.9904,881.799,Yes,66.62,Bull,Uptrend,Hold,Uptrend (HH+HL),Bullish,74.51,Bull,Bullish confirmed,"Range with bullish lean - ADX no trend, direction not confirmed",39.32,"Underperforming, weakening",Lags both,45.1553,Neutral,6.0363,7.6155,Bearish crossover,Neutral,-0.6609,-0.1515,full,28.92,Negative accelerating,39.62,Bearish,Bearish confirmed,None,Bearish - all 4 components agree incl. MACD acceleration,At Lower,No Trend,Bearish,Yes,Yes,Near Lower,45.75,Normal,Stable,-10.48,Confirmed,"Normal volatility, squeeze confirmed - expansion pending",Vol expanding,Normal,Rising,Confirmed Down,-0.0835,Distribution,75.2145,Neutral,3 - Topping,mid,40.0,11.0,1 - Basing,18.0,STAND ASIDE,50.0,0.0,Stage unclear,3 - Topping but stage confidence only 40 - regime not established,3 - Topping - no new positions in a basing/topping stage,3 - Topping - no new positions in a basing/topping stage
2025-01-13,842.2999877929688,863.4000244140625,818.0,823.25,54967,874.8829,881.2164,Yes,25.06,Bear,Downtrend,Sell,Uptrend (HH+HL),Bullish,38.77,Bear,Mixed,"Range with bearish lean - ADX no trend, direction not confirmed",35.8,"Underperforming, weakening",Lags both,36.0926,Oversold,0.54,6.2004,bullish accelerating,Neutral,-6.2625,-1.2156,full,23.59,Negative accelerating,28.89,Strong Bearish,Bearish confirmed,None,Strong Bearish - all 4 components agree incl. MACD acceleration,Below Lower,No Trend,Bearish,Yes,Yes,Breakout Down,59.25,Normal,Stable,5.0,No,"Normal volatility, stable",Vol expanding,Normal,Rising,Confirmed Down,-0.1582,Distribution,67.042,Neutral,3 - Topping,mid,40.0,12.0,1 - Basing,18.0,STAND ASIDE,50.0,0.0,Stage unclear,3 - Topping but stage confidence only 40 - regime not established,3 - Topping - no new positions in a basing/topping stage,3 - Topping - no new positions in a basing/topping stage
2025-01-14,835.0,840.0,821.2000122070312,830.8499755859375,34585,873.1561,880.7152,Yes,17.49,Strong Bear,Downtrend,Hold,Uptrend (HH+HL),Bullish,36.06,Bear,Bearish majority,"Range with bearish lean - ADX no trend, direction not confirmed",39.21,"Underperforming, weakening",Lags both,38.5515,Neutral,-3.1661,4.3271,bearish accelerating,Oversold,-6.3251,-1.2178,full,25.83,Negative fading,26.63,Strong Bearish,Bearish confirmed,None,Strong Bearish - all 4 components agree incl. MACD acceleration,Below Lower,No Trend,Bearish,Yes,Yes,Inside,69.17,High,Expanding,20.04,No,Squeeze releasing - expanding 2 bars after compression,Vol expanding,Normal,Rising,Weak Up,-0.1459,Distribution,61.9445,Neutral,3 - Topping,mid,20.0,13.0,1 - Basing,18.0,STAND ASIDE,50.0,0.0,Stage unclear,3 - Topping but stage confidence only 20 - regime not established,3 - Topping - no new positions in a basing/topping stage,3 - Topping - no new positions in a basing/topping stage
2025-01-15,839.9000244140625,857.8499755859375,826.5,843.4000244140625,40681,871.9892,880.3439,Yes,18.33,Strong Bear,Downtrend,Hold,Uptrend (HH+HL),Bullish,36.3,Bear,Bearish majority,"Range with bearish lean - ADX no trend, direction not confirmed",43.37,"Underperforming, improving",Lags both,42.4868,Neutral,-5.0325,2.4552,bearish fading,Oversold,-4.4306,-0.8529,full,29.97,Negative fading,29.58,Strong Bearish,Bearish confirmed,None,Strong Bearish - all 4 components agree incl. MACD acceleration,Lower Half,No Trend,Bearish,Yes,Yes,Inside,70.48,High,Expanding,32.82,No,Squeeze releasing - expanding 3 bars after compression,Vol expanding,Normal,Rising,Weak Up,-0.15,Distribution,66.241,Neutral,3 - Topping,mid,20.0,14.0,1 - Basing,18.0,STAND ASIDE,50.0,0.0,Stage unclear,3 - Topping but stage confidence only 20 - regime not established,3 - Topping but stage confidence only 40 - regime not established,3 - Topping - no new positions in a basing/topping stage
2025-01-16,842.0,862.0,835.7000122070312,854.25,48266,871.2936,880.0843,Yes,18.97,Strong Bear,Downtrend,Hold,Uptrend (HH+HL),Bullish,36.6,Bear,Bearish majority,"Range with bearish lean - ADX no trend, direction not confirmed",48.53,"Underperforming, improving",Leads NIFTY500 only,45.7232,Neutral,-5.572,0.8498,bearish fading,Neutral,-3.8873,-0.7454,full,35.54,Negative fading,34.27,Bearish,Bearish confirmed,None,Bearish - all 4 components agree incl. MACD acceleration,Lower Half,No Trend,Bearish,Yes,Yes,Inside,69.33,High,Expanding,39.05,No,Squeeze releasing - expanding 4 bars after compression,Vol expanding,Normal,Rising,Confirmed Up,-0.1393,Distribution,72.1702,Neutral,3 - Topping,mid,20.0,15.0,1 - Basing,18.0,STAND ASIDE,50.0,0.0,Stage unclear,3 - Topping but stage confidence only 20 - regime not established,3 - Topping but stage confidence only 40 - regime not established,3 - Topping - no new positions in a basing/topping stage
2025-01-17,861.9000244140625,920.0,814.0,821.6500244140625,666476,869.3468,879.5028,Yes,11.89,Strong Bear,Downtrend,Hold,Uptrend (HH+HL),Bullish,34.3,Bear,Mixed,"Range with bearish lean - ADX no trend, direction not confirmed",37.79,"Underperforming, weakening",Lags both,38.6803,Neutral,-8.5317,-1.0265,bearish accelerating,Neutral,-9.2801,-1.7494,full,27.73,Negative accelerating,28.79,Strong Bearish,Bearish confirmed,None,Strong Bearish - all 4 components agree incl. MACD acceleration,At Lower,No Trend,Bullish,Yes,Yes,Near Lower,80.28,Very High,Expanding,50.32,No,Squeeze releasing - expanding 5 bars after compression,Extreme vol - reduce size,High,Rising,Confirmed Down,-0.469,Distribution,85.6863,Overbought,3 - Topping,mid,20.0,16.0,1 - Basing,18.0,STAND ASIDE,50.0,0.0,Stage unclear,3 - Topping but stage confidence only 20 - regime not established,3 - Topping but stage confidence only 40 - regime not established,3 - Topping - no new positions in a basing/topping stage
2025-01-20,828.4500122070312,903.7999877929688,828.4000244140625,885.0999755859375,589040,869.9645,879.5585,No,22.78,Bear,Downtrend,Hold,Uptrend (HH+HL),Bullish,42.88,Neutral,Mixed,"No clear trend - ADX no trend, price ranging",53.91,"Outperforming, strengthening",Leads both,53.646,Neutral,-5.6917,-1.9596,bearish fading,Neutral,0.2151,0.0405,full,40.98,Negative fading,42.38,Neutral,Bearish majority,None,"Neutral - majority agree, 1 dissenting",Upper Half,No Trend,Bullish,Yes,Yes,Inside,82.86,Very High,Expanding,46.23,No,Squeeze releasing - expanding 6 bars after compression,Extreme vol - reduce size,High,Rising,Confirmed Up,-0.1852,Distribution,90.1585,Overbought,3 - Topping,mid,20.0,17.0,1 - Basing,18.0,STAND ASIDE,50.0,0.0,Stage unclear,3 - Topping but stage confidence only 20 - regime not established,3 - Topping but stage confidence only 40 - regime not established,3 - Topping - no new positions in a basing/topping stage
2025-01-21,885.0999755859375,885.9000244140625,845.5499877929688,852.4000244140625,92026,869.2757,879.2883,Yes,17.2,Strong Bear,Downtrend,Hold,Uptrend (HH+HL),Bullish,36.33,Bear,Mixed,"Range with bearish lean - ADX no trend, direction not confirmed",64.76,"Outperforming, weakening",Leads both,47.2462,Neutral,-6.0104,-2.7697,bearish fading,Neutral,-5.3099,-0.9938,full,47.64,Negative fading,43.04,Neutral,Bearish confirmed,None,Neutral - all 4 components agree incl. MACD acceleration,Lower Half,No Trend,Bullish,Yes,Yes,Inside,83.05,Very High,Expanding,43.13,No,Squeeze releasing - expanding 7 bars after compression,Extreme vol - reduce size,Normal,Rising,Weak Down,-0.207,Distribution,85.6409,Overbought,3 - Topping,mid,20.0,18.0,1 - Basing,18.0,STAND ASIDE,50.0,0.0,Stage unclear,3 - Topping but stage confidence only 20 - regime not established,3 - Topping but stage confidence only 20 - regime not established,3 - Topping - no new positions in a basing/topping stage
2025-01-22,859.8499755859375,863.6500244140625,846.3499755859375,855.1500244140625,46744,868.7218,879.0481,Yes,20.06,Bear,Downtrend,Hold,Uptrend (HH+HL),Bullish,37.4,Bear,Mixed,"Range with bearish lean - ADX no trend, direction not confirmed",79.89,"Outperforming, weakening",Leads both,47.8101,Neutral,-5.9722,-3.4102,bearish fading,Neutral,-4.5165,-0.8401,full,63.15,Positive accelerating,49.84,Neutral,Bearish majority,Bullish divergence,Neutral - bullish divergence vs price over 21 bars,Lower Half,No Trend,Bullish,Yes,Yes,Inside,82.54,Very High,Expanding,44.8,No,Squeeze releasing - expanding 8 bars after compression,Extreme vol - reduce size,Dry-up,Rising,Weak Up,-0.1984,Distribution,83.3956,Overbought,3 - Topping,mid,20.0,19.0,1 - Basing,18.0,STAND ASIDE,50.0,0.0,Stage unclear,3 - Topping but stage confidence only 20 - regime not established,3 - Topping but stage confidence only 20 - regime not established,3 - Topping but stage confidence only 40 - regime not established
2025-01-23,859.7000122070312,863.2999877929688,840.0,841.7000122070312,27879,867.6621,878.6765,Yes,16.68,Strong Bear,Downtrend,Hold,Uptrend (HH+HL),Bullish,36.1,Bear,Mixed,"Range with bearish lean - ADX no trend, direction not confirmed",74.11,"Outperforming, weakening",Leads both,45.2619,Neutral,-6.9472,-4.1176,bearish accelerating,Neutral,-6.7782,-1.2556,full,59.22,Positive fading,46.1,Neutral,Bearish majority,Bullish divergence,Neutral - bullish divergence vs price over 21 bars,Lower Half,No Trend,Bullish,Yes,Yes,Inside,82.34,Very High,Expanding,49.72,No,Squeeze releasing - expanding 9 bars after compression,Extreme vol - reduce size,Dry-up,Rising,Weak Down,-0.205,Distribution,81.2138,Overbought,3 - Topping,late,20.0,20.0,1 - Basing,18.0,STAND ASIDE,50.0,0.0,Stage unclear,3 - Topping but stage confidence only 20 - regime not established,3 - Topping but stage confidence only 20 - regime not established,3 - Topping but stage confidence only 40 - regime not established
2025-01-24,835.0,842.9000244140625,819.9000244140625,823.1500244140625,28871,865.9165,878.124,Yes,14.53,Strong Bear,Downtrend,Hold,Downtrend (LH+LL),Bearish,15.09,Strong Bear,Bearish confirmed,"Range with bearish lean - ADX no trend, direction not confirmed",70.16,"Outperforming, weakening",Leads both,41.9417,Neutral,-9.1116,-5.1164,bearish accelerating,Neutral,-4.7611,-0.8742,full,55.42,Positive fading,41.66,Bearish,Bearish majority,Bullish divergence,Bearish - bullish divergence vs price over 21 bars,Lower Half,No Trend,Bearish,No,Yes,Inside,81.98,Very High,Expanding,36.23,No,Squeeze releasing - expanding 10 bars after compression,Extreme vol - reduce size,Dry-up,Rising,Weak Down,-0.2148,Distribution,81.9752,Overbought,3 - Topping,late,20.0,21.0,1 - Basing,18.0,STAND ASIDE,50.0,0.0,Stage unclear,3 - Topping but stage confidence only 20 - regime not established,3 - Topping but stage confidence only 20 - regime not established,3 - Topping but stage confidence only 40 - regime not established
2025-01-27,818.0,822.2000122070312,793.0,814.75,42161,863.91,877.4934,Yes,10.78,Strong Bear,Downtrend,Hold,Downtrend (LH+LL),Bearish,13.77,Strong Bear,Bearish confirmed,"Range with bearish lean - ADX no trend, direction not confirmed",72.08,"Outperforming, weakening",Leads both,40.4931,Neutral,-11.3737,-6.3679,bearish accelerating,Oversold,-1.0325,-0.1785,full,56.49,Positive accelerating,39.74,Bearish,Bearish majority,None,"Bearish - majority agree, 1 dissenting",Lower Half,No Trend,Bearish,No,Yes,Near Lower,82.22,Very High,Expanding,22.98,No,Squeeze releasing - expanding 11 bars after compression,Extreme vol - reduce size,Dry-up,Rising,Weak Down,-0.2034,Distribution,79.8249,Neutral,3 - Topping,late,20.0,22.0,1 - Basing,18.0,STAND ASIDE,50.0,0.0,Stage unclear,3 - Topping but stage confidence only 20 - regime not established,3 - Topping but stage confidence only 20 - regime not established,3 - Topping but stage confidence only 40 - regime not established
2025-01-28,811.0,814.9000244140625,786.5,799.8499755859375,30348,861.3978,876.7208,Yes,8.55,Strong Bear,Downtrend,Hold,Downtrend (LH+LL),Bearish,12.99,Strong Bear,Bearish confirmed,"Range with bearish lean - ADX no trend, direction not confirmed",61.26,"Outperforming, weakening",Leads both,37.9869,Oversold,-14.2049,-7.9353,bearish accelerating,Oversold,-3.7311,-0.6835,full,47.65,Negative accelerating,34.53,Bearish,Bearish confirmed,None,Bearish - all 4 components agree incl. MACD acceleration,Lower Half,No Trend,Bearish,No,Yes,Near Lower,87.18,Very High,Stable,18.02,No,"Very High volatility, stable",Extreme vol - reduce size,Dry-up,Rising,Weak Down,-0.211,Distribution,78.2771,Neutral,3 - Topping,late,20.0,23.0,1 - Basing,18.0,STAND ASIDE,50.0,0.0,Stage unclear,3 - Topping but stage confidence only 20 - regime not established,3 - Topping but stage confidence only 20 - regime not established,3 - Topping but stage confidence only 20 - regime not established
2025-01-29,801.0,825.0,797.0,821.0499877929688,26770,859.8156,876.1669,Yes,12.24,Strong Bear,Downtrend,Hold,Downtrend (LH+LL),Bearish,14.28,Strong Bear,Bearish confirmed,"Range with bearish lean - ADX no trend, direction not confirmed",63.95,"Outperforming, weakening",Leads both,43.3585,Neutral,-14.5701,-9.2622,bearish fading,Oversold,-2.65,-0.4818,full,50.5,Positive accelerating,38.58,Bearish,Bearish majority,None,"Bearish - majority agree, 1 dissenting",Lower Half,No Trend,Bearish,No,Yes,Inside,87.06,Very High,Stable,16.59,No,"Very High volatility, stable",Extreme vol - reduce size,Dry-up,Rising,Weak Up,-0.1994,Distribution,77.4888,Neutral,3 - Topping,late,20.0,24.0,1 - Basing,18.0,STAND ASIDE,50.0,0.0,Stage unclear,3 - Topping but stage confidence only 20 - regime not established,3 - Topping but stage confidence only 20 - regime not established,3 - Topping but stage confidence only 20 - regime not established
2025-01-30,821.0499877929688,830.7000122070312,816.2000122070312,821.9000244140625,19745,858.3287,875.6269,Yes,12.34,Strong Bear,Downtrend,Hold,Downtrend (LH+LL),Bearish,14.32,Strong Bear,Bearish confirmed,"Range with bearish lean - ADX no trend, direction not confirmed",57.52,"Outperforming, weakening",Leads both,43.5696,Neutral,-14.6223,-10.3343,bearish fading,Neutral,-3.7869,-0.696,full,47.05,Negative accelerating,39.0,Bearish,Bearish confirmed,None,Bearish - all 4 components agree incl. MACD acceleration,Lower Half,No Trend,Bearish,No,Yes,Inside,85.79,Very High,Stable,16.47,No,"Very High volatility, stable",Extreme vol - reduce size,Dry-up,Rising,Weak Up,-0.2069,Distribution,79.9409,Neutral,1 - Basing,early,20.0,1.0,3 - Topping,24.0,STAND ASIDE,50.0,0.0,Stage unclear,1 - Basing but stage confidence only 20 - regime not established,3 - Topping but stage confidence only 20 - regime not established,3 - Topping but stage confidence only 20 - regime not established
2025-01-31,803.5,830.0,803.5,829.1500244140625,15132,857.1844,875.1645,Yes,13.46,Strong Bear,Downtrend,Hold,Downtrend (LH+LL),Bearish,14.71,Strong Bear,Bearish confirmed,"Range with bearish lean - ADX no trend, direction not confirmed",50.18,"Outperforming, weakening",Leads both,45.4371,Neutral,-13.9183,-11.0511,bearish fading,Neutral,0.9128,0.18,full,44.39,Negative accelerating,41.18,Bearish,Bearish confirmed,None,Bearish - all 4 components agree incl. MACD acceleration,Lower Half,No Trend,Bearish,No,No,Inside,83.41,Very High,Stable,3.13,No,"Very High volatility, stable",Extreme vol - reduce size,Dry-up,Rising,Weak Up,-0.2041,Distribution,81.7717,Overbought,1 - Basing,early,20.0,2.0,3 - Topping,24.0,STAND ASIDE,50.0,0.0,Stage unclear,1 - Basing but stage confidence only 20 - regime not established,3 - Topping but stage confidence only 20 - regime not established,3 - Topping but stage confidence only 20 - regime not established
2025-02-01,838.0,839.9500122070312,812.5499877929688,818.5,18676,855.6674,874.6007,Yes,11.26,Strong Bear,Downtrend,Hold,Downtrend (LH+LL),Bearish,13.94,Strong Bear,Bearish confirmed,"Range with bearish lean - ADX no trend, direction not confirmed",48.39,"Underperforming, weakening",Leads NIFTY500 only,43.1766,Neutral,-14.0577,-11.6524,bearish fading,Neutral,-7.5246,-1.3983,full,41.94,Negative accelerating,40.2,Bearish,Bearish confirmed,None,Bearish - all 4 components agree incl. MACD acceleration,Lower Half,No Trend,Bearish,No,No,Inside,82.38,Very High,Stable,-0.48,No,"Very High volatility, stable",Extreme vol - reduce size,Dry-up,Rising,Weak Down,-0.1992,Distribution,83.5876,Overbought,1 - Basing,early,20.0,3.0,3 - Topping,24.0,STAND ASIDE,50.0,0.0,Stage unclear,1 - Basing but stage confidence only 20 - regime not established,3 - Topping but stage confidence only 20 - regime not established,3 - Topping but stage confidence only 20 - regime not established
2025-02-03,818.5499877929688,845.0,812.5499877929688,839.4500122070312,28552,855.0314,874.2509,Yes,17.81,Strong Bear,Downtrend,Hold,Downtrend (LH+LL),Bearish,16.23,Strong Bear,Bearish confirmed,"Range with bearish lean - ADX no trend, direction not confirmed",54.03,"Outperforming, weakening",Leads both,48.5944,Neutral,-12.3354,-11.789,bearish fading,Neutral,-1.5192,-0.2768,full,47.94,Negative fading,46.34,Neutral,Bearish confirmed,None,Neutral - all 4 components agree incl. MACD acceleration,Lower Half,No Trend,Bearish,No,No,Inside,80.32,Very High,Stable,-2.74,No,"Very High volatility, stable",Vol contracting,Dry-up,Rising,Weak Up,-0.1988,Distribution,83.4676,Overbought,1 - Basing,early,20.0,4.0,3 - Topping,24.0,STAND ASIDE,50.0,0.0,Stage unclear,1 - Basing but stage confidence only 20 - regime not established,3 - Topping but stage confidence only 20 - regime not established,3 - Topping but stage confidence only 20 - regime not established
2025-02-04,835.5,842.9500122070312,825.0,830.2000122070312,16903,854.0576,873.8126,Yes,17.4,Strong Bear,Downtrend,Hold,Downtrend (LH+LL),Bearish,16.09,Strong Bear,Bearish confirmed,"Range with bearish lean - ADX no trend, direction not confirmed",48.57,"Underperforming, weakening",Leads NIFTY500 only,46.4869,Neutral,-11.5834,-11.7479,Bullish crossover,Neutral,-2.9176,-0.5404,full,44.94,Negative accelerating,45.68,Neutral,Bearish majority,None,Neutral - price momentum agrees but MACD shows deceleration,Lower Half,No Trend,Bearish,No,No,Inside,77.26,High,Stable,-5.28,No,"High volatility, stable",Vol contracting,Dry-up,Rising,Weak Down,-0.2049,Distribution,83.1514,Overbought,1 - Basing,mid,20.0,5.0,3 - Topping,24.0,STAND ASIDE,50.0,0.0,Stage unclear,1 - Basing but stage confidence only 20 - regime not established,3 - Topping but stage confidence only 20 - regime not established,3 - Topping but stage confidence only 20 - regime not established
2025-02-05,830.0999755859375,852.2000122070312,825.0499877929688,844.4500122070312,22891,853.6809,873.5204,Yes,22.7,Bear,Downtrend,Hold,Downtrend (LH+LL),Bearish,17.94,Strong Bear,Bearish confirmed,"Range with bearish lean - ADX no trend, direction not confirmed",50.42,"Outperforming, weakening",Leads both,50.0788,Neutral,-9.7254,-11.3434,bearish accelerating,Neutral,0.3267,0.0678,full,43.9,Negative accelerating,49.2,Neutral,Mixed,None,"Neutral - components mixed, low conviction",Upper Half,No Trend,Bullish,No,No,Inside,71.03,High,Stable,-11.31,No,"High volatility, stable",Vol contracting,Dry-up,Rising,Weak Up,-0.1969,Distribution,72.431,Neutral,1 - Basing,mid,20.0,6.0,3 - Topping,24.0,STAND ASIDE,50.0,0.0,Stage unclear,1 - Basing but stage confidence only 20 - regime not established,1 - Basing but stage confidence only 20 - regime not established,3 - Topping but stage confidence only 20 - regime not established
2025-02-06,845.0,856.9000244140625,838.0,854.7000122070312,28457,853.7208,873.3331,Yes,26.98,Bear,Downtrend,Hold,Downtrend (LH+LL),Bearish,20.37,Strong Bear,Bearish confirmed,"Range with bearish lean - ADX no trend, direction not confirmed",54.3,"Outperforming, weakening",Leads both,52.5461,Neutral,-7.3413,-10.543,bearish accelerating,Neutral,3.8328,0.7215,full,48.51,Negative fading,54.27,Neutral,Bullish majority,Bullish divergence,Neutral - bullish divergence vs price over 21 bars,Upper Half,No Trend,Bullish,No,No,Inside,68.13,High,Stable,-13.85,No,"High volatility, stable",Vol contracting,Dry-up,Rising,Weak Up,-0.1679,Distribution,36.1738,Neutral,1 - Basing,mid,20.0,7.0,3 - Topping,24.0,STAND ASIDE,50.0,0.0,Stage unclear,1 - Basing but stage confidence only 20 - regime not established,1 - Basing but stage confidence only 20 - regime not established,3 - Topping but stage confidence only 20 - regime not established
2025-02-07,853.0499877929688,868.2000122070312,848.0,861.5999755859375,25593,854.0298,873.2164,Yes,27.93,Bear,Downtrend,Hold,Downtrend (LH+LL),Bearish,22.29,Strong Bear,Bearish confirmed,"Range with bearish lean - ADX no trend, direction not confirmed",64.5,"Outperforming, weakening",Leads both,54.1876,Neutral,-4.8393,-9.4022,bearish accelerating,Neutral,5.7502,1.0724,full,56.73,Positive accelerating,60.99,Bullish,Bullish confirmed,Bullish divergence,Bullish - bullish divergence vs price over 21 bars,Upper Half,No Trend,Bullish,No,No,Inside,65.28,High,Stable,-16.94,No,"High volatility, stable",Vol contracting,Dry-up,Rising,Weak Up,-0.1429,Distribution,49.7277,Neutral,1 - Basing,mid,20.0,8.0,3 - Topping,24.0,STAND ASIDE,50.0,0.0,Stage unclear,1 - Basing but stage confidence only 20 - regime not established,1 - Basing but stage confidence only 20 - regime not established,3 - Topping but stage confidence only 20 - regime not established
2025-02-10,857.5,863.9000244140625,830.0,848.8499755859375,24314,853.8267,872.9739,Yes,27.81,Bear,Downtrend,Hold,Downtrend (LH+LL),Bearish,19.73,Strong Bear,Bearish confirmed,"Range with bearish lean - ADX no trend, direction not confirmed",64.09,"Outperforming, strengthening",Leads both,50.6978,Neutral,-3.841,-8.29,bearish fading,Neutral,6.1261,1.1337,full,54.97,Positive fading,60.34,Bullish,Bullish confirmed,None,Bullish - all 4 components agree incl. MACD acceleration,Upper Half,No Trend,Bearish,No,No,Inside,67.66,High,Stable,-19.52,No,"High volatility, stable",Vol contracting,Dry-up,Rising,Weak Down,-0.1427,Distribution,52.9831,Neutral,1 - Basing,mid,20.0,9.0,3 - Topping,24.0,STAND ASIDE,50.0,0.0,Stage unclear,1 - Basing but stage confidence only 20 - regime not established,1 - Basing but stage confidence only 20 - regime not established,3 - Topping but stage confidence only 20 - regime not established
2025-02-11,848.8499755859375,852.0,796.5,806.9000244140625,37669,851.9864,872.3165,Yes,19.21,Strong Bear,Downtrend,Hold,Downtrend (LH+LL),Bearish,16.72,Strong Bear,Bearish confirmed,"Range with bearish lean - ADX no trend, direction not confirmed",50.74,"Outperforming, weakening",Leads both,41.2783,Neutral,-6.3615,-7.9043,bearish fading,Neutral,-1.7234,-0.333,full,43.79,Negative accelerating,49.18,Neutral,Mixed,Bullish divergence,Neutral - bullish divergence vs price over 21 bars,Lower Half,No Trend,Bearish,No,No,Inside,75.2,High,Stable,-11.86,No,"High volatility, stable",Extreme vol - reduce size,Dry-up,Rising,Weak Down,-0.1575,Distribution,51.7272,Neutral,1 - Basing,mid,20.0,10.0,3 - Topping,24.0,STAND ASIDE,50.0,0.0,Stage unclear,1 - Basing but stage confidence only 20 - regime not established,1 - Basing but stage confidence only 20 - regime not established,3 - Topping but stage confidence only 20 - regime not established
2025-02-12,810.0,810.0,760.5,790.2000122070312,73739,849.5634,871.4994,Yes,8.3,Strong Bear,Downtrend,Hold,Downtrend (LH+LL),Bearish,12.9,Strong Bear,Bearish confirmed,"Range with bearish lean - ADX no trend, direction not confirmed",45.34,"Underperforming, weakening",Leads NIFTY500 only,38.2329,Neutral,-9.5959,-8.2426,Bearish crossover,Neutral,-3.8569,-0.7262,full,41.91,Negative accelerating,41.63,Bearish,Bearish confirmed,Bullish divergence,Bearish - bullish divergence vs price over 21 bars,At Lower,No Trend,Bearish,Yes,Yes,Near Lower,79.09,High,Stable,-6.71,No,"High volatility, stable",Extreme vol - reduce size,Normal,Rising,Weak Down,-0.1581,Distribution,46.4931,Neutral,4 - Declining,early,84.0,1.0,1 - Basing,10.0,WAIT,38.0,1.0,Weak ADX,"4 - Declining, trend 13 but ADX shows no trend, this is a range - wait for alignment",1 - Basing but stage confidence only 20 - regime not established,1 - Basing but stage confidence only 20 - regime not established
2025-02-13,784.4500122070312,810.0,783.0,801.0,33805,847.659,870.7979,Yes,8.24,Strong Bear,Downtrend,Hold,Downtrend (LH+LL),Bearish,12.88,Strong Bear,Bearish confirmed,"Range with bearish lean - ADX no trend, direction not confirmed",50.4,"Outperforming, weakening",Leads both,41.2515,Neutral,-11.1591,-8.8259,bearish accelerating,Neutral,-3.395,-0.6355,full,46.06,Negative fading,41.09,Bearish,Bearish confirmed,Bullish divergence,Bearish - bullish divergence vs price over 21 bars,Lower Half,No Trend,Bearish,Yes,Yes,Inside,81.23,Very High,Stable,-2.18,No,"Very High volatility, stable",Extreme vol - reduce size,Normal,Falling,Weak Up,0.2336,Accumulation,55.6828,Neutral,4 - Declining,early,84.0,2.0,1 - Basing,10.0,WAIT,38.0,1.0,Weak ADX,"4 - Declining, trend 13 but ADX shows no trend, this is a range - wait for alignment",1 - Basing but stage confidence only 20 - regime not established,1 - Basing but stage confidence only 20 - regime not established
2025-02-14,800.0,800.0,765.0,771.2000122070312,31759,844.6606,869.8069,Yes,4.57,Strong Bear,Downtrend,Hold,Downtrend (LH+LL),Bearish,10.97,Strong Bear,Bearish confirmed,"Range with bearish lean - ADX no trend, direction not confirmed",42.39,"Underperforming, weakening",Leads NIFTY500 only,36.0206,Oversold,-14.6339,-9.9875,bearish accelerating,Neutral,-5.7789,-1.0724,full,39.44,Negative accelerating,34.44,Bearish,Bearish confirmed,Bullish divergence,Bearish - bullish divergence vs price over 21 bars,Below Lower,No Trend,Bearish,Yes,Yes,Inside,81.75,Very High,Stable,-0.64,No,"Very High volatility, stable",Extreme vol - reduce size,Normal,Falling,Weak Down,-0.0449,Neutral,55.6085,Neutral,4 - Declining,early,84.0,3.0,1 - Basing,10.0,WAIT,38.0,1.0,Weak ADX,"4 - Declining, trend 11 but ADX shows no trend, this is a range - wait for alignment",1 - Basing but stage confidence only 20 - regime not established,1 - Basing but stage confidence only 20 - regime not established
2025-02-17,771.2000122070312,786.0,750.0,779.9000244140625,32852,842.121,868.9123,Yes,6.43,Strong Bear,Downtrend,Hold,Downtrend (LH+LL),Bearish,10.4,Strong Bear,Bearish confirmed,"Range with bearish lean - ADX no trend, direction not confirmed",41.42,"Underperforming, weakening",Leads NIFTY500 only,38.4735,Neutral,-16.4956,-11.2891,bearish accelerating,Neutral,-7.0939,-1.3068,full,38.38,Negative accelerating,34.25,Bearish,Bearish confirmed,None,Bearish - all 4 components agree incl. MACD acceleration,Lower Half,No Trend,Bearish,Yes,Yes,Inside,80.75,Very High,Stable,0.43,No,"Very High volatility, stable",Extreme vol - reduce size,Normal,Falling,Confirmed Up,0.0854,Accumulation,48.4854,Neutral,4 - Declining,early,84.0,4.0,1 - Basing,10.0,WAIT,38.0,1.0,Weak ADX,"4 - Declining, trend 10 but ADX shows no trend, this is a range - wait for alignment",1 - Basing but stage confidence only 20 - regime not established,1 - Basing but stage confidence only 20 - regime not established
2025-02-18,786.0,788.0,751.0,761.9500122070312,24816,838.977,867.848,Yes,4.77,Strong Bear,Downtrend,Hold,Downtrend (LH+LL),Bearish,8.76,Strong Bear,Bearish confirmed,"Range with bearish lean - ADX no trend, direction not confirmed",33.74,"Underperforming, weakening",Lags both,35.4533,Oversold,-19.198,-12.8709,bearish accelerating,Oversold,-8.2209,-1.5022,full,33.53,Negative accelerating,29.81,Strong Bearish,Bearish confirmed,None,Strong Bearish - all 4 components agree incl. MACD acceleration,Below Lower,No Trend,Bearish,Yes,Yes,Inside,82.9,Very High,Stable,5.63,No,"Very High volatility, stable",Extreme vol - reduce size,Normal,Falling,Weak Down,0.07,Accumulation,43.2574,Neutral,4 - Declining,early,84.0,5.0,1 - Basing,10.0,WAIT,38.0,1.0,Weak ADX,"4 - Declining, trend 9 but ADX shows no trend, this is a range - wait for alignment",1 - Basing but stage confidence only 20 - regime not established,1 - Basing but stage confidence only 20 - regime not established
2025-02-19,761.0499877929688,768.2000122070312,750.0,756.0499877929688,32325,835.725,866.7356,Yes,4.78,Strong Bear,Downtrend,Hold,Downtrend (LH+LL),Bearish,7.76,Strong Bear,Bearish confirmed,"Range with bearish lean - ADX emerging, direction not confirmed",42.51,"Underperforming, weakening",Lags both,34.4948,Oversold,-21.5672,-14.6102,bearish accelerating,Oversold,-10.4684,-1.8994,full,35.85,Negative fading,29.54,Strong Bearish,Bearish confirmed,None,Strong Bearish - all 4 components agree incl. MACD acceleration,At Lower,Emerging,Bearish,Yes,Yes,Near Lower,82.98,Very High,Stable,11.95,No,"Very High volatility, stable",Extreme vol - reduce size,Normal,Falling,Confirmed Down,0.0913,Accumulation,41.7585,Neutral,4 - Declining,early,84.0,6.0,1 - Basing,10.0,WAIT,38.0,1.0,Weak ADX,"4 - Declining, trend 8 but ADX shows no trend, this is a range - wait for alignment","4 - Declining, trend 13 but ADX shows no trend, this is a range - wait for alignment",1 - Basing but stage confidence only 20 - regime not established
2025-02-20,750.0,770.5499877929688,750.0,762.2000122070312,25721,832.8416,865.6954,Yes,6.08,Strong Bear,Downtrend,Hold,Downtrend (LH+LL),Bearish,7.37,Strong Bear,Bearish confirmed,"Range with bearish lean - ADX emerging, direction not confirmed",46.53,"Underperforming, weakening",Leads NIFTY500 only,36.4243,Oversold,-22.687,-16.2255,bearish fading,Oversold,-10.8225,-1.9417,full,36.41,Negative fading,30.14,Bearish,Bearish confirmed,None,Bearish - all 4 components agree incl. MACD acceleration,Lower Half,Emerging,Bearish,Yes,Yes,Inside,84.13,Very High,Stable,15.99,No,"Very High volatility, stable",Extreme vol - reduce size,Normal,Falling,Weak Up,0.1349,Accumulation,42.4498,Neutral,4 - Declining,early,84.0,7.0,1 - Basing,10.0,WAIT,38.0,1.0,Weak ADX,"4 - Declining, trend 7 but ADX shows no trend, this is a range - wait for alignment","4 - Declining, trend 13 but ADX shows no trend, this is a range - wait for alignment",1 - Basing but stage confidence only 20 - regime not established
2025-02-21,762.2000122070312,788.0,750.0,757.25,33077,829.8773,864.6164,Yes,5.98,Strong Bear,Downtrend,Hold,Downtrend (LH+LL),Bearish,7.19,Strong Bear,Bearish confirmed,"Range with bearish lean - ADX emerging, direction not confirmed",47.38,"Underperforming, weakening",Leads NIFTY500 only,35.5175,Oversold,-23.7007,-17.7206,bearish fading,Oversold,-12.1112,-2.1469,full,36.34,Negative accelerating,30.15,Bearish,Bearish confirmed,None,Bearish - all 4 components agree incl. MACD acceleration,Lower Half,Emerging,Bearish,Yes,Yes,Near Lower,84.96,Very High,Stable,19.68,No,"Very High volatility, stable",Extreme vol - reduce size,Normal,Falling,Confirmed Down,0.0665,Accumulation,42.7001,Neutral,4 - Declining,early,84.0,8.0,1 - Basing,10.0,WAIT,38.0,1.0,Weak ADX,"4 - Declining, trend 7 but ADX shows no trend, this is a range - wait for alignment","4 - Declining, trend 11 but ADX shows no trend, this is a range - wait for alignment",1 - Basing but stage confidence only 20 - regime not established
2025-02-24,755.0,760.0,742.0,746.6500244140625,24287,826.6134,863.4426,Yes,5.25,Strong Bear,Downtrend,Hold,Downtrend (LH+LL),Bearish,6.65,Strong Bear,Bearish confirmed,"Range with bearish lean - ADX emerging, direction not confirmed",45.19,"Underperforming, weakening",Leads NIFTY500 only,33.589,Oversold,-25.0704,-19.1905,bearish fading,Oversold,-12.0398,-2.1062,full,31.97,Negative accelerating,28.33,Strong Bearish,Bearish confirmed,None,Strong Bearish - all 4 components agree incl. MACD acceleration,Lower Half,Emerging,Bearish,Yes,Yes,Breakout Down,84.68,Very High,Stable,17.02,No,"Very High volatility, stable",Extreme vol - reduce size,Normal,Falling,Weak Down,0.05,Accumulation,38.283,Neutral,4 - Declining,early,84.0,9.0,1 - Basing,10.0,WAIT,38.0,1.0,Weak ADX,"4 - Declining, trend 7 but ADX shows no trend, this is a range - wait for alignment","4 - Declining, trend 10 but ADX shows no trend, this is a range - wait for alignment",1 - Basing but stage confidence only 20 - regime not established
2025-02-25,745.0,774.0,738.5,769.5999755859375,144527,824.3776,862.5088,Yes,8.8,Strong Bear,Downtrend,Hold,Downtrend (LH+LL),Bearish,8.09,Strong Bear,Bearish confirmed,"Range with bearish lean - ADX emerging, direction not confirmed",47.6,"Underperforming, weakening",Leads NIFTY500 only,41.0518,Neutral,-24.0271,-20.1578,bearish fading,Oversold,-4.6226,-0.7717,full,36.65,Negative fading,34.53,Bearish,Bearish confirmed,None,Bearish - all 4 components agree incl. MACD acceleration,Lower Half,Emerging,Bearish,Yes,Yes,Inside,85.91,Very High,Stable,10.71,No,"Very High volatility, stable",Wide stop - size down,High,Falling,Confirmed Up,0.1703,Accumulation,50.7426,Neutral,4 - Declining,early,84.0,10.0,1 - Basing,10.0,WAIT,38.0,1.0,Weak ADX,"4 - Declining, trend 8 but ADX shows no trend, this is a range - wait for alignment","4 - Declining, trend 9 but ADX shows no trend, this is a range - wait for alignment",1 - Basing but stage confidence only 20 - regime not established
2025-02-27,772.0,835.0,756.5499877929688,817.75,186804,824.1177,862.0635,Yes,16.81,Strong Bear,Downtrend,Hold,Downtrend (LH+LL),Bearish,27.16,Bear,Bearish majority,"Range with bearish lean - ADX emerging, direction not confirmed",64.94,"Outperforming, strengthening",Leads both,52.9882,Neutral,-19.0948,-19.9452,Bullish crossover,Neutral,3.4865,0.676,full,48.81,Negative fading,49.44,Neutral,Mixed,Bullish divergence,Neutral - bullish divergence vs price over 21 bars,Upper Half,Emerging,Bullish,Yes,Yes,Inside,89.21,Very High,Stable,10.12,No,"Very High volatility, stable",Extreme vol - reduce size,High,Falling,Confirmed Up,0.2636,Accumulation,61.5204,Neutral,4 - Declining,early,84.0,11.0,1 - Basing,10.0,WAIT,38.0,1.0,Weak ADX,"4 - Declining, trend 27 but ADX shows no trend, this is a range - wait for alignment","4 - Declining, trend 8 but ADX shows no trend, this is a range - wait for alignment","4 - Declining, trend 13 but ADX shows no trend, this is a range - wait for alignment"
2025-02-28,794.0499877929688,863.7999877929688,790.4000244140625,855.3499755859375,257288,825.3425,861.9967,Yes,33.09,Bear,Uptrend,Buy,Downtrend (LH+LL),Bearish,51.36,Neutral,Mixed,"No clear trend - ADX emerging, price ranging",77.38,"Outperforming, strengthening",Leads both,59.8288,Neutral,-12.0134,-18.3589,bearish accelerating,Neutral,6.7853,1.2567,full,54.18,Positive accelerating,62.31,Bullish,Bullish confirmed,None,Bullish - all 4 components agree incl. MACD acceleration,Upper Half,Emerging,Bullish,Yes,Yes,Inside,91.27,Very High,Stable,10.04,No,"Very High volatility, stable",Extreme vol - reduce size,High,Falling,Confirmed Up,0.3724,Accumulation,71.1979,Neutral,4 - Declining,early,84.0,12.0,1 - Basing,10.0,WAIT,52.7,1.0,Trend,"4 - Declining, but trend score 51 does not confirm short - no directional edge","4 - Declining, trend 7 but ADX shows no trend, this is a range - wait for alignment","4 - Declining, trend 13 but ADX shows no trend, this is a range - wait for alignment"
2025-03-03,854.0499877929688,901.0999755859376,837.0,895.9500122070312,227671,828.1114,862.3345,No,43.15,Neutral,Uptrend,Hold,Downtrend (LH+LL),Bearish,55.47,Neutral,Mixed,"No clear trend - ADX emerging, price ranging",89.52,"Outperforming, strengthening",Leads both,65.6422,Overbought,-3.0897,-15.305,bearish accelerating,Overbought,16.1761,2.8718,full,62.5,Positive accelerating,72.8,Strong Bullish,Bullish confirmed,None,Strong Bullish - all 4 components agree incl. MACD acceleration,Above Upper,Emerging,Bullish,Yes,Yes,Breakout Up,92.3,Very High,Stable,10.56,No,"Very High volatility, stable",Extreme vol - reduce size,High,Falling,Confirmed Up,0.4667,Accumulation,78.8219,Neutral,4 - Declining,early,74.0,13.0,1 - Basing,10.0,WAIT,58.7,1.0,Trend,"4 - Declining, but trend score 55 does not confirm short - no directional edge","4 - Declining, trend 7 but ADX shows no trend, this is a range - wait for alignment","4 - Declining, trend 11 but ADX shows no trend, this is a range - wait for alignment"
2025-03-04,895.0,930.0,855.0,918.0499877929688,240166,831.6384,862.8889,No,54.13,Neutral,Uptrend,Hold,Downtrend (LH+LL),Bearish,60.16,Bull,Bullish majority,"Bull - majority agree, 1 dissenting, trending ADX",90.73,"Outperforming, strengthening",Leads both,68.329,Overbought,5.7,-11.104,bullish accelerating,Overbought,17.7138,3.0703,full,63.09,Positive accelerating,76.23,Strong Bullish,Bullish confirmed,None,Strong Bullish - all 4 components agree incl. MACD acceleration,Above Upper,Trending,Bullish,Yes,Yes,Breakout Up,95.87,Very High,Stable,15.12,No,"Very High volatility, stable",Extreme vol - reduce size,High,Falling,Confirmed Up,0.4969,Accumulation,85.0105,Overbought,4 - Declining,early,64.0,14.0,1 - Basing,10.0,WAIT,62.84,1.0,Trend,"4 - Declining, but trend score 60 does not confirm short - no directional edge","4 - Declining, trend 7 but ADX shows no trend, this is a range - wait for alignment","4 - Declining, trend 10 but ADX shows no trend, this is a range - wait for alignment"
2025-03-05,908.9000244140624,928.5999755859376,890.0,910.2000122070312,261062,834.7193,863.3596,No,59.65,Neutral,Uptrend,Hold,Downtrend (LH+LL),Bearish,62.88,Bull,Bullish majority,"Bull - majority agree, 1 dissenting, trending ADX",86.49,"Outperforming, strengthening",Leads both,66.3444,Overbought,11.8953,-6.5042,bullish accelerating,Overbought,19.4567,3.2843,full,60.0,Positive fading,74.76,Strong Bullish,Bullish confirmed,None,Strong Bullish - all 4 components agree incl. MACD acceleration,Upper Half,Trending,Bullish,Yes,Yes,Inside,98.89,Very High,Stable,15.99,No,"Very High volatility, stable",Extreme vol - reduce size,High,Rising,Confirmed Down,0.4392,Accumulation,91.4801,Overbought,4 - Declining,mid,64.0,15.0,1 - Basing,10.0,WAIT,60.02,1.0,Trend,"4 - Declining, but trend score 63 does not confirm short - no directional edge","4 - Declining, trend 8 but ADX shows no trend, this is a range - wait for alignment","4 - Declining, trend 9 but ADX shows no trend, this is a range - wait for alignment"
2025-03-06,902.7000122070312,921.3499755859376,892.0,905.7000122070312,146822,837.5028,863.7809,No,59.25,Neutral,Uptrend,Hold,Downtrend (LH+LL),Bearish,63.47,Bull,Bullish majority,"Bull - majority agree, 1 dissenting, trending ADX",83.98,"Outperforming, strengthening",Leads both,65.1757,Overbought,16.2547,-1.9524,bullish fading,Overbought,19.7937,3.2587,full,59.9,Positive fading,73.9,Strong Bullish,Bullish confirmed,None,Strong Bullish - all 4 components agree incl. MACD acceleration,Upper Half,Trending,Bullish,Yes,Yes,Inside,98.57,Very High,Stable,15.6,No,"Very High volatility, stable",Extreme vol - reduce size,Normal,Rising,Confirmed Down,0.4001,Accumulation,82.7376,Overbought,4 - Declining,mid,64.0,16.0,1 - Basing,10.0,WAIT,60.03,1.0,Trend,"4 - Declining, but trend score 63 does not confirm short - no directional edge","4 - Declining, trend 27 but ADX shows no trend, this is a range - wait for alignment","4 - Declining, trend 8 but ADX shows no trend, this is a range - wait for alignment"
2025-03-07,896.5999755859375,918.0,885.0,912.7000122070312,170189,840.4517,864.2677,No,73.18,Bull,Uptrend,Hold,Downtrend (LH+LL),Bearish,68.82,Bull,Bullish majority,"Bull - majority agree, 1 dissenting, trending ADX",73.36,"Outperforming, strengthening",Leads both,66.1739,Overbought,20.0433,2.4468,bullish fading,Overbought,19.7455,3.1732,full,51.9,Positive fading,71.51,Strong Bullish,Bullish confirmed,None,Strong Bullish - all 4 components agree incl. MACD acceleration,Upper Half,Trending,Bullish,Yes,Yes,Inside,98.33,Very High,Stable,14.21,No,"Very High volatility, stable",Extreme vol - reduce size,Normal,Rising,Confirmed Up,0.4183,Accumulation,75.8254,Neutral,4 - Declining,mid,40.0,17.0,1 - Basing,10.0,STAND ASIDE,50.0,0.0,Stage unclear,4 - Declining but stage confidence only 40 - regime not established,"4 - Declining, but trend score 51 does not confirm short - no directional edge","4 - Declining, trend 7 but ADX shows no trend, this is a range - wait for alignment"
2025-03-10,903.5999755859376,912.3499755859376,882.9000244140625,901.6500244140624,161384,842.8517,864.6397,No,71.17,Bull,Uptrend,Hold,Downtrend (LH+LL),Bearish,68.5,Bull,Bullish majority,"Bull - majority agree, 1 dissenting, trending ADX",76.69,"Outperforming, strengthening",Leads both,63.0993,Overbought,21.9017,6.3378,bullish fading,Overbought,19.069,2.9968,full,53.88,Positive accelerating,70.48,Strong Bullish,Bullish confirmed,None,Strong Bullish - all 4 components agree incl. MACD acceleration,Upper Half,Trending,Bullish,Yes,Yes,Inside,97.74,Very High,Stable,12.78,No,"Very High volatility, stable",Extreme vol - reduce size,Normal,Rising,Confirmed Down,0.4084,Accumulation,70.3825,Neutral,4 - Declining,mid,40.0,18.0,1 - Basing,10.0,STAND ASIDE,50.0,0.0,Stage unclear,4 - Declining but stage confidence only 40 - regime not established,"4 - Declining, but trend score 55 does not confirm short - no directional edge","4 - Declining, trend 7 but ADX shows no trend, this is a range - wait for alignment"
2025-03-11,901.0,937.25,884.0,932.9500122070312,124116,846.3849,865.3194,No,74.95,Bull,Uptrend,Hold,Downtrend (LH+LL),Bearish,70.49,Bull,Bullish majority,"Bull - majority agree, 1 dissenting, trending ADX",78.24,"Outperforming, strengthening",Leads both,67.6801,Overbought,25.605,10.1912,bullish fading,Overbought,24.9514,3.7985,full,55.19,Positive accelerating,72.56,Strong Bullish,Bullish confirmed,None,Strong Bullish - all 4 components agree incl. MACD acceleration,Upper Half,Trending,Bullish,Yes,Yes,Breakout Up,97.5,Very High,Stable,12.82,No,"Very High volatility, stable",Extreme vol - reduce size,Normal,Rising,Confirmed Up,0.435,Accumulation,73.057,Neutral,4 - Declining,mid,40.0,19.0,1 - Basing,10.0,STAND ASIDE,50.0,0.0,Stage unclear,4 - Declining but stage confidence only 40 - regime not established,"4 - Declining, but trend score 60 does not confirm short - no directional edge","4 - Declining, trend 7 but ADX shows no trend, this is a range - wait for alignment"
2025-03-12,933.0,938.5,898.0,908.1500244140624,91323,848.8071,865.7455,No,71.67,Bull,Uptrend,Hold,Downtrend (LH+LL),Bearish,69.97,Bull,Bullish majority,"Bull - majority agree, 1 dissenting, trending ADX",76.31,"Outperforming, strengthening",Leads both,61.1977,Neutral,26.2363,13.4002,bullish fading,Overbought,18.0029,2.6784,full,54.11,Positive fading,69.11,Bullish,Bullish confirmed,None,Bullish - all 4 components agree incl. MACD acceleration,Upper Half,Trending,Bullish,Yes,Yes,Inside,98.29,Very High,Stable,12.38,No,"Very High volatility, stable",Extreme vol - reduce size,Normal,Rising,Weak Down,0.4155,Accumulation,70.6892,Neutral,4 - Declining,mid,40.0,20.0,1 - Basing,10.0,STAND ASIDE,50.0,0.0,Stage unclear,4 - Declining but stage confidence only 40 - regime not established,"4 - Declining, but trend score 63 does not confirm short - no directional edge","4 - Declining, trend 8 but ADX shows no trend, this is a range - wait for alignment"
2025-03-13,903.0499877929688,903.3499755859376,885.0999755859375,891.6500244140625,51966,850.4872,866.0033,No,69.22,Bull,Uptrend,Hold,Downtrend (LH+LL),Bearish,69.23,Bull,Bullish majority,"Bull - majority agree, 1 dissenting, trending ADX",74.52,"Outperforming, strengthening",Leads both,57.2677,Neutral,25.1157,15.7433,bullish fading,Overbought,9.037,1.3075,full,50.47,Positive fading,64.7,Bullish,Bullish confirmed,None,Bullish - all 4 components agree incl. MACD acceleration,Upper Half,Trending,Bullish,Yes,Yes,Inside,97.7,Very High,Stable,8.49,No,"Very High volatility, stable",Extreme vol - reduce size,Dry-up,Rising,Weak Down,0.4067,Accumulation,68.6036,Neutral,4 - Declining,mid,40.0,21.0,1 - Basing,10.0,STAND ASIDE,50.0,0.0,Stage unclear,4 - Declining but stage confidence only 40 - regime not established,"4 - Declining, but trend score 63 does not confirm short - no directional edge","4 - Declining, trend 27 but ADX shows no trend, this is a range - wait for alignment"
2025-03-17,888.7000122070312,895.4500122070312,855.9000244140625,860.0999755859375,62955,850.8642,865.9446,Yes,64.52,Bull,Uptrend,Hold,Downtrend (LH+LL),Bearish,67.03,Bull,Bullish majority,"Bull - majority agree, 1 dissenting, trending ADX",66.98,"Outperforming, strengthening",Leads both,50.5791,Neutral,21.4347,16.8816,bullish fading,Neutral,0.5553,0.023,full,46.08,Negative accelerating,56.15,Neutral,Bullish majority,None,"Neutral - majority agree, 1 dissenting",Upper Half,Trending,Bullish,Yes,Yes,Inside,98.53,Very High,Stable,7.26,No,"Very High volatility, stable",Extreme vol - reduce size,Normal,Rising,Weak Down,0.3755,Accumulation,66.1787,Neutral,4 - Declining,mid,40.0,22.0,1 - Basing,10.0,STAND ASIDE,50.0,0.0,Stage unclear,4 - Declining but stage confidence only 40 - regime not established,4 - Declining but stage confidence only 40 - regime not established,"4 - Declining, but trend score 51 does not confirm short - no directional edge"
2025-03-18,860.0999755859375,860.0999755859375,860.0999755859375,860.0999755859375,0,851.2264,865.8864,Yes,61.78,Bull,Uptrend,Hold,Downtrend (LH+LL),Bearish,65.49,Bull,Bullish majority,"Bull - majority agree, 1 dissenting, trending ADX",57.69,"Outperforming, strengthening",Leads both,50.5791,Neutral,18.3064,17.1666,bullish fading,Neutral,-4.0013,-0.668,full,43.81,Negative accelerating,51.1,Neutral,Bullish majority,None,"Neutral - majority agree, 1 dissenting",Upper Half,Trending,Bullish,Yes,No,Inside,94.09,Very High,Stable,1.79,No,"Very High volatility, stable",Wide stop - size down,Dry-up,Rising,Flat,0.3896,Accumulation,66.8265,Neutral,4 - Declining,mid,40.0,23.0,1 - Basing,10.0,STAND ASIDE,50.0,0.0,Stage unclear,4 - Declining but stage confidence only 40 - regime not established,4 - Declining but stage confidence only 40 - regime not established,"4 - Declining, but trend score 55 does not confirm short - no directional edge"
2025-03-19,851.0499877929688,860.4500122070312,846.5499877929688,851.8499755859375,33100,851.2508,865.7467,Yes,54.34,Neutral,Uptrend,Hold,Downtrend (LH+LL),Bearish,62.01,Bull,Bullish majority,"Bull - majority agree, 1 dissenting, trending ADX",50.37,"Outperforming, strengthening",Leads both,48.8488,Neutral,14.9888,16.731,Bearish crossover,Neutral,-7.2109,-1.1538,full,39.63,Negative accelerating,45.35,Neutral,Bearish majority,None,"Neutral - majority agree, 1 dissenting",Upper Half,Trending,Bullish,No,No,Inside,91.47,Very High,Stable,-4.4,No,"Very High volatility, stable",Wide stop - size down,Dry-up,Rising,Weak Down,0.3767,Accumulation,63.7144,Neutral,4 - Declining,mid,40.0,24.0,1 - Basing,10.0,STAND ASIDE,50.0,0.0,Stage unclear,4 - Declining but stage confidence only 40 - regime not established,4 - Declining but stage confidence only 40 - regime not established,"4 - Declining, but trend score 60 does not confirm short - no directional edge"
2025-03-20,851.8499755859375,866.3499755859375,849.8499755859375,857.7999877929688,50281,851.5077,865.6677,Yes,56.19,Neutral,Uptrend,Hold,Range,Bullish,71.96,Bull,Bullish confirmed,"Bull - all 4 components agree, trending ADX",47.38,"Underperforming, improving",Leads NIFTY500 only,50.1727,Neutral,12.6933,15.9235,bullish accelerating,Neutral,-5.757,-0.9385,full,41.55,Negative fading,44.22,Neutral,Mixed,None,"Neutral - components mixed, low conviction",Upper Half,Trending,Bullish,No,No,Inside,88.93,Very High,Stable,-9.96,No,"Very High volatility, stable",Vol contracting,Dry-up,Rising,Weak Up,0.3761,Accumulation,61.3938,Neutral,4 - Declining,mid,40.0,25.0,1 - Basing,10.0,STAND ASIDE,50.0,0.0,Stage unclear,4 - Declining but stage confidence only 40 - regime not established,4 - Declining but stage confidence only 40 - regime not established,"4 - Declining, but trend score 63 does not confirm short - no directional edge"
2025-03-21,857.7999877929688,888.0,855.9000244140625,874.25,60689,852.3995,865.7531,No,59.86,Neutral,Uptrend,Hold,Range,Bullish,73.01,Bull,Bullish confirmed,"Bull - all 4 components agree, trending ADX",51.86,"Outperforming, strengthening",Leads both,53.7377,Neutral,12.0625,15.1513,bullish fading,Neutral,-3.4725,-0.5978,full,49.48,Negative fading,46.8,Neutral,Bearish majority,None,"Neutral - majority agree, 1 dissenting",Upper Half,Trending,Bullish,No,No,Inside,87.06,Very High,Stable,-11.51,No,"Very High volatility, stable",Vol contracting,Normal,Rising,Weak Up,0.3799,Accumulation,57.2426,Neutral,3 - Topping,early,60.0,1.0,4 - Declining,25.0,STAND ASIDE,50.0,0.0,Stage,3 - Topping - no new positions in a basing/topping stage,4 - Declining but stage confidence only 40 - regime not established,"4 - Declining, but trend score 63 does not confirm short - no directional edge"
2025-03-24,881.0999755859375,897.6500244140625,847.0,862.2999877929688,112949,852.7878,865.7187,Yes,58.56,Neutral,Uptrend,Hold,Range,Bullish,72.5,Bull,Bullish confirmed,"Bull - all 4 components agree, trending ADX",46.01,"Underperforming, improving",Leads NIFTY500 only,50.8893,Neutral,10.4775,14.2165,bullish accelerating,Neutral,-5.5221,-0.9135,full,46.01,Negative accelerating,42.86,Neutral,Bearish majority,None,"Neutral - majority agree, 1 dissenting",Lower Half,Trending,Bullish,No,No,Inside,88.97,Very High,Stable,-9.36,No,"Very High volatility, stable",Wide stop - size down,Normal,Rising,Weak Down,0.346,Accumulation,47.1767,Neutral,3 - Topping,early,60.0,2.0,4 - Declining,25.0,STAND ASIDE,50.0,0.0,Stage,3 - Topping - no new positions in a basing/topping stage,4 - Declining but stage confidence only 40 - regime not established,4 - Declining but stage confidence only 40 - regime not established
2025-03-25,863.1500244140625,866.5,850.5499877929688,858.0,37644,852.9922,865.6419,Yes,58.6,Neutral,Uptrend,Hold,Range,Bullish,72.47,Bull,Bullish confirmed,"Bull - all 4 components agree, trending ADX",43.61,"Underperforming, improving",Leads NIFTY500 only,49.865,Neutral,8.7732,13.1279,bullish accelerating,Neutral,-4.8411,-0.8111,full,44.39,Negative accelerating,40.17,Bearish,Bearish confirmed,None,Bearish - all 4 components agree incl. MACD acceleration,Lower Half,Trending,Bullish,No,No,Inside,85.64,Very High,Stable,-12.1,No,"Very High volatility, stable",Vol contracting,Dry-up,Rising,Weak Down,0.3527,Accumulation,36.5856,Neutral,3 - Topping,early,60.0,3.0,4 - Declining,25.0,STAND ASIDE,50.0,0.0,Stage,3 - Topping - no new positions in a basing/topping stage,4 - Declining but stage confidence only 40 - regime not established,4 - Declining but stage confidence only 40 - regime not established
2025-03-26,859.0,859.0,842.2000122070312,845.7999877929688,50943,852.7101,865.4445,Yes,47.7,Neutral,Uptrend,Hold,Range,Bullish,68.35,Bull,Mixed,"Bull - components mixed, low conviction",45.93,"Underperforming, improving",Leads NIFTY500 only,46.9762,Neutral,6.3648,11.7752,bullish accelerating,Oversold,-9.3413,-1.4937,full,44.53,Negative fading,37.11,Bearish,Bearish confirmed,None,Bearish - all 4 components agree incl. MACD acceleration,Lower Half,Trending,Bullish,No,No,Inside,80.87,Very High,Stable,-16.63,No,"Very High volatility, stable",Vol contracting,Dry-up,Rising,Weak Down,0.3419,Accumulation,20.4135,Neutral,3 - Topping,early,80.0,4.0,4 - Declining,25.0,STAND ASIDE,50.0,0.0,Stage,3 - Topping - no new positions in a basing/topping stage,4 - Declining but stage confidence only 40 - regime not established,4 - Declining but stage confidence only 40 - regime not established
2025-03-27,838.3499755859375,862.0,828.0,834.8499755859375,95962,852.0097,865.14,Yes,36.19,Bear,Uptrend,Hold,Range,Bullish,62.18,Bull,Mixed,"Bull - components mixed, low conviction",42.21,"Underperforming, improving",Leads NIFTY500 only,44.4851,Neutral,3.5318,10.1266,bullish accelerating,Oversold,-8.0714,-1.2964,full,41.91,Negative accelerating,34.21,Bearish,Bearish confirmed,None,Bearish - all 4 components agree incl. MACD acceleration,Lower Half,Trending,Bullish,No,No,Inside,77.46,High,Contracting,-20.83,No,"High volatility, contracting - move losing energy",Vol contracting,Normal,Rising,Weak Down,0.2803,Accumulation,21.5068,Neutral,3 - Topping,early,60.0,5.0,4 - Declining,25.0,STAND ASIDE,50.0,0.0,Stage,3 - Topping - no new positions in a basing/topping stage,4 - Declining but stage confidence only 40 - regime not established,4 - Declining but stage confidence only 40 - regime not established
2025-03-28,831.1500244140625,851.9500122070312,823.0,831.0,67474,851.1858,864.8003,Yes,33.52,Bear,Uptrend,Hold,Range,Bullish,59.46,Neutral,Mixed,"No clear trend - ADX emerging, price ranging",37.88,"Underperforming, improving",Lags both,43.6095,Neutral,0.9649,8.2942,bullish accelerating,Oversold,-6.802,-1.1002,full,39.24,Negative accelerating,32.42,Bearish,Bearish confirmed,Bearish divergence,Bearish - bearish divergence vs price over 21 bars,Lower Half,Emerging,Bullish,No,No,Inside,74.45,High,Contracting,-23.25,No,"High volatility, contracting - move losing energy",Vol contracting,Normal,Rising,Weak Down,0.2363,Accumulation,23.8973,Neutral,3 - Topping,early,60.0,6.0,4 - Declining,25.0,STAND ASIDE,48.38,0.0,Stage,3 - Topping - no new positions in a basing/topping stage,3 - Topping - no new positions in a basing/topping stage,4 - Declining but stage confidence only 40 - regime not established
2025-04-01,830.0,840.75,820.25,824.75,71021,850.1491,864.4018,Yes,25.06,Bear,Uptrend,Hold,Downtrend (LH+LL),Bullish,44.06,Neutral,Mixed,"No clear trend - ADX emerging, price ranging",37.53,"Underperforming, weakening",Lags both,42.1587,Neutral,-1.5558,6.3242,bearish accelerating,Oversold,-4.11,-0.6909,full,35.97,Negative accelerating,30.66,Bearish,Bearish confirmed,Bearish divergence,Bearish - bearish divergence vs price over 21 bars,Lower Half,Emerging,Bullish,No,No,Inside,71.43,High,Contracting,-27.11,No,"High volatility, contracting - move losing energy",Vol contracting,Normal,Rising,Weak Down,0.1447,Accumulation,26.4968,Neutral,3 - Topping,early,40.0,7.0,4 - Declining,25.0,STAND ASIDE,50.0,0.0,Stage unclear,3 - Topping but stage confidence only 40 - regime not established,3 - Topping - no new positions in a basing/topping stage,4 - Declining but stage confidence only 40 - regime not established
2025-04-02,822.9000244140625,835.7999877929688,793.9500122070312,806.7999877929688,157858,848.4492,863.8287,Yes,22.44,Bear,Uptrend,Hold,Downtrend (LH+LL),Bullish,30.11,Bear,Bearish majority,"Range with bearish lean - ADX emerging, direction not confirmed",32.88,"Underperforming, weakening",Lags both,38.2256,Oversold,-4.9449,4.0704,bearish accelerating,Oversold,-6.197,-1.0053,full,32.84,Negative accelerating,27.97,Strong Bearish,Bearish confirmed,None,Strong Bearish - all 4 components agree incl. MACD acceleration,At Lower,Emerging,Bearish,No,No,Breakout Down,73.21,High,Contracting,-20.88,No,"High volatility, contracting - move losing energy",Vol contracting,Normal,Rising,Confirmed Down,0.0266,Neutral,11.9088,Oversold,3 - Topping,mid,40.0,8.0,4 - Declining,25.0,STAND ASIDE,50.0,0.0,Stage unclear,3 - Topping but stage confidence only 40 - regime not established,3 - Topping - no new positions in a basing/topping stage,4 - Declining but stage confidence only 40 - regime not established
2025-04-03,810.0,836.5999755859375,810.0,827.7999877929688,55055,847.6394,863.4702,Yes,19.67,Strong Bear,Uptrend,Hold,Downtrend (LH+LL),Bullish,35.13,Bear,Bearish majority,"Range with bearish lean - ADX emerging, direction not confirmed",42.54,"Underperforming, weakening",Leads NIFTY500 only,44.7229,Neutral,-5.8686,2.0826,bearish fading,Oversold,-2.8233,-0.4931,full,36.27,Negative fading,32.61,Bearish,Bearish confirmed,None,Bearish - all 4 components agree incl. MACD acceleration,Lower Half,Emerging,Bearish,No,No,Inside,75.18,High,Stable,-16.29,No,"High volatility, stable",Vol contracting,Normal,Rising,Weak Up,-0.0486,Neutral,18.4056,Oversold,3 - Topping,mid,20.0,9.0,4 - Declining,25.0,STAND ASIDE,50.0,0.0,Stage unclear,3 - Topping but stage confidence only 20 - regime not established,3 - Topping - no new positions in a basing/topping stage,4 - Declining but stage confidence only 40 - regime not established
2025-04-04,824.2000122070312,834.0,810.0499877929688,818.7999877929688,47821,846.5084,863.0257,Yes,17.48,Strong Bear,Uptrend,Hold,Downtrend (LH+LL),Bullish,32.44,Bear,Bearish majority,"Range with bearish lean - ADX emerging, direction not confirmed",37.47,"Underperforming, weakening",Lags both,42.6524,Neutral,-7.2434,0.2174,bearish fading,Neutral,-4.5465,-0.7517,full,30.81,Negative accelerating,31.53,Bearish,Bearish confirmed,None,Bearish - all 4 components agree incl. MACD acceleration,Lower Half,Emerging,Bearish,No,No,Inside,74.48,High,Stable,-14.44,No,"High volatility, stable",Vol contracting,Normal,Rising,Weak Down,-0.0701,Distribution,18.5787,Oversold,3 - Topping,mid,20.0,10.0,4 - Declining,25.0,STAND ASIDE,50.0,0.0,Stage unclear,3 - Topping but stage confidence only 20 - regime not established,3 - Topping - no new positions in a basing/topping stage,4 - Declining but stage confidence only 40 - regime not established
2025-04-07,746.75,812.75,745.0,807.1500244140625,58651,844.965,862.4697,Yes,14.96,Strong Bear,Uptrend,Hold,Downtrend (LH+LL),Bullish,27.7,Bear,Bearish majority,"Range with bearish lean - ADX emerging, direction not confirmed",43.87,"Underperforming, weakening",Leads NIFTY500 only,40.0666,Neutral,-9.1673,-1.6595,bearish accelerating,Neutral,-7.6751,-1.2174,full,32.78,Negative fading,32.62,Bearish,Bearish confirmed,None,Bearish - all 4 components agree incl. MACD acceleration,Lower Half,Emerging,Bearish,No,Yes,Inside,82.02,Very High,Stable,-5.04,No,"Very High volatility, stable",Extreme vol - reduce size,Normal,Rising,Weak Down,-0.0364,Neutral,18.7901,Oversold,3 - Topping,mid,20.0,11.0,4 - Declining,25.0,STAND ASIDE,50.0,0.0,Stage unclear,3 - Topping but stage confidence only 20 - regime not established,3 - Topping - no new positions in a basing/topping stage,3 - Topping - no new positions in a basing/topping stage
2025-04-08,810.9000244140625,827.75,810.9000244140625,822.75,31976,844.0938,862.0745,Yes,17.33,Strong Bear,Uptrend,Hold,Downtrend (LH+LL),Bullish,32.32,Bear,Bearish majority,"Range with bearish lean - ADX emerging, direction not confirmed",40.85,"Underperforming, weakening",Lags both,44.885,Neutral,-9.3257,-3.1928,bearish fading,Neutral,-4.5866,-0.746,full,32.79,Negative fading,35.93,Bearish,Bearish confirmed,None,Bearish - all 4 components agree incl. MACD acceleration,Lower Half,Emerging,Bearish,No,Yes,Inside,83.29,Very High,Stable,-5.67,No,"Very High volatility, stable",Wide stop - size down,Dry-up,Falling,Weak Up,-0.112,Distribution,21.5238,Neutral,3 - Topping,mid,20.0,12.0,4 - Declining,25.0,STAND ASIDE,50.0,0.0,Stage unclear,3 - Topping but stage confidence only 20 - regime not established,3 - Topping but stage confidence only 40 - regime not established,3 - Topping - no new positions in a basing/topping stage
2025-04-09,822.7999877929688,822.7999877929688,806.0499877929688,816.4000244140625,15139,843.0078,861.62,Yes,15.63,Strong Bear,Uptrend,Hold,Downtrend (LH+LL),Bullish,29.7,Bear,Bearish majority,"Range with bearish lean - ADX emerging, direction not confirmed",41.5,"Underperforming, weakening",Lags both,43.357,Neutral,-9.8501,-4.5242,bearish fading,Neutral,-4.8485,-0.781,full,32.31,Negative accelerating,36.93,Bearish,Bearish confirmed,None,Bearish - all 4 components agree incl. MACD acceleration,Lower Half,Emerging,Bearish,Yes,Yes,Inside,80.55,Very High,Stable,-5.08,No,"Very High volatility, stable",Vol expanding,Dry-up,Falling,Weak Down,-0.1566,Distribution,21.9718,Neutral,3 - Topping,mid,20.0,13.0,4 - Declining,25.0,STAND ASIDE,50.0,0.0,Stage unclear,3 - Topping but stage confidence only 20 - regime not established,3 - Topping but stage confidence only 40 - regime not established,3 - Topping - no new positions in a basing/topping stage
2025-04-11,820.4000244140625,849.4000244140625,807.0,824.9500122070312,91646,842.2996,861.2552,Yes,16.7,Strong Bear,Uptrend,Hold,Downtrend (LH+LL),Bullish,32.69,Bear,Bearish majority,"Range with bearish lean - ADX emerging, direction not confirmed",35.83,"Underperforming, weakening",Lags both,46.0216,Neutral,-9.4666,-5.5127,bearish fading,Neutral,-2.4651,-0.4167,full,32.73,Negative fading,39.57,Bearish,Bearish majority,None,"Bearish - majority agree, 1 dissenting",Lower Half,Emerging,Bearish,Yes,Yes,Inside,77.42,High,Stable,-3.45,No,"High volatility, stable",Vol expanding,Normal,Falling,Confirmed Up,-0.2556,Distribution,25.1729,Neutral,3 - Topping,mid,20.0,14.0,4 - Declining,25.0,STAND ASIDE,50.0,0.0,Stage unclear,3 - Topping but stage confidence only 20 - regime not established,3 - Topping but stage confidence only 20 - regime not established,3 - Topping - no new positions in a basing/topping stage
2025-04-15,834.5999755859375,838.7000122070312,827.0,829.6500244140625,23210,841.8035,860.9407,Yes,17.42,Strong Bear,Uptrend,Hold,Downtrend (LH+LL),Bullish,34.52,Bear,Bearish majority,"Range with bearish lean - ADX emerging, direction not confirmed",41.08,"Underperforming, weakening",Lags both,47.4841,Neutral,-8.6834,-6.1468,bearish fading,Neutral,-0.6229,-0.1353,full,41.98,Negative fading,44.34,Neutral,Bearish majority,None,"Neutral - majority agree, 1 dissenting",Lower Half,Emerging,Bearish,Yes,No,Inside,70.99,High,Stable,-6.47,No,"High volatility, stable",Vol contracting,Dry-up,Falling,Weak Up,-0.2425,Distribution,21.8697,Neutral,3 - Topping,mid,20.0,15.0,4 - Declining,25.0,STAND ASIDE,50.0,0.0,Stage unclear,3 - Topping but stage confidence only 20 - regime not established,3 - Topping but stage confidence only 20 - regime not established,3 - Topping - no new positions in a basing/topping stage
2025-04-16,828.7999877929688,843.5499877929688,824.3499755859375,836.75,23367,841.6054,860.7,Yes,22.75,Bear,Uptrend,Hold,Range,Bullish,48.69,Neutral,Mixed,"No clear trend - ADX emerging, price ranging",50.3,"Outperforming, weakening",Leads both,49.7011,Neutral,-7.4044,-6.3983,bearish fading,Neutral,0.6919,0.0657,full,53.28,Positive accelerating,51.12,Neutral,Mixed,None,"Neutral - components mixed, low conviction",Lower Half,Emerging,Bearish,No,No,Inside,60.59,High,Stable,-13.85,No,"High volatility, stable",Vol contracting,Dry-up,Falling,Weak Up,-0.2298,Distribution,27.2376,Neutral,3 - Topping,mid,20.0,16.0,4 - Declining,25.0,STAND ASIDE,50.0,0.0,Stage unclear,3 - Topping but stage confidence only 20 - regime not established,3 - Topping but stage confidence only 20 - regime not established,3 - Topping - no new positions in a basing/topping stage
2025-04-17,838.7000122070312,839.6500244140625,821.7000122070312,827.7999877929688,28130,841.064,860.3726,Yes,21.37,Bear,Uptrend,Hold,Range,Bullish,46.21,Neutral,Mixed,"No clear trend - ADX emerging, price ranging",41.79,"Underperforming, weakening",Lags both,47.0071,Neutral,-7.0319,-6.5251,bearish fading,Neutral,0.3698,0.0189,full,49.27,Negative accelerating,50.39,Neutral,Bearish majority,None,"Neutral - majority agree, 1 dissenting",Lower Half,Emerging,Bearish,No,No,Inside,57.5,Normal,Stable,-13.93,No,"Normal volatility, stable",Vol contracting,Normal,Falling,Weak Down,-0.2005,Distribution,27.5997,Neutral,3 - Topping,mid,20.0,17.0,4 - Declining,25.0,STAND ASIDE,50.0,0.0,Stage unclear,3 - Topping but stage confidence only 20 - regime not established,3 - Topping but stage confidence only 20 - regime not established,3 - Topping but stage confidence only 40 - regime not established
2025-04-21,828.0,833.0,799.2000122070312,812.5499877929688,84043,839.9458,859.8968,Yes,17.99,Strong Bear,Uptrend,Hold,Range,Bullish,40.9,Neutral,Mixed,"No clear trend - ADX emerging, price ranging",31.03,"Underperforming, weakening",Lags both,42.7546,Neutral,-7.8765,-6.7953,bearish accelerating,Neutral,0.7127,0.0748,full,42.68,Negative accelerating,46.66,Neutral,Bearish majority,None,"Neutral - majority agree, 1 dissenting",Lower Half,Emerging,Bearish,No,No,Inside,59.68,Normal,Stable,-13.53,No,"Normal volatility, stable",Vol contracting,Normal,Falling,Confirmed Down,-0.2012,Distribution,26.6048,Neutral,3 - Topping,mid,20.0,18.0,4 - Declining,25.0,STAND ASIDE,50.0,0.0,Stage unclear,3 - Topping but stage confidence only 20 - regime not established,3 - Topping but stage confidence only 20 - regime not established,3 - Topping but stage confidence only 40 - regime not established
2025-04-22,815.4000244140625,830.0,770.5,776.5499877929688,584380,837.4597,859.0674,Yes,6.69,Strong Bear,Downtrend,Sell,Range,Bullish,18.67,Strong Bear,Bearish confirmed,"Range with bearish lean - ADX emerging, direction not confirmed",18.09,"Underperforming, weakening",Lags both,34.7603,Oversold,-11.3202,-7.7003,bearish accelerating,Neutral,-6.1911,-0.9649,full,31.81,Negative accelerating,36.66,Bearish,Bearish majority,None,"Bearish - majority agree, 1 dissenting",Below Lower,Emerging,Bearish,No,Yes,Inside,70.56,High,Stable,-4.62,No,"High volatility, stable",Wide stop - size down,High,Falling,Confirmed Down,-0.3996,Distribution,17.2086,Oversold,4 - Declining,early,84.0,1.0,3 - Topping,18.0,WAIT,38.0,1.0,Weak ADX,"4 - Declining, trend 19 but ADX shows no trend, this is a range - wait for alignment",3 - Topping but stage confidence only 20 - regime not established,3 - Topping but stage confidence only 20 - regime not established
2025-04-23,787.9500122070312,848.7999877929688,786.0,828.8499755859375,207492,837.122,858.7668,Yes,16.29,Strong Bear,Downtrend,Hold,Range,Bullish,22.02,Strong Bear,Bearish confirmed,"Range with bearish lean - ADX emerging, direction not confirmed",40.06,"Underperforming, weakening",Lags both,49.5259,Neutral,-9.7172,-8.1037,bearish fading,Neutral,1.2274,0.1653,full,51.75,Positive accelerating,49.48,Neutral,Mixed,Bullish divergence,Neutral - bullish divergence vs price over 21 bars,Upper Half,Emerging,Bearish,No,Yes,Inside,73.41,High,Stable,-1.07,No,"High volatility, stable",Wide stop - size down,High,Rising,Confirmed Up,-0.3259,Distribution,29.8106,Neutral,4 - Declining,early,84.0,2.0,3 - Topping,18.0,WAIT,38.0,1.0,Weak ADX,"4 - Declining, trend 22 but ADX shows no trend, this is a range - wait for alignment",3 - Topping but stage confidence only 20 - regime not established,3 - Topping but stage confidence only 20 - regime not established
2025-04-24,836.0,851.9000244140625,822.4500122070312,834.0499877929688,77045,837.0016,858.5208,Yes,17.67,Strong Bear,Downtrend,Hold,Range,Bullish,22.56,Strong Bear,Bearish confirmed,"Range with bearish lean - ADX emerging, direction not confirmed",25.92,"Underperforming, weakening",Lags both,50.7201,Neutral,-7.9357,-8.0701,Bullish crossover,Neutral,3.3327,0.4869,full,38.46,Negative accelerating,48.71,Neutral,Bullish majority,Bullish divergence,Neutral - bullish divergence vs price over 21 bars,Upper Half,Emerging,Bearish,Yes,No,Inside,70.16,High,Stable,-11.87,Partial,"High volatility, stable",Wide stop - size down,Normal,Rising,Weak Up,-0.3362,Distribution,35.0319,Neutral,4 - Declining,early,84.0,3.0,3 - Topping,18.0,WAIT,38.0,1.0,Weak ADX,"4 - Declining, trend 23 but ADX shows no trend, this is a range - wait for alignment",3 - Topping but stage confidence only 20 - regime not established,3 - Topping but stage confidence only 20 - regime not established
2025-04-25,837.2999877929688,841.8499755859375,816.0,820.9500122070312,50692,836.3721,858.147,Yes,15.03,Strong Bear,Downtrend,Hold,Range,Bullish,21.58,Strong Bear,Bearish confirmed,"Range with bearish lean - ADX emerging, direction not confirmed",29.76,"Underperforming, weakening",Lags both,47.6607,Neutral,-7.4946,-7.955,bearish accelerating,Neutral,-0.2188,-0.0516,full,42.62,Negative fading,51.06,Neutral,Mixed,Bullish divergence,Neutral - bullish divergence vs price over 21 bars,Lower Half,Emerging,Bearish,Yes,Yes,Inside,67.14,High,Stable,-16.15,Confirmed,"High volatility, squeeze confirmed - expansion pending",Wide stop - size down,Normal,Rising,Weak Down,-0.3402,Distribution,37.7425,Neutral,4 - Declining,early,84.0,4.0,3 - Topping,18.0,WAIT,38.0,1.0,Weak ADX,"4 - Declining, trend 22 but ADX shows no trend, this is a range - wait for alignment",3 - Topping but stage confidence only 20 - regime not established,3 - Topping but stage confidence only 20 - regime not established
2025-04-28,820.7999877929688,834.9000244140625,816.0999755859375,820.7000122070312,44414,835.7575,857.7744,Yes,16.81,Strong Bear,Downtrend,Hold,Range,Bullish,22.15,Strong Bear,Bearish confirmed,"Range with bearish lean - ADX emerging, direction not confirmed",27.26,"Underperforming, weakening",Lags both,47.6017,Neutral,-7.0835,-7.7807,bearish accelerating,Neutral,0.5267,0.0621,full,41.94,Negative accelerating,50.71,Neutral,Mixed,Bullish divergence,Neutral - bullish divergence vs price over 21 bars,Lower Half,Emerging,Bearish,Yes,Yes,Inside,60.48,High,Contracting,-20.08,Confirmed,"High volatility, squeeze confirmed - expansion pending",Wide stop - size down,Dry-up,Rising,Weak Down,-0.3498,Distribution,33.9405,Neutral,4 - Declining,early,84.0,5.0,3 - Topping,18.0,WAIT,38.0,1.0,Weak ADX,"4 - Declining, trend 22 but ADX shows no trend, this is a range - wait for alignment",3 - Topping but stage confidence only 20 - regime not established,3 - Topping but stage confidence only 20 - regime not established
2025-04-29,829.0,833.5,820.0,824.7000122070312,27266,835.3239,857.4453,Yes,24.53,Bear,Downtrend,Hold,Range,Bullish,24.8,Strong Bear,Bearish confirmed,"Range with bearish lean - ADX emerging, direction not confirmed",32.77,"Underperforming, weakening",Lags both,48.6962,Neutral,-6.3616,-7.4969,bearish accelerating,Neutral,-0.0303,-0.0239,full,45.96,Negative fading,52.36,Neutral,Mixed,Bullish divergence,Neutral - bullish divergence vs price over 21 bars,Upper Half,Emerging,Bearish,Yes,No,Inside,53.89,Normal,Contracting,-23.53,Confirmed,"Normal volatility, squeeze confirmed - expansion pending",Vol contracting,Dry-up,Falling,Weak Up,-0.343,Distribution,36.5278,Neutral,4 - Declining,early,84.0,6.0,3 - Topping,18.0,WAIT,38.0,1.0,Weak ADX,"4 - Declining, trend 25 but ADX shows no trend, this is a range - wait for alignment","4 - Declining, trend 19 but ADX shows no trend, this is a range - wait for alignment",3 - Topping but stage confidence only 20 - regime not established
2025-04-30,828.2000122070312,828.7999877929688,804.0,805.3499755859375,46098,834.1484,856.9269,Yes,16.87,Strong Bear,Downtrend,Hold,Range,Bullish,21.76,Strong Bear,Bearish confirmed,"Range with bearish lean - ADX emerging, direction not confirmed",31.15,"Underperforming, weakening",Lags both,43.9171,Neutral,-7.2671,-7.4509,bearish fading,Neutral,-2.929,-0.4642,full,45.68,Negative accelerating,48.73,Neutral,Mixed,Bullish divergence,Neutral - bullish divergence vs price over 21 bars,Lower Half,Emerging,Bearish,Yes,Yes,Inside,53.69,Normal,Stable,-17.3,Confirmed,"Normal volatility, squeeze confirmed - expansion pending",Vol expanding,Normal,Falling,Weak Down,-0.3435,Distribution,36.824,Neutral,4 - Declining,early,84.0,7.0,3 - Topping,18.0,WAIT,38.0,1.0,Weak ADX,"4 - Declining, trend 22 but ADX shows no trend, this is a range - wait for alignment","4 - Declining, trend 22 but ADX shows no trend, this is a range - wait for alignment",3 - Topping but stage confidence only 20 - regime not established
2025-05-02,812.9000244140625,840.0,809.0999755859375,829.1500244140625,71225,833.9524,856.6505,Yes,20.67,Bear,Downtrend,Hold,Range,Bullish,23.13,Strong Bear,Bearish confirmed,"Range with bearish lean - ADX emerging, direction not confirmed",37.8,"Underperforming, weakening",Lags both,50.369,Neutral,-5.9951,-7.1597,bearish accelerating,Neutral,-0.9083,-0.1555,full,53.53,Positive accelerating,54.1,Neutral,Bullish confirmed,Bullish divergence,Neutral - bullish divergence vs price over 21 bars,Upper Half,Emerging,Bearish,Yes,Yes,Inside,51.59,Normal,Stable,-9.01,Confirmed,"Normal volatility, squeeze confirmed - expansion pending",Normal vol,Normal,Falling,Weak Up,-0.3142,Distribution,38.6731,Neutral,4 - Declining,early,84.0,8.0,3 - Topping,18.0,WAIT,38.0,1.0,Weak ADX,"4 - Declining, trend 23 but ADX shows no trend, this is a range - wait for alignment","4 - Declining, trend 23 but ADX shows no trend, this is a range - wait for alignment",3 - Topping but stage confidence only 20 - regime not established
2025-05-05,857.2000122070312,858.0,789.3499755859375,803.0499877929688,436330,832.7406,856.1172,Yes,13.88,Strong Bear,Downtrend,Hold,Range,Bullish,20.4,Strong Bear,Bearish confirmed,"Range with bearish lean - ADX emerging, direction not confirmed",34.62,"Underperforming, weakening",Lags both,44.3442,Neutral,-7.0123,-7.1303,bearish fading,Neutral,-2.9899,-0.4694,full,50.8,Positive fading,48.9,Neutral,Bullish majority,Bullish divergence,Neutral - bullish divergence vs price over 21 bars,Lower Half,Emerging,Bearish,Yes,Yes,Inside,61.23,High,Stable,3.73,Confirmed,"High volatility, squeeze confirmed - expansion pending",Wide stop - size down,High,Rising,Confirmed Down,-0.3639,Distribution,29.547,Neutral,4 - Declining,early,84.0,9.0,3 - Topping,18.0,WAIT,38.0,1.0,Weak ADX,"4 - Declining, trend 20 but ADX shows no trend, this is a range - wait for alignment","4 - Declining, trend 22 but ADX shows no trend, this is a range - wait for alignment",3 - Topping but stage confidence only 20 - regime not established
2025-05-06,810.0,817.2999877929688,794.5999755859375,802.5499877929688,110721,831.5566,855.5842,Yes,12.3,Strong Bear,Downtrend,Hold,Range,Bullish,19.53,Strong Bear,Bearish confirmed,"Range with bearish lean - ADX emerging, direction not confirmed",31.24,"Underperforming, weakening",Lags both,44.235,Neutral,-7.7692,-7.258,Bearish crossover,Neutral,-1.2307,-0.2011,full,45.49,Negative accelerating,46.37,Neutral,Bearish confirmed,Bullish divergence,Neutral - bullish divergence vs price over 21 bars,Lower Half,Emerging,Bearish,Yes,Yes,Inside,60.12,High,Stable,0.44,Partial,"High volatility, stable",Wide stop - size down,Normal,Rising,Confirmed Down,-0.3589,Distribution,24.1277,Neutral,4 - Declining,early,84.0,10.0,3 - Topping,18.0,WAIT,38.0,1.0,Weak ADX,"4 - Declining, trend 20 but ADX shows no trend, this is a range - wait for alignment","4 - Declining, trend 22 but ADX shows no trend, this is a range - wait for alignment",3 - Topping but stage confidence only 20 - regime not established
2025-05-07,788.7999877929688,800.9000244140625,783.7999877929688,797.0499877929688,52618,830.2034,855.0018,Yes,11.48,Strong Bear,Downtrend,Hold,Range,Bullish,18.74,Strong Bear,Bearish confirmed,"Range with bearish lean - ADX emerging, direction not confirmed",29.92,"Underperforming, weakening",Lags both,42.9817,Neutral,-8.7125,-7.5489,bearish accelerating,Neutral,2.6399,0.3858,full,43.95,Negative accelerating,43.19,Neutral,Bearish confirmed,Bullish divergence,Neutral - bullish divergence vs price over 21 bars,Lower Half,Emerging,Bearish,Yes,No,Inside,59.72,Normal,Stable,-10.83,Partial,"Normal volatility, stable",Wide stop - size down,Dry-up,Rising,Weak Down,-0.3545,Distribution,22.4724,Neutral,4 - Declining,early,84.0,11.0,3 - Topping,18.0,WAIT,38.0,1.0,Weak ADX,"4 - Declining, trend 19 but ADX shows no trend, this is a range - wait for alignment","4 - Declining, trend 25 but ADX shows no trend, this is a range - wait for alignment","4 - Declining, trend 19 but ADX shows no trend, this is a range - wait for alignment"
2025-05-08,800.0,811.0,792.0499877929688,807.3499755859375,81005,829.3072,854.5276,Yes,12.93,Strong Bear,Downtrend,Hold,Range,Bullish,19.15,Strong Bear,Bearish confirmed,"Range with bearish lean - ADX emerging, direction not confirmed",35.29,"Underperforming, weakening",Lags both,46.0638,Neutral,-8.5305,-7.7452,bearish fading,Neutral,-2.594,-0.4093,full,44.74,Negative fading,44.95,Neutral,Bearish confirmed,Bullish divergence,Neutral - bullish divergence vs price over 21 bars,Lower Half,Emerging,Bearish,Yes,No,Inside,57.1,Normal,Stable,-16.31,Partial,"Normal volatility, stable",Vol contracting,Normal,Rising,Weak Up,-0.3198,Distribution,24.7678,Neutral,4 - Declining,early,84.0,12.0,3 - Topping,18.0,WAIT,38.0,1.0,Weak ADX,"4 - Declining, trend 19 but ADX shows no trend, this is a range - wait for alignment","4 - Declining, trend 22 but ADX shows no trend, this is a range - wait for alignment","4 - Declining, trend 22 but ADX shows no trend, this is a range - wait for alignment"
2025-05-09,781.0,794.7999877929688,777.0,789.7000122070312,53366,827.754,853.8826,Yes,9.81,Strong Bear,Downtrend,Hold,Range,Bullish,17.68,Strong Bear,Bearish confirmed,"Range with bearish lean - ADX emerging, direction not confirmed",35.61,"Underperforming, weakening",Lags both,41.8855,Neutral,-9.6987,-8.1359,bearish accelerating,Neutral,-5.3174,-0.8198,full,42.96,Negative accelerating,41.77,Bearish,Bearish confirmed,Bullish divergence,Bearish - bullish divergence vs price over 21 bars,Lower Half,Emerging,Bearish,Yes,No,Inside,57.98,Normal,Stable,-12.18,Partial,"Normal volatility, stable",Vol contracting,Dry-up,Rising,Weak Down,-0.3328,Distribution,24.471,Neutral,4 - Declining,early,84.0,13.0,3 - Topping,18.0,WAIT,38.0,1.0,Weak ADX,"4 - Declining, trend 18 but ADX shows no trend, this is a range - wait for alignment","4 - Declining, trend 23 but ADX shows no trend, this is a range - wait for alignment","4 - Declining, trend 23 but ADX shows no trend, this is a range - wait for alignment"
2025-05-12,824.9500122070312,825.9000244140625,803.0499877929688,805.9000244140625,79008,826.897,853.4051,Yes,13.05,Strong Bear,Downtrend,Hold,Uptrend (HH+HL),Bullish,29.42,Bear,Bearish majority,"Range with bearish lean - ADX emerging, direction not confirmed",23.27,"Underperforming, weakening",Lags both,46.6673,Neutral,-9.2112,-8.351,bearish fading,Neutral,-1.8332,-0.2903,full,42.01,Negative accelerating,44.06,Neutral,Bearish confirmed,Bullish divergence,Neutral - bullish divergence vs price over 21 bars,Lower Half,Emerging,Bearish,Yes,No,Inside,53.45,Normal,Stable,-13.69,Partial,"Normal volatility, stable",Vol contracting,Normal,Rising,Weak Up,-0.3587,Distribution,28.6671,Neutral,4 - Declining,early,84.0,14.0,3 - Topping,18.0,WAIT,38.0,1.0,Weak ADX,"4 - Declining, trend 29 but ADX shows no trend, this is a range - wait for alignment","4 - Declining, trend 20 but ADX shows no trend, this is a range - wait for alignment","4 - Declining, trend 22 but ADX shows no trend, this is a range - wait for alignment"
2025-05-13,765.0,783.75,746.6500244140625,765.75,1046079,824.499,852.5329,Yes,6.31,Strong Bear,Downtrend,Hold,Uptrend (HH+HL),Bullish,26.68,Bear,Bearish majority,"Range with bearish lean - ADX emerging, direction not confirmed",21.76,"Underperforming, weakening",Lags both,38.264,Oversold,-11.927,-9.0662,bearish accelerating,Neutral,-6.6955,-1.0234,full,34.47,Negative accelerating,36.23,Bearish,Bearish confirmed,Bullish divergence,Bearish - bullish divergence vs price over 21 bars,Below Lower,Emerging,Bearish,Yes,Yes,Breakout Down,64.96,High,Stable,4.48,No,"High volatility, stable",Extreme vol - reduce size,High,Rising,Confirmed Down,-0.2352,Distribution,23.5496,Neutral,4 - Declining,early,84.0,15.0,3 - Topping,18.0,WAIT,38.0,1.0,Weak ADX,"4 - Declining, trend 27 but ADX shows no trend, this is a range - wait for alignment","4 - Declining, trend 20 but ADX shows no trend, this is a range - wait for alignment","4 - Declining, trend 22 but ADX shows no trend, this is a range - wait for alignment"
2025-05-14,735.0,754.7999877929688,735.0,748.8499755859375,3350105,821.5324,851.5013,Yes,4.38,Strong Bear,Downtrend,Hold,Uptrend (HH+HL),Bullish,25.5,Bear,Bearish majority,"Bear - majority agree, 1 dissenting, trending ADX",11.46,"Underperforming, weakening",Lags both,35.3764,Oversold,-15.2671,-10.3064,bearish accelerating,Neutral,-9.1973,-1.3921,full,27.36,Negative accelerating,30.83,Bearish,Bearish confirmed,None,Bearish - all 4 components agree incl. MACD acceleration,Below Lower,Trending,Bearish,Yes,Yes,Near Lower,72.94,High,Stable,19.05,No,"High volatility, stable",Extreme vol - reduce size,High,Rising,Confirmed Down,0.0917,Accumulation,6.5152,Oversold,4 - Declining,early,84.0,16.0,3 - Topping,18.0,ENTER SMALL,28.02,3.0,Volume,"4 - Declining, trend 26 short confirmed but money flow disagrees - reduce size, breakouts without volume fail more often","4 - Declining, trend 19 but ADX shows no trend, this is a range - wait for alignment","4 - Declining, trend 25 but ADX shows no trend, this is a range - wait for alignment"
2025-05-15,746.0,755.4000244140625,746.0,751.5999755859375,1141191,818.79,850.5072,Yes,5.38,Strong Bear,Downtrend,Hold,Uptrend (HH+HL),Bullish,25.4,Bear,Bearish majority,"Bear - majority agree, 1 dissenting, trending ADX",4.39,"Underperforming, weakening",Lags both,36.2199,Oversold,-17.4906,-11.7432,bearish accelerating,Oversold,-6.6741,-1.0054,full,25.87,Negative accelerating,28.89,Strong Bearish,Bearish confirmed,None,Strong Bearish - all 4 components agree incl. MACD acceleration,Below Lower,Trending,Bearish,Yes,Yes,Inside,70.95,High,Stable,17.26,No,"High volatility, stable",Wide stop - size down,High,Rising,Confirmed Up,0.1086,Accumulation,21.2951,Neutral,4 - Declining,early,84.0,17.0,3 - Topping,18.0,ENTER SMALL,31.0,3.0,Volume,"4 - Declining, trend 25 short confirmed but money flow disagrees - reduce size, breakouts without volume fail more often","4 - Declining, trend 19 but ADX shows no trend, this is a range - wait for alignment","4 - Declining, trend 22 but ADX shows no trend, this is a range - wait for alignment"
2025-05-16,755.0,758.7999877929688,745.0999755859375,746.8499755859375,591584,815.9688,849.4758,Yes,5.37,Strong Bear,Downtrend,Hold,Uptrend (HH+HL),Bullish,25.07,Bear,Bearish majority,"Bear - majority agree, 1 dissenting, trending ADX",1.21,"Underperforming, weakening",Lags both,35.3614,Oversold,-19.4123,-13.277,bearish accelerating,Oversold,-9.9258,-1.485,full,23.36,Negative accelerating,27.28,Strong Bearish,Bearish confirmed,None,Strong Bearish - all 4 components agree incl. MACD acceleration,At Lower,Trending,Bearish,Yes,Yes,Inside,67.98,High,Stable,16.39,No,"High volatility, stable",Wide stop - size down,Normal,Rising,Confirmed Down,0.0463,Neutral,19.7145,Oversold,4 - Declining,early,84.0,18.0,3 - Topping,18.0,ENTER SHORT,26.77,5.0,None,"4 - Declining, trend 25 with bearish majority, momentum and volume confirm; early in the stage","4 - Declining, trend 18 but ADX shows no trend, this is a range - wait for alignment","4 - Declining, trend 23 but ADX shows no trend, this is a range - wait for alignment"
2025-05-19,750.0,754.4000244140625,737.8499755859375,741.6500244140625,396808,813.0543,848.4029,Yes,5.3,Strong Bear,Downtrend,Hold,Uptrend (HH+HL),Bullish,24.65,Strong Bear,Bearish majority,"Strong Bear - majority agree, 1 dissenting, trending ADX",1.71,"Underperforming, weakening",Lags both,34.4001,Oversold,-21.1114,-14.8439,bearish accelerating,Oversold,-7.6458,-1.1376,full,24.74,Negative fading,27.09,Strong Bearish,Bearish confirmed,None,Strong Bearish - all 4 components agree incl. MACD acceleration,Lower Half,Trending,Bearish,Yes,No,Near Lower,67.06,High,Stable,5.83,No,"High volatility, stable",Vol contracting,Normal,Rising,Weak Down,0.0202,Neutral,18.815,Oversold,4 - Declining,early,84.0,19.0,3 - Topping,18.0,ENTER SMALL,27.72,3.0,Volume,"4 - Declining, trend 25 short confirmed but participation is thin - reduce size, breakouts without volume fail more often","4 - Declining, trend 29 but ADX shows no trend, this is a range - wait for alignment","4 - Declining, trend 20 but ADX shows no trend, this is a range - wait for alignment"
2025-05-20,745.0,748.5,731.0999755859375,732.5999755859375,582777,809.8992,847.2506,Yes,4.79,Strong Bear,Downtrend,Hold,Uptrend (HH+HL),Bullish,23.99,Strong Bear,Bearish majority,"Strong Bear - majority agree, 1 dissenting, trending ADX",9.51,"Underperforming, weakening",Lags both,32.7323,Oversold,-22.924,-16.4599,bearish accelerating,Oversold,-8.716,-1.2903,full,31.58,Negative fading,28.01,Strong Bearish,Bearish confirmed,None,Strong Bearish - all 4 components agree incl. MACD acceleration,Lower Half,Trending,Bearish,Yes,No,Breakout Down,67.02,High,Stable,6.9,No,"High volatility, stable",Vol contracting,Normal,Rising,Confirmed Down,-0.0324,Neutral,17.1848,Oversold,4 - Declining,early,84.0,20.0,3 - Topping,18.0,ENTER SHORT,26.5,5.0,None,"4 - Declining, trend 24 with bearish majority, momentum and volume confirm; early in the stage","4 - Declining, trend 27 but ADX shows no trend, this is a range - wait for alignment","4 - Declining, trend 20 but ADX shows no trend, this is a range - wait for alignment"
2025-05-21,734.7000122070312,743.5,725.0,740.3499755859375,567574,807.1718,846.187,Yes,6.25,Strong Bear,Downtrend,Hold,Uptrend (HH+HL),Bullish,23.97,Strong Bear,Bearish majority,"Strong Bear - majority agree, 1 dissenting, trending ADX",15.05,"Underperforming, weakening",Lags both,35.6112,Oversold,-23.4647,-17.8609,bearish fading,Oversold,-7.1137,-1.0456,full,37.38,Negative fading,31.42,Bearish,Bearish confirmed,None,Bearish - all 4 components agree incl. MACD acceleration,Lower Half,Trending,Bearish,Yes,No,Inside,64.84,High,Stable,5.12,No,"High volatility, stable",Vol contracting,Normal,Rising,Confirmed Up,0.0607,Accumulation,16.173,Oversold,4 - Declining,early,84.0,21.0,3 - Topping,18.0,ENTER SMALL,31.11,3.0,Volume,"4 - Declining, trend 24 short confirmed but money flow disagrees - reduce size, breakouts without volume fail more often","4 - Declining, trend 26 short confirmed but money flow disagrees - reduce size, breakouts without volume fail more often","4 - Declining, trend 19 but ADX shows no trend, this is a range - wait for alignment"
2025-05-22,735.0499877929688,749.5,735.0499877929688,743.25,263231,804.6651,845.1627,Yes,7.07,Strong Bear,Downtrend,Hold,Uptrend (HH+HL),Bullish,23.97,Strong Bear,Bearish majority,"Strong Bear - majority agree, 1 dissenting, trending ADX",14.84,"Underperforming, weakening",Lags both,36.7028,Oversold,-23.3895,-18.9666,bearish fading,Oversold,-7.9396,-1.161,full,35.58,Negative accelerating,32.61,Bearish,Bearish confirmed,None,Bearish - all 4 components agree incl. MACD acceleration,Lower Half,Trending,Bearish,Yes,No,Inside,62.42,High,Stable,5.32,No,"High volatility, stable",Vol contracting,Normal,Rising,Weak Up,0.0559,Accumulation,17.9089,Oversold,4 - Declining,early,84.0,22.0,3 - Topping,18.0,ENTER SMALL,30.27,3.0,Volume,"4 - Declining, trend 24 short confirmed but participation is thin - reduce size, breakouts without volume fail more often","4 - Declining, trend 25 short confirmed but money flow disagrees - reduce size, breakouts without volume fail more often","4 - Declining, trend 19 but ADX shows no trend, this is a range - wait for alignment"
2025-05-23,747.9000244140625,751.7000122070312,742.0999755859375,747.2000122070312,172410,802.4116,844.188,Yes,8.05,Strong Bear,Downtrend,Hold,Uptrend (HH+HL),Bullish,24.14,Strong Bear,Bearish majority,"Strong Bear - majority agree, 1 dissenting, trending ADX",21.24,"Underperforming, weakening",Lags both,38.2387,Neutral,-22.749,-19.7231,bearish fading,Oversold,-5.3818,-0.7763,full,43.78,Negative fading,37.71,Bearish,Bearish confirmed,None,Bearish - all 4 components agree incl. MACD acceleration,Lower Half,Trending,Bearish,Yes,No,Inside,56.07,Normal,Stable,-1.9,No,"Normal volatility, stable",Vol contracting,Dry-up,Rising,Weak Up,0.0583,Accumulation,20.5702,Neutral,4 - Declining,early,84.0,23.0,3 - Topping,18.0,ENTER SMALL,31.88,3.0,Volume,"4 - Declining, trend 24 short confirmed but participation is thin - reduce size, breakouts without volume fail more often","4 - Declining, trend 25 with bearish majority, momentum and volume confirm; early in the stage","4 - Declining, trend 18 but ADX shows no trend, this is a range - wait for alignment"
2025-05-26,749.9500122070312,759.0,746.6500244140625,750.4000244140625,235221,800.3719,843.2547,Yes,8.8,Strong Bear,Downtrend,Hold,Uptrend (HH+HL),Bullish,24.5,Strong Bear,Bearish majority,"Strong Bear - majority agree, 1 dissenting, trending ADX",18.31,"Underperforming, weakening",Lags both,39.5191,Neutral,-21.7326,-20.125,bearish fading,Neutral,-6.8867,-0.9935,full,42.43,Negative accelerating,39.68,Bearish,Bearish confirmed,None,Bearish - all 4 components agree incl. MACD acceleration,Lower Half,Trending,Bearish,Yes,No,Inside,52.38,Normal,Stable,-1.07,No,"Normal volatility, stable",Vol contracting,Normal,Rising,Weak Up,0.0506,Accumulation,23.0294,Neutral,4 - Declining,early,84.0,24.0,3 - Topping,18.0,ENTER SMALL,32.63,3.0,Volume,"4 - Declining, trend 24 short confirmed but participation is thin - reduce size, breakouts without volume fail more often","4 - Declining, trend 25 short confirmed but participation is thin - reduce size, breakouts without volume fail more often","4 - Declining, trend 29 but ADX shows no trend, this is a range - wait for alignment"
2025-05-27,756.0,756.0,744.9000244140625,749.2000122070312,210116,798.3651,842.3189,Yes,8.76,Strong Bear,Downtrend,Hold,Uptrend (HH+HL),Bullish,24.54,Strong Bear,Bearish majority,"Strong Bear - majority agree, 1 dissenting, trending ADX",25.32,"Underperforming, weakening",Lags both,39.191,Neutral,-20.7844,-20.2569,bearish fading,Neutral,-2.1613,-0.2911,full,46.65,Negative fading,42.37,Neutral,Bearish confirmed,None,Neutral - all 4 components agree incl. MACD acceleration,Lower Half,Trending,Bearish,Yes,No,Inside,48.61,Normal,Stable,-16.35,No,"Normal volatility, stable",Vol contracting,Dry-up,Rising,Weak Down,0.0471,Neutral,22.6237,Neutral,4 - Declining,early,84.0,25.0,3 - Topping,18.0,ENTER SMALL,32.25,3.0,Volume,"4 - Declining, trend 25 short confirmed but participation is thin - reduce size, breakouts without volume fail more often","4 - Declining, trend 24 with bearish majority, momentum and volume confirm; early in the stage","4 - Declining, trend 27 but ADX shows no trend, this is a range - wait for alignment"
2025-05-28,755.0,755.0,744.0999755859375,745.9500122070312,117495,796.3097,841.36,Yes,9.42,Strong Bear,Downtrend,Hold,Range,Bearish,14.8,Strong Bear,Bearish confirmed,"Strong Bear - all 4 components agree, trending ADX",26.82,"Underperforming, weakening",Lags both,38.2644,Neutral,-20.0639,-20.2183,Bullish crossover,Neutral,-0.3873,-0.0293,full,47.33,Negative fading,42.96,Neutral,Bearish majority,None,Neutral - price momentum agrees but MACD shows deceleration,Lower Half,Trending,Bearish,Yes,No,Inside,44.09,Normal,Contracting,-28.85,No,"Normal volatility, contracting - move losing energy",Vol contracting,Dry-up,Rising,Weak Down,0.0395,Neutral,21.5589,Neutral,4 - Declining,early,84.0,26.0,3 - Topping,18.0,ENTER SMALL,28.05,3.0,Volume,"4 - Declining, trend 15 short confirmed but participation is thin - reduce size, breakouts without volume fail more often","4 - Declining, trend 24 short confirmed but money flow disagrees - reduce size, breakouts without volume fail more often","4 - Declining, trend 26 short confirmed but money flow disagrees - reduce size, breakouts without volume fail more often"
2025-05-29,749.7000122070312,753.4500122070312,742.75,745.9500122070312,86288,794.3348,840.4106,Yes,10.84,Strong Bear,Downtrend,Hold,Range,Bearish,15.29,Strong Bear,Bearish confirmed,"Strong Bear - all 4 components agree, trending ADX",23.72,"Underperforming, weakening",Lags both,38.2644,Neutral,-19.2707,-20.0288,bearish accelerating,Neutral,-0.7517,-0.0829,full,45.74,Negative accelerating,42.92,Neutral,Bearish majority,None,Neutral - price momentum agrees but MACD shows deceleration,Lower Half,Trending,Bearish,Yes,No,Inside,39.09,Low,Contracting,-31.86,No,"Low volatility, contracting - coiling, watch for breakout",Low vol - tight stops,Dry-up,Rising,Flat,0.04,Neutral,21.4857,Neutral,4 - Declining,early,84.0,27.0,3 - Topping,18.0,ENTER SMALL,28.86,3.0,Volume,"4 - Declining, trend 15 short confirmed but participation is thin - reduce size, breakouts without volume fail more often","4 - Declining, trend 24 short confirmed but participation is thin - reduce size, breakouts without volume fail more often","4 - Declining, trend 25 short confirmed but money flow disagrees - reduce size, breakouts without volume fail more often"
2025-05-30,748.0,750.7000122070312,744.1500244140625,745.1500244140625,107506,792.406,839.4628,Yes,11.21,Strong Bear,Downtrend,Hold,Range,Bearish,15.42,Strong Bear,Bearish confirmed,"Strong Bear - all 4 components agree, trending ADX",24.57,"Underperforming, weakening",Lags both,38.0079,Neutral,-18.4935,-19.7217,bearish accelerating,Neutral,-0.2276,-0.0054,full,46.8,Negative fading,44.05,Neutral,Bearish majority,None,Neutral - price momentum agrees but MACD shows deceleration,Lower Half,Trending,Bearish,No,No,Inside,33.45,Low,Contracting,-34.53,No,"Low volatility, contracting - coiling, watch for breakout",Low vol - tight stops,Dry-up,Rising,Weak Down,0.0299,Neutral,20.4671,Neutral,4 - Declining,mid,84.0,28.0,3 - Topping,18.0,ENTER SMALL,28.65,3.0,Volume,"4 - Declining, trend 15 short confirmed but participation is thin - reduce size, breakouts without volume fail more often","4 - Declining, trend 24 short confirmed but participation is thin - reduce size, breakouts without volume fail more often","4 - Declining, trend 25 with bearish majority, momentum and volume confirm; early in the stage"
2025-06-02,746.9500122070312,750.7000122070312,744.5499877929688,746.4500122070312,142754,790.6038,838.5373,Yes,11.59,Strong Bear,Downtrend,Hold,Downtrend (LH+LL),Bearish,5.55,Strong Bear,Bearish confirmed,"Strong Bear - all 4 components agree, trending ADX",25.95,"Underperforming, weakening",Lags both,38.7268,Neutral,-17.5701,-19.2914,bearish accelerating,Neutral,0.6472,0.1234,full,49.95,Negative fading,47.39,Neutral,Bearish majority,None,Neutral - price momentum agrees but MACD shows deceleration,Lower Half,Trending,Bearish,No,No,Inside,30.67,Low,Contracting,-36.39,No,"Low volatility, contracting - coiling, watch for breakout",Low vol - tight stops,Dry-up,Rising,Weak Up,0.053,Accumulation,24.6527,Neutral,4 - Declining,mid,84.0,29.0,3 - Topping,18.0,ENTER SMALL,26.41,3.0,Volume,"4 - Declining, trend 6 short confirmed but participation is thin - reduce size, breakouts without volume fail more often","4 - Declining, trend 24 short confirmed but participation is thin - reduce size, breakouts without volume fail more often","4 - Declining, trend 25 short confirmed but participation is thin - reduce size, breakouts without volume fail more often"
2025-06-03,749.0,754.5,743.0,745.8499755859375,244945,788.8487,837.615,Yes,11.71,Strong Bear,Downtrend,Hold,Downtrend (LH+LL),Bearish,5.79,Strong Bear,Bearish confirmed,"Strong Bear - all 4 components agree, trending ADX",20.17,"Underperforming, weakening",Lags both,38.5048,Neutral,-16.6943,-18.772,bearish accelerating,Neutral,1.8086,0.2936,full,43.83,Negative accelerating,47.45,Neutral,Mixed,None,"Neutral - components mixed, low conviction",Lower Half,Trending,Bearish,No,No,Inside,23.97,Low,Contracting,-43.05,No,"Low volatility, contracting - coiling, watch for breakout",Low vol - tight stops,Normal,Rising,Weak Down,0.0427,Neutral,45.4596,Neutral,4 - Declining,mid,84.0,30.0,3 - Topping,18.0,ENTER SMALL,25.34,3.0,Volume,"4 - Declining, trend 6 short confirmed but participation is thin - reduce size, breakouts without volume fail more often","4 - Declining, trend 25 short confirmed but participation is thin - reduce size, breakouts without volume fail more often","4 - Declining, trend 24 with bearish majority, momentum and volume confirm; early in the stage"
2025-06-04,745.2999877929688,779.9000244140625,743.2000122070312,775.2000122070312,608078,788.3135,836.994,Yes,21.2,Bear,Downtrend,Hold,Downtrend (LH+LL),Bearish,31.2,Bear,Bearish majority,"Bear - majority agree, 1 dissenting, trending ADX",13.98,"Underperforming, weakening",Lags both,52.7654,Neutral,-13.4766,-17.7129,bearish accelerating,Neutral,4.7072,0.7187,full,39.59,Negative accelerating,54.78,Neutral,Bullish majority,Bullish divergence,Neutral - bullish divergence vs price over 21 bars,Upper Half,Trending,Bullish,No,No,Inside,23.21,Low,Contracting,-41.63,No,"Low volatility, contracting - coiling, watch for breakout",Low vol - tight stops,Normal,Rising,Confirmed Up,0.0824,Accumulation,38.8625,Neutral,4 - Declining,mid,84.0,31.0,3 - Topping,18.0,HOLD / TIGHTEN STOP,41.37,2.0,Momentum divergence,"4 - Declining, trend 31 short but momentum diverging - trend tiring, tighten stop","4 - Declining, trend 15 short confirmed but participation is thin - reduce size, breakouts without volume fail more often","4 - Declining, trend 24 short confirmed but money flow disagrees - reduce size, breakouts without volume fail more often"
2025-06-05,776.5,812.2000122070312,773.5499877929688,801.4000244140625,721386,788.8267,836.6398,Yes,28.81,Bear,Uptrend,Buy,Downtrend (LH+LL),Bearish,52.03,Neutral,Mixed,"Neutral - components mixed, low conviction",4.56,"Underperforming, weakening",Lags both,61.376,Neutral,-8.712,-15.9127,bearish accelerating,Overbought,7.8238,1.1707,full,37.39,Negative accelerating,60.06,Bullish,Bullish majority,None,"Bullish - majority agree, 1 dissenting",Above Upper,Trending,Bullish,No,No,Inside,24.13,Low,Contracting,-38.29,No,"Low volatility, contracting - coiling, watch for breakout",Low vol - tight stops,Normal,Rising,Confirmed Up,0.1025,Accumulation,54.421,Neutral,4 - Declining,mid,84.0,32.0,3 - Topping,18.0,WAIT,52.33,1.0,Trend,"4 - Declining, but trend score 52 does not confirm short - no directional edge","4 - Declining, trend 15 short confirmed but participation is thin - reduce size, breakouts without volume fail more often","4 - Declining, trend 24 short confirmed but participation is thin - reduce size, breakouts without volume fail more often"
2025-06-06,804.9500122070312,807.4000244140625,778.0999755859375,789.9500122070312,247148,788.8707,836.1752,Yes,34.07,Bear,Uptrend,Hold,Downtrend (LH+LL),Bearish,53.7,Neutral,Mixed,"Neutral - components mixed, low conviction",0.0,"Underperforming, weakening",Lags both,56.5263,Neutral,-5.7931,-13.8888,bearish accelerating,Overbought,5.7214,0.8538,full,26.34,Negative accelerating,56.4,Neutral,Bullish majority,Bullish divergence,Neutral - bullish divergence vs price over 21 bars,Upper Half,Trending,Bullish,No,No,Inside,26.71,Low,Contracting,-29.37,No,"Low volatility, contracting - coiling, watch for breakout",Low vol - tight stops,Dry-up,Rising,Weak Down,0.0943,Accumulation,56.0844,Neutral,4 - Declining,mid,74.0,33.0,3 - Topping,18.0,WAIT,50.59,1.0,Trend,"4 - Declining, but trend score 54 does not confirm short - no directional edge","4 - Declining, trend 15 short confirmed but participation is thin - reduce size, breakouts without volume fail more often","4 - Declining, trend 24 short confirmed but participation is thin - reduce size, breakouts without volume fail more often"
2025-06-09,800.0,817.1500244140625,794.0499877929688,809.0499877929688,292432,789.6621,835.9053,Yes,40.15,Neutral,Uptrend,Hold,Downtrend (LH+LL),Bearish,55.9,Neutral,Mixed,"Neutral - components mixed, low conviction",0.0,"Underperforming, weakening",Lags both,61.9302,Neutral,-1.9166,-11.4943,bearish accelerating,Overbought,7.8158,1.1542,full,26.25,Negative accelerating,58.85,Bullish,Bullish majority,None,"Bullish - majority agree, 1 dissenting",Above Upper,Trending,Bullish,No,No,Inside,27.42,Low,Contracting,-24.96,No,"Low volatility, contracting - coiling, watch for breakout",Low vol - tight stops,Normal,Rising,Weak Up,0.1056,Accumulation,67.3075,Neutral,4 - Declining,mid,74.0,34.0,3 - Topping,18.0,WAIT,53.51,1.0,Trend,"4 - Declining, but trend score 56 does not confirm short - no directional edge","4 - Declining, trend 6 short confirmed but participation is thin - reduce size, breakouts without volume fail more often","4 - Declining, trend 24 short confirmed but participation is thin - reduce size, breakouts without volume fail more often"
2025-06-10,812.4500122070312,812.7999877929688,797.5,799.8499755859375,114557,790.0616,835.5466,Yes,40.3,Neutral,Uptrend,Hold,Downtrend (LH+LL),Bearish,56.02,Neutral,Mixed,"Neutral - components mixed, low conviction",0.0,"Underperforming, weakening",Lags both,58.1789,Neutral,0.4085,-9.1138,bullish fading,Overbought,6.7605,0.9912,full,25.75,Negative accelerating,57.14,Neutral,Bullish majority,Bullish divergence,Neutral - bullish divergence vs price over 21 bars,At Upper,Trending,Bullish,No,No,Inside,24.64,Low,Contracting,-23.97,No,"Low volatility, contracting - coiling, watch for breakout",Low vol - tight stops,Dry-up,Rising,Weak Down,0.1045,Accumulation,75.2982,Neutral,4 - Declining,mid,74.0,35.0,3 - Topping,18.0,WAIT,51.85,1.0,Trend,"4 - Declining, but trend score 56 does not confirm short - no directional edge","4 - Declining, trend 6 short confirmed but participation is thin - reduce size, breakouts without volume fail more often","4 - Declining, trend 25 short confirmed but participation is thin - reduce size, breakouts without volume fail more often"
2025-06-11,803.9500122070312,805.3499755859375,792.25,797.8499755859375,105377,790.367,835.1715,Yes,41.85,Neutral,Uptrend,Hold,Downtrend (LH+LL),Bearish,56.4,Neutral,Mixed,"Neutral - components mixed, low conviction",0.0,"Underperforming, improving",Lags both,57.3654,Neutral,2.066,-6.8778,bullish fading,Overbought,6.9576,1.0128,full,26.18,Negative fading,56.62,Neutral,Bullish majority,None,"Neutral - majority agree, 1 dissenting",Upper Half,Trending,Bullish,No,No,Inside,23.13,Low,Contracting,-20.95,No,"Low volatility, contracting - coiling, watch for breakout",Low vol - tight stops,Dry-up,Rising,Weak Down,-0.0413,Neutral,71.0588,Neutral,4 - Declining,mid,74.0,36.0,3 - Topping,18.0,WAIT,51.87,1.0,Trend,"4 - Declining, but trend score 56 does not confirm short - no directional edge","4 - Declining, trend 31 short but momentum diverging - trend tiring, tighten stop","4 - Declining, trend 15 short confirmed but participation is thin - reduce size, breakouts without volume fail more often"
2025-06-12,800.0,810.75,786.0,788.5,181513,790.2938,834.7071,Yes,40.34,Neutral,Uptrend,Hold,Downtrend (LH+LL),Bearish,55.45,Neutral,Mixed,"Neutral - components mixed, low conviction",0.0,"Underperforming, improving",Lags both,53.5926,Neutral,2.5951,-4.9832,bullish fading,Neutral,5.7041,0.8228,full,22.78,Negative accelerating,52.33,Neutral,Bullish majority,None,"Neutral - majority agree, 1 dissenting",Upper Half,Trending,Bullish,No,No,Inside,25.2,Low,Stable,-13.89,No,"Low volatility, stable",Low vol - tight stops,Normal,Rising,Weak Down,-0.1086,Distribution,65.7804,Neutral,4 - Declining,mid,74.0,37.0,3 - Topping,18.0,WAIT,50.15,1.0,Trend,"4 - Declining, but trend score 55 does not confirm short - no directional edge","4 - Declining, but trend score 52 does not confirm short - no directional edge","4 - Declining, trend 15 short confirmed but participation is thin - reduce size, breakouts without volume fail more often"
2025-06-13,778.8499755859375,799.4000244140625,770.0499877929688,792.4000244140625,143054,790.3764,834.2861,Yes,40.93,Neutral,Uptrend,Hold,Downtrend (LH+LL),Bearish,54.65,Neutral,Mixed,"No clear trend - ADX emerging, price ranging",0.0,"Underperforming, improving",Lags both,54.9242,Neutral,3.2913,-3.3283,bullish fading,Neutral,6.341,0.9105,full,25.77,Negative fading,52.39,Neutral,Bullish majority,None,"Neutral - majority agree, 1 dissenting",Upper Half,Emerging,Bullish,No,Yes,Inside,27.06,Low,Stable,-6.39,No,"Low volatility, stable",Low vol - tight stops,Normal,Falling,Weak Up,-0.0244,Neutral,60.5723,Neutral,4 - Declining,mid,74.0,38.0,3 - Topping,18.0,WAIT,51.01,1.0,Trend,"4 - Declining, but trend score 55 does not confirm short - no directional edge","4 - Declining, but trend score 54 does not confirm short - no directional edge","4 - Declining, trend 15 short confirmed but participation is thin - reduce size, breakouts without volume fail more often"
2025-06-16,785.0,798.0,781.2000122070312,791.5,64364,790.4205,833.8604,Yes,40.62,Neutral,Uptrend,Hold,Range,Bullish,63.61,Bull,Mixed,"Range with bullish lean - ADX emerging, direction not confirmed",0.0,"Underperforming, improving",Lags both,54.5353,Neutral,3.7274,-1.9172,bullish fading,Neutral,6.0352,0.8619,full,19.68,Negative accelerating,49.29,Neutral,Bullish majority,None,"Neutral - majority agree, 1 dissenting",Upper Half,Emerging,Bullish,No,Yes,Inside,25.6,Low,Stable,-5.08,No,"Low volatility, stable",Low vol - tight stops,Dry-up,Falling,Weak Down,0.0181,Neutral,65.2338,Neutral,4 - Declining,mid,74.0,39.0,3 - Topping,18.0,WAIT,52.91,1.0,Trend,"4 - Declining, but trend score 64 does not confirm short - no directional edge","4 - Declining, but trend score 56 does not confirm short - no directional edge","4 - Declining, trend 6 short confirmed but participation is thin - reduce size, breakouts without volume fail more often"
2025-06-17,798.0,800.0,785.0,787.9500122070312,179871,790.3236,833.4036,Yes,39.05,Bear,Uptrend,Hold,Range,Bullish,62.27,Bull,Mixed,"Range with bullish lean - ADX emerging, direction not confirmed",0.0,"Underperforming, improving",Lags both,52.9429,Neutral,3.7434,-0.7851,bullish fading,Neutral,5.6446,0.8022,full,23.53,Negative fading,48.97,Neutral,Bullish majority,None,"Neutral - majority agree, 1 dissenting",Upper Half,Emerging,Bullish,No,Yes,Inside,23.3,Low,Stable,-0.67,No,"Low volatility, stable",Low vol - tight stops,Normal,Falling,Weak Down,0.0972,Accumulation,69.4521,Neutral,4 - Declining,mid,74.0,40.0,3 - Topping,18.0,WAIT,52.21,1.0,Trend,"4 - Declining, but trend score 62 does not confirm short - no directional edge","4 - Declining, but trend score 56 does not confirm short - no directional edge","4 - Declining, trend 6 short confirmed but participation is thin - reduce size, breakouts without volume fail more often"
2025-06-18,790.0,795.2000122070312,766.7000122070312,768.5999755859375,123453,789.4717,832.7587,Yes,30.77,Bear,Uptrend,Hold,Range,Bullish,47.65,Neutral,Mixed,"No clear trend - ADX emerging, price ranging",0.0,"Underperforming, improving",Lags both,45.1961,Neutral,2.1697,-0.1941,bullish fading,Neutral,-0.8514,-0.1451,full,22.4,Negative accelerating,42.99,Neutral,Mixed,None,"Neutral - components mixed, low conviction",Lower Half,Emerging,Bearish,No,Yes,Inside,25.4,Low,Stable,2.18,No,"Low volatility, stable",Low vol - tight stops,Normal,Falling,Weak Down,-0.0032,Neutral,68.6012,Neutral,4 - Declining,mid,74.0,41.0,3 - Topping,18.0,WAIT,43.84,1.0,Trend,"4 - Declining, but trend score 48 does not confirm short - no directional edge","4 - Declining, but trend score 56 does not confirm short - no directional edge","4 - Declining, trend 31 short but momentum diverging - trend tiring, tighten stop"
2025-06-19,768.5999755859375,775.75,748.0,760.8499755859375,154177,788.3493,832.0432,Yes,26.5,Bear,Uptrend,Hold,Range,Bullish,43.81,Neutral,Mixed,"No clear trend - ADX emerging, price ranging",0.0,"Underperforming, improving",Lags both,42.513,Neutral,0.2937,-0.0966,bullish fading,Neutral,-5.0599,-0.7535,full,26.92,Negative fading,39.94,Bearish,Bearish majority,None,Bearish - price momentum agrees but MACD shows deceleration,Lower Half,Emerging,Bearish,No,Yes,Inside,26.03,Low,Stable,1.9,No,"Low volatility, stable",Low vol - tight stops,Normal,Falling,Weak Down,-0.0143,Neutral,67.6216,Neutral,4 - Declining,mid,74.0,42.0,3 - Topping,18.0,WAIT,41.2,1.0,Trend,"4 - Declining, but trend score 44 does not confirm short - no directional edge","4 - Declining, but trend score 55 does not confirm short - no directional edge","4 - Declining, but trend score 52 does not confirm short - no directional edge"
2025-06-20,760.8499755859375,780.6500244140625,753.75,775.7000122070312,153746,787.8532,831.4826,Yes,28.61,Bear,Uptrend,Hold,Range,Bullish,48.77,Neutral,Mixed,"No clear trend - ADX emerging, price ranging",0.53,"Underperforming, improving",Lags both,48.7868,Neutral,0.0053,-0.0762,bullish fading,Neutral,-1.8039,-0.2732,full,30.37,Negative fading,41.9,Bearish,Bearish majority,None,Bearish - price momentum agrees but MACD shows deceleration,Upper Half,Emerging,Bearish,No,Yes,Inside,25.28,Low,Stable,-1.43,No,"Low volatility, stable",Low vol - tight stops,Normal,Falling,Weak Up,0.006,Neutral,67.7668,Neutral,4 - Declining,mid,74.0,43.0,3 - Topping,18.0,WAIT,45.22,1.0,Trend,"4 - Declining, but trend score 49 does not confirm short - no directional edge","4 - Declining, but trend score 55 does not confirm short - no directional edge","4 - Declining, but trend score 54 does not confirm short - no directional edge"
2025-06-23,770.0,772.9500122070312,761.2000122070312,764.1500244140625,81072,786.9237,830.8126,Yes,17.81,Strong Bear,Uptrend,Hold,Range,Bullish,41.79,Neutral,Mixed,"No clear trend - ADX emerging, price ranging",1.73,"Underperforming, improving",Lags both,44.7006,Neutral,-1.1422,-0.2894,Bearish crossover,Neutral,-5.5497,-0.8149,full,29.41,Negative accelerating,39.23,Bearish,Bearish confirmed,None,Bearish - all 4 components agree incl. MACD acceleration,Lower Half,Emerging,Bearish,No,Yes,Inside,22.9,Low,Stable,-4.52,No,"Low volatility, stable",Low vol - tight stops,Dry-up,Falling,Weak Down,0.019,Neutral,63.7079,Neutral,4 - Declining,mid,84.0,44.0,3 - Topping,18.0,WAIT,39.07,1.0,Trend,"4 - Declining, but trend score 42 does not confirm short - no directional edge","4 - Declining, but trend score 64 does not confirm short - no directional edge","4 - Declining, but trend score 56 does not confirm short - no directional edge"
2025-06-24,775.0,780.75,760.0499877929688,773.5,143906,786.3972,830.2424,Yes,18.53,Strong Bear,Uptrend,Hold,Range,Bullish,45.04,Neutral,Mixed,"No clear trend - ADX no trend, price ranging",5.45,"Underperforming, improving",Lags both,48.4637,Neutral,-1.2823,-0.488,bearish fading,Neutral,-3.2944,-0.4782,full,30.35,Negative fading,41.25,Bearish,Bearish confirmed,None,Bearish - all 4 components agree incl. MACD acceleration,Lower Half,No Trend,Bearish,No,Yes,Inside,21.11,Low,Stable,-3.53,No,"Low volatility, stable",Low vol - tight stops,Normal,Falling,Weak Up,0.0418,Neutral,57.681,Neutral,4 - Declining,mid,84.0,45.0,3 - Topping,18.0,WAIT,42.34,1.0,Trend,"4 - Declining, but trend score 45 does not confirm short - no directional edge","4 - Declining, but trend score 62 does not confirm short - no directional edge","4 - Declining, but trend score 56 does not confirm short - no directional edge"
2025-06-25,765.0,783.9500122070312,765.0,778.25,93019,786.0777,829.725,Yes,18.76,Strong Bear,Uptrend,Hold,Range,Bullish,46.94,Neutral,Mixed,"No clear trend - ADX no trend, price ranging",2.27,"Underperforming, improving",Lags both,50.3135,Neutral,-0.9985,-0.5901,bearish fading,Neutral,-2.4566,-0.3492,full,28.04,Negative accelerating,41.52,Bearish,Bearish majority,Bearish divergence,Bearish - bearish divergence vs price over 21 bars,Upper Half,No Trend,Bearish,No,Yes,Inside,18.73,Very Low,Stable,-4.41,No,"Very Low volatility, stable",Low vol - tight stops,Dry-up,Falling,Weak Up,0.0708,Accumulation,44.6901,Neutral,4 - Declining,mid,84.0,46.0,3 - Topping,18.0,WAIT,43.28,1.0,Trend,"4 - Declining, but trend score 47 does not confirm short - no directional edge","4 - Declining, but trend score 48 does not confirm short - no directional edge","4 - Declining, but trend score 56 does not confirm short - no directional edge"
2025-06-26,782.0,786.0,768.5,769.4500122070312,180602,785.4257,829.1253,Yes,18.61,Strong Bear,Uptrend,Hold,Uptrend (HH+HL),Bullish,54.95,Neutral,Mixed,"No clear trend - ADX no trend, price ranging",3.1,"Underperforming, weakening",Lags both,46.9512,Neutral,-1.4668,-0.7654,bearish accelerating,Neutral,-2.416,-0.338,full,28.46,Negative fading,40.48,Bearish,Bearish confirmed,Bearish divergence,Bearish - bearish divergence vs price over 21 bars,Lower Half,No Trend,Bearish,No,Yes,Inside,17.06,Very Low,Stable,-8.13,No,"Very Low volatility, stable",Low vol - tight stops,Normal,Falling,Weak Down,0.0383,Neutral,46.2692,Neutral,4 - Declining,mid,84.0,47.0,3 - Topping,18.0,WAIT,45.37,1.0,Trend,"4 - Declining, but trend score 55 does not confirm short - no directional edge","4 - Declining, but trend score 44 does not confirm short - no directional edge","4 - Declining, but trend score 55 does not confirm short - no directional edge"
2025-06-27,776.0,776.0,764.0499877929688,765.7000122070312,66159,784.6521,828.4942,Yes,16.41,Strong Bear,Uptrend,Hold,Uptrend (HH+HL),Bullish,53.45,Neutral,Mixed,"No clear trend - ADX no trend, price ranging",2.31,"Underperforming, weakening",Lags both,45.5542,Neutral,-2.1161,-1.0356,bearish accelerating,Neutral,-3.3695,-0.4737,full,28.48,Negative fading,39.32,Bearish,Bearish confirmed,Bearish divergence,Bearish - bearish divergence vs price over 21 bars,Lower Half,No Trend,Bearish,No,No,Inside,13.77,Very Low,Stable,-13.29,No,"Very Low volatility, stable",Low vol - tight stops,Dry-up,Falling,Weak Down,0.0453,Neutral,35.488,Neutral,4 - Declining,mid,84.0,48.0,3 - Topping,18.0,WAIT,44.35,1.0,Trend,"4 - Declining, but trend score 53 does not confirm short - no directional edge","4 - Declining, but trend score 49 does not confirm short - no directional edge","4 - Declining, but trend score 55 does not confirm short - no directional edge"
2025-06-30,769.0,773.3499755859375,760.5499877929688,761.75,97775,783.754,827.83,Yes,15.32,Strong Bear,Uptrend,Hold,Uptrend (HH+HL),Bullish,52.13,Neutral,Mixed,"No clear trend - ADX no trend, price ranging",3.55,"Underperforming, weakening",Lags both,44.0668,Neutral,-2.9159,-1.4116,bearish accelerating,Neutral,-3.7587,-0.5261,full,30.13,Negative fading,38.1,Bearish,Bearish confirmed,Bearish divergence,Bearish - bearish divergence vs price over 21 bars,Lower Half,No Trend,Bearish,No,No,Inside,12.34,Very Low,Stable,-13.25,No,"Very Low volatility, stable",Low vol - tight stops,Dry-up,Falling,Weak Down,0.0396,Neutral,35.9317,Neutral,4 - Declining,mid,84.0,49.0,3 - Topping,18.0,WAIT,43.39,1.0,Trend,"4 - Declining, but trend score 52 does not confirm short - no directional edge","4 - Declining, but trend score 42 does not confirm short - no directional edge","4 - Declining, but trend score 64 does not confirm short - no directional edge"
2025-07-01,763.0,766.2000122070312,754.0,757.75,79551,782.7342,827.1327,Yes,12.48,Strong Bear,Uptrend,Hold,Uptrend (HH+HL),Bullish,49.93,Neutral,Mixed,"No clear trend - ADX no trend, price ranging",6.25,"Underperforming, weakening",Lags both,42.5516,Neutral,-3.8283,-1.895,bearish accelerating,Neutral,-3.8327,-0.5311,full,31.53,Negative fading,37.04,Bearish,Bearish confirmed,Bearish divergence,Bearish - bearish divergence vs price over 21 bars,Lower Half,No Trend,Bearish,No,No,Inside,10.59,Very Low,Stable,-12.7,No,"Very Low volatility, stable",Low vol - tight stops,Dry-up,Falling,Weak Down,0.0655,Accumulation,36.5621,Neutral,4 - Declining,mid,84.0,50.0,3 - Topping,18.0,WAIT,42.08,1.0,Trend,"4 - Declining, but trend score 50 does not confirm short - no directional edge","4 - Declining, but trend score 45 does not confirm short - no directional edge","4 - Declining, but trend score 62 does not confirm short - no directional edge"
2025-07-02,758.0999755859375,762.8499755859375,750.0999755859375,751.9500122070312,105279,781.527,826.3846,Yes,11.2,Strong Bear,Uptrend,Hold,Uptrend (HH+HL),Bullish,47.64,Neutral,Mixed,"No clear trend - ADX no trend, price ranging",5.66,"Underperforming, weakening",Lags both,40.3834,Neutral,-4.9622,-2.5084,bearish accelerating,Oversold,-2.1663,-0.2765,full,30.97,Negative accelerating,34.94,Bearish,Bearish confirmed,Bearish divergence,Bearish - bearish divergence vs price over 21 bars,Lower Half,No Trend,Bearish,No,No,Inside,12.26,Very Low,Stable,-13.13,No,"Very Low volatility, stable",Low vol - tight stops,Normal,Falling,Weak Down,-0.0829,Distribution,38.4022,Neutral,4 - Declining,mid,84.0,51.0,3 - Topping,18.0,WAIT,40.42,1.0,Trend,"4 - Declining, but trend score 48 does not confirm short - no directional edge","4 - Declining, but trend score 47 does not confirm short - no directional edge","4 - Declining, but trend score 48 does not confirm short - no directional edge"
2025-07-03,756.75,760.0,746.5,754.9000244140625,113690,780.4828,825.6734,Yes,12.01,Strong Bear,Uptrend,Hold,Range,Bullish,38.43,Bear,Mixed,"Range with bearish lean - ADX no trend, direction not confirmed",4.66,"Underperforming, weakening",Lags both,42.0021,Neutral,-5.5587,-3.1185,bearish fading,Oversold,-0.782,-0.0643,full,33.06,Negative fading,35.85,Bearish,Bearish confirmed,None,Bearish - all 4 components agree incl. MACD acceleration,Lower Half,No Trend,Bearish,Yes,No,Near Lower,11.83,Very Low,Stable,-14.21,No,"Very Low volatility, stable",Low vol - tight stops,Normal,Falling,Weak Up,-0.2082,Distribution,39.222,Neutral,4 - Declining,mid,84.0,52.0,3 - Topping,18.0,WAIT,38.0,1.0,Trend agreement,"4 - Declining, trend 38 but components disagree - wait for alignment","4 - Declining, but trend score 55 does not confirm short - no directional edge","4 - Declining, but trend score 44 does not confirm short - no directional edge"
2025-07-04,757.9000244140625,785.0,754.9000244140625,778.7999877929688,445964,780.4168,825.207,Yes,17.54,Strong Bear,Uptrend,Hold,Range,Bullish,50.45,Neutral,Mixed,"No clear trend - ADX no trend, price ranging",18.52,"Underperforming, weakening",Lags both,53.1105,Neutral,-4.0562,-3.306,bearish fading,Neutral,0.3996,0.1186,full,43.06,Negative fading,45.74,Neutral,Bearish majority,None,"Neutral - majority agree, 1 dissenting",Upper Half,No Trend,Bullish,No,No,Inside,11.82,Very Low,Stable,-13.45,No,"Very Low volatility, stable",Low vol - tight stops,High,Falling,Confirmed Up,-0.088,Distribution,50.7055,Neutral,4 - Declining,mid,84.0,53.0,3 - Topping,18.0,WAIT,47.32,1.0,Trend,"4 - Declining, but trend score 50 does not confirm short - no directional edge","4 - Declining, but trend score 53 does not confirm short - no directional edge","4 - Declining, but trend score 49 does not confirm short - no directional edge"
2025-07-07,778.7999877929688,799.9000244140625,775.25,793.5,310587,780.9299,824.8915,Yes,27.06,Bear,Uptrend,Hold,Range,Bullish,55.73,Neutral,Mixed,"No clear trend - ADX no trend, price ranging",15.86,"Underperforming, weakening",Lags both,58.3894,Neutral,-1.6601,-2.9768,Bullish crossover,Neutral,3.8409,0.6372,full,41.71,Negative accelerating,52.31,Neutral,Bullish majority,Bearish divergence,Neutral - bearish divergence vs price over 21 bars,Upper Half,No Trend,Bullish,No,No,Inside,10.12,Very Low,Stable,-12.78,No,"Very Low volatility, stable",Low vol - tight stops,High,Falling,Confirmed Up,-0.0664,Distribution,53.7662,Neutral,4 - Declining,mid,84.0,54.0,3 - Topping,18.0,WAIT,51.67,1.0,Trend,"4 - Declining, but trend score 56 does not confirm short - no directional edge","4 - Declining, but trend score 52 does not confirm short - no directional edge","4 - Declining, but trend score 42 does not confirm short - no directional edge"
2025-07-08,796.0,811.5,780.0999755859375,782.4000244140625,170364,780.9875,824.4687,Yes,35.05,Bear,Uptrend,Hold,Range,Bullish,57.74,Neutral,Mixed,"No clear trend - ADX no trend, price ranging",10.31,"Underperforming, weakening",Lags both,53.4922,Neutral,-0.6493,-2.5113,bearish accelerating,Neutral,1.1506,0.2338,full,41.11,Negative accelerating,52.81,Neutral,Bullish majority,None,"Neutral - majority agree, 1 dissenting",Upper Half,No Trend,Bullish,Yes,No,Inside,11.19,Very Low,Stable,-9.92,No,"Very Low volatility, stable",Low vol - tight stops,Normal,Falling,Confirmed Down,-0.0872,Distribution,60.4778,Neutral,4 - Declining,mid,74.0,55.0,3 - Topping,18.0,WAIT,50.13,1.0,Trend,"4 - Declining, but trend score 58 does not confirm short - no directional edge","4 - Declining, but trend score 50 does not confirm short - no directional edge","4 - Declining, but trend score 45 does not confirm short - no directional edge"
2025-07-09,786.25,787.6500244140625,777.5499877929688,780.8499755859375,71947,780.9821,824.0346,Yes,36.17,Bear,Uptrend,Hold,Range,Bullish,57.82,Neutral,Mixed,"No clear trend - ADX no trend, price ranging",4.46,"Underperforming, weakening",Lags both,52.8259,Neutral,0.0263,-2.0038,bullish accelerating,Neutral,0.3341,0.1147,full,43.48,Negative fading,53.21,Neutral,Bullish majority,None,"Neutral - majority agree, 1 dissenting",Upper Half,No Trend,Bullish,No,No,Inside,6.67,Very Low,Stable,-12.06,Partial,"Very Low volatility, stable",Coiled - low vol squeeze,Dry-up,Falling,Weak Down,-0.0915,Distribution,62.7385,Neutral,4 - Declining,mid,74.0,56.0,3 - Topping,18.0,WAIT,51.48,1.0,Trend,"4 - Declining, but trend score 58 does not confirm short - no directional edge","4 - Declining, but trend score 48 does not confirm short - no directional edge","4 - Declining, but trend score 47 does not confirm short - no directional edge"
2025-07-10,778.0,786.9000244140625,777.5999755859375,780.4500122070312,51721,780.9613,823.601,Yes,36.61,Bear,Uptrend,Hold,Range,Bullish,57.97,Neutral,Mixed,"No clear trend - ADX no trend, price ranging",5.87,"Underperforming, weakening",Lags both,52.6437,Neutral,0.5234,-1.4984,bullish fading,Neutral,1.4296,0.2839,full,39.72,Negative accelerating,50.59,Neutral,Bullish majority,None,"Neutral - majority agree, 1 dissenting",Upper Half,No Trend,Bullish,No,No,Inside,5.4,Very Low,Stable,-11.67,Partial,"Very Low volatility, stable",Coiled - low vol squeeze,Dry-up,Falling,Weak Down,-0.0515,Distribution,58.2786,Neutral,4 - Declining,mid,74.0,57.0,3 - Topping,18.0,WAIT,50.76,1.0,Trend,"4 - Declining, but trend score 58 does not confirm short - no directional edge","4 - Declining, trend 38 but components disagree - wait for alignment","4 - Declining, but trend score 55 does not confirm short - no directional edge"
2025-07-11,783.7000122070312,786.4500122070312,775.0,778.5499877929688,67374,780.8667,823.1527,Yes,36.91,Bear,Uptrend,Hold,Range,Bullish,57.52,Neutral,Mixed,"No clear trend - ADX no trend, price ranging",7.71,"Underperforming, weakening",Lags both,51.7308,Neutral,0.7554,-1.0476,bullish fading,Neutral,1.6782,0.3228,full,40.73,Negative fading,50.16,Neutral,Bullish majority,None,"Neutral - majority agree, 1 dissenting",Upper Half,No Trend,Bullish,Yes,No,Inside,4.33,Very Low,Stable,-9.44,Partial,"Very Low volatility, stable",Coiled - low vol squeeze,Dry-up,Falling,Weak Down,-0.0894,Distribution,58.6384,Neutral,4 - Declining,mid,74.0,58.0,3 - Topping,18.0,WAIT,50.43,1.0,Trend,"4 - Declining, but trend score 58 does not confirm short - no directional edge","4 - Declining, but trend score 50 does not confirm short - no directional edge","4 - Declining, but trend score 53 does not confirm short - no directional edge"
2025-07-14,777.5499877929688,783.1500244140625,770.0499877929688,776.0,65834,780.6759,822.6835,Yes,35.25,Bear,Uptrend,Hold,Range,Bullish,55.95,Neutral,Mixed,"No clear trend - ADX no trend, price ranging",10.48,"Underperforming, weakening",Lags both,50.466,Neutral,0.7251,-0.6931,bullish fading,Neutral,1.8707,0.3517,full,38.13,Negative accelerating,48.31,Neutral,Mixed,None,"Neutral - components mixed, low conviction",Upper Half,No Trend,Bullish,Yes,No,Inside,3.81,Very Low,Stable,-8.53,Partial,"Very Low volatility, stable",Coiled - low vol squeeze,Dry-up,Falling,Weak Down,-0.0968,Distribution,53.5397,Neutral,4 - Declining,mid,74.0,59.0,3 - Topping,18.0,WAIT,49.17,1.0,Trend,"4 - Declining, but trend score 56 does not confirm short - no directional edge","4 - Declining, but trend score 56 does not confirm short - no directional edge","4 - Declining, but trend score 52 does not confirm short - no directional edge"
2025-07-15,780.0,837.0,778.8499755859375,824.2000122070312,578406,782.3827,822.6986,No,55.88,Neutral,Uptrend,Hold,Range,Bullish,67.12,Bull,Bullish confirmed,"Range with bullish lean - ADX no trend, direction not confirmed",28.35,"Underperforming, improving",Lags both,66.9267,Overbought,4.5381,0.3532,bullish accelerating,Neutral,8.7694,1.387,full,48.69,Negative fading,60.43,Bullish,Bullish majority,None,"Bullish - majority agree, 1 dissenting",Above Upper,No Trend,Bullish,Yes,No,Breakout Up,14.96,Very Low,Stable,4.37,No,"Very Low volatility, stable",Low vol - tight stops,High,Falling,Confirmed Up,0.0526,Accumulation,63.3477,Neutral,4 - Declining,mid,64.0,60.0,3 - Topping,18.0,WAIT,61.23,1.0,Trend,"4 - Declining, but trend score 67 does not confirm short - no directional edge","4 - Declining, but trend score 58 does not confirm short - no directional edge","4 - Declining, but trend score 50 does not confirm short - no directional edge"
2025-07-16,825.0,829.2000122070312,813.0,818.4000244140625,108087,783.7951,822.6558,Yes,55.54,Neutral,Uptrend,Hold,Range,Bullish,68.04,Bull,Bullish confirmed,"Range with bullish lean - ADX emerging, direction not confirmed",25.59,"Underperforming, improving",Lags both,64.1636,Overbought,7.0111,1.6847,bullish accelerating,Neutral,8.837,1.3869,full,45.61,Negative accelerating,60.85,Bullish,Bullish majority,None,"Bullish - majority agree, 1 dissenting",Above Upper,Emerging,Bullish,Yes,Yes,Inside,20.75,Low,Stable,8.49,No,"Low volatility, stable",Low vol - tight stops,Normal,Falling,Weak Down,0.0755,Accumulation,69.9466,Neutral,4 - Declining,mid,64.0,61.0,3 - Topping,18.0,WAIT,59.37,1.0,Trend,"4 - Declining, but trend score 68 does not confirm short - no directional edge","4 - Declining, but trend score 58 does not confirm short - no directional edge","4 - Declining, but trend score 48 does not confirm short - no directional edge"
2025-07-17,813.0,825.0,810.1500244140625,819.75,72497,785.2051,822.6269,Yes,62.37,Bull,Uptrend,Hold,Range,Bullish,71.26,Bull,Bullish confirmed,"Range with bullish lean - ADX emerging, direction not confirmed",34.36,"Underperforming, improving",Lags both,64.5306,Overbought,8.9764,3.1431,bullish accelerating,Overbought,8.5905,1.3383,full,48.06,Negative fading,63.5,Bullish,Bullish majority,None,"Bullish - majority agree, 1 dissenting",At Upper,Emerging,Bullish,Yes,Yes,Inside,21.19,Low,Stable,9.36,No,"Low volatility, stable",Low vol - tight stops,Dry-up,Falling,Weak Up,0.0882,Accumulation,69.6251,Neutral,4 - Declining,mid,50.0,62.0,3 - Topping,18.0,WAIT,64.22,1.0,Trend,"4 - Declining, but trend score 71 does not confirm short - no directional edge","4 - Declining, but trend score 58 does not confirm short - no directional edge","4 - Declining, trend 38 but components disagree - wait for alignment"
2025-07-18,819.5,830.0,806.0,822.5999755859375,112572,786.6716,822.6267,Yes,62.93,Bull,Uptrend,Hold,Range,Bullish,72.33,Bull,Bullish confirmed,"Range with bullish lean - ADX emerging, direction not confirmed",44.36,"Underperforming, improving",Lags both,65.3378,Overbought,10.6413,4.6427,bullish accelerating,Overbought,5.624,0.8864,full,52.47,Positive accelerating,65.08,Bullish,Bullish confirmed,None,Bullish - all 4 components agree incl. MACD acceleration,At Upper,Emerging,Bullish,Yes,Yes,Inside,23.89,Low,Stable,12.06,No,"Low volatility, stable",Low vol - tight stops,Normal,Falling,Weak Up,0.0715,Accumulation,73.9293,Neutral,4 - Declining,mid,50.0,63.0,3 - Topping,18.0,WAIT,65.17,1.0,Trend,"4 - Declining, but trend score 72 does not confirm short - no directional edge","4 - Declining, but trend score 58 does not confirm short - no directional edge","4 - Declining, but trend score 50 does not confirm short - no directional edge"
2025-07-21,822.5999755859375,828.2000122070312,813.0499877929688,818.7999877929688,60323,787.9315,822.5886,Yes,62.19,Bull,Uptrend,Hold,Range,Bullish,72.88,Bull,Bullish confirmed,"Bull - all 4 components agree, trending ADX",54.05,"Outperforming, strengthening",Leads NIFTY50 only,63.2703,Overbought,11.5213,6.0184,bullish fading,Overbought,3.1884,0.5177,full,60.88,Positive accelerating,66.56,Bullish,Bullish confirmed,None,Bullish - all 4 components agree incl. MACD acceleration,Upper Half,Trending,Bullish,Yes,No,Inside,24.09,Low,Stable,13.97,No,"Low volatility, stable",Low vol - tight stops,Dry-up,Falling,Weak Down,0.0806,Accumulation,77.0395,Neutral,4 - Declining,mid,50.0,64.0,3 - Topping,18.0,WAIT,64.66,1.0,Trend,"4 - Declining, but trend score 73 does not confirm short - no directional edge","4 - Declining, but trend score 56 does not confirm short - no directional edge","4 - Declining, but trend score 56 does not confirm short - no directional edge"
2025-07-22,818.7999877929688,824.1500244140625,807.0,812.4500122070312,61400,788.893,822.4877,Yes,61.17,Bull,Uptrend,Hold,Uptrend (HH+HL),Bullish,82.95,Strong Bull,Bullish confirmed,"Strong Bull - all 4 components agree, trending ADX",37.53,"Underperforming, improving",Lags both,59.8616,Neutral,11.5728,7.1293,bullish fading,Neutral,3.8407,0.6105,full,46.04,Negative accelerating,59.8,Bullish,Bullish majority,None,"Bullish - majority agree, 1 dissenting",Upper Half,Trending,Bullish,Yes,No,Inside,24.37,Low,Stable,13.18,No,"Low volatility, stable",Low vol - tight stops,Dry-up,Falling,Weak Down,0.0604,Accumulation,78.2863,Neutral,4 - Declining,mid,50.0,65.0,3 - Topping,18.0,WAIT,67.17,1.0,Trend,"4 - Declining, but trend score 83 does not confirm short - no directional edge","4 - Declining, but trend score 67 does not confirm short - no directional edge","4 - Declining, but trend score 58 does not confirm short - no directional edge"
2025-07-23,812.0,816.0499877929688,782.75,807.25,122365,789.6129,822.3361,Yes,60.38,Bull,Uptrend,Hold,Uptrend (HH+HL),Bullish,82.01,Strong Bull,Bullish confirmed,"Range with bullish lean - ADX emerging, direction not confirmed",31.93,"Underperforming, improving",Lags both,57.1464,Neutral,11.0666,7.9168,bullish fading,Neutral,3.3809,0.5369,full,43.57,Negative accelerating,56.19,Neutral,Bullish majority,None,"Neutral - majority agree, 1 dissenting",Upper Half,Emerging,Bullish,Yes,Yes,Inside,27.42,Low,Expanding,20.76,No,"Low volatility, expanding - range widening",Low vol - tight stops,Normal,Falling,Weak Down,0.0668,Accumulation,77.7552,Neutral,4 - Declining,mid,50.0,66.0,3 - Topping,18.0,WAIT,65.66,1.0,Trend,"4 - Declining, but trend score 82 does not confirm short - no directional edge","4 - Declining, but trend score 68 does not confirm short - no directional edge","4 - Declining, but trend score 58 does not confirm short - no directional edge"
2025-07-24,815.9500122070312,819.6500244140625,801.25,808.0,97032,790.334,822.1934,Yes,60.7,Bull,Uptrend,Hold,Uptrend (HH+HL),Bullish,81.61,Strong Bull,Bullish confirmed,"Range with bullish lean - ADX emerging, direction not confirmed",35.42,"Underperforming, improving",Lags both,57.4462,Neutral,10.6036,8.4541,bullish fading,Neutral,3.53,0.5553,full,46.85,Negative fading,55.32,Neutral,Bullish majority,None,"Neutral - majority agree, 1 dissenting",Upper Half,Emerging,Bullish,Yes,Yes,Inside,26.59,Low,Expanding,21.19,No,"Low volatility, expanding - range widening",Low vol - tight stops,Normal,Falling,Weak Up,0.116,Accumulation,73.9779,Neutral,4 - Declining,mid,50.0,67.0,3 - Topping,18.0,WAIT,66.42,1.0,Trend,"4 - Declining, but trend score 82 does not confirm short - no directional edge","4 - Declining, but trend score 71 does not confirm short - no directional edge","4 - Declining, but trend score 58 does not confirm short - no directional edge"
2025-07-25,825.0,844.0,780.0,781.4500122070312,753235,789.9856,821.788,Yes,50.41,Neutral,Uptrend,Hold,Uptrend (HH+HL),Bullish,71.64,Bull,Bullish confirmed,"Range with bullish lean - ADX emerging, direction not confirmed",32.82,"Underperforming, improving",Lags both,45.3508,Neutral,8.0021,8.3637,Bearish crossover,Neutral,0.3725,0.0805,full,40.43,Negative accelerating,44.84,Neutral,Bearish confirmed,None,Neutral - all 4 components agree incl. MACD acceleration,Lower Half,Emerging,Bullish,Yes,Yes,Inside,39.96,Low,Expanding,35.63,No,"Low volatility, expanding - range widening",Normal vol,High,Falling,Confirmed Down,-0.0957,Distribution,47.4665,Neutral,4 - Declining,mid,50.0,68.0,3 - Topping,18.0,WAIT,56.39,1.0,Trend,"4 - Declining, but trend score 72 does not confirm short - no directional edge","4 - Declining, but trend score 72 does not confirm short - no directional edge","4 - Declining, but trend score 58 does not confirm short - no directional edge"
2025-07-28,781.5,786.9500122070312,760.5,764.0999755859375,209278,788.9705,821.214,Yes,42.88,Neutral,Uptrend,Hold,Uptrend (HH+HL),Bullish,63.7,Bull,Bullish majority,"Range with bullish lean - ADX emerging, direction not confirmed",28.09,"Underperforming, improving",Lags both,39.4981,Neutral,4.4887,7.5887,bullish accelerating,Neutral,-1.5335,-0.203,full,35.3,Negative accelerating,36.37,Bearish,Bearish confirmed,None,Bearish - all 4 components agree incl. MACD acceleration,Lower Half,Emerging,Bullish,No,Yes,Inside,43.89,Normal,Expanding,40.08,No,"Normal volatility, expanding - range widening",Normal vol,Normal,Falling,Confirmed Down,-0.1127,Distribution,39.9187,Neutral,4 - Declining,mid,50.0,69.0,3 - Topping,18.0,WAIT,50.28,1.0,Trend,"4 - Declining, but trend score 64 does not confirm short - no directional edge","4 - Declining, but trend score 73 does not confirm short - no directional edge","4 - Declining, but trend score 56 does not confirm short - no directional edge"
2025-07-29,764.5,782.0,755.9000244140625,776.5,147028,788.4814,820.7691,Yes,45.8,Neutral,Uptrend,Hold,Uptrend (HH+HL),Bullish,67.46,Bull,Bullish majority,"Range with bullish lean - ADX emerging, direction not confirmed",36.04,"Underperforming, improving",Lags both,44.9647,Neutral,2.674,6.6058,bullish accelerating,Oversold,-5.7874,-0.8358,full,42.84,Negative fading,38.15,Bearish,Bearish confirmed,None,Bearish - all 4 components agree incl. MACD acceleration,Lower Half,Emerging,Bullish,No,Yes,Inside,41.55,Normal,Expanding,26.59,No,"Normal volatility, expanding - range widening",Normal vol,Normal,Falling,Weak Up,-0.0796,Distribution,44.4275,Neutral,4 - Declining,mid,50.0,70.0,3 - Topping,18.0,WAIT,54.9,1.0,Trend,"4 - Declining, but trend score 67 does not confirm short - no directional edge","4 - Declining, but trend score 83 does not confirm short - no directional edge","4 - Declining, but trend score 67 does not confirm short - no directional edge"
2025-07-30,780.0,786.5,765.0,768.1500244140625,89458,787.6841,820.2455,Yes,29.54,Bear,Uptrend,Hold,Uptrend (HH+HL),Bullish,58.99,Neutral,Bullish majority,"No clear trend - ADX emerging, price ranging",26.39,"Underperforming, improving",Lags both,42.1996,Neutral,0.5557,5.3957,bullish accelerating,Oversold,-6.14,-0.8833,full,35.29,Negative accelerating,34.18,Bearish,Bearish confirmed,Bearish divergence,Bearish - bearish divergence vs price over 21 bars,Lower Half,Emerging,Bullish,No,Yes,Inside,40.04,Normal,Stable,19.28,No,"Normal volatility, stable",Normal vol,Dry-up,Rising,Weak Down,-0.0769,Distribution,47.1945,Neutral,4 - Declining,mid,74.0,71.0,3 - Topping,18.0,WAIT,46.3,1.0,Trend,"4 - Declining, but trend score 59 does not confirm short - no directional edge","4 - Declining, but trend score 82 does not confirm short - no directional edge","4 - Declining, but trend score 68 does not confirm short - no directional edge"
2025-07-31,758.0,782.0,753.5499877929688,766.9500122070312,96889,786.871,819.7152,Yes,20.39,Bear,Uptrend,Hold,Uptrend (HH+HL),Bullish,54.62,Neutral,Bullish majority,"No clear trend - ADX emerging, price ranging",35.62,"Underperforming, improving",Lags both,41.8018,Neutral,-1.2061,4.0754,bearish accelerating,Oversold,-6.441,-0.9217,full,41.01,Negative fading,35.83,Bearish,Bearish confirmed,None,Bearish - all 4 components agree incl. MACD acceleration,Lower Half,Emerging,Bullish,No,Yes,Inside,40.52,Normal,Stable,19.33,No,"Normal volatility, stable",Normal vol,Normal,Rising,Weak Down,-0.0863,Distribution,46.6949,Neutral,4 - Declining,mid,84.0,72.0,3 - Topping,18.0,WAIT,43.83,1.0,Trend,"4 - Declining, but trend score 55 does not confirm short - no directional edge","4 - Declining, but trend score 82 does not confirm short - no directional edge","4 - Declining, but trend score 71 does not confirm short - no directional edge"
2025-08-01,767.5,773.9000244140625,751.0999755859375,753.5,66016,785.5624,819.0564,Yes,15.03,Strong Bear,Downtrend,Sell,Uptrend (HH+HL),Bullish,33.09,Bear,Bearish majority,"Range with bearish lean - ADX no trend, direction not confirmed",32.82,"Underperforming, improving",Lags both,37.5309,Oversold,-3.6455,2.5312,bearish accelerating,Oversold,-8.4002,-1.2046,full,37.78,Negative accelerating,32.02,Bearish,Bearish confirmed,None,Bearish - all 4 components agree incl. MACD acceleration,Lower Half,No Trend,Bearish,No,Yes,Breakout Down,40.56,Normal,Stable,16.67,No,"Normal volatility, stable",Normal vol,Dry-up,Falling,Weak Down,-0.1911,Distribution,46.717,Neutral,4 - Declining,mid,84.0,73.0,3 - Topping,18.0,WAIT,38.0,1.0,Weak ADX,"4 - Declining, trend 33 but ADX shows no trend, this is a range - wait for alignment","4 - Declining, but trend score 72 does not confirm short - no directional edge","4 - Declining, but trend score 72 does not confirm short - no directional edge"
2025-08-04,753.5,771.0,748.5499877929688,768.4500122070312,107471,784.8913,818.5528,Yes,16.19,Strong Bear,Downtrend,Hold,Uptrend (HH+HL),Bullish,34.19,Bear,Bearish majority,"Range with bearish lean - ADX no trend, direction not confirmed",37.87,"Underperforming, improving",Lags both,44.3383,Neutral,-4.3226,1.1604,bearish fading,Oversold,-6.1492,-0.864,full,42.82,Negative fading,36.45,Bearish,Bearish confirmed,None,Bearish - all 4 components agree incl. MACD acceleration,Lower Half,No Trend,Bearish,No,Yes,Inside,39.96,Low,Stable,15.87,No,"Low volatility, stable",Normal vol,Normal,Falling,Weak Up,-0.2249,Distribution,34.3271,Neutral,4 - Declining,mid,84.0,74.0,3 - Topping,18.0,WAIT,38.0,1.0,Weak ADX,"4 - Declining, trend 34 but ADX shows no trend, this is a range - wait for alignment","4 - Declining, but trend score 64 does not confirm short - no directional edge","4 - Declining, but trend score 73 does not confirm short - no directional edge"
2025-08-05,764.2000122070312,771.0,756.0,767.6500244140625,85128,784.2152,818.0463,Yes,16.0,Strong Bear,Downtrend,Hold,Uptrend (HH+HL),Bullish,34.76,Bear,Bearish majority,"Range with bearish lean - ADX no trend, direction not confirmed",33.84,"Underperforming, weakening",Lags both,44.0616,Neutral,-4.8677,-0.0452,bearish fading,Oversold,-5.5142,-0.7645,full,40.17,Negative accelerating,36.37,Bearish,Bearish confirmed,None,Bearish - all 4 components agree incl. MACD acceleration,Lower Half,No Trend,Bearish,No,Yes,Inside,37.3,Low,Stable,12.94,No,"Low volatility, stable",Normal vol,Normal,Falling,Weak Down,-0.1676,Distribution,33.3886,Neutral,4 - Declining,mid,84.0,75.0,3 - Topping,18.0,WAIT,38.0,1.0,Weak ADX,"4 - Declining, trend 35 but ADX shows no trend, this is a range - wait for alignment","4 - Declining, but trend score 67 does not confirm short - no directional edge","4 - Declining, but trend score 83 does not confirm short - no directional edge"
2025-08-06,765.5,765.7000122070312,745.0,757.0,156158,783.1479,817.4389,Yes,14.03,Strong Bear,Downtrend,Hold,Uptrend (HH+HL),Bullish,34.28,Bear,Bearish majority,"Range with bearish lean - ADX no trend, direction not confirmed",33.75,"Underperforming, improving",Lags both,40.4432,Neutral,-6.0888,-1.2539,bearish accelerating,Oversold,-6.2248,-0.8639,full,41.72,Negative fading,36.14,Bearish,Bearish confirmed,None,Bearish - all 4 components agree incl. MACD acceleration,Lower Half,No Trend,Bearish,No,Yes,Inside,38.73,Low,Stable,11.31,No,"Low volatility, stable",Normal vol,Normal,Falling,Confirmed Down,-0.147,Distribution,32.2394,Neutral,4 - Declining,mid,84.0,76.0,3 - Topping,18.0,WAIT,38.0,1.0,Weak ADX,"4 - Declining, trend 34 but ADX shows no trend, this is a range - wait for alignment","4 - Declining, but trend score 59 does not confirm short - no directional edge","4 - Declining, but trend score 82 does not confirm short - no directional edge"
2025-08-07,749.0999755859375,757.0,739.75,748.3499755859375,87151,781.7833,816.7514,Yes,12.59,Strong Bear,Downtrend,Hold,Uptrend (HH+HL),Bullish,33.81,Bear,Bearish majority,"Range with bearish lean - ADX no trend, direction not confirmed",35.44,"Underperforming, weakening",Lags both,37.7328,Oversold,-7.6662,-2.5364,bearish accelerating,Oversold,-7.3824,-1.0308,full,35.72,Negative accelerating,32.77,Bearish,Bearish confirmed,None,Bearish - all 4 components agree incl. MACD acceleration,Lower Half,No Trend,Bearish,No,Yes,Near Lower,40.32,Normal,Stable,13.73,No,"Normal volatility, stable",Normal vol,Normal,Falling,Weak Down,-0.139,Distribution,27.2632,Neutral,4 - Declining,mid,84.0,77.0,3 - Topping,18.0,WAIT,38.0,1.0,Weak ADX,"4 - Declining, trend 34 but ADX shows no trend, this is a range - wait for alignment","4 - Declining, but trend score 55 does not confirm short - no directional edge","4 - Declining, but trend score 82 does not confirm short - no directional edge"
2025-08-08,745.9500122070312,748.9500122070312,730.7000122070312,734.0499877929688,79862,779.9114,815.9285,Yes,10.39,Strong Bear,Downtrend,Hold,Uptrend (HH+HL),Bullish,32.79,Bear,Bearish majority,"Range with bearish lean - ADX no trend, direction not confirmed",41.84,"Underperforming, weakening",Lags both,33.7107,Oversold,-9.9554,-4.0202,bearish accelerating,Oversold,-6.0657,-0.8328,full,41.72,Negative fading,32.0,Bearish,Bearish confirmed,None,Bearish - all 4 components agree incl. MACD acceleration,Lower Half,No Trend,Bearish,No,Yes,Breakout Down,43.26,Normal,Stable,3.29,No,"Normal volatility, stable",Normal vol,Normal,Falling,Weak Down,-0.1464,Distribution,24.1804,Neutral,4 - Declining,mid,84.0,78.0,3 - Topping,18.0,WAIT,38.0,1.0,Weak ADX,"4 - Declining, trend 33 but ADX shows no trend, this is a range - wait for alignment","4 - Declining, trend 33 but ADX shows no trend, this is a range - wait for alignment","4 - Declining, but trend score 72 does not confirm short - no directional edge"
2025-08-11,734.0499877929688,742.5,730.0,733.5,49621,778.0913,815.1084,Yes,10.54,Strong Bear,Downtrend,Hold,Uptrend (HH+HL),Bullish,32.59,Bear,Bearish majority,"Range with bearish lean - ADX no trend, direction not confirmed",45.71,"Underperforming, weakening",Lags both,33.5625,Oversold,-11.6794,-5.552,bearish accelerating,Oversold,-4.0047,-0.5282,full,45.9,Negative fading,32.69,Bearish,Bearish confirmed,None,Bearish - all 4 components agree incl. MACD acceleration,Lower Half,No Trend,Bearish,No,No,Near Lower,44.32,Normal,Stable,0.44,No,"Normal volatility, stable",Low vol - tight stops,Dry-up,Falling,Weak Down,-0.1522,Distribution,24.3757,Neutral,4 - Declining,mid,84.0,79.0,3 - Topping,18.0,WAIT,38.0,1.0,Weak ADX,"4 - Declining, trend 33 but ADX shows no trend, this is a range - wait for alignment","4 - Declining, trend 34 but ADX shows no trend, this is a range - wait for alignment","4 - Declining, but trend score 64 does not confirm short - no directional edge"
2025-08-12,733.0,738.0,730.0,735.3499755859375,65919,776.4152,814.3147,Yes,11.04,Strong Bear,Downtrend,Hold,Uptrend (HH+HL),Bullish,32.52,Bear,Bearish majority,"Range with bearish lean - ADX no trend, direction not confirmed",50.33,"Outperforming, weakening",Leads NIFTY50 only,34.6038,Oversold,-12.7494,-6.9915,bearish fading,Oversold,-5.2994,-0.7187,full,45.68,Negative accelerating,33.1,Bearish,Bearish confirmed,None,Bearish - all 4 components agree incl. MACD acceleration,Lower Half,No Trend,Bearish,Yes,No,Near Lower,40.48,Normal,Stable,-1.07,No,"Normal volatility, stable",Low vol - tight stops,Normal,Falling,Weak Up,-0.2966,Distribution,25.1216,Neutral,4 - Declining,mid,84.0,80.0,3 - Topping,18.0,WAIT,38.0,1.0,Weak ADX,"4 - Declining, trend 33 but ADX shows no trend, this is a range - wait for alignment","4 - Declining, trend 35 but ADX shows no trend, this is a range - wait for alignment","4 - Declining, but trend score 67 does not confirm short - no directional edge"
2025-08-13,736.0,753.75,734.0499877929688,752.0,69125,775.4577,813.6947,Yes,13.61,Strong Bear,Downtrend,Hold,Uptrend (HH+HL),Bullish,35.23,Bear,Bearish majority,"Range with bearish lean - ADX no trend, direction not confirmed",55.73,"Outperforming, weakening",Leads both,43.2282,Neutral,-12.1142,-8.016,bearish fading,Oversold,-2.1025,-0.246,full,51.38,Positive accelerating,39.53,Bearish,Bearish majority,None,"Bearish - majority agree, 1 dissenting",Lower Half,No Trend,Bearish,Yes,No,Inside,38.05,Low,Stable,-1.98,No,"Low volatility, stable",Low vol - tight stops,Normal,Falling,Weak Up,-0.2652,Distribution,23.8588,Neutral,4 - Declining,mid,84.0,81.0,3 - Topping,18.0,WAIT,38.0,1.0,Weak ADX,"4 - Declining, trend 35 but ADX shows no trend, this is a range - wait for alignment","4 - Declining, trend 34 but ADX shows no trend, this is a range - wait for alignment","4 - Declining, but trend score 59 does not confirm short - no directional edge"
2025-08-14,752.0,754.0,740.0,741.5499877929688,38543,774.128,812.9768,Yes,11.37,Strong Bear,Downtrend,Hold,Uptrend (HH+HL),Bullish,33.66,Bear,Bearish majority,"Range with bearish lean - ADX no trend, direction not confirmed",53.11,"Outperforming, weakening",Leads both,39.6903,Neutral,-12.3121,-8.8753,bearish fading,Oversold,-3.3118,-0.4249,full,49.97,Negative accelerating,39.36,Bearish,Bearish confirmed,None,Bearish - all 4 components agree incl. MACD acceleration,Lower Half,No Trend,Bearish,No,No,Inside,35.99,Low,Stable,-4.53,No,"Low volatility, stable",Low vol - tight stops,Dry-up,Falling,Weak Down,-0.2888,Distribution,37.2765,Neutral,4 - Declining,mid,84.0,82.0,3 - Topping,18.0,WAIT,38.0,1.0,Weak ADX,"4 - Declining, trend 34 but ADX shows no trend, this is a range - wait for alignment","4 - Declining, trend 34 but ADX shows no trend, this is a range - wait for alignment","4 - Declining, but trend score 55 does not confirm short - no directional edge"
2025-08-18,751.0,756.0,744.0,750.7000122070312,48283,773.2093,812.3572,Yes,12.68,Strong Bear,Downtrend,Hold,Uptrend (HH+HL),Bullish,35.38,Bear,Mixed,"Range with bearish lean - ADX no trend, direction not confirmed",54.22,"Outperforming, weakening",Leads both,44.0112,Neutral,-11.597,-9.4196,bearish fading,Neutral,-0.3716,0.0097,full,54.94,Positive accelerating,44.67,Neutral,Bearish majority,None,"Neutral - majority agree, 1 dissenting",Lower Half,No Trend,Bearish,No,No,Inside,32.38,Low,Stable,-8.17,No,"Low volatility, stable",Low vol - tight stops,Dry-up,Falling,Weak Up,-0.3113,Distribution,46.5022,Neutral,4 - Declining,late,84.0,83.0,3 - Topping,18.0,WAIT,39.02,1.0,Trend agreement,"4 - Declining, trend 35 but components disagree - wait for alignment","4 - Declining, trend 33 but ADX shows no trend, this is a range - wait for alignment","4 - Declining, trend 33 but ADX shows no trend, this is a range - wait for alignment"
2025-08-19,756.0,772.8499755859375,747.0499877929688,765.5499877929688,78716,772.9089,811.8914,Yes,19.14,Strong Bear,Downtrend,Hold,Uptrend (HH+HL),Bullish,41.53,Neutral,Mixed,"No clear trend - ADX no trend, price ranging",56.82,"Outperforming, weakening",Leads both,50.2419,Neutral,-9.7199,-9.4797,bearish fading,Neutral,-0.3774,0.0096,full,56.81,Positive accelerating,50.83,Neutral,Mixed,None,"Neutral - components mixed, low conviction",Upper Half,No Trend,Bullish,No,No,Inside,30.79,Low,Stable,-9.17,No,"Low volatility, stable",Low vol - tight stops,Normal,Falling,Weak Up,-0.2896,Distribution,43.115,Neutral,4 - Declining,late,84.0,84.0,3 - Topping,18.0,WAIT,43.64,1.0,Trend,"4 - Declining, but trend score 42 does not confirm short - no directional edge","4 - Declining, trend 33 but ADX shows no trend, this is a range - wait for alignment","4 - Declining, trend 34 but ADX shows no trend, this is a range - wait for alignment"
2025-08-20,772.9000244140625,776.5999755859375,761.6500244140625,768.2000122070312,39928,772.7242,811.4567,Yes,23.98,Bear,Downtrend,Hold,Uptrend (HH+HL),Bullish,43.92,Neutral,Mixed,"No clear trend - ADX no trend, price ranging",53.91,"Outperforming, weakening",Leads both,51.2837,Neutral,-7.9271,-9.1691,Bullish crossover,Neutral,0.0716,0.0765,full,56.71,Positive fading,54.77,Neutral,Bullish confirmed,None,Neutral - all 4 components agree incl. MACD acceleration,Upper Half,No Trend,Bullish,No,No,Inside,25.32,Low,Stable,-11.98,No,"Low volatility, stable",Low vol - tight stops,Dry-up,Falling,Weak Up,-0.2851,Distribution,40.3993,Neutral,4 - Declining,late,84.0,85.0,3 - Topping,18.0,WAIT,45.9,1.0,Trend,"4 - Declining, but trend score 44 does not confirm short - no directional edge","4 - Declining, trend 33 but ADX shows no trend, this is a range - wait for alignment","4 - Declining, trend 35 but ADX shows no trend, this is a range - wait for alignment"
2025-08-21,774.9000244140625,782.9500122070312,766.0499877929688,769.2999877929688,74139,772.59,811.0372,Yes,25.4,Bear,Downtrend,Hold,Uptrend (HH+HL),Bullish,44.85,Neutral,Mixed,"No clear trend - ADX no trend, price ranging",55.07,"Outperforming, weakening",Leads both,51.7355,Neutral,-6.3444,-8.6042,bearish accelerating,Neutral,1.6248,0.3054,full,55.92,Positive fading,57.2,Neutral,Bullish confirmed,None,Neutral - all 4 components agree incl. MACD acceleration,Upper Half,No Trend,Bullish,No,No,Inside,21.35,Low,Stable,-17.38,No,"Low volatility, stable",Low vol - tight stops,Normal,Falling,Weak Up,-0.3331,Distribution,48.5366,Neutral,4 - Declining,late,84.0,86.0,3 - Topping,18.0,WAIT,47.04,1.0,Trend,"4 - Declining, but trend score 45 does not confirm short - no directional edge","4 - Declining, trend 35 but ADX shows no trend, this is a range - wait for alignment","4 - Declining, trend 34 but ADX shows no trend, this is a range - wait for alignment"
2025-08-22,772.9000244140625,779.3499755859375,766.7999877929688,771.2999877929688,71995,772.5394,810.6418,Yes,25.44,Bear,Downtrend,Hold,Uptrend (HH+HL),Bullish,45.68,Neutral,Mixed,"No clear trend - ADX no trend, price ranging",58.27,"Outperforming, weakening",Leads both,52.5962,Neutral,-4.8725,-7.8579,bearish accelerating,Neutral,3.0667,0.5203,full,55.57,Positive fading,58.66,Bullish,Bullish confirmed,Bullish divergence,Bullish - bullish divergence vs price over 21 bars,Upper Half,No Trend,Bullish,Yes,No,Inside,16.39,Very Low,Contracting,-23.93,No,"Very Low volatility, contracting - coiling, watch for breakout",Low vol - tight stops,Normal,Falling,Weak Up,-0.3343,Distribution,48.202,Neutral,4 - Declining,late,84.0,87.0,3 - Topping,18.0,WAIT,47.85,1.0,Trend,"4 - Declining, but trend score 46 does not confirm short - no directional edge","4 - Declining, trend 34 but ADX shows no trend, this is a range - wait for alignment","4 - Declining, trend 34 but ADX shows no trend, this is a range - wait for alignment"
2025-08-25,774.8499755859375,774.8499755859375,756.0999755859375,757.7999877929688,41258,771.9614,810.116,Yes,22.64,Bear,Downtrend,Hold,Uptrend (HH+HL),Bullish,40.87,Neutral,Mixed,"No clear trend - ADX no trend, price ranging",51.44,"Outperforming, weakening",Leads both,46.5603,Neutral,-4.7407,-7.2344,bearish fading,Neutral,3.2355,0.5458,full,52.3,Positive fading,54.54,Neutral,Bullish majority,None,"Neutral - majority agree, 1 dissenting",Upper Half,No Trend,Bullish,Yes,No,Inside,16.15,Very Low,Contracting,-27.11,Partial,"Very Low volatility, contracting - coiling, watch for breakout",Coiled - low vol squeeze,Dry-up,Falling,Weak Down,-0.0715,Distribution,40.4542,Neutral,4 - Declining,late,84.0,88.0,3 - Topping,18.0,WAIT,43.25,1.0,Trend,"4 - Declining, but trend score 41 does not confirm short - no directional edge","4 - Declining, trend 35 but components disagree - wait for alignment","4 - Declining, trend 33 but ADX shows no trend, this is a range - wait for alignment"
2025-08-26,752.4000244140625,756.8499755859375,730.0,736.0,161928,770.5511,809.3786,Yes,16.08,Strong Bear,Downtrend,Hold,Uptrend (HH+HL),Bullish,35.48,Bear,Bearish majority,"Range with bearish lean - ADX no trend, direction not confirmed",47.07,"Underperforming, weakening",Lags both,38.8141,Neutral,-6.3225,-7.052,bearish fading,Neutral,0.3408,0.1191,full,47.33,Negative accelerating,46.43,Neutral,Bearish majority,Bullish divergence,Neutral - bullish divergence vs price over 21 bars,Lower Half,No Trend,Bearish,Yes,No,Near Lower,9.64,Very Low,Contracting,-34.68,No,"Very Low volatility, contracting - coiling, watch for breakout",Low vol - tight stops,Normal,Falling,Confirmed Down,-0.0356,Neutral,29.5225,Neutral,4 - Declining,late,84.0,89.0,3 - Topping,18.0,WAIT,38.0,1.0,Weak ADX,"4 - Declining, trend 35 but ADX shows no trend, this is a range - wait for alignment","4 - Declining, but trend score 42 does not confirm short - no directional edge","4 - Declining, trend 33 but ADX shows no trend, this is a range - wait for alignment"
2025-08-28,736.0,742.0,730.0,735.5499877929688,42751,769.1785,808.6439,Yes,11.82,Strong Bear,Downtrend,Hold,Uptrend (HH+HL),Bullish,33.98,Bear,Bearish majority,"Range with bearish lean - ADX no trend, direction not confirmed",49.86,"Underperforming, weakening",Leads NIFTY500 only,38.671,Neutral,-7.5256,-7.1468,Bearish crossover,Neutral,0.0272,0.0746,full,47.21,Negative accelerating,42.51,Neutral,Bearish confirmed,Bullish divergence,Neutral - bullish divergence vs price over 21 bars,Lower Half,No Trend,Bearish,Yes,No,Near Lower,7.86,Very Low,Contracting,-32.62,No,"Very Low volatility, contracting - coiling, watch for breakout",Low vol - tight stops,Normal,Falling,Weak Down,-0.0949,Distribution,33.112,Neutral,4 - Declining,late,84.0,90.0,3 - Topping,18.0,WAIT,38.0,1.0,Weak ADX,"4 - Declining, trend 34 but ADX shows no trend, this is a range - wait for alignment","4 - Declining, but trend score 44 does not confirm short - no directional edge","4 - Declining, trend 33 but ADX shows no trend, this is a range - wait for alignment"
2025-08-29,739.9500122070312,740.25,730.0499877929688,736.0999755859375,57435,767.8813,807.9221,Yes,9.53,Strong Bear,Downtrend,Hold,Range,Bullish,23.18,Strong Bear,Bearish confirmed,"Range with bearish lean - ADX no trend, direction not confirmed",50.23,"Outperforming, weakening",Leads both,38.9671,Neutral,-8.3386,-7.3851,bearish accelerating,Oversold,-2.1144,-0.2422,full,47.57,Negative fading,40.48,Bearish,Bearish confirmed,Bullish divergence,Bearish - bullish divergence vs price over 21 bars,Lower Half,No Trend,Bearish,Yes,No,Near Lower,6.15,Very Low,Contracting,-31.9,No,"Very Low volatility, contracting - coiling, watch for breakout",Low vol - tight stops,Normal,Falling,Weak Up,-0.0482,Neutral,34.2162,Neutral,4 - Declining,late,84.0,91.0,3 - Topping,18.0,WAIT,38.0,1.0,Weak ADX,"4 - Declining, trend 23 but ADX shows no trend, this is a range - wait for alignment","4 - Declining, but trend score 45 does not confirm short - no directional edge","4 - Declining, trend 35 but ADX shows no trend, this is a range - wait for alignment"
2025-09-01,736.5499877929688,746.9500122070312,733.7000122070312,741.7000122070312,62310,766.8546,807.2632,Yes,11.15,Strong Bear,Downtrend,Hold,Range,Bullish,24.04,Strong Bear,Mixed,"Range with bearish lean - ADX no trend, direction not confirmed",49.34,"Underperforming, weakening",Lags both,42.0348,Neutral,-8.4338,-7.5949,bearish fading,Oversold,0.0202,0.0751,full,48.73,Negative fading,42.29,Neutral,Bearish confirmed,Bullish divergence,Neutral - bullish divergence vs price over 21 bars,Lower Half,No Trend,Bearish,No,No,Inside,4.52,Very Low,Contracting,-31.47,No,"Very Low volatility, contracting - coiling, watch for breakout",Low vol - tight stops,Normal,Falling,Weak Up,-0.0368,Neutral,41.687,Neutral,4 - Declining,late,84.0,92.0,3 - Topping,18.0,WAIT,38.0,1.0,Trend agreement,"4 - Declining, trend 24 but components disagree - wait for alignment","4 - Declining, but trend score 46 does not confirm short - no directional edge","4 - Declining, trend 34 but ADX shows no trend, this is a range - wait for alignment"
2025-09-02,748.4000244140625,751.0,741.3499755859375,745.9500122070312,32729,766.0348,806.6531,Yes,12.25,Strong Bear,Downtrend,Hold,Range,Bullish,25.55,Bear,Mixed,"Range with bearish lean - ADX no trend, direction not confirmed",49.66,"Underperforming, weakening",Lags both,44.3221,Neutral,-8.0733,-7.6905,bearish fading,Neutral,-0.6327,-0.0225,full,50.03,Positive accelerating,44.62,Neutral,Bearish majority,Bullish divergence,Neutral - bullish divergence vs price over 21 bars,Lower Half,No Trend,Bearish,No,No,Inside,4.21,Very Low,Contracting,-28.18,No,"Very Low volatility, contracting - coiling, watch for breakout",Low vol - tight stops,Dry-up,Falling,Weak Up,-0.0028,Neutral,46.1205,Neutral,4 - Declining,late,84.0,93.0,3 - Topping,18.0,WAIT,38.0,1.0,Trend agreement,"4 - Declining, trend 26 but components disagree - wait for alignment","4 - Declining, but trend score 41 does not confirm short - no directional edge","4 - Declining, trend 35 but components disagree - wait for alignment"
2025-09-03,745.9500122070312,758.0,738.1500244140625,756.0499877929688,56107,765.6433,806.1496,Yes,14.63,Strong Bear,Downtrend,Hold,Range,Bullish,29.05,Bear,Mixed,"Range with bearish lean - ADX no trend, direction not confirmed",42.86,"Underperforming, weakening",Lags both,49.4292,Neutral,-6.8931,-7.531,Bullish crossover,Neutral,-1.2409,-0.1134,full,45.06,Negative accelerating,47.22,Neutral,Bearish majority,None,Neutral - price momentum agrees but MACD shows deceleration,Upper Half,No Trend,Bullish,No,No,Inside,3.53,Very Low,Contracting,-27.26,Partial,"Very Low volatility, contracting - coiling, watch for breakout",Coiled - low vol squeeze,Normal,Falling,Weak Up,-0.03,Neutral,52.9632,Neutral,4 - Declining,late,84.0,94.0,3 - Topping,18.0,WAIT,38.0,1.0,Trend agreement,"4 - Declining, trend 29 but components disagree - wait for alignment","4 - Declining, trend 35 but ADX shows no trend, this is a range - wait for alignment","4 - Declining, but trend score 42 does not confirm short - no directional edge"
2025-09-04,756.0499877929688,760.0999755859375,743.25,745.5,32707,764.8533,805.5461,Yes,14.17,Strong Bear,Downtrend,Hold,Range,Bullish,26.1,Bear,Mixed,"Range with bearish lean - ADX no trend, direction not confirmed",32.73,"Underperforming, weakening",Lags both,44.806,Neutral,-6.7315,-7.3711,bearish accelerating,Neutral,-2.955,-0.3667,full,36.05,Negative accelerating,43.4,Neutral,Bearish majority,Bullish divergence,Neutral - bullish divergence vs price over 21 bars,Lower Half,No Trend,Bullish,No,No,Inside,3.29,Very Low,Contracting,-22.02,Partial,"Very Low volatility, contracting - coiling, watch for breakout",Coiled - low vol squeeze,Dry-up,Falling,Weak Down,-0.084,Distribution,47.0572,Neutral,4 - Declining,late,84.0,95.0,3 - Topping,18.0,WAIT,38.0,1.0,Trend agreement,"4 - Declining, trend 26 but components disagree - wait for alignment","4 - Declining, trend 34 but ADX shows no trend, this is a range - wait for alignment","4 - Declining, but trend score 44 does not confirm short - no directional edge"
2025-09-05,746.0,750.3499755859375,737.5999755859375,741.5499877929688,29383,763.9395,804.9093,Yes,14.55,Strong Bear,Downtrend,Hold,Range,Bullish,25.19,Bear,Mixed,"Range with bearish lean - ADX no trend, direction not confirmed",37.3,"Underperforming, weakening",Lags both,43.1777,Neutral,-6.8432,-7.2656,bearish fading,Neutral,-3.6072,-0.4631,full,37.75,Negative fading,42.86,Neutral,Bearish majority,Bullish divergence,Neutral - bullish divergence vs price over 21 bars,Lower Half,No Trend,Bearish,No,No,Inside,2.42,Very Low,Stable,-18.93,Partial,"Very Low volatility, stable",Coiled - low vol squeeze,Dry-up,Falling,Weak Down,-0.1223,Distribution,47.5764,Neutral,4 - Declining,late,84.0,96.0,3 - Topping,18.0,WAIT,38.0,1.0,Trend agreement,"4 - Declining, trend 25 but components disagree - wait for alignment","4 - Declining, trend 23 but ADX shows no trend, this is a range - wait for alignment","4 - Declining, but trend score 45 does not confirm short - no directional edge"
2025-09-08,741.5499877929688,754.4500122070312,737.75,740.2999877929688,58878,763.0124,804.2665,Yes,14.53,Strong Bear,Downtrend,Hold,Range,Bullish,25.09,Bear,Mixed,"Range with bearish lean - ADX no trend, direction not confirmed",32.04,"Underperforming, weakening",Lags both,42.6494,Neutral,-6.9525,-7.2029,bearish fading,Neutral,-4.0192,-0.5231,full,33.0,Negative accelerating,39.9,Bearish,Bearish majority,Bullish divergence,Bearish - bullish divergence vs price over 21 bars,Lower Half,No Trend,Bullish,No,No,Inside,2.9,Very Low,Stable,-13.49,Partial,"Very Low volatility, stable",Coiled - low vol squeeze,Normal,Falling,Weak Down,-0.1593,Distribution,48.2065,Neutral,4 - Declining,late,84.0,97.0,3 - Topping,18.0,WAIT,38.0,1.0,Trend agreement,"4 - Declining, trend 25 but components disagree - wait for alignment","4 - Declining, trend 24 but components disagree - wait for alignment","4 - Declining, but trend score 46 does not confirm short - no directional edge"
2025-09-09,741.0499877929688,747.0,737.5999755859375,741.1500244140625,130373,762.1551,803.6384,Yes,14.43,Strong Bear,Downtrend,Hold,Range,Bullish,25.05,Bear,Mixed,"Range with bearish lean - ADX no trend, direction not confirmed",34.0,"Underperforming, weakening",Lags both,43.1587,Neutral,-6.8911,-7.1406,bearish fading,Neutral,-2.1971,-0.2497,full,35.32,Negative fading,40.42,Bearish,Bearish majority,Bullish divergence,Bearish - bullish divergence vs price over 21 bars,Lower Half,No Trend,Bullish,No,No,Inside,2.3,Very Low,Stable,-13.85,Partial,"Very Low volatility, stable",Coiled - low vol squeeze,High,Falling,Confirmed Up,-0.1378,Distribution,36.5828,Neutral,4 - Declining,late,84.0,98.0,3 - Topping,18.0,WAIT,38.0,1.0,Trend agreement,"4 - Declining, trend 25 but components disagree - wait for alignment","4 - Declining, trend 26 but components disagree - wait for alignment","4 - Declining, but trend score 41 does not confirm short - no directional edge"
2025-09-10,744.9500122070312,753.0,741.2000122070312,744.7000122070312,142481,761.4706,803.052,Yes,14.19,Strong Bear,Downtrend,Hold,Range,Bullish,25.9,Bear,Mixed,"Range with bearish lean - ADX no trend, direction not confirmed",35.02,"Underperforming, weakening",Lags both,45.3416,Neutral,-6.4813,-7.0087,bearish accelerating,Neutral,1.1821,0.2519,full,36.68,Negative fading,42.02,Neutral,Bearish majority,None,Neutral - price momentum agrees but MACD shows deceleration,Lower Half,No Trend,Bullish,No,No,Inside,1.87,Very Low,Stable,-7.78,Partial,"Very Low volatility, stable",Coiled - low vol squeeze,High,Falling,Confirmed Up,-0.1553,Distribution,43.03,Neutral,4 - Declining,late,84.0,99.0,3 - Topping,18.0,WAIT,38.0,1.0,Trend agreement,"4 - Declining, trend 26 but components disagree - wait for alignment","4 - Declining, trend 29 but components disagree - wait for alignment","4 - Declining, trend 35 but ADX shows no trend, this is a range - wait for alignment"
2025-09-11,748.9000244140625,748.9000244140625,734.6500244140625,736.0,82776,760.4717,802.3848,Yes,12.1,Strong Bear,Downtrend,Hold,Range,Bullish,24.24,Strong Bear,Mixed,"Range with bearish lean - ADX no trend, direction not confirmed",32.18,"Underperforming, weakening",Lags both,41.1689,Neutral,-6.7804,-6.9631,bearish fading,Neutral,0.0612,0.0878,full,36.68,Negative fading,40.14,Bearish,Bearish majority,None,Bearish - price momentum agrees but MACD shows deceleration,Lower Half,No Trend,Bullish,No,No,Near Lower,2.02,Very Low,Stable,-5.84,Partial,"Very Low volatility, stable",Coiled - low vol squeeze,Normal,Falling,Confirmed Down,-0.2194,Distribution,35.1428,Neutral,4 - Declining,late,84.0,100.0,3 - Topping,18.0,WAIT,38.0,1.0,Trend agreement,"4 - Declining, trend 24 but components disagree - wait for alignment","4 - Declining, trend 26 but components disagree - wait for alignment","4 - Declining, trend 34 but ADX shows no trend, this is a range - wait for alignment"
2025-09-12,739.4500122070312,740.4500122070312,730.6500244140625,733.3499755859375,73534,759.4081,801.6979,Yes,11.56,Strong Bear,Downtrend,Hold,Range,Bullish,24.15,Strong Bear,Mixed,"Range with bearish lean - ADX no trend, direction not confirmed",27.37,"Underperforming, weakening",Lags both,39.9625,Neutral,-7.1488,-7.0002,Bearish crossover,Oversold,-0.3736,0.0304,full,35.1,Negative accelerating,38.45,Bearish,Bearish majority,Bullish divergence,Bearish - bullish divergence vs price over 21 bars,Lower Half,No Trend,Bearish,No,No,Near Lower,2.66,Very Low,Stable,-3.49,Partial,"Very Low volatility, stable",Coiled - low vol squeeze,Normal,Falling,Confirmed Down,-0.285,Distribution,35.2172,Neutral,4 - Declining,late,84.0,101.0,3 - Topping,18.0,WAIT,38.0,1.0,Trend agreement,"4 - Declining, trend 24 but components disagree - wait for alignment","4 - Declining, trend 25 but components disagree - wait for alignment","4 - Declining, trend 23 but ADX shows no trend, this is a range - wait for alignment"
2025-09-15,736.0,742.0999755859375,732.6500244140625,733.75,59049,758.4019,801.0218,Yes,11.71,Strong Bear,Downtrend,Hold,Range,Bullish,24.31,Strong Bear,Mixed,"Range with bearish lean - ADX no trend, direction not confirmed",30.53,"Underperforming, weakening",Lags both,40.2472,Neutral,-7.3241,-7.065,bearish accelerating,Oversold,-1.0719,-0.0632,full,35.41,Negative fading,37.96,Bearish,Bearish confirmed,None,Bearish - all 4 components agree incl. MACD acceleration,Lower Half,No Trend,Bearish,No,No,Near Lower,3.41,Very Low,Stable,-1.11,No,"Very Low volatility, stable",Low vol - tight stops,Normal,Falling,Weak Up,-0.2918,Distribution,40.3924,Neutral,4 - Declining,late,84.0,102.0,3 - Topping,18.0,WAIT,38.0,1.0,Trend agreement,"4 - Declining, trend 24 but components disagree - wait for alignment","4 - Declining, trend 25 but components disagree - wait for alignment","4 - Declining, trend 24 but components disagree - wait for alignment"
2025-09-16,736.4500122070312,738.2999877929688,732.0,734.9000244140625,36511,757.4803,800.3639,Yes,12.04,Strong Bear,Downtrend,Hold,Range,Bullish,25.84,Bear,Mixed,"Range with bearish lean - ADX no trend, direction not confirmed",29.29,"Underperforming, weakening",Lags both,41.1115,Neutral,-7.2862,-7.1092,bearish fading,Oversold,-1.4813,-0.1177,full,36.53,Negative fading,38.87,Bearish,Bearish majority,None,Bearish - price momentum agrees but MACD shows deceleration,Lower Half,No Trend,Bearish,No,No,Near Lower,3.81,Very Low,Stable,-0.39,No,"Very Low volatility, stable",Low vol - tight stops,Normal,Falling,Weak Up,-0.3006,Distribution,46.0481,Neutral,4 - Declining,late,84.0,103.0,3 - Topping,18.0,WAIT,38.0,1.0,Trend agreement,"4 - Declining, trend 26 but components disagree - wait for alignment","4 - Declining, trend 25 but components disagree - wait for alignment","4 - Declining, trend 26 but components disagree - wait for alignment"
2025-09-17,738.0,744.9500122070312,729.0,730.7999877929688,132340,756.434,799.6717,Yes,10.42,Strong Bear,Downtrend,Hold,Range,Bullish,24.17,Strong Bear,Mixed,"Range with bearish lean - ADX no trend, direction not confirmed",32.48,"Underperforming, weakening",Lags both,38.9483,Neutral,-7.5006,-7.1875,bearish accelerating,Oversold,-3.3397,-0.396,full,40.16,Negative fading,39.15,Bearish,Bearish majority,None,Bearish - price momentum agrees but MACD shows deceleration,Lower Half,No Trend,Bullish,No,No,Near Lower,3.69,Very Low,Stable,0.16,No,"Very Low volatility, stable",Low vol - tight stops,Normal,Falling,Confirmed Down,-0.3856,Distribution,41.9032,Neutral,4 - Declining,late,84.0,104.0,3 - Topping,18.0,WAIT,38.0,1.0,Trend agreement,"4 - Declining, trend 24 but components disagree - wait for alignment","4 - Declining, trend 26 but components disagree - wait for alignment","4 - Declining, trend 29 but components disagree - wait for alignment"
2025-09-18,735.8499755859375,737.9500122070312,731.0,732.0499877929688,40467,755.4778,798.9988,Yes,11.05,Strong Bear,Downtrend,Hold,Range,Bullish,25.2,Bear,Mixed,"Range with bearish lean - ADX no trend, direction not confirmed",34.18,"Underperforming, weakening",Lags both,39.9851,Neutral,-7.4833,-7.2467,bearish fading,Oversold,-1.8042,-0.1507,full,42.43,Negative fading,40.17,Bearish,Bearish majority,None,Bearish - price momentum agrees but MACD shows deceleration,Lower Half,No Trend,Bullish,No,No,Near Lower,2.62,Very Low,Stable,-0.67,Partial,"Very Low volatility, stable",Coiled - low vol squeeze,Normal,Falling,Weak Up,-0.4018,Distribution,42.6353,Neutral,4 - Declining,late,84.0,105.0,3 - Topping,18.0,WAIT,38.0,1.0,Trend agreement,"4 - Declining, trend 25 but components disagree - wait for alignment","4 - Declining, trend 24 but components disagree - wait for alignment","4 - Declining, trend 26 but components disagree - wait for alignment"
2025-09-19,732.25,739.9500122070312,726.4500122070312,736.0999755859375,93510,754.7178,798.373,Yes,13.08,Strong Bear,Downtrend,Hold,Range,Bullish,27.29,Bear,Mixed,"Range with bearish lean - ADX no trend, direction not confirmed",35.1,"Underperforming, weakening",Lags both,43.3425,Neutral,-7.0615,-7.2096,Bullish crossover,Oversold,-0.7349,0.0251,full,39.79,Negative accelerating,41.35,Bearish,Bearish majority,None,Bearish - price momentum agrees but MACD shows deceleration,Lower Half,No Trend,Bullish,No,No,Near Lower,2.14,Very Low,Stable,-0.28,Partial,"Very Low volatility, stable",Coiled - low vol squeeze,Normal,Falling,Confirmed Up,-0.3368,Distribution,44.3768,Neutral,4 - Declining,late,84.0,106.0,3 - Topping,18.0,WAIT,38.0,1.0,Trend agreement,"4 - Declining, trend 27 but components disagree - wait for alignment","4 - Declining, trend 24 but components disagree - wait for alignment","4 - Declining, trend 25 but components disagree - wait for alignment"
2025-09-22,739.7000122070312,765.9000244140625,732.5499877929688,751.5,302934,754.5917,797.9066,Yes,19.52,Strong Bear,Downtrend,Hold,Range,Bullish,33.7,Bear,Mixed,"Range with bearish lean - ADX no trend, direction not confirmed",43.55,"Underperforming, weakening",Lags both,53.9025,Neutral,-5.422,-6.8521,bearish accelerating,Neutral,1.5129,0.3883,full,46.69,Negative fading,50.31,Neutral,Mixed,None,"Neutral - components mixed, low conviction",Upper Half,No Trend,Bullish,Yes,No,Inside,2.38,Very Low,Stable,-0.52,Confirmed,"Very Low volatility, squeeze confirmed - expansion pending",Coiled - low vol squeeze,High,Falling,Confirmed Up,-0.2532,Distribution,56.3284,Neutral,4 - Declining,late,84.0,107.0,3 - Topping,18.0,WAIT,41.16,1.0,Trend agreement,"4 - Declining, trend 34 but components disagree - wait for alignment","4 - Declining, trend 24 but components disagree - wait for alignment","4 - Declining, trend 25 but components disagree - wait for alignment"
2025-09-23,751.0,758.3499755859375,737.4500122070312,740.9000244140625,77629,754.0547,797.3393,Yes,18.51,Strong Bear,Downtrend,Hold,Range,Bullish,30.49,Bear,Mixed,"Range with bearish lean - ADX no trend, direction not confirmed",38.21,"Underperforming, weakening",Lags both,47.3594,Neutral,-4.9213,-6.4659,bearish accelerating,Neutral,-0.0337,0.1458,full,41.57,Negative accelerating,48.02,Neutral,Bearish majority,None,Neutral - price momentum agrees but MACD shows deceleration,Upper Half,No Trend,Bullish,Yes,No,Inside,1.91,Very Low,Stable,-0.4,Confirmed,"Very Low volatility, squeeze confirmed - expansion pending",Coiled - low vol squeeze,Normal,Falling,Weak Down,-0.2585,Distribution,51.0134,Neutral,4 - Declining,late,84.0,108.0,3 - Topping,18.0,WAIT,38.0,1.0,Trend agreement,"4 - Declining, trend 30 but components disagree - wait for alignment","4 - Declining, trend 26 but components disagree - wait for alignment","4 - Declining, trend 25 but components disagree - wait for alignment"
2025-09-24,740.75,750.0,733.0999755859375,736.7999877929688,622924,753.3781,796.737,Yes,18.43,Strong Bear,Downtrend,Hold,Range,Bullish,29.35,Bear,Mixed,"Range with bearish lean - ADX no trend, direction not confirmed",38.55,"Underperforming, weakening",Lags both,45.08,Neutral,-4.8,-6.1327,bearish fading,Neutral,-1.0608,-0.0138,full,39.35,Negative accelerating,46.35,Neutral,Bearish majority,None,Neutral - price momentum agrees but MACD shows deceleration,Lower Half,No Trend,Bullish,Yes,No,Inside,2.22,Very Low,Stable,0.36,Confirmed,"Very Low volatility, squeeze confirmed - expansion pending",Coiled - low vol squeeze,High,Falling,Confirmed Down,-0.3238,Distribution,35.0643,Neutral,4 - Declining,late,84.0,109.0,3 - Topping,18.0,WAIT,38.0,1.0,Trend agreement,"4 - Declining, trend 29 but components disagree - wait for alignment","4 - Declining, trend 24 but components disagree - wait for alignment","4 - Declining, trend 26 but components disagree - wait for alignment"
2025-09-25,735.0499877929688,746.2000122070312,734.7999877929688,740.5999755859375,90564,752.877,796.1784,Yes,20.97,Bear,Downtrend,Hold,Range,Bullish,31.27,Bear,Mixed,"Range with bearish lean - ADX no trend, direction not confirmed",47.07,"Underperforming, weakening",Lags both,47.5974,Neutral,-4.3471,-5.7756,bearish accelerating,Neutral,0.625,0.2569,full,42.5,Negative fading,47.04,Neutral,Bearish majority,None,Neutral - price momentum agrees but MACD shows deceleration,Upper Half,No Trend,Bullish,Yes,No,Inside,1.87,Very Low,Stable,-0.16,Confirmed,"Very Low volatility, squeeze confirmed - expansion pending",Coiled - low vol squeeze,Normal,Rising,Weak Up,-0.3146,Distribution,38.6175,Neutral,4 - Declining,late,84.0,110.0,3 - Topping,18.0,WAIT,38.0,1.0,Trend agreement,"4 - Declining, trend 31 but components disagree - wait for alignment","4 - Declining, trend 25 but components disagree - wait for alignment","4 - Declining, trend 24 but components disagree - wait for alignment"
2025-09-26,739.5,748.0,730.0499877929688,734.7000122070312,71131,752.1641,795.5667,Yes,19.75,Strong Bear,Downtrend,Hold,Downtrend (LH+LL),Bearish,19.25,Strong Bear,Bearish confirmed,"Range with bearish lean - ADX no trend, direction not confirmed",49.46,"Underperforming, weakening",Lags both,44.2091,Neutral,-4.4134,-5.5032,bearish fading,Neutral,0.1841,0.1863,full,41.9,Negative accelerating,44.84,Neutral,Bearish majority,Bullish divergence,Neutral - bullish divergence vs price over 21 bars,Lower Half,No Trend,Bullish,Yes,Yes,Inside,2.54,Very Low,Stable,-0.12,Confirmed,"Very Low volatility, squeeze confirmed - expansion pending",Coiled - low vol squeeze,Normal,Rising,Weak Down,-0.3329,Distribution,35.3649,Neutral,4 - Declining,late,84.0,111.0,3 - Topping,18.0,WAIT,38.0,1.0,Weak ADX,"4 - Declining, trend 19 but ADX shows no trend, this is a range - wait for alignment","4 - Declining, trend 27 but components disagree - wait for alignment","4 - Declining, trend 24 but components disagree - wait for alignment"
2025-09-29,743.7000122070312,756.7000122070312,730.5499877929688,750.7999877929688,1501238,752.1106,795.1212,Yes,23.85,Bear,Downtrend,Hold,Range,Bullish,35.02,Bear,Mixed,"Range with bearish lean - ADX no trend, direction not confirmed",55.05,"Outperforming, strengthening",Leads both,53.8613,Neutral,-3.1307,-5.0287,bearish accelerating,Neutral,2.3237,0.522,full,47.13,Negative fading,51.57,Neutral,Mixed,None,"Neutral - components mixed, low conviction",Upper Half,No Trend,Bullish,Yes,Yes,Inside,4.29,Very Low,Stable,0.87,Confirmed,"Very Low volatility, squeeze confirmed - expansion pending",Coiled - low vol squeeze,High,Rising,Confirmed Up,0.0188,Neutral,66.0193,Neutral,4 - Declining,late,84.0,112.0,3 - Topping,18.0,WAIT,42.13,1.0,Trend agreement,"4 - Declining, trend 35 but components disagree - wait for alignment","4 - Declining, trend 34 but components disagree - wait for alignment","4 - Declining, trend 24 but components disagree - wait for alignment"
2025-09-30,757.0,757.0,741.7999877929688,751.9500122070312,84301,752.1044,794.6917,Yes,26.46,Bear,Downtrend,Hold,Range,Bullish,36.25,Bear,Mixed,"Range with bearish lean - ADX no trend, direction not confirmed",57.2,"Outperforming, strengthening",Leads both,54.4673,Neutral,-1.9983,-4.4226,bearish accelerating,Neutral,2.32,0.5168,full,48.47,Negative fading,53.83,Neutral,Mixed,None,"Neutral - components mixed, low conviction",Upper Half,No Trend,Bullish,Yes,Yes,Inside,3.97,Very Low,Stable,0.16,Confirmed,"Very Low volatility, squeeze confirmed - expansion pending",Coiled - low vol squeeze,Dry-up,Rising,Weak Up,0.0266,Neutral,65.4167,Neutral,4 - Declining,late,84.0,113.0,3 - Topping,18.0,WAIT,42.16,1.0,Trend agreement,"4 - Declining, trend 36 but components disagree - wait for alignment","4 - Declining, trend 30 but components disagree - wait for alignment","4 - Declining, trend 26 but components disagree - wait for alignment"
2025-10-01,751.9500122070312,760.5999755859375,744.5,752.4000244140625,64435,752.1159,794.2708,Yes,36.1,Bear,Downtrend,Hold,Range,Bullish,39.87,Bear,Mixed,"Range with bearish lean - ADX no trend, direction not confirmed",56.21,"Outperforming, weakening",Leads both,54.7179,Neutral,-1.0525,-3.7486,bearish accelerating,Neutral,2.9557,0.6124,full,50.12,Positive accelerating,56.44,Neutral,Bullish confirmed,None,Neutral - all 4 components agree incl. MACD acceleration,Upper Half,No Trend,Bullish,Yes,Yes,Inside,4.01,Very Low,Stable,0.32,Confirmed,"Very Low volatility, squeeze confirmed - expansion pending",Coiled - low vol squeeze,Dry-up,Rising,Weak Up,0.0141,Neutral,67.7679,Neutral,4 - Declining,late,74.0,114.0,3 - Topping,18.0,WAIT,45.57,1.0,Trend agreement,"4 - Declining, trend 40 but components disagree - wait for alignment","4 - Declining, trend 29 but components disagree - wait for alignment","4 - Declining, trend 24 but components disagree - wait for alignment"
2025-10-03,752.9500122070312,758.7000122070312,750.0,756.7000122070312,87770,752.2957,793.897,Yes,39.11,Bear,Downtrend,Hold,Range,Bullish,42.64,Neutral,Mixed,"No clear trend - ADX no trend, price ranging",55.63,"Outperforming, weakening",Leads both,57.1452,Neutral,0.0436,-2.9901,bullish accelerating,Neutral,3.3673,0.6724,full,50.48,Positive accelerating,58.18,Bullish,Bullish confirmed,None,Bullish - all 4 components agree incl. MACD acceleration,Above Upper,No Trend,Bullish,Yes,Yes,Inside,3.25,Very Low,Stable,0.63,Confirmed,"Very Low volatility, squeeze confirmed - expansion pending",Coiled - low vol squeeze,Dry-up,Rising,Weak Up,0.0328,Neutral,70.1545,Neutral,4 - Declining,late,74.0,115.0,3 - Topping,18.0,WAIT,47.34,1.0,Trend,"4 - Declining, but trend score 43 does not confirm short - no directional edge","4 - Declining, trend 31 but components disagree - wait for alignment","4 - Declining, trend 25 but components disagree - wait for alignment"
2025-10-06,760.2999877929688,764.0,747.5999755859375,754.9500122070312,102698,752.3998,793.5095,Yes,39.6,Bear,Downtrend,Hold,Range,Bullish,43.09,Neutral,Mixed,"No clear trend - ADX no trend, price ranging",46.11,"Underperforming, weakening",Lags both,55.8335,Neutral,0.7622,-2.2397,bullish fading,Neutral,2.5608,0.5379,full,43.88,Negative accelerating,56.05,Neutral,Bullish majority,None,"Neutral - majority agree, 1 dissenting",Upper Half,No Trend,Bullish,Yes,Yes,Inside,3.69,Very Low,Stable,1.55,Confirmed,"Very Low volatility, squeeze confirmed - expansion pending",Coiled - low vol squeeze,Normal,Rising,Weak Down,0.0323,Neutral,70.5678,Neutral,4 - Declining,late,74.0,116.0,3 - Topping,18.0,WAIT,45.71,1.0,Trend,"4 - Declining, but trend score 43 does not confirm short - no directional edge","4 - Declining, trend 19 but ADX shows no trend, this is a range - wait for alignment","4 - Declining, trend 27 but components disagree - wait for alignment"
2025-10-07,751.4500122070312,756.7999877929688,746.5999755859375,750.0,191032,752.3057,793.0765,Yes,38.46,Bear,Downtrend,Hold,Range,Bullish,41.96,Neutral,Mixed,"No clear trend - ADX no trend, price ranging",39.76,"Underperforming, weakening",Lags both,52.1846,Neutral,0.9217,-1.6074,bullish fading,Neutral,-0.1996,0.0923,full,39.04,Negative accelerating,52.73,Neutral,Bullish majority,None,"Neutral - majority agree, 1 dissenting",Upper Half,No Trend,Bullish,Yes,Yes,Inside,3.06,Very Low,Stable,0.68,Confirmed,"Very Low volatility, squeeze confirmed - expansion pending",Coiled - low vol squeeze,Normal,Rising,Weak Down,0.0255,Neutral,67.3774,Neutral,4 - Declining,late,74.0,117.0,3 - Topping,18.0,WAIT,44.2,1.0,Trend,"4 - Declining, but trend score 42 does not confirm short - no directional edge","4 - Declining, trend 35 but components disagree - wait for alignment","4 - Declining, trend 34 but components disagree - wait for alignment"
2025-10-08,754.7000122070312,757.2000122070312,748.0499877929688,755.1500244140625,72977,752.4172,792.6992,Yes,40.01,Neutral,Downtrend,Hold,Range,Bullish,44.48,Neutral,Mixed,"No clear trend - ADX no trend, price ranging",45.96,"Underperforming, improving",Lags both,55.4469,Neutral,1.447,-0.9965,bullish fading,Neutral,1.9233,0.4299,full,43.03,Negative fading,54.63,Neutral,Bullish majority,None,"Neutral - majority agree, 1 dissenting",Upper Half,No Trend,Bullish,Yes,No,Inside,2.82,Very Low,Stable,0.91,Confirmed,"Very Low volatility, squeeze confirmed - expansion pending",Coiled - low vol squeeze,Dry-up,Rising,Weak Up,0.0443,Neutral,70.6663,Neutral,4 - Declining,late,74.0,118.0,3 - Topping,18.0,WAIT,47.11,1.0,Trend,"4 - Declining, but trend score 44 does not confirm short - no directional edge","4 - Declining, trend 36 but components disagree - wait for alignment","4 - Declining, trend 30 but components disagree - wait for alignment"
2025-10-09,755.0499877929688,756.6500244140625,748.75,749.9500122070312,36796,752.3205,792.2738,Yes,38.18,Bear,Downtrend,Hold,Range,Bullish,42.98,Neutral,Mixed,"No clear trend - ADX emerging, price ranging",42.99,"Underperforming, weakening",Lags both,51.6175,Neutral,1.4272,-0.5118,bullish fading,Neutral,1.7847,0.4044,full,42.09,Negative accelerating,52.12,Neutral,Bullish majority,None,"Neutral - majority agree, 1 dissenting",Upper Half,Emerging,Bullish,Yes,No,Inside,2.9,Very Low,Stable,0.67,Partial,"Very Low volatility, stable",Low vol - tight stops,Dry-up,Rising,Weak Down,0.0539,Accumulation,70.7227,Neutral,4 - Declining,late,74.0,119.0,3 - Topping,18.0,WAIT,44.48,1.0,Trend,"4 - Declining, but trend score 43 does not confirm short - no directional edge","4 - Declining, trend 40 but components disagree - wait for alignment","4 - Declining, trend 29 but components disagree - wait for alignment"
2025-10-10,754.0,754.0,739.2000122070312,750.2000122070312,58542,752.2373,791.8552,Yes,36.94,Bear,Downtrend,Hold,Range,Bullish,42.24,Neutral,Mixed,"No clear trend - ADX no trend, price ranging",41.0,"Underperforming, weakening",Lags both,51.7898,Neutral,1.4154,-0.1263,bullish fading,Neutral,1.2963,0.322,full,42.25,Negative fading,51.61,Neutral,Bullish majority,None,"Neutral - majority agree, 1 dissenting",Upper Half,No Trend,Bullish,Yes,No,Inside,3.13,Very Low,Stable,1.27,Partial,"Very Low volatility, stable",Low vol - tight stops,Dry-up,Rising,Weak Up,0.0794,Accumulation,68.6893,Neutral,4 - Declining,late,74.0,120.0,3 - Topping,18.0,WAIT,45.19,1.0,Trend,"4 - Declining, but trend score 42 does not confirm short - no directional edge","4 - Declining, but trend score 43 does not confirm short - no directional edge","4 - Declining, trend 31 but components disagree - wait for alignment"
2025-10-13,746.4500122070312,749.2000122070312,740.2000122070312,747.5999755859375,40267,752.0555,791.4148,Yes,35.59,Bear,Downtrend,Hold,Range,Bullish,40.71,Neutral,Mixed,"No clear trend - ADX no trend, price ranging",39.29,"Underperforming, improving",Lags both,49.8024,Neutral,1.1826,0.1355,bullish fading,Neutral,1.7558,0.3925,full,42.05,Negative accelerating,49.53,Neutral,Mixed,None,"Neutral - components mixed, low conviction",Upper Half,No Trend,Bullish,Yes,No,Inside,2.54,Very Low,Stable,0.0,Confirmed,"Very Low volatility, squeeze confirmed - expansion pending",Coiled - low vol squeeze,Dry-up,Rising,Weak Down,0.0958,Accumulation,64.7235,Neutral,4 - Declining,late,74.0,121.0,3 - Topping,18.0,WAIT,42.68,1.0,Trend,"4 - Declining, but trend score 41 does not confirm short - no directional edge","4 - Declining, but trend score 43 does not confirm short - no directional edge","4 - Declining, trend 19 but ADX shows no trend, this is a range - wait for alignment"
2025-10-14,747.5999755859375,747.7000122070312,741.4500122070312,745.0499877929688,45390,751.7807,790.9535,Yes,33.94,Bear,Downtrend,Hold,Range,Bullish,39.12,Bear,Mixed,"Range with bearish lean - ADX no trend, direction not confirmed",39.4,"Underperforming, improving",Lags both,47.8624,Neutral,0.7833,0.265,bullish fading,Neutral,-0.7658,-0.0145,full,42.02,Negative accelerating,47.71,Neutral,Mixed,None,"Neutral - components mixed, low conviction",Lower Half,No Trend,Bullish,Yes,No,Inside,2.1,Very Low,Stable,-2.18,Confirmed,"Very Low volatility, squeeze confirmed - expansion pending",Coiled - low vol squeeze,Dry-up,Rising,Weak Down,0.11,Accumulation,65.404,Neutral,4 - Declining,late,74.0,122.0,3 - Topping,18.0,WAIT,41.42,1.0,Trend agreement,"4 - Declining, trend 39 but components disagree - wait for alignment","4 - Declining, but trend score 42 does not confirm short - no directional edge","4 - Declining, trend 35 but components disagree - wait for alignment"
2025-10-15,742.7000122070312,751.2999877929688,742.7000122070312,747.4500122070312,73658,751.6109,790.5206,Yes,33.15,Bear,Downtrend,Hold,Range,Bullish,39.45,Bear,Mixed,"Range with bearish lean - ADX no trend, direction not confirmed",25.45,"Underperforming, improving",Lags both,49.8427,Neutral,0.653,0.3426,bullish fading,Neutral,-0.5984,0.014,full,31.38,Negative accelerating,44.67,Neutral,Bearish majority,None,Neutral - price momentum agrees but MACD shows deceleration,Upper Half,No Trend,Bullish,No,No,Inside,2.02,Very Low,Stable,-1.94,Confirmed,"Very Low volatility, squeeze confirmed - expansion pending",Coiled - low vol squeeze,Dry-up,Rising,Weak Up,0.1118,Accumulation,82.4178,Overbought,4 - Declining,late,74.0,123.0,3 - Topping,18.0,WAIT,41.85,1.0,Trend agreement,"4 - Declining, trend 39 but components disagree - wait for alignment","4 - Declining, but trend score 44 does not confirm short - no directional edge","4 - Declining, trend 36 but components disagree - wait for alignment"
2025-10-16,745.2999877929688,751.5,742.0,748.1500244140625,45370,751.4752,790.099,Yes,33.07,Bear,Downtrend,Hold,Range,Bullish,39.5,Bear,Mixed,"Range with bearish lean - ADX no trend, direction not confirmed",24.84,"Underperforming, improving",Lags both,50.4341,Neutral,0.5993,0.394,bullish fading,Neutral,-0.5649,0.0218,full,32.83,Negative fading,45.22,Neutral,Mixed,None,"Neutral - components mixed, low conviction",Upper Half,No Trend,Bullish,No,No,Inside,1.71,Very Low,Stable,-2.3,Confirmed,"Very Low volatility, squeeze confirmed - expansion pending",Coiled - low vol squeeze,Dry-up,Rising,Weak Up,0.1457,Accumulation,82.1027,Overbought,4 - Declining,late,74.0,124.0,3 - Topping,18.0,WAIT,42.04,1.0,Trend agreement,"4 - Declining, trend 40 but components disagree - wait for alignment","4 - Declining, but trend score 43 does not confirm short - no directional edge","4 - Declining, trend 40 but components disagree - wait for alignment"
2025-10-17,748.1500244140625,765.0499877929688,740.25,745.5,104418,751.2409,789.6552,Yes,31.64,Bear,Downtrend,Hold,Uptrend (HH+HL),Bullish,49.0,Neutral,Mixed,"No clear trend - ADX no trend, price ranging",21.4,"Underperforming, improving",Lags both,48.1211,Neutral,0.3391,0.383,Bearish crossover,Neutral,-1.4801,-0.1232,full,31.88,Negative accelerating,43.92,Neutral,Bearish confirmed,None,Neutral - all 4 components agree incl. MACD acceleration,Lower Half,No Trend,Bullish,No,No,Inside,1.79,Very Low,Stable,-1.47,Confirmed,"Very Low volatility, squeeze confirmed - expansion pending",Coiled - low vol squeeze,Normal,Rising,Weak Down,0.1347,Accumulation,85.1453,Overbought,4 - Declining,late,74.0,125.0,3 - Topping,18.0,WAIT,44.73,1.0,Trend,"4 - Declining, but trend score 49 does not confirm short - no directional edge","4 - Declining, but trend score 42 does not confirm short - no directional edge","4 - Declining, but trend score 43 does not confirm short - no directional edge"
2025-10-20,740.0,753.8499755859375,739.9000244140625,749.5999755859375,40790,751.1765,789.2567,Yes,32.9,Bear,Downtrend,Hold,Uptrend (HH+HL),Bullish,51.17,Neutral,Mixed,"No clear trend - ADX emerging, price ranging",19.06,"Underperforming, improving",Lags both,51.8039,Neutral,0.4583,0.3981,Bullish crossover,Neutral,-0.7087,0.002,full,32.25,Negative fading,44.8,Neutral,Mixed,None,"Neutral - components mixed, low conviction",Upper Half,Emerging,Bullish,Yes,No,Inside,1.98,Very Low,Stable,-1.7,Confirmed,"Very Low volatility, squeeze confirmed - expansion pending",Coiled - low vol squeeze,Dry-up,Rising,Weak Up,0.1301,Accumulation,60.71,Neutral,4 - Declining,late,74.0,126.0,3 - Topping,18.0,WAIT,47.17,1.0,Trend,"4 - Declining, but trend score 51 does not confirm short - no directional edge","4 - Declining, but trend score 41 does not confirm short - no directional edge","4 - Declining, but trend score 43 does not confirm short - no directional edge"
2025-10-21,753.0,760.0,749.5999755859375,758.0,47735,751.4441,788.9456,Yes,37.01,Bear,Downtrend,Hold,Uptrend (HH+HL),Bullish,55.74,Neutral,Mixed,"No clear trend - ADX emerging, price ranging",23.69,"Underperforming, improving",Lags both,58.3306,Neutral,1.2166,0.5618,bullish accelerating,Neutral,1.0667,0.2855,full,35.15,Negative fading,49.06,Neutral,Bullish majority,None,"Neutral - majority agree, 1 dissenting",Upper Half,Emerging,Bullish,Yes,No,Inside,1.07,Very Low,Stable,-1.98,Confirmed,"Very Low volatility, squeeze confirmed - expansion pending",Coiled - low vol squeeze,Dry-up,Rising,Weak Up,0.1362,Accumulation,59.3055,Neutral,4 - Declining,late,74.0,127.0,3 - Topping,18.0,WAIT,50.5,1.0,Trend,"4 - Declining, but trend score 56 does not confirm short - no directional edge","4 - Declining, trend 39 but components disagree - wait for alignment","4 - Declining, but trend score 42 does not confirm short - no directional edge"
2025-10-23,761.7999877929688,764.9000244140625,755.0,762.5999755859375,74675,751.8816,788.6835,Yes,46.68,Neutral,Downtrend,Hold,Uptrend (HH+HL),Bullish,61.39,Bull,Mixed,"Range with bullish lean - ADX emerging, direction not confirmed",26.38,"Underperforming, weakening",Lags both,61.4123,Overbought,2.1638,0.8822,bullish accelerating,Neutral,0.9866,0.2709,full,37.73,Negative fading,53.33,Neutral,Bullish majority,None,"Neutral - majority agree, 1 dissenting",At Upper,Emerging,Bullish,Yes,No,Near Upper,1.51,Very Low,Stable,-1.31,Confirmed,"Very Low volatility, squeeze confirmed - expansion pending",Coiled - low vol squeeze,Dry-up,Rising,Weak Up,0.163,Accumulation,59.7466,Neutral,4 - Declining,late,64.0,128.0,3 - Topping,18.0,WAIT,55.32,1.0,Trend,"4 - Declining, but trend score 61 does not confirm short - no directional edge","4 - Declining, trend 39 but components disagree - wait for alignment","4 - Declining, but trend score 44 does not confirm short - no directional edge"
2025-10-24,762.5999755859375,766.9500122070312,753.0,764.4500122070312,39413,752.3745,788.4424,Yes,49.32,Neutral,Downtrend,Hold,Uptrend (HH+HL),Bullish,63.84,Bull,Mixed,"Bull - components mixed, low conviction",31.04,"Underperforming, improving",Lags both,62.61,Overbought,3.0289,1.3115,bullish accelerating,Overbought,1.9335,0.4212,full,39.4,Negative fading,56.68,Neutral,Bullish majority,None,"Neutral - majority agree, 1 dissenting",At Upper,Trending,Bullish,Yes,No,Near Upper,1.94,Very Low,Stable,-0.95,Confirmed,"Very Low volatility, squeeze confirmed - expansion pending",Coiled - low vol squeeze,Dry-up,Rising,Weak Up,0.3267,Accumulation,57.7524,Neutral,4 - Declining,late,64.0,129.0,3 - Topping,18.0,WAIT,57.43,1.0,Trend,"4 - Declining, but trend score 64 does not confirm short - no directional edge","4 - Declining, trend 40 but components disagree - wait for alignment","4 - Declining, but trend score 43 does not confirm short - no directional edge"
2025-10-27,765.0,770.0,755.9000244140625,762.9000244140625,43126,752.7872,788.1882,Yes,50.15,Neutral,Downtrend,Hold,Uptrend (HH+HL),Bullish,64.78,Bull,Bullish majority,"Bull - majority agree, 1 dissenting, trending ADX",27.03,"Underperforming, weakening",Lags both,60.9044,Overbought,3.5484,1.7589,bullish accelerating,Overbought,1.6929,0.378,full,38.84,Negative accelerating,56.22,Neutral,Bullish majority,None,"Neutral - majority agree, 1 dissenting",Upper Half,Trending,Bullish,Yes,No,Near Upper,2.46,Very Low,Stable,-0.67,Confirmed,"Very Low volatility, squeeze confirmed - expansion pending",Coiled - low vol squeeze,Dry-up,Rising,Weak Down,0.3315,Accumulation,55.0056,Neutral,4 - Declining,late,64.0,130.0,3 - Topping,18.0,WAIT,56.52,1.0,Trend,"4 - Declining, but trend score 65 does not confirm short - no directional edge","4 - Declining, but trend score 49 does not confirm short - no directional edge","4 - Declining, but trend score 42 does not confirm short - no directional edge"
2025-10-28,760.0999755859375,762.9500122070312,753.75,758.7000122070312,48865,753.0191,787.8948,Yes,49.73,Neutral,Downtrend,Hold,Uptrend (HH+HL),Bullish,64.25,Bull,Mixed,"Bull - components mixed, low conviction",31.66,"Underperforming, weakening",Lags both,56.4194,Neutral,3.58,2.1231,bullish fading,Neutral,1.4848,0.3375,full,44.18,Negative fading,54.97,Neutral,Bullish majority,None,"Neutral - majority agree, 1 dissenting",Upper Half,Trending,Bullish,Yes,No,Inside,2.3,Very Low,Stable,-0.24,Confirmed,"Very Low volatility, squeeze confirmed - expansion pending",Coiled - low vol squeeze,Dry-up,Rising,Weak Down,0.3477,Accumulation,65.0832,Neutral,4 - Declining,late,64.0,131.0,3 - Topping,18.0,WAIT,55.9,1.0,Trend,"4 - Declining, but trend score 64 does not confirm short - no directional edge","4 - Declining, but trend score 51 does not confirm short - no directional edge","4 - Declining, but trend score 41 does not confirm short - no directional edge"
2025-10-29,760.0,760.0499877929688,746.5499877929688,749.9000244140625,361619,752.8968,787.5167,Yes,46.75,Neutral,Downtrend,Hold,Uptrend (HH+HL),Bullish,60.74,Bull,Mixed,"Bull - components mixed, low conviction",31.45,"Underperforming, weakening",Lags both,48.3804,Neutral,2.862,2.2709,bullish fading,Neutral,0.651,0.1937,full,46.28,Negative fading,49.88,Neutral,Mixed,None,"Neutral - components mixed, low conviction",Lower Half,Trending,Bullish,Yes,No,Inside,1.55,Very Low,Stable,-0.56,Confirmed,"Very Low volatility, squeeze confirmed - expansion pending",Coiled - low vol squeeze,High,Falling,Confirmed Down,-0.0187,Neutral,40.4912,Neutral,4 - Declining,late,64.0,132.0,3 - Topping,18.0,WAIT,51.6,1.0,Trend,"4 - Declining, but trend score 61 does not confirm short - no directional edge","4 - Declining, but trend score 56 does not confirm short - no directional edge","4 - Declining, trend 39 but components disagree - wait for alignment"
2025-10-30,749.9500122070312,750.4500122070312,738.2000122070312,740.5999755859375,103016,752.4146,787.0499,Yes,40.64,Neutral,Downtrend,Hold,Uptrend (HH+HL),Bullish,55.29,Neutral,Mixed,"Neutral - components mixed, low conviction",27.8,"Underperforming, weakening",Lags both,41.6295,Neutral,1.5249,2.1217,Bearish crossover,Neutral,-0.9165,-0.076,full,40.75,Negative accelerating,41.93,Bearish,Bearish confirmed,None,Bearish - all 4 components agree incl. MACD acceleration,At Lower,Trending,Bullish,Yes,No,Near Lower,1.83,Very Low,Stable,-0.2,Confirmed,"Very Low volatility, squeeze confirmed - expansion pending",Coiled - low vol squeeze,Normal,Falling,Confirmed Down,-0.0725,Distribution,38.1536,Neutral,4 - Declining,late,64.0,133.0,3 - Topping,18.0,WAIT,46.76,1.0,Trend,"4 - Declining, but trend score 55 does not confirm short - no directional edge","4 - Declining, but trend score 61 does not confirm short - no directional edge","4 - Declining, trend 39 but components disagree - wait for alignment"
2025-10-31,744.9500122070312,759.5,740.9000244140625,753.7000122070312,69302,752.465,786.7181,Yes,41.95,Neutral,Downtrend,Hold,Uptrend (HH+HL),Bullish,59.06,Neutral,Mixed,"Neutral - components mixed, low conviction",36.58,"Underperforming, weakening",Lags both,51.8265,Neutral,1.505,1.9984,bullish fading,Neutral,0.7418,0.1924,full,46.24,Negative fading,46.08,Neutral,Bearish majority,Bearish divergence,Neutral - bearish divergence vs price over 21 bars,Upper Half,Trending,Bullish,Yes,Yes,Inside,2.98,Very Low,Stable,1.27,Confirmed,"Very Low volatility, squeeze confirmed - expansion pending",Coiled - low vol squeeze,Normal,Falling,Weak Up,-0.0562,Distribution,43.873,Neutral,4 - Declining,late,64.0,134.0,3 - Topping,18.0,WAIT,52.1,1.0,Trend,"4 - Declining, but trend score 59 does not confirm short - no directional edge","4 - Declining, but trend score 64 does not confirm short - no directional edge","4 - Declining, trend 40 but components disagree - wait for alignment"
2025-11-03,753.7000122070312,775.0,753.0,761.5499877929688,116601,752.8213,786.4676,Yes,44.19,Neutral,Downtrend,Hold,Uptrend (HH+HL),Bullish,62.42,Bull,Mixed,"Bull - components mixed, low conviction",38.2,"Underperforming, weakening",Lags both,56.7071,Neutral,2.0984,2.0184,Bullish crossover,Neutral,2.1529,0.4254,full,48.59,Negative fading,50.01,Neutral,Bearish majority,Bearish divergence,Neutral - bearish divergence vs price over 21 bars,Upper Half,Trending,Bullish,Yes,No,Inside,4.84,Very Low,Stable,3.06,Confirmed,"Very Low volatility, squeeze confirmed - expansion pending",Coiled - low vol squeeze,Normal,Falling,Confirmed Up,-0.098,Distribution,50.7784,Neutral,4 - Declining,late,64.0,135.0,3 - Topping,18.0,WAIT,55.99,1.0,Trend,"4 - Declining, but trend score 62 does not confirm short - no directional edge","4 - Declining, but trend score 65 does not confirm short - no directional edge","4 - Declining, but trend score 49 does not confirm short - no directional edge"
2025-11-04,761.9500122070312,770.0,754.5499877929688,757.4000244140625,87398,753.0008,786.1784,Yes,43.51,Neutral,Downtrend,Hold,Uptrend (HH+HL),Bullish,61.48,Bull,Mixed,"Bull - components mixed, low conviction",40.79,"Underperforming, weakening",Lags both,53.6146,Neutral,2.2084,2.0564,bullish accelerating,Neutral,1.0406,0.2273,full,51.04,Positive accelerating,51.63,Neutral,Bullish majority,Bearish divergence,Neutral - bearish divergence vs price over 21 bars,Upper Half,Trending,Bullish,No,Yes,Inside,5.63,Very Low,Stable,3.65,Partial,"Very Low volatility, stable",Low vol - tight stops,Normal,Falling,Confirmed Down,-0.125,Distribution,49.0258,Neutral,4 - Declining,late,64.0,136.0,3 - Topping,18.0,WAIT,52.46,1.0,Trend,"4 - Declining, but trend score 61 does not confirm short - no directional edge","4 - Declining, but trend score 64 does not confirm short - no directional edge","4 - Declining, but trend score 51 does not confirm short - no directional edge"
2025-11-06,757.2000122070312,759.4500122070312,746.0,750.75,56961,752.9125,785.8259,Yes,41.95,Neutral,Downtrend,Hold,Uptrend (HH+HL),Bullish,58.88,Neutral,Mixed,"Neutral - components mixed, low conviction",36.28,"Underperforming, weakening",Lags both,49.003,Neutral,1.7389,1.9929,Bearish crossover,Neutral,-0.9565,-0.1248,full,45.39,Negative accelerating,47.4,Neutral,Bearish confirmed,None,Neutral - all 4 components agree incl. MACD acceleration,Lower Half,Trending,Bullish,No,Yes,Inside,5.79,Very Low,Stable,4.72,Partial,"Very Low volatility, stable",Low vol - tight stops,Normal,Falling,Weak Down,-0.1058,Distribution,43.7768,Neutral,4 - Declining,late,64.0,137.0,3 - Topping,18.0,WAIT,51.22,1.0,Trend,"4 - Declining, but trend score 59 does not confirm short - no directional edge","4 - Declining, but trend score 61 does not confirm short - no directional edge","4 - Declining, but trend score 56 does not confirm short - no directional edge"
2025-11-07,751.0,751.2999877929688,735.0,736.1500244140625,77622,752.2552,785.3316,Yes,23.91,Bear,Downtrend,Hold,Uptrend (HH+HL),Bullish,47.67,Neutral,Mixed,"Neutral - components mixed, low conviction",31.19,"Underperforming, weakening",Lags both,40.7214,Neutral,0.1866,1.6316,bullish accelerating,Neutral,-3.4684,-0.5663,full,41.79,Negative accelerating,39.91,Bearish,Bearish confirmed,None,Bearish - all 4 components agree incl. MACD acceleration,Below Lower,Trending,Bullish,No,Yes,Breakout Down,7.86,Very Low,Stable,6.35,Partial,"Very Low volatility, stable",Low vol - tight stops,Normal,Falling,Weak Down,-0.1735,Distribution,39.1602,Neutral,4 - Declining,late,84.0,138.0,3 - Topping,18.0,WAIT,41.92,1.0,Trend,"4 - Declining, but trend score 48 does not confirm short - no directional edge","4 - Declining, but trend score 55 does not confirm short - no directional edge","4 - Declining, but trend score 61 does not confirm short - no directional edge"
2025-11-10,736.0,743.2000122070312,735.4000244140625,738.4500122070312,60731,751.7138,784.8651,Yes,21.32,Bear,Downtrend,Hold,Uptrend (HH+HL),Bullish,46.5,Neutral,Mixed,"No clear trend - ADX emerging, price ranging",33.7,"Underperforming, weakening",Lags both,42.3736,Neutral,-0.8482,1.1357,bearish accelerating,Oversold,-3.4011,-0.5595,full,45.1,Negative fading,39.0,Bearish,Bearish confirmed,None,Bearish - all 4 components agree incl. MACD acceleration,Lower Half,Emerging,Bullish,No,Yes,Near Lower,8.69,Very Low,Stable,6.75,No,"Very Low volatility, stable",Low vol - tight stops,Normal,Falling,Weak Up,-0.1631,Distribution,32.105,Neutral,4 - Declining,late,84.0,139.0,3 - Topping,18.0,WAIT,42.33,1.0,Trend,"4 - Declining, but trend score 46 does not confirm short - no directional edge","4 - Declining, but trend score 59 does not confirm short - no directional edge","4 - Declining, but trend score 64 does not confirm short - no directional edge"
2025-11-11,744.7999877929688,752.9500122070312,728.0,732.5999755859375,101380,750.9642,784.3451,Yes,16.87,Strong Bear,Downtrend,Hold,Uptrend (HH+HL),Bullish,43.04,Neutral,Mixed,"No clear trend - ADX emerging, price ranging",33.57,"Underperforming, weakening",Lags both,39.368,Neutral,-2.116,0.4853,bearish accelerating,Oversold,-3.9717,-0.6572,full,45.79,Negative fading,36.62,Bearish,Bearish confirmed,None,Bearish - all 4 components agree incl. MACD acceleration,At Lower,Emerging,Bullish,No,Yes,Breakout Down,12.22,Very Low,Stable,9.76,No,"Very Low volatility, stable",Low vol - tight stops,Normal,Falling,Confirmed Down,-0.2153,Distribution,30.6372,Neutral,4 - Declining,late,84.0,140.0,3 - Topping,18.0,WAIT,38.0,1.0,Trend,"4 - Declining, but trend score 43 does not confirm short - no directional edge","4 - Declining, but trend score 62 does not confirm short - no directional edge","4 - Declining, but trend score 65 does not confirm short - no directional edge"
2025-11-12,738.4000244140625,745.0,731.2000122070312,743.6500244140625,70494,750.6774,783.9401,Yes,18.64,Strong Bear,Downtrend,Hold,Uptrend (HH+HL),Bullish,46.33,Neutral,Mixed,"No clear trend - ADX emerging, price ranging",37.75,"Underperforming, weakening",Lags both,47.0133,Neutral,-2.2037,-0.0525,bearish fading,Oversold,-1.9837,-0.3047,full,52.62,Positive accelerating,42.73,Neutral,Bearish majority,None,"Neutral - majority agree, 1 dissenting",Lower Half,Emerging,Bullish,No,Yes,Inside,12.42,Very Low,Stable,10.12,No,"Very Low volatility, stable",Low vol - tight stops,Normal,Falling,Weak Up,-0.193,Distribution,31.7695,Neutral,4 - Declining,late,84.0,141.0,3 - Topping,18.0,WAIT,43.37,1.0,Trend,"4 - Declining, but trend score 46 does not confirm short - no directional edge","4 - Declining, but trend score 61 does not confirm short - no directional edge","4 - Declining, but trend score 64 does not confirm short - no directional edge"
2025-11-13,743.6500244140625,801.9500122070312,739.0499877929688,773.2999877929688,2243102,751.5646,783.8343,Yes,35.15,Bear,Uptrend,Buy,Uptrend (HH+HL),Bullish,73.67,Bull,Bullish majority,"Bull - majority agree, 1 dissenting, trending ADX",50.41,"Outperforming, strengthening",Leads both,61.1638,Overbought,0.118,-0.0184,Bullish crossover,Neutral,3.1204,0.5956,full,60.85,Positive accelerating,54.42,Neutral,Mixed,None,"Neutral - components mixed, low conviction",Above Upper,Trending,Bullish,No,Yes,Near Upper,19.76,Very Low,Stable,18.22,Partial,"Very Low volatility, stable",Low vol - tight stops,High,Rising,Confirmed Up,-0.0334,Neutral,74.7197,Neutral,4 - Declining,late,74.0,142.0,3 - Topping,18.0,WAIT,61.38,1.0,Trend,"4 - Declining, but trend score 74 does not confirm short - no directional edge","4 - Declining, but trend score 59 does not confirm short - no directional edge","4 - Declining, but trend score 61 does not confirm short - no directional edge"
2025-11-14,780.9000244140625,868.0,775.5,838.9000244140625,4303052,754.9895,784.3822,No,70.69,Bull,Uptrend,Hold,Uptrend (HH+HL),Bullish,88.01,Strong Bull,Bullish confirmed,"Strong Bull - all 4 components agree, trending ADX",70.68,"Outperforming, strengthening",Leads both,76.2661,Overbought,7.1686,1.419,bullish accelerating,Neutral,13.273,2.3595,full,78.16,Positive accelerating,73.49,Strong Bullish,Bullish confirmed,None,Strong Bullish - all 4 components agree incl. MACD acceleration,Above Upper,Trending,Bullish,Yes,Yes,Breakout Up,50.56,Normal,Expanding,48.73,No,Squeeze releasing - expanding 8 bars after compression,Normal vol,High,Rising,Confirmed Up,0.1802,Accumulation,89.1406,Overbought,4 - Declining,late,50.0,143.0,3 - Topping,18.0,WAIT,75.95,1.0,Trend,"4 - Declining, but trend score 88 does not confirm short - no directional edge","4 - Declining, but trend score 48 does not confirm short - no directional edge","4 - Declining, but trend score 55 does not confirm short - no directional edge"
2025-11-17,835.0,875.0,825.7000122070312,847.4000244140625,686867,758.6134,785.0092,No,72.94,Bull,Uptrend,Hold,Uptrend (HH+HL),Bullish,90.53,Strong Bull,Bullish confirmed,"Strong Bull - all 4 components agree, trending ADX",67.56,"Outperforming, strengthening",Leads both,77.4877,Overbought,13.289,3.793,bullish accelerating,Neutral,12.432,2.1913,full,75.37,Positive fading,77.8,Strong Bullish,Bullish confirmed,None,Strong Bullish - all 4 components agree incl. MACD acceleration,Above Upper,Trending,Bullish,Yes,Yes,Inside,72.46,High,Expanding,69.48,No,Squeeze releasing - expanding 9 bars after compression,Normal vol,Normal,Rising,Confirmed Up,0.156,Accumulation,90.0276,Overbought,4 - Declining,late,50.0,144.0,3 - Topping,18.0,WAIT,78.38,1.0,Trend,"4 - Declining, but trend score 91 does not confirm short - no directional edge","4 - Declining, but trend score 46 does not confirm short - no directional edge","4 - Declining, but trend score 59 does not confirm short - no directional edge"
2025-11-18,847.4000244140625,882.9000244140625,830.7999877929688,876.5499877929688,587787,763.2384,785.9201,No,80.8,Strong Bull,Uptrend,Hold,Range,Bearish,83.28,Strong Bull,Bullish confirmed,"Strong Bull - all 4 components agree, trending ADX",82.53,"Outperforming, strengthening",Leads both,81.0835,Overbought,20.2581,7.086,bullish accelerating,Overbought,15.1008,2.6097,full,86.41,Positive accelerating,85.19,Strong Bullish,Bullish confirmed,None,Strong Bullish but overbought on RSI and Stochastic - stretched,Above Upper,Trending,Bullish,Yes,Yes,Breakout Up,78.73,High,Expanding,73.89,No,Squeeze releasing - expanding 10 bars after compression,Normal vol,Normal,Rising,Confirmed Up,0.2026,Accumulation,91.1923,Overbought,4 - Declining,late,40.0,145.0,3 - Topping,18.0,STAND ASIDE,50.0,0.0,Stage unclear,4 - Declining but stage confidence only 40 - regime not established,"4 - Declining, but trend score 43 does not confirm short - no directional edge","4 - Declining, but trend score 62 does not confirm short - no directional edge"
2025-11-19,874.0,892.9000244140625,866.5999755859375,888.1500244140625,443788,768.1369,786.9373,No,82.07,Strong Bull,Uptrend,Hold,Range,Bearish,83.72,Strong Bull,Bullish confirmed,"Strong Bull - all 4 components agree, trending ADX",83.96,"Outperforming, strengthening",Leads both,82.2954,Overbought,26.4127,10.9514,bullish accelerating,Overbought,17.263,2.9183,full,86.62,Positive accelerating,86.9,Strong Bullish,Bullish confirmed,None,Strong Bullish but overbought on RSI and Stochastic - stretched,Above Upper,Trending,Bullish,Yes,Yes,Breakout Up,78.18,High,Expanding,72.54,No,Squeeze releasing - expanding 11 bars after compression,Normal vol,Normal,Rising,Weak Up,0.2219,Accumulation,95.0469,Overbought,4 - Declining,late,40.0,146.0,3 - Topping,18.0,STAND ASIDE,50.0,0.0,Stage unclear,4 - Declining but stage confidence only 40 - regime not established,"4 - Declining, but trend score 46 does not confirm short - no directional edge","4 - Declining, but trend score 61 does not confirm short - no directional edge"
2025-11-20,888.0,901.5999755859376,877.75,895.5499877929688,342204,773.1335,788.018,No,88.93,Strong Bull,Uptrend,Hold,Range,Bearish,86.13,Strong Bull,Bullish confirmed,"Strong Bull - all 4 components agree, strong ADX",80.33,"Outperforming, strengthening",Leads both,83.0418,Overbought,31.524,15.0659,bullish accelerating,Overbought,19.2874,3.1788,full,83.96,Positive fading,87.07,Strong Bullish,Bullish confirmed,None,Strong Bullish but overbought on RSI and Stochastic - stretched,Above Upper,Strong,Bullish,Yes,Yes,Breakout Up,77.26,High,Expanding,71.47,No,Squeeze releasing - expanding 12 bars after compression,Normal vol,Normal,Rising,Weak Up,0.2293,Accumulation,96.2095,Overbought,4 - Declining,late,30.0,147.0,3 - Topping,18.0,STAND ASIDE,50.0,0.0,Stage unclear,4 - Declining but stage confidence only 30 - regime not established,"4 - Declining, but trend score 74 does not confirm short - no directional edge","4 - Declining, but trend score 59 does not confirm short - no directional edge"
2025-11-21,894.0499877929688,931.0,887.0499877929688,919.3499755859376,700553,778.8675,789.3248,No,89.44,Strong Bull,Uptrend,Hold,Range,Bearish,86.3,Strong Bull,Bullish confirmed,"Strong Bull - all 4 components agree, strong ADX",89.03,"Outperforming, strengthening",Leads both,85.2025,Overbought,37.068,19.4663,bullish accelerating,Overbought,24.8862,3.9555,full,89.35,Positive accelerating,89.41,Strong Bullish,Bullish confirmed,None,Strong Bullish but overbought on RSI and Stochastic - stretched,Above Upper,Strong,Bullish,Yes,Yes,Breakout Up,79.48,High,Expanding,71.63,No,Squeeze releasing - expanding 13 bars after compression,Normal vol,Normal,Rising,Confirmed Up,0.2432,Accumulation,96.4827,Overbought,4 - Declining,late,30.0,148.0,3 - Topping,18.0,STAND ASIDE,50.0,0.0,Stage unclear,4 - Declining but stage confidence only 30 - regime not established,"4 - Declining, but trend score 88 does not confirm short - no directional edge","4 - Declining, but trend score 48 does not confirm short - no directional edge"
2025-11-24,920.0,929.2999877929688,886.7999877929688,919.25,451664,784.3727,790.6176,No,88.65,Strong Bull,Uptrend,Hold,Range,Bearish,86.03,Strong Bull,Bullish confirmed,"Strong Bull - all 4 components agree, strong ADX",90.0,"Outperforming, strengthening",Leads both,85.1534,Overbought,40.9811,23.7693,bullish fading,Overbought,24.4837,3.7656,full,88.98,Positive fading,89.03,Strong Bullish,Bullish confirmed,None,Strong Bullish but overbought on RSI and Stochastic - stretched,Upper Half,Strong,Bullish,Yes,Yes,Inside,85.24,Very High,Expanding,76.55,No,Squeeze releasing - expanding 14 bars after compression,Normal vol,Normal,Rising,Weak Down,0.2534,Accumulation,91.7538,Overbought,4 - Declining,late,30.0,149.0,3 - Topping,18.0,STAND ASIDE,50.0,0.0,Stage unclear,4 - Declining but stage confidence only 30 - regime not established,"4 - Declining, but trend score 91 does not confirm short - no directional edge","4 - Declining, but trend score 46 does not confirm short - no directional edge"
2025-11-25,918.0,923.0,889.0499877929688,892.25,169372,788.6031,791.6289,No,86.72,Strong Bull,Uptrend,Hold,Range,Bearish,85.35,Strong Bull,Bullish confirmed,"Strong Bull - all 4 components agree, strong ADX",79.0,"Outperforming, strengthening",Leads both,72.9339,Overbought,41.426,27.3006,bullish fading,Overbought,21.7923,3.2625,full,81.36,Positive fading,81.58,Strong Bullish,Bullish confirmed,None,Strong Bullish but overbought on RSI and Stochastic - stretched,Upper Half,Strong,Bullish,Yes,Yes,Inside,86.19,Very High,Expanding,73.97,No,Squeeze releasing - expanding 15 bars after compression,Normal vol,Dry-up,Rising,Weak Down,0.2382,Accumulation,90.8293,Overbought,4 - Declining,late,30.0,150.0,3 - Topping,18.0,STAND ASIDE,50.0,0.0,Stage unclear,4 - Declining but stage confidence only 30 - regime not established,4 - Declining but stage confidence only 40 - regime not established,"4 - Declining, but trend score 43 does not confirm short - no directional edge"
2025-11-26,892.0,907.7000122070312,886.5,901.0499877929688,254263,793.0128,792.7176,No,93.68,Strong Bull,Uptrend,Hold,Range,Bearish,87.79,Strong Bull,Bullish confirmed,"Strong Bull - all 4 components agree, extreme ADX",84.87,"Outperforming, strengthening",Leads both,74.2318,Overbought,42.0046,30.2414,bullish fading,Overbought,21.1659,3.0933,full,87.81,Positive accelerating,82.54,Strong Bullish,Bullish confirmed,None,Strong Bullish but overbought on RSI and Stochastic - stretched,Upper Half,Extreme,Bullish,Yes,Yes,Inside,84.01,Very High,Expanding,71.59,No,Very High volatility and still expanding - move may be extended,Normal vol,Dry-up,Rising,Weak Up,0.2419,Accumulation,88.9005,Overbought,4 - Declining,late,20.0,151.0,3 - Topping,18.0,STAND ASIDE,50.0,0.0,Stage unclear,4 - Declining but stage confidence only 20 - regime not established,4 - Declining but stage confidence only 40 - regime not established,"4 - Declining, but trend score 46 does not confirm short - no directional edge"
2025-11-27,900.0,902.3499755859376,844.7000122070312,886.2000122070312,249534,796.6672,793.6478,No,91.78,Strong Bull,Uptrend,Hold,Range,Bearish,87.12,Strong Bull,Bullish confirmed,"Strong Bull - all 4 components agree, strong ADX",85.81,"Outperforming, strengthening",Leads both,68.2814,Overbought,40.7945,32.352,bullish fading,Overbought,14.5998,2.0888,full,90.82,Positive accelerating,78.97,Strong Bullish,Bullish confirmed,None,Strong Bullish - all 4 components agree incl. MACD acceleration,Upper Half,Strong,Bullish,Yes,Yes,Inside,87.58,Very High,Expanding,67.82,No,Very High volatility and still expanding - move may be extended,Normal vol,Dry-up,Rising,Weak Down,0.2704,Accumulation,87.2874,Overbought,3 - Topping,early,20.0,1.0,4 - Declining,151.0,STAND ASIDE,50.0,0.0,Stage unclear,3 - Topping but stage confidence only 20 - regime not established,4 - Declining but stage confidence only 30 - regime not established,"4 - Declining, but trend score 74 does not confirm short - no directional edge"
2025-11-28,886.0,886.2000122070312,868.1500244140625,877.2000122070312,166059,799.8254,794.4792,No,90.63,Strong Bull,Uptrend,Hold,Range,Bullish,86.72,Strong Bull,Bullish confirmed,"Strong Bull - all 4 components agree, strong ADX",80.78,"Outperforming, strengthening",Leads both,64.8866,Overbought,38.6636,33.6144,bullish fading,Neutral,4.5655,0.5988,full,88.52,Positive fading,74.03,Strong Bullish,Bullish confirmed,None,Strong Bullish - all 4 components agree incl. MACD acceleration,Upper Half,Strong,Bullish,Yes,Yes,Inside,85.16,Very High,Expanding,34.6,No,Very High volatility and still expanding - move may be extended,Normal vol,Dry-up,Rising,Weak Down,0.2745,Accumulation,86.3102,Overbought,3 - Topping,early,20.0,2.0,4 - Declining,151.0,STAND ASIDE,50.0,0.0,Stage unclear,3 - Topping but stage confidence only 20 - regime not established,4 - Declining but stage confidence only 30 - regime not established,"4 - Declining, but trend score 88 does not confirm short - no directional edge"
2025-12-01,875.0,909.0,875.0,902.3499755859376,313236,803.8459,795.5525,No,93.08,Strong Bull,Uptrend,Hold,Range,Bullish,87.58,Strong Bull,Bullish confirmed,"Strong Bull - all 4 components agree, strong ADX",88.56,"Outperforming, strengthening",Leads both,69.4565,Overbought,38.5598,34.6034,bullish fading,Neutral,6.4845,0.8766,full,95.17,Positive accelerating,76.29,Strong Bullish,Bullish confirmed,None,Strong Bullish - all 4 components agree incl. MACD acceleration,Upper Half,Strong,Bullish,Yes,Yes,Inside,84.56,Very High,Stable,12.1,No,"Very High volatility, stable",Normal vol,Normal,Rising,Weak Up,0.283,Accumulation,87.4284,Overbought,3 - Topping,early,20.0,3.0,4 - Declining,151.0,STAND ASIDE,50.0,0.0,Stage unclear,3 - Topping but stage confidence only 20 - regime not established,4 - Declining but stage confidence only 30 - regime not established,"4 - Declining, but trend score 91 does not confirm short - no directional edge"
2025-12-02,901.9000244140624,901.9000244140624,862.7000122070312,868.0999755859375,151745,806.3657,796.2744,No,89.1,Strong Bull,Uptrend,Hold,Range,Bullish,86.18,Strong Bull,Bullish confirmed,"Strong Bull - all 4 components agree, strong ADX",78.32,"Outperforming, strengthening",Leads both,58.3241,Neutral,35.3068,34.7441,bullish fading,Neutral,-0.964,-0.2249,full,84.08,Positive fading,65.45,Bullish,Bullish majority,None,Bullish - price momentum agrees but MACD shows deceleration,Upper Half,Strong,Bullish,No,Yes,Inside,86.11,Very High,Stable,7.38,No,"Very High volatility, stable",Normal vol,Dry-up,Rising,Weak Down,0.2749,Accumulation,86.1045,Overbought,3 - Topping,early,20.0,4.0,4 - Declining,151.0,STAND ASIDE,50.0,0.0,Stage unclear,3 - Topping but stage confidence only 20 - regime not established,4 - Declining but stage confidence only 30 - regime not established,4 - Declining but stage confidence only 40 - regime not established
2025-12-03,868.0999755859375,878.0,867.4000244140625,875.0499877929688,116797,809.0592,797.0582,No,86.23,Strong Bull,Uptrend,Hold,Range,Bullish,85.18,Strong Bull,Bullish confirmed,"Strong Bull - all 4 components agree, strong ADX",78.96,"Outperforming, strengthening",Leads both,59.7344,Neutral,32.9102,34.3773,Bearish crossover,Neutral,-1.475,-0.3002,full,84.61,Positive accelerating,63.41,Bullish,Bullish majority,None,Bullish - price momentum agrees but MACD shows deceleration,Upper Half,Strong,Bullish,No,Yes,Inside,81.47,Very High,Stable,3.29,No,"Very High volatility, stable",Normal vol,Dry-up,Rising,Weak Up,0.2834,Accumulation,81.8191,Overbought,3 - Topping,early,20.0,5.0,4 - Declining,151.0,STAND ASIDE,50.0,0.0,Stage unclear,3 - Topping but stage confidence only 20 - regime not established,4 - Declining but stage confidence only 20 - regime not established,4 - Declining but stage confidence only 40 - regime not established
2025-12-04,875.0,881.9000244140625,857.9000244140625,864.4000244140625,96730,811.2294,797.7283,No,81.79,Strong Bull,Uptrend,Hold,Uptrend (HH+HL),Bullish,93.63,Strong Bull,Bullish confirmed,"Strong Bull - all 4 components agree, strong ADX",72.49,"Outperforming, strengthening",Leads both,56.575,Neutral,29.808,33.4635,bullish accelerating,Neutral,-3.4783,-0.5941,full,78.66,Positive fading,56.5,Neutral,Bullish majority,None,Neutral - price momentum agrees but MACD shows deceleration,Upper Half,Strong,Bullish,No,Yes,Inside,80.24,Very High,Stable,2.97,No,"Very High volatility, stable",Normal vol,Dry-up,Rising,Weak Down,0.2801,Accumulation,64.7057,Neutral,3 - Topping,early,20.0,6.0,4 - Declining,151.0,STAND ASIDE,50.0,0.0,Stage unclear,3 - Topping but stage confidence only 20 - regime not established,3 - Topping but stage confidence only 20 - regime not established,4 - Declining but stage confidence only 30 - regime not established
2025-12-05,864.4000244140625,866.3499755859375,841.1500244140625,847.5,109974,812.6518,798.2235,No,75.83,Bull,Uptrend,Hold,Uptrend (HH+HL),Bullish,87.64,Strong Bull,Bullish confirmed,"Strong Bull - all 4 components agree, strong ADX",69.53,"Outperforming, strengthening",Leads both,51.8853,Neutral,25.6896,31.9087,bullish accelerating,Neutral,-7.8153,-1.2254,full,77.36,Positive fading,50.49,Neutral,Mixed,None,"Neutral - components mixed, low conviction",Lower Half,Strong,Bullish,No,Yes,Inside,79.33,High,Stable,-0.16,No,"High volatility, stable",Normal vol,Dry-up,Rising,Weak Down,0.2804,Accumulation,57.4919,Neutral,3 - Topping,mid,20.0,7.0,4 - Declining,151.0,STAND ASIDE,50.0,0.0,Stage unclear,3 - Topping but stage confidence only 20 - regime not established,3 - Topping but stage confidence only 20 - regime not established,4 - Declining but stage confidence only 30 - regime not established
2025-12-08,845.0,847.1500244140625,810.5,815.9000244140625,149237,812.7792,798.3994,No,70.29,Bull,Uptrend,Hold,Uptrend (HH+HL),Bullish,57.62,Neutral,Bullish majority,"Neutral - majority agree, 1 dissenting, trending ADX",62.74,"Outperforming, strengthening",Leads both,44.4634,Neutral,19.6494,29.4568,bullish accelerating,Oversold,-11.2429,-1.7125,full,70.05,Positive fading,41.46,Bearish,Bearish majority,None,"Bearish - majority agree, 1 dissenting",Lower Half,Trending,Bearish,No,Yes,Inside,80.99,Very High,Stable,-4.25,No,"Very High volatility, stable",Normal vol,Dry-up,Rising,Weak Down,0.2704,Accumulation,48.8371,Neutral,3 - Topping,mid,20.0,8.0,4 - Declining,151.0,STAND ASIDE,50.0,0.0,Stage unclear,3 - Topping but stage confidence only 20 - regime not established,3 - Topping but stage confidence only 20 - regime not established,4 - Declining but stage confidence only 30 - regime not established
2025-12-09,815.9000244140625,876.0499877929688,800.4500122070312,849.25,509881,814.2094,798.9054,No,76.63,Bull,Uptrend,Hold,Uptrend (HH+HL),Bullish,88.37,Strong Bull,Bullish confirmed,"Strong Bull - all 4 components agree, trending ADX",76.03,"Outperforming, strengthening",Leads both,52.2298,Neutral,17.3535,27.0362,bullish fading,Oversold,-4.8193,-0.7654,full,79.43,Positive accelerating,46.75,Neutral,Mixed,None,"Neutral - components mixed, low conviction",Lower Half,Trending,Bullish,No,Yes,Inside,86.91,Very High,Stable,0.71,No,"Very High volatility, stable",Vol expanding,Normal,Rising,Weak Up,0.2788,Accumulation,49.4119,Neutral,3 - Topping,mid,20.0,9.0,4 - Declining,151.0,STAND ASIDE,50.0,0.0,Stage unclear,3 - Topping but stage confidence only 20 - regime not established,3 - Topping but stage confidence only 20 - regime not established,4 - Declining but stage confidence only 30 - regime not established
2025-12-10,852.0,864.4000244140625,833.4000244140625,837.2000122070312,113396,815.111,799.2864,No,74.71,Bull,Uptrend,Hold,Uptrend (HH+HL),Bullish,84.61,Strong Bull,Bullish confirmed,"Strong Bull - all 4 components agree, trending ADX",73.46,"Outperforming, strengthening",Leads both,49.5344,Neutral,14.3957,24.5081,bullish accelerating,Neutral,-7.0862,-1.0889,full,75.92,Positive fading,45.18,Neutral,Bearish majority,None,"Neutral - majority agree, 1 dissenting",Lower Half,Trending,Bullish,No,Yes,Inside,84.92,Very High,Stable,0.91,No,"Very High volatility, stable",Vol expanding,Dry-up,Rising,Weak Down,0.2661,Accumulation,46.0381,Neutral,3 - Topping,mid,20.0,10.0,4 - Declining,151.0,STAND ASIDE,50.0,0.0,Stage unclear,3 - Topping but stage confidence only 20 - regime not established,3 - Topping but stage confidence only 20 - regime not established,4 - Declining but stage confidence only 20 - regime not established
2025-12-11,833.0499877929688,876.0,830.5499877929688,872.5,276126,817.3616,800.0149,No,80.68,Strong Bull,Uptrend,Hold,Uptrend (HH+HL),Bullish,93.24,Strong Bull,Bullish confirmed,"Strong Bull - all 4 components agree, trending ADX",83.64,"Outperforming, strengthening",Leads both,56.6002,Neutral,14.7302,22.5525,bullish fading,Neutral,-1.5459,-0.2747,full,84.32,Positive accelerating,53.26,Neutral,Mixed,None,"Neutral - components mixed, low conviction",Lower Half,Trending,Bullish,No,Yes,Inside,77.1,High,Stable,-10.47,No,"High volatility, stable",Normal vol,Normal,Rising,Weak Up,0.3208,Accumulation,38.1138,Neutral,3 - Topping,mid,20.0,11.0,4 - Declining,151.0,STAND ASIDE,50.0,0.0,Stage unclear,3 - Topping but stage confidence only 20 - regime not established,3 - Topping but stage confidence only 20 - regime not established,3 - Topping but stage confidence only 20 - regime not established
2025-12-12,870.0,876.9500122070312,856.0,864.7999877929688,127231,819.2219,800.6595,No,79.27,Bull,Uptrend,Hold,Uptrend (HH+HL),Bullish,92.74,Strong Bull,Bullish confirmed,"Strong Bull - all 4 components agree, trending ADX",83.34,"Outperforming, strengthening",Leads both,54.7979,Neutral,14.2102,20.884,bullish fading,Neutral,-1.4136,-0.2495,full,85.0,Positive accelerating,54.39,Neutral,Mixed,Bearish divergence,Neutral - bearish divergence vs price over 21 bars,Lower Half,Trending,Bullish,No,Yes,Inside,72.16,High,Stable,-13.0,No,"High volatility, stable",Normal vol,Dry-up,Rising,Weak Down,0.2748,Accumulation,47.3605,Neutral,3 - Topping,mid,20.0,12.0,4 - Declining,151.0,STAND ASIDE,50.0,0.0,Stage unclear,3 - Topping but stage confidence only 20 - regime not established,3 - Topping but stage confidence only 20 - regime not established,3 - Topping but stage confidence only 20 - regime not established
2025-12-15,858.1500244140625,887.7999877929688,858.1500244140625,879.6500244140625,185608,821.5916,801.4455,No,87.33,Strong Bull,Uptrend,Hold,Uptrend (HH+HL),Bullish,95.57,Strong Bull,Bullish confirmed,"Strong Bull - all 4 components agree, trending ADX",90.78,"Outperforming, strengthening",Leads both,57.6019,Neutral,14.8255,19.6723,bullish fading,Neutral,-2.5156,-0.4061,full,89.9,Positive accelerating,60.04,Bullish,Bullish majority,Bearish divergence,Bullish - bearish divergence vs price over 21 bars,Upper Half,Trending,Bullish,No,Yes,Inside,66.82,High,Stable,-17.74,No,"High volatility, stable",Normal vol,Normal,Falling,Weak Up,0.3299,Accumulation,53.8164,Neutral,3 - Topping,mid,20.0,13.0,4 - Declining,151.0,STAND ASIDE,50.0,0.0,Stage unclear,3 - Topping but stage confidence only 20 - regime not established,3 - Topping but stage confidence only 20 - regime not established,3 - Topping but stage confidence only 20 - regime not established
2025-12-16,879.6500244140625,885.0,860.0,864.2999877929688,66162,823.2665,802.0709,No,85.68,Strong Bull,Uptrend,Hold,Range,Bearish,84.7,Strong Bull,Bullish confirmed,"Strong Bull - all 4 components agree, trending ADX",86.59,"Outperforming, strengthening",Leads both,53.8812,Neutral,13.9141,18.5207,bullish fading,Neutral,-0.4377,-0.0935,full,85.58,Positive fading,58.0,Neutral,Bullish majority,Bearish divergence,Neutral - bearish divergence vs price over 21 bars,Lower Half,Trending,Bullish,No,Yes,Inside,65.75,High,Contracting,-20.36,No,"High volatility, contracting - move losing energy",Normal vol,Dry-up,Falling,Weak Down,0.2666,Accumulation,57.8612,Neutral,3 - Topping,mid,20.0,14.0,4 - Declining,151.0,STAND ASIDE,50.0,0.0,Stage unclear,3 - Topping but stage confidence only 20 - regime not established,3 - Topping but stage confidence only 20 - regime not established,3 - Topping but stage confidence only 20 - regime not established
2025-12-17,859.0,866.2999877929688,850.0499877929688,862.5,58128,824.805,802.6722,No,86.21,Strong Bull,Uptrend,Hold,Range,Bearish,84.08,Strong Bull,Bullish confirmed,"Strong Bull - all 4 components agree, trending ADX",87.67,"Outperforming, weakening",Leads both,53.4453,Neutral,12.8979,17.3961,bullish fading,Neutral,-1.4342,-0.2363,full,84.73,Positive fading,57.93,Neutral,Bullish majority,None,Neutral - price momentum agrees but MACD shows deceleration,Lower Half,Trending,Bullish,No,Yes,Inside,62.62,High,Stable,-18.85,No,"High volatility, stable",Normal vol,Dry-up,Falling,Weak Down,0.2341,Accumulation,62.5091,Neutral,3 - Topping,mid,20.0,15.0,4 - Declining,151.0,STAND ASIDE,50.0,0.0,Stage unclear,3 - Topping but stage confidence only 20 - regime not established,3 - Topping but stage confidence only 20 - regime not established,3 - Topping but stage confidence only 20 - regime not established
2025-12-18,866.25,866.25,834.7000122070312,843.5499877929688,89596,825.5401,803.079,No,77.84,Bull,Uptrend,Hold,Range,Bearish,75.16,Strong Bull,Bullish confirmed,"Strong Bull - all 4 components agree, trending ADX",83.78,"Outperforming, weakening",Leads both,48.9544,Neutral,10.443,16.0055,bullish accelerating,Neutral,-2.4121,-0.3763,full,80.86,Positive fading,53.17,Neutral,Mixed,None,"Neutral - components mixed, low conviction",Lower Half,Trending,Bullish,No,Yes,Inside,64.09,High,Stable,-16.15,No,"High volatility, stable",Normal vol,Dry-up,Falling,Weak Down,0.2,Accumulation,64.6493,Neutral,2 - Advancing,early,84.0,1.0,3 - Topping,15.0,ENTER SMALL,65.07,3.0,Volume,"2 - Advancing, trend 75 long confirmed but participation is thin - reduce size, breakouts without volume fail more often",3 - Topping but stage confidence only 20 - regime not established,3 - Topping but stage confidence only 20 - regime not established
2025-12-19,838.0,842.4000244140625,832.0,838.0499877929688,66441,826.0307,803.4269,No,73.16,Bull,Uptrend,Hold,Range,Bearish,70.98,Bull,Bullish confirmed,"Bull - all 4 components agree, trending ADX",80.86,"Outperforming, weakening",Leads both,47.7016,Neutral,7.9619,14.3968,bullish accelerating,Neutral,-1.115,-0.1798,full,78.96,Positive fading,50.66,Neutral,Bearish majority,None,"Neutral - majority agree, 1 dissenting",Lower Half,Trending,Bullish,No,Yes,Inside,58.93,Normal,Contracting,-20.4,No,"Normal volatility, contracting - move losing energy",Normal vol,Dry-up,Falling,Weak Down,0.1485,Accumulation,57.1841,Neutral,2 - Advancing,early,84.0,2.0,3 - Topping,15.0,ENTER SMALL,62.44,3.0,Volume,"2 - Advancing, trend 71 long confirmed but participation is thin - reduce size, breakouts without volume fail more often",3 - Topping but stage confidence only 20 - regime not established,3 - Topping but stage confidence only 20 - regime not established
2025-12-22,838.0,871.0,833.6500244140625,862.4000244140625,249722,827.457,804.0137,No,77.88,Bull,Uptrend,Hold,Downtrend (LH+LL),Bearish,68.5,Bull,Bullish majority,"Bull - majority agree, 1 dissenting, trending ADX",84.55,"Outperforming, weakening",Leads both,53.3889,Neutral,7.8698,13.0914,bullish fading,Neutral,5.6992,0.8354,full,84.32,Positive accelerating,55.6,Neutral,Mixed,None,"Neutral - components mixed, low conviction",Lower Half,Trending,Bullish,No,No,Inside,56.27,Normal,Contracting,-24.72,No,"Normal volatility, contracting - move losing energy",Vol contracting,Normal,Falling,Confirmed Up,0.1277,Accumulation,66.051,Neutral,2 - Advancing,early,84.0,3.0,3 - Topping,15.0,ENTER LONG,69.2,5.0,None,"2 - Advancing, trend 68 with bullish majority, momentum and volume confirm; outperforming both benchmarks, early in the stage",3 - Topping but stage confidence only 20 - regime not established,3 - Topping but stage confidence only 20 - regime not established
2025-12-23,859.0,864.5,842.7000122070312,846.4500122070312,57547,828.2018,804.436,No,73.44,Bull,Uptrend,Hold,Downtrend (LH+LL),Bearish,62.53,Bull,Bullish majority,"Bull - majority agree, 1 dissenting, trending ADX",71.92,"Outperforming, weakening",Leads both,49.5851,Neutral,6.4356,11.7602,bullish accelerating,Neutral,-0.3297,-0.0604,full,75.27,Positive fading,52.21,Neutral,Mixed,None,"Neutral - components mixed, low conviction",Lower Half,Trending,Bullish,No,No,Inside,53.93,Normal,Contracting,-32.98,No,"Normal volatility, contracting - move losing energy",Vol contracting,Dry-up,Falling,Weak Down,0.1611,Accumulation,67.9574,Neutral,2 - Advancing,early,84.0,4.0,3 - Topping,15.0,ENTER SMALL,59.1,3.0,Volume,"2 - Advancing, trend 63 long confirmed but participation is thin - reduce size, breakouts without volume fail more often",3 - Topping but stage confidence only 20 - regime not established,3 - Topping but stage confidence only 20 - regime not established
2025-12-24,843.8499755859375,854.5,834.0,837.0499877929688,128876,828.5488,804.7605,No,65.13,Bull,Uptrend,Hold,Downtrend (LH+LL),Bearish,56.62,Neutral,Bullish majority,"No clear trend - ADX emerging, price ranging",72.78,"Outperforming, weakening",Leads both,47.44,Neutral,4.4887,10.3059,bullish accelerating,Neutral,-0.0179,-0.0119,full,75.95,Positive accelerating,51.57,Neutral,Mixed,None,"Neutral - components mixed, low conviction",Lower Half,Emerging,Bullish,No,No,Inside,49.88,Normal,Contracting,-35.04,No,"Normal volatility, contracting - move losing energy",Vol contracting,Normal,Falling,Weak Down,0.1108,Accumulation,67.0623,Neutral,2 - Advancing,mid,74.0,5.0,3 - Topping,15.0,WAIT,55.25,1.0,Trend,"2 - Advancing, but trend score 57 does not confirm long - no directional edge",3 - Topping but stage confidence only 20 - regime not established,3 - Topping but stage confidence only 20 - regime not established
2025-12-26,832.0,851.5,832.0,846.6500244140625,92638,829.2586,805.1773,No,65.69,Bull,Uptrend,Hold,Downtrend (LH+LL),Bearish,58.67,Neutral,Bullish majority,"No clear trend - ADX emerging, price ranging",77.44,"Outperforming, weakening",Leads both,49.8273,Neutral,3.678,8.9803,bullish fading,Neutral,-2.9627,-0.4485,full,79.82,Positive accelerating,53.22,Neutral,Bearish majority,None,"Neutral - majority agree, 1 dissenting",Lower Half,Emerging,Bullish,No,No,Inside,48.14,Normal,Contracting,-28.97,No,"Normal volatility, contracting - move losing energy",Vol contracting,Normal,Falling,Weak Up,0.0962,Accumulation,71.8574,Neutral,2 - Advancing,mid,74.0,6.0,3 - Topping,15.0,WAIT,57.87,1.0,Trend,"2 - Advancing, but trend score 59 does not confirm long - no directional edge","2 - Advancing, trend 75 long confirmed but participation is thin - reduce size, breakouts without volume fail more often",3 - Topping but stage confidence only 20 - regime not established
2025-12-29,842.0999755859375,846.75,829.0,832.9000244140625,61159,829.4014,805.4532,No,62.17,Bull,Uptrend,Hold,Downtrend (LH+LL),Bearish,53.25,Neutral,Bullish majority,"No clear trend - ADX emerging, price ranging",70.6,"Outperforming, weakening",Leads both,46.565,Neutral,1.9041,7.5651,bullish accelerating,Neutral,-3.6887,-0.556,full,74.93,Positive fading,49.86,Neutral,Bearish majority,None,"Neutral - majority agree, 1 dissenting",Lower Half,Emerging,Bullish,No,No,Inside,47.34,Normal,Contracting,-24.82,No,"Normal volatility, contracting - move losing energy",Vol contracting,Dry-up,Falling,Weak Down,0.088,Accumulation,74.7689,Neutral,2 - Advancing,mid,74.0,7.0,3 - Topping,15.0,WAIT,53.22,1.0,Trend,"2 - Advancing, but trend score 53 does not confirm long - no directional edge","2 - Advancing, trend 71 long confirmed but participation is thin - reduce size, breakouts without volume fail more often",3 - Topping but stage confidence only 20 - regime not established
2025-12-30,830.0999755859375,855.0,829.6500244140625,832.6500244140625,67166,829.5288,805.7238,No,60.28,Bull,Uptrend,Hold,Downtrend (LH+LL),Bearish,52.14,Neutral,Bullish majority,"No clear trend - ADX emerging, price ranging",70.31,"Outperforming, weakening",Leads both,46.5054,Neutral,0.4726,6.1466,bullish accelerating,Neutral,-5.343,-0.7987,full,76.66,Positive accelerating,48.96,Neutral,Bearish majority,None,"Neutral - majority agree, 1 dissenting",Lower Half,Emerging,Bullish,No,No,Inside,45.48,Normal,Contracting,-21.35,No,"Normal volatility, contracting - move losing energy",Vol contracting,Dry-up,Falling,Weak Down,0.0086,Neutral,68.0565,Neutral,2 - Advancing,mid,74.0,8.0,3 - Topping,15.0,WAIT,52.45,1.0,Trend,"2 - Advancing, but trend score 52 does not confirm long - no directional edge","2 - Advancing, trend 68 with bullish majority, momentum and volume confirm; outperforming both benchmarks, early in the stage",3 - Topping but stage confidence only 20 - regime not established
2025-12-31,839.2999877929688,863.25,832.5499877929688,860.0999755859375,90010,830.7277,806.2648,No,65.96,Bull,Uptrend,Hold,Downtrend (LH+LL),Bearish,61.02,Bull,Bullish majority,"Range with bullish lean - ADX emerging, direction not confirmed",71.23,"Outperforming, weakening",Leads both,53.5392,Neutral,1.5354,5.2243,bullish fading,Neutral,-0.4859,-0.0776,full,79.12,Positive accelerating,53.71,Neutral,Mixed,None,"Neutral - components mixed, low conviction",Upper Half,Emerging,Bullish,No,No,Inside,43.53,Normal,Contracting,-22.22,No,"Normal volatility, contracting - move losing energy",Vol contracting,Normal,Falling,Weak Up,0.0757,Accumulation,67.6144,Neutral,2 - Advancing,mid,74.0,9.0,3 - Topping,15.0,WAIT,59.07,1.0,Weak ADX,"2 - Advancing, trend 61 but ADX shows no trend, this is a range - wait for alignment","2 - Advancing, trend 63 long confirmed but participation is thin - reduce size, breakouts without volume fail more often",3 - Topping but stage confidence only 20 - regime not established
2026-01-01,855.0,913.4500122070312,850.1500244140625,898.9500122070312,441373,833.4031,807.1871,No,88.52,Strong Bull,Uptrend,Hold,Downtrend (LH+LL),Bearish,70.44,Bull,Bullish majority,"Range with bullish lean - ADX emerging, direction not confirmed",83.28,"Outperforming, strengthening",Leads both,61.2959,Neutral,5.4498,5.2694,Bullish crossover,Neutral,4.2261,0.6206,full,89.1,Positive accelerating,65.06,Bullish,Bullish majority,Bearish divergence,Bullish - bearish divergence vs price over 21 bars,Above Upper,Emerging,Bullish,No,No,Breakout Up,47.46,Normal,Stable,-15.16,No,"Normal volatility, stable",Vol contracting,High,Falling,Confirmed Up,0.1293,Accumulation,70.8667,Neutral,2 - Advancing,mid,84.0,10.0,3 - Topping,15.0,WAIT,62.0,1.0,Weak ADX,"2 - Advancing, trend 70 but ADX shows no trend, this is a range - wait for alignment","2 - Advancing, but trend score 57 does not confirm long - no directional edge",3 - Topping but stage confidence only 20 - regime not established
2026-01-02,897.0999755859375,953.0999755859376,889.9500122070312,944.0999755859376,860409,837.7441,808.5494,No,97.3,Strong Bull,Uptrend,Hold,Downtrend (LH+LL),Bearish,74.78,Bull,Bullish majority,"Range with bullish lean - ADX emerging, direction not confirmed",98.68,"Outperforming, strengthening",Leads both,67.9853,Overbought,12.0562,6.6268,bullish accelerating,Neutral,11.9199,1.7484,full,100.0,Positive accelerating,79.22,Strong Bullish,Bullish confirmed,None,Strong Bullish - all 4 components agree incl. MACD acceleration,Above Upper,Emerging,Bullish,Yes,No,Breakout Up,64.44,High,Stable,0.36,No,"High volatility, stable",Vol contracting,High,Falling,Confirmed Up,0.2768,Accumulation,79.886,Neutral,2 - Advancing,mid,84.0,11.0,3 - Topping,15.0,WAIT,62.0,1.0,Weak ADX,"2 - Advancing, trend 75 but ADX shows no trend, this is a range - wait for alignment","2 - Advancing, but trend score 59 does not confirm long - no directional edge","2 - Advancing, trend 75 long confirmed but participation is thin - reduce size, breakouts without volume fail more often"
2026-01-05,947.9500122070312,956.0,934.9500122070312,946.7000122070312,455867,842.0169,809.924,No,97.9,Strong Bull,Uptrend,Hold,Range,Bearish,86.2,Strong Bull,Bullish confirmed,"Strong Bull - all 4 components agree, trending ADX",99.15,"Outperforming, strengthening",Leads both,68.3249,Overbought,17.3021,8.7619,bullish accelerating,Overbought,12.9646,1.8827,full,100.0,Positive fading,83.26,Strong Bullish,Bullish confirmed,None,Strong Bullish - all 4 components agree incl. MACD acceleration,Above Upper,Trending,Bullish,Yes,No,Near Upper,70.75,High,Stable,11.83,No,"High volatility, stable",Vol contracting,High,Falling,Confirmed Up,0.2797,Accumulation,82.0527,Overbought,2 - Advancing,mid,84.0,12.0,3 - Topping,15.0,ENTER LONG,85.47,5.0,None,"2 - Advancing, trend 86 with bullish confirmed, momentum and volume confirm; outperforming both benchmarks","2 - Advancing, but trend score 53 does not confirm long - no directional edge","2 - Advancing, trend 71 long confirmed but participation is thin - reduce size, breakouts without volume fail more often"
2026-01-06,945.9500122070312,1021.75,942.0,997.75,1967646,848.1241,811.7929,No,98.92,Strong Bull,Uptrend,Hold,Range,Bearish,88.21,Strong Bull,Bullish confirmed,"Strong Bull - all 4 components agree, trending ADX",100.0,"Outperforming, strengthening",Leads both,74.1266,Overbought,25.2874,12.067,bullish accelerating,Overbought,15.6946,2.2515,full,100.0,Positive accelerating,87.44,Strong Bullish,Bullish confirmed,None,Strong Bullish but overbought on RSI and Stochastic - stretched,Above Upper,Trending,Bullish,Yes,Yes,Breakout Up,79.72,High,Expanding,23.45,No,High volatility and still expanding - move may be extended,Normal vol,High,Falling,Confirmed Up,0.3434,Accumulation,91.0903,Overbought,2 - Advancing,mid,84.0,13.0,3 - Topping,15.0,NO NEW ENTRY,70.0,2.0,Momentum stretched,"2 - Advancing, trend 88 long but momentum overextended - hold existing, do not add","2 - Advancing, but trend score 52 does not confirm long - no directional edge","2 - Advancing, trend 68 with bullish majority, momentum and volume confirm; outperforming both benchmarks, early in the stage"
2026-01-07,997.75,1009.9000244140624,987.2999877929688,997.7999877929688,499945,853.9937,813.6438,No,98.82,Strong Bull,Uptrend,Hold,Range,Bearish,89.59,Strong Bull,Bullish confirmed,"Strong Bull - all 4 components agree, trending ADX",100.0,"Outperforming, strengthening",Leads both,74.1316,Overbought,31.2595,15.9055,bullish accelerating,Overbought,17.8806,2.526,full,100.0,Positive accelerating,87.81,Strong Bullish,Bullish confirmed,None,Strong Bullish but overbought on RSI and Stochastic - stretched,Above Upper,Trending,Bullish,Yes,No,Inside,80.24,Very High,Expanding,26.31,No,Very High volatility and still expanding - move may be extended,Vol contracting,Normal,Falling,Confirmed Up,0.3131,Accumulation,92.9537,Overbought,2 - Advancing,mid,84.0,14.0,3 - Topping,15.0,NO NEW ENTRY,70.0,2.0,Momentum stretched,"2 - Advancing, trend 90 long but momentum overextended - hold existing, do not add","2 - Advancing, trend 61 but ADX shows no trend, this is a range - wait for alignment","2 - Advancing, trend 63 long confirmed but participation is thin - reduce size, breakouts without volume fail more often"
2026-01-08,995.0,998.9500122070312,966.6500244140624,985.2000122070312,246562,859.1391,815.3508,No,97.55,Strong Bull,Uptrend,Hold,Range,Bearish,89.14,Strong Bull,Bullish confirmed,"Strong Bull - all 4 components agree, trending ADX",100.0,"Outperforming, strengthening",Leads both,70.4392,Overbought,34.5771,19.6398,bullish fading,Overbought,17.6991,2.4602,full,100.0,Positive fading,86.05,Strong Bullish,Bullish confirmed,None,Strong Bullish but overbought on RSI and Stochastic - stretched,Upper Half,Trending,Bullish,Yes,Yes,Inside,78.25,High,Expanding,28.37,No,High volatility and still expanding - move may be extended,Normal vol,Normal,Falling,Weak Down,0.3263,Accumulation,89.8551,Overbought,2 - Advancing,late,84.0,15.0,3 - Topping,15.0,NO NEW ENTRY,70.0,2.0,Momentum stretched,"2 - Advancing, trend 89 long but momentum overextended - hold existing, do not add","2 - Advancing, trend 70 but ADX shows no trend, this is a range - wait for alignment","2 - Advancing, but trend score 57 does not confirm long - no directional edge"
2026-01-09,985.2000122070312,1013.2000122070312,971.0,979.8499755859376,265123,863.8728,816.9876,No,96.92,Strong Bull,Uptrend,Hold,Range,Bearish,88.92,Strong Bull,Bullish confirmed,"Strong Bull - all 4 components agree, trending ADX",100.0,"Outperforming, strengthening",Leads both,68.8705,Overbought,36.3556,22.983,bullish fading,Overbought,15.7326,2.1524,full,100.0,Positive accelerating,84.63,Strong Bullish,Bullish confirmed,None,Strong Bullish - all 4 components agree incl. MACD acceleration,Upper Half,Trending,Bullish,Yes,Yes,Inside,79.92,High,Expanding,31.78,No,High volatility and still expanding - move may be extended,Normal vol,Normal,Falling,Weak Down,0.2632,Accumulation,91.3271,Overbought,2 - Advancing,late,84.0,16.0,3 - Topping,15.0,ENTER SMALL,80.0,3.0,Volume,"2 - Advancing, trend 89 long confirmed but participation is thin - reduce size, breakouts without volume fail more often","2 - Advancing, trend 75 but ADX shows no trend, this is a range - wait for alignment","2 - Advancing, but trend score 59 does not confirm long - no directional edge"
2026-01-12,960.0,1004.9000244140624,940.25,984.4000244140624,313431,868.5994,818.6534,No,96.76,Strong Bull,Uptrend,Hold,Range,Bearish,88.87,Strong Bull,Bullish confirmed,"Strong Bull - all 4 components agree, trending ADX",100.0,"Outperforming, strengthening",Leads both,69.4928,Overbought,37.6976,25.9259,bullish fading,Neutral,18.1895,2.4591,full,100.0,Positive accelerating,83.81,Strong Bullish,Bullish confirmed,None,Strong Bullish - all 4 components agree incl. MACD acceleration,Upper Half,Trending,Bullish,Yes,Yes,Inside,83.69,Very High,Expanding,36.35,No,Very High volatility and still expanding - move may be extended,Normal vol,Normal,Falling,Confirmed Up,0.2769,Accumulation,85.6971,Overbought,2 - Advancing,late,84.0,17.0,3 - Topping,15.0,ENTER SMALL,82.83,4.0,Volatility extended,"2 - Advancing, long setup confirmed but volatility 84 and still expanding - late, size down and widen stop","2 - Advancing, trend 86 with bullish confirmed, momentum and volume confirm; outperforming both benchmarks","2 - Advancing, but trend score 53 does not confirm long - no directional edge"
2026-01-13,995.1500244140624,995.1500244140624,976.0,989.4500122070312,158098,873.3386,820.3529,No,96.67,Strong Bull,Uptrend,Hold,Uptrend (HH+HL),Bullish,98.83,Strong Bull,Bullish confirmed,"Strong Bull - all 4 components agree, trending ADX",100.0,"Outperforming, strengthening",Leads both,70.2046,Overbought,38.7223,28.4852,bullish fading,Overbought,18.8314,2.5067,full,100.0,Positive accelerating,83.28,Strong Bullish,Bullish confirmed,None,Strong Bullish but overbought on RSI and Stochastic - stretched,Upper Half,Trending,Bullish,Yes,Yes,Inside,80.79,Very High,Expanding,35.32,No,Very High volatility and still expanding - move may be extended,Normal vol,Normal,Falling,Weak Up,0.275,Accumulation,86.8875,Overbought,2 - Advancing,late,84.0,18.0,3 - Topping,15.0,NO NEW ENTRY,70.0,2.0,Momentum stretched,"2 - Advancing, trend 99 long but momentum overextended - hold existing, do not add","2 - Advancing, trend 88 long but momentum overextended - hold existing, do not add","2 - Advancing, but trend score 52 does not confirm long - no directional edge"
2026-01-14,989.0,1006.2000122070312,982.7999877929688,996.0999755859376,210639,878.1528,822.1016,No,96.71,Strong Bull,Uptrend,Hold,Uptrend (HH+HL),Bullish,98.85,Strong Bull,Bullish confirmed,"Strong Bull - all 4 components agree, trending ADX",100.0,"Outperforming, strengthening",Leads both,71.159,Overbought,39.6143,30.711,bullish fading,Overbought,15.8121,2.0689,full,100.0,Positive accelerating,83.05,Strong Bullish,Bullish confirmed,None,Strong Bullish but overbought on RSI and Stochastic - stretched,Upper Half,Trending,Bullish,Yes,Yes,Inside,77.46,High,Expanding,33.93,No,High volatility and still expanding - move may be extended,Normal vol,Normal,Falling,Weak Up,0.2801,Accumulation,89.1003,Overbought,2 - Advancing,late,84.0,19.0,3 - Topping,15.0,NO NEW ENTRY,70.0,2.0,Momentum stretched,"2 - Advancing, trend 99 long but momentum overextended - hold existing, do not add","2 - Advancing, trend 90 long but momentum overextended - hold existing, do not add","2 - Advancing, trend 61 but ADX shows no trend, this is a range - wait for alignment"
2026-01-15,996.0999755859376,996.0999755859376,996.0999755859376,996.0999755859376,0,882.7782,823.8329,No,96.15,Strong Bull,Uptrend,Hold,Uptrend (HH+HL),Bullish,98.65,Strong Bull,Bullish confirmed,"Strong Bull - all 4 components agree, trending ADX",100.0,"Outperforming, strengthening",Leads both,71.159,Overbought,39.8618,32.5412,bullish fading,Overbought,10.807,1.3767,full,100.0,Positive fading,82.14,Strong Bullish,Bullish confirmed,None,Strong Bullish but overbought on RSI and Stochastic - stretched,Upper Half,Trending,Bullish,Yes,No,Inside,70.95,High,Expanding,23.49,No,High volatility and still expanding - move may be extended,Vol contracting,Dry-up,Falling,Flat,0.2778,Accumulation,88.9433,Overbought,2 - Advancing,late,84.0,20.0,3 - Topping,15.0,NO NEW ENTRY,70.0,2.0,Momentum stretched,"2 - Advancing, trend 99 long but momentum overextended - hold existing, do not add","2 - Advancing, trend 89 long but momentum overextended - hold existing, do not add","2 - Advancing, trend 70 but ADX shows no trend, this is a range - wait for alignment"
2026-01-16,1005.9000244140624,1005.9000244140624,972.5,984.6500244140624,97161,886.7732,825.4331,No,94.62,Strong Bull,Uptrend,Hold,Uptrend (HH+HL),Bullish,98.12,Strong Bull,Bullish confirmed,"Strong Bull - all 4 components agree, trending ADX",100.0,"Outperforming, strengthening",Leads both,66.8812,Overbought,38.688,33.7705,bullish fading,Overbought,4.2951,0.489,full,100.0,Positive fading,78.7,Strong Bullish,Bullish confirmed,None,Strong Bullish - all 4 components agree incl. MACD acceleration,Upper Half,Trending,Bullish,No,No,Inside,70.79,High,Stable,6.35,No,"High volatility, stable",Vol contracting,Dry-up,Falling,Weak Down,0.2795,Accumulation,88.2143,Overbought,2 - Advancing,late,84.0,21.0,3 - Topping,15.0,ENTER SMALL,80.0,3.0,Volume,"2 - Advancing, trend 98 long confirmed but participation is thin - reduce size, breakouts without volume fail more often","2 - Advancing, trend 89 long confirmed but participation is thin - reduce size, breakouts without volume fail more often","2 - Advancing, trend 75 but ADX shows no trend, this is a range - wait for alignment"
2026-01-19,971.0,984.2000122070312,960.5,979.9500122070312,98737,890.4272,826.9706,No,93.9,Strong Bull,Uptrend,Hold,Uptrend (HH+HL),Bullish,97.86,Strong Bull,Bullish confirmed,"Strong Bull - all 4 components agree, trending ADX",100.0,"Outperforming, strengthening",Leads both,65.1499,Neutral,36.9525,34.4069,bullish fading,Overbought,3.5122,0.378,full,100.0,Positive fading,75.5,Strong Bullish,Bullish confirmed,None,Strong Bullish - all 4 components agree incl. MACD acceleration,Upper Half,Trending,Bullish,No,No,Inside,69.48,High,Stable,-1.27,No,"High volatility, stable",Vol contracting,Dry-up,Falling,Weak Down,0.2863,Accumulation,86.5524,Overbought,2 - Advancing,late,84.0,22.0,3 - Topping,15.0,ENTER SMALL,80.0,3.0,Volume,"2 - Advancing, trend 98 long confirmed but participation is thin - reduce size, breakouts without volume fail more often","2 - Advancing, long setup confirmed but volatility 84 and still expanding - late, size down and widen stop","2 - Advancing, trend 86 with bullish confirmed, momentum and volume confirm; outperforming both benchmarks"
2026-01-20,979.9000244140624,979.9000244140624,943.3499755859376,966.4500122070312,225011,893.4084,828.3584,No,92.48,Strong Bull,Uptrend,Hold,Uptrend (HH+HL),Bullish,96.93,Strong Bull,Bullish confirmed,"Strong Bull - all 4 components agree, trending ADX",100.0,"Outperforming, strengthening",Leads both,60.3198,Neutral,34.0948,34.3445,Bearish crossover,Neutral,-3.1371,-0.5266,full,100.0,Positive fading,70.36,Strong Bullish,Bullish majority,None,Strong Bullish - price momentum agrees but MACD shows deceleration,Upper Half,Trending,Bullish,No,No,Inside,70.36,High,Stable,-9.37,No,"High volatility, stable",Vol contracting,Normal,Falling,Weak Down,0.2755,Accumulation,83.0489,Overbought,2 - Advancing,late,84.0,23.0,3 - Topping,15.0,ENTER SMALL,80.0,3.0,Volume,"2 - Advancing, trend 97 long confirmed but participation is thin - reduce size, breakouts without volume fail more often","2 - Advancing, trend 99 long but momentum overextended - hold existing, do not add","2 - Advancing, trend 88 long but momentum overextended - hold existing, do not add"
2026-01-21,969.0,974.0,941.2999877929688,962.8499755859376,241444,896.1316,829.6966,No,88.74,Strong Bull,Uptrend,Hold,Uptrend (HH+HL),Bullish,94.54,Strong Bull,Bullish confirmed,"Strong Bull - all 4 components agree, trending ADX",100.0,"Outperforming, strengthening",Leads both,59.0622,Neutral,31.1801,33.7116,bullish accelerating,Neutral,-3.5027,-0.5766,full,100.0,Positive fading,66.61,Bullish,Bullish majority,None,Bullish - price momentum agrees but MACD shows deceleration,Upper Half,Trending,Bullish,No,No,Inside,69.92,High,Stable,-10.32,No,"High volatility, stable",Vol contracting,Normal,Falling,Weak Down,0.2853,Accumulation,78.3344,Neutral,2 - Advancing,late,84.0,24.0,3 - Topping,15.0,ENTER SMALL,77.83,3.0,Volume,"2 - Advancing, trend 95 long confirmed but participation is thin - reduce size, breakouts without volume fail more often","2 - Advancing, trend 99 long but momentum overextended - hold existing, do not add","2 - Advancing, trend 90 long but momentum overextended - hold existing, do not add"
2026-01-22,975.0,987.75,961.9500122070312,979.3499755859376,74633,899.3951,831.1857,No,88.22,Strong Bull,Uptrend,Hold,Uptrend (HH+HL),Bullish,93.62,Strong Bull,Bullish confirmed,"Strong Bull - all 4 components agree, trending ADX",100.0,"Outperforming, strengthening",Leads both,62.8817,Neutral,29.8575,32.9408,bullish accelerating,Neutral,-0.5938,-0.1864,full,100.0,Positive accelerating,66.12,Bullish,Bullish majority,None,Bullish - price momentum agrees but MACD shows deceleration,Upper Half,Trending,Bullish,No,No,Inside,67.82,High,Stable,-10.44,No,"High volatility, stable",Vol contracting,Dry-up,Falling,Weak Up,0.3057,Accumulation,75.0293,Neutral,2 - Advancing,late,84.0,25.0,3 - Topping,15.0,ENTER SMALL,78.47,3.0,Volume,"2 - Advancing, trend 94 long confirmed but participation is thin - reduce size, breakouts without volume fail more often","2 - Advancing, trend 99 long but momentum overextended - hold existing, do not add","2 - Advancing, trend 89 long but momentum overextended - hold existing, do not add"
2026-01-23,980.0,980.0,949.4000244140624,968.3499755859376,152706,902.0992,832.5506,No,85.1,Strong Bull,Uptrend,Hold,Uptrend (HH+HL),Bullish,91.55,Strong Bull,Bullish confirmed,"Strong Bull - all 4 components agree, trending ADX",100.0,"Outperforming, strengthening",Leads both,58.9341,Neutral,27.6034,31.8733,bullish accelerating,Neutral,-1.1736,-0.2648,full,100.0,Positive fading,62.5,Bullish,Mixed,None,"Bullish - components mixed, low conviction",Upper Half,Trending,Bullish,No,No,Inside,67.46,High,Stable,-12.46,No,"High volatility, stable",Vol contracting,Dry-up,Falling,Weak Down,0.3014,Accumulation,70.1541,Neutral,2 - Advancing,late,84.0,26.0,3 - Topping,15.0,ENTER SMALL,75.25,3.0,Volume,"2 - Advancing, trend 92 long confirmed but participation is thin - reduce size, breakouts without volume fail more often","2 - Advancing, trend 98 long confirmed but participation is thin - reduce size, breakouts without volume fail more often","2 - Advancing, trend 89 long confirmed but participation is thin - reduce size, breakouts without volume fail more often"
2026-01-27,950.0,997.25,949.8499755859376,992.5,239266,905.6443,834.1421,No,89.18,Strong Bull,Uptrend,Hold,Uptrend (HH+HL),Bullish,92.41,Strong Bull,Bullish confirmed,"Strong Bull - all 4 components agree, trending ADX",100.0,"Outperforming, strengthening",Leads both,64.2417,Neutral,27.4494,30.9885,bullish fading,Neutral,0.8228,0.0044,full,100.0,Positive accelerating,65.42,Bullish,Bullish majority,None,Bullish - price momentum agrees but MACD shows deceleration,Upper Half,Trending,Bullish,No,No,Inside,68.29,High,Stable,-15.4,No,"High volatility, stable",Vol contracting,Normal,Rising,Weak Up,0.327,Accumulation,51.7559,Neutral,2 - Advancing,late,84.0,27.0,3 - Topping,15.0,ENTER SMALL,77.71,3.0,Volume,"2 - Advancing, trend 92 long confirmed but participation is thin - reduce size, breakouts without volume fail more often","2 - Advancing, trend 98 long confirmed but participation is thin - reduce size, breakouts without volume fail more often","2 - Advancing, long setup confirmed but volatility 84 and still expanding - late, size down and widen stop"
2026-01-28,992.6500244140624,1003.5499877929688,986.2999877929688,997.1500244140624,108602,909.2328,835.7641,No,92.58,Strong Bull,Uptrend,Hold,Uptrend (HH+HL),Bullish,93.19,Strong Bull,Bullish confirmed,"Range with bullish lean - ADX emerging, direction not confirmed",100.0,"Outperforming, strengthening",Leads both,65.175,Neutral,27.3868,30.2682,bullish fading,Neutral,0.7782,-0.0046,full,100.0,Positive accelerating,67.4,Bullish,Bullish majority,None,Bullish - price momentum agrees but MACD shows deceleration,Upper Half,Emerging,Bullish,No,No,Inside,60.79,High,Contracting,-20.0,No,"High volatility, contracting - move losing energy",Vol contracting,Dry-up,Rising,Weak Up,0.3367,Accumulation,43.8295,Neutral,2 - Advancing,late,84.0,28.0,3 - Topping,15.0,WAIT,62.0,1.0,Weak ADX,"2 - Advancing, trend 93 but ADX shows no trend, this is a range - wait for alignment","2 - Advancing, trend 97 long confirmed but participation is thin - reduce size, breakouts without volume fail more often","2 - Advancing, trend 99 long but momentum overextended - hold existing, do not add"
2026-01-29,1005.0,1005.0,968.5999755859376,977.0,187249,911.8903,837.1694,No,91.04,Strong Bull,Uptrend,Hold,Uptrend (HH+HL),Bullish,91.83,Strong Bull,Bullish confirmed,"Range with bullish lean - ADX emerging, direction not confirmed",100.0,"Outperforming, strengthening",Leads both,58.0984,Neutral,25.4183,29.2982,bullish accelerating,Neutral,-1.9175,-0.3767,full,100.0,Positive fading,64.97,Bullish,Bullish majority,None,Bullish - price momentum agrees but MACD shows deceleration,Upper Half,Emerging,Bullish,No,No,Inside,53.89,Normal,Contracting,-23.57,No,"Normal volatility, contracting - move losing energy",Vol contracting,Normal,Rising,Weak Down,0.3068,Accumulation,44.9313,Neutral,2 - Advancing,late,84.0,29.0,3 - Topping,15.0,WAIT,62.0,1.0,Weak ADX,"2 - Advancing, trend 92 but ADX shows no trend, this is a range - wait for alignment","2 - Advancing, trend 95 long confirmed but participation is thin - reduce size, breakouts without volume fail more often","2 - Advancing, trend 99 long but momentum overextended - hold existing, do not add"
2026-01-30,977.0,1009.9000244140624,964.4500122070312,1002.0,323106,915.4241,838.8095,No,94.69,Strong Bull,Uptrend,Hold,Uptrend (HH+HL),Bullish,92.46,Strong Bull,Bullish confirmed,"Range with bullish lean - ADX emerging, direction not confirmed",100.0,"Outperforming, strengthening",Leads both,63.4071,Neutral,25.5806,28.5547,bullish fading,Neutral,0.5923,-0.0357,full,100.0,Positive accelerating,68.1,Bullish,Bullish majority,None,Bullish - price momentum agrees but MACD shows deceleration,Upper Half,Emerging,Bullish,No,Yes,Inside,48.57,Normal,Contracting,-22.38,Partial,"Normal volatility, contracting - move losing energy",Normal vol,Normal,Rising,Weak Up,0.3079,Accumulation,46.2875,Neutral,2 - Advancing,late,84.0,30.0,3 - Topping,15.0,WAIT,62.0,1.0,Weak ADX,"2 - Advancing, trend 92 but ADX shows no trend, this is a range - wait for alignment","2 - Advancing, trend 94 long confirmed but participation is thin - reduce size, breakouts without volume fail more often","2 - Advancing, trend 99 long but momentum overextended - hold existing, do not add"
2026-02-02,1007.0999755859376,1049.5,988.0999755859376,1038.0,780193,920.231,840.7915,No,97.47,Strong Bull,Uptrend,Hold,Uptrend (HH+HL),Bullish,93.54,Strong Bull,Bullish confirmed,"Range with bullish lean - ADX emerging, direction not confirmed",100.0,"Outperforming, strengthening",Leads both,69.4161,Overbought,28.2881,28.5014,bullish fading,Neutral,5.4182,0.6226,full,100.0,Positive accelerating,73.15,Strong Bullish,Bullish majority,None,Strong Bullish - price momentum agrees but MACD shows deceleration,Above Upper,Emerging,Bullish,No,Yes,Breakout Up,48.73,Normal,Contracting,-22.06,Partial,"Normal volatility, contracting - move losing energy",Normal vol,High,Rising,Confirmed Up,0.2925,Accumulation,66.1673,Neutral,2 - Advancing,late,84.0,31.0,3 - Topping,15.0,WAIT,62.0,1.0,Weak ADX,"2 - Advancing, trend 94 but ADX shows no trend, this is a range - wait for alignment","2 - Advancing, trend 92 long confirmed but participation is thin - reduce size, breakouts without volume fail more often","2 - Advancing, trend 98 long confirmed but participation is thin - reduce size, breakouts without volume fail more often"
2026-02-03,1070.0,1083.5999755859375,991.0999755859376,1006.5999755859376,1726332,923.618,842.4413,No,93.94,Strong Bull,Uptrend,Hold,Uptrend (HH+HL),Bullish,92.87,Strong Bull,Bullish confirmed,"Range with bullish lean - ADX emerging, direction not confirmed",100.0,"Outperforming, strengthening",Leads both,60.1397,Neutral,27.5821,28.3175,bullish accelerating,Neutral,2.7195,0.2492,full,100.0,Positive fading,69.61,Bullish,Bullish majority,Bearish divergence,Bullish - bearish divergence vs price over 21 bars,Upper Half,Emerging,Bullish,No,Yes,Inside,55.75,Normal,Stable,-13.73,Partial,"Normal volatility, stable",Vol expanding,High,Rising,Confirmed Down,0.0939,Accumulation,78.35,Neutral,2 - Advancing,late,84.0,32.0,3 - Topping,15.0,WAIT,62.0,1.0,Weak ADX,"2 - Advancing, trend 93 but ADX shows no trend, this is a range - wait for alignment","2 - Advancing, trend 92 long confirmed but participation is thin - reduce size, breakouts without volume fail more often","2 - Advancing, trend 98 long confirmed but participation is thin - reduce size, breakouts without volume fail more often"
2026-02-04,1004.4000244140624,1058.300048828125,996.4000244140624,1035.5999755859375,539266,928.0094,844.3633,No,96.21,Strong Bull,Uptrend,Hold,Uptrend (HH+HL),Bullish,94.19,Strong Bull,Bullish confirmed,"Range with bullish lean - ADX emerging, direction not confirmed",100.0,"Outperforming, strengthening",Leads both,64.8161,Neutral,29.0281,28.4596,Bullish crossover,Neutral,7.155,0.8517,full,100.0,Positive accelerating,71.47,Strong Bullish,Bullish majority,Bearish divergence,Strong Bullish - bearish divergence vs price over 21 bars,Above Upper,Emerging,Bullish,No,Yes,Inside,62.94,High,Stable,-7.42,Partial,"High volatility, stable",Vol expanding,Normal,Rising,Confirmed Up,0.0159,Neutral,79.8984,Neutral,2 - Advancing,late,84.0,33.0,3 - Topping,15.0,WAIT,62.0,1.0,Weak ADX,"2 - Advancing, trend 94 but ADX shows no trend, this is a range - wait for alignment","2 - Advancing, trend 93 but ADX shows no trend, this is a range - wait for alignment","2 - Advancing, trend 97 long confirmed but participation is thin - reduce size, breakouts without volume fail more often"
2026-02-05,1035.5999755859375,1052.0,1012.2000122070312,1022.0,223752,931.6953,846.1308,No,94.44,Strong Bull,Uptrend,Hold,Uptrend (HH+HL),Bullish,94.05,Strong Bull,Bullish confirmed,"Strong Bull - all 4 components agree, trending ADX",100.0,"Outperforming, strengthening",Leads both,61.1905,Neutral,28.7452,28.5167,bullish fading,Neutral,6.1432,0.7075,full,100.0,Positive fading,68.7,Bullish,Bullish majority,Bearish divergence,Bullish - bearish divergence vs price over 21 bars,Upper Half,Trending,Bullish,Yes,Yes,Inside,63.85,High,Stable,-6.07,Partial,"High volatility, stable",Vol expanding,Normal,Rising,Weak Down,0.0041,Neutral,76.2687,Neutral,2 - Advancing,late,84.0,34.0,3 - Topping,15.0,HOLD / TIGHTEN STOP,70.0,2.0,Momentum divergence,"2 - Advancing, trend 94 long but momentum diverging - trend tiring, tighten stop","2 - Advancing, trend 92 but ADX shows no trend, this is a range - wait for alignment","2 - Advancing, trend 95 long confirmed but participation is thin - reduce size, breakouts without volume fail more often"
2026-02-06,1025.0,1035.9000244140625,1000.2999877929688,1011.2999877929688,151565,934.8171,847.7743,No,93.2,Strong Bull,Uptrend,Hold,Uptrend (HH+HL),Bullish,93.73,Strong Bull,Bullish confirmed,"Strong Bull - all 4 components agree, trending ADX",100.0,"Outperforming, strengthening",Leads both,58.4217,Neutral,27.3425,28.2819,Bearish crossover,Neutral,3.2624,0.3113,full,100.0,Positive accelerating,66.76,Bullish,Bullish majority,Bearish divergence,Bullish - bearish divergence vs price over 21 bars,Upper Half,Trending,Bullish,Yes,Yes,Inside,64.21,High,Stable,-3.61,Partial,"High volatility, stable",Vol expanding,Dry-up,Rising,Weak Down,-0.0113,Neutral,75.4056,Neutral,2 - Advancing,late,84.0,35.0,3 - Topping,15.0,HOLD / TIGHTEN STOP,70.0,2.0,Momentum divergence,"2 - Advancing, trend 94 long but momentum diverging - trend tiring, tighten stop","2 - Advancing, trend 92 but ADX shows no trend, this is a range - wait for alignment","2 - Advancing, trend 94 long confirmed but participation is thin - reduce size, breakouts without volume fail more often"
2026-02-09,1012.0,1015.2999877929688,979.0,988.4000244140624,246198,936.9184,849.1736,No,90.11,Strong Bull,Uptrend,Hold,Uptrend (HH+HL),Bullish,92.19,Strong Bull,Bullish confirmed,"Range with bullish lean - ADX emerging, direction not confirmed",100.0,"Outperforming, strengthening",Leads both,52.9042,Neutral,24.1051,27.4465,bullish accelerating,Neutral,2.0705,0.1431,full,100.0,Positive fading,61.36,Bullish,Mixed,Bearish divergence,Bullish - bearish divergence vs price over 21 bars,Lower Half,Emerging,Bullish,Yes,Yes,Inside,64.4,High,Stable,-3.06,Partial,"High volatility, stable",Wide stop - size down,Normal,Rising,Weak Down,-0.0056,Neutral,73.2818,Neutral,2 - Advancing,late,84.0,36.0,3 - Topping,15.0,WAIT,62.0,1.0,Weak ADX,"2 - Advancing, trend 92 but ADX shows no trend, this is a range - wait for alignment","2 - Advancing, trend 94 but ADX shows no trend, this is a range - wait for alignment","2 - Advancing, trend 92 long confirmed but participation is thin - reduce size, breakouts without volume fail more often"
2026-02-10,994.2999877929688,1009.0,976.5,981.2000122070312,124029,938.6549,850.4873,No,85.61,Strong Bull,Uptrend,Hold,Uptrend (HH+HL),Bullish,90.13,Strong Bull,Bullish confirmed,"Range with bullish lean - ADX emerging, direction not confirmed",100.0,"Outperforming, weakening",Leads both,51.2648,Neutral,20.7196,26.1011,bullish accelerating,Neutral,-1.1385,-0.2981,full,100.0,Positive accelerating,57.93,Neutral,Mixed,Bearish divergence,Neutral - bearish divergence vs price over 21 bars,Lower Half,Emerging,Bullish,Yes,Yes,Inside,63.69,High,Stable,-4.6,Partial,"High volatility, stable",Wide stop - size down,Dry-up,Rising,Weak Down,-0.0401,Neutral,74.613,Neutral,2 - Advancing,late,84.0,37.0,3 - Topping,15.0,WAIT,62.0,1.0,Weak ADX,"2 - Advancing, trend 90 but ADX shows no trend, this is a range - wait for alignment","2 - Advancing, trend 93 but ADX shows no trend, this is a range - wait for alignment","2 - Advancing, trend 92 long confirmed but participation is thin - reduce size, breakouts without volume fail more often"
2026-02-11,978.9000244140624,1020.0,970.5,981.4000244140624,292040,940.3312,851.7899,No,79.84,Bull,Uptrend,Hold,Uptrend (HH+HL),Bullish,87.87,Strong Bull,Bullish confirmed,"Range with bullish lean - ADX emerging, direction not confirmed",100.0,"Outperforming, weakening",Leads both,51.31,Neutral,17.847,24.4503,bullish accelerating,Neutral,-1.5795,-0.3595,full,100.0,Positive fading,56.0,Neutral,Mixed,None,"Neutral - components mixed, low conviction",Lower Half,Emerging,Bullish,No,Yes,Inside,64.84,High,Stable,4.05,Partial,"High volatility, stable",Wide stop - size down,Normal,Rising,Weak Up,-0.0768,Distribution,79.3157,Neutral,2 - Advancing,late,84.0,38.0,3 - Topping,15.0,WAIT,62.0,1.0,Weak ADX,"2 - Advancing, trend 88 but ADX shows no trend, this is a range - wait for alignment","2 - Advancing, trend 94 but ADX shows no trend, this is a range - wait for alignment","2 - Advancing, trend 93 but ADX shows no trend, this is a range - wait for alignment"
2026-02-12,987.5999755859376,992.0,961.0,966.4000244140624,99980,941.3535,852.9303,No,77.39,Bull,Uptrend,Hold,Uptrend (HH+HL),Bullish,86.38,Strong Bull,Bullish confirmed,"Range with bullish lean - ADX emerging, direction not confirmed",100.0,"Outperforming, weakening",Leads both,47.739,Neutral,14.1964,22.3995,bullish accelerating,Neutral,-1.085,-0.2907,full,99.94,Positive fading,53.03,Neutral,Bearish majority,None,"Neutral - majority agree, 1 dissenting",Lower Half,Emerging,Bullish,No,Yes,Inside,64.33,High,Stable,10.44,Partial,"High volatility, stable",Wide stop - size down,Dry-up,Rising,Weak Down,-0.0941,Distribution,77.5625,Neutral,2 - Advancing,late,84.0,39.0,3 - Topping,15.0,WAIT,62.0,1.0,Weak ADX,"2 - Advancing, trend 86 but ADX shows no trend, this is a range - wait for alignment","2 - Advancing, trend 94 long but momentum diverging - trend tiring, tighten stop","2 - Advancing, trend 92 but ADX shows no trend, this is a range - wait for alignment"
2026-02-13,960.2000122070312,978.5,948.0,966.9000244140624,91324,942.3553,854.0643,No,77.75,Bull,Uptrend,Hold,Uptrend (HH+HL),Bullish,85.85,Strong Bull,Bullish confirmed,"Range with bullish lean - ADX emerging, direction not confirmed",92.38,"Outperforming, weakening",Leads both,47.8693,Neutral,11.2144,20.1625,bullish accelerating,Oversold,-3.503,-0.6188,full,80.52,Positive fading,46.28,Neutral,Bearish majority,None,"Neutral - majority agree, 1 dissenting",Lower Half,Emerging,Bullish,No,Yes,Inside,63.57,High,Stable,15.0,Partial,"High volatility, stable",Wide stop - size down,Dry-up,Rising,Weak Up,-0.0891,Distribution,78.4485,Neutral,2 - Advancing,late,84.0,40.0,3 - Topping,15.0,WAIT,62.0,1.0,Weak ADX,"2 - Advancing, trend 86 but ADX shows no trend, this is a range - wait for alignment","2 - Advancing, trend 94 long but momentum diverging - trend tiring, tighten stop","2 - Advancing, trend 92 but ADX shows no trend, this is a range - wait for alignment"
2026-02-16,987.7999877929688,1007.7000122070312,960.2000122070312,965.7999877929688,227629,943.2747,855.1761,No,77.07,Bull,Uptrend,Hold,Uptrend (HH+HL),Bullish,85.23,Strong Bull,Bullish confirmed,"Range with bullish lean - ADX emerging, direction not confirmed",88.11,"Outperforming, weakening",Leads both,47.5883,Neutral,8.6625,17.8625,bullish accelerating,Oversold,-6.9557,-1.0846,full,77.94,Positive fading,44.9,Neutral,Bearish majority,None,"Neutral - majority agree, 1 dissenting",Lower Half,Emerging,Bullish,No,Yes,Inside,65.28,High,Stable,16.55,No,"High volatility, stable",Wide stop - size down,Normal,Rising,Weak Down,-0.1111,Distribution,78.3993,Neutral,2 - Advancing,late,84.0,41.0,3 - Topping,15.0,WAIT,62.0,1.0,Weak ADX,"2 - Advancing, trend 85 but ADX shows no trend, this is a range - wait for alignment","2 - Advancing, trend 92 but ADX shows no trend, this is a range - wait for alignment","2 - Advancing, trend 94 but ADX shows no trend, this is a range - wait for alignment"
2026-02-17,965.5,981.0,965.0,977.7000122070312,67997,944.6247,856.3952,No,77.25,Bull,Uptrend,Hold,Uptrend (HH+HL),Bullish,85.46,Strong Bull,Bullish confirmed,"Range with bullish lean - ADX emerging, direction not confirmed",80.63,"Outperforming, weakening",Leads both,50.943,Neutral,7.5137,15.7927,bullish fading,Oversold,-2.871,-0.5196,full,73.08,Positive fading,45.43,Neutral,Mixed,None,"Neutral - components mixed, low conviction",Lower Half,Emerging,Bullish,No,No,Inside,59.52,Normal,Stable,3.77,No,"Normal volatility, stable",Vol contracting,Dry-up,Rising,Weak Up,-0.1155,Distribution,76.9365,Neutral,2 - Advancing,late,84.0,42.0,3 - Topping,15.0,WAIT,62.0,1.0,Weak ADX,"2 - Advancing, trend 85 but ADX shows no trend, this is a range - wait for alignment","2 - Advancing, trend 90 but ADX shows no trend, this is a range - wait for alignment","2 - Advancing, trend 93 but ADX shows no trend, this is a range - wait for alignment"
2026-02-18,977.7000122070312,1002.9000244140624,977.7000122070312,991.5999755859376,79599,946.4669,857.7406,No,77.04,Bull,Uptrend,Hold,Uptrend (HH+HL),Bullish,85.65,Strong Bull,Bullish confirmed,"Range with bullish lean - ADX emerging, direction not confirmed",81.36,"Outperforming, strengthening",Leads both,54.5984,Neutral,7.6369,14.1616,bullish fading,Neutral,-4.2487,-0.7068,full,73.3,Positive accelerating,48.59,Neutral,Mixed,Bearish divergence,Neutral - bearish divergence vs price over 21 bars,Upper Half,Emerging,Bullish,No,No,Inside,55.95,Normal,Stable,-6.99,No,"Normal volatility, stable",Vol contracting,Dry-up,Rising,Weak Up,-0.1269,Distribution,80.1068,Overbought,2 - Advancing,late,84.0,43.0,3 - Topping,15.0,WAIT,62.0,1.0,Weak ADX,"2 - Advancing, trend 86 but ADX shows no trend, this is a range - wait for alignment","2 - Advancing, trend 88 but ADX shows no trend, this is a range - wait for alignment","2 - Advancing, trend 94 but ADX shows no trend, this is a range - wait for alignment"
2026-02-19,991.7000122070312,992.5,957.0,960.0999755859376,79209,947.0015,858.7591,No,63.89,Bull,Uptrend,Hold,Uptrend (HH+HL),Bullish,79.16,Strong Bull,Bullish confirmed,"Range with bullish lean - ADX emerging, direction not confirmed",75.06,"Outperforming, weakening",Leads both,46.1973,Neutral,5.1335,12.3559,bullish accelerating,Neutral,-6.0568,-0.9526,full,64.42,Positive fading,42.76,Neutral,Bearish majority,None,"Neutral - majority agree, 1 dissenting",Lower Half,Emerging,Bullish,No,No,Inside,57.5,Normal,Stable,-6.35,No,"Normal volatility, stable",Vol contracting,Dry-up,Rising,Weak Down,-0.1549,Distribution,77.4958,Neutral,2 - Advancing,late,74.0,44.0,3 - Topping,15.0,WAIT,62.0,1.0,Weak ADX,"2 - Advancing, trend 79 but ADX shows no trend, this is a range - wait for alignment","2 - Advancing, trend 86 but ADX shows no trend, this is a range - wait for alignment","2 - Advancing, trend 94 long but momentum diverging - trend tiring, tighten stop"
2026-02-20,960.0999755859376,970.0,945.5,966.2000122070312,99977,947.7544,859.8281,No,63.46,Bull,Uptrend,Hold,Uptrend (HH+HL),Bullish,79.85,Strong Bull,Bullish confirmed,"Range with bullish lean - ADX no trend, direction not confirmed",67.51,"Outperforming, weakening",Leads both,47.8701,Neutral,3.6003,10.6048,bullish fading,Oversold,-4.4596,-0.7329,full,60.19,Positive fading,41.9,Bearish,Bearish majority,Bearish divergence,Bearish - bearish divergence vs price over 21 bars,Lower Half,No Trend,Bullish,No,No,Inside,54.92,Normal,Stable,-9.29,No,"Normal volatility, stable",Vol contracting,Dry-up,Rising,Weak Up,-0.1469,Distribution,71.2834,Neutral,2 - Advancing,late,74.0,45.0,3 - Topping,15.0,WAIT,62.0,1.0,Weak ADX,"2 - Advancing, trend 80 but ADX shows no trend, this is a range - wait for alignment","2 - Advancing, trend 86 but ADX shows no trend, this is a range - wait for alignment","2 - Advancing, trend 94 long but momentum diverging - trend tiring, tighten stop"
2026-02-23,970.0,983.9000244140624,961.5,968.2999877929688,71520,948.5601,860.9075,No,64.67,Bull,Uptrend,Hold,Uptrend (HH+HL),Bullish,80.24,Strong Bull,Bullish confirmed,"Range with bullish lean - ADX no trend, direction not confirmed",65.71,"Outperforming, weakening",Leads both,48.4641,Neutral,2.5255,8.989,bullish fading,Oversold,-2.0336,-0.4033,full,60.67,Positive accelerating,42.16,Neutral,Bearish majority,None,"Neutral - majority agree, 1 dissenting",Lower Half,No Trend,Bullish,No,No,Inside,53.69,Normal,Stable,-10.71,No,"Normal volatility, stable",Vol contracting,Dry-up,Rising,Weak Up,-0.1601,Distribution,50.8289,Neutral,2 - Advancing,late,74.0,46.0,3 - Topping,15.0,WAIT,62.0,1.0,Weak ADX,"2 - Advancing, trend 80 but ADX shows no trend, this is a range - wait for alignment","2 - Advancing, trend 85 but ADX shows no trend, this is a range - wait for alignment","2 - Advancing, trend 92 but ADX shows no trend, this is a range - wait for alignment"
2026-02-24,968.9000244140624,974.2000122070312,954.0999755859376,965.0,44120,949.2048,861.9432,No,63.48,Bull,Uptrend,Hold,Uptrend (HH+HL),Bullish,78.94,Strong Bull,Bullish confirmed,"Range with bullish lean - ADX no trend, direction not confirmed",74.83,"Outperforming, weakening",Leads both,47.5472,Neutral,1.3915,7.4695,bullish fading,Oversold,-1.651,-0.3545,full,66.31,Positive accelerating,44.26,Neutral,Bearish majority,None,"Neutral - majority agree, 1 dissenting",Lower Half,No Trend,Bullish,No,No,Inside,52.46,Normal,Stable,-11.23,No,"Normal volatility, stable",Vol contracting,Dry-up,Rising,Weak Down,-0.1995,Distribution,35.1399,Neutral,2 - Advancing,late,74.0,47.0,3 - Topping,15.0,WAIT,62.0,1.0,Weak ADX,"2 - Advancing, trend 79 but ADX shows no trend, this is a range - wait for alignment","2 - Advancing, trend 85 but ADX shows no trend, this is a range - wait for alignment","2 - Advancing, trend 90 but ADX shows no trend, this is a range - wait for alignment"
2026-02-25,979.0,979.0,960.5,970.9000244140624,63947,950.0556,863.0273,No,63.5,Bull,Uptrend,Hold,Uptrend (HH+HL),Bullish,79.14,Strong Bull,Bullish confirmed,"Range with bullish lean - ADX no trend, direction not confirmed",76.28,"Outperforming, weakening",Leads both,49.3909,Neutral,0.9578,6.1671,bullish fading,Neutral,-1.0699,-0.2794,full,65.5,Positive fading,45.8,Neutral,Bearish majority,None,"Neutral - majority agree, 1 dissenting",Lower Half,No Trend,Bullish,No,No,Inside,50.36,Normal,Stable,-14.49,No,"Normal volatility, stable",Vol contracting,Dry-up,Rising,Weak Up,-0.2047,Distribution,42.2202,Neutral,2 - Advancing,late,74.0,48.0,3 - Topping,15.0,WAIT,62.0,1.0,Weak ADX,"2 - Advancing, trend 79 but ADX shows no trend, this is a range - wait for alignment","2 - Advancing, trend 86 but ADX shows no trend, this is a range - wait for alignment","2 - Advancing, trend 88 but ADX shows no trend, this is a range - wait for alignment"
2026-02-26,968.0,976.0999755859376,953.0,961.4000244140624,136356,950.5005,864.0062,No,63.25,Bull,Uptrend,Hold,Uptrend (HH+HL),Bullish,77.29,Strong Bull,Bullish confirmed,"Range with bullish lean - ADX no trend, direction not confirmed",78.07,"Outperforming, weakening",Leads both,46.5535,Neutral,-0.1508,4.9035,bearish fading,Neutral,-0.5174,-0.2097,full,66.97,Positive accelerating,45.55,Neutral,Bearish majority,None,"Neutral - majority agree, 1 dissenting",Lower Half,No Trend,Bullish,No,No,Inside,49.84,Normal,Stable,-14.48,No,"Normal volatility, stable",Vol contracting,Dry-up,Rising,Weak Down,-0.195,Distribution,42.7851,Neutral,2 - Advancing,late,74.0,49.0,3 - Topping,15.0,WAIT,62.0,1.0,Weak ADX,"2 - Advancing, trend 77 but ADX shows no trend, this is a range - wait for alignment","2 - Advancing, trend 79 but ADX shows no trend, this is a range - wait for alignment","2 - Advancing, trend 86 but ADX shows no trend, this is a range - wait for alignment"
2026-02-27,964.9000244140624,981.0,941.0,958.5999755859376,79698,950.8181,864.9474,No,63.14,Bull,Uptrend,Hold,Uptrend (HH+HL),Bullish,75.89,Strong Bull,Bullish confirmed,"Range with bullish lean - ADX no trend, direction not confirmed",82.97,"Outperforming, weakening",Leads both,45.7198,Neutral,-1.241,3.6746,bearish fading,Neutral,-0.8584,-0.2638,full,68.56,Positive accelerating,46.05,Neutral,Bearish majority,None,"Neutral - majority agree, 1 dissenting",Lower Half,No Trend,Bullish,No,No,Inside,51.86,Normal,Stable,-11.71,No,"Normal volatility, stable",Vol contracting,Dry-up,Falling,Weak Down,-0.2462,Distribution,47.5215,Neutral,2 - Advancing,late,74.0,50.0,3 - Topping,15.0,WAIT,62.0,1.0,Weak ADX,"2 - Advancing, trend 76 but ADX shows no trend, this is a range - wait for alignment","2 - Advancing, trend 80 but ADX shows no trend, this is a range - wait for alignment","2 - Advancing, trend 86 but ADX shows no trend, this is a range - wait for alignment"
2026-03-02,931.0,943.6500244140624,924.7000122070312,932.1500244140624,153698,950.086,865.6161,No,58.19,Neutral,Uptrend,Hold,Uptrend (HH+HL),Bullish,66.97,Bull,Bullish majority,"Range with bullish lean - ADX no trend, direction not confirmed",70.77,"Outperforming, weakening",Leads both,38.6742,Oversold,-4.1909,2.1015,bearish accelerating,Oversold,-3.4842,-0.638,full,56.6,Positive fading,38.41,Bearish,Bearish majority,None,"Bearish - majority agree, 1 dissenting",At Lower,No Trend,Bearish,No,No,Breakout Down,54.32,Normal,Stable,-10.95,No,"Normal volatility, stable",Vol contracting,Normal,Falling,Weak Down,-0.393,Distribution,46.8791,Neutral,2 - Advancing,late,74.0,51.0,3 - Topping,15.0,WAIT,55.96,1.0,Weak ADX,"2 - Advancing, trend 67 but ADX shows no trend, this is a range - wait for alignment","2 - Advancing, trend 80 but ADX shows no trend, this is a range - wait for alignment","2 - Advancing, trend 85 but ADX shows no trend, this is a range - wait for alignment"
2026-03-04,905.0,922.75,891.5999755859375,917.0499877929688,290542,948.7905,866.1279,No,56.27,Neutral,Uptrend,Hold,Uptrend (HH+HL),Bullish,62.51,Bull,Bullish majority,"Range with bullish lean - ADX no trend, direction not confirmed",79.0,"Outperforming, weakening",Leads both,35.3272,Oversold,-7.6589,0.1494,bearish accelerating,Oversold,-6.2033,-1.027,full,61.28,Positive accelerating,37.74,Bearish,Bearish majority,None,"Bearish - majority agree, 1 dissenting",Below Lower,No Trend,Bearish,No,No,Breakout Down,60.99,High,Stable,1.47,No,"High volatility, stable",Vol contracting,Normal,Falling,Confirmed Down,-0.1503,Distribution,28.5609,Neutral,2 - Advancing,late,74.0,52.0,3 - Topping,15.0,WAIT,52.55,1.0,Weak ADX,"2 - Advancing, trend 63 but ADX shows no trend, this is a range - wait for alignment","2 - Advancing, trend 79 but ADX shows no trend, this is a range - wait for alignment","2 - Advancing, trend 85 but ADX shows no trend, this is a range - wait for alignment"
2026-03-05,915.0,977.0,913.75,967.2999877929688,189505,949.5164,867.1346,No,63.63,Bull,Uptrend,Hold,Uptrend (HH+HL),Bullish,77.52,Strong Bull,Bullish confirmed,"Range with bullish lean - ADX no trend, direction not confirmed",88.09,"Outperforming, weakening",Leads both,50.6373,Neutral,-6.2802,-1.1365,bearish fading,Neutral,-2.4506,-0.5004,full,71.08,Positive accelerating,49.03,Neutral,Mixed,None,"Neutral - components mixed, low conviction",Lower Half,No Trend,Bullish,No,No,Inside,62.46,High,Stable,6.51,No,"High volatility, stable",Vol contracting,Normal,Falling,Confirmed Up,-0.1734,Distribution,38.3637,Neutral,2 - Advancing,late,74.0,53.0,3 - Topping,15.0,WAIT,62.0,1.0,Weak ADX,"2 - Advancing, trend 78 but ADX shows no trend, this is a range - wait for alignment","2 - Advancing, trend 79 but ADX shows no trend, this is a range - wait for alignment","2 - Advancing, trend 86 but ADX shows no trend, this is a range - wait for alignment"
2026-03-06,962.0499877929688,1039.25,955.5,1011.9500122070312,808704,951.9647,868.5755,No,72.8,Bull,Uptrend,Hold,Uptrend (HH+HL),Bullish,81.12,Strong Bull,Bullish confirmed,"Range with bullish lean - ADX no trend, direction not confirmed",100.0,"Outperforming, strengthening",Leads both,59.7542,Neutral,-1.5666,-1.2225,bearish fading,Neutral,5.4005,0.6041,full,84.14,Positive accelerating,63.25,Bullish,Bullish majority,None,Bullish - price momentum agrees but MACD shows deceleration,At Upper,No Trend,Bullish,No,Yes,Inside,66.23,High,Stable,8.73,Partial,"High volatility, stable",Vol expanding,High,Falling,Confirmed Up,-0.0273,Neutral,61.3375,Neutral,2 - Advancing,late,74.0,54.0,3 - Topping,15.0,WAIT,62.0,1.0,Weak ADX,"2 - Advancing, trend 81 but ADX shows no trend, this is a range - wait for alignment","2 - Advancing, trend 77 but ADX shows no trend, this is a range - wait for alignment","2 - Advancing, trend 79 but ADX shows no trend, this is a range - wait for alignment"
2026-03-09,966.4500122070312,997.75,964.7999877929688,986.6500244140624,180374,953.325,869.7504,No,73.14,Bull,Uptrend,Hold,Uptrend (HH+HL),Bullish,81.61,Strong Bull,Bullish confirmed,"Range with bullish lean - ADX no trend, direction not confirmed",100.0,"Outperforming, strengthening",Leads both,53.7019,Neutral,0.126,-0.9528,Bullish crossover,Neutral,2.1165,0.1445,full,82.84,Positive fading,64.24,Bullish,Bullish confirmed,None,Bullish - all 4 components agree incl. MACD acceleration,Upper Half,No Trend,Bullish,Yes,Yes,Inside,67.26,High,Stable,12.34,Partial,"High volatility, stable",Wide stop - size down,Normal,Falling,Confirmed Down,0.007,Neutral,52.7787,Neutral,2 - Advancing,late,74.0,55.0,3 - Topping,15.0,WAIT,62.0,1.0,Weak ADX,"2 - Advancing, trend 82 but ADX shows no trend, this is a range - wait for alignment","2 - Advancing, trend 76 but ADX shows no trend, this is a range - wait for alignment","2 - Advancing, trend 80 but ADX shows no trend, this is a range - wait for alignment"
2026-03-10,990.0999755859376,1014.9000244140624,987.5499877929688,1001.5,174453,955.2142,871.0613,No,86.44,Strong Bull,Uptrend,Hold,Uptrend (HH+HL),Bullish,86.81,Strong Bull,Bullish confirmed,"Range with bullish lean - ADX no trend, direction not confirmed",100.0,"Outperforming, strengthening",Leads both,56.4877,Neutral,2.6353,-0.2352,bullish accelerating,Neutral,3.4287,0.3396,full,95.5,Positive accelerating,71.11,Strong Bullish,Bullish confirmed,Bullish divergence,Strong Bullish - bullish divergence vs price over 21 bars,Upper Half,No Trend,Bullish,Yes,Yes,Inside,65.59,High,Stable,11.91,Partial,"High volatility, stable",Vol expanding,Normal,Falling,Confirmed Up,0.0436,Neutral,57.7043,Neutral,2 - Advancing,late,84.0,56.0,3 - Topping,15.0,WAIT,62.0,1.0,Weak ADX,"2 - Advancing, trend 87 but ADX shows no trend, this is a range - wait for alignment","2 - Advancing, trend 67 but ADX shows no trend, this is a range - wait for alignment","2 - Advancing, trend 80 but ADX shows no trend, this is a range - wait for alignment"
2026-03-11,1015.0,1044.0,998.5,1015.5,457374,957.5783,872.4985,No,89.78,Strong Bull,Uptrend,Hold,Range,Bearish,78.8,Strong Bull,Bullish confirmed,"Range with bullish lean - ADX no trend, direction not confirmed",100.0,"Outperforming, strengthening",Leads both,58.9929,Neutral,5.688,0.9495,bullish accelerating,Neutral,5.2332,0.6098,full,89.15,Positive fading,71.84,Strong Bullish,Bullish confirmed,None,Strong Bullish - all 4 components agree incl. MACD acceleration,At Upper,No Trend,Bullish,Yes,Yes,Inside,68.45,High,Stable,15.99,No,"High volatility, stable",Vol expanding,High,Falling,Confirmed Up,0.0322,Neutral,63.6145,Neutral,2 - Advancing,late,84.0,57.0,3 - Topping,15.0,WAIT,62.0,1.0,Weak ADX,"2 - Advancing, trend 79 but ADX shows no trend, this is a range - wait for alignment","2 - Advancing, trend 63 but ADX shows no trend, this is a range - wait for alignment","2 - Advancing, trend 79 but ADX shows no trend, this is a range - wait for alignment"
2026-03-12,985.0,1058.0,956.0499877929688,1047.6500244140625,574628,961.1105,874.2413,No,95.91,Strong Bull,Uptrend,Hold,Range,Bearish,80.89,Strong Bull,Bullish confirmed,"Range with bullish lean - ADX no trend, direction not confirmed",100.0,"Outperforming, strengthening",Leads both,64.104,Neutral,10.5796,2.8755,bullish accelerating,Overbought,7.905,1.0127,full,100.0,Positive accelerating,80.36,Strong Bullish,Bullish confirmed,None,Strong Bullish - all 4 components agree incl. MACD acceleration,Above Upper,No Trend,Bullish,Yes,Yes,Breakout Up,79.05,High,Expanding,28.69,No,High volatility and still expanding - move may be extended,Extreme vol - reduce size,High,Falling,Confirmed Up,0.1864,Accumulation,71.6058,Neutral,2 - Advancing,late,84.0,58.0,3 - Topping,15.0,WAIT,62.0,1.0,Weak ADX,"2 - Advancing, trend 81 but ADX shows no trend, this is a range - wait for alignment","2 - Advancing, trend 78 but ADX shows no trend, this is a range - wait for alignment","2 - Advancing, trend 79 but ADX shows no trend, this is a range - wait for alignment"
2026-03-13,1049.0,1054.5,995.0999755859376,1000.4500122070312,121891,962.6533,875.4971,No,90.71,Strong Bull,Uptrend,Hold,Range,Bearish,79.01,Strong Bull,Bullish confirmed,"Range with bullish lean - ADX no trend, direction not confirmed",100.0,"Outperforming, strengthening",Leads both,53.5512,Neutral,10.5263,4.4057,bullish fading,Overbought,4.0618,0.4695,full,79.33,Positive fading,69.53,Bullish,Bullish confirmed,None,Bullish - all 4 components agree incl. MACD acceleration,Upper Half,No Trend,Bullish,Yes,Yes,Inside,82.5,Very High,Expanding,32.66,No,Very High volatility and still expanding - move may be extended,Extreme vol - reduce size,Normal,Falling,Weak Down,0.1767,Accumulation,71.0024,Neutral,2 - Advancing,late,84.0,59.0,3 - Topping,15.0,WAIT,62.0,1.0,Weak ADX,"2 - Advancing, trend 79 but ADX shows no trend, this is a range - wait for alignment","2 - Advancing, trend 81 but ADX shows no trend, this is a range - wait for alignment","2 - Advancing, trend 77 but ADX shows no trend, this is a range - wait for alignment"
2026-03-16,992.0,1030.0,977.0,1025.050048828125,274205,965.1002,876.9852,No,94.17,Strong Bull,Uptrend,Hold,Range,Bearish,79.84,Strong Bull,Bullish confirmed,"Range with bullish lean - ADX no trend, direction not confirmed",100.0,"Outperforming, strengthening",Leads both,57.4799,Neutral,12.3269,5.9899,bullish accelerating,Neutral,6.932,0.9137,full,87.06,Positive accelerating,73.28,Strong Bullish,Bullish confirmed,None,Strong Bullish - all 4 components agree incl. MACD acceleration,Upper Half,No Trend,Bullish,Yes,Yes,Inside,84.17,Very High,Expanding,32.3,No,Very High volatility and still expanding - move may be extended,Extreme vol - reduce size,Normal,Falling,Confirmed Up,0.2171,Accumulation,64.8352,Neutral,2 - Advancing,late,84.0,60.0,3 - Topping,15.0,WAIT,62.0,1.0,Weak ADX,"2 - Advancing, trend 80 but ADX shows no trend, this is a range - wait for alignment","2 - Advancing, trend 82 but ADX shows no trend, this is a range - wait for alignment","2 - Advancing, trend 76 but ADX shows no trend, this is a range - wait for alignment"
2026-03-17,1039.199951171875,1039.199951171875,1001.5,1006.2000122070312,135878,966.712,878.2709,No,91.41,Strong Bull,Uptrend,Hold,Range,Bearish,78.66,Strong Bull,Bullish confirmed,"Range with bullish lean - ADX no trend, direction not confirmed",100.0,"Outperforming, strengthening",Leads both,53.7297,Neutral,12.0935,7.2106,bullish fading,Neutral,7.944,1.0856,full,78.77,Positive fading,67.5,Bullish,Bullish confirmed,None,Bullish - all 4 components agree incl. MACD acceleration,Upper Half,No Trend,Bullish,Yes,Yes,Inside,84.45,Very High,Expanding,30.12,No,Very High volatility and still expanding - move may be extended,Extreme vol - reduce size,Normal,Falling,Weak Down,0.2396,Accumulation,66.9421,Neutral,2 - Advancing,late,84.0,61.0,3 - Topping,15.0,WAIT,62.0,1.0,Weak ADX,"2 - Advancing, trend 79 but ADX shows no trend, this is a range - wait for alignment","2 - Advancing, trend 87 but ADX shows no trend, this is a range - wait for alignment","2 - Advancing, trend 67 but ADX shows no trend, this is a range - wait for alignment"
2026-03-18,1005.9000244140624,1078.75,1005.0999755859376,1068.550048828125,327139,970.7056,880.1643,No,98.0,Strong Bull,Uptrend,Hold,Range,Bearish,81.27,Strong Bull,Bullish confirmed,"Range with bullish lean - ADX no trend, direction not confirmed",100.0,"Outperforming, strengthening",Leads both,62.4553,Neutral,16.7466,9.1178,bullish accelerating,Overbought,16.5204,2.4296,full,97.26,Positive accelerating,79.2,Strong Bullish,Bullish confirmed,None,Strong Bullish - all 4 components agree incl. MACD acceleration,Above Upper,No Trend,Bullish,No,Yes,Breakout Up,86.71,Very High,Expanding,25.71,No,Very High volatility and still expanding - move may be extended,Extreme vol - reduce size,Normal,Falling,Confirmed Up,0.2706,Accumulation,69.3335,Neutral,2 - Advancing,late,84.0,62.0,3 - Topping,15.0,WAIT,62.0,1.0,Weak ADX,"2 - Advancing, trend 81 but ADX shows no trend, this is a range - wait for alignment","2 - Advancing, trend 79 but ADX shows no trend, this is a range - wait for alignment","2 - Advancing, trend 63 but ADX shows no trend, this is a range - wait for alignment"
2026-03-19,1047.3499755859375,1077.9000244140625,1041.550048828125,1068.550048828125,201319,974.5426,882.0388,No,97.1,Strong Bull,Uptrend,Hold,Range,Bearish,81.24,Strong Bull,Bullish confirmed,"Range with bullish lean - ADX no trend, direction not confirmed",100.0,"Outperforming, strengthening",Leads both,62.4553,Neutral,20.2013,11.3345,bullish accelerating,Overbought,10.4673,1.5161,full,97.78,Positive accelerating,80.81,Strong Bullish,Bullish confirmed,None,Strong Bullish - all 4 components agree incl. MACD acceleration,At Upper,No Trend,Bullish,No,Yes,Near Upper,89.56,Very High,Expanding,27.11,No,Very High volatility and still expanding - move may be extended,Extreme vol - reduce size,Normal,Falling,Flat,0.2833,Accumulation,73.2736,Neutral,2 - Advancing,late,84.0,63.0,3 - Topping,15.0,WAIT,62.0,1.0,Weak ADX,"2 - Advancing, trend 81 but ADX shows no trend, this is a range - wait for alignment","2 - Advancing, trend 81 but ADX shows no trend, this is a range - wait for alignment","2 - Advancing, trend 78 but ADX shows no trend, this is a range - wait for alignment"
2026-03-20,1080.0,1180.0,1076.449951171875,1155.550048828125,1469947,981.641,884.7603,No,100.0,Strong Bull,Uptrend,Hold,Range,Bearish,83.44,Strong Bull,Bullish confirmed,"Range with bullish lean - ADX emerging, direction not confirmed",100.0,"Outperforming, strengthening",Leads both,71.234,Overbought,29.618,14.9912,bullish accelerating,Overbought,14.1904,2.081,full,100.0,Positive accelerating,87.47,Strong Bullish,Bullish confirmed,None,Strong Bullish but overbought on RSI and Stochastic - stretched,Above Upper,Emerging,Bullish,Yes,Yes,Breakout Up,91.51,Very High,Expanding,25.28,No,Very High volatility and still expanding - move may be extended,Extreme vol - reduce size,High,Rising,Confirmed Up,0.3596,Accumulation,82.2984,Overbought,2 - Advancing,late,84.0,64.0,3 - Topping,15.0,WAIT,62.0,1.0,Weak ADX,"2 - Advancing, trend 83 but ADX shows no trend, this is a range - wait for alignment","2 - Advancing, trend 79 but ADX shows no trend, this is a range - wait for alignment","2 - Advancing, trend 81 but ADX shows no trend, this is a range - wait for alignment"
2026-03-23,1149.800048828125,1175.949951171875,1077.300048828125,1085.050048828125,465849,985.6962,886.7532,No,96.01,Strong Bull,Uptrend,Hold,Range,Bearish,83.15,Strong Bull,Bullish confirmed,"Range with bullish lean - ADX emerging, direction not confirmed",100.0,"Outperforming, strengthening",Leads both,59.1621,Neutral,31.0343,18.1998,bullish fading,Overbought,9.9731,1.4168,full,100.0,Positive fading,82.12,Strong Bullish,Bullish confirmed,None,Strong Bullish - all 4 components agree incl. MACD acceleration,Upper Half,Emerging,Bullish,Yes,Yes,Inside,96.31,Very High,Expanding,29.05,No,Very High volatility and still expanding - move may be extended,Extreme vol - reduce size,Normal,Rising,Confirmed Down,0.2643,Accumulation,77.1104,Neutral,2 - Advancing,late,84.0,65.0,3 - Topping,15.0,WAIT,62.0,1.0,Weak ADX,"2 - Advancing, trend 83 but ADX shows no trend, this is a range - wait for alignment","2 - Advancing, trend 80 but ADX shows no trend, this is a range - wait for alignment","2 - Advancing, trend 82 but ADX shows no trend, this is a range - wait for alignment"
2026-03-24,1115.449951171875,1250.0,1095.300048828125,1224.6500244140625,1698440,995.067,890.1153,No,100.0,Strong Bull,Uptrend,Hold,Range,Bearish,86.01,Strong Bull,Bullish confirmed,"Strong Bull - all 4 components agree, trending ADX",100.0,"Outperforming, strengthening",Leads both,70.0026,Overbought,42.9264,23.1451,bullish accelerating,Overbought,22.2816,3.2319,full,100.0,Positive accelerating,86.79,Strong Bullish,Bullish confirmed,None,Strong Bullish but overbought on RSI and Stochastic - stretched,Above Upper,Trending,Bullish,Yes,Yes,Breakout Up,98.06,Very High,Expanding,32.46,No,Very High volatility and still expanding - move may be extended,Extreme vol - reduce size,High,Rising,Confirmed Up,0.3586,Accumulation,85.7634,Overbought,2 - Advancing,late,84.0,66.0,3 - Topping,15.0,NO NEW ENTRY,70.0,2.0,Momentum stretched,"2 - Advancing, trend 86 long but momentum overextended - hold existing, do not add","2 - Advancing, trend 79 but ADX shows no trend, this is a range - wait for alignment","2 - Advancing, trend 87 but ADX shows no trend, this is a range - wait for alignment"
2026-03-25,1191.0,1205.3499755859375,1141.4000244140625,1158.550048828125,1515192,1001.4781,892.7863,No,98.25,Strong Bull,Uptrend,Hold,Range,Bearish,86.76,Strong Bull,Bullish confirmed,"Strong Bull - all 4 components agree, trending ADX",100.0,"Outperforming, strengthening",Leads both,61.6568,Neutral,46.4814,27.8124,bullish fading,Neutral,14.0867,1.9717,full,100.0,Positive fading,83.15,Strong Bullish,Bullish confirmed,None,Strong Bullish - all 4 components agree incl. MACD acceleration,Upper Half,Trending,Bullish,Yes,Yes,Inside,98.93,Very High,Expanding,30.47,No,Very High volatility and still expanding - move may be extended,Extreme vol - reduce size,High,Rising,Confirmed Down,0.2262,Accumulation,69.1492,Neutral,2 - Advancing,late,84.0,67.0,3 - Topping,15.0,ENTER SMALL,78.09,4.0,Volatility extended,"2 - Advancing, long setup confirmed but volatility 99 and still expanding - late, size down and widen stop","2 - Advancing, trend 81 but ADX shows no trend, this is a range - wait for alignment","2 - Advancing, trend 79 but ADX shows no trend, this is a range - wait for alignment"
2026-03-27,1151.800048828125,1195.0,1126.5,1170.3499755859375,595041,1008.1005,895.5482,No,98.16,Strong Bull,Uptrend,Hold,Range,Bearish,87.7,Strong Bull,Bullish confirmed,"Strong Bull - all 4 components agree, trending ADX",100.0,"Outperforming, strengthening",Leads both,62.5159,Neutral,49.6784,32.1856,bullish fading,Neutral,11.7119,1.5993,full,100.0,Positive accelerating,83.35,Strong Bullish,Bullish confirmed,None,Strong Bullish - all 4 components agree incl. MACD acceleration,Upper Half,Trending,Bullish,Yes,Yes,Inside,98.85,Very High,Stable,19.8,No,"Very High volatility, stable",Extreme vol - reduce size,Normal,Rising,Confirmed Up,0.2301,Accumulation,61.2046,Neutral,2 - Advancing,late,84.0,68.0,3 - Topping,15.0,ENTER LONG,86.17,5.0,None,"2 - Advancing, trend 88 with bullish confirmed, momentum and volume confirm; outperforming both benchmarks, late in the stage, reduce size","2 - Advancing, trend 81 but ADX shows no trend, this is a range - wait for alignment","2 - Advancing, trend 81 but ADX shows no trend, this is a range - wait for alignment"
2026-03-30,1150.5,1179.0,1075.5999755859375,1094.5,522705,1011.4887,897.5278,No,92.17,Strong Bull,Uptrend,Hold,Range,Bearish,85.61,Strong Bull,Bullish confirmed,"Strong Bull - all 4 components agree, trending ADX",100.0,"Outperforming, strengthening",Leads both,54.1212,Neutral,45.5662,34.8617,bullish fading,Neutral,9.4008,1.2426,full,100.0,Positive fading,76.61,Strong Bullish,Bullish confirmed,None,Strong Bullish - all 4 components agree incl. MACD acceleration,Upper Half,Trending,Bullish,Yes,Yes,Inside,98.85,Very High,Stable,16.35,No,"Very High volatility, stable",Extreme vol - reduce size,Normal,Rising,Confirmed Down,0.1927,Accumulation,58.61,Neutral,2 - Advancing,late,84.0,69.0,3 - Topping,15.0,ENTER LONG,79.61,5.0,None,"2 - Advancing, trend 86 with bullish confirmed, momentum and volume confirm; outperforming both benchmarks, late in the stage, reduce size","2 - Advancing, trend 83 but ADX shows no trend, this is a range - wait for alignment","2 - Advancing, trend 79 but ADX shows no trend, this is a range - wait for alignment"
2026-04-01,1114.9000244140625,1158.9000244140625,1102.5,1116.0,210521,1015.5872,899.7016,No,93.94,Strong Bull,Uptrend,Hold,Range,Bearish,86.25,Strong Bull,Bullish confirmed,"Strong Bull - all 4 components agree, trending ADX",100.0,"Outperforming, strengthening",Leads both,55.9278,Neutral,43.5403,36.5974,bullish fading,Neutral,8.8727,1.1543,full,100.0,Positive accelerating,74.06,Strong Bullish,Bullish confirmed,None,Strong Bullish - all 4 components agree incl. MACD acceleration,Upper Half,Trending,Bullish,Yes,Yes,Inside,98.37,Very High,Stable,14.21,No,"Very High volatility, stable",Extreme vol - reduce size,Dry-up,Rising,Weak Up,0.1806,Accumulation,58.8774,Neutral,2 - Advancing,late,84.0,70.0,3 - Topping,15.0,ENTER SMALL,77.53,3.0,Volume,"2 - Advancing, trend 86 long confirmed but participation is thin - reduce size, breakouts without volume fail more often","2 - Advancing, trend 83 but ADX shows no trend, this is a range - wait for alignment","2 - Advancing, trend 80 but ADX shows no trend, this is a range - wait for alignment"
2026-04-02,1119.699951171875,1119.699951171875,1065.5999755859375,1103.4000244140625,277993,1019.0308,901.7285,No,92.75,Strong Bull,Uptrend,Hold,Range,Bullish,85.27,Strong Bull,Bullish confirmed,"Strong Bull - all 4 components agree, trending ADX",100.0,"Outperforming, strengthening",Leads both,54.5716,Neutral,40.4517,37.3683,bullish fading,Neutral,9.6601,1.2613,full,100.0,Positive fading,69.23,Bullish,Bullish confirmed,None,Bullish - all 4 components agree incl. MACD acceleration,Upper Half,Trending,Bullish,Yes,Yes,Inside,97.06,Very High,Stable,12.62,No,"Very High volatility, stable",Extreme vol - reduce size,Normal,Rising,Weak Down,0.1921,Accumulation,54.9635,Neutral,2 - Advancing,late,84.0,71.0,3 - Topping,15.0,ENTER SMALL,74.44,3.0,Volume,"2 - Advancing, trend 85 long confirmed but participation is thin - reduce size, breakouts without volume fail more often","2 - Advancing, trend 86 long but momentum overextended - hold existing, do not add","2 - Advancing, trend 79 but ADX shows no trend, this is a range - wait for alignment"
2026-04-06,1101.300048828125,1119.9000244140625,1078.0999755859375,1100.9000244140625,182907,1022.2414,903.7103,No,89.16,Strong Bull,Uptrend,Hold,Range,Bullish,83.5,Strong Bull,Bullish confirmed,"Strong Bull - all 4 components agree, trending ADX",100.0,"Outperforming, strengthening",Leads both,54.2903,Neutral,37.3714,37.3689,bullish fading,Neutral,3.0275,0.2657,full,100.0,Positive fading,65.86,Bullish,Mixed,None,"Bullish - components mixed, low conviction",Upper Half,Trending,Bullish,No,Yes,Inside,95.75,Very High,Stable,9.05,No,"Very High volatility, stable",Extreme vol - reduce size,Dry-up,Rising,Weak Down,0.178,Accumulation,53.0561,Neutral,2 - Advancing,late,84.0,72.0,3 - Topping,15.0,ENTER SMALL,72.63,3.0,Volume,"2 - Advancing, trend 84 long confirmed but participation is thin - reduce size, breakouts without volume fail more often","2 - Advancing, long setup confirmed but volatility 99 and still expanding - late, size down and widen stop","2 - Advancing, trend 81 but ADX shows no trend, this is a range - wait for alignment"
2026-04-07,1099.0999755859375,1113.9000244140625,1072.199951171875,1084.800048828125,207647,1024.6947,905.5122,No,79.99,Bull,Uptrend,Hold,Range,Bullish,79.72,Strong Bull,Bullish confirmed,"Strong Bull - all 4 components agree, trending ADX",100.0,"Outperforming, strengthening",Leads both,52.4164,Neutral,33.2479,36.5447,Bearish crossover,Neutral,1.5208,0.0342,full,91.35,Positive fading,58.72,Bullish,Mixed,None,"Bullish - components mixed, low conviction",Upper Half,Trending,Bullish,No,Yes,Inside,94.8,Very High,Stable,5.24,No,"Very High volatility, stable",Extreme vol - reduce size,Dry-up,Rising,Weak Down,0.1571,Accumulation,52.4651,Neutral,2 - Advancing,late,84.0,73.0,3 - Topping,15.0,ENTER SMALL,68.79,3.0,Volume,"2 - Advancing, trend 80 long confirmed but participation is thin - reduce size, breakouts without volume fail more often","2 - Advancing, trend 88 with bullish confirmed, momentum and volume confirm; outperforming both benchmarks, late in the stage, reduce size","2 - Advancing, trend 81 but ADX shows no trend, this is a range - wait for alignment"
2026-04-08,1120.0,1147.699951171875,1092.0999755859375,1134.800048828125,344973,1029.0125,907.7937,No,88.7,Strong Bull,Uptrend,Hold,Range,Bullish,82.61,Strong Bull,Bullish confirmed,"Strong Bull - all 4 components agree, trending ADX",100.0,"Outperforming, strengthening",Leads both,57.3409,Neutral,33.627,35.9612,bullish fading,Neutral,-1.7957,-0.4691,full,90.4,Positive fading,60.97,Bullish,Mixed,None,"Bullish - components mixed, low conviction",Upper Half,Trending,Bullish,No,Yes,Inside,94.13,Very High,Stable,2.62,No,"Very High volatility, stable",Extreme vol - reduce size,Normal,Rising,Weak Up,0.1547,Accumulation,56.0078,Neutral,2 - Advancing,late,84.0,74.0,3 - Topping,15.0,ENTER SMALL,71.97,3.0,Volume,"2 - Advancing, trend 83 long confirmed but participation is thin - reduce size, breakouts without volume fail more often","2 - Advancing, trend 86 with bullish confirmed, momentum and volume confirm; outperforming both benchmarks, late in the stage, reduce size","2 - Advancing, trend 83 but ADX shows no trend, this is a range - wait for alignment"
2026-04-09,1134.800048828125,1172.9000244140625,1127.0999755859375,1133.800048828125,272103,1033.1218,910.0425,No,90.12,Strong Bull,Uptrend,Hold,Range,Bullish,83.23,Strong Bull,Bullish confirmed,"Strong Bull - all 4 components agree, trending ADX",100.0,"Outperforming, strengthening",Leads both,57.2133,Neutral,33.4609,35.4611,bullish fading,Neutral,4.4929,0.4751,full,89.53,Positive fading,61.26,Bullish,Mixed,Bearish divergence,Bullish - bearish divergence vs price over 21 bars,Upper Half,Trending,Bullish,No,Yes,Inside,93.37,Very High,Stable,-2.94,No,"Very High volatility, stable",Extreme vol - reduce size,Normal,Rising,Weak Down,0.1283,Accumulation,56.8123,Neutral,2 - Advancing,late,84.0,75.0,3 - Topping,15.0,HOLD / TIGHTEN STOP,70.0,2.0,Momentum divergence,"2 - Advancing, trend 83 long but momentum diverging - trend tiring, tighten stop","2 - Advancing, trend 86 long confirmed but participation is thin - reduce size, breakouts without volume fail more often","2 - Advancing, trend 83 but ADX shows no trend, this is a range - wait for alignment"
2026-04-10,1147.699951171875,1198.0999755859375,1139.300048828125,1190.199951171875,398643,1039.2818,912.8301,No,98.52,Strong Bull,Uptrend,Hold,Uptrend (HH+HL),Bullish,96.5,Strong Bull,Bullish confirmed,"Strong Bull - all 4 components agree, trending ADX",100.0,"Outperforming, strengthening",Leads both,62.3054,Neutral,37.4487,35.8586,Bullish crossover,Neutral,-2.8131,-0.6315,full,88.58,Positive fading,67.53,Bullish,Bullish confirmed,None,Bullish - all 4 components agree incl. MACD acceleration,Upper Half,Trending,Bullish,No,Yes,Inside,92.9,Very High,Stable,-5.16,No,"Very High volatility, stable",Extreme vol - reduce size,Normal,Rising,Weak Up,0.1535,Accumulation,57.3741,Neutral,2 - Advancing,late,84.0,76.0,3 - Topping,15.0,ENTER SMALL,80.0,3.0,Volume,"2 - Advancing, trend 96 long confirmed but participation is thin - reduce size, breakouts without volume fail more often","2 - Advancing, trend 85 long confirmed but participation is thin - reduce size, breakouts without volume fail more often","2 - Advancing, trend 86 long but momentum overextended - hold existing, do not add"
2026-04-13,1170.0,1209.9000244140625,1155.199951171875,1185.300048828125,346492,1045.008,915.5413,No,97.41,Strong Bull,Uptrend,Hold,Uptrend (HH+HL),Bullish,96.53,Strong Bull,Bullish confirmed,"Strong Bull - all 4 components agree, trending ADX",100.0,"Outperforming, strengthening",Leads both,61.6193,Neutral,39.7554,36.638,bullish accelerating,Neutral,2.3089,0.1405,full,87.58,Positive fading,69.03,Bullish,Bullish confirmed,Bearish divergence,Bullish - bearish divergence vs price over 21 bars,Upper Half,Trending,Bullish,Yes,No,Inside,92.34,Very High,Stable,-6.59,No,"Very High volatility, stable",Extreme vol - reduce size,Normal,Rising,Weak Down,0.17,Accumulation,58.2267,Neutral,2 - Advancing,late,84.0,77.0,3 - Topping,15.0,HOLD / TIGHTEN STOP,70.0,2.0,Momentum divergence,"2 - Advancing, trend 97 long but momentum diverging - trend tiring, tighten stop","2 - Advancing, trend 84 long confirmed but participation is thin - reduce size, breakouts without volume fail more often","2 - Advancing, long setup confirmed but volatility 99 and still expanding - late, size down and widen stop"
2026-04-15,1211.9000244140625,1211.9000244140625,1158.0,1178.0999755859375,259000,1050.2273,918.1538,No,96.1,Strong Bull,Uptrend,Hold,Uptrend (HH+HL),Bullish,96.48,Strong Bull,Bullish confirmed,"Strong Bull - all 4 components agree, trending ADX",100.0,"Outperforming, strengthening",Leads both,60.5639,Neutral,40.5351,37.4174,bullish accelerating,Neutral,0.6622,-0.1121,full,89.16,Positive accelerating,69.49,Bullish,Bullish confirmed,Bearish divergence,Bullish - bearish divergence vs price over 21 bars,Upper Half,Trending,Bullish,Yes,No,Inside,91.98,Very High,Stable,-6.87,No,"Very High volatility, stable",Extreme vol - reduce size,Normal,Rising,Weak Down,0.1222,Accumulation,47.8388,Neutral,2 - Advancing,late,84.0,78.0,3 - Topping,15.0,HOLD / TIGHTEN STOP,70.0,2.0,Momentum divergence,"2 - Advancing, trend 96 long but momentum diverging - trend tiring, tighten stop","2 - Advancing, trend 80 long confirmed but participation is thin - reduce size, breakouts without volume fail more often","2 - Advancing, trend 88 with bullish confirmed, momentum and volume confirm; outperforming both benchmarks, late in the stage, reduce size"
2026-04-16,1178.0999755859375,1192.4000244140625,1164.0999755859375,1187.4000244140625,228257,1055.6066,920.8328,No,96.25,Strong Bull,Uptrend,Hold,Uptrend (HH+HL),Bullish,96.91,Strong Bull,Bullish confirmed,"Strong Bull - all 4 components agree, trending ADX",100.0,"Outperforming, strengthening",Leads both,61.4816,Neutral,41.426,38.2191,bullish accelerating,Neutral,8.4879,1.0666,full,92.36,Positive accelerating,70.57,Strong Bullish,Bullish confirmed,Bearish divergence,Strong Bullish - bearish divergence vs price over 21 bars,Upper Half,Trending,Bullish,Yes,No,Inside,90.91,Very High,Stable,-7.94,No,"Very High volatility, stable",Extreme vol - reduce size,Dry-up,Rising,Weak Up,0.1458,Accumulation,49.2915,Neutral,2 - Advancing,late,84.0,79.0,3 - Topping,15.0,HOLD / TIGHTEN STOP,70.0,2.0,Momentum divergence,"2 - Advancing, trend 97 long but momentum diverging - trend tiring, tighten stop","2 - Advancing, trend 83 long confirmed but participation is thin - reduce size, breakouts without volume fail more often","2 - Advancing, trend 86 with bullish confirmed, momentum and volume confirm; outperforming both benchmarks, late in the stage, reduce size"
2026-04-17,1199.0,1223.4000244140625,1172.0,1179.800048828125,286952,1060.4769,923.4096,No,95.1,Strong Bull,Uptrend,Hold,Uptrend (HH+HL),Bullish,97.14,Strong Bull,Bullish confirmed,"Strong Bull - all 4 components agree, trending ADX",100.0,"Outperforming, strengthening",Leads both,60.2477,Neutral,41.0457,38.7844,bullish fading,Neutral,5.7169,0.64,full,89.7,Positive fading,68.68,Bullish,Bullish confirmed,Bearish divergence,Bullish - bearish divergence vs price over 21 bars,Upper Half,Trending,Bullish,Yes,No,Inside,90.32,Very High,Stable,-8.05,No,"Very High volatility, stable",Extreme vol - reduce size,Normal,Rising,Weak Down,0.1031,Accumulation,36.2162,Neutral,2 - Advancing,late,84.0,80.0,3 - Topping,15.0,HOLD / TIGHTEN STOP,70.0,2.0,Momentum divergence,"2 - Advancing, trend 97 long but momentum diverging - trend tiring, tighten stop","2 - Advancing, trend 83 long but momentum diverging - trend tiring, tighten stop","2 - Advancing, trend 86 long confirmed but participation is thin - reduce size, breakouts without volume fail more often"
2026-04-20,1197.5,1218.0,1170.5,1185.4000244140625,305310,1065.3759,926.0165,No,95.12,Strong Bull,Uptrend,Hold,Uptrend (HH+HL),Bullish,97.71,Strong Bull,Bullish confirmed,"Strong Bull - all 4 components agree, trending ADX",100.0,"Outperforming, strengthening",Leads both,60.8709,Neutral,40.7266,39.1729,bullish fading,Neutral,7.4316,0.8935,full,89.61,Positive fading,68.65,Bullish,Bullish confirmed,Bearish divergence,Bullish - bearish divergence vs price over 21 bars,Upper Half,Trending,Bullish,Yes,No,Inside,87.58,Very High,Stable,-9.49,No,"Very High volatility, stable",Extreme vol - reduce size,Normal,Rising,Weak Up,0.1002,Accumulation,46.195,Neutral,2 - Advancing,late,84.0,81.0,3 - Topping,15.0,HOLD / TIGHTEN STOP,70.0,2.0,Momentum divergence,"2 - Advancing, trend 98 long but momentum diverging - trend tiring, tighten stop","2 - Advancing, trend 96 long confirmed but participation is thin - reduce size, breakouts without volume fail more often","2 - Advancing, trend 85 long confirmed but participation is thin - reduce size, breakouts without volume fail more often"
2026-04-21,1191.300048828125,1209.0,1173.699951171875,1183.5,276707,1070.0082,928.5785,No,94.57,Strong Bull,Uptrend,Hold,Uptrend (HH+HL),Bullish,98.03,Strong Bull,Bullish confirmed,"Strong Bull - all 4 components agree, trending ADX",100.0,"Outperforming, strengthening",Leads both,60.5242,Neutral,39.861,39.3105,bullish fading,Neutral,7.5029,0.8976,full,87.63,Positive fading,67.19,Bullish,Bullish majority,Bearish divergence,Bullish - bearish divergence vs price over 21 bars,Upper Half,Trending,Bullish,Yes,No,Inside,86.23,Very High,Stable,-9.53,No,"Very High volatility, stable",Extreme vol - reduce size,Normal,Rising,Weak Down,0.065,Accumulation,49.7379,Neutral,2 - Advancing,late,84.0,82.0,3 - Topping,15.0,HOLD / TIGHTEN STOP,70.0,2.0,Momentum divergence,"2 - Advancing, trend 98 long but momentum diverging - trend tiring, tighten stop","2 - Advancing, trend 97 long but momentum diverging - trend tiring, tighten stop","2 - Advancing, trend 84 long confirmed but participation is thin - reduce size, breakouts without volume fail more often"
2026-04-22,1185.199951171875,1202.9000244140625,1144.699951171875,1183.300048828125,344132,1074.451,931.1131,No,94.23,Strong Bull,Uptrend,Hold,Uptrend (HH+HL),Bullish,97.72,Strong Bull,Bullish confirmed,"Strong Bull - all 4 components agree, trending ADX",100.0,"Outperforming, strengthening",Leads both,60.4852,Neutral,38.7126,39.1909,Bearish crossover,Neutral,9.08,1.1287,full,87.59,Positive fading,66.13,Bullish,Bullish majority,Bearish divergence,Bullish - bearish divergence vs price over 21 bars,Upper Half,Trending,Bullish,Yes,No,Inside,82.9,Very High,Stable,-11.91,No,"Very High volatility, stable",Extreme vol - reduce size,Normal,Rising,Weak Down,0.0655,Accumulation,51.6835,Neutral,2 - Advancing,late,84.0,83.0,3 - Topping,15.0,HOLD / TIGHTEN STOP,70.0,2.0,Momentum divergence,"2 - Advancing, trend 98 long but momentum diverging - trend tiring, tighten stop","2 - Advancing, trend 96 long but momentum diverging - trend tiring, tighten stop","2 - Advancing, trend 80 long confirmed but participation is thin - reduce size, breakouts without volume fail more often"
2026-04-23,1184.5,1196.800048828125,1170.0,1181.4000244140625,269803,1078.6451,933.6035,No,93.81,Strong Bull,Uptrend,Hold,Uptrend (HH+HL),Bullish,97.39,Strong Bull,Bullish confirmed,"Strong Bull - all 4 components agree, trending ADX",100.0,"Outperforming, strengthening",Leads both,60.0885,Neutral,37.2201,38.7967,bullish accelerating,Neutral,4.1064,0.3727,full,89.96,Positive accelerating,65.46,Bullish,Bullish majority,Bearish divergence,Bullish - bearish divergence vs price over 21 bars,Upper Half,Trending,Bullish,Yes,No,Inside,81.15,Very High,Stable,-12.98,No,"Very High volatility, stable",Extreme vol - reduce size,Normal,Rising,Weak Down,-0.0163,Neutral,52.5375,Neutral,2 - Advancing,late,84.0,84.0,3 - Topping,15.0,HOLD / TIGHTEN STOP,70.0,2.0,Momentum divergence,"2 - Advancing, trend 97 long but momentum diverging - trend tiring, tighten stop","2 - Advancing, trend 97 long but momentum diverging - trend tiring, tighten stop","2 - Advancing, trend 83 long confirmed but participation is thin - reduce size, breakouts without volume fail more often"
2026-04-24,1177.0,1180.0,1103.5999755859375,1113.800048828125,517032,1080.0237,935.3965,No,82.02,Strong Bull,Uptrend,Hold,Range,Bullish,65.38,Bull,Mixed,"Bull - components mixed, low conviction",100.0,"Outperforming, weakening",Leads both,48.0231,Neutral,30.234,37.0842,bullish accelerating,Neutral,-1.764,-0.5154,full,77.32,Positive fading,51.43,Neutral,Mixed,None,"Neutral - components mixed, low conviction",Lower Half,Trending,Bearish,No,No,Inside,81.35,Very High,Stable,-12.03,No,"Very High volatility, stable",Extreme vol - reduce size,Normal,Rising,Confirmed Down,-0.0147,Neutral,49.5429,Neutral,2 - Advancing,late,84.0,85.0,3 - Topping,15.0,WAIT,58.95,1.0,Trend agreement,"2 - Advancing, trend 65 but components disagree - wait for alignment","2 - Advancing, trend 97 long but momentum diverging - trend tiring, tighten stop","2 - Advancing, trend 83 long but momentum diverging - trend tiring, tighten stop"
2026-04-27,1123.5,1164.5,1102.199951171875,1154.5,216976,1082.9444,937.5766,No,83.95,Strong Bull,Uptrend,Hold,Range,Bullish,67.17,Bull,Mixed,"Bull - components mixed, low conviction",100.0,"Outperforming, weakening",Leads both,54.0106,Neutral,27.6627,35.1999,bullish accelerating,Neutral,-2.9995,-0.6996,full,88.92,Positive accelerating,55.46,Neutral,Bullish majority,Bearish divergence,Neutral - bearish divergence vs price over 21 bars,Upper Half,Trending,Bearish,No,No,Inside,79.6,High,Stable,-13.3,No,"High volatility, stable",Extreme vol - reduce size,Normal,Rising,Weak Up,-0.1488,Distribution,50.0128,Neutral,2 - Advancing,late,84.0,86.0,3 - Topping,15.0,WAIT,62.0,1.0,Trend agreement,"2 - Advancing, trend 67 but components disagree - wait for alignment","2 - Advancing, trend 98 long but momentum diverging - trend tiring, tighten stop","2 - Advancing, trend 96 long confirmed but participation is thin - reduce size, breakouts without volume fail more often"
2026-04-28,1158.0,1172.800048828125,1135.5999755859375,1170.0999755859375,152761,1086.3622,939.8903,No,84.8,Strong Bull,Uptrend,Hold,Range,Bullish,80.78,Strong Bull,Bullish confirmed,"Strong Bull - all 4 components agree, trending ADX",100.0,"Outperforming, weakening",Leads both,56.0981,Neutral,26.5774,33.4754,bullish fading,Neutral,-1.2824,-0.4438,full,93.05,Positive accelerating,57.24,Neutral,Mixed,None,"Neutral - components mixed, low conviction",Upper Half,Trending,Bullish,No,No,Inside,74.92,High,Stable,-17.42,No,"High volatility, stable",Extreme vol - reduce size,Dry-up,Falling,Weak Up,-0.0474,Neutral,54.1112,Neutral,2 - Advancing,late,84.0,87.0,3 - Topping,15.0,ENTER SMALL,70.02,3.0,Volume,"2 - Advancing, trend 81 long confirmed but participation is thin - reduce size, breakouts without volume fail more often","2 - Advancing, trend 98 long but momentum diverging - trend tiring, tighten stop","2 - Advancing, trend 97 long but momentum diverging - trend tiring, tighten stop"
2026-04-29,1170.199951171875,1181.800048828125,1156.5,1168.0999755859375,99811,1089.5676,942.161,No,83.58,Strong Bull,Uptrend,Hold,Range,Bullish,79.46,Strong Bull,Bullish confirmed,"Range with bullish lean - ADX emerging, direction not confirmed",100.0,"Outperforming, weakening",Leads both,55.7487,Neutral,25.2647,31.8333,bullish fading,Neutral,-0.8488,-0.3767,full,88.55,Positive fading,57.13,Neutral,Bullish majority,Bearish divergence,Neutral - bearish divergence vs price over 21 bars,Upper Half,Emerging,Bullish,No,No,Inside,74.36,High,Stable,-17.62,No,"High volatility, stable",Extreme vol - reduce size,Dry-up,Falling,Weak Down,-0.0821,Distribution,51.434,Neutral,2 - Advancing,late,84.0,88.0,3 - Topping,15.0,WAIT,62.0,1.0,Weak ADX,"2 - Advancing, trend 79 but ADX shows no trend, this is a range - wait for alignment","2 - Advancing, trend 98 long but momentum diverging - trend tiring, tighten stop","2 - Advancing, trend 96 long but momentum diverging - trend tiring, tighten stop"
2026-04-30,1156.5,1179.0,1149.0999755859375,1171.800048828125,112271,1092.7924,944.446,No,83.66,Strong Bull,Uptrend,Hold,Range,Bullish,78.53,Strong Bull,Bullish confirmed,"Range with bullish lean - ADX emerging, direction not confirmed",100.0,"Outperforming, weakening",Leads both,56.2911,Neutral,24.2434,30.3153,bullish fading,Neutral,-1.3138,-0.4443,full,92.02,Positive accelerating,58.87,Bullish,Bullish majority,Bearish divergence,Bullish - bearish divergence vs price over 21 bars,Upper Half,Emerging,Bullish,No,No,Inside,70.56,High,Contracting,-20.36,No,"High volatility, contracting - move losing energy",Wide stop - size down,Dry-up,Falling,Weak Up,-0.0151,Neutral,46.5444,Neutral,2 - Advancing,late,84.0,89.0,3 - Topping,15.0,WAIT,62.0,1.0,Weak ADX,"2 - Advancing, trend 79 but ADX shows no trend, this is a range - wait for alignment","2 - Advancing, trend 97 long but momentum diverging - trend tiring, tighten stop","2 - Advancing, trend 97 long but momentum diverging - trend tiring, tighten stop"
2026-05-01,1171.800048828125,1171.800048828125,1171.800048828125,1171.800048828125,0,1095.8908,946.7082,No,89.41,Strong Bull,Uptrend,Hold,Range,Bullish,79.66,Strong Bull,Bullish confirmed,"Range with bullish lean - ADX emerging, direction not confirmed",100.0,"Outperforming, weakening",Leads both,56.2911,Neutral,23.167,28.8856,bullish fading,Neutral,-0.6781,-0.3476,full,86.13,Positive fading,57.33,Neutral,Bullish majority,Bearish divergence,Neutral - bearish divergence vs price over 21 bars,Upper Half,Emerging,Bullish,No,No,Inside,64.25,High,Contracting,-26.07,No,"High volatility, contracting - move losing energy",Wide stop - size down,Dry-up,Falling,Flat,0.0058,Neutral,40.284,Neutral,2 - Advancing,late,84.0,90.0,3 - Topping,15.0,WAIT,62.0,1.0,Weak ADX,"2 - Advancing, trend 80 but ADX shows no trend, this is a range - wait for alignment","2 - Advancing, trend 65 but components disagree - wait for alignment","2 - Advancing, trend 97 long but momentum diverging - trend tiring, tighten stop"
2026-05-04,1179.0,1275.0999755859375,1174.4000244140625,1252.0,1277520,1102.0127,949.746,No,98.76,Strong Bull,Uptrend,Hold,Range,Bullish,83.49,Strong Bull,Bullish confirmed,"Range with bullish lean - ADX emerging, direction not confirmed",100.0,"Outperforming, strengthening",Leads both,66.5859,Neutral,28.4574,28.8,bullish fading,Neutral,5.6184,0.6035,full,100.0,Positive accelerating,71.05,Strong Bullish,Bullish majority,Bearish divergence,Strong Bullish - bearish divergence vs price over 21 bars,Above Upper,Emerging,Bullish,No,No,Breakout Up,71.75,High,Stable,-15.83,No,"High volatility, stable",Wide stop - size down,High,Falling,Confirmed Up,0.1001,Accumulation,53.7574,Neutral,2 - Advancing,late,84.0,91.0,3 - Topping,15.0,WAIT,62.0,1.0,Weak ADX,"2 - Advancing, trend 83 but ADX shows no trend, this is a range - wait for alignment","2 - Advancing, trend 67 but components disagree - wait for alignment","2 - Advancing, trend 98 long but momentum diverging - trend tiring, tighten stop"
2026-05-05,1256.0,1273.5999755859375,1185.0999755859375,1221.5,522145,1106.6985,952.45,No,95.52,Strong Bull,Uptrend,Hold,Range,Bullish,82.88,Strong Bull,Bullish confirmed,"Range with bullish lean - ADX emerging, direction not confirmed",100.0,"Outperforming, strengthening",Leads both,60.7279,Neutral,29.8449,29.009,Bullish crossover,Neutral,3.2108,0.2368,full,100.0,Positive fading,71.02,Strong Bullish,Bullish confirmed,None,Strong Bullish - all 4 components agree incl. MACD acceleration,Upper Half,Emerging,Bullish,No,No,Inside,77.58,High,Stable,-8.65,No,"High volatility, stable",Wide stop - size down,Normal,Falling,Confirmed Down,0.0779,Accumulation,50.4924,Neutral,2 - Advancing,late,84.0,92.0,3 - Topping,15.0,WAIT,62.0,1.0,Weak ADX,"2 - Advancing, trend 83 but ADX shows no trend, this is a range - wait for alignment","2 - Advancing, trend 81 long confirmed but participation is thin - reduce size, breakouts without volume fail more often","2 - Advancing, trend 98 long but momentum diverging - trend tiring, tighten stop"
2026-05-06,1227.4000244140625,1240.0,1203.800048828125,1232.699951171875,237357,1111.6397,955.2385,No,95.84,Strong Bull,Uptrend,Hold,Range,Bullish,83.48,Strong Bull,Bullish confirmed,"Range with bullish lean - ADX emerging, direction not confirmed",100.0,"Outperforming, strengthening",Leads both,62.0483,Neutral,31.4853,29.5042,bullish accelerating,Neutral,4.1748,0.3788,full,96.05,Positive fading,72.16,Strong Bullish,Bullish confirmed,None,Strong Bullish - all 4 components agree incl. MACD acceleration,Upper Half,Emerging,Bullish,No,No,Inside,72.82,High,Stable,-10.08,No,"High volatility, stable",Wide stop - size down,Normal,Falling,Weak Up,0.1121,Accumulation,50.2983,Neutral,2 - Advancing,late,84.0,93.0,3 - Topping,15.0,WAIT,62.0,1.0,Weak ADX,"2 - Advancing, trend 83 but ADX shows no trend, this is a range - wait for alignment","2 - Advancing, trend 79 but ADX shows no trend, this is a range - wait for alignment","2 - Advancing, trend 98 long but momentum diverging - trend tiring, tighten stop"
2026-05-07,1244.199951171875,1245.0,1203.699951171875,1214.800048828125,223428,1115.6852,957.8212,No,94.0,Strong Bull,Uptrend,Hold,Range,Bullish,83.34,Strong Bull,Bullish confirmed,"Range with bullish lean - ADX emerging, direction not confirmed",100.0,"Outperforming, strengthening",Leads both,58.6541,Neutral,30.9838,29.8001,bullish fading,Neutral,2.8272,0.1723,full,84.07,Positive fading,65.84,Bullish,Bullish confirmed,None,Bullish - all 4 components agree incl. MACD acceleration,Upper Half,Emerging,Bullish,Yes,No,Inside,70.48,High,Stable,-10.67,No,"High volatility, stable",Wide stop - size down,Normal,Falling,Weak Down,0.0688,Accumulation,44.6667,Neutral,2 - Advancing,late,84.0,94.0,3 - Topping,15.0,WAIT,62.0,1.0,Weak ADX,"2 - Advancing, trend 83 but ADX shows no trend, this is a range - wait for alignment","2 - Advancing, trend 79 but ADX shows no trend, this is a range - wait for alignment","2 - Advancing, trend 97 long but momentum diverging - trend tiring, tighten stop"
2026-05-08,1217.0,1240.0,1209.0999755859375,1213.4000244140625,163061,1119.5172,960.3643,No,93.64,Strong Bull,Uptrend,Hold,Range,Bullish,83.69,Strong Bull,Bullish confirmed,"Strong Bull - all 4 components agree, trending ADX",100.0,"Outperforming, strengthening",Leads both,58.3851,Neutral,30.1261,29.8653,bullish fading,Neutral,8.9424,1.0909,full,91.09,Positive accelerating,66.69,Bullish,Bullish majority,None,Bullish - price momentum agrees but MACD shows deceleration,Upper Half,Trending,Bullish,Yes,No,Inside,66.83,High,Stable,-14.52,No,"High volatility, stable",Wide stop - size down,Normal,Falling,Weak Down,0.082,Accumulation,46.0569,Neutral,2 - Advancing,late,84.0,95.0,3 - Topping,15.0,ENTER SMALL,72.97,3.0,Volume,"2 - Advancing, trend 84 long confirmed but participation is thin - reduce size, breakouts without volume fail more often","2 - Advancing, trend 80 but ADX shows no trend, this is a range - wait for alignment","2 - Advancing, trend 65 but components disagree - wait for alignment"
2026-05-11,1213.4000244140625,1259.4000244140625,1183.5,1200.699951171875,466266,1122.7008,962.7557,No,92.15,Strong Bull,Uptrend,Hold,Uptrend (HH+HL),Bullish,93.0,Strong Bull,Bullish confirmed,"Range with bullish lean - ADX emerging, direction not confirmed",100.0,"Outperforming, strengthening",Leads both,55.8813,Neutral,28.0977,29.5118,Bearish crossover,Neutral,4.0017,0.3397,full,81.88,Positive fading,60.67,Bullish,Bullish majority,Bearish divergence,Bullish - bearish divergence vs price over 21 bars,Upper Half,Emerging,Bullish,Yes,No,Inside,69.09,High,Stable,-10.52,Partial,"High volatility, stable",Wide stop - size down,Normal,Falling,Confirmed Down,-0.0055,Neutral,44.0791,Neutral,2 - Advancing,late,84.0,96.0,3 - Topping,15.0,WAIT,62.0,1.0,Weak ADX,"2 - Advancing, trend 93 but ADX shows no trend, this is a range - wait for alignment","2 - Advancing, trend 83 but ADX shows no trend, this is a range - wait for alignment","2 - Advancing, trend 67 but components disagree - wait for alignment"
2026-05-12,1205.0,1205.0,1149.0999755859375,1155.699951171875,265286,1123.9949,964.6756,No,83.52,Strong Bull,Uptrend,Hold,Uptrend (HH+HL),Bullish,89.16,Strong Bull,Bullish confirmed,"Range with bullish lean - ADX emerging, direction not confirmed",100.0,"Outperforming, weakening",Leads both,48.0229,Neutral,22.5986,28.1292,bullish accelerating,Neutral,-1.2307,-0.4503,full,76.16,Positive fading,51.36,Neutral,Mixed,None,"Neutral - components mixed, low conviction",Lower Half,Emerging,Bullish,Yes,No,Inside,70.55,High,Stable,-4.37,Partial,"High volatility, stable",Extreme vol - reduce size,Normal,Falling,Weak Down,-0.0437,Neutral,44.8472,Neutral,2 - Advancing,late,84.0,97.0,3 - Topping,15.0,WAIT,62.0,1.0,Weak ADX,"2 - Advancing, trend 89 but ADX shows no trend, this is a range - wait for alignment","2 - Advancing, trend 83 but ADX shows no trend, this is a range - wait for alignment","2 - Advancing, trend 81 long confirmed but participation is thin - reduce size, breakouts without volume fail more often"
2026-05-13,1156.199951171875,1181.5999755859375,1144.0999755859375,1146.9000244140625,109958,1124.8931,966.4887,No,76.4,Bull,Uptrend,Hold,Uptrend (HH+HL),Bullish,85.81,Strong Bull,Bullish confirmed,"Range with bullish lean - ADX emerging, direction not confirmed",100.0,"Outperforming, weakening",Leads both,46.6416,Neutral,17.3306,25.9695,bullish accelerating,Neutral,-1.8149,-0.5394,full,76.82,Positive accelerating,47.43,Neutral,Bearish majority,None,"Neutral - majority agree, 1 dissenting",Lower Half,Emerging,Bullish,No,No,Inside,70.24,High,Stable,-4.13,No,"High volatility, stable",Wide stop - size down,Dry-up,Falling,Weak Down,-0.0494,Neutral,40.4002,Neutral,2 - Advancing,late,84.0,98.0,3 - Topping,15.0,WAIT,62.0,1.0,Weak ADX,"2 - Advancing, trend 86 but ADX shows no trend, this is a range - wait for alignment","2 - Advancing, trend 83 but ADX shows no trend, this is a range - wait for alignment","2 - Advancing, trend 79 but ADX shows no trend, this is a range - wait for alignment"
2026-05-14,1147.800048828125,1164.5999755859375,1100.0,1106.300048828125,322897,1124.164,967.8799,No,65.95,Bull,Uptrend,Hold,Uptrend (HH+HL),Bullish,67.33,Bull,Bullish majority,"Range with bullish lean - ADX emerging, direction not confirmed",100.0,"Outperforming, weakening",Leads both,40.8094,Neutral,9.7671,22.729,bullish accelerating,Neutral,-5.5897,-1.1107,full,73.86,Positive fading,40.67,Bearish,Bearish majority,None,"Bearish - majority agree, 1 dissenting",Below Lower,Emerging,Bearish,No,Yes,Near Lower,75.63,High,Stable,5.08,No,"High volatility, stable",Extreme vol - reduce size,Normal,Falling,Confirmed Down,-0.1147,Distribution,42.193,Neutral,2 - Advancing,late,74.0,99.0,3 - Topping,15.0,WAIT,55.6,1.0,Weak ADX,"2 - Advancing, trend 67 but ADX shows no trend, this is a range - wait for alignment","2 - Advancing, trend 83 but ADX shows no trend, this is a range - wait for alignment","2 - Advancing, trend 79 but ADX shows no trend, this is a range - wait for alignment"
2026-05-15,1120.300048828125,1140.0,1097.5,1111.5,325672,1123.6674,969.3089,No,67.21,Bull,Uptrend,Hold,Uptrend (HH+HL),Bullish,69.06,Bull,Bullish majority,"Range with bullish lean - ADX emerging, direction not confirmed",100.0,"Outperforming, weakening",Leads both,41.8129,Neutral,4.1447,19.0121,bullish accelerating,Oversold,-5.1459,-1.0399,full,76.56,Positive accelerating,40.33,Bearish,Bearish majority,None,"Bearish - majority agree, 1 dissenting",Lower Half,Emerging,Bearish,No,Yes,Inside,77.42,High,Stable,13.17,No,"High volatility, stable",Extreme vol - reduce size,Normal,Falling,Confirmed Up,-0.0996,Distribution,36.4198,Neutral,2 - Advancing,late,74.0,100.0,3 - Topping,15.0,WAIT,59.88,1.0,Weak ADX,"2 - Advancing, trend 69 but ADX shows no trend, this is a range - wait for alignment","2 - Advancing, trend 84 long confirmed but participation is thin - reduce size, breakouts without volume fail more often","2 - Advancing, trend 80 but ADX shows no trend, this is a range - wait for alignment"
2026-05-18,1069.0,1142.9000244140625,1023.7000122070312,1114.9000244140625,1556616,1123.3235,970.7576,No,63.33,Bull,Uptrend,Hold,Uptrend (HH+HL),Bullish,67.78,Bull,Bullish majority,"Range with bullish lean - ADX emerging, direction not confirmed",100.0,"Outperforming, weakening",Leads both,42.4994,Neutral,-0.0363,15.2024,bearish accelerating,Oversold,-10.9505,-1.907,full,77.21,Positive accelerating,41.11,Bearish,Bearish majority,None,"Bearish - majority agree, 1 dissenting",Lower Half,Emerging,Bearish,No,Yes,Inside,80.83,Very High,Stable,9.09,No,"Very High volatility, stable",Extreme vol - reduce size,High,Falling,Confirmed Up,0.043,Neutral,25.4182,Neutral,2 - Advancing,late,74.0,101.0,3 - Topping,15.0,WAIT,59.53,1.0,Weak ADX,"2 - Advancing, trend 68 but ADX shows no trend, this is a range - wait for alignment","2 - Advancing, trend 93 but ADX shows no trend, this is a range - wait for alignment","2 - Advancing, trend 83 but ADX shows no trend, this is a range - wait for alignment"
2026-05-19,1110.0,1110.0,1081.0999755859375,1095.9000244140625,215246,1122.2481,972.0028,No,57.82,Neutral,Uptrend,Hold,Uptrend (HH+HL),Bullish,61.63,Bull,Bullish majority,"Range with bullish lean - ADX emerging, direction not confirmed",100.0,"Outperforming, weakening",Leads both,39.682,Neutral,-4.8273,11.1965,bearish accelerating,Neutral,-10.2824,-1.8038,full,76.8,Positive fading,41.01,Bearish,Bearish majority,None,"Bearish - majority agree, 1 dissenting",Lower Half,Emerging,Bearish,No,Yes,Inside,86.07,Very High,Stable,8.49,No,"Very High volatility, stable",Extreme vol - reduce size,Normal,Falling,Weak Down,0.0607,Accumulation,26.7293,Neutral,2 - Advancing,late,74.0,102.0,3 - Topping,15.0,WAIT,54.34,1.0,Weak ADX,"2 - Advancing, trend 62 but ADX shows no trend, this is a range - wait for alignment","2 - Advancing, trend 89 but ADX shows no trend, this is a range - wait for alignment","2 - Advancing, trend 83 but ADX shows no trend, this is a range - wait for alignment"
2026-05-20,1082.4000244140625,1106.9000244140625,1071.699951171875,1085.5,207708,1120.807,973.1321,No,56.48,Neutral,Uptrend,Hold,Uptrend (HH+HL),Bullish,58.56,Neutral,Bullish majority,"No clear trend - ADX emerging, price ranging",98.45,"Outperforming, weakening",Leads both,38.1896,Oversold,-9.3555,7.0861,bearish accelerating,Neutral,-11.9413,-2.0395,full,74.53,Positive fading,40.5,Bearish,Bearish majority,None,"Bearish - majority agree, 1 dissenting",Lower Half,Emerging,Bearish,Yes,Yes,Inside,86.74,Very High,Stable,13.93,No,"Very High volatility, stable",Extreme vol - reduce size,Normal,Falling,Weak Down,0.0401,Neutral,26.3599,Neutral,2 - Advancing,late,74.0,103.0,3 - Topping,15.0,WAIT,52.8,1.0,Trend,"2 - Advancing, but trend score 59 does not confirm long - no directional edge","2 - Advancing, trend 86 but ADX shows no trend, this is a range - wait for alignment","2 - Advancing, trend 83 but ADX shows no trend, this is a range - wait for alignment"
2026-05-21,1103.0999755859375,1103.0999755859375,1076.0,1082.800048828125,390439,1119.3165,974.2234,No,50.19,Neutral,Uptrend,Hold,Uptrend (HH+HL),Bullish,55.28,Neutral,Bullish majority,"No clear trend - ADX emerging, price ranging",100.0,"Outperforming, weakening",Leads both,37.7922,Oversold,-13.012,3.0665,bearish fading,Neutral,-10.866,-1.8761,full,74.23,Positive fading,39.93,Bearish,Bearish majority,None,"Bearish - majority agree, 1 dissenting",Lower Half,Emerging,Bearish,Yes,Yes,Inside,86.27,Very High,Stable,15.79,No,"Very High volatility, stable",Extreme vol - reduce size,Normal,Falling,Confirmed Down,0.0186,Neutral,24.8267,Neutral,2 - Advancing,late,64.0,104.0,3 - Topping,15.0,WAIT,48.95,1.0,Trend,"2 - Advancing, but trend score 55 does not confirm long - no directional edge","2 - Advancing, trend 67 but ADX shows no trend, this is a range - wait for alignment","2 - Advancing, trend 83 but ADX shows no trend, this is a range - wait for alignment"
2026-05-22,1082.800048828125,1085.0,1042.0,1051.300048828125,287540,1116.6492,974.9903,No,47.37,Neutral,Downtrend,Sell,Uptrend (HH+HL),Bullish,40.03,Neutral,Bearish majority,"Neutral - majority agree, 1 dissenting, trending ADX",88.32,"Outperforming, weakening",Leads both,33.4227,Oversold,-18.2414,-1.1951,bearish accelerating,Oversold,-13.3592,-2.2316,full,65.06,Positive fading,34.99,Bearish,Bearish majority,None,"Bearish - majority agree, 1 dissenting",At Lower,Trending,Bearish,Yes,Yes,Inside,86.39,Very High,Stable,19.56,No,"Very High volatility, stable",Extreme vol - reduce size,Normal,Falling,Weak Down,0.0494,Neutral,3.9128,Oversold,2 - Advancing,late,64.0,105.0,3 - Topping,15.0,WAIT,41.81,1.0,Trend,"2 - Advancing, but trend score 40 does not confirm long - no directional edge","2 - Advancing, trend 69 but ADX shows no trend, this is a range - wait for alignment","2 - Advancing, trend 84 long confirmed but participation is thin - reduce size, breakouts without volume fail more often"
2026-05-25,1070.0,1086.0,1061.800048828125,1074.5,273224,1114.9963,975.9804,No,50.79,Neutral,Downtrend,Hold,Range,Bearish,30.47,Bear,Mixed,"Bear - components mixed, low conviction",88.21,"Outperforming, weakening",Leads both,39.0153,Oversold,-20.2798,-5.012,bearish fading,Oversold,-10.5105,-1.8042,full,66.72,Positive accelerating,37.56,Bearish,Bearish majority,None,"Bearish - majority agree, 1 dissenting",Lower Half,Trending,Bearish,Yes,Yes,Inside,84.96,Very High,Stable,15.87,No,"Very High volatility, stable",Wide stop - size down,Normal,Falling,Weak Up,0.0304,Neutral,9.3184,Oversold,2 - Advancing,late,64.0,106.0,3 - Topping,15.0,WAIT,39.48,1.0,Trend,"2 - Advancing, but trend score 30 does not confirm long - no directional edge","2 - Advancing, trend 68 but ADX shows no trend, this is a range - wait for alignment","2 - Advancing, trend 93 but ADX shows no trend, this is a range - wait for alignment"
2026-05-26,1084.300048828125,1107.4000244140625,1070.5999755859375,1097.5,201240,1114.3102,977.1896,No,53.75,Neutral,Downtrend,Hold,Range,Bearish,31.3,Bear,Mixed,"Bear - components mixed, low conviction",100.0,"Outperforming, weakening",Leads both,44.0345,Neutral,-19.811,-7.9718,bearish fading,Neutral,-5.0359,-0.995,full,78.62,Positive accelerating,44.26,Neutral,Bearish majority,None,"Neutral - majority agree, 1 dissenting",Lower Half,Trending,Bearish,Yes,No,Inside,83.45,Very High,Stable,12.9,No,"Very High volatility, stable",Wide stop - size down,Normal,Falling,Weak Up,0.025,Neutral,13.3538,Oversold,2 - Advancing,late,64.0,107.0,3 - Topping,15.0,WAIT,41.86,1.0,Trend,"2 - Advancing, but trend score 31 does not confirm long - no directional edge","2 - Advancing, trend 62 but ADX shows no trend, this is a range - wait for alignment","2 - Advancing, trend 89 but ADX shows no trend, this is a range - wait for alignment"
2026-05-27,1097.5,1101.5,1074.699951171875,1094.699951171875,157409,1113.5412,978.3588,No,53.55,Neutral,Downtrend,Hold,Range,Bearish,31.04,Bear,Mixed,"Bear - components mixed, low conviction",99.52,"Outperforming, weakening",Leads both,43.5644,Neutral,-19.4414,-10.2657,bearish fading,Neutral,-4.5514,-0.9273,full,76.6,Positive fading,45.7,Neutral,Bearish majority,None,"Neutral - majority agree, 1 dissenting",Lower Half,Trending,Bearish,Yes,No,Inside,81.43,Very High,Stable,11.19,No,"Very High volatility, stable",Wide stop - size down,Dry-up,Falling,Weak Down,0.0366,Neutral,13.5992,Oversold,2 - Advancing,late,64.0,108.0,3 - Topping,15.0,WAIT,40.98,1.0,Trend,"2 - Advancing, but trend score 31 does not confirm long - no directional edge","2 - Advancing, but trend score 59 does not confirm long - no directional edge","2 - Advancing, trend 86 but ADX shows no trend, this is a range - wait for alignment"
2026-05-28,1094.699951171875,1094.699951171875,1094.699951171875,1094.699951171875,0,1112.8023,979.5165,No,53.09,Neutral,Downtrend,Hold,Range,Bearish,30.71,Bear,Mixed,"Bear - components mixed, low conviction",100.0,"Outperforming, weakening",Leads both,43.5644,Neutral,-18.9302,-11.9986,bearish fading,Neutral,-1.0485,-0.4092,full,76.11,Positive fading,47.4,Neutral,Bearish majority,None,"Neutral - majority agree, 1 dissenting",Lower Half,Trending,Bearish,Yes,No,Inside,77.46,High,Stable,1.83,No,"High volatility, stable",Wide stop - size down,Dry-up,Falling,Flat,0.0291,Neutral,14.1092,Oversold,2 - Advancing,late,64.0,109.0,3 - Topping,15.0,WAIT,41.94,1.0,Trend,"2 - Advancing, but trend score 31 does not confirm long - no directional edge","2 - Advancing, but trend score 55 does not confirm long - no directional edge","2 - Advancing, trend 67 but ADX shows no trend, this is a range - wait for alignment"
2026-05-29,1100.0,1114.800048828125,1077.0,1098.0,367593,1112.2218,980.6954,No,54.52,Neutral,Downtrend,Hold,Range,Bearish,31.54,Bear,Mixed,"Bear - components mixed, low conviction",100.0,"Outperforming, weakening",Leads both,44.376,Neutral,-18.0507,-13.209,bearish fading,Neutral,-1.2146,-0.4386,full,77.56,Positive accelerating,50.11,Neutral,Bearish majority,None,"Neutral - majority agree, 1 dissenting",Lower Half,Trending,Bearish,Yes,No,Inside,76.86,High,Stable,-0.56,No,"High volatility, stable",Vol contracting,Normal,Falling,Weak Up,0.033,Neutral,22.3906,Neutral,2 - Advancing,late,64.0,110.0,3 - Topping,15.0,WAIT,43.73,1.0,Trend,"2 - Advancing, but trend score 32 does not confirm long - no directional edge","2 - Advancing, but trend score 40 does not confirm long - no directional edge","2 - Advancing, trend 69 but ADX shows no trend, this is a range - wait for alignment"
2026-06-01,1096.0,1144.699951171875,1082.4000244140625,1115.699951171875,723759,1112.3582,982.0387,No,60.72,Bull,Downtrend,Hold,Range,Bearish,34.64,Bear,Mixed,"Bear - components mixed, low conviction",100.0,"Outperforming, weakening",Leads both,48.6423,Neutral,-15.744,-13.716,bearish fading,Neutral,0.0717,-0.2477,full,79.83,Positive accelerating,55.7,Neutral,Bearish majority,None,"Neutral - majority agree, 1 dissenting",Lower Half,Trending,Bearish,No,No,Inside,77.18,High,Stable,-3.65,No,"High volatility, stable",Wide stop - size down,High,Falling,Confirmed Up,-0.0558,Distribution,34.7164,Neutral,2 - Advancing,late,64.0,111.0,3 - Topping,15.0,WAIT,48.0,1.0,Trend,"2 - Advancing, but trend score 35 does not confirm long - no directional edge","2 - Advancing, but trend score 30 does not confirm long - no directional edge","2 - Advancing, trend 68 but ADX shows no trend, this is a range - wait for alignment"
2026-06-02,1116.0,1116.0,1081.5,1098.699951171875,303077,1111.8226,983.1995,No,57.66,Neutral,Downtrend,Hold,Range,Bearish,34.42,Bear,Mixed,"Range with bearish lean - ADX emerging, direction not confirmed",100.0,"Outperforming, weakening",Leads both,45.067,Neutral,-15.1134,-13.9955,bearish fading,Neutral,0.2555,-0.2206,full,78.56,Positive fading,56.03,Neutral,Mixed,None,"Neutral - components mixed, low conviction",Lower Half,Emerging,Bearish,No,No,Inside,75.83,High,Stable,-10.24,No,"High volatility, stable",Wide stop - size down,Normal,Falling,Weak Down,-0.0441,Neutral,33.495,Neutral,2 - Advancing,late,64.0,112.0,3 - Topping,15.0,WAIT,45.6,1.0,Trend,"2 - Advancing, but trend score 34 does not confirm long - no directional edge","2 - Advancing, but trend score 31 does not confirm long - no directional edge","2 - Advancing, trend 62 but ADX shows no trend, this is a range - wait for alignment"
2026-06-03,1089.0,1159.300048828125,1075.5,1139.4000244140625,725322,1112.9041,984.7538,No,65.68,Bull,Downtrend,Hold,Range,Bearish,48.22,Neutral,Mixed,"No clear trend - ADX emerging, price ranging",100.0,"Outperforming, weakening",Leads both,53.8187,Neutral,-11.2004,-13.4365,Bullish crossover,Neutral,4.9655,0.4808,full,87.72,Positive accelerating,66.35,Bullish,Bullish confirmed,None,Bullish - all 4 components agree incl. MACD acceleration,Upper Half,Emerging,Bullish,No,No,Inside,77.06,High,Stable,-9.68,No,"High volatility, stable",Wide stop - size down,Normal,Falling,Confirmed Up,-0.0083,Neutral,44.0351,Neutral,2 - Advancing,late,64.0,113.0,3 - Topping,15.0,WAIT,57.3,1.0,Trend,"2 - Advancing, but trend score 48 does not confirm long - no directional edge","2 - Advancing, but trend score 31 does not confirm long - no directional edge","2 - Advancing, but trend score 59 does not confirm long - no directional edge"
2026-06-04,1135.0,1159.699951171875,1086.0,1143.199951171875,345702,1114.0921,986.3304,No,72.04,Bull,Downtrend,Hold,Range,Bearish,50.4,Neutral,Mixed,"No clear trend - ADX emerging, price ranging",100.0,"Outperforming, weakening",Leads both,54.5468,Neutral,-7.7039,-12.29,bearish accelerating,Neutral,5.5781,0.5687,full,95.28,Positive accelerating,72.11,Strong Bullish,Bullish confirmed,None,Strong Bullish - all 4 components agree incl. MACD acceleration,Upper Half,Emerging,Bullish,No,No,Inside,77.5,High,Stable,-8.77,No,"High volatility, stable",Wide stop - size down,Normal,Falling,Weak Up,0.0316,Neutral,50.0194,Neutral,2 - Advancing,late,74.0,114.0,3 - Topping,15.0,WAIT,59.81,1.0,Trend,"2 - Advancing, but trend score 50 does not confirm long - no directional edge","2 - Advancing, but trend score 31 does not confirm long - no directional edge","2 - Advancing, but trend score 55 does not confirm long - no directional edge"
2026-06-05,1149.0,1183.5,1130.0,1138.199951171875,654892,1115.0375,987.8415,No,71.42,Bull,Downtrend,Hold,Range,Bearish,49.66,Neutral,Mixed,"No clear trend - ADX emerging, price ranging",100.0,"Outperforming, weakening",Leads both,53.3548,Neutral,-5.2756,-10.8871,bearish accelerating,Overbought,8.2659,0.9644,full,98.23,Positive accelerating,74.06,Strong Bullish,Bullish confirmed,Bullish divergence,Strong Bullish - bullish divergence vs price over 21 bars,Upper Half,Emerging,Bullish,No,No,Inside,73.69,High,Stable,-12.7,No,"High volatility, stable",Wide stop - size down,Normal,Falling,Confirmed Down,-0.013,Neutral,72.8575,Neutral,2 - Advancing,late,74.0,115.0,3 - Topping,15.0,WAIT,57.66,1.0,Trend,"2 - Advancing, but trend score 50 does not confirm long - no directional edge","2 - Advancing, but trend score 32 does not confirm long - no directional edge","2 - Advancing, but trend score 40 does not confirm long - no directional edge"
2026-06-08,1138.0999755859375,1154.800048828125,1105.5,1136.5,187132,1115.8792,989.3207,No,72.92,Bull,Downtrend,Hold,Range,Bearish,49.61,Neutral,Mixed,"No clear trend - ADX emerging, price ranging",100.0,"Outperforming, weakening",Leads both,52.9313,Neutral,-3.4485,-9.3994,bearish accelerating,Neutral,5.7701,0.5891,full,84.98,Positive fading,69.47,Bullish,Bullish confirmed,Bullish divergence,Bullish - bullish divergence vs price over 21 bars,Upper Half,Emerging,Bullish,No,No,Inside,68.81,High,Stable,-16.15,Partial,"High volatility, stable",Wide stop - size down,Dry-up,Rising,Weak Down,0.0263,Neutral,68.7787,Neutral,2 - Advancing,late,74.0,116.0,3 - Topping,15.0,WAIT,57.47,1.0,Trend,"2 - Advancing, but trend score 50 does not confirm long - no directional edge","2 - Advancing, but trend score 35 does not confirm long - no directional edge","2 - Advancing, but trend score 30 does not confirm long - no directional edge"
2026-06-09,1139.699951171875,1142.0999755859375,1115.0,1135.0,169693,1116.629,990.7702,No,80.25,Strong Bull,Downtrend,Hold,Range,Bearish,51.64,Neutral,Mixed,"No clear trend - ADX emerging, price ranging",92.75,"Outperforming, weakening",Leads both,52.535,Neutral,-2.0974,-7.939,bearish fading,Neutral,3.4169,0.2388,full,74.32,Positive fading,65.18,Bullish,Bullish confirmed,Bullish divergence,Bullish - bullish divergence vs price over 21 bars,Upper Half,Emerging,Bullish,No,No,Inside,63.45,High,Stable,-20.0,Partial,"High volatility, stable",Wide stop - size down,Dry-up,Rising,Weak Down,0.0643,Accumulation,69.2198,Neutral,2 - Advancing,late,84.0,117.0,3 - Topping,15.0,WAIT,58.09,1.0,Trend,"2 - Advancing, but trend score 52 does not confirm long - no directional edge","2 - Advancing, but trend score 34 does not confirm long - no directional edge","2 - Advancing, but trend score 31 does not confirm long - no directional edge"
2026-06-10,1135.0,1178.0999755859375,1121.5,1124.5999755859375,234316,1116.9416,992.1019,No,79.87,Bull,Downtrend,Hold,Range,Bearish,51.55,Neutral,Mixed,"No clear trend - ADX emerging, price ranging",93.41,"Outperforming, weakening",Leads both,49.7539,Neutral,-1.8446,-6.7201,bearish fading,Neutral,2.7313,0.1398,full,77.96,Positive accelerating,64.27,Bullish,Bullish majority,Bullish divergence,Bullish - bullish divergence vs price over 21 bars,Upper Half,Emerging,Bullish,No,No,Inside,60.91,High,Contracting,-20.52,Partial,"High volatility, contracting - move losing energy",Wide stop - size down,Normal,Rising,Weak Down,0.0482,Neutral,76.5058,Neutral,2 - Advancing,late,84.0,118.0,3 - Topping,15.0,WAIT,57.78,1.0,Trend,"2 - Advancing, but trend score 52 does not confirm long - no directional edge","2 - Advancing, but trend score 48 does not confirm long - no directional edge","2 - Advancing, but trend score 31 does not confirm long - no directional edge"
2026-06-11,1124.5,1154.699951171875,1110.0,1128.800048828125,185639,1117.4067,993.4621,No,81.12,Strong Bull,Downtrend,Hold,Range,Bearish,51.79,Neutral,Mixed,"No clear trend - ADX emerging, price ranging",93.11,"Outperforming, weakening",Leads both,50.8847,Neutral,-1.2904,-5.6342,bearish fading,Neutral,3.115,0.1988,full,75.42,Positive fading,62.95,Bullish,Bullish confirmed,Bullish divergence,Bullish - bullish divergence vs price over 21 bars,Upper Half,Emerging,Bullish,No,Yes,Inside,60.44,High,Stable,-17.02,Partial,"High volatility, stable",Wide stop - size down,Dry-up,Rising,Weak Up,0.0798,Accumulation,77.9344,Neutral,2 - Advancing,late,84.0,119.0,3 - Topping,15.0,WAIT,58.69,1.0,Trend,"2 - Advancing, but trend score 52 does not confirm long - no directional edge","2 - Advancing, but trend score 50 does not confirm long - no directional edge","2 - Advancing, but trend score 31 does not confirm long - no directional edge"
2026-06-12,1140.0,1161.0999755859375,1139.0999755859375,1142.9000244140625,215851,1118.4064,994.949,No,83.56,Strong Bull,Downtrend,Hold,Downtrend (LH+LL),Bearish,42.95,Neutral,Mixed,"No clear trend - ADX emerging, price ranging",83.92,"Outperforming, strengthening",Leads both,54.5803,Neutral,0.2832,-4.4507,bullish accelerating,Neutral,4.0893,0.3472,full,75.09,Positive fading,64.25,Bullish,Bullish confirmed,None,Bullish - all 4 components agree incl. MACD acceleration,Upper Half,Emerging,Bullish,No,Yes,Inside,59.52,Normal,Stable,-17.34,Partial,"Normal volatility, stable",Wide stop - size down,Normal,Rising,Weak Up,0.0769,Accumulation,77.7335,Neutral,2 - Advancing,late,84.0,120.0,3 - Topping,15.0,WAIT,55.1,1.0,Trend,"2 - Advancing, but trend score 43 does not confirm long - no directional edge","2 - Advancing, but trend score 50 does not confirm long - no directional edge","2 - Advancing, but trend score 32 does not confirm long - no directional edge"
2026-06-15,1160.5999755859375,1163.0,1141.300048828125,1149.5999755859375,135913,1119.6297,996.4878,No,85.46,Strong Bull,Downtrend,Hold,Downtrend (LH+LL),Bearish,44.71,Neutral,Mixed,"No clear trend - ADX emerging, price ranging",72.06,"Outperforming, strengthening",Leads both,56.2644,Neutral,2.0474,-3.1511,bullish accelerating,Neutral,3.0385,0.1922,full,69.46,Positive fading,63.9,Bullish,Bullish confirmed,None,Bullish - all 4 components agree incl. MACD acceleration,Upper Half,Emerging,Bullish,No,No,Inside,57.66,Normal,Stable,-19.52,No,"Normal volatility, stable",Vol contracting,Dry-up,Falling,Weak Up,-0.0482,Neutral,77.4495,Neutral,2 - Advancing,late,84.0,121.0,3 - Topping,15.0,WAIT,55.79,1.0,Trend,"2 - Advancing, but trend score 45 does not confirm long - no directional edge","2 - Advancing, but trend score 50 does not confirm long - no directional edge","2 - Advancing, but trend score 35 does not confirm long - no directional edge"
2026-06-16,1161.0,1193.800048828125,1135.0,1177.699951171875,433202,1121.9069,998.2909,No,89.96,Strong Bull,Downtrend,Hold,Downtrend (LH+LL),Bearish,51.51,Neutral,Mixed,"No clear trend - ADX emerging, price ranging",85.24,"Outperforming, strengthening",Leads both,62.5379,Neutral,5.6478,-1.3913,bullish accelerating,Neutral,7.1903,0.8144,full,85.43,Positive accelerating,73.28,Strong Bullish,Bullish confirmed,None,Strong Bullish - all 4 components agree incl. MACD acceleration,Above Upper,Emerging,Bullish,Yes,No,Near Upper,57.97,Normal,Stable,-17.86,No,"Normal volatility, stable",Vol contracting,Normal,Falling,Confirmed Up,-0.0157,Neutral,82.117,Overbought,2 - Advancing,late,84.0,122.0,3 - Topping,15.0,WAIT,62.0,1.0,Trend,"2 - Advancing, but trend score 52 does not confirm long - no directional edge","2 - Advancing, but trend score 52 does not confirm long - no directional edge","2 - Advancing, but trend score 34 does not confirm long - no directional edge"
2026-06-17,1185.0,1191.5999755859375,1165.0,1179.300048828125,205767,1124.1576,1000.092,No,90.03,Strong Bull,Downtrend,Hold,Downtrend (LH+LL),Bearish,52.18,Neutral,Mixed,"No clear trend - ADX emerging, price ranging",80.39,"Outperforming, strengthening",Leads both,62.8645,Neutral,8.532,0.5934,bullish accelerating,Overbought,3.5018,0.263,full,80.1,Positive fading,73.36,Strong Bullish,Bullish confirmed,None,Strong Bullish - all 4 components agree incl. MACD acceleration,Upper Half,Emerging,Bullish,Yes,No,Inside,57.1,Normal,Stable,-19.96,No,"Normal volatility, stable",Vol contracting,Normal,Falling,Weak Up,-0.006,Neutral,82.9004,Overbought,2 - Advancing,late,84.0,123.0,3 - Topping,15.0,WAIT,61.99,1.0,Trend,"2 - Advancing, but trend score 52 does not confirm long - no directional edge","2 - Advancing, but trend score 52 does not confirm long - no directional edge","2 - Advancing, but trend score 48 does not confirm long - no directional edge"
2026-06-18,1185.0,1189.300048828125,1150.5,1154.5,198231,1125.3475,1001.6284,No,87.32,Strong Bull,Downtrend,Hold,Downtrend (LH+LL),Bearish,46.96,Neutral,Mixed,"No clear trend - ADX emerging, price ranging",80.62,"Outperforming, strengthening",Leads both,54.8775,Neutral,8.716,2.2179,bullish fading,Overbought,0.9885,-0.1109,full,79.48,Positive fading,69.66,Bullish,Bullish confirmed,None,Bullish - all 4 components agree incl. MACD acceleration,Upper Half,Emerging,Bullish,Yes,No,Inside,56.39,Normal,Contracting,-21.11,No,"Normal volatility, contracting - move losing energy",Vol contracting,Normal,Falling,Weak Down,0.0,Neutral,78.0473,Neutral,2 - Advancing,late,84.0,124.0,3 - Topping,15.0,WAIT,57.33,1.0,Trend,"2 - Advancing, but trend score 47 does not confirm long - no directional edge","2 - Advancing, but trend score 52 does not confirm long - no directional edge","2 - Advancing, but trend score 50 does not confirm long - no directional edge"
2026-06-19,1150.0,1172.0,1135.0,1162.300048828125,188609,1126.7967,1003.2271,No,88.44,Strong Bull,Downtrend,Hold,Downtrend (LH+LL),Bearish,48.3,Neutral,Mixed,"No clear trend - ADX emerging, price ranging",69.46,"Outperforming, strengthening",Leads both,56.7392,Neutral,9.3832,3.651,bullish fading,Neutral,2.1174,0.061,full,67.55,Positive fading,65.52,Bullish,Bullish confirmed,None,Bullish - all 4 components agree incl. MACD acceleration,Upper Half,Emerging,Bullish,Yes,No,Inside,53.33,Normal,Contracting,-20.36,No,"Normal volatility, contracting - move losing energy",Vol contracting,Normal,Falling,Weak Up,0.0428,Neutral,70.7762,Neutral,2 - Advancing,late,84.0,125.0,3 - Topping,15.0,WAIT,57.89,1.0,Trend,"2 - Advancing, but trend score 48 does not confirm long - no directional edge","2 - Advancing, but trend score 43 does not confirm long - no directional edge","2 - Advancing, but trend score 50 does not confirm long - no directional edge"
2026-06-22,1169.9000244140625,1235.9000244140625,1165.0,1226.800048828125,597407,1130.7184,1005.4517,No,95.72,Strong Bull,Uptrend,Buy,Downtrend (LH+LL),Bearish,72.66,Bull,Bullish majority,"Range with bullish lean - ADX emerging, direction not confirmed",75.06,"Outperforming, strengthening",Leads both,68.3631,Overbought,14.9442,5.9096,bullish accelerating,Neutral,7.9455,0.9342,full,79.62,Positive accelerating,75.21,Strong Bullish,Bullish confirmed,None,Strong Bullish - all 4 components agree incl. MACD acceleration,Above Upper,Emerging,Bullish,Yes,No,Breakout Up,56.31,Normal,Stable,-12.5,No,"Normal volatility, stable",Vol contracting,Normal,Falling,Confirmed Up,0.1097,Accumulation,79.4259,Neutral,2 - Advancing,late,84.0,126.0,3 - Topping,15.0,WAIT,62.0,1.0,Weak ADX,"2 - Advancing, trend 73 but ADX shows no trend, this is a range - wait for alignment","2 - Advancing, but trend score 45 does not confirm long - no directional edge","2 - Advancing, but trend score 50 does not confirm long - no directional edge"
2026-06-23,1235.0,1261.0,1217.0999755859375,1244.199951171875,430151,1135.1686,1007.8273,No,97.03,Strong Bull,Uptrend,Hold,Downtrend (LH+LL),Bearish,73.87,Bull,Bullish majority,"Range with bullish lean - ADX emerging, direction not confirmed",61.5,"Outperforming, strengthening",Leads NIFTY50 only,70.6538,Overbought,20.5189,8.8315,bullish accelerating,Overbought,9.6211,1.1766,full,65.34,Positive fading,73.96,Strong Bullish,Bullish confirmed,None,Strong Bullish but overbought on RSI and Stochastic - stretched,Above Upper,Emerging,Bullish,Yes,No,Breakout Up,62.62,High,Stable,-0.83,No,"High volatility, stable",Vol contracting,Normal,Falling,Confirmed Up,0.107,Accumulation,78.2375,Neutral,2 - Advancing,late,84.0,127.0,3 - Topping,15.0,WAIT,62.0,1.0,Weak ADX,"2 - Advancing, trend 74 but ADX shows no trend, this is a range - wait for alignment","2 - Advancing, but trend score 52 does not confirm long - no directional edge","2 - Advancing, but trend score 52 does not confirm long - no directional edge"
2026-06-24,1253.5,1370.5999755859375,1232.9000244140625,1357.199951171875,2864635,1143.8757,1011.3037,No,100.0,Strong Bull,Uptrend,Hold,Downtrend (LH+LL),Bearish,76.37,Strong Bull,Bullish majority,"Strong Bull - majority agree, 1 dissenting, trending ADX",95.95,"Outperforming, strengthening",Leads both,80.5191,Overbought,33.6669,13.7985,bullish accelerating,Overbought,20.6829,2.7793,full,100.0,Positive accelerating,90.59,Strong Bullish,Bullish confirmed,None,Strong Bullish but overbought on RSI and Stochastic - stretched,Above Upper,Trending,Bullish,Yes,No,Breakout Up,75.68,High,Stable,14.76,No,"High volatility, stable",Vol contracting,High,Rising,Confirmed Up,0.3186,Accumulation,87.1569,Overbought,2 - Advancing,late,84.0,128.0,3 - Topping,15.0,NO NEW ENTRY,70.0,2.0,Momentum stretched,"2 - Advancing, trend 76 long but momentum overextended - hold existing, do not add","2 - Advancing, but trend score 52 does not confirm long - no directional edge","2 - Advancing, but trend score 52 does not confirm long - no directional edge"
2026-06-25,1348.0999755859375,1348.0999755859375,1313.800048828125,1325.0999755859375,400272,1150.9826,1014.426,No,99.41,Strong Bull,Uptrend,Hold,Downtrend (LH+LL),Bearish,77.52,Strong Bull,Bullish majority,"Strong Bull - majority agree, 1 dissenting, trending ADX",58.03,"Outperforming, strengthening",Leads NIFTY50 only,73.0106,Overbought,41.0237,19.2436,bullish accelerating,Overbought,17.3901,2.2596,full,66.4,Positive fading,78.03,Strong Bullish,Bullish confirmed,None,Strong Bullish but overbought on RSI and Stochastic - stretched,Above Upper,Trending,Bullish,Yes,No,Inside,81.83,Very High,Expanding,21.39,No,Very High volatility and still expanding - move may be extended,Vol contracting,Normal,Rising,Weak Down,0.291,Accumulation,86.8036,Overbought,2 - Advancing,late,84.0,129.0,3 - Topping,15.0,NO NEW ENTRY,70.0,2.0,Momentum stretched,"2 - Advancing, trend 78 long but momentum overextended - hold existing, do not add","2 - Advancing, but trend score 47 does not confirm long - no directional edge","2 - Advancing, but trend score 52 does not confirm long - no directional edge"
2026-06-26,1325.0999755859375,1325.0999755859375,1325.0999755859375,1325.0999755859375,0,1157.8107,1017.5173,No,98.61,Strong Bull,Uptrend,Hold,Downtrend (LH+LL),Bearish,78.5,Strong Bull,Bullish majority,"Strong Bull - majority agree, 1 dissenting, trending ADX",77.9,"Outperforming, strengthening",Leads both,73.0106,Overbought,46.3201,24.6589,bullish fading,Overbought,15.9419,2.0235,full,78.75,Positive accelerating,81.33,Strong Bullish,Bullish confirmed,None,Strong Bullish but overbought on RSI and Stochastic - stretched,At Upper,Trending,Bullish,Yes,No,Inside,75.68,High,Stable,16.15,No,"High volatility, stable",Vol contracting,Dry-up,Rising,Flat,0.2982,Accumulation,89.1491,Overbought,2 - Advancing,late,84.0,130.0,3 - Topping,15.0,NO NEW ENTRY,70.0,2.0,Momentum stretched,"2 - Advancing, trend 78 long but momentum overextended - hold existing, do not add","2 - Advancing, but trend score 48 does not confirm long - no directional edge","2 - Advancing, but trend score 43 does not confirm long - no directional edge"
2026-06-29,1317.0999755859375,1392.5,1308.4000244140625,1342.199951171875,567800,1165.0417,1020.748,No,98.57,Strong Bull,Uptrend,Hold,Downtrend (LH+LL),Bearish,79.5,Strong Bull,Bullish majority,"Strong Bull - majority agree, 1 dissenting, trending ADX",74.37,"Outperforming, strengthening",Leads both,74.4808,Overbought,51.3059,29.9883,bullish fading,Overbought,16.7537,2.1133,full,79.37,Positive accelerating,81.32,Strong Bullish,Bullish confirmed,None,Strong Bullish but overbought on RSI and Stochastic - stretched,At Upper,Trending,Bullish,Yes,No,Inside,79.52,High,Expanding,21.86,No,High volatility and still expanding - move may be extended,Vol contracting,Normal,Rising,Confirmed Up,0.2855,Accumulation,92.1686,Overbought,2 - Advancing,late,84.0,131.0,3 - Topping,15.0,NO NEW ENTRY,70.0,2.0,Momentum stretched,"2 - Advancing, trend 80 long but momentum overextended - hold existing, do not add","2 - Advancing, trend 73 but ADX shows no trend, this is a range - wait for alignment","2 - Advancing, but trend score 45 does not confirm long - no directional edge"
2026-06-30,1345.0,1368.5,1325.0999755859375,1359.0999755859375,278645,1172.6518,1024.1147,No,98.52,Strong Bull,Uptrend,Hold,Downtrend (LH+LL),Bearish,79.48,Strong Bull,Bullish majority,"Strong Bull - majority agree, 1 dissenting, trending ADX",93.26,"Outperforming, strengthening",Leads both,75.8793,Overbought,55.9756,35.1857,bullish fading,Overbought,15.4029,1.8961,full,98.35,Positive accelerating,87.48,Strong Bullish,Bullish confirmed,None,Strong Bullish but overbought on RSI and Stochastic - stretched,Upper Half,Trending,Bullish,Yes,No,Inside,79.05,High,Expanding,21.07,No,High volatility and still expanding - move may be extended,Vol contracting,Normal,Rising,Weak Up,0.3039,Accumulation,92.2687,Overbought,2 - Advancing,late,84.0,132.0,3 - Topping,15.0,NO NEW ENTRY,70.0,2.0,Momentum stretched,"2 - Advancing, trend 79 long but momentum overextended - hold existing, do not add","2 - Advancing, trend 74 but ADX shows no trend, this is a range - wait for alignment","2 - Advancing, but trend score 52 does not confirm long - no directional edge"
2026-07-01,1359.0,1368.5,1308.4000244140625,1326.9000244140625,208621,1178.7007,1027.1275,No,96.52,Strong Bull,Uptrend,Hold,Downtrend (LH+LL),Bearish,78.78,Strong Bull,Bullish majority,"Strong Bull - majority agree, 1 dissenting, trending ADX",82.62,"Outperforming, strengthening",Leads both,68.2094,Neutral,56.4277,39.4341,bullish fading,Overbought,12.5159,1.4687,full,87.8,Positive fading,80.73,Strong Bullish,Bullish confirmed,None,Strong Bullish - all 4 components agree incl. MACD acceleration,Upper Half,Trending,Bullish,Yes,Yes,Inside,81.15,Very High,Expanding,24.05,No,Very High volatility and still expanding - move may be extended,Normal vol,Dry-up,Rising,Weak Down,0.2682,Accumulation,91.5338,Overbought,2 - Advancing,late,84.0,133.0,3 - Topping,15.0,ENTER SMALL,74.97,3.0,Volume,"2 - Advancing, trend 79 long confirmed but participation is thin - reduce size, breakouts without volume fail more often","2 - Advancing, trend 76 long but momentum overextended - hold existing, do not add","2 - Advancing, but trend score 52 does not confirm long - no directional edge"
2026-07-02,1326.5,1377.0,1309.5999755859375,1372.4000244140625,456847,1186.2968,1030.563,No,98.11,Strong Bull,Uptrend,Hold,Downtrend (LH+LL),Bearish,79.34,Strong Bull,Bullish majority,"Strong Bull - majority agree, 1 dissenting, trending ADX",94.85,"Outperforming, strengthening",Leads both,72.4475,Overbought,59.7684,43.501,bullish fading,Overbought,18.874,2.3413,full,98.76,Positive accelerating,85.4,Strong Bullish,Bullish confirmed,None,Strong Bullish but overbought on RSI and Stochastic - stretched,Upper Half,Trending,Bullish,Yes,No,Inside,82.14,Very High,Expanding,25.75,No,Very High volatility and still expanding - move may be extended,Vol contracting,Normal,Rising,Confirmed Up,0.2883,Accumulation,91.8837,Overbought,2 - Advancing,late,84.0,134.0,3 - Topping,15.0,NO NEW ENTRY,70.0,2.0,Momentum stretched,"2 - Advancing, trend 79 long but momentum overextended - hold existing, do not add","2 - Advancing, trend 78 long but momentum overextended - hold existing, do not add","2 - Advancing, but trend score 47 does not confirm long - no directional edge"
2026-07-03,1377.0999755859375,1380.0999755859375,1343.0,1359.5999755859375,338063,1193.093,1033.837,No,97.17,Strong Bull,Uptrend,Hold,Downtrend (LH+LL),Bearish,79.01,Strong Bull,Bullish majority,"Strong Bull - majority agree, 1 dissenting, trending ADX",94.57,"Outperforming, strengthening",Leads both,69.6351,Overbought,60.6836,46.9375,bullish fading,Overbought,16.975,2.0467,full,97.0,Positive fading,82.99,Strong Bullish,Bullish confirmed,None,Strong Bullish - all 4 components agree incl. MACD acceleration,Upper Half,Trending,Bullish,Yes,No,Inside,78.33,High,Expanding,25.0,No,High volatility and still expanding - move may be extended,Vol contracting,Normal,Rising,Weak Down,0.3498,Accumulation,92.1496,Overbought,2 - Advancing,late,84.0,135.0,3 - Topping,15.0,ENTER SMALL,75.75,3.0,Volume,"2 - Advancing, trend 79 long confirmed but participation is thin - reduce size, breakouts without volume fail more often","2 - Advancing, trend 78 long but momentum overextended - hold existing, do not add","2 - Advancing, but trend score 48 does not confirm long - no directional edge"
2026-07-06,1369.0,1406.699951171875,1345.300048828125,1361.0999755859375,369720,1199.6815,1037.0934,No,96.59,Strong Bull,Uptrend,Hold,Downtrend (LH+LL),Bearish,78.81,Strong Bull,Bullish majority,"Strong Bull - majority agree, 1 dissenting, strong ADX",99.55,"Outperforming, strengthening",Leads both,69.7831,Overbought,60.8288,49.7158,bullish fading,Overbought,10.9472,1.1901,full,100.0,Positive accelerating,82.97,Strong Bullish,Bullish confirmed,None,Strong Bullish - all 4 components agree incl. MACD acceleration,Upper Half,Strong,Bullish,Yes,Yes,Inside,79.48,High,Expanding,23.17,No,High volatility and still expanding - move may be extended,Normal vol,Normal,Rising,Weak Up,0.3154,Accumulation,92.1501,Overbought,2 - Advancing,late,84.0,136.0,3 - Topping,15.0,ENTER SMALL,76.86,3.0,Volume,"2 - Advancing, trend 79 long confirmed but participation is thin - reduce size, breakouts without volume fail more often","2 - Advancing, trend 80 long but momentum overextended - hold existing, do not add","2 - Advancing, trend 73 but ADX shows no trend, this is a range - wait for alignment"
2026-07-07,1350.0,1350.0,1305.0,1330.0,466991,1204.792,1040.0079,No,93.94,Strong Bull,Uptrend,Hold,Downtrend (LH+LL),Bearish,77.88,Strong Bull,Bullish majority,"Strong Bull - majority agree, 1 dissenting, strong ADX",88.82,"Outperforming, strengthening",Leads both,62.9325,Neutral,57.7684,51.3263,bullish fading,Overbought,6.896,0.6167,full,84.4,Positive fading,72.4,Strong Bullish,Bullish confirmed,None,Strong Bullish - all 4 components agree incl. MACD acceleration,Upper Half,Strong,Bullish,Yes,Yes,Inside,80.52,Very High,Stable,17.9,No,"Very High volatility, stable",Normal vol,Normal,Rising,Confirmed Down,0.3015,Accumulation,86.0258,Overbought,2 - Advancing,late,84.0,137.0,3 - Topping,15.0,ENTER LONG,74.87,5.0,None,"2 - Advancing, trend 78 with bullish majority, momentum and volume confirm; outperforming both benchmarks, late in the stage, reduce size","2 - Advancing, trend 79 long but momentum overextended - hold existing, do not add","2 - Advancing, trend 74 but ADX shows no trend, this is a range - wait for alignment"
2026-07-08,1319.300048828125,1424.0,1307.0999755859375,1413.4000244140625,908343,1212.9727,1043.7232,No,98.34,Strong Bull,Uptrend,Hold,Downtrend (LH+LL),Bearish,79.42,Strong Bull,Bullish majority,"Strong Bull - majority agree, 1 dissenting, strong ADX",100.0,"Outperforming, strengthening",Leads both,71.1202,Overbought,61.3653,53.3341,bullish accelerating,Overbought,4.1409,0.2275,full,99.32,Positive accelerating,80.78,Strong Bullish,Bullish confirmed,None,Strong Bullish but overbought on RSI and Stochastic - stretched,Upper Half,Strong,Bullish,Yes,Yes,Breakout Up,84.01,Very High,Stable,8.33,No,"Very High volatility, stable",Wide stop - size down,Normal,Rising,Confirmed Up,0.3807,Accumulation,89.5313,Overbought,2 - Advancing,late,84.0,138.0,3 - Topping,15.0,NO NEW ENTRY,70.0,2.0,Momentum stretched,"2 - Advancing, trend 79 long but momentum overextended - hold existing, do not add","2 - Advancing, trend 79 long confirmed but participation is thin - reduce size, breakouts without volume fail more often","2 - Advancing, trend 76 long but momentum overextended - hold existing, do not add"
2026-07-09,1425.0,1510.0,1425.0,1485.800048828125,1695025,1223.6718,1048.122,No,100.0,Strong Bull,Uptrend,Hold,Downtrend (LH+LL),Bearish,80.0,Strong Bull,Bullish majority,"Strong Bull - majority agree, 1 dissenting, strong ADX",100.0,"Outperforming, strengthening",Leads both,76.0632,Overbought,69.2596,56.5192,bullish accelerating,Overbought,12.1274,1.3373,full,99.67,Positive accelerating,85.41,Strong Bullish,Bullish confirmed,None,Strong Bullish but overbought on RSI and Stochastic - stretched,At Upper,Strong,Bullish,Yes,Yes,Breakout Up,87.18,Very High,Stable,5.36,No,"Very High volatility, stable",Wide stop - size down,High,Rising,Confirmed Up,0.3976,Accumulation,93.0589,Overbought,2 - Advancing,late,84.0,139.0,3 - Topping,15.0,NO NEW ENTRY,70.0,2.0,Momentum stretched,"2 - Advancing, trend 80 long but momentum overextended - hold existing, do not add","2 - Advancing, trend 79 long but momentum overextended - hold existing, do not add","2 - Advancing, trend 78 long but momentum overextended - hold existing, do not add"
2026-07-10,1495.0,1538.5,1472.199951171875,1500.800048828125,699159,1234.5396,1052.6262,No,99.57,Strong Bull,Uptrend,Hold,Downtrend (LH+LL),Bearish,79.85,Strong Bull,Bullish majority,"Strong Bull - majority agree, 1 dissenting, strong ADX",100.0,"Outperforming, strengthening",Leads both,76.9437,Overbought,75.8518,60.3857,bullish accelerating,Overbought,13.2594,1.484,full,100.0,Positive accelerating,87.52,Strong Bullish,Bullish confirmed,None,Strong Bullish but overbought on RSI and Stochastic - stretched,At Upper,Strong,Bullish,Yes,Yes,Near Upper,87.62,Very High,Stable,11.95,No,"Very High volatility, stable",Normal vol,Normal,Rising,Confirmed Up,0.3847,Accumulation,93.2309,Overbought,2 - Advancing,late,84.0,140.0,3 - Topping,15.0,NO NEW ENTRY,70.0,2.0,Momentum stretched,"2 - Advancing, trend 80 long but momentum overextended - hold existing, do not add","2 - Advancing, trend 79 long confirmed but participation is thin - reduce size, breakouts without volume fail more often","2 - Advancing, trend 78 long but momentum overextended - hold existing, do not add"
2026-07-13,1465.0,1483.9000244140625,1445.0,1452.800048828125,195534,1243.0988,1056.6081,No,97.27,Strong Bull,Uptrend,Hold,Downtrend (LH+LL),Bearish,79.04,Strong Bull,Bullish majority,"Strong Bull - majority agree, 1 dissenting, strong ADX",100.0,"Outperforming, strengthening",Leads both,68.2874,Neutral,76.3233,63.5732,bullish fading,Overbought,8.2402,0.7801,full,96.63,Positive fading,81.74,Strong Bullish,Bullish confirmed,None,Strong Bullish - all 4 components agree incl. MACD acceleration,Upper Half,Strong,Bullish,Yes,Yes,Inside,88.33,Very High,Stable,8.81,No,"Very High volatility, stable",Wide stop - size down,Dry-up,Rising,Weak Down,0.3753,Accumulation,90.9101,Overbought,2 - Advancing,late,84.0,141.0,3 - Topping,15.0,ENTER SMALL,75.39,3.0,Volume,"2 - Advancing, trend 79 long confirmed but participation is thin - reduce size, breakouts without volume fail more often","2 - Advancing, trend 79 long confirmed but participation is thin - reduce size, breakouts without volume fail more often","2 - Advancing, trend 80 long but momentum overextended - hold existing, do not add"
2026-07-14,1440.0999755859375,1478.5999755859375,1432.699951171875,1439.9000244140625,143734,1250.8165,1060.4219,No,96.13,Strong Bull,Uptrend,Hold,Range,Bearish,88.65,Strong Bull,Bullish confirmed,"Strong Bull - all 4 components agree, strong ADX",100.0,"Outperforming, strengthening",Leads both,66.134,Neutral,74.7938,65.8173,bullish fading,Neutral,5.9451,0.4577,full,92.53,Positive fading,76.32,Strong Bullish,Bullish confirmed,None,Strong Bullish - all 4 components agree incl. MACD acceleration,Upper Half,Strong,Bullish,Yes,Yes,Inside,85.95,Very High,Stable,6.91,No,"Very High volatility, stable",Wide stop - size down,Dry-up,Rising,Weak Down,0.3588,Accumulation,85.27,Overbought,2 - Advancing,late,84.0,142.0,3 - Topping,15.0,ENTER SMALL,78.09,3.0,Volume,"2 - Advancing, trend 89 long confirmed but participation is thin - reduce size, breakouts without volume fail more often","2 - Advancing, trend 78 with bullish majority, momentum and volume confirm; outperforming both benchmarks, late in the stage, reduce size","2 - Advancing, trend 79 long but momentum overextended - hold existing, do not add"
2026-07-15,1445.0,1484.0,1430.9000244140625,1477.199951171875,174852,1259.6943,1064.569,No,97.49,Strong Bull,Uptrend,Hold,Range,Bearish,89.12,Strong Bull,Bullish confirmed,"Strong Bull - all 4 components agree, strong ADX",100.0,"Outperforming, strengthening",Leads both,69.1621,Neutral,75.7186,67.7976,bullish fading,Neutral,11.3271,1.1974,full,100.0,Positive accelerating,78.17,Strong Bullish,Bullish confirmed,None,Strong Bullish - all 4 components agree incl. MACD acceleration,Upper Half,Strong,Bullish,Yes,Yes,Inside,83.01,Very High,Stable,1.86,No,"Very High volatility, stable",Normal vol,Dry-up,Rising,Weak Up,0.37,Accumulation,84.8272,Overbought,2 - Advancing,late,84.0,143.0,3 - Topping,15.0,ENTER SMALL,80.0,3.0,Volume,"2 - Advancing, trend 89 long confirmed but participation is thin - reduce size, breakouts without volume fail more often","2 - Advancing, trend 79 long but momentum overextended - hold existing, do not add","2 - Advancing, trend 79 long confirmed but participation is thin - reduce size, breakouts without volume fail more often"
2026-07-16,1481.300048828125,1508.0,1461.5999755859375,1499.199951171875,227081,1269.0867,1068.8936,No,97.77,Strong Bull,Uptrend,Hold,Range,Bearish,89.22,Strong Bull,Bullish confirmed,"Strong Bull - all 4 components agree, strong ADX",100.0,"Outperforming, strengthening",Leads both,70.8194,Overbought,77.3353,69.7051,bullish fading,Neutral,9.2393,0.9022,full,100.0,Positive accelerating,78.9,Strong Bullish,Bullish confirmed,None,Strong Bullish - all 4 components agree incl. MACD acceleration,Upper Half,Strong,Bullish,Yes,Yes,Inside,78.61,High,Stable,-3.53,No,"High volatility, stable",Normal vol,Dry-up,Rising,Weak Up,0.3956,Accumulation,85.3664,Overbought,2 - Advancing,late,84.0,144.0,3 - Topping,15.0,ENTER SMALL,80.0,3.0,Volume,"2 - Advancing, trend 89 long confirmed but participation is thin - reduce size, breakouts without volume fail more often","2 - Advancing, trend 80 long but momentum overextended - hold existing, do not add","2 - Advancing, trend 79 long but momentum overextended - hold existing, do not add"
2026-07-17,1500.0,1501.699951171875,1452.5999755859375,1475.300048828125,190667,1277.1735,1072.9375,No,96.15,Strong Bull,Uptrend,Hold,Uptrend (HH+HL),Bullish,98.65,Strong Bull,Bullish confirmed,"Strong Bull - all 4 components agree, strong ADX",100.0,"Outperforming, strengthening",Leads both,66.6301,Neutral,75.814,70.9269,bullish fading,Neutral,8.5099,0.7966,full,99.31,Positive fading,76.01,Strong Bullish,Bullish confirmed,None,Strong Bullish - all 4 components agree incl. MACD acceleration,Upper Half,Strong,Bullish,Yes,Yes,Inside,76.55,High,Stable,-1.79,No,"High volatility, stable",Normal vol,Dry-up,Rising,Weak Down,0.3863,Accumulation,81.4667,Overbought,2 - Advancing,late,84.0,145.0,3 - Topping,15.0,ENTER SMALL,80.0,3.0,Volume,"2 - Advancing, trend 99 long confirmed but participation is thin - reduce size, breakouts without volume fail more often","2 - Advancing, trend 80 long but momentum overextended - hold existing, do not add","2 - Advancing, trend 79 long confirmed but participation is thin - reduce size, breakouts without volume fail more often"
2026-07-20,1475.300048828125,1475.9000244140625,1443.199951171875,1450.5999755859375,95907,1283.9745,1076.6953,No,94.13,Strong Bull,Uptrend,Hold,Uptrend (HH+HL),Bullish,97.95,Strong Bull,Bullish confirmed,"Strong Bull - all 4 components agree, strong ADX",100.0,"Outperforming, strengthening",Leads both,62.5143,Neutral,71.7878,71.0991,bullish fading,Neutral,6.5756,0.5307,full,95.18,Positive fading,69.69,Bullish,Bullish majority,None,Bullish - price momentum agrees but MACD shows deceleration,Upper Half,Strong,Bullish,Yes,Yes,Inside,71.79,High,Stable,-7.7,No,"High volatility, stable",Normal vol,Dry-up,Rising,Weak Down,0.358,Accumulation,79.38,Neutral,2 - Advancing,late,84.0,146.0,3 - Topping,15.0,ENTER SMALL,80.0,3.0,Volume,"2 - Advancing, trend 98 long confirmed but participation is thin - reduce size, breakouts without volume fail more often","2 - Advancing, trend 79 long confirmed but participation is thin - reduce size, breakouts without volume fail more often","2 - Advancing, trend 79 long confirmed but participation is thin - reduce size, breakouts without volume fail more often"
2026-07-21,1457.5999755859375,1460.0,1439.9000244140625,1449.699951171875,108653,1290.4736,1080.4068,No,93.86,Strong Bull,Uptrend,Hold,Uptrend (HH+HL),Bullish,97.85,Strong Bull,Bullish confirmed,"Strong Bull - all 4 components agree, strong ADX",100.0,"Outperforming, strengthening",Leads both,62.3631,Neutral,67.7435,70.428,Bearish crossover,Neutral,9.0,0.8661,full,95.42,Positive accelerating,66.17,Bullish,Bullish majority,Bearish divergence,Bullish - bearish divergence vs price over 21 bars,Upper Half,Strong,Bullish,Yes,No,Inside,63.29,High,Stable,-17.22,No,"High volatility, stable",Vol contracting,Dry-up,Rising,Weak Down,0.3591,Accumulation,80.4861,Overbought,2 - Advancing,late,84.0,147.0,3 - Topping,15.0,HOLD / TIGHTEN STOP,70.0,2.0,Momentum divergence,"2 - Advancing, trend 98 long but momentum diverging - trend tiring, tighten stop","2 - Advancing, trend 89 long confirmed but participation is thin - reduce size, breakouts without volume fail more often","2 - Advancing, trend 78 with bullish majority, momentum and volume confirm; outperforming both benchmarks, late in the stage, reduce size"
2026-07-22,1453.0,1488.0,1443.199951171875,1462.800048828125,181794,1297.2315,1084.2117,No,94.46,Strong Bull,Uptrend,Hold,Uptrend (HH+HL),Bullish,98.06,Strong Bull,Bullish confirmed,"Strong Bull - all 4 components agree, strong ADX",100.0,"Outperforming, strengthening",Leads both,63.7376,Neutral,64.8479,69.3119,bullish accelerating,Neutral,3.4951,0.1072,full,100.0,Positive accelerating,66.44,Bullish,Bullish majority,Bearish divergence,Bullish - bearish divergence vs price over 21 bars,Upper Half,Strong,Bullish,Yes,No,Inside,61.39,High,Contracting,-22.62,No,"High volatility, contracting - move losing energy",Vol contracting,Dry-up,Falling,Weak Up,0.1819,Accumulation,79.6613,Neutral,2 - Advancing,late,84.0,148.0,3 - Topping,15.0,HOLD / TIGHTEN STOP,70.0,2.0,Momentum divergence,"2 - Advancing, trend 98 long but momentum diverging - trend tiring, tighten stop","2 - Advancing, trend 89 long confirmed but participation is thin - reduce size, breakouts without volume fail more often","2 - Advancing, trend 79 long but momentum overextended - hold existing, do not add"
2026-07-23,1468.5999755859375,1468.5999755859375,1405.199951171875,1435.5,249778,1302.6538,1087.7071,No,89.54,Strong Bull,Uptrend,Hold,Uptrend (HH+HL),Bullish,96.34,Strong Bull,Bullish confirmed,"Strong Bull - all 4 components agree, strong ADX",100.0,"Outperforming, strengthening",Leads both,58.9095,Neutral,59.6624,67.382,bullish accelerating,Neutral,-3.3854,-0.8405,full,98.68,Positive fading,62.21,Bullish,Bullish majority,Bearish divergence,Bullish - bearish divergence vs price over 21 bars,Upper Half,Strong,Bullish,No,No,Inside,59.01,Normal,Contracting,-28.17,No,"Normal volatility, contracting - move losing energy",Vol contracting,Normal,Falling,Weak Down,0.2021,Accumulation,75.0478,Neutral,2 - Advancing,late,84.0,149.0,3 - Topping,15.0,HOLD / TIGHTEN STOP,70.0,2.0,Momentum divergence,"2 - Advancing, trend 96 long but momentum diverging - trend tiring, tighten stop","2 - Advancing, trend 89 long confirmed but participation is thin - reduce size, breakouts without volume fail more often","2 - Advancing, trend 80 long but momentum overextended - hold existing, do not add"
2026-07-24,1435.5,1442.699951171875,1400.199951171875,1427.5,186183,1307.5497,1091.0881,No,85.12,Strong Bull,Uptrend,Hold,Uptrend (HH+HL),Bullish,94.79,Strong Bull,Bullish confirmed,"Strong Bull - all 4 components agree, strong ADX",100.0,"Outperforming, strengthening",Leads both,57.5341,Neutral,54.2817,64.762,bullish accelerating,Neutral,-4.8841,-1.0413,full,94.0,Positive fading,58.56,Bullish,Bullish majority,Bearish divergence,Bullish - bearish divergence vs price over 21 bars,Upper Half,Strong,Bullish,No,No,Inside,57.14,Normal,Contracting,-30.48,No,"Normal volatility, contracting - move losing energy",Vol contracting,Dry-up,Falling,Weak Down,0.2041,Accumulation,70.9712,Neutral,2 - Advancing,late,84.0,150.0,3 - Topping,15.0,HOLD / TIGHTEN STOP,70.0,2.0,Momentum divergence,"2 - Advancing, trend 95 long but momentum diverging - trend tiring, tighten stop","2 - Advancing, trend 99 long confirmed but participation is thin - reduce size, breakouts without volume fail more often","2 - Advancing, trend 80 long but momentum overextended - hold existing, do not add"
2026-07-27,1431.9000244140625,1493.0,1420.4000244140625,1480.0999755859375,224347,1314.3164,1094.9589,No,90.82,Strong Bull,Uptrend,Hold,Uptrend (HH+HL),Bullish,96.79,Strong Bull,Bullish confirmed,"Strong Bull - all 4 components agree, strong ADX",100.0,"Outperforming, strengthening",Leads both,63.5585,Neutral,53.6434,62.5383,bullish fading,Neutral,1.8791,-0.106,full,100.0,Positive accelerating,63.33,Bullish,Bullish majority,Bearish divergence,Bullish - bearish divergence vs price over 21 bars,Upper Half,Strong,Bullish,No,No,Inside,57.3,Normal,Contracting,-31.03,No,"Normal volatility, contracting - move losing energy",Vol contracting,Normal,Falling,Weak Up,0.2481,Accumulation,77.9366,Neutral,2 - Advancing,late,84.0,151.0,3 - Topping,15.0,HOLD / TIGHTEN STOP,70.0,2.0,Momentum divergence,"2 - Advancing, trend 97 long but momentum diverging - trend tiring, tighten stop","2 - Advancing, trend 98 long confirmed but participation is thin - reduce size, breakouts without volume fail more often","2 - Advancing, trend 79 long confirmed but participation is thin - reduce size, breakouts without volume fail more often"
2026-07-28,1474.0,1480.0,1445.199951171875,1464.699951171875,170635,1320.2138,1098.6379,No,90.38,Strong Bull,Uptrend,Hold,Uptrend (HH+HL),Bullish,96.63,Strong Bull,Bullish confirmed,"Strong Bull - all 4 components agree, strong ADX",100.0,"Outperforming, strengthening",Leads both,60.8373,Neutral,51.3035,60.2913,bullish accelerating,Neutral,1.7223,-0.1267,full,99.99,Positive fading,62.13,Bullish,Bullish majority,Bearish divergence,Bullish - bearish divergence vs price over 21 bars,Upper Half,Strong,Bullish,No,No,Inside,54.37,Normal,Contracting,-31.59,No,"Normal volatility, contracting - move losing energy",Vol contracting,Dry-up,Falling,Weak Down,0.233,Accumulation,70.8835,Neutral,2 - Advancing,late,84.0,152.0,3 - Topping,15.0,HOLD / TIGHTEN STOP,70.0,2.0,Momentum divergence,"2 - Advancing, trend 97 long but momentum diverging - trend tiring, tighten stop","2 - Advancing, trend 98 long but momentum diverging - trend tiring, tighten stop","2 - Advancing, trend 89 long confirmed but participation is thin - reduce size, breakouts without volume fail more often"
2026-07-29,1465.0999755859375,1504.699951171875,1452.0,1490.699951171875,296015,1326.8995,1102.539,No,93.37,Strong Bull,Uptrend,Hold,Uptrend (HH+HL),Bullish,97.68,Strong Bull,Bullish confirmed,"Strong Bull - all 4 components agree, strong ADX",100.0,"Outperforming, strengthening",Leads both,63.6657,Neutral,50.9597,58.425,bullish fading,Neutral,0.9139,-0.2369,full,100.0,Positive accelerating,64.43,Bullish,Bullish majority,Bearish divergence,Bullish - bearish divergence vs price over 21 bars,Upper Half,Strong,Bullish,No,No,Inside,52.1,Normal,Contracting,-30.91,No,"Normal volatility, contracting - move losing energy",Vol contracting,Normal,Falling,Weak Up,0.2599,Accumulation,57.9233,Neutral,2 - Advancing,late,84.0,153.0,3 - Topping,15.0,HOLD / TIGHTEN STOP,70.0,2.0,Momentum divergence,"2 - Advancing, trend 98 long but momentum diverging - trend tiring, tighten stop","2 - Advancing, trend 98 long but momentum diverging - trend tiring, tighten stop","2 - Advancing, trend 89 long confirmed but participation is thin - reduce size, breakouts without volume fail more often"
2026-07-30,1495.0,1525.0,1466.300048828125,1490.800048828125,455177,1333.327,1106.4023,No,94.79,Strong Bull,Uptrend,Hold,Uptrend (HH+HL),Bullish,98.18,Strong Bull,Bullish confirmed,"Strong Bull - all 4 components agree, strong ADX",95.63,"Outperforming, strengthening",Leads both,63.6765,Neutral,50.1176,56.7635,bullish fading,Neutral,-0.5603,-0.44,full,88.15,Positive fading,61.34,Bullish,Bullish majority,Bearish divergence,Bullish - bearish divergence vs price over 21 bars,Upper Half,Strong,Bullish,No,No,Inside,52.82,Normal,Contracting,-25.79,No,"Normal volatility, contracting - move losing energy",Vol contracting,Normal,Falling,Confirmed Up,0.1963,Accumulation,54.2502,Neutral,2 - Advancing,late,84.0,154.0,3 - Topping,15.0,HOLD / TIGHTEN STOP,70.0,2.0,Momentum divergence,"2 - Advancing, trend 98 long but momentum diverging - trend tiring, tighten stop","2 - Advancing, trend 96 long but momentum diverging - trend tiring, tighten stop","2 - Advancing, trend 89 long confirmed but participation is thin - reduce size, breakouts without volume fail more often"
2026-07-31,1511.5,1614.4000244140625,1492.199951171875,1539.5999755859375,2452517,1341.4161,1110.7128,No,97.3,Strong Bull,Uptrend,Hold,Uptrend (HH+HL),Bullish,99.06,Strong Bull,Bullish confirmed,"Strong Bull - all 4 components agree, strong ADX",100.0,"Outperforming, strengthening",Leads both,68.6099,Neutral,52.7795,55.9667,bullish fading,Neutral,4.3584,0.2362,full,100.0,Positive accelerating,69.56,Bullish,Bullish majority,Bearish divergence,Bullish - bearish divergence vs price over 21 bars,Upper Half,Strong,Bullish,Yes,No,Breakout Up,59.4,Normal,Stable,-17.14,No,"Normal volatility, stable",Vol contracting,High,Rising,Confirmed Up,0.0984,Accumulation,78.6181,Neutral,2 - Advancing,late,84.0,155.0,3 - Topping,15.0,HOLD / TIGHTEN STOP,70.0,2.0,Momentum divergence,"2 - Advancing, trend 99 long but momentum diverging - trend tiring, tighten stop","2 - Advancing, trend 95 long but momentum diverging - trend tiring, tighten stop","2 - Advancing, trend 99 long confirmed but participation is thin - reduce size, breakouts without volume fail more often"
2026-08-03,1561.0,1574.9000244140625,1492.699951171875,1509.5,557503,1348.0076,1114.6808,No,94.78,Strong Bull,Uptrend,Hold,Uptrend (HH+HL),Bullish,98.17,Strong Bull,Bullish confirmed,"Strong Bull - all 4 components agree, strong ADX",100.0,"Outperforming, strengthening",Leads both,62.9323,Neutral,51.8625,55.1459,bullish accelerating,Neutral,4.0604,0.1901,full,94.91,Positive fading,65.68,Bullish,Bullish majority,Bearish divergence,Bullish - bearish divergence vs price over 21 bars,Upper Half,Strong,Bullish,Yes,Yes,Inside,65.44,High,Stable,-6.35,No,"High volatility, stable",Normal vol,Normal,Rising,Confirmed Down,0.0809,Accumulation,72.6149,Neutral,2 - Advancing,late,84.0,156.0,3 - Topping,15.0,HOLD / TIGHTEN STOP,70.0,2.0,Momentum divergence,"2 - Advancing, trend 98 long but momentum diverging - trend tiring, tighten stop","2 - Advancing, trend 97 long but momentum diverging - trend tiring, tighten stop","2 - Advancing, trend 98 long confirmed but participation is thin - reduce size, breakouts without volume fail more often"
2026-08-04,1525.0,1605.5,1521.0,1578.300048828125,1047312,1357.0387,1119.2939,No,98.27,Strong Bull,Uptrend,Hold,Uptrend (HH+HL),Bullish,99.39,Strong Bull,Bullish confirmed,"Strong Bull - all 4 components agree, strong ADX",100.0,"Outperforming, strengthening",Leads both,69.2052,Neutral,56.0413,55.3249,Bullish crossover,Neutral,8.8708,0.8496,full,100.0,Positive accelerating,72.67,Strong Bullish,Bullish majority,Bearish divergence,Strong Bullish - bearish divergence vs price over 21 bars,Above Upper,Strong,Bullish,Yes,Yes,Inside,64.52,High,Stable,1.23,Partial,"High volatility, stable",Normal vol,High,Rising,Confirmed Up,0.1077,Accumulation,76.491,Neutral,2 - Advancing,late,84.0,157.0,3 - Topping,15.0,HOLD / TIGHTEN STOP,70.0,2.0,Momentum divergence,"2 - Advancing, trend 99 long but momentum diverging - trend tiring, tighten stop","2 - Advancing, trend 97 long but momentum diverging - trend tiring, tighten stop","2 - Advancing, trend 98 long but momentum diverging - trend tiring, tighten stop"
2026-08-05,1585.0,1604.0,1560.199951171875,1589.4000244140625,338126,1366.1509,1123.9716,No,98.03,Strong Bull,Uptrend,Hold,Uptrend (HH+HL),Bullish,99.31,Strong Bull,Bullish confirmed,"Strong Bull - all 4 components agree, strong ADX",100.0,"Outperforming, strengthening",Leads both,70.0847,Neutral,59.5621,56.1724,bullish accelerating,Neutral,8.6546,0.8129,full,100.0,Positive accelerating,75.99,Strong Bullish,Bullish confirmed,None,Strong Bullish - all 4 components agree incl. MACD acceleration,Above Upper,Strong,Bullish,Yes,Yes,Inside,62.1,High,Stable,0.71,No,"High volatility, stable",Normal vol,Normal,Rising,Weak Up,0.0489,Neutral,76.9556,Neutral,2 - Advancing,late,84.0,158.0,3 - Topping,15.0,ENTER SMALL,80.0,3.0,Volume,"2 - Advancing, trend 99 long confirmed but participation is thin - reduce size, breakouts without volume fail more often","2 - Advancing, trend 98 long but momentum diverging - trend tiring, tighten stop","2 - Advancing, trend 98 long but momentum diverging - trend tiring, tighten stop"
2026-08-06,1580.0,1619.9000244140625,1561.199951171875,1584.4000244140625,240048,1374.7097,1128.553,No,96.96,Strong Bull,Uptrend,Hold,Uptrend (HH+HL),Bullish,98.94,Strong Bull,Bullish confirmed,"Strong Bull - all 4 components agree, extreme ADX",100.0,"Outperforming, strengthening",Leads both,69.1269,Neutral,61.2429,57.1865,bullish accelerating,Overbought,10.3727,1.0442,full,100.0,Positive accelerating,77.51,Strong Bullish,Bullish confirmed,Bearish divergence,Strong Bullish - bearish divergence vs price over 21 bars,At Upper,Extreme,Bullish,Yes,Yes,Inside,57.34,Normal,Stable,-1.67,No,"Normal volatility, stable",Normal vol,Normal,Falling,Weak Down,-0.0372,Neutral,79.9728,Neutral,2 - Advancing,late,84.0,159.0,3 - Topping,15.0,HOLD / TIGHTEN STOP,70.0,2.0,Momentum divergence,"2 - Advancing, trend 99 long but momentum diverging - trend tiring, tighten stop","2 - Advancing, trend 98 long but momentum diverging - trend tiring, tighten stop","2 - Advancing, trend 96 long but momentum diverging - trend tiring, tighten stop"
2026-08-07,1580.0,1612.0,1580.0,1591.5999755859375,165681,1383.2152,1133.1604,No,96.69,Strong Bull,Uptrend,Hold,Uptrend (HH+HL),Bullish,98.84,Strong Bull,Bullish confirmed,"Strong Bull - all 4 components agree, extreme ADX",100.0,"Outperforming, strengthening",Leads both,69.7677,Neutral,62.4363,58.2364,bullish accelerating,Overbought,11.4956,1.1914,full,100.0,Positive accelerating,77.95,Strong Bullish,Bullish confirmed,Bearish divergence,Strong Bullish - bearish divergence vs price over 21 bars,At Upper,Extreme,Bullish,Yes,Yes,Inside,55.2,Normal,Stable,-1.94,No,"Normal volatility, stable",Normal vol,Dry-up,Falling,Weak Up,-0.0332,Neutral,81.5841,Overbought,2 - Advancing,late,84.0,160.0,3 - Topping,15.0,HOLD / TIGHTEN STOP,70.0,2.0,Momentum divergence,"2 - Advancing, trend 99 long but momentum diverging - trend tiring, tighten stop","2 - Advancing, trend 99 long but momentum diverging - trend tiring, tighten stop","2 - Advancing, trend 95 long but momentum diverging - trend tiring, tighten stop"
2026-08-10,1591.5999755859375,1624.699951171875,1585.0999755859375,1597.5,131284,1391.6185,1137.7807,No,96.38,Strong Bull,Uptrend,Hold,Uptrend (HH+HL),Bullish,98.73,Strong Bull,Bullish confirmed,"Strong Bull - all 4 components agree, extreme ADX",100.0,"Outperforming, strengthening",Leads both,70.3114,Neutral,63.1304,59.2152,bullish fading,Overbought,7.9319,0.6882,full,100.0,Positive accelerating,77.85,Strong Bullish,Bullish confirmed,Bearish divergence,"Strong Bullish but overbought on RSI and Stochastic - stretched, bearish divergence",Upper Half,Extreme,Bullish,Yes,No,Inside,53.09,Normal,Stable,-4.21,No,"Normal volatility, stable",Vol contracting,Dry-up,Falling,Weak Up,-0.0246,Neutral,83.2127,Overbought,2 - Advancing,late,84.0,161.0,3 - Topping,15.0,NO NEW ENTRY,70.0,2.0,Momentum stretched,"2 - Advancing, trend 99 long but momentum overextended - hold existing, do not add","2 - Advancing, trend 98 long but momentum diverging - trend tiring, tighten stop","2 - Advancing, trend 97 long but momentum diverging - trend tiring, tighten stop"
2026-08-11,1597.5,1645.0,1596.0,1634.199951171875,214948,1401.1315,1142.7202,No,97.79,Strong Bull,Uptrend,Hold,Uptrend (HH+HL),Bullish,99.23,Strong Bull,Bullish confirmed,"Strong Bull - all 4 components agree, extreme ADX",100.0,"Outperforming, strengthening",Leads both,73.5037,Overbought,65.8824,60.5487,bullish accelerating,Overbought,11.5723,1.1876,full,100.0,Positive accelerating,80.34,Strong Bullish,Bullish confirmed,Bearish divergence,"Strong Bullish but overbought on RSI and Stochastic - stretched, bearish divergence",At Upper,Extreme,Bullish,Yes,No,Breakout Up,51.78,Normal,Stable,-2.58,No,"Normal volatility, stable",Vol contracting,Normal,Falling,Weak Up,0.004,Neutral,83.3474,Overbought,2 - Advancing,late,84.0,162.0,3 - Topping,15.0,NO NEW ENTRY,70.0,2.0,Momentum stretched,"2 - Advancing, trend 99 long but momentum overextended - hold existing, do not add","2 - Advancing, trend 99 long but momentum diverging - trend tiring, tighten stop","2 - Advancing, trend 97 long but momentum diverging - trend tiring, tighten stop"
2026-08-12,1642.300048828125,1644.5999755859375,1606.0,1612.699951171875,106754,1409.4283,1147.3966,No,95.83,Strong Bull,Uptrend,Hold,Uptrend (HH+HL),Bullish,98.54,Strong Bull,Bullish confirmed,"Strong Bull - all 4 components agree, extreme ADX",100.0,"Outperforming, strengthening",Leads both,68.8342,Neutral,65.5726,61.5534,bullish fading,Overbought,8.1841,0.7077,full,100.0,Positive fading,77.89,Strong Bullish,Bullish confirmed,None,Strong Bullish - all 4 components agree incl. MACD acceleration,Upper Half,Extreme,Bullish,Yes,No,Inside,51.43,Normal,Stable,-0.67,No,"Normal volatility, stable",Vol contracting,Dry-up,Falling,Weak Down,-0.0221,Neutral,84.8699,Overbought,2 - Advancing,late,84.0,163.0,3 - Topping,15.0,ENTER SMALL,80.0,3.0,Volume,"2 - Advancing, trend 99 long confirmed but participation is thin - reduce size, breakouts without volume fail more often","2 - Advancing, trend 99 long confirmed but participation is thin - reduce size, breakouts without volume fail more often","2 - Advancing, trend 98 long but momentum diverging - trend tiring, tighten stop"
2026-08-13,1628.800048828125,1636.0,1572.199951171875,1580.0999755859375,218158,1416.1213,1151.7021,No,93.52,Strong Bull,Uptrend,Hold,Uptrend (HH+HL),Bullish,97.73,Strong Bull,Bullish confirmed,"Strong Bull - all 4 components agree, extreme ADX",100.0,"Outperforming, strengthening",Leads both,62.3647,Neutral,61.982,61.6392,bullish fading,Overbought,5.9901,0.3945,full,100.0,Positive fading,72.28,Strong Bullish,Bullish majority,Bearish divergence,Strong Bullish - bearish divergence vs price over 21 bars,Upper Half,Extreme,Bullish,Yes,Yes,Inside,53.73,Normal,Stable,0.91,No,"Normal volatility, stable",Normal vol,Normal,Falling,Weak Down,-0.0621,Distribution,84.1812,Overbought,2 - Advancing,late,84.0,164.0,3 - Topping,15.0,HOLD / TIGHTEN STOP,70.0,2.0,Momentum divergence,"2 - Advancing, trend 98 long but momentum diverging - trend tiring, tighten stop","2 - Advancing, trend 99 long but momentum diverging - trend tiring, tighten stop","2 - Advancing, trend 98 long but momentum diverging - trend tiring, tighten stop"
2026-08-14,1588.0,1658.0,1582.5,1625.0999755859375,262059,1424.3166,1156.4125,No,95.85,Strong Bull,Uptrend,Hold,Uptrend (HH+HL),Bullish,98.55,Strong Bull,Bullish confirmed,"Strong Bull - all 4 components agree, extreme ADX",100.0,"Outperforming, strengthening",Leads both,66.9783,Neutral,62.0523,61.7218,bullish fading,Overbought,5.5534,0.3283,full,100.0,Positive accelerating,73.19,Strong Bullish,Bullish majority,Bearish divergence,Strong Bullish - bearish divergence vs price over 21 bars,Upper Half,Extreme,Bullish,Yes,No,Inside,54.96,Normal,Stable,-4.44,No,"Normal volatility, stable",Vol contracting,Normal,Falling,Weak Up,-0.0553,Distribution,84.3287,Overbought,2 - Advancing,late,84.0,165.0,3 - Topping,15.0,HOLD / TIGHTEN STOP,70.0,2.0,Momentum divergence,"2 - Advancing, trend 99 long but momentum diverging - trend tiring, tighten stop","2 - Advancing, trend 99 long but momentum diverging - trend tiring, tighten stop","2 - Advancing, trend 99 long but momentum diverging - trend tiring, tighten stop"
2026-08-17,1633.0,1647.9000244140625,1600.0,1605.699951171875,95815,1431.4297,1160.8831,No,94.28,Strong Bull,Uptrend,Hold,Uptrend (HH+HL),Bullish,98.0,Strong Bull,Bullish confirmed,"Strong Bull - all 4 components agree, extreme ADX",100.0,"Outperforming, strengthening",Leads both,63.3716,Neutral,59.8527,61.348,Bearish crossover,Neutral,6.373,0.4384,full,100.0,Positive fading,70.12,Strong Bullish,Bullish majority,Bearish divergence,Strong Bullish - bearish divergence vs price over 21 bars,Upper Half,Extreme,Bullish,Yes,No,Inside,54.56,Normal,Stable,-10.87,No,"Normal volatility, stable",Vol contracting,Dry-up,Falling,Weak Down,-0.0579,Distribution,85.1074,Overbought,2 - Advancing,late,84.0,166.0,3 - Topping,15.0,HOLD / TIGHTEN STOP,70.0,2.0,Momentum divergence,"2 - Advancing, trend 98 long but momentum diverging - trend tiring, tighten stop","2 - Advancing, trend 99 long but momentum overextended - hold existing, do not add","2 - Advancing, trend 98 long but momentum diverging - trend tiring, tighten stop"
2026-08-18,1606.0,1692.0,1604.300048828125,1633.5999755859375,308349,1439.3579,1165.5867,No,95.53,Strong Bull,Uptrend,Hold,Uptrend (HH+HL),Bullish,98.44,Strong Bull,Bullish confirmed,"Strong Bull - all 4 components agree, extreme ADX",100.0,"Outperforming, strengthening",Leads both,66.1912,Neutral,59.6729,61.0129,bullish fading,Neutral,3.5038,0.0299,full,100.0,Positive accelerating,71.2,Strong Bullish,Bullish majority,None,Strong Bullish - price momentum agrees but MACD shows deceleration,Upper Half,Extreme,Bullish,Yes,No,Inside,57.34,Normal,Stable,-7.18,No,"Normal volatility, stable",Vol contracting,Normal,Falling,Weak Up,-0.0691,Distribution,85.2054,Overbought,2 - Advancing,late,84.0,167.0,3 - Topping,15.0,ENTER SMALL,80.0,3.0,Volume,"2 - Advancing, trend 98 long confirmed but participation is thin - reduce size, breakouts without volume fail more often","2 - Advancing, trend 99 long but momentum overextended - hold existing, do not add","2 - Advancing, trend 99 long but momentum diverging - trend tiring, tighten stop"
2026-08-19,1633.699951171875,1648.4000244140625,1620.300048828125,1640.0999755859375,128283,1447.2301,1170.3082,No,95.41,Strong Bull,Uptrend,Hold,Uptrend (HH+HL),Bullish,98.39,Strong Bull,Bullish confirmed,"Strong Bull - all 4 components agree, extreme ADX",100.0,"Outperforming, strengthening",Leads both,66.8319,Neutral,59.3705,60.6845,bullish fading,Neutral,3.1899,-0.0181,full,100.0,Positive accelerating,70.99,Strong Bullish,Bullish majority,None,Strong Bullish - price momentum agrees but MACD shows deceleration,Upper Half,Extreme,Bullish,Yes,No,Inside,53.06,Normal,Stable,-9.05,No,"Normal volatility, stable",Vol contracting,Dry-up,Falling,Weak Up,-0.06,Distribution,82.3682,Overbought,2 - Advancing,late,84.0,168.0,3 - Topping,15.0,ENTER SMALL,80.0,3.0,Volume,"2 - Advancing, trend 98 long confirmed but participation is thin - reduce size, breakouts without volume fail more often","2 - Advancing, trend 99 long confirmed but participation is thin - reduce size, breakouts without volume fail more often","2 - Advancing, trend 99 long confirmed but participation is thin - reduce size, breakouts without volume fail more often"
2026-08-20,1640.0,1645.300048828125,1618.5,1634.4000244140625,107437,1454.5701,1174.9261,No,94.65,Strong Bull,Uptrend,Hold,Uptrend (HH+HL),Bullish,98.13,Strong Bull,Bullish confirmed,"Strong Bull - all 4 components agree, extreme ADX",100.0,"Outperforming, strengthening",Leads both,65.657,Neutral,58.0023,60.148,bullish accelerating,Neutral,3.1558,-0.025,full,100.0,Positive fading,69.83,Bullish,Bullish majority,None,Bullish - price momentum agrees but MACD shows deceleration,Upper Half,Extreme,Bullish,Yes,No,Inside,49.32,Normal,Stable,-8.02,No,"Normal volatility, stable",Vol contracting,Dry-up,Falling,Weak Down,-0.0571,Distribution,69.2937,Neutral,2 - Advancing,late,84.0,169.0,3 - Topping,15.0,ENTER SMALL,80.0,3.0,Volume,"2 - Advancing, trend 98 long confirmed but participation is thin - reduce size, breakouts without volume fail more often","2 - Advancing, trend 98 long but momentum diverging - trend tiring, tighten stop","2 - Advancing, trend 99 long but momentum diverging - trend tiring, tighten stop"
2026-08-21,1634.800048828125,1641.300048828125,1584.199951171875,1626.5999755859375,331186,1461.3164,1179.4203,No,93.89,Strong Bull,Uptrend,Hold,Uptrend (HH+HL),Bullish,97.86,Strong Bull,Bullish confirmed,"Strong Bull - all 4 components agree, extreme ADX",100.0,"Outperforming, strengthening",Leads both,63.999,Neutral,55.6471,59.2478,bullish accelerating,Neutral,2.199,-0.1621,full,100.0,Positive fading,67.73,Bullish,Bullish majority,None,Bullish - price momentum agrees but MACD shows deceleration,Upper Half,Extreme,Bullish,No,No,Inside,48.05,Normal,Stable,-7.14,No,"Normal volatility, stable",Vol contracting,Normal,Falling,Weak Down,-0.0423,Neutral,72.9848,Neutral,2 - Advancing,late,84.0,170.0,3 - Topping,15.0,ENTER SMALL,79.66,3.0,Volume,"2 - Advancing, trend 98 long confirmed but participation is thin - reduce size, breakouts without volume fail more often","2 - Advancing, trend 99 long but momentum diverging - trend tiring, tighten stop","2 - Advancing, trend 99 long but momentum diverging - trend tiring, tighten stop"
