Date,Open,High,Low,Close,Volume,EMA_50,EMA_200,Below_EMA_200,EMA_score,EMA_trend,ST_state,ST_signal,MS_structure,MS_bias,Trend_score,Trend_band,Trend_agreement,Trend_description,RS_score,RS_state,RS_agreement,RSI_14,RSI_state,MACD,MACD_signal,MACD_state,Stoch_state,ROC_10,ROC_10_z,ROC_10_z_basis,ROC_score,ROC_state,Momentum_score,Momentum_band,Momentum_agreement,Momentum_divergence,Momentum_description,BB_state,ADX_regime,ADX_direction,ADX_rising,ATR_rising,DC_state,Volatility_score,Volatility_band,Volatility_trend,Volatility_change,Volatility_squeeze,Volatility_description,ATR_note,Vol_state,Vol_trend,Vol_price_confirm,CMF,CMF_state,MFI,MFI_state,Stage_name,Stage_substage,Stage_confidence,Stage_days,Prev_stage_name,Prev_stage_days,Final_decision,Final_score,Final_conviction,Final_blocker,Final_description,Final_description_5d_ago,Final_description_10d_ago
2025-05-06,328.0,333.0,299.1000061035156,302.29998779296875,15001040,,,,,,,,,,,,,,,,,,,,,,,,,,,,,,,,,,,,,,,,,,,,,,,,,,,,,,,,,,,,,,,,,
2025-05-07,289.8999938964844,329.75,288.1499938964844,309.95001220703125,9677723,,,,,,,,,,,,,,,,,,,,,,,,,,,,,,,,,,,,,,,,,,,,,,,,,,,,,,,,,,,,,,,,,
2025-05-08,310.0,324.0,301.75,303.8999938964844,3680805,,,,,,,,,,,,,,,,,,,,,,,,,,,,,,,,,,,,,,,,,,,,,,,,,,,,,,,,,,,,,,,,,
2025-05-09,297.8500061035156,309.0,295.6499938964844,300.20001220703125,1481489,,,,,,,,,,,,,,,,,,,,,,,,,,,,,,,,,,,,,,,,,,,,,,,,,,,,,,,,,,,,,,,,,
2025-05-12,311.1499938964844,317.75,307.0,309.54998779296875,2114486,,,,,,,,,,,,,,,,,,,,,,,,,,,,,,,,,,,,,,,,,,,,,,,,,,,,,,,,,,,,,,,,,
2025-05-13,309.5,310.45001220703125,300.0,302.6499938964844,1245145,,,,,,,,,,,,,,,,,,,,,,,,,,,,,,,,,,,,,,,,,,,,,,,,,,,,,,,,,,,,,,,,,
2025-05-14,305.0,306.8999938964844,298.20001220703125,304.04998779296875,1200643,,,,,,,,,,,,,,,,,,,,,,,,,,,,,,,,,,,,,,,,,,,,,,,,,,,,,,,,,,,,,,,,,
2025-05-15,302.1000061035156,315.0,302.1000061035156,303.8500061035156,1669047,,,,,,,,,,,,,,,,,,,,,,,,,,,,,,,,,,,,,,,,,,,,,,,,,,,,,,,,,,,,,,,,,
2025-05-16,304.20001220703125,320.0,303.3999938964844,315.1000061035156,2641516,,,,,,,,,,,,,,,,,,,,,,,,,,,,,,,,,,,,,,,,,,,,,,,,,,,,,,,,,,,,,,,,,
2025-05-19,317.0,329.25,309.0,313.8999938964844,2791081,,,,,,,,,,,,,,,,,,,,,,,,,,,,,,,,,,,,,,,,,,,,,,,,,,,,,,,,,,,,,,,,,
2025-05-20,317.95001220703125,321.5,313.3500061035156,320.8999938964844,1804768,,,,,,Uptrend,Hold,,,,,,,,,,,,,,,,6.1528,,,,,,,,,,,,,,,,,,,,,,,,,,,,,,,,,,,,,,,,,,
2025-05-21,319.0,343.0,312.0,314.0,6427620,,,,,,Uptrend,Hold,,,,,,,,,,,,,,,,1.3067,,,,,,,,,,,,,,,,,,,,,,,,,,,,,,,,,,,,,,,,,,
2025-05-22,316.0,321.54998779296875,310.3500061035156,313.1499938964844,1143855,,,,,,Uptrend,Hold,,,,,,,,,,,,,,,,3.0438,,,,,,,,,,,,,,,,,,,,,,,,,,,,,,,,,,,,,,,,,,
2025-05-23,315.0,321.0,312.1499938964844,318.8500061035156,969352,,,,,,Uptrend,Hold,,,,,,,,,,,,,,,,6.2125,,,,,,,,,,,,,,,,,,,,,,,,,,,,,,,,,,,,,,,,,,
2025-05-26,318.79998779296875,326.04998779296875,316.0,319.3999938964844,1456769,,,,83.53,Strong Bull,Uptrend,Hold,,,,,,,,,,81.2312,Overbought,,,,,3.182,,,,,,,,,,,,,,,,,,,,,,,,,,,,62.1164,Neutral,,,,,,,,,,,,,
2025-05-27,317.0,323.5,314.0,321.70001220703125,1117126,,,,84.16,Strong Bull,Uptrend,Hold,,,,,,,,,,81.8002,Overbought,,,,,6.2944,,,,,,,,,,,,,,,,,,,,,,,,,,,,79.6163,Neutral,,,,,,,,,,,,,
2025-05-28,320.04998779296875,322.6499938964844,313.29998779296875,315.45001220703125,837145,,,,79.03,Bull,Uptrend,Hold,,,,,,,,,,75.1345,Overbought,,,,Neutral,3.7494,,,,,,,,,,,,,,,,,,,,,,,,,,,,74.3828,Neutral,,,,,,,,,,,,,
2025-05-29,315.45001220703125,318.29998779296875,312.0,313.75,519933,,,,77.94,Bull,Uptrend,Hold,,,,,,,,,,73.3829,Overbought,,,,Neutral,3.2582,,,,,,,,,,,,,,,,,,,,,,,,,,,,76.9526,Neutral,,,,,,,,,,,,,
2025-05-30,314.70001220703125,316.3999938964844,310.6000061035156,313.0,500622,,,,66.87,Bull,Uptrend,Hold,,,,,,,,,,72.579,Overbought,,,,Neutral,-0.6665,,,,,,,,,,,,,,,,,,,,,,,,,,,,73.4122,Neutral,,,,,,,,,,,,,
2025-06-02,313.0,319.8999938964844,301.0,318.1000061035156,948805,,,,64.39,Bull,Uptrend,Hold,,,,,,,,,,74.6155,Overbought,,,,Neutral,1.338,,,,,,,,,,Upper Half,,,,,,,,,,,,,,,,,,74.2029,Neutral,,,,,,,,,,,,,
2025-06-03,315.04998779296875,320.1000061035156,314.04998779296875,314.6000061035156,367988,,,,46.04,Neutral,Uptrend,Hold,,,,,,,,,,70.7331,Overbought,,,,Neutral,-1.9632,,,,,,,,,,Upper Half,,,,,,,,,,,,,Dry-up,,Weak Down,-0.2365,Distribution,78.2753,Neutral,,,,,,,,,,,,,
2025-06-04,315.0,316.1499938964844,306.0,307.20001220703125,786276,,,,56.51,Neutral,Uptrend,Hold,,,,,,,,,,63.2409,Neutral,,,,Neutral,-2.1656,,,,,,,,,,Lower Half,,,,,Inside,,,,,,,,Dry-up,,Weak Down,-0.3305,Distribution,74.0211,Neutral,,,,,,,,,,,,,
2025-06-05,309.45001220703125,312.0,306.1499938964844,308.6499938964844,674193,,,,54.04,Neutral,Uptrend,Hold,,,,,,,,,,64.0445,Neutral,,,,Neutral,-1.437,,,,,,,,,,Lower Half,,,,,Inside,,,,,,,,Dry-up,,Weak Up,-0.2693,Distribution,68.329,Neutral,,,,,,,,,,,,,
2025-06-06,309.54998779296875,311.95001220703125,307.20001220703125,309.0,497230,,,,52.85,Neutral,Uptrend,Hold,,,,,,,,,,64.2477,Neutral,,,,Oversold,-3.0892,,,,,,,,,,Lower Half,,,,,Inside,,,,,,,,Dry-up,,Weak Up,-0.2664,Distribution,64.2958,Neutral,,,,,,,,,,,,,
2025-06-09,311.79998779296875,315.79998779296875,310.6000061035156,313.0,573621,,,,53.16,Neutral,Uptrend,Hold,,,,,,,,,,66.5726,Neutral,,,,Neutral,-2.0038,,,,,,,,,,Lower Half,,,,No,Inside,,,,,,,,Dry-up,,Weak Up,-0.2431,Distribution,61.6587,Neutral,,,,,,,,,,,,,
2025-06-10,314.45001220703125,326.25,314.1000061035156,319.54998779296875,1159695,,,,64.16,Bull,Uptrend,Hold,,,,,,,,,,70.0116,Overbought,,,,Neutral,-0.6683,,,,,,,,,,Upper Half,,,,No,Inside,,,,,,,,Normal,,Weak Up,-0.2263,Distribution,43.7366,Neutral,,,,,,,,,,,,,
2025-06-11,320.1499938964844,321.95001220703125,310.1000061035156,311.8999938964844,507550,,,,67.48,Bull,Uptrend,Hold,,,,,,,,,,61.9902,Neutral,1.3131,,,Neutral,-1.1254,,,,,,,,,,Lower Half,,,,No,Inside,,,,,,,,Dry-up,,Weak Down,-0.26,Distribution,46.2823,Neutral,,,,,,,,,,,,,
2025-06-12,314.70001220703125,315.20001220703125,310.54998779296875,313.79998779296875,274552,,,,74.55,Bull,Uptrend,Hold,,,65.27,Bull,Mixed,"Bull - components mixed, low conviction",,,,63.1203,Neutral,1.2731,,,Neutral,0.0159,,,,,,,,,,Lower Half,Trending,Bearish,,No,Inside,,,,,,,,Dry-up,,Weak Up,-0.223,Distribution,39.9254,Neutral,,,,,,,,,,,,,
2025-06-13,311.0,316.95001220703125,306.25,314.0,804276,,,,79.38,Bull,Uptrend,Hold,,,67.62,Bull,Mixed,"Bull - components mixed, low conviction",,,,63.2442,Neutral,1.2431,,,Neutral,0.3195,,,,,,,,,,Lower Half,Trending,Bearish,,No,Inside,,,,,,,,Normal,,Weak Up,-0.2698,Distribution,27.2739,Neutral,,,,,,,,,,,,,
2025-06-16,314.0,321.0,312.20001220703125,319.6000061035156,655597,,,,87.32,Strong Bull,Uptrend,Hold,,,71.7,Bull,Mixed,"Bull - components mixed, low conviction",,,,66.625,Neutral,1.6522,,,Neutral,0.4715,,,,,,,,,,Upper Half,Trending,Bearish,,No,Inside,,,,,,,,Normal,,Weak Up,-0.2102,Distribution,35.9723,Neutral,,,,,,,,,,,,,
2025-06-17,320.0,323.79998779296875,318.3500061035156,320.95001220703125,970236,,,,86.09,Strong Bull,Uptrend,Hold,Range,,67.59,Bull,Mixed,"Bull - components mixed, low conviction",,,,67.4034,Neutral,2.0616,,,Neutral,2.0184,,,,,,,,,,Upper Half,Trending,Bearish,,No,Inside,,,,,,,,Normal,,Weak Up,-0.2932,Distribution,46.1185,Neutral,,,,,,,,,,,,,
2025-06-18,321.45001220703125,331.1499938964844,318.20001220703125,323.70001220703125,1629711,,,,89.93,Strong Bull,Uptrend,Hold,Range,,70.06,Bull,Mixed,"Bull - components mixed, low conviction",,,,68.9899,Neutral,2.5782,,,Neutral,5.3711,,,,,,,,,,Upper Half,Trending,Bearish,,No,Inside,,,,,,,,Normal,,Confirmed Up,-0.0526,Distribution,57.1299,Neutral,,,,,,,,,,,,,
2025-06-19,323.70001220703125,324.75,315.5,319.20001220703125,586070,,,,88.82,Strong Bull,Uptrend,Hold,Range,,70.54,Bull,Mixed,"Range with bullish lean - ADX emerging, direction not confirmed",,,,63.5399,Neutral,2.5946,,,Neutral,3.4181,,,,,,,,,,Upper Half,Emerging,Bearish,No,No,Inside,,,,,,,,Normal,,Weak Down,-0.0257,Neutral,56.6009,Neutral,,,,,,,,,,,,,
2025-06-20,318.1000061035156,321.5,314.1499938964844,320.6499938964844,292109,,,,89.27,Strong Bull,Uptrend,Hold,Range,,71.43,Bull,Mixed,"Range with bullish lean - ADX emerging, direction not confirmed",,,,64.5127,Neutral,2.6935,,,Neutral,3.7702,,,,,,,,,,Upper Half,Emerging,Bearish,No,No,Inside,,,,,,,,Dry-up,,Weak Up,-0.0449,Neutral,60.3249,Neutral,,,,,,,,,,,,,
2025-06-23,316.0,320.6499938964844,314.3999938964844,317.75,271172,,,,87.83,Strong Bull,Uptrend,Hold,Range,,71.6,Bull,Mixed,"Range with bullish lean - ADX emerging, direction not confirmed",,,,61.0068,Neutral,2.509,,,Neutral,1.5176,,,,,,,,,,Upper Half,Emerging,Bearish,No,No,Inside,,,,,,,,Dry-up,,Weak Down,-0.0136,Neutral,57.1268,Neutral,,,,,,,,,,,,,
2025-06-24,319.0,322.1000061035156,315.75,320.04998779296875,396873,,,,87.35,Strong Bull,Uptrend,Hold,Range,,72.17,Bull,Mixed,"Range with bullish lean - ADX emerging, direction not confirmed",,,,62.7365,Neutral,2.5193,2.1105,bullish,Neutral,0.1565,,,,,,,,,,Upper Half,Emerging,Bearish,No,No,Inside,,,,,,,,Normal,,Weak Up,-0.0561,Distribution,63.6821,Neutral,,,,,,,,,,,,,
2025-06-25,320.45001220703125,344.45001220703125,320.45001220703125,340.8999938964844,3776138,,,,97.25,Strong Bull,Uptrend,Hold,Range,,82.7,Strong Bull,Bullish confirmed,"Range with bullish lean - ADX emerging, direction not confirmed",,,,73.9968,Overbought,4.162,2.5208,bullish accelerating,Neutral,9.2979,,,,,,,,,,Above Upper,Emerging,Bullish,No,No,Breakout Up,,,,,,,,High,,Confirmed Up,0.1462,Accumulation,78.459,Neutral,,,,,,,,,,,,,
2025-06-26,337.95001220703125,342.75,332.75,336.0,867691,,,,93.78,Strong Bull,Uptrend,Hold,Range,,81.73,Strong Bull,Bullish confirmed,"Range with bullish lean - ADX emerging, direction not confirmed",,,,68.7397,Neutral,5.0106,3.0188,bullish accelerating,Neutral,7.0746,,,,,,,,,,Above Upper,Emerging,Bullish,No,No,Inside,,,,,,,,Normal,,Confirmed Down,0.1388,Accumulation,79.1794,Neutral,,,,,,,,,,,,,
2025-06-27,336.0,341.95001220703125,331.3999938964844,332.6000061035156,595650,,,,91.51,Strong Bull,Uptrend,Hold,Range,,81.05,Strong Bull,Bullish confirmed,"Range with bullish lean - ADX emerging, direction not confirmed",,,,65.2743,Neutral,5.3472,3.4844,bullish fading,Neutral,5.9236,,,,,,,,,,Upper Half,Emerging,Bullish,No,No,Inside,,,,,,,,Normal,,Weak Down,0.1155,Accumulation,74.4878,Neutral,,,,,,,,,,,,,
2025-06-30,336.70001220703125,336.70001220703125,328.8500061035156,332.29998779296875,575980,,,,90.85,Strong Bull,Uptrend,Hold,Range,,80.71,Strong Bull,Bullish confirmed,"Range with bullish lean - ADX emerging, direction not confirmed",,,,64.9631,Neutral,5.526,3.8927,bullish fading,Neutral,3.9737,,,,,,,,,,Upper Half,Emerging,Bullish,No,No,Inside,,,,,,,,Normal,,Weak Down,0.0666,Accumulation,68.5364,Neutral,,,,,,,,,,,,,
2025-07-01,334.0,343.20001220703125,329.0,332.8999938964844,887758,,,,90.67,Strong Bull,Uptrend,Hold,Range,,80.89,Strong Bull,Bullish confirmed,"Range with bullish lean - ADX emerging, direction not confirmed",,,,65.3192,Neutral,5.651,4.2444,bullish fading,Neutral,3.7233,,,,,,,,,,Upper Half,Emerging,Bullish,Yes,No,Inside,,,,,,,,Normal,,Confirmed Up,0.0587,Accumulation,73.457,Neutral,,,,,,,,,,,,,
2025-07-02,334.54998779296875,344.0,332.20001220703125,336.8500061035156,657675,,,,91.86,Strong Bull,Uptrend,Hold,Uptrend (HH+HL),Bullish,91.57,Strong Bull,Bullish confirmed,"Range with bullish lean - ADX emerging, direction not confirmed",,,,67.6504,Neutral,5.9996,4.5954,bullish fading,Neutral,4.0624,,,,,,,,,,Upper Half,Emerging,Bullish,Yes,No,Inside,,,,,,,,Normal,,Weak Up,0.0868,Accumulation,76.3219,Neutral,,,,,,,,,,,,,
2025-07-03,336.79998779296875,338.70001220703125,323.6000061035156,327.1000061035156,569386,,,,87.34,Strong Bull,Uptrend,Hold,Uptrend (HH+HL),Bullish,89.52,Strong Bull,Bullish confirmed,"Range with bullish lean - ADX emerging, direction not confirmed",,,,57.3951,Neutral,5.4266,4.7617,bullish fading,Neutral,2.4749,,,,,,,,,,Upper Half,Emerging,Bullish,Yes,No,Inside,,,,,,,,Normal,,Weak Down,0.0748,Accumulation,77.4756,Neutral,,,,,,,,,,,,,
2025-07-04,330.0,333.8500061035156,326.1000061035156,328.25,375499,,,,85.84,Strong Bull,Uptrend,Hold,Uptrend (HH+HL),Bullish,88.57,Strong Bull,Bullish confirmed,"Range with bullish lean - ADX emerging, direction not confirmed",,,,58.2,Neutral,5.0076,4.8109,bullish fading,Neutral,2.3702,,,,,,,,,,Upper Half,Emerging,Bullish,No,No,Inside,,,,,,,,Dry-up,,Weak Up,0.0725,Accumulation,74.0066,Neutral,,,,,,,,,,,,,
2025-07-07,328.0,332.3500061035156,326.5,329.79998779296875,419981,,,,83.67,Strong Bull,Uptrend,Hold,Uptrend (HH+HL),Bullish,87.41,Strong Bull,Bullish confirmed,"Range with bullish lean - ADX emerging, direction not confirmed",,,,59.3156,Neutral,4.7458,4.7978,Bearish crossover,Neutral,3.7923,,,,,,,,,,Upper Half,Emerging,Bullish,No,No,Inside,,,,,,,,Normal,,Weak Up,0.0792,Accumulation,72.8651,Neutral,,,,,,,,,,,,,
2025-07-08,329.79998779296875,331.70001220703125,320.45001220703125,329.75,848218,,,,80.97,Strong Bull,Uptrend,Hold,Uptrend (HH+HL),Bullish,85.61,Strong Bull,Bullish confirmed,"Range with bullish lean - ADX no trend, direction not confirmed",,,,59.2607,Neutral,4.4827,4.7348,bullish accelerating,Neutral,3.0308,,,,,,,,,,Upper Half,No Trend,Bullish,No,Yes,Inside,,,,,,,,Normal,,Confirmed Down,0.123,Accumulation,63.4966,Neutral,,,,,,,,,,,,,
2025-07-09,330.0,330.45001220703125,318.6000061035156,328.54998779296875,846999,,,,75.52,Bull,Uptrend,Hold,Uptrend (HH+HL),Bullish,79.81,Strong Bull,Bullish majority,"Range with bullish lean - ADX no trend, direction not confirmed",,,,57.875,Neutral,4.1297,4.6138,bullish accelerating,Neutral,-3.6228,,,,,,,,,,Upper Half,No Trend,Bearish,No,Yes,Inside,,,,,,,,Normal,,Confirmed Down,0.1774,Accumulation,62.0083,Neutral,,,,,,,,,,,,,
2025-07-10,331.3999938964844,337.45001220703125,328.3500061035156,330.8999938964844,704159,,,,79.2,Bull,Uptrend,Hold,Uptrend (HH+HL),Bullish,83.97,Strong Bull,Bullish confirmed,"Range with bullish lean - ADX no trend, direction not confirmed",,,,59.8547,Neutral,3.9936,4.4898,bullish accelerating,Neutral,-1.5179,,,,,,,,,,Upper Half,No Trend,Bullish,No,No,Inside,,,,,,,,Normal,,Weak Up,0.1478,Accumulation,65.7489,Neutral,,,,,,,,,,,,,
2025-07-11,329.25,333.95001220703125,325.54998779296875,332.3999938964844,1076711,,,,82.04,Strong Bull,Uptrend,Hold,Uptrend (HH+HL),Bullish,84.4,Strong Bull,Bullish confirmed,"Range with bullish lean - ADX no trend, direction not confirmed",,,,61.111,Neutral,3.9611,4.384,bullish fading,Neutral,-0.0601,,,,,,,,,,Upper Half,No Trend,Bullish,No,No,Inside,,,,,,,,Normal,,Confirmed Up,0.1642,Accumulation,61.5136,Neutral,,,,,,,,,,,,,
2025-07-14,335.0,354.8999938964844,330.1000061035156,344.0,2192694,,,,93.67,Strong Bull,Uptrend,Hold,Uptrend (HH+HL),Bullish,89.08,Strong Bull,Bullish confirmed,"Range with bullish lean - ADX no trend, direction not confirmed",,,,69.1508,Neutral,4.8158,4.4704,Bullish crossover,Neutral,3.5209,,,,,,,,,,Above Upper,No Trend,Bullish,No,Yes,Near Upper,,,,,,,,High,,Confirmed Up,0.1407,Accumulation,66.5123,Neutral,,,,,,,,,,,,,
2025-07-15,346.8500061035156,349.0,342.0,343.25,515489,319.9443,,,94.1,Strong Bull,Uptrend,Hold,Uptrend (HH+HL),Bullish,89.79,Strong Bull,Bullish confirmed,"Range with bullish lean - ADX no trend, direction not confirmed",,,,68.1695,Neutral,5.3708,4.6505,bullish accelerating,Neutral,3.109,,,,,,,,,,Upper Half,No Trend,Bullish,No,No,Inside,,,,,,,,Normal,Falling,Weak Down,0.1284,Accumulation,56.7328,Neutral,,,,,,,,,,,,,
2025-07-16,344.70001220703125,348.3999938964844,338.54998779296875,339.8500061035156,315915,320.7249,,,92.05,Strong Bull,Uptrend,Hold,Uptrend (HH+HL),Bullish,89.32,Strong Bull,Bullish confirmed,"Range with bullish lean - ADX no trend, direction not confirmed",,,,63.7528,Neutral,5.4732,4.815,bullish fading,Neutral,0.8906,,,,,,,,,,Upper Half,No Trend,Bullish,Yes,No,Inside,,,,,,,,Dry-up,Falling,Weak Down,0.1392,Accumulation,51.4276,Neutral,,,,,,,,,,,,,
2025-07-17,349.70001220703125,357.45001220703125,343.8500061035156,351.29998779296875,1541204,321.9239,,,95.95,Strong Bull,Uptrend,Hold,Uptrend (HH+HL),Bullish,91.32,Strong Bull,Bullish confirmed,"Range with bullish lean - ADX no trend, direction not confirmed",,,,70.6494,Overbought,6.4044,5.1329,bullish accelerating,Neutral,7.3983,,,,,,,,,,Above Upper,No Trend,Bullish,Yes,No,Inside,,,,,,,,Normal,Falling,Confirmed Up,0.1467,Accumulation,60.8366,Neutral,,,,,,,,,,,,,
2025-07-18,351.29998779296875,352.3500061035156,340.3999938964844,341.29998779296875,415916,322.6837,,,91.38,Strong Bull,Uptrend,Hold,Uptrend (HH+HL),Bullish,90.03,Strong Bull,Bullish confirmed,"Range with bullish lean - ADX emerging, direction not confirmed",,,,59.9255,Neutral,6.2633,5.359,bullish fading,Neutral,3.9756,,,,,,,,,,Upper Half,Emerging,Bullish,Yes,Yes,Inside,,,,,,,,Dry-up,Falling,Weak Down,0.1133,Accumulation,61.6016,Neutral,,,,,,,,,,,,,
2025-07-21,342.0,343.1000061035156,332.54998779296875,336.8999938964844,359260,323.2412,,,89.29,Strong Bull,Uptrend,Hold,Uptrend (HH+HL),Bullish,89.01,Strong Bull,Bullish confirmed,"Range with bullish lean - ADX no trend, direction not confirmed",,,,55.9045,Neutral,5.7303,5.4332,bullish fading,Neutral,2.1528,,,,,,,,,,Upper Half,No Trend,Bullish,Yes,Yes,Inside,,,,,,,,Dry-up,Falling,Weak Down,0.1081,Accumulation,56.4386,Neutral,,,,,,,,,,,,,
2025-07-22,337.75,341.3999938964844,334.6499938964844,337.0,232344,323.7808,,,89.29,Strong Bull,Uptrend,Hold,Uptrend (HH+HL),Bullish,88.75,Strong Bull,Bullish confirmed,"Range with bullish lean - ADX no trend, direction not confirmed",,,,55.9768,Neutral,5.2555,5.3977,Bearish crossover,Neutral,2.1986,,,,,,,,,,Upper Half,No Trend,Bullish,Yes,Yes,Inside,,,,,,,,Dry-up,Falling,Weak Up,0.0972,Accumulation,54.6588,Neutral,,,,,,,,,,,,,
2025-07-23,337.0,338.75,333.1499938964844,335.45001220703125,159185,324.2384,,,84.81,Strong Bull,Uptrend,Hold,Uptrend (HH+HL),Bullish,86.82,Strong Bull,Bullish confirmed,"Range with bullish lean - ADX no trend, direction not confirmed",,,,54.4856,Neutral,4.6999,5.2581,bullish accelerating,Neutral,2.1001,,,,,,,,,,Upper Half,No Trend,Bullish,Yes,No,Inside,,,,,,,,Dry-up,Falling,Weak Down,-0.0677,Distribution,56.8305,Neutral,,,,,,,,,,,,,
2025-07-24,337.70001220703125,337.70001220703125,329.5,330.6000061035156,188949,324.4879,,,70.68,Bull,Uptrend,Hold,Uptrend (HH+HL),Bullish,78.86,Strong Bull,Bullish confirmed,"Range with bullish lean - ADX no trend, direction not confirmed",,,,49.9974,Neutral,3.8241,4.9713,bullish accelerating,Neutral,-0.0907,,,,,,,,,,Lower Half,No Trend,Bullish,No,No,Inside,,,,,,,,Dry-up,Falling,Weak Down,-0.0589,Distribution,57.872,Neutral,,,,,,,,,,,,,
2025-07-25,333.0,342.04998779296875,330.0,334.29998779296875,976743,324.8727,,,70.28,Bull,Uptrend,Hold,Uptrend (HH+HL),Bullish,80.86,Strong Bull,Bullish confirmed,"Range with bullish lean - ADX no trend, direction not confirmed",,,,53.1669,Neutral,3.3896,4.655,bullish accelerating,Neutral,0.5716,,,,,,,,,,Lower Half,No Trend,Bullish,No,Yes,Inside,,,,,,,,Normal,Falling,Confirmed Up,-0.0442,Neutral,60.1438,Neutral,,,,,,,,,,,,,
2025-07-28,334.45001220703125,341.0,329.20001220703125,338.8999938964844,492737,325.4228,,,74.91,Bull,Uptrend,Hold,Uptrend (HH+HL),Bullish,82.16,Strong Bull,Bullish confirmed,"Range with bullish lean - ADX no trend, direction not confirmed",,,,56.8305,Neutral,3.3774,4.3995,bullish fading,Neutral,-1.4826,,,,,,,,,,Upper Half,No Trend,Bullish,No,No,Inside,,,,,,,,Normal,Falling,Weak Up,-0.0164,Neutral,67.0029,Neutral,,,,,,,,,,,,,
2025-07-29,338.8999938964844,347.3999938964844,336.3500061035156,344.75,465160,326.1807,,,82.5,Strong Bull,Uptrend,Hold,Uptrend (HH+HL),Bullish,84.91,Strong Bull,Bullish confirmed,"Range with bullish lean - ADX no trend, direction not confirmed",,,,61.008,Neutral,3.7961,4.2788,bullish fading,Neutral,0.437,,,,,,,,,,Upper Half,No Trend,Bullish,No,No,Inside,,,,,,,,Normal,Falling,Weak Up,0.0312,Neutral,74.2435,Neutral,,,,,,,,,,,,,
2025-07-30,353.79998779296875,358.25,336.54998779296875,345.79998779296875,2829538,326.9501,,,88.18,Strong Bull,Uptrend,Hold,Uptrend (HH+HL),Bullish,87.53,Strong Bull,Bullish confirmed,"Range with bullish lean - ADX no trend, direction not confirmed",,,,61.724,Neutral,4.1646,4.256,bullish fading,Neutral,1.7508,,,,,,,,,,Upper Half,No Trend,Bullish,No,Yes,Inside,,,,,,,,High,Falling,Confirmed Up,0.0089,Neutral,79.023,Neutral,,,,,,,,,,,,,
2025-07-31,344.25,351.70001220703125,337.3999938964844,350.3500061035156,826869,327.8677,,,93.81,Strong Bull,Uptrend,Hold,Uptrend (HH+HL),Bullish,90.08,Strong Bull,Bullish confirmed,"Range with bullish lean - ADX no trend, direction not confirmed",,,,64.7449,Neutral,4.7689,4.3585,Bullish crossover,Neutral,-0.2704,,,,,,,,,,Upper Half,No Trend,Bullish,Yes,Yes,Inside,,,,,,,,Normal,Falling,Confirmed Up,0.0706,Accumulation,80.4103,Overbought,,,,,,,,,,,,,
2025-08-01,352.0,355.20001220703125,345.3500061035156,347.29998779296875,814570,328.6298,,,91.95,Strong Bull,Uptrend,Hold,Uptrend (HH+HL),Bullish,90.14,Strong Bull,Bullish confirmed,"Range with bullish lean - ADX emerging, direction not confirmed",85.31,"Outperforming, strengthening",Leads both,61.2549,Neutral,4.9446,4.4758,bullish accelerating,Neutral,1.758,,,79.77,Positive,68.92,Bullish,Bullish confirmed,,"Bullish - return-based components agree, MACD unavailable",Upper Half,Emerging,Bullish,Yes,No,Inside,,,,,,,,Normal,Rising,Confirmed Down,0.0487,Neutral,77.7867,Neutral,,,,,,,,,,,,,
2025-08-04,353.54998779296875,414.6499938964844,349.3500061035156,395.9500122070313,7920817,331.2698,,,100.0,Strong Bull,Uptrend,Hold,Uptrend (HH+HL),Bullish,94.98,Strong Bull,Bullish confirmed,"Range with bullish lean - ADX emerging, direction not confirmed",100.0,"Outperforming, strengthening",Leads both,79.8826,Overbought,8.9069,5.362,bullish accelerating,Neutral,17.5275,,,100.0,Positive accelerating,85.33,Strong Bullish,Bullish confirmed,,"Strong Bullish - return-based components agree, MACD unavailable",Above Upper,Emerging,Bullish,Yes,Yes,Breakout Up,,,,,,,,High,Rising,Confirmed Up,0.1737,Accumulation,87.837,Overbought,,,,,,,,,,,,,
2025-08-05,400.9500122070313,410.0,380.75,391.75,5442351,333.6416,,,100.0,Strong Bull,Uptrend,Hold,Uptrend (HH+HL),Bullish,96.86,Strong Bull,Bullish confirmed,"Strong Bull - all 4 components agree, trending ADX",100.0,"Outperforming, strengthening",Leads both,76.4647,Overbought,11.5747,6.6045,bullish accelerating,Neutral,16.2463,,,100.0,Positive accelerating,83.98,Strong Bullish,Bullish confirmed,,"Strong Bullish - return-based components agree, MACD unavailable",Above Upper,Trending,Bullish,Yes,Yes,Inside,,,,,,,,High,Rising,Confirmed Down,0.0783,Accumulation,92.0672,Overbought,,,,,,,,,,,,,
2025-08-06,393.0,393.8999938964844,380.0,385.4500122070313,1196611,335.6733,,,98.3,Strong Bull,Uptrend,Hold,Uptrend (HH+HL),Bullish,97.96,Strong Bull,Bullish confirmed,"Strong Bull - all 4 components agree, trending ADX",100.0,"Outperforming, strengthening",Leads both,71.5215,Overbought,13.0303,7.8897,bullish accelerating,Neutral,14.9054,,,100.0,Positive fading,82.19,Strong Bullish,Bullish confirmed,,"Strong Bullish - return-based components agree, MACD unavailable",At Upper,Trending,Bullish,Yes,Yes,Inside,,,,,,,,Normal,Rising,Weak Down,0.0482,Neutral,86.4445,Overbought,,,,,,,,,,,,,
2025-08-07,385.8999938964844,400.75,382.3500061035156,398.0499877929688,2059119,338.1194,,,99.29,Strong Bull,Uptrend,Hold,Uptrend (HH+HL),Bullish,99.75,Strong Bull,Bullish confirmed,"Strong Bull - all 4 components agree, trending ADX",100.0,"Outperforming, strengthening",Leads both,75.0022,Overbought,15.0275,9.3172,bullish accelerating,Neutral,20.4023,,,100.0,Positive accelerating,83.71,Strong Bullish,Bullish confirmed,,"Strong Bullish - return-based components agree, MACD unavailable",Above Upper,Trending,Bullish,Yes,Yes,Inside,,,,,,,,Normal,Rising,Confirmed Up,0.1048,Accumulation,89.0419,Overbought,,,,,,,,,,,,,
2025-08-08,401.0,433.5499877929688,398.0499877929688,426.3500061035156,7331171,341.5794,,,100.0,Strong Bull,Uptrend,Hold,Uptrend (HH+HL),Bullish,100.0,Strong Bull,Bullish confirmed,"Strong Bull - all 4 components agree, trending ADX",100.0,"Outperforming, strengthening",Leads both,80.7061,Overbought,18.6785,11.1895,bullish accelerating,Neutral,27.5352,,,100.0,Positive accelerating,87.06,Strong Bullish,Bullish confirmed,,"Strong Bullish - return-based components agree, MACD unavailable",Above Upper,Trending,Bullish,Yes,Yes,Breakout Up,,,,,,,,High,Rising,Confirmed Up,0.1882,Accumulation,92.7627,Overbought,,,,,,,,,,,,,
2025-08-11,427.0499877929688,427.9500122070313,414.0499877929688,421.5,1655257,344.7136,,,99.89,Strong Bull,Uptrend,Hold,Uptrend (HH+HL),Bullish,99.96,Strong Bull,Bullish confirmed,"Strong Bull - all 4 components agree, trending ADX",100.0,"Outperforming, strengthening",Leads both,77.4447,Overbought,20.9392,13.1394,bullish accelerating,Overbought,24.373,,,100.0,Positive fading,86.96,Strong Bullish,Bullish confirmed,,Strong Bullish but overbought on RSI and Stochastic - stretched,Above Upper,Trending,Bullish,Yes,Yes,Inside,,,,,,,,Normal,Rising,Weak Down,0.1869,Accumulation,93.1188,Overbought,,,,,,,,,,,,,
2025-08-12,420.0499877929688,420.0499877929688,398.2000122070313,401.1000061035156,988861,346.9248,,,96.28,Strong Bull,Uptrend,Hold,Uptrend (HH+HL),Bullish,98.7,Strong Bull,Bullish confirmed,"Strong Bull - all 4 components agree, trending ADX",100.0,"Outperforming, strengthening",Leads both,65.4619,Neutral,20.8444,14.6804,bullish fading,Overbought,16.3452,,,100.0,Positive fading,81.54,Strong Bullish,Bullish confirmed,,"Strong Bullish - return-based components agree, MACD unavailable",Upper Half,Trending,Bullish,Yes,Yes,Inside,,,,,,,,Normal,Rising,Weak Down,0.1735,Accumulation,90.6077,Overbought,,,,,,,,,,,,,
2025-08-13,405.0,421.0,404.0499877929688,412.2999877929688,2155564,349.4885,,,97.43,Strong Bull,Uptrend,Hold,Uptrend (HH+HL),Bullish,99.1,Strong Bull,Bullish confirmed,"Strong Bull - all 4 components agree, strong ADX",100.0,"Outperforming, strengthening",Leads both,68.3567,Neutral,21.4261,16.0295,bullish fading,Neutral,19.2308,,,100.0,Positive fading,81.98,Strong Bullish,Bullish confirmed,,"Strong Bullish - return-based components agree, MACD unavailable",Upper Half,Strong,Bullish,Yes,Yes,Inside,,,,,,,,Normal,Rising,Confirmed Up,0.1698,Accumulation,91.6293,Overbought,,,,,,,,,,,,,
2025-08-14,415.75,426.0,412.7999877929688,416.4500122070313,716306,352.1145,,,97.44,Strong Bull,Uptrend,Hold,Uptrend (HH+HL),Bullish,99.1,Strong Bull,Bullish confirmed,"Strong Bull - all 4 components agree, strong ADX",100.0,"Outperforming, strengthening",Leads both,69.3808,Neutral,21.9687,17.2174,bullish fading,Neutral,18.8668,2.0943,thin,100.0,Positive accelerating,82.13,Strong Bullish,Bullish confirmed,,"Strong Bullish - return-based components agree, MACD unavailable",Upper Half,Strong,Bullish,Yes,Yes,Inside,,,,,,,,Dry-up,Rising,Weak Up,0.161,Accumulation,91.6122,Overbought,,,,,,,,,,,,,
2025-08-18,426.75,426.75,412.0,414.3500061035156,513787,354.5551,,,96.67,Strong Bull,Uptrend,Hold,Uptrend (HH+HL),Bullish,98.83,Strong Bull,Bullish confirmed,"Strong Bull - all 4 components agree, strong ADX",100.0,"Outperforming, strengthening",Leads both,68.1784,Neutral,21.9759,18.1691,bullish fading,Overbought,19.3061,2.0665,thin,100.0,Positive fading,82.26,Strong Bullish,Bullish confirmed,,"Strong Bullish - return-based components agree, MACD unavailable",Upper Half,Strong,Bullish,Yes,Yes,Inside,,,,,,,,Dry-up,Rising,Weak Down,0.1606,Accumulation,90.0834,Overbought,,,,,,,,,,,,,
2025-08-19,417.2000122070313,450.0,412.0499877929688,435.9500122070313,2735287,357.747,,,98.96,Strong Bull,Uptrend,Hold,Uptrend (HH+HL),Bullish,99.64,Strong Bull,Bullish confirmed,"Strong Bull - all 4 components agree, strong ADX",100.0,"Outperforming, strengthening",Leads both,73.3033,Overbought,23.4542,19.2261,bullish accelerating,Overbought,10.1023,0.7538,thin,100.0,Positive accelerating,84.73,Strong Bullish,Bullish confirmed,,Strong Bullish but overbought on RSI and Stochastic - stretched,Upper Half,Strong,Bullish,Yes,Yes,Breakout Up,,,,,,,,Normal,Rising,Confirmed Up,0.1705,Accumulation,90.7698,Overbought,,,,,,,,,,,,,
2025-08-20,436.0499877929688,436.0499877929688,412.8500061035156,416.6499938964844,1578507,360.057,,,95.29,Strong Bull,Uptrend,Hold,Uptrend (HH+HL),Bullish,98.35,Strong Bull,Bullish confirmed,"Strong Bull - all 4 components agree, strong ADX",100.0,"Outperforming, strengthening",Leads both,63.4676,Neutral,22.8055,19.942,bullish fading,Neutral,6.3561,0.2197,thin,100.0,Positive fading,80.09,Strong Bullish,Bullish confirmed,,"Strong Bullish - return-based components agree, MACD unavailable",Upper Half,Strong,Bullish,Yes,Yes,Inside,,,,,,,,Normal,Rising,Weak Down,0.1408,Accumulation,85.9692,Overbought,,,,,,,,,,,,,
2025-08-21,420.75,424.7000122070313,407.7000122070313,416.1000061035156,1152936,362.2547,,,94.62,Strong Bull,Uptrend,Hold,Uptrend (HH+HL),Bullish,98.12,Strong Bull,Bullish confirmed,"Strong Bull - all 4 components agree, strong ADX",100.0,"Outperforming, strengthening",Leads both,63.2073,Neutral,21.9936,20.3523,bullish fading,Neutral,7.9517,0.4441,thin,100.0,Positive fading,79.32,Strong Bullish,Bullish confirmed,,"Strong Bullish - return-based components agree, MACD unavailable",Upper Half,Strong,Bullish,Yes,Yes,Inside,,,,,,,Wide stop - size down,Normal,Rising,Weak Down,0.1378,Accumulation,84.8364,Overbought,,,,,,,,,,,,,
2025-08-22,417.7999877929688,431.3999938964844,414.5,417.25,1188579,364.4114,,,94.46,Strong Bull,Uptrend,Hold,Uptrend (HH+HL),Bullish,98.06,Strong Bull,Bullish confirmed,"Strong Bull - all 4 components agree, strong ADX",100.0,"Outperforming, strengthening",Leads both,63.544,Neutral,21.1985,20.5215,bullish fading,Neutral,4.8235,-0.0064,thin,100.0,Positive accelerating,78.37,Strong Bullish,Bullish confirmed,,"Strong Bullish - return-based components agree, MACD unavailable",Upper Half,Strong,Bullish,Yes,Yes,Inside,,,,,,,Wide stop - size down,Normal,Rising,Weak Up,0.1192,Accumulation,85.0564,Overbought,,,,,,,,,,,,,
2025-08-25,425.0,430.7999877929688,415.1499938964844,417.7000122070313,1224907,366.5012,,,94.14,Strong Bull,Uptrend,Hold,Uptrend (HH+HL),Bullish,97.95,Strong Bull,Bullish confirmed,"Strong Bull - all 4 components agree, strong ADX",100.0,"Outperforming, strengthening",Leads both,63.684,Neutral,20.3699,20.4912,Bearish crossover,Neutral,-2.0288,-0.9864,thin,100.0,Positive fading,77.55,Strong Bullish,Bullish confirmed,,"Strong Bullish - return-based components agree, MACD unavailable",Upper Half,Strong,Bullish,Yes,Yes,Inside,,,,,,,Wide stop - size down,Normal,Rising,Weak Up,0.1059,Accumulation,81.9725,Overbought,,,,,,,,,,,,,
2025-08-26,417.9500122070313,451.0,413.2999877929688,431.5,4280682,369.0501,,,97.06,Strong Bull,Uptrend,Hold,Uptrend (HH+HL),Bullish,98.97,Strong Bull,Bullish confirmed,"Strong Bull - all 4 components agree, strong ADX",100.0,"Outperforming, strengthening",Leads both,67.7721,Neutral,20.5894,20.5109,Bullish crossover,Neutral,2.3725,-0.3449,thin,100.0,Positive accelerating,79.45,Strong Bullish,Bullish confirmed,,"Strong Bullish - return-based components agree, MACD unavailable",Upper Half,Strong,Bullish,Yes,Yes,Inside,,,,,,,Wide stop - size down,Normal,Rising,Confirmed Up,0.0875,Accumulation,81.5292,Overbought,,,,,,,,,,,,,
2025-08-28,434.8500061035156,438.6000061035156,426.3999938964844,430.2000122070313,1179714,371.4482,,,95.93,Strong Bull,Uptrend,Hold,Uptrend (HH+HL),Bullish,98.58,Strong Bull,Bullish confirmed,"Strong Bull - all 4 components agree, extreme ADX",100.0,"Outperforming, strengthening",Leads both,67.0069,Neutral,20.4231,20.4933,Bearish crossover,Neutral,7.2551,0.3654,thin,100.0,Positive accelerating,79.26,Strong Bullish,Bullish confirmed,,"Strong Bullish - return-based components agree, MACD unavailable",Upper Half,Extreme,Bullish,Yes,Yes,Inside,,,,,,,Wide stop - size down,Dry-up,Rising,Weak Down,0.0718,Accumulation,81.213,Overbought,,,,,,,,,,,,,
2025-08-29,430.0,459.0,421.6000061035156,450.1499938964844,3123592,374.5345,,,98.51,Strong Bull,Uptrend,Hold,Uptrend (HH+HL),Bullish,99.48,Strong Bull,Bullish confirmed,"Strong Bull - all 4 components agree, extreme ADX",100.0,"Outperforming, strengthening",Leads both,72.1955,Overbought,21.6515,20.7249,Bullish crossover,Neutral,9.1802,0.642,thin,100.0,Positive accelerating,83.02,Strong Bullish,Bullish confirmed,,"Strong Bullish - return-based components agree, MACD unavailable",Upper Half,Extreme,Bullish,Yes,Yes,Near Upper,,,,,,,Wide stop - size down,Normal,Rising,Confirmed Up,0.1142,Accumulation,82.0656,Overbought,,,,,,,,,,,,,
2025-09-01,465.0499877929688,512.7999877929688,445.2999877929688,486.7999877929688,20738470,378.9371,,,100.0,Strong Bull,Uptrend,Hold,Uptrend (HH+HL),Bullish,100.0,Strong Bull,Bullish confirmed,"Strong Bull - all 4 components agree, extreme ADX",100.0,"Outperforming, strengthening",Leads both,78.7934,Overbought,25.2908,21.6381,bullish accelerating,Neutral,16.8928,1.7306,thin,100.0,Positive accelerating,85.92,Strong Bullish,Bullish confirmed,,"Strong Bullish - return-based components agree, MACD unavailable",Above Upper,Extreme,Bullish,Yes,Yes,Breakout Up,90.21,Very High,,,No,"Very High volatility, stable",Extreme vol - reduce size,High,Rising,Confirmed Up,0.141,Accumulation,88.3987,Overbought,,,,,,,,,,,,,
2025-09-02,491.8999938964844,500.0,481.1000061035156,496.7000122070313,5731260,383.5552,,,100.0,Strong Bull,Uptrend,Hold,Uptrend (HH+HL),Bullish,100.0,Strong Bull,Bullish confirmed,"Strong Bull - all 4 components agree, extreme ADX",100.0,"Outperforming, strengthening",Leads both,80.1628,Overbought,28.6436,23.0392,bullish accelerating,Overbought,19.8745,2.084,thin,100.0,Positive accelerating,87.33,Strong Bullish,Bullish confirmed,,Strong Bullish but overbought on RSI and Stochastic - stretched,Above Upper,Extreme,Bullish,Yes,Yes,Inside,90.69,Very High,,,No,"Very High volatility, stable",Extreme vol - reduce size,Normal,Rising,Confirmed Up,0.1894,Accumulation,89.535,Overbought,,,,,,,,,,,,,
2025-09-03,499.1000061035156,510.3500061035156,491.8999938964844,500.6000061035156,4527758,388.1452,,,100.0,Strong Bull,Uptrend,Hold,Uptrend (HH+HL),Bullish,100.0,Strong Bull,Bullish confirmed,"Strong Bull - all 4 components agree, extreme ADX",100.0,"Outperforming, strengthening",Leads both,80.6917,Overbought,31.2552,24.6824,bullish accelerating,Overbought,14.8297,1.3418,thin,100.0,Positive accelerating,87.72,Strong Bullish,Bullish confirmed,None,Strong Bullish but overbought on RSI and Stochastic - stretched,Above Upper,Extreme,Bullish,Yes,Yes,Inside,89.85,Very High,,,No,"Very High volatility, stable",Wide stop - size down,Normal,Rising,Confirmed Up,0.1462,Accumulation,92.0686,Overbought,,,,,,,,,,,,,
2025-09-04,504.8999938964844,507.2999877929688,485.0,487.0499877929688,1972024,392.0238,,,97.88,Strong Bull,Uptrend,Hold,Uptrend (HH+HL),Bullish,99.26,Strong Bull,Bullish confirmed,"Strong Bull - all 4 components agree, extreme ADX",100.0,"Outperforming, strengthening",Leads both,73.3717,Overbought,31.8642,26.1188,bullish fading,Overbought,16.8967,1.5949,thin,100.0,Positive fading,84.69,Strong Bullish,Bullish confirmed,Bearish divergence,"Strong Bullish but overbought on RSI and Stochastic - stretched, bearish divergence",Upper Half,Extreme,Bullish,Yes,Yes,Inside,88.82,Very High,,,No,"Very High volatility, stable",Wide stop - size down,Normal,Rising,Weak Down,0.15,Accumulation,87.9858,Overbought,,,,,,,,,,,,,
2025-09-05,489.8999938964844,508.7999877929688,488.3500061035156,499.3500061035156,2637989,396.2327,,,98.58,Strong Bull,Uptrend,Hold,Uptrend (HH+HL),Bullish,99.5,Strong Bull,Bullish confirmed,"Strong Bull - all 4 components agree, extreme ADX",100.0,"Outperforming, strengthening",Leads both,75.5408,Overbought,32.9594,27.4869,bullish fading,Overbought,20.0072,1.9637,thin,100.0,Positive accelerating,85.63,Strong Bullish,Bullish confirmed,None,Strong Bullish but overbought on RSI and Stochastic - stretched,Upper Half,Extreme,Bullish,Yes,Yes,Inside,86.48,Very High,,,No,"Very High volatility, stable",Wide stop - size down,Normal,Rising,Weak Up,0.1535,Accumulation,88.4806,Overbought,,,,,,,,,,,,,
2025-09-08,501.5,549.6500244140625,492.7000122070313,520.25,9863869,401.0961,,,99.98,Strong Bull,Uptrend,Hold,Uptrend (HH+HL),Bullish,99.99,Strong Bull,Bullish confirmed,"Strong Bull - all 4 components agree, extreme ADX",100.0,"Outperforming, strengthening",Leads both,78.7137,Overbought,35.1091,29.0113,bullish accelerating,Overbought,24.6854,2.4808,thin,100.0,Positive accelerating,86.39,Strong Bullish,Bullish confirmed,None,Strong Bullish but overbought on RSI and Stochastic - stretched,At Upper,Extreme,Bullish,Yes,Yes,Breakout Up,90.78,Very High,,,No,"Very High volatility, stable",Extreme vol - reduce size,High,Rising,Confirmed Up,0.114,Accumulation,91.122,Overbought,,,,,,,,,,,,,
2025-09-09,525.4000244140625,603.0,522.0,573.25,6958106,407.8473,,,100.0,Strong Bull,Uptrend,Hold,Uptrend (HH+HL),Bullish,100.0,Strong Bull,Bullish confirmed,"Strong Bull - all 4 components agree, extreme ADX",100.0,"Outperforming, strengthening",Leads both,84.2821,Overbought,40.6212,31.3333,bullish accelerating,Overbought,37.2396,3.7247,thin,100.0,Positive accelerating,89.11,Strong Bullish,Bullish confirmed,None,Strong Bullish but overbought on RSI and Stochastic - stretched,Above Upper,Extreme,Bullish,Yes,Yes,Breakout Up,98.21,Very High,,,No,"Very High volatility, stable",Extreme vol - reduce size,Normal,Rising,Confirmed Up,0.0811,Accumulation,91.8782,Overbought,,,,,,,,,,,,,
2025-09-10,576.1500244140625,578.7999877929688,522.0499877929688,541.5499877929688,9281402,413.0905,,,99.07,Strong Bull,Uptrend,Hold,Uptrend (HH+HL),Bullish,99.67,Strong Bull,Bullish confirmed,"Strong Bull - all 4 components agree, extreme ADX",100.0,"Outperforming, strengthening",Leads both,72.1285,Overbought,41.948,33.4562,bullish fading,Neutral,25.5041,2.2234,thin,100.0,Positive fading,83.26,Strong Bullish,Bullish confirmed,Bearish divergence,Strong Bullish - bearish divergence vs price over 21 bars,Upper Half,Extreme,Bullish,Yes,Yes,Inside,100.0,Very High,,,No,"Very High volatility, stable",Extreme vol - reduce size,High,Rising,Confirmed Down,0.037,Neutral,80.8442,Overbought,,,,,,,,,,,,,
2025-09-11,545.0999755859375,554.7999877929688,529.2000122070312,541.9500122070312,3790172,418.1438,,,98.25,Strong Bull,Uptrend,Hold,Uptrend (HH+HL),Bullish,99.39,Strong Bull,Bullish confirmed,"Strong Bull - all 4 components agree, extreme ADX",100.0,"Outperforming, strengthening",Leads both,72.183,Overbought,42.5415,35.2733,bullish fading,Neutral,25.9763,2.1947,thin,100.0,Positive fading,82.67,Strong Bullish,Bullish confirmed,Bearish divergence,Strong Bullish - bearish divergence vs price over 21 bars,Upper Half,Extreme,Bullish,Yes,Yes,Inside,99.19,Very High,,,No,"Very High volatility, stable",Extreme vol - reduce size,Normal,Rising,Weak Up,0.0441,Neutral,77.5245,Neutral,,,,,,,,,,,,,
2025-09-12,544.9500122070312,551.75,537.5499877929688,542.5499877929688,2298895,423.0225,,,97.62,Strong Bull,Uptrend,Hold,Uptrend (HH+HL),Bullish,99.17,Strong Bull,Bullish confirmed,"Strong Bull - all 4 components agree, extreme ADX",100.0,"Outperforming, strengthening",Leads both,72.2706,Overbought,42.5695,36.7325,bullish fading,Neutral,20.5265,1.5386,thin,100.0,Positive accelerating,81.81,Strong Bullish,Bullish confirmed,None,"Strong Bullish - return-based components agree, MACD unavailable",Upper Half,Extreme,Bullish,Yes,Yes,Inside,97.45,Very High,,,No,"Very High volatility, stable",Extreme vol - reduce size,Normal,Rising,Weak Up,0.0368,Neutral,77.9557,Neutral,,,,,,,,,,,,,
2025-09-15,546.0499877929688,560.75,542.7999877929688,546.9500122070312,2906042,427.8824,,,97.49,Strong Bull,Uptrend,Hold,Uptrend (HH+HL),Bullish,99.12,Strong Bull,Bullish confirmed,"Strong Bull - all 4 components agree, extreme ADX",100.0,"Outperforming, strengthening",Leads both,72.9436,Overbought,42.4573,37.8775,bullish fading,Neutral,12.3562,0.6074,thin,100.0,Positive fading,82.19,Strong Bullish,Bullish confirmed,None,"Strong Bullish - return-based components agree, MACD unavailable",Upper Half,Extreme,Bullish,Yes,Yes,Inside,95.62,Very High,Stable,5.41,No,"Very High volatility, stable",Extreme vol - reduce size,Normal,Rising,Weak Up,0.0217,Neutral,78.5499,Neutral,,,,,,,,,,,,,
2025-09-16,550.0,559.5,548.5,556.2999877929688,1799189,432.9184,,,97.85,Strong Bull,Uptrend,Hold,Uptrend (HH+HL),Bullish,99.25,Strong Bull,Bullish confirmed,"Strong Bull - all 4 components agree, extreme ADX",100.0,"Outperforming, strengthening",Leads both,74.3671,Overbought,42.6314,38.8283,bullish fading,Neutral,11.9992,0.5623,thin,100.0,Positive accelerating,83.1,Strong Bullish,Bullish confirmed,None,"Strong Bullish - return-based components agree, MACD unavailable",Upper Half,Extreme,Bullish,Yes,Yes,Inside,92.43,Very High,Stable,1.74,No,"Very High volatility, stable",Wide stop - size down,Dry-up,Rising,Weak Up,0.0338,Neutral,78.0858,Neutral,,,,,,,,,,,,,
2025-09-17,561.8499755859375,587.0,559.9500122070312,570.0,4337300,438.2941,,,98.52,Strong Bull,Uptrend,Hold,Uptrend (HH+HL),Bullish,99.48,Strong Bull,Bullish confirmed,"Strong Bull - all 4 components agree, extreme ADX",100.0,"Outperforming, strengthening",Leads both,76.332,Overbought,43.3749,39.7376,bullish fading,Neutral,13.8634,0.7681,thin,100.0,Positive accelerating,84.61,Strong Bullish,Bullish confirmed,None,"Strong Bullish - return-based components agree, MACD unavailable",Upper Half,Extreme,Bullish,Yes,Yes,Inside,92.17,Very High,Stable,2.33,No,"Very High volatility, stable",Wide stop - size down,Normal,Rising,Weak Up,0.013,Neutral,80.3661,Overbought,,,,,,,,,,,,,
2025-09-18,573.0,573.0,557.0,562.5,1245500,443.165,,,97.09,Strong Bull,Uptrend,Hold,Uptrend (HH+HL),Bullish,98.98,Strong Bull,Bullish confirmed,"Strong Bull - all 4 components agree, extreme ADX",100.0,"Outperforming, strengthening",Leads both,73.0315,Overbought,42.8648,40.363,bullish fading,Neutral,15.4912,0.944,thin,100.0,Positive accelerating,83.5,Strong Bullish,Bullish confirmed,Bearish divergence,Strong Bullish - bearish divergence vs price over 21 bars,Upper Half,Extreme,Bullish,Yes,Yes,Inside,88.41,Very High,Stable,-0.41,No,"Very High volatility, stable",Wide stop - size down,Dry-up,Rising,Weak Down,0.0205,Neutral,78.3058,Neutral,,,,,,,,,,,,,
2025-09-19,560.0,589.0,557.0999755859375,584.5,2683018,448.7075,,,98.65,Strong Bull,Uptrend,Hold,Uptrend (HH+HL),Bullish,99.53,Strong Bull,Bullish confirmed,"Strong Bull - all 4 components agree, extreme ADX",100.0,"Outperforming, strengthening",Leads both,76.2725,Overbought,43.7316,41.0368,bullish accelerating,Overbought,17.0522,1.1084,thin,100.0,Positive accelerating,85.36,Strong Bullish,Bullish confirmed,None,Strong Bullish but overbought on RSI and Stochastic - stretched,Upper Half,Extreme,Bullish,Yes,Yes,Inside,85.59,Very High,Stable,-0.89,No,"Very High volatility, stable",Wide stop - size down,Normal,Rising,Weak Up,0.0413,Neutral,72.6141,Neutral,,,,,,,,,,,,,
2025-09-22,583.5999755859375,614.4000244140625,580.3499755859375,591.5499877929688,3437632,454.3092,,,98.5,Strong Bull,Uptrend,Hold,Uptrend (HH+HL),Bullish,99.48,Strong Bull,Bullish confirmed,"Strong Bull - all 4 components agree, extreme ADX",100.0,"Outperforming, strengthening",Leads both,77.2174,Overbought,44.4748,41.7244,bullish accelerating,Overbought,13.7049,0.7191,thin,100.0,Positive accelerating,77.34,Strong Bullish,Bullish confirmed,Bearish divergence,"Strong Bullish but overbought on RSI and Stochastic - stretched, bearish divergence",Upper Half,Extreme,Bullish,Yes,No,Inside,84.22,Very High,Stable,-6.56,No,"Very High volatility, stable",Wide stop - size down,Normal,Rising,Weak Up,0.0363,Neutral,71.937,Neutral,,,,,,,,,,,,,
2025-09-23,593.9000244140625,594.4500122070312,566.0,572.5999755859375,1909319,458.948,,,96.09,Strong Bull,Uptrend,Hold,Uptrend (HH+HL),Bullish,98.63,Strong Bull,Bullish confirmed,"Strong Bull - all 4 components agree, extreme ADX",100.0,"Outperforming, strengthening",Leads both,69.2362,Neutral,43.0386,41.9872,bullish fading,Neutral,-0.1134,-0.8583,thin,100.0,Positive fading,70.96,Strong Bullish,Bullish majority,Bearish divergence,Strong Bullish - bearish divergence vs price over 21 bars,Upper Half,Extreme,Bullish,Yes,No,Inside,85.72,Very High,Stable,-12.49,No,"Very High volatility, stable",Wide stop - size down,Dry-up,Rising,Weak Down,0.034,Neutral,67.2067,Neutral,,,,,,,,,,,,,
2025-09-24,572.5999755859375,592.0,568.5,581.8499755859375,1874021,463.7677,,,96.68,Strong Bull,Uptrend,Hold,Uptrend (HH+HL),Bullish,98.84,Strong Bull,Bullish confirmed,"Strong Bull - all 4 components agree, extreme ADX",100.0,"Outperforming, strengthening",Leads both,70.8216,Overbought,42.1607,42.0219,bullish fading,Neutral,7.4416,0.0099,thin,100.0,Positive fading,69.23,Bullish,Bullish majority,Bearish divergence,Bullish - bearish divergence vs price over 21 bars,Upper Half,Extreme,Bullish,Yes,No,Inside,80.45,Very High,Stable,-19.55,No,"Very High volatility, stable",Wide stop - size down,Dry-up,Rising,Weak Up,0.0392,Neutral,70.5365,Neutral,,,,,,,,,,,,,
2025-09-25,581.5,581.5,534.5,557.2000122070312,3574883,467.4317,,,92.4,Strong Bull,Uptrend,Hold,Uptrend (HH+HL),Bullish,97.34,Strong Bull,Bullish confirmed,"Strong Bull - all 4 components agree, extreme ADX",100.0,"Outperforming, strengthening",Leads both,61.697,Neutral,39.0261,41.4228,Bearish crossover,Neutral,2.8139,-0.5213,thin,100.0,Positive fading,61.62,Bullish,Bullish majority,Bearish divergence,Bullish - bearish divergence vs price over 21 bars,Upper Half,Extreme,Bullish,No,No,Inside,81.13,Very High,Stable,-18.06,No,"Very High volatility, stable",Extreme vol - reduce size,Normal,Rising,Weak Down,0.0417,Neutral,64.7536,Neutral,,,,,,,,,,,,,
2025-09-26,552.0499877929688,565.75,537.4500122070312,539.9000244140625,2318093,470.2736,,,89.18,Strong Bull,Uptrend,Hold,Uptrend (HH+HL),Bullish,95.82,Strong Bull,Bullish confirmed,"Strong Bull - all 4 components agree, extreme ADX",100.0,"Outperforming, strengthening",Leads both,56.2222,Neutral,34.7454,40.0873,bullish accelerating,Neutral,-0.4884,-0.8957,thin,100.0,Positive fading,55.96,Neutral,Mixed,Bearish divergence,Neutral - bearish divergence vs price over 21 bars,Lower Half,Extreme,Bullish,No,No,Inside,79.84,High,Stable,-17.61,No,"High volatility, stable",Extreme vol - reduce size,Dry-up,Rising,Weak Down,0.0041,Neutral,55.0579,Neutral,,,,,,,,,,,,,
2025-09-29,545.9000244140625,587.9500122070312,542.5,580.5,3903208,474.5962,,,94.7,Strong Bull,Uptrend,Hold,Uptrend (HH+HL),Bullish,98.14,Strong Bull,Bullish confirmed,"Strong Bull - all 4 components agree, extreme ADX",100.0,"Outperforming, strengthening",Leads both,64.2417,Neutral,34.2344,38.9167,bullish fading,Neutral,6.134,-0.1256,thin,100.0,Positive accelerating,58.55,Bullish,Mixed,Bearish divergence,Bullish - bearish divergence vs price over 21 bars,Upper Half,Extreme,Bullish,No,No,Inside,78.73,High,Stable,-16.89,No,"High volatility, stable",Extreme vol - reduce size,Normal,Rising,Confirmed Up,-0.0228,Neutral,52.0325,Neutral,,,,,,,,,,,,,
2025-09-30,579.75,580.4500122070312,556.5,565.5,1627211,478.1611,,,88.78,Strong Bull,Uptrend,Hold,Uptrend (HH+HL),Bullish,96.07,Strong Bull,Bullish confirmed,"Strong Bull - all 4 components agree, extreme ADX",100.0,"Outperforming, strengthening",Leads both,59.8775,Neutral,32.2473,37.5828,bullish accelerating,Neutral,1.6538,-0.644,thin,100.0,Positive fading,56.64,Neutral,Mixed,Bearish divergence,Neutral - bearish divergence vs price over 21 bars,Upper Half,Extreme,Bullish,No,Yes,Inside,73.08,High,Stable,-19.35,No,"High volatility, stable",Extreme vol - reduce size,Dry-up,Rising,Weak Down,-0.0807,Distribution,62.1963,Neutral,,,,,,,,,,,,,
2025-10-01,568.0,598.7999877929688,565.4500122070312,587.2000122070312,2936283,482.4371,,,93.21,Strong Bull,Uptrend,Hold,Uptrend (HH+HL),Bullish,97.62,Strong Bull,Bullish confirmed,"Strong Bull - all 4 components agree, extreme ADX",100.0,"Outperforming, strengthening",Leads both,63.7176,Neutral,32.054,36.4771,bullish fading,Neutral,3.0175,-0.4811,thin,100.0,Positive accelerating,60.49,Bullish,Bullish majority,Bearish divergence,Bullish - bearish divergence vs price over 21 bars,Upper Half,Extreme,Bullish,No,Yes,Inside,70.09,High,Contracting,-22.08,No,"High volatility, contracting - move losing energy",Wide stop - size down,Normal,Rising,Weak Up,-0.0664,Distribution,71.3901,Neutral,,,,,,,,,,,,,
2025-10-03,589.5,609.5,585.5499877929688,593.0,2593675,486.7729,,,97.1,Strong Bull,Uptrend,Hold,Uptrend (HH+HL),Bullish,98.98,Strong Bull,Bullish confirmed,"Strong Bull - all 4 components agree, extreme ADX",100.0,"Outperforming, strengthening",Leads both,64.6903,Neutral,32.0,35.5816,bullish fading,Neutral,5.4222,-0.1971,thin,100.0,Positive accelerating,62.1,Bullish,Bullish majority,Bearish divergence,Bullish - bearish divergence vs price over 21 bars,Upper Half,Extreme,Bullish,No,Yes,Inside,67.6,High,Contracting,-20.81,No,"High volatility, contracting - move losing energy",Wide stop - size down,Normal,Rising,Weak Up,-0.0571,Distribution,71.7879,Neutral,,,,,,,,,,,,,
2025-10-06,591.7999877929688,624.9000244140625,582.0,620.8499755859375,3979396,492.0308,,,99.05,Strong Bull,Uptrend,Hold,Uptrend (HH+HL),Bullish,99.67,Strong Bull,Bullish confirmed,"Strong Bull - all 4 components agree, extreme ADX",100.0,"Outperforming, strengthening",Leads both,68.9895,Neutral,33.8146,35.2282,bullish fading,Neutral,6.219,-0.1024,thin,100.0,Positive accelerating,68.3,Bullish,Bullish majority,Bearish divergence,Bullish - bearish divergence vs price over 21 bars,Above Upper,Extreme,Bullish,No,Yes,Breakout Up,67.21,High,Stable,-18.37,No,"High volatility, stable",Wide stop - size down,Normal,Rising,Confirmed Up,-0.0147,Neutral,72.8435,Neutral,,,,,,,,,,,,,
2025-10-07,621.0,639.9000244140625,615.5,630.0499877929688,3995656,497.4433,,,98.96,Strong Bull,Uptrend,Hold,Uptrend (HH+HL),Bullish,99.64,Strong Bull,Bullish confirmed,"Strong Bull - all 4 components agree, extreme ADX",100.0,"Outperforming, strengthening",Leads both,70.277,Overbought,35.5849,35.2996,Bullish crossover,Overbought,6.5083,-0.0676,thin,100.0,Positive accelerating,72.54,Strong Bullish,Bullish majority,Bearish divergence,"Strong Bullish but overbought on RSI and Stochastic - stretched, bearish divergence",Above Upper,Extreme,Bullish,No,Yes,Breakout Up,64.33,High,Stable,-19.89,No,"High volatility, stable",Wide stop - size down,Normal,Rising,Confirmed Up,0.0001,Neutral,74.5861,Neutral,,,,,,,,,,,,,
2025-10-08,630.0,679.0,624.0,639.1500244140625,8286039,503.0005,,,98.87,Strong Bull,Uptrend,Hold,Uptrend (HH+HL),Bullish,99.6,Strong Bull,Bullish confirmed,"Strong Bull - all 4 components agree, extreme ADX",100.0,"Outperforming, strengthening",Leads both,71.5358,Overbought,37.2923,35.6981,bullish accelerating,Overbought,11.6224,0.5399,thin,100.0,Positive accelerating,75.36,Strong Bullish,Bullish majority,Bearish divergence,"Strong Bullish but overbought on RSI and Stochastic - stretched, bearish divergence",Above Upper,Extreme,Bullish,No,Yes,Near Upper,69.37,High,Stable,-16.35,No,"High volatility, stable",Wide stop - size down,High,Falling,Confirmed Up,-0.0808,Distribution,77.3539,Neutral,,,,,,,,,,,,,
2025-10-09,640.0,644.8499755859375,621.3499755859375,624.0499877929688,2224905,507.7475,,,96.82,Strong Bull,Uptrend,Hold,Uptrend (HH+HL),Bullish,98.89,Strong Bull,Bullish confirmed,"Strong Bull - all 4 components agree, extreme ADX",100.0,"Outperforming, strengthening",Leads both,66.5028,Neutral,37.0004,35.9586,bullish fading,Neutral,7.2527,0.0158,thin,100.0,Positive fading,71.46,Strong Bullish,Bullish majority,Bearish divergence,Strong Bullish - bearish divergence vs price over 21 bars,Upper Half,Extreme,Bullish,No,Yes,Inside,71.01,High,Stable,-9.44,No,"High volatility, stable",Wide stop - size down,Normal,Falling,Weak Down,-0.0708,Distribution,75.3626,Neutral,,,,,,,,,,,,,
2025-10-10,625.75,625.75,592.0,594.8499755859375,2935522,511.1633,,,91.5,Strong Bull,Uptrend,Hold,Uptrend (HH+HL),Bullish,97.02,Strong Bull,Bullish confirmed,"Strong Bull - all 4 components agree, extreme ADX",100.0,"Outperforming, strengthening",Leads both,58.004,Neutral,34.0207,35.571,Bearish crossover,Neutral,6.757,-0.0437,thin,100.0,Positive fading,62.49,Bullish,Bullish majority,Bearish divergence,Bullish - bearish divergence vs price over 21 bars,Upper Half,Extreme,Bullish,No,Yes,Inside,71.96,High,Stable,-9.17,No,"High volatility, stable",Extreme vol - reduce size,Normal,Falling,Weak Down,-0.1116,Distribution,69.0895,Neutral,,,,,,,,,,,,,
2025-10-13,596.5499877929688,623.4000244140625,595.8499755859375,611.4500122070312,4112180,515.0961,,,94.3,Strong Bull,Uptrend,Hold,Uptrend (HH+HL),Bullish,98.0,Strong Bull,Bullish confirmed,"Strong Bull - all 4 components agree, extreme ADX",100.0,"Outperforming, strengthening",Leads both,61.0513,Neutral,32.6228,34.9814,bullish accelerating,Neutral,13.2525,0.7375,thin,100.0,Positive accelerating,61.58,Bullish,Bullish majority,Bearish divergence,Bullish - bearish divergence vs price over 21 bars,Upper Half,Extreme,Bullish,No,No,Inside,67.61,High,Stable,-12.23,No,"High volatility, stable",Wide stop - size down,Normal,Falling,Confirmed Up,-0.0889,Distribution,69.6029,Neutral,,,,,,,,,,,,,
2025-10-14,614.0,627.3499755859375,603.7999877929688,615.0,2448761,519.0139,,,94.48,Strong Bull,Uptrend,Hold,Uptrend (HH+HL),Bullish,98.07,Strong Bull,Bullish confirmed,"Strong Bull - all 4 components agree, extreme ADX",100.0,"Outperforming, strengthening",Leads both,61.6915,Neutral,31.4389,34.2729,bullish accelerating,Neutral,5.9432,-0.1492,thin,100.0,Positive fading,61.02,Bullish,Bullish majority,Bearish divergence,Bullish - bearish divergence vs price over 21 bars,Upper Half,Extreme,Bullish,No,No,Inside,64.21,High,Stable,-14.52,No,"High volatility, stable",Wide stop - size down,Normal,Falling,Weak Up,-0.0663,Distribution,73.9414,Neutral,,,,,,,,,,,,,
2025-10-15,618.0,661.7000122070312,612.4500122070312,635.5,5974698,523.582,,,97.28,Strong Bull,Uptrend,Hold,Uptrend (HH+HL),Bullish,99.05,Strong Bull,Bullish confirmed,"Strong Bull - all 4 components agree, extreme ADX",100.0,"Outperforming, strengthening",Leads both,65.2442,Neutral,31.7884,33.776,bullish fading,Neutral,12.3784,0.6316,thin,100.0,Positive accelerating,64.42,Bullish,Bullish majority,Bearish divergence,Bullish - bearish divergence vs price over 21 bars,Upper Half,Extreme,Bullish,No,No,Inside,68.1,High,Stable,-4.97,No,"High volatility, stable",Wide stop - size down,Normal,Falling,Confirmed Up,-0.0792,Distribution,76.2258,Neutral,,,,,,,,,,,,,
2025-10-16,638.0,694.9000244140625,637.9500122070312,688.5499877929688,15041099,530.0513,,,100.0,Strong Bull,Uptrend,Hold,Uptrend (HH+HL),Bullish,100.0,Strong Bull,Bullish confirmed,"Strong Bull - all 4 components agree, extreme ADX",100.0,"Outperforming, strengthening",Leads both,72.3821,Overbought,35.9319,34.2072,Bullish crossover,Neutral,17.2599,1.2142,thin,100.0,Positive accelerating,74.8,Strong Bullish,Bullish confirmed,Bearish divergence,Strong Bullish - bearish divergence vs price over 21 bars,Above Upper,Extreme,Bullish,No,No,Breakout Up,71.19,High,Stable,1.1,No,"High volatility, stable",Wide stop - size down,High,Rising,Confirmed Up,0.0978,Accumulation,86.2728,Overbought,,,,,,,,,,,,,
2025-10-17,680.0,703.0,672.0,693.2999877929688,7026025,536.4532,,,100.0,Strong Bull,Uptrend,Hold,Uptrend (HH+HL),Bullish,100.0,Strong Bull,Bullish confirmed,"Strong Bull - all 4 components agree, extreme ADX",100.0,"Outperforming, strengthening",Leads both,72.9184,Overbought,39.1477,35.1953,bullish accelerating,Overbought,16.914,1.159,thin,100.0,Positive fading,80.59,Strong Bullish,Bullish confirmed,Bearish divergence,"Strong Bullish but overbought on RSI and Stochastic - stretched, bearish divergence",Above Upper,Extreme,Bullish,No,No,Near Upper,71.16,High,Stable,3.56,No,"High volatility, stable",Wide stop - size down,Normal,Rising,Confirmed Up,0.1274,Accumulation,90.3968,Overbought,,,,,,,,,,,,,
2025-10-20,688.0,730.4500122070312,683.0,722.2000122070312,4661258,543.7374,,,100.0,Strong Bull,Uptrend,Hold,Uptrend (HH+HL),Bullish,100.0,Strong Bull,Bullish confirmed,"Strong Bull - all 4 components agree, extreme ADX",100.0,"Outperforming, strengthening",Leads both,75.9752,Overbought,43.5264,36.8615,bullish accelerating,Overbought,16.3244,1.0761,thin,100.0,Positive accelerating,86.27,Strong Bullish,Bullish confirmed,None,Strong Bullish but overbought on RSI and Stochastic - stretched,Above Upper,Extreme,Bullish,No,No,Breakout Up,73.67,High,Stable,6.46,No,"High volatility, stable",Wide stop - size down,Normal,Rising,Confirmed Up,0.1376,Accumulation,90.6364,Overbought,,,,,,,,,,,,,
2025-10-21,735.0,790.0,726.2000122070312,765.8499755859375,3216919,552.4477,,,100.0,Strong Bull,Uptrend,Hold,Uptrend (HH+HL),Bullish,100.0,Strong Bull,Bullish confirmed,"Strong Bull - all 4 components agree, extreme ADX",100.0,"Outperforming, strengthening",Leads both,79.7018,Overbought,49.9431,39.4778,bullish accelerating,Overbought,21.5538,1.682,thin,100.0,Positive accelerating,89.79,Strong Bullish,Bullish confirmed,None,Strong Bullish but overbought on RSI and Stochastic - stretched,Above Upper,Extreme,Bullish,Yes,Yes,Breakout Up,81.33,Very High,Stable,17.0,No,"Very High volatility, stable",Wide stop - size down,Normal,Rising,Weak Up,0.161,Accumulation,92.9899,Overbought,,,,,,,,,,,,,
2025-10-23,770.0,773.5,713.7000122070312,733.4000244140625,6165372,559.5439,,,98.93,Strong Bull,Uptrend,Hold,Uptrend (HH+HL),Bullish,99.63,Strong Bull,Bullish confirmed,"Strong Bull - all 4 components agree, extreme ADX",100.0,"Outperforming, strengthening",Leads both,70.8973,Overbought,51.8127,41.9448,bullish fading,Overbought,14.7461,0.8536,thin,100.0,Positive fading,85.8,Strong Bullish,Bullish confirmed,None,Strong Bullish but overbought on RSI and Stochastic - stretched,Upper Half,Extreme,Bullish,Yes,Yes,Inside,91.38,Very High,Expanding,22.01,No,Very High volatility and still expanding - move may be extended,Extreme vol - reduce size,Normal,Rising,Confirmed Down,0.1412,Accumulation,83.9265,Overbought,,,,,,,,,,,,,
2025-10-24,738.8499755859375,747.4500122070312,693.2999877929688,706.2999877929688,4914129,565.299,,,96.16,Strong Bull,Uptrend,Hold,Uptrend (HH+HL),Bullish,98.66,Strong Bull,Bullish confirmed,"Strong Bull - all 4 components agree, extreme ADX",100.0,"Outperforming, strengthening",Leads both,64.4901,Neutral,50.5251,43.6609,bullish fading,Neutral,13.18,0.6601,thin,100.0,Positive fading,79.83,Strong Bullish,Bullish confirmed,None,Strong Bullish - all 4 components agree incl. MACD acceleration,Upper Half,Extreme,Bullish,Yes,Yes,Inside,93.34,Very High,Expanding,22.33,No,Very High volatility and still expanding - move may be extended,Extreme vol - reduce size,Normal,Rising,Confirmed Down,0.106,Accumulation,77.5415,Neutral,,,,,,,,,,,,,
2025-10-27,705.0,749.4500122070312,705.0,734.3499755859375,5506352,571.9285,,,97.92,Strong Bull,Uptrend,Hold,Uptrend (HH+HL),Bullish,99.27,Strong Bull,Bullish confirmed,"Strong Bull - all 4 components agree, extreme ADX",100.0,"Outperforming, strengthening",Leads both,67.7399,Neutral,51.1782,45.1643,bullish fading,Neutral,23.4513,1.8653,thin,100.0,Positive accelerating,79.0,Strong Bullish,Bullish confirmed,None,Strong Bullish - all 4 components agree incl. MACD acceleration,Upper Half,Extreme,Bullish,Yes,Yes,Inside,92.27,Very High,Expanding,20.31,No,Very High volatility and still expanding - move may be extended,Extreme vol - reduce size,Normal,Rising,Confirmed Up,0.1239,Accumulation,78.2333,Neutral,,,,,,,,,,,,,
2025-10-28,748.9000244140625,765.9000244140625,731.0,736.3499755859375,4132281,578.3764,,,97.45,Strong Bull,Uptrend,Hold,Uptrend (HH+HL),Bullish,99.11,Strong Bull,Bullish confirmed,"Strong Bull - all 4 components agree, extreme ADX",100.0,"Outperforming, strengthening",Leads both,67.965,Neutral,51.2662,46.3847,bullish fading,Neutral,20.4268,1.4815,thin,100.0,Positive fading,77.42,Strong Bullish,Bullish confirmed,None,Strong Bullish - all 4 components agree incl. MACD acceleration,Upper Half,Extreme,Bullish,No,Yes,Inside,89.13,Very High,Expanding,21.52,No,Very High volatility and still expanding - move may be extended,Extreme vol - reduce size,Normal,Rising,Weak Up,0.1116,Accumulation,78.4685,Neutral,,,,,,,,,,,,,
2025-10-29,740.0,742.0,700.2000122070312,706.2000122070312,2376591,583.3891,,,93.86,Strong Bull,Uptrend,Hold,Uptrend (HH+HL),Bullish,97.85,Strong Bull,Bullish confirmed,"Strong Bull - all 4 components agree, extreme ADX",100.0,"Outperforming, strengthening",Leads both,61.0489,Neutral,48.3457,46.7769,bullish fading,Neutral,14.8293,0.809,thin,100.0,Positive fading,69.57,Bullish,Bullish majority,None,Bullish - price momentum agrees but MACD shows deceleration,Upper Half,Extreme,Bullish,No,Yes,Inside,87.73,Very High,Expanding,23.52,No,Very High volatility and still expanding - move may be extended,Extreme vol - reduce size,Normal,Rising,Weak Down,0.0676,Accumulation,73.3457,Neutral,,,,,,,,,,,,,
2025-10-30,708.3499755859375,721.0,677.4500122070312,707.2999877929688,3128104,588.2483,,,93.72,Strong Bull,Uptrend,Hold,Uptrend (HH+HL),Bullish,97.8,Strong Bull,Bullish confirmed,"Strong Bull - all 4 components agree, extreme ADX",100.0,"Outperforming, strengthening",Leads both,61.204,Neutral,45.5945,46.5404,Bearish crossover,Neutral,11.2982,0.3859,thin,100.0,Positive fading,64.87,Bullish,Bullish majority,None,Bullish - price momentum agrees but MACD shows deceleration,Upper Half,Extreme,Bullish,No,Yes,Inside,86.03,Very High,Stable,17.92,No,"Very High volatility, stable",Extreme vol - reduce size,Normal,Rising,Weak Up,0.0829,Accumulation,72.1673,Neutral,,,,,,,,,,,,,
2025-10-31,714.0,722.0499877929688,686.0,691.9500122070312,1709337,592.3151,,,91.23,Strong Bull,Uptrend,Hold,Uptrend (HH+HL),Bullish,96.93,Strong Bull,Bullish confirmed,"Strong Bull - all 4 components agree, extreme ADX",100.0,"Outperforming, strengthening",Leads both,57.748,Neutral,41.6948,45.5713,bullish accelerating,Neutral,0.4938,-0.9003,thin,100.0,Positive fading,59.4,Bullish,Bullish majority,None,Bullish - price momentum agrees but MACD shows deceleration,Upper Half,Extreme,Bullish,No,Yes,Inside,84.82,Very High,Stable,13.63,No,"Very High volatility, stable",Extreme vol - reduce size,Dry-up,Rising,Weak Down,0.0623,Accumulation,73.0202,Neutral,,,,,,,,,,,,,
2025-11-03,700.0499877929688,700.0499877929688,686.9000244140625,691.6500244140625,1180308,596.2105,,,85.42,Strong Bull,Uptrend,Hold,Uptrend (HH+HL),Bullish,94.9,Strong Bull,Bullish confirmed,"Strong Bull - all 4 components agree, extreme ADX",100.0,"Outperforming, strengthening",Leads both,57.6794,Neutral,38.1404,44.0851,bullish accelerating,Neutral,-0.238,-0.9796,thin,100.0,Positive fading,57.52,Neutral,Bullish majority,Bearish divergence,Neutral - bearish divergence vs price over 21 bars,Upper Half,Extreme,Bullish,No,Yes,Inside,77.33,High,Stable,6.17,No,"High volatility, stable",Extreme vol - reduce size,Dry-up,Rising,Weak Down,0.0703,Accumulation,70.3172,Neutral,,,,,,,,,,,,,
2025-11-04,691.0,708.0,660.75,667.1500244140625,2213018,598.9925,,,74.93,Bull,Uptrend,Hold,Uptrend (HH+HL),Bullish,87.83,Strong Bull,Bullish confirmed,"Strong Bull - all 4 components agree, extreme ADX",100.0,"Outperforming, strengthening",Leads both,52.2269,Neutral,32.9666,41.8614,bullish accelerating,Neutral,-7.6225,-1.8293,thin,100.0,Positive fading,53.62,Neutral,Mixed,Bearish divergence,Neutral - bearish divergence vs price over 21 bars,Lower Half,Extreme,Bullish,No,Yes,Inside,79.22,High,Stable,5.55,No,"High volatility, stable",Extreme vol - reduce size,Dry-up,Rising,Weak Down,0.0186,Neutral,67.1278,Neutral,,,,,,,,,,,,,
2025-11-06,665.0499877929688,665.0499877929688,582.0499877929688,633.8499755859375,28107723,600.3594,,,69.58,Bull,Downtrend,Sell,Uptrend (HH+HL),Bullish,44.35,Neutral,Mixed,"Neutral - components mixed, low conviction",100.0,"Outperforming, strengthening",Leads both,45.8787,Neutral,25.8809,38.6653,bullish accelerating,Neutral,-17.2358,-2.8513,thin,100.0,Positive fading,50.04,Neutral,Bearish majority,Bearish divergence,Neutral - bearish divergence vs price over 21 bars,Lower Half,Strong,Bearish,No,Yes,Inside,80.96,Very High,Stable,-0.37,No,"Very High volatility, stable",Extreme vol - reduce size,High,Rising,Confirmed Down,0.0685,Accumulation,45.6691,Neutral,,,,,,,,,,,,,
2025-11-07,632.5999755859375,663.0,625.0,654.6500244140625,5182271,602.4885,,,74.73,Bull,Downtrend,Hold,Uptrend (HH+HL),Bullish,46.16,Neutral,Mixed,"Neutral - components mixed, low conviction",100.0,"Outperforming, strengthening",Leads both,49.9694,Neutral,21.6938,35.271,bullish accelerating,Neutral,-10.7377,-2.0579,thin,100.0,Positive accelerating,50.84,Neutral,Bearish majority,Bearish divergence,Neutral - bearish divergence vs price over 21 bars,Lower Half,Strong,Bearish,No,Yes,Inside,81.16,Very High,Stable,-10.21,No,"Very High volatility, stable",Extreme vol - reduce size,Normal,Rising,Weak Up,0.1294,Accumulation,38.8708,Neutral,,,,,,,,,,,,,
2025-11-10,653.0999755859375,653.8499755859375,615.0999755859375,625.7000122070312,5714254,603.3987,,,69.19,Bull,Downtrend,Hold,Uptrend (HH+HL),Bullish,44.22,Neutral,Mixed,"Neutral - components mixed, low conviction",100.0,"Outperforming, weakening",Leads both,44.8843,Neutral,15.8567,31.3881,bullish accelerating,Neutral,-11.4116,-2.0859,thin,100.0,Positive fading,48.83,Neutral,Bearish majority,None,"Neutral - majority agree, 1 dissenting",Lower Half,Strong,Bearish,No,Yes,Inside,81.05,Very High,Stable,-12.29,No,"Very High volatility, stable",Extreme vol - reduce size,Normal,Rising,Weak Down,0.118,Accumulation,30.6279,Neutral,,,,,,,,,,,,,
2025-11-11,640.0,664.1500244140625,625.0,659.7999877929688,7006525,605.6106,,,77.04,Bull,Downtrend,Hold,Uptrend (HH+HL),Bullish,46.96,Neutral,Mixed,"Neutral - components mixed, low conviction",100.0,"Outperforming, strengthening",Leads both,51.1856,Neutral,13.8229,27.8751,bullish fading,Neutral,-10.1518,-1.9075,thin,100.0,Positive accelerating,51.62,Neutral,Mixed,Bearish divergence,Neutral - bearish divergence vs price over 21 bars,Lower Half,Strong,Bearish,No,Yes,Inside,78.48,High,Stable,-13.79,No,"High volatility, stable",Extreme vol - reduce size,Normal,Rising,Confirmed Up,0.1798,Accumulation,32.2074,Neutral,,,,,,,,,,,,,
2025-11-12,658.0,659.2999877929688,624.0,628.5499877929688,2972690,606.5101,,,51.0,Neutral,Downtrend,Hold,Uptrend (HH+HL),Bullish,37.85,Bear,Mixed,"Bear - components mixed, low conviction",100.0,"Outperforming, strengthening",Leads both,45.9958,Neutral,9.5791,24.2159,bullish accelerating,Neutral,-14.6398,-2.3377,thin,100.0,Positive fading,49.71,Neutral,Bearish majority,Bearish divergence,Neutral - bearish divergence vs price over 21 bars,Lower Half,Trending,Bearish,No,Yes,Inside,78.21,High,Stable,-10.92,No,"High volatility, stable",Extreme vol - reduce size,Normal,Rising,Weak Down,0.1584,Accumulation,27.9758,Neutral,,,,,,,,,,,,,
2025-11-13,643.0499877929688,659.9000244140625,619.0499877929688,639.1500244140625,7172037,607.7901,,,49.46,Neutral,Downtrend,Hold,Uptrend (HH+HL),Bullish,37.31,Bear,Bearish majority,"Bear - majority agree, 1 dissenting, trending ADX",100.0,"Outperforming, strengthening",Leads both,47.9246,Neutral,6.9907,20.7709,bullish fading,Neutral,-9.4945,-1.751,thin,100.0,Positive accelerating,51.05,Neutral,Bearish majority,Bearish divergence,Neutral - bearish divergence vs price over 21 bars,Lower Half,Trending,Bearish,No,Yes,Inside,77.01,High,Stable,-10.72,No,"High volatility, stable",Extreme vol - reduce size,Normal,Rising,Confirmed Up,0.1523,Accumulation,36.5125,Neutral,,,,,,,,,,,,,
2025-11-14,641.4500122070312,662.0,623.2000122070312,649.5999755859375,5464288,609.4297,,,51.01,Neutral,Downtrend,Hold,Uptrend (HH+HL),Bullish,37.85,Bear,Mixed,"Bear - components mixed, low conviction",100.0,"Outperforming, strengthening",Leads both,49.827,Neutral,5.7166,17.76,bullish fading,Neutral,-8.1578,-1.5846,thin,100.0,Positive accelerating,52.29,Neutral,Bearish majority,Bearish divergence,Neutral - bearish divergence vs price over 21 bars,Lower Half,Trending,Bearish,No,Yes,Inside,75.83,High,Stable,-10.19,No,"High volatility, stable",Extreme vol - reduce size,Normal,Rising,Weak Up,0.1721,Accumulation,43.0762,Neutral,,,,,,,,,,,,,
2025-11-17,656.0,657.0,636.1500244140625,648.4500122070312,2905416,610.9599,,,50.79,Neutral,Downtrend,Hold,Uptrend (HH+HL),Bullish,37.78,Bear,Mixed,"Bear - components mixed, low conviction",100.0,"Outperforming, weakening",Leads both,49.6122,Neutral,4.5615,15.1203,bullish fading,Neutral,-6.2866,-1.369,thin,100.0,Positive fading,53.44,Neutral,Bearish majority,Bearish divergence,Neutral - bearish divergence vs price over 21 bars,Lower Half,Trending,Bearish,No,Yes,Inside,74.5,High,Stable,-10.32,No,"High volatility, stable",Extreme vol - reduce size,Normal,Rising,Weak Down,0.0902,Accumulation,40.7148,Neutral,,,,,,,,,,,,,
2025-11-18,646.5499877929688,679.9000244140625,645.5499877929688,668.4500122070312,6312858,613.2145,,,54.68,Neutral,Downtrend,Hold,Uptrend (HH+HL),Bullish,39.14,Bear,Mixed,"Bear - components mixed, low conviction",100.0,"Outperforming, weakening",Leads both,53.3766,Neutral,5.2,13.1363,bullish fading,Neutral,-3.3543,-1.0486,thin,100.0,Positive accelerating,57.06,Neutral,Mixed,None,"Neutral - components mixed, low conviction",Lower Half,Trending,Bearish,No,Yes,Inside,73.79,High,Stable,-3.54,No,"High volatility, stable",Extreme vol - reduce size,Normal,Rising,Confirmed Up,0.086,Accumulation,41.9758,Neutral,,,,,,,,,,,,,
2025-11-19,676.4000244140625,688.0,665.3499755859375,685.0,5093797,616.0296,,,79.86,Bull,Downtrend,Hold,Uptrend (HH+HL),Bullish,67.12,Bull,Bullish majority,"Bull - majority agree, 1 dissenting, trending ADX",100.0,"Outperforming, weakening",Leads both,56.2868,Neutral,6.9612,11.9012,bullish fading,Neutral,2.6756,-0.4065,thin,100.0,Positive accelerating,61.81,Bullish,Bullish majority,None,Bullish - price momentum agrees but MACD shows deceleration,Upper Half,Trending,Bullish,No,No,Inside,68.41,High,Stable,-10.81,No,"High volatility, stable",Wide stop - size down,Normal,Rising,Weak Up,0.092,Accumulation,46.9813,Neutral,,,,,,,,,,,,,
2025-11-20,685.0,704.0,670.1500244140625,697.0,4784453,619.2049,,,86.22,Strong Bull,Downtrend,Hold,Uptrend (HH+HL),Bullish,68.43,Bull,Bullish majority,"Bull - majority agree, 1 dissenting, trending ADX",100.0,"Outperforming, weakening",Leads both,58.3185,Neutral,9.219,11.3648,bullish fading,Neutral,9.9629,0.3683,thin,100.0,Positive fading,67.07,Bullish,Bullish majority,None,Bullish - price momentum agrees but MACD shows deceleration,Upper Half,Trending,Bullish,No,No,Inside,65.02,High,Stable,-15.94,No,"High volatility, stable",Wide stop - size down,Normal,Rising,Weak Up,0.1088,Accumulation,51.9954,Neutral,,,,,,,,,,,,,
2025-11-21,696.9500122070312,713.0,686.4500122070312,695.9000244140625,4107125,622.2125,,,88.38,Strong Bull,Downtrend,Hold,Uptrend (HH+HL),Bullish,68.51,Bull,Bullish majority,"Bull - majority agree, 1 dissenting, trending ADX",100.0,"Outperforming, weakening",Leads both,58.0521,Neutral,10.7951,11.2509,bullish fading,Overbought,6.3011,-0.0231,thin,100.0,Positive accelerating,70.19,Strong Bullish,Bullish majority,None,Strong Bullish - price momentum agrees but MACD shows deceleration,Upper Half,Trending,Bullish,No,No,Inside,58.57,Normal,Contracting,-22.59,No,"Normal volatility, contracting - move losing energy",Wide stop - size down,Normal,Rising,Weak Down,0.1192,Accumulation,55.4923,Neutral,,,,,,,,,,,,,
2025-11-24,697.0,701.0999755859375,665.0,672.7999877929688,2718631,624.1964,,,87.53,Strong Bull,Downtrend,Hold,Uptrend (HH+HL),Bullish,67.09,Bull,Bullish majority,"Bull - majority agree, 1 dissenting, trending ADX",100.0,"Outperforming, weakening",Leads both,52.6175,Neutral,10.0642,11.0135,bullish accelerating,Neutral,7.5276,0.1081,thin,100.0,Positive fading,67.84,Bullish,Bullish majority,None,Bullish - price momentum agrees but MACD shows deceleration,Lower Half,Trending,Bullish,No,No,Inside,59.23,Normal,Contracting,-21.82,No,"Normal volatility, contracting - move losing energy",Wide stop - size down,Normal,Rising,Weak Down,0.131,Accumulation,54.5103,Neutral,,,,,,,,,,,,,
2025-11-25,672.7999877929688,687.8499755859375,666.2999877929688,684.9500122070312,1700459,626.5789,,,90.87,Strong Bull,Downtrend,Hold,Uptrend (HH+HL),Bullish,67.21,Bull,Bullish majority,"Range with bullish lean - ADX emerging, direction not confirmed",100.0,"Outperforming, weakening",Leads both,55.0035,Neutral,10.3461,10.88,bullish fading,Neutral,3.8118,-0.291,thin,100.0,Positive accelerating,68.89,Bullish,Bullish majority,None,Bullish - price momentum agrees but MACD shows deceleration,Upper Half,Emerging,Bullish,No,No,Inside,53.61,Normal,Contracting,-24.87,No,"Normal volatility, contracting - move losing energy",Wide stop - size down,Dry-up,Rising,Weak Up,0.1308,Accumulation,56.8341,Neutral,,,,,,,,,,,,,
2025-11-26,683.0,699.2999877929688,671.2000122070312,692.5,2257179,629.164,,,93.62,Strong Bull,Downtrend,Hold,Uptrend (HH+HL),Bullish,67.46,Bull,Bullish majority,"Range with bullish lean - ADX emerging, direction not confirmed",100.0,"Outperforming, weakening",Leads both,56.4704,Neutral,11.0513,10.9143,Bullish crossover,Neutral,10.1742,0.3952,thin,100.0,Positive accelerating,69.79,Bullish,Bullish majority,None,Bullish - price momentum agrees but MACD shows deceleration,Upper Half,Emerging,Bullish,No,No,Inside,50.76,Normal,Contracting,-27.45,No,"Normal volatility, contracting - move losing energy",Wide stop - size down,Dry-up,Rising,Weak Up,0.1727,Accumulation,82.4077,Overbought,,,,,,,,,,,,,
2025-11-27,694.9500122070312,718.0,694.9500122070312,710.4000244140625,3549144,632.3497,,,95.81,Strong Bull,Downtrend,Hold,Uptrend (HH+HL),Bullish,67.94,Bull,Bullish majority,"Range with bullish lean - ADX emerging, direction not confirmed",100.0,"Outperforming, weakening",Leads both,59.8153,Neutral,12.9059,11.3126,bullish accelerating,Overbought,11.1476,0.4984,thin,100.0,Positive fading,73.41,Strong Bullish,Bullish confirmed,None,Strong Bullish - all 4 components agree incl. MACD acceleration,Upper Half,Emerging,Bullish,No,No,Inside,45.24,Normal,Contracting,-31.77,No,"Normal volatility, contracting - move losing energy",Wide stop - size down,Normal,Rising,Weak Up,0.1988,Accumulation,82.0451,Overbought,,,,,,,,,,,,,
2025-11-28,713.0,722.0,692.5,717.9500122070312,3843760,635.7066,,,96.16,Strong Bull,Downtrend,Hold,Uptrend (HH+HL),Bullish,69.82,Bull,Bullish majority,"Range with bullish lean - ADX emerging, direction not confirmed",100.0,"Outperforming, strengthening",Leads both,61.1705,Neutral,14.814,12.0129,bullish accelerating,Overbought,10.5219,0.4285,thin,100.0,Positive accelerating,75.87,Strong Bullish,Bullish confirmed,None,Strong Bullish - all 4 components agree incl. MACD acceleration,Upper Half,Emerging,Bullish,No,No,Near Upper,41.49,Normal,Contracting,-34.34,No,"Normal volatility, contracting - move losing energy",Wide stop - size down,Normal,Rising,Weak Up,0.2131,Accumulation,90.6598,Overbought,,,,,,,,,,,,,
2025-12-01,717.0,724.7000122070312,700.1500244140625,708.8499755859375,2836480,638.575,,,94.07,Strong Bull,Downtrend,Hold,Uptrend (HH+HL),Bullish,67.01,Bull,Bullish majority,"Range with bullish lean - ADX emerging, direction not confirmed",100.0,"Outperforming, weakening",Leads both,58.605,Neutral,15.4143,12.6932,bullish fading,Overbought,9.3145,0.2955,thin,100.0,Positive fading,75.23,Strong Bullish,Bullish confirmed,None,Strong Bullish - all 4 components agree incl. MACD acceleration,Upper Half,Emerging,Bullish,No,No,Inside,41.73,Normal,Contracting,-32.77,No,"Normal volatility, contracting - move losing energy",Wide stop - size down,Normal,Rising,Weak Down,0.2139,Accumulation,90.0291,Overbought,,,,,,,,,,,,,
2025-12-02,708.8499755859375,709.7999877929688,680.0,685.25,2570834,640.4054,,,89.83,Strong Bull,Downtrend,Hold,Uptrend (HH+HL),Bullish,64.86,Bull,Bullish majority,"Range with bullish lean - ADX emerging, direction not confirmed",100.0,"Outperforming, weakening",Leads both,52.46,Neutral,13.8263,12.9198,bullish fading,Overbought,2.5133,-0.4472,thin,100.0,Positive fading,70.09,Strong Bullish,Bullish confirmed,Bullish divergence,Strong Bullish - bullish divergence vs price over 21 bars,Upper Half,Emerging,Bullish,No,No,Inside,43.45,Normal,Contracting,-30.34,No,"Normal volatility, contracting - move losing energy",Wide stop - size down,Dry-up,Rising,Weak Down,0.1985,Accumulation,90.3088,Overbought,,,,,,,,,,,,,
2025-12-03,685.5,693.8499755859375,675.0,682.2999877929688,1556942,642.0483,,,89.23,Strong Bull,Downtrend,Hold,Uptrend (HH+HL),Bullish,63.89,Bull,Bullish majority,"Range with bullish lean - ADX no trend, direction not confirmed",100.0,"Outperforming, weakening",Leads both,51.7298,Neutral,12.1892,12.7737,Bearish crossover,Neutral,-0.3942,-0.762,thin,100.0,Positive fading,66.61,Bullish,Bullish majority,Bullish divergence,Bullish - bullish divergence vs price over 21 bars,Upper Half,No Trend,Bullish,No,No,Inside,41.4,Normal,Contracting,-27.01,No,"Normal volatility, contracting - move losing energy",Wide stop - size down,Dry-up,Rising,Weak Down,0.2117,Accumulation,86.1612,Overbought,,,,,,,,,,,,,
2025-12-04,682.2999877929688,696.9500122070312,654.7999877929688,672.2000122070312,2315617,643.2307,,,82.51,Strong Bull,Downtrend,Hold,Uptrend (HH+HL),Bullish,56.68,Neutral,Mixed,"No clear trend - ADX no trend, price ranging",100.0,"Outperforming, weakening",Leads both,49.2046,Neutral,9.962,12.2114,bullish accelerating,Neutral,-3.5581,-1.1011,thin,100.0,Positive fading,62.18,Bullish,Mixed,None,"Bullish - components mixed, low conviction",Lower Half,No Trend,Bearish,No,No,Inside,44.42,Normal,Contracting,-20.6,No,"Normal volatility, contracting - move losing energy",Wide stop - size down,Normal,Falling,Weak Down,0.1877,Accumulation,80.4184,Overbought,,,,,,,,,,,,,
2025-12-05,674.0,680.4000244140625,663.0,675.2000122070312,1697532,644.4844,,,75.29,Bull,Downtrend,Hold,Uptrend (HH+HL),Bullish,54.58,Neutral,Mixed,"No clear trend - ADX no trend, price ranging",100.0,"Outperforming, strengthening",Leads both,49.9856,Neutral,8.3429,11.4377,bullish accelerating,Neutral,-2.9746,-1.0292,thin,100.0,Positive accelerating,60.5,Bullish,Bearish majority,None,"Bullish - majority agree, 1 dissenting",Upper Half,No Trend,Bearish,No,No,Inside,38.91,Low,Stable,-19.66,No,"Low volatility, stable",Wide stop - size down,Dry-up,Falling,Weak Up,0.1672,Accumulation,76.2932,Neutral,,,,,,,,,,,,,
2025-12-08,673.8499755859375,685.0,661.5499877929688,678.75,1523208,645.8282,,,76.15,Bull,Downtrend,Hold,Range,Bullish,45.41,Neutral,Mixed,"No clear trend - ADX no trend, price ranging",100.0,"Outperforming, strengthening",Leads both,50.9467,Neutral,7.2624,10.6026,bullish accelerating,Neutral,0.8844,-0.6023,thin,100.0,Positive fading,59.59,Bullish,Mixed,None,"Bullish - components mixed, low conviction",Upper Half,No Trend,Bearish,No,No,Inside,36.78,Low,Contracting,-22.45,No,"Low volatility, contracting - coiling, watch for breakout",Wide stop - size down,Dry-up,Falling,Weak Up,0.2225,Accumulation,73.6139,Neutral,,,,,,,,,,,,,
2025-12-09,673.5499877929688,674.5,638.2999877929688,648.6500244140625,3688017,645.9388,,,56.65,Neutral,Downtrend,Hold,Range,Bullish,38.54,Bear,Mixed,"Range with bearish lean - ADX no trend, direction not confirmed",100.0,"Outperforming, strengthening",Leads both,43.3418,Neutral,3.932,9.2685,bullish accelerating,Neutral,-5.2997,-1.2713,thin,99.36,Positive fading,54.05,Neutral,Bearish majority,None,"Neutral - majority agree, 1 dissenting",Lower Half,No Trend,Bearish,No,No,Inside,43.39,Normal,Stable,-10.22,No,"Normal volatility, stable",Wide stop - size down,Normal,Falling,Confirmed Down,0.1314,Accumulation,63.6485,Neutral,,,,,,,,,,,,,
2025-12-10,655.0,661.5499877929688,636.0999755859375,644.75,1692366,645.8922,,,53.12,Neutral,Downtrend,Hold,Range,Bullish,37.21,Bear,Mixed,"Range with bearish lean - ADX no trend, direction not confirmed",72.24,"Outperforming, weakening",Leads both,42.4574,Neutral,0.9668,7.6081,bullish accelerating,Oversold,-6.8953,-1.431,thin,74.95,Positive fading,44.3,Neutral,Bearish majority,None,"Neutral - majority agree, 1 dissenting",Lower Half,No Trend,Bearish,No,No,Inside,42.48,Normal,Stable,-8.28,No,"Normal volatility, stable",Wide stop - size down,Dry-up,Falling,Weak Down,0.1584,Accumulation,55.9848,Neutral,,,,,,,,,,,,,
2025-12-11,641.9000244140625,660.0,639.0499877929688,646.4500122070312,1220049,645.9141,,,49.61,Neutral,Downtrend,Hold,Range,Bullish,35.9,Bear,Bearish confirmed,"Range with bearish lean - ADX no trend, direction not confirmed",89.16,"Outperforming, strengthening",Leads both,43.0033,Neutral,-1.2318,5.8402,bearish accelerating,Oversold,-9.002,-1.6399,thin,88.74,Positive accelerating,47.43,Neutral,Bearish majority,Bearish divergence,Neutral - bearish divergence vs price over 21 bars,Lower Half,No Trend,Bearish,No,No,Inside,39.14,Low,Stable,-6.1,No,"Low volatility, stable",Wide stop - size down,Dry-up,Falling,Weak Up,0.1697,Accumulation,51.9551,Neutral,,,,,,,,,,,,,
2025-12-12,647.7999877929688,660.0,641.0,645.0999755859375,946014,645.8821,,,45.86,Neutral,Downtrend,Hold,Range,Bullish,34.51,Bear,Bearish confirmed,"Range with bearish lean - ADX no trend, direction not confirmed",87.17,"Outperforming, strengthening",Leads both,42.6572,Neutral,-3.048,4.0625,bearish accelerating,Oversold,-10.147,-1.7395,thin,88.07,Positive fading,47.09,Neutral,Bearish majority,Bearish divergence,Neutral - bearish divergence vs price over 21 bars,Lower Half,No Trend,Bearish,No,No,Inside,35.91,Low,Stable,-5.58,No,"Low volatility, stable",Wide stop - size down,Dry-up,Falling,Weak Down,0.1393,Accumulation,57.8031,Neutral,,,,,,,,,,,,,
2025-12-15,645.0,692.75,642.9500122070312,685.25,2476727,647.426,,,54.68,Neutral,Downtrend,Hold,Range,Bullish,40.13,Neutral,Mixed,"No clear trend - ADX no trend, price ranging",100.0,"Outperforming, strengthening",Leads both,54.4092,Neutral,-1.2334,3.0033,bearish fading,Neutral,-3.3293,-0.9963,thin,100.0,Positive accelerating,58.61,Bullish,Mixed,None,"Bullish - components mixed, low conviction",Upper Half,No Trend,Bullish,No,No,Inside,34.39,Low,Stable,-7.34,No,"Low volatility, stable",Wide stop - size down,Normal,Falling,Weak Up,0.1616,Accumulation,58.7877,Neutral,,,,,,,,,,,,,
2025-12-16,683.9000244140625,693.4000244140625,670.75,676.0499877929688,1866805,648.5485,,,52.21,Neutral,Downtrend,Hold,Range,Bullish,38.78,Bear,Mixed,"Range with bearish lean - ADX no trend, direction not confirmed",100.0,"Outperforming, strengthening",Leads both,51.79,Neutral,-0.5315,2.2964,bearish fading,Neutral,-1.3426,-0.7774,thin,97.21,Positive fading,59.83,Bullish,Mixed,None,"Bullish - components mixed, low conviction",Lower Half,No Trend,Bullish,No,No,Inside,33.42,Low,Stable,-10.03,No,"Low volatility, stable",Wide stop - size down,Normal,Falling,Weak Down,0.1162,Accumulation,58.2506,Neutral,,,,,,,,,,,,,
2025-12-17,676.0499877929688,687.2000122070312,657.25,660.7999877929688,1298953,649.0289,,,51.77,Neutral,Downtrend,Hold,Range,Bullish,38.11,Bear,Mixed,"Range with bearish lean - ADX no trend, direction not confirmed",91.22,"Outperforming, weakening",Leads both,47.6917,Neutral,-1.192,1.5987,bearish fading,Neutral,-3.1511,-0.9666,thin,87.57,Positive fading,56.48,Neutral,Bearish majority,None,"Neutral - majority agree, 1 dissenting",Lower Half,No Trend,Bearish,No,No,Inside,35.3,Low,Stable,-6.1,No,"Low volatility, stable",Wide stop - size down,Normal,Falling,Weak Down,0.028,Neutral,50.4949,Neutral,,,,,,,,,,,,,
2025-12-18,660.0,672.8499755859375,651.25,662.8499755859375,1590154,649.5709,,,56.17,Neutral,Downtrend,Hold,Range,Bullish,39.66,Bear,Mixed,"Range with bearish lean - ADX no trend, direction not confirmed",85.93,"Outperforming, weakening",Leads both,48.2842,Neutral,-1.5325,0.9725,bearish fading,Neutral,-1.391,-0.772,thin,82.58,Positive fading,54.48,Neutral,Bearish majority,None,"Neutral - majority agree, 1 dissenting",Lower Half,No Trend,Bearish,No,No,Inside,33.08,Low,Stable,-11.34,No,"Low volatility, stable",Wide stop - size down,Normal,Falling,Weak Up,-0.0292,Neutral,40.2337,Neutral,,,,,,,,,,,,,
2025-12-19,663.0,718.0,655.2000122070312,701.9500122070312,6527742,651.625,,,84.0,Strong Bull,Downtrend,Hold,Range,Bullish,52.55,Neutral,Mixed,"No clear trend - ADX no trend, price ranging",100.0,"Outperforming, strengthening",Leads both,58.0447,Neutral,1.3374,1.0454,Bullish crossover,Neutral,3.9618,-0.1916,thin,99.58,Positive accelerating,67.21,Bullish,Bullish majority,None,"Bullish - majority agree, 1 dissenting",Upper Half,No Trend,Bullish,No,No,Inside,36.61,Low,Stable,-2.31,No,"Low volatility, stable",Wide stop - size down,High,Falling,Confirmed Up,0.0637,Accumulation,47.3898,Neutral,,,,,,,,,,,,,
2025-12-22,705.5999755859375,719.0,683.0499877929688,696.2000122070312,2116233,653.3731,,,83.6,Strong Bull,Downtrend,Hold,Range,Bullish,50.84,Neutral,Mixed,"No clear trend - ADX no trend, price ranging",89.43,"Outperforming, weakening",Leads both,56.3601,Neutral,3.1119,1.4587,bullish accelerating,Neutral,2.5709,-0.3414,thin,88.22,Positive fading,66.69,Bullish,Bullish confirmed,Bearish divergence,Bullish - bearish divergence vs price over 21 bars,Upper Half,No Trend,Bullish,No,Yes,Inside,38.78,Low,Stable,2.0,No,"Low volatility, stable",Wide stop - size down,Normal,Falling,Weak Down,0.0851,Accumulation,55.2744,Neutral,,,,,,,,,,,,,
2025-12-23,697.7000122070312,709.8499755859375,688.1500244140625,706.3499755859375,1315630,655.4506,,,89.24,Strong Bull,Downtrend,Hold,Range,Bullish,55.86,Neutral,Mixed,"No clear trend - ADX no trend, price ranging",88.85,"Outperforming, strengthening",Leads both,58.6419,Neutral,5.2764,2.2223,bullish accelerating,Neutral,8.8954,0.3466,thin,88.81,Positive accelerating,71.32,Strong Bullish,Bullish confirmed,None,Strong Bullish - all 4 components agree incl. MACD acceleration,Upper Half,No Trend,Bullish,No,No,Inside,35.38,Low,Stable,-8.01,No,"Low volatility, stable",Wide stop - size down,Normal,Falling,Weak Up,0.0783,Accumulation,60.1766,Neutral,,,,,,,,,,,,,
2025-12-24,708.5,739.4500122070312,707.0,721.75,3430861,658.0506,,,96.05,Strong Bull,Downtrend,Hold,Range,Bullish,63.32,Bull,Mixed,"Range with bullish lean - ADX no trend, direction not confirmed",100.0,"Outperforming, strengthening",Leads both,61.8972,Neutral,8.1406,3.4059,bullish accelerating,Overbought,11.9426,0.6765,thin,100.0,Positive accelerating,77.49,Strong Bullish,Bullish confirmed,None,Strong Bullish - all 4 components agree incl. MACD acceleration,Upper Half,No Trend,Bullish,Yes,No,Near Upper,35.63,Low,Stable,-6.85,No,"Low volatility, stable",Wide stop - size down,Normal,Falling,Confirmed Up,0.0457,Neutral,69.2093,Neutral,,,,,,,,,,,,,
2025-12-26,721.7000122070312,727.7999877929688,705.0,709.9500122070312,1678326,660.0858,,,93.88,Strong Bull,Downtrend,Hold,Range,Bullish,59.82,Neutral,Mixed,"No clear trend - ADX no trend, price ranging",95.21,"Outperforming, strengthening",Leads both,58.1222,Neutral,9.3506,4.5949,bullish accelerating,Neutral,9.8229,0.4426,thin,94.03,Positive fading,74.51,Strong Bullish,Bullish confirmed,None,Strong Bullish - all 4 components agree incl. MACD acceleration,Upper Half,No Trend,Bullish,Yes,No,Inside,37.23,Low,Stable,-1.91,No,"Low volatility, stable",Wide stop - size down,Normal,Falling,Weak Down,0.0008,Neutral,69.0264,Neutral,2 - Advancing,early,84.0,1.0,,,WAIT,62.0,1.0,Trend,"2 - Advancing, but trend score 60 does not confirm long - no directional edge",,
2025-12-29,709.9500122070312,723.5,700.0,717.2000122070312,1077190,662.3256,,,94.62,Strong Bull,Downtrend,Hold,Range,Bullish,62.52,Bull,Mixed,"Range with bullish lean - ADX no trend, direction not confirmed",100.0,"Outperforming, strengthening",Leads both,59.7466,Neutral,10.7704,5.83,bullish accelerating,Neutral,11.1766,0.5887,thin,100.0,Positive accelerating,76.68,Strong Bullish,Bullish confirmed,None,Strong Bullish - all 4 components agree incl. MACD acceleration,Upper Half,No Trend,Bullish,Yes,No,Inside,35.95,Low,Stable,0.04,No,"Low volatility, stable",Wide stop - size down,Dry-up,Falling,Weak Up,-0.0519,Distribution,65.0093,Neutral,2 - Advancing,early,84.0,2.0,,,WAIT,62.0,1.0,Trend agreement,"2 - Advancing, trend 63 but components disagree - wait for alignment",,
2025-12-30,717.9000244140625,747.9500122070312,707.6500244140625,731.9000244140625,3396056,665.054,,,96.15,Strong Bull,Downtrend,Hold,Range,Bullish,68.02,Bull,Mixed,"Range with bullish lean - ADX no trend, direction not confirmed",100.0,"Outperforming, strengthening",Leads both,62.8898,Neutral,12.9326,7.2505,bullish accelerating,Neutral,6.8077,0.1076,thin,100.0,Positive accelerating,78.4,Strong Bullish,Bullish confirmed,None,Strong Bullish - all 4 components agree incl. MACD acceleration,At Upper,No Trend,Bullish,Yes,No,Inside,37.41,Low,Stable,3.02,No,"Low volatility, stable",Wide stop - size down,Normal,Falling,Confirmed Up,-0.0167,Neutral,76.4897,Neutral,2 - Advancing,early,84.0,3.0,,,WAIT,62.0,1.0,Trend agreement,"2 - Advancing, trend 68 but components disagree - wait for alignment",,
2025-12-31,732.3499755859375,760.0,732.3499755859375,754.75,2105792,668.5715,,,98.41,Strong Bull,Uptrend,Buy,Range,Bullish,83.09,Strong Bull,Bullish confirmed,"Range with bullish lean - ADX emerging, direction not confirmed",100.0,"Outperforming, strengthening",Leads both,67.1798,Neutral,16.3021,9.0608,bullish accelerating,Overbought,11.6412,0.6383,thin,100.0,Positive fading,81.92,Strong Bullish,Bullish confirmed,None,Strong Bullish - all 4 components agree incl. MACD acceleration,Above Upper,Emerging,Bullish,Yes,No,Breakout Up,38.72,Low,Stable,5.3,No,"Low volatility, stable",Wide stop - size down,Normal,Falling,Weak Up,0.0514,Accumulation,82.0653,Overbought,2 - Advancing,early,84.0,4.0,,,WAIT,62.0,1.0,Weak ADX,"2 - Advancing, trend 83 but ADX shows no trend, this is a range - wait for alignment",,
2026-01-01,755.0,764.9000244140625,727.8499755859375,738.5,1392172,671.3138,,,95.16,Strong Bull,Uptrend,Hold,Range,Bullish,82.88,Strong Bull,Bullish confirmed,"Range with bullish lean - ADX emerging, direction not confirmed",100.0,"Outperforming, strengthening",Leads both,61.7157,Neutral,17.4599,10.7406,bullish fading,Overbought,11.7585,0.6483,thin,100.0,Positive accelerating,79.82,Strong Bullish,Bullish confirmed,None,Strong Bullish - all 4 components agree incl. MACD acceleration,Upper Half,Emerging,Bullish,Yes,No,Inside,42.07,Normal,Stable,6.76,No,"Normal volatility, stable",Wide stop - size down,Normal,Falling,Weak Down,0.046,Neutral,77.543,Neutral,2 - Advancing,early,84.0,5.0,,,WAIT,62.0,1.0,Weak ADX,"2 - Advancing, trend 83 but ADX shows no trend, this is a range - wait for alignment",,
2026-01-02,738.0,753.7999877929688,736.0499877929688,741.6500244140625,1251316,674.0721,,,94.99,Strong Bull,Uptrend,Hold,Range,Bullish,83.68,Strong Bull,Bullish confirmed,"Range with bullish lean - ADX emerging, direction not confirmed",100.0,"Outperforming, strengthening",Leads both,62.3549,Neutral,18.4194,12.2764,bullish fading,Overbought,11.8881,0.6596,thin,100.0,Positive fading,79.28,Strong Bullish,Bullish confirmed,None,Strong Bullish - all 4 components agree incl. MACD acceleration,Upper Half,Emerging,Bullish,Yes,No,Inside,39.68,Low,Stable,6.6,No,"Low volatility, stable",Wide stop - size down,Normal,Falling,Weak Up,0.0458,Neutral,77.8631,Neutral,2 - Advancing,early,84.0,6.0,,,WAIT,62.0,1.0,Weak ADX,"2 - Advancing, trend 84 but ADX shows no trend, this is a range - wait for alignment","2 - Advancing, but trend score 60 does not confirm long - no directional edge",
2026-01-05,744.0,744.0,677.0,684.9000244140625,3409934,674.4967,,,83.96,Strong Bull,Uptrend,Hold,Range,Bullish,75.92,Strong Bull,Bullish confirmed,"Range with bullish lean - ADX emerging, direction not confirmed",75.13,"Outperforming, strengthening",Leads both,47.0986,Neutral,14.4341,12.7079,bullish fading,Neutral,-2.4289,-0.9243,thin,80.99,Positive fading,61.68,Bullish,Bullish majority,Bearish divergence,Bullish - bearish divergence vs price over 21 bars,Lower Half,Emerging,Bullish,Yes,Yes,Inside,52.83,Normal,Stable,16.22,No,"Normal volatility, stable",Wide stop - size down,Normal,Falling,Confirmed Down,-0.0307,Neutral,68.1411,Neutral,2 - Advancing,early,84.0,7.0,,,WAIT,62.0,1.0,Weak ADX,"2 - Advancing, trend 76 but ADX shows no trend, this is a range - wait for alignment","2 - Advancing, trend 63 but components disagree - wait for alignment",
2026-01-06,690.1500244140625,706.6500244140625,680.0499877929688,694.4500122070312,2912639,675.2792,,,85.79,Strong Bull,Uptrend,Hold,Range,Bullish,78.61,Strong Bull,Bullish confirmed,"Range with bullish lean - ADX emerging, direction not confirmed",68.66,"Outperforming, strengthening",Leads both,49.3447,Neutral,11.9091,12.5482,Bearish crossover,Neutral,-0.2514,-0.6793,thin,73.71,Positive fading,55.71,Neutral,Bearish majority,Bearish divergence,Neutral - bearish divergence vs price over 21 bars,Upper Half,Emerging,Bullish,Yes,Yes,Inside,49.92,Normal,Stable,11.14,No,"Normal volatility, stable",Wide stop - size down,Normal,Falling,Confirmed Up,-0.0401,Neutral,60.6317,Neutral,2 - Advancing,early,84.0,8.0,,,WAIT,62.0,1.0,Weak ADX,"2 - Advancing, trend 79 but ADX shows no trend, this is a range - wait for alignment","2 - Advancing, trend 68 but components disagree - wait for alignment",
2026-01-07,697.8499755859375,700.9000244140625,683.5,692.4500122070312,1312206,675.9526,,,73.6,Bull,Uptrend,Hold,Range,Bullish,72.97,Bull,Bullish confirmed,"Range with bullish lean - ADX no trend, direction not confirmed",64.48,"Outperforming, strengthening",Leads both,48.8766,Neutral,9.6355,11.9656,bullish accelerating,Neutral,-1.9679,-0.8655,thin,69.81,Positive fading,50.64,Neutral,Bearish majority,Bearish divergence,Neutral - bearish divergence vs price over 21 bars,Lower Half,No Trend,Bullish,No,Yes,Inside,44.61,Normal,Stable,9.24,No,"Normal volatility, stable",Wide stop - size down,Normal,Falling,Weak Down,-0.0048,Neutral,60.5292,Neutral,2 - Advancing,early,84.0,9.0,,,WAIT,62.0,1.0,Weak ADX,"2 - Advancing, trend 73 but ADX shows no trend, this is a range - wait for alignment","2 - Advancing, trend 83 but ADX shows no trend, this is a range - wait for alignment",
2026-01-08,692.4500122070312,699.5999755859375,662.4500122070312,672.7000122070312,1904523,675.825,,,69.97,Bull,Uptrend,Hold,Uptrend (HH+HL),Bullish,70.31,Bull,Bullish majority,"Range with bullish lean - ADX no trend, direction not confirmed",54.83,"Outperforming, strengthening",Leads both,44.3983,Neutral,6.1689,10.8063,bullish accelerating,Neutral,-6.796,-1.3903,thin,60.5,Positive fading,43.54,Neutral,Bearish majority,Bearish divergence,Neutral - bearish divergence vs price over 21 bars,Lower Half,No Trend,Bearish,No,Yes,Inside,48.83,Normal,Stable,13.19,No,"Normal volatility, stable",Wide stop - size down,Normal,Falling,Weak Down,-0.0119,Neutral,59.9275,Neutral,2 - Advancing,early,84.0,10.0,,,WAIT,60.0,1.0,Weak ADX,"2 - Advancing, trend 70 but ADX shows no trend, this is a range - wait for alignment","2 - Advancing, trend 83 but ADX shows no trend, this is a range - wait for alignment",
2026-01-09,672.6500244140625,672.6500244140625,625.0,633.2999877929688,1813986,674.1574,,,49.7,Neutral,Downtrend,Sell,Uptrend (HH+HL),Bullish,44.72,Neutral,Bearish majority,"No clear trend - ADX no trend, price ranging",48.73,"Underperforming, weakening",Leads NIFTY500 only,37.096,Neutral,0.2396,8.693,bullish accelerating,Oversold,-10.7965,-1.8101,thin,52.96,Positive fading,34.8,Bearish,Bearish majority,None,"Bearish - majority agree, 1 dissenting",At Lower,No Trend,Bearish,No,Yes,Breakout Down,56.88,Normal,Stable,19.65,No,"Normal volatility, stable",Wide stop - size down,Normal,Falling,Weak Down,-0.0306,Neutral,47.7779,Neutral,2 - Advancing,early,64.0,11.0,,,WAIT,43.86,1.0,Trend,"2 - Advancing, but trend score 45 does not confirm long - no directional edge","2 - Advancing, trend 84 but ADX shows no trend, this is a range - wait for alignment","2 - Advancing, but trend score 60 does not confirm long - no directional edge"
2026-01-12,633.2999877929688,644.0,606.1500244140625,639.2999877929688,2234389,672.7904,,,46.45,Neutral,Downtrend,Hold,Uptrend (HH+HL),Bullish,43.01,Neutral,Bearish majority,"No clear trend - ADX emerging, price ranging",63.69,"Outperforming, weakening",Leads both,38.7481,Neutral,-3.9299,6.1684,bearish accelerating,Oversold,-10.8617,-1.7936,thin,64.94,Positive accelerating,37.42,Bearish,Bearish majority,None,"Bearish - majority agree, 1 dissenting",Lower Half,Emerging,Bearish,No,Yes,Inside,58.26,Normal,Expanding,22.31,No,"Normal volatility, expanding - range widening",Wide stop - size down,Normal,Falling,Weak Up,0.0194,Neutral,40.7546,Neutral,2 - Advancing,early,64.0,12.0,,,WAIT,45.08,1.0,Trend,"2 - Advancing, but trend score 43 does not confirm long - no directional edge","2 - Advancing, trend 76 but ADX shows no trend, this is a range - wait for alignment","2 - Advancing, trend 63 but components disagree - wait for alignment"
2026-01-13,649.25,661.9500122070312,635.2000122070312,653.3499755859375,1878212,672.028,,,45.22,Neutral,Downtrend,Hold,Uptrend (HH+HL),Bullish,42.52,Neutral,Bearish majority,"No clear trend - ADX emerging, price ranging",62.13,"Outperforming, strengthening",Leads both,42.5531,Neutral,-6.0311,3.7285,bearish fading,Oversold,-10.7323,-1.7572,thin,63.71,Positive fading,39.02,Bearish,Bearish majority,Bearish divergence,Bearish - bearish divergence vs price over 21 bars,Lower Half,Emerging,Bearish,No,Yes,Inside,58.14,Normal,Expanding,20.73,No,"Normal volatility, expanding - range widening",Wide stop - size down,Normal,Falling,Weak Up,-0.0041,Neutral,41.6011,Neutral,2 - Advancing,early,64.0,13.0,,,WAIT,45.34,1.0,Trend,"2 - Advancing, but trend score 43 does not confirm long - no directional edge","2 - Advancing, trend 79 but ADX shows no trend, this is a range - wait for alignment","2 - Advancing, trend 68 but components disagree - wait for alignment"
2026-01-14,659.5999755859375,659.9000244140625,637.1500244140625,646.5999755859375,1168689,671.0309,,,29.92,Bear,Downtrend,Hold,Uptrend (HH+HL),Bullish,37.11,Bear,Bearish majority,"Range with bearish lean - ADX emerging, direction not confirmed",57.67,"Outperforming, weakening",Leads both,41.228,Neutral,-8.1471,1.3534,bearish fading,Neutral,-14.3293,-2.1126,thin,60.28,Positive fading,38.6,Bearish,Bearish majority,None,"Bearish - majority agree, 1 dissenting",Lower Half,Emerging,Bearish,Yes,Yes,Inside,57.8,Normal,Stable,19.08,No,"Normal volatility, stable",Wide stop - size down,Normal,Falling,Weak Down,0.014,Neutral,32.3968,Neutral,2 - Advancing,early,40.0,14.0,,,STAND ASIDE,50.0,0.0,Stage unclear,2 - Advancing but stage confidence only 40 - regime not established,"2 - Advancing, trend 73 but ADX shows no trend, this is a range - wait for alignment","2 - Advancing, trend 83 but ADX shows no trend, this is a range - wait for alignment"
2026-01-15,646.5999755859375,646.5999755859375,646.5999755859375,646.5999755859375,0,670.0728,,,30.6,Bear,Downtrend,Hold,Uptrend (HH+HL),Bullish,37.29,Bear,Bearish majority,"Range with bearish lean - ADX emerging, direction not confirmed",50.99,"Outperforming, weakening",Leads both,41.228,Neutral,-9.712,-0.8597,bearish fading,Neutral,-12.4441,-1.8835,thin,53.49,Positive fading,37.21,Bearish,Bearish majority,None,"Bearish - majority agree, 1 dissenting",Lower Half,Emerging,Bearish,Yes,Yes,Inside,48.03,Normal,Stable,5.96,No,"Normal volatility, stable",Wide stop - size down,Dry-up,Falling,Flat,0.0377,Neutral,34.5597,Neutral,2 - Advancing,early,40.0,15.0,,,STAND ASIDE,50.0,0.0,Stage unclear,2 - Advancing but stage confidence only 40 - regime not established,"2 - Advancing, trend 70 but ADX shows no trend, this is a range - wait for alignment","2 - Advancing, trend 83 but ADX shows no trend, this is a range - wait for alignment"
2026-01-16,645.0,645.0,605.0499877929688,618.75,2356991,668.0601,,,25.41,Bear,Downtrend,Hold,Uptrend (HH+HL),Bullish,34.79,Bear,Bearish majority,"Range with bearish lean - ADX emerging, direction not confirmed",23.59,"Underperforming, weakening",Lags both,35.8816,Neutral,-13.0491,-3.2976,bearish accelerating,Oversold,-16.5712,-2.2805,thin,29.73,Negative accelerating,27.18,Strong Bearish,Bearish confirmed,None,Strong Bearish - all 4 components agree incl. MACD acceleration,Lower Half,Emerging,Bearish,Yes,Yes,Inside,57.7,Normal,Stable,18.02,No,"Normal volatility, stable",Wide stop - size down,Normal,Falling,Confirmed Down,0.0172,Neutral,33.2636,Neutral,2 - Advancing,early,40.0,16.0,,,STAND ASIDE,50.0,0.0,Stage unclear,2 - Advancing but stage confidence only 40 - regime not established,"2 - Advancing, but trend score 45 does not confirm long - no directional edge","2 - Advancing, trend 84 but ADX shows no trend, this is a range - wait for alignment"
2026-01-19,615.0,630.0,600.8499755859375,625.5,1745003,666.3911,,,27.95,Bear,Downtrend,Hold,Uptrend (HH+HL),Bullish,34.98,Bear,Bearish majority,"Range with bearish lean - ADX emerging, direction not confirmed",26.76,"Underperforming, weakening",Lags both,37.9808,Neutral,-14.9764,-5.6333,bearish fading,Oversold,-8.6728,-1.4351,thin,30.44,Negative fading,27.92,Strong Bearish,Bearish confirmed,None,Strong Bearish - all 4 components agree incl. MACD acceleration,Lower Half,Emerging,Bearish,Yes,Yes,Inside,58.14,Normal,Stable,5.3,No,"Normal volatility, stable",Wide stop - size down,Normal,Falling,Weak Up,-0.0322,Neutral,21.6074,Neutral,2 - Advancing,early,40.0,17.0,,,STAND ASIDE,50.0,0.0,Stage unclear,2 - Advancing but stage confidence only 40 - regime not established,"2 - Advancing, but trend score 43 does not confirm long - no directional edge","2 - Advancing, trend 76 but ADX shows no trend, this is a range - wait for alignment"
2026-01-20,620.0,624.0999755859375,595.0499877929688,606.9000244140625,1941428,664.0581,,,10.74,Strong Bear,Downtrend,Hold,Uptrend (HH+HL),Bullish,28.24,Bear,Bearish majority,"Range with bearish lean - ADX emerging, direction not confirmed",15.99,"Underperforming, weakening",Lags both,34.6175,Neutral,-17.7995,-8.0666,bearish accelerating,Oversold,-12.6071,-1.8246,thin,18.07,Negative accelerating,22.3,Strong Bearish,Bearish confirmed,None,Strong Bearish - all 4 components agree incl. MACD acceleration,Lower Half,Emerging,Bearish,Yes,Yes,Inside,63.6,High,Stable,13.69,No,"High volatility, stable",Wide stop - size down,Normal,Falling,Confirmed Down,-0.0269,Neutral,12.7609,Oversold,2 - Advancing,early,20.0,18.0,,,STAND ASIDE,50.0,0.0,Stage unclear,2 - Advancing but stage confidence only 20 - regime not established,"2 - Advancing, but trend score 43 does not confirm long - no directional edge","2 - Advancing, trend 79 but ADX shows no trend, this is a range - wait for alignment"
2026-01-21,597.0,619.0,589.0,613.25,1484970,662.0656,,,11.58,Strong Bear,Downtrend,Hold,Uptrend (HH+HL),Bullish,27.78,Bear,Bearish majority,"Bear - majority agree, 1 dissenting, trending ADX",7.06,"Underperforming, weakening",Lags both,36.679,Neutral,-19.302,-10.3137,bearish fading,Oversold,-11.4377,-1.6834,thin,10.15,Negative accelerating,21.31,Strong Bearish,Bearish confirmed,None,Strong Bearish - all 4 components agree incl. MACD acceleration,Lower Half,Trending,Bearish,Yes,Yes,Inside,63.5,High,Stable,18.89,No,"High volatility, stable",Wide stop - size down,Normal,Falling,Weak Up,-0.0261,Neutral,12.863,Oversold,2 - Advancing,early,20.0,19.0,,,STAND ASIDE,50.0,0.0,Stage unclear,2 - Advancing but stage confidence only 20 - regime not established,2 - Advancing but stage confidence only 40 - regime not established,"2 - Advancing, trend 73 but ADX shows no trend, this is a range - wait for alignment"
2026-01-22,616.9000244140625,639.6500244140625,607.0,631.6500244140625,1163769,660.8729,,,15.31,Strong Bear,Downtrend,Hold,Uptrend (HH+HL),Bullish,29.02,Bear,Bearish majority,"Bear - majority agree, 1 dissenting, trending ADX",21.12,"Underperforming, weakening",Lags both,42.3513,Neutral,-18.7914,-12.0092,bearish fading,Oversold,-6.1023,-1.1225,thin,22.25,Negative fading,28.81,Strong Bearish,Bearish confirmed,None,Strong Bearish - all 4 components agree incl. MACD acceleration,Lower Half,Trending,Bearish,Yes,Yes,Inside,61.9,High,Stable,13.07,No,"High volatility, stable",Wide stop - size down,Normal,Falling,Weak Up,-0.0027,Neutral,11.7973,Oversold,2 - Advancing,mid,20.0,20.0,,,STAND ASIDE,50.0,0.0,Stage unclear,2 - Advancing but stage confidence only 20 - regime not established,2 - Advancing but stage confidence only 40 - regime not established,"2 - Advancing, trend 70 but ADX shows no trend, this is a range - wait for alignment"
2026-01-23,634.5999755859375,634.5999755859375,614.0,621.2000122070312,957315,659.3171,,,12.09,Strong Bear,Downtrend,Hold,Uptrend (HH+HL),Bullish,27.84,Bear,Bearish majority,"Bear - majority agree, 1 dissenting, trending ADX",27.11,"Underperforming, weakening",Lags both,40.1515,Neutral,-19.0108,-13.4095,bearish fading,Neutral,-1.9106,-0.6852,thin,25.9,Negative fading,31.11,Bearish,Bearish confirmed,None,Bearish - all 4 components agree incl. MACD acceleration,Lower Half,Trending,Bearish,Yes,No,Inside,59.73,Normal,Stable,2.86,No,"Normal volatility, stable",Wide stop - size down,Normal,Falling,Weak Down,0.0158,Neutral,13.2365,Oversold,2 - Advancing,mid,20.0,21.0,,,STAND ASIDE,50.0,0.0,Stage unclear,2 - Advancing but stage confidence only 20 - regime not established,2 - Advancing but stage confidence only 40 - regime not established,"2 - Advancing, but trend score 45 does not confirm long - no directional edge"
2026-01-27,614.6500244140625,627.9000244140625,604.3499755859375,619.0999755859375,929567,657.7399,,,11.04,Strong Bear,Downtrend,Hold,Uptrend (HH+HL),Bullish,27.26,Bear,Bearish majority,"Bear - majority agree, 1 dissenting, trending ADX",18.38,"Underperforming, weakening",Lags both,39.7051,Neutral,-19.1335,-14.5543,bearish fading,Neutral,-3.1597,-0.811,thin,18.61,Negative accelerating,30.28,Bearish,Bearish confirmed,None,Bearish - all 4 components agree incl. MACD acceleration,Lower Half,Trending,Bearish,Yes,No,Inside,57.64,Normal,Stable,-0.62,No,"Normal volatility, stable",Wide stop - size down,Normal,Falling,Weak Down,0.0084,Neutral,14.6783,Oversold,2 - Advancing,mid,20.0,22.0,,,STAND ASIDE,50.0,0.0,Stage unclear,2 - Advancing but stage confidence only 20 - regime not established,2 - Advancing but stage confidence only 40 - regime not established,"2 - Advancing, but trend score 43 does not confirm long - no directional edge"
2026-01-28,618.0,623.9500122070312,602.2999877929688,607.3499755859375,1107075,655.7639,,,7.73,Strong Bear,Downtrend,Hold,Uptrend (HH+HL),Bullish,25.86,Bear,Bearish majority,"Bear - majority agree, 1 dissenting, trending ADX",11.92,"Underperforming, weakening",Lags both,37.2125,Neutral,-19.949,-15.6333,bearish fading,Neutral,-7.0406,-1.2056,thin,14.96,Negative accelerating,28.28,Strong Bearish,Bearish confirmed,None,Strong Bearish - all 4 components agree incl. MACD acceleration,Lower Half,Trending,Bearish,Yes,No,Inside,56.2,Normal,Stable,-1.94,No,"Normal volatility, stable",Wide stop - size down,Normal,Falling,Weak Down,-0.0298,Neutral,14.9389,Oversold,2 - Advancing,mid,20.0,23.0,,,STAND ASIDE,50.0,0.0,Stage unclear,2 - Advancing but stage confidence only 20 - regime not established,2 - Advancing but stage confidence only 20 - regime not established,"2 - Advancing, but trend score 43 does not confirm long - no directional edge"
2026-01-29,606.0,609.2999877929688,594.5999755859375,601.3499755859375,967775,653.63,,,5.68,Strong Bear,Downtrend,Hold,Range,Bearish,14.78,Strong Bear,Bearish confirmed,"Strong Bear - all 4 components agree, trending ADX",18.98,"Underperforming, weakening",Lags both,35.9707,Neutral,-20.8392,-16.6744,bearish fading,Oversold,-6.9981,-1.1929,thin,20.31,Negative fading,29.18,Strong Bearish,Bearish confirmed,None,Strong Bearish - all 4 components agree incl. MACD acceleration,Lower Half,Trending,Bearish,Yes,No,Inside,50.74,Normal,Stable,-7.06,No,"Normal volatility, stable",Wide stop - size down,Normal,Falling,Weak Down,-0.0742,Distribution,15.7975,Oversold,2 - Advancing,mid,20.0,24.0,,,STAND ASIDE,50.0,0.0,Stage unclear,2 - Advancing but stage confidence only 20 - regime not established,2 - Advancing but stage confidence only 20 - regime not established,2 - Advancing but stage confidence only 40 - regime not established
2026-01-30,601.3499755859375,631.0,600.5,621.25,1137970,652.3602,,,9.33,Strong Bear,Downtrend,Hold,Range,Bearish,16.45,Strong Bear,Bearish confirmed,"Strong Bear - all 4 components agree, trending ADX",24.97,"Underperforming, weakening",Lags both,42.7898,Neutral,-19.7117,-17.2819,bearish fading,Neutral,-3.9205,-0.8696,thin,25.67,Negative fading,35.38,Bearish,Bearish confirmed,None,Bearish - all 4 components agree incl. MACD acceleration,Lower Half,Trending,Bearish,Yes,No,Inside,46.63,Normal,Stable,-1.4,No,"Normal volatility, stable",Wide stop - size down,Normal,Falling,Weak Up,-0.0432,Neutral,22.3327,Neutral,2 - Advancing,mid,20.0,25.0,,,STAND ASIDE,50.0,0.0,Stage unclear,2 - Advancing but stage confidence only 20 - regime not established,2 - Advancing but stage confidence only 20 - regime not established,2 - Advancing but stage confidence only 40 - regime not established
2026-02-02,626.0,627.8499755859375,599.2999877929688,606.5499877929688,1807314,650.5637,,,6.14,Strong Bear,Downtrend,Hold,Range,Bearish,15.66,Strong Bear,Bearish confirmed,"Strong Bear - all 4 components agree, trending ADX",25.3,"Underperforming, weakening",Lags both,39.4477,Neutral,-19.7763,-17.7808,bearish fading,Neutral,-1.9717,-0.6649,thin,25.32,Negative accelerating,35.07,Bearish,Bearish confirmed,None,Bearish - all 4 components agree incl. MACD acceleration,Lower Half,Trending,Bearish,Yes,No,Inside,44.15,Normal,Stable,-13.54,No,"Normal volatility, stable",Wide stop - size down,Normal,Falling,Confirmed Down,-0.0557,Distribution,22.9164,Neutral,2 - Advancing,mid,20.0,26.0,,,STAND ASIDE,50.0,0.0,Stage unclear,2 - Advancing but stage confidence only 20 - regime not established,2 - Advancing but stage confidence only 20 - regime not established,2 - Advancing but stage confidence only 40 - regime not established
2026-02-03,654.0,684.8499755859375,625.9500122070312,675.9000244140625,7390281,651.5573,,,28.11,Bear,Downtrend,Hold,Range,Bearish,46.37,Neutral,Mixed,"Neutral - components mixed, low conviction",44.65,"Underperforming, weakening",Lags both,56.6498,Neutral,-14.0694,-17.0385,Bullish crossover,Neutral,8.0576,0.3756,thin,45.45,Negative fading,54.84,Neutral,Bullish majority,None,"Neutral - majority agree, 1 dissenting",Upper Half,Trending,Bullish,No,No,Inside,49.1,Normal,Stable,-9.03,No,"Normal volatility, stable",Wide stop - size down,High,Falling,Confirmed Up,0.1644,Accumulation,41.4844,Neutral,2 - Advancing,mid,20.0,27.0,,,STAND ASIDE,50.0,0.0,Stage unclear,2 - Advancing but stage confidence only 20 - regime not established,2 - Advancing but stage confidence only 20 - regime not established,2 - Advancing but stage confidence only 40 - regime not established
2026-02-04,678.9500122070312,704.4000244140625,672.5999755859375,696.0499877929688,2423190,653.3021,,,37.14,Bear,Uptrend,Buy,Range,Bearish,63.86,Bull,Mixed,"Range with bullish lean - ADX emerging, direction not confirmed",59.09,"Outperforming, strengthening",Leads both,60.1887,Neutral,-7.8304,-15.1969,bearish accelerating,Neutral,14.6894,1.0598,thin,58.66,Positive accelerating,65.63,Bullish,Bullish confirmed,None,Bullish - all 4 components agree incl. MACD acceleration,Above Upper,Emerging,Bullish,No,No,Inside,43.9,Normal,Stable,-19.7,No,"Normal volatility, stable",Wide stop - size down,Normal,Falling,Confirmed Up,0.1922,Accumulation,49.4888,Neutral,2 - Advancing,mid,20.0,28.0,,,STAND ASIDE,50.0,0.0,Stage unclear,2 - Advancing but stage confidence only 20 - regime not established,2 - Advancing but stage confidence only 20 - regime not established,2 - Advancing but stage confidence only 20 - regime not established
2026-02-05,694.0999755859375,718.0,678.2000122070312,714.5,1670941,655.702,,,65.51,Bull,Uptrend,Hold,Range,Bearish,73.88,Bull,Bullish confirmed,"Bull - all 4 components agree, trending ADX",80.51,"Outperforming, strengthening",Leads both,63.1546,Neutral,-1.3813,-12.4338,bearish accelerating,Overbought,16.5104,1.2405,thin,75.45,Positive accelerating,76.51,Strong Bullish,Bullish confirmed,None,Strong Bullish - all 4 components agree incl. MACD acceleration,Above Upper,Trending,Bullish,No,No,Breakout Up,45.19,Normal,Stable,-18.31,No,"Normal volatility, stable",Wide stop - size down,Normal,Falling,Weak Up,0.2274,Accumulation,52.9132,Neutral,2 - Advancing,mid,64.0,29.0,,,ENTER SMALL,70.7,3.0,Volume,"2 - Advancing, trend 74 long confirmed but participation is thin - reduce size, breakouts without volume fail more often",2 - Advancing but stage confidence only 20 - regime not established,2 - Advancing but stage confidence only 20 - regime not established
2026-02-06,710.7000122070312,713.5999755859375,695.0,706.0999755859375,1087231,657.6784,,,69.25,Bull,Uptrend,Hold,Range,Bearish,75.28,Strong Bull,Bullish confirmed,"Strong Bull - all 4 components agree, trending ADX",67.67,"Outperforming, strengthening",Leads both,60.929,Neutral,3.0171,-9.3436,bullish accelerating,Overbought,11.7866,0.7464,thin,65.72,Positive fading,73.37,Strong Bullish,Bullish confirmed,None,Strong Bullish - all 4 components agree incl. MACD acceleration,At Upper,Trending,Bullish,No,No,Inside,46.17,Normal,Stable,-15.73,No,"Normal volatility, stable",Wide stop - size down,Normal,Falling,Weak Down,0.2628,Accumulation,59.7512,Neutral,2 - Advancing,mid,64.0,30.0,,,ENTER SMALL,69.19,3.0,Volume,"2 - Advancing, trend 75 long confirmed but participation is thin - reduce size, breakouts without volume fail more often",2 - Advancing but stage confidence only 20 - regime not established,2 - Advancing but stage confidence only 20 - regime not established
2026-02-09,706.9500122070312,729.0,702.1500244140625,726.0499877929688,1038049,660.3596,,,89.59,Strong Bull,Uptrend,Hold,Range,Bearish,82.72,Strong Bull,Bullish confirmed,"Strong Bull - all 4 components agree, trending ADX",87.23,"Outperforming, strengthening",Leads both,64.1595,Neutral,8.0202,-5.8708,bullish accelerating,Overbought,16.8786,1.2671,thin,82.08,Positive accelerating,79.88,Strong Bullish,Bullish confirmed,None,Strong Bullish - all 4 components agree incl. MACD acceleration,Above Upper,Trending,Bullish,No,No,Breakout Up,46.44,Normal,Stable,-13.29,No,"Normal volatility, stable",Wide stop - size down,Normal,Falling,Weak Up,0.3265,Accumulation,65.5504,Neutral,2 - Advancing,mid,84.0,31.0,,,ENTER SMALL,77.69,3.0,Volume,"2 - Advancing, trend 83 long confirmed but participation is thin - reduce size, breakouts without volume fail more often",2 - Advancing but stage confidence only 20 - regime not established,2 - Advancing but stage confidence only 20 - regime not established
2026-02-10,726.0,736.0,717.0,727.5499877929688,922362,662.9946,,,90.06,Strong Bull,Uptrend,Hold,Range,Bearish,83.28,Strong Bull,Bullish confirmed,"Strong Bull - all 4 components agree, trending ADX",73.33,"Outperforming, strengthening",Leads both,64.3979,Neutral,11.9682,-2.303,bullish accelerating,Overbought,17.5174,1.3234,thin,70.54,Positive fading,76.38,Strong Bullish,Bullish confirmed,None,Strong Bullish - all 4 components agree incl. MACD acceleration,At Upper,Trending,Bullish,Yes,No,Near Upper,45.19,Normal,Stable,-12.45,No,"Normal volatility, stable",Wide stop - size down,Normal,Falling,Weak Up,0.2918,Accumulation,71.9171,Neutral,2 - Advancing,mid,84.0,32.0,,,ENTER SMALL,76.89,3.0,Volume,"2 - Advancing, trend 83 long confirmed but participation is thin - reduce size, breakouts without volume fail more often",2 - Advancing but stage confidence only 20 - regime not established,2 - Advancing but stage confidence only 20 - regime not established
2026-02-11,730.5,736.5499877929688,710.25,716.25,1555260,665.083,,,88.55,Strong Bull,Uptrend,Hold,Range,Bearish,82.92,Strong Bull,Bullish confirmed,"Strong Bull - all 4 components agree, trending ADX",84.13,"Outperforming, strengthening",Leads both,61.1012,Neutral,14.0236,0.9623,bullish fading,Overbought,17.9304,1.3557,thin,77.91,Positive accelerating,76.9,Strong Bullish,Bullish confirmed,None,Strong Bullish - all 4 components agree incl. MACD acceleration,Upper Half,Trending,Bullish,Yes,No,Inside,45.44,Normal,Stable,-10.76,No,"Normal volatility, stable",Wide stop - size down,Normal,Falling,Weak Down,0.2486,Accumulation,70.9297,Neutral,2 - Advancing,mid,84.0,33.0,,,ENTER SMALL,75.68,3.0,Volume,"2 - Advancing, trend 83 long confirmed but participation is thin - reduce size, breakouts without volume fail more often",2 - Advancing but stage confidence only 20 - regime not established,2 - Advancing but stage confidence only 20 - regime not established
2026-02-12,722.9500122070312,742.8499755859375,714.4000244140625,725.75,1717671,667.4621,,,90.24,Strong Bull,Uptrend,Hold,Range,Bearish,83.77,Strong Bull,Bullish confirmed,"Strong Bull - all 4 components agree, trending ADX",84.57,"Outperforming, strengthening",Leads both,62.8242,Neutral,16.232,4.0163,bullish fading,Overbought,20.6868,1.6246,thin,77.1,Positive fading,76.38,Strong Bullish,Bullish confirmed,None,Strong Bullish - all 4 components agree incl. MACD acceleration,Upper Half,Trending,Bullish,Yes,No,Inside,46.27,Normal,Stable,-4.46,No,"Normal volatility, stable",Wide stop - size down,Normal,Falling,Confirmed Up,0.24,Accumulation,71.8461,Neutral,2 - Advancing,mid,84.0,34.0,,,ENTER LONG,82.31,5.0,None,"2 - Advancing, trend 84 with bullish confirmed, momentum and volume confirm; outperforming both benchmarks","2 - Advancing, trend 74 long confirmed but participation is thin - reduce size, breakouts without volume fail more often",2 - Advancing but stage confidence only 20 - regime not established
2026-02-13,715.25,717.0499877929688,691.25,708.25,1945549,669.0616,,,86.84,Strong Bull,Uptrend,Hold,Range,Bearish,82.12,Strong Bull,Bullish confirmed,"Strong Bull - all 4 components agree, trending ADX",76.81,"Outperforming, strengthening",Leads both,57.7496,Neutral,16.3812,6.4893,bullish fading,Overbought,14.004,0.9319,thin,68.06,Positive fading,70.23,Strong Bullish,Bullish confirmed,None,Strong Bullish - all 4 components agree incl. MACD acceleration,Upper Half,Trending,Bullish,Yes,No,Inside,49.11,Normal,Stable,2.49,No,"Normal volatility, stable",Wide stop - size down,Normal,Falling,Confirmed Down,0.2443,Accumulation,68.6257,Neutral,2 - Advancing,mid,84.0,35.0,,,ENTER LONG,76.12,5.0,None,"2 - Advancing, trend 82 with bullish confirmed, momentum and volume confirm; outperforming both benchmarks","2 - Advancing, trend 75 long confirmed but participation is thin - reduce size, breakouts without volume fail more often",2 - Advancing but stage confidence only 20 - regime not established
2026-02-16,706.0,728.8499755859375,697.25,708.9500122070312,998139,670.6259,,,87.33,Strong Bull,Uptrend,Hold,Range,Bearish,82.09,Strong Bull,Bullish confirmed,"Strong Bull - all 4 components agree, trending ADX",76.5,"Outperforming, strengthening",Leads both,57.8961,Neutral,16.3673,8.4649,bullish fading,Overbought,16.8824,1.2202,thin,68.66,Positive accelerating,68.8,Bullish,Bullish confirmed,None,Bullish - all 4 components agree incl. MACD acceleration,Upper Half,Trending,Bullish,Yes,No,Inside,49.61,Normal,Stable,5.46,No,"Normal volatility, stable",Wide stop - size down,Normal,Falling,Weak Up,0.2682,Accumulation,72.1593,Neutral,2 - Advancing,mid,84.0,36.0,,,ENTER SMALL,74.08,3.0,Volume,"2 - Advancing, trend 82 long confirmed but participation is thin - reduce size, breakouts without volume fail more often","2 - Advancing, trend 83 long confirmed but participation is thin - reduce size, breakouts without volume fail more often",2 - Advancing but stage confidence only 20 - regime not established
2026-02-17,710.0,731.9500122070312,703.4500122070312,726.3499755859375,1119344,672.8111,,,91.67,Strong Bull,Uptrend,Hold,Range,Bearish,83.49,Strong Bull,Bullish confirmed,"Strong Bull - all 4 components agree, trending ADX",73.44,"Outperforming, strengthening",Leads both,61.4723,Neutral,17.5579,10.2835,bullish fading,Overbought,7.4641,0.2509,thin,67.32,Positive fading,68.99,Bullish,Bullish confirmed,None,Bullish - all 4 components agree incl. MACD acceleration,Upper Half,Trending,Bullish,No,No,Inside,47.6,Normal,Stable,-1.5,No,"Normal volatility, stable",Wide stop - size down,Normal,Falling,Weak Up,0.2575,Accumulation,76.2145,Neutral,2 - Advancing,mid,84.0,37.0,,,ENTER SMALL,74.77,3.0,Volume,"2 - Advancing, trend 83 long confirmed but participation is thin - reduce size, breakouts without volume fail more often","2 - Advancing, trend 83 long confirmed but participation is thin - reduce size, breakouts without volume fail more often",2 - Advancing but stage confidence only 20 - regime not established
2026-02-18,726.2999877929688,733.8499755859375,713.4500122070312,728.5,1173105,674.995,,,92.52,Strong Bull,Uptrend,Hold,Range,Bearish,83.7,Strong Bull,Bullish confirmed,"Strong Bull - all 4 components agree, trending ADX",68.11,"Outperforming, strengthening",Leads both,61.9029,Neutral,18.4621,11.9192,bullish fading,Overbought,4.662,-0.0379,thin,62.7,Positive fading,67.67,Bullish,Bullish confirmed,None,Bullish - all 4 components agree incl. MACD acceleration,Upper Half,Trending,Bullish,No,No,Inside,44.71,Normal,Stable,0.81,No,"Normal volatility, stable",Wide stop - size down,Normal,Falling,Weak Up,0.2916,Accumulation,79.8354,Neutral,2 - Advancing,mid,84.0,38.0,,,ENTER SMALL,74.47,3.0,Volume,"2 - Advancing, trend 84 long confirmed but participation is thin - reduce size, breakouts without volume fail more often","2 - Advancing, trend 83 long confirmed but participation is thin - reduce size, breakouts without volume fail more often",2 - Advancing but stage confidence only 20 - regime not established
2026-02-19,728.0,749.5,717.0,733.7000122070312,2895730,677.2972,526.3566,No,94.75,Strong Bull,Uptrend,Hold,Range,Bearish,84.71,Strong Bull,Bullish confirmed,"Strong Bull - all 4 components agree, trending ADX",70.21,"Outperforming, strengthening",Leads both,62.9805,Neutral,19.375,13.4104,bullish fading,Overbought,2.6872,-0.2414,thin,60.53,Positive fading,67.33,Bullish,Bullish confirmed,None,Bullish - all 4 components agree incl. MACD acceleration,Upper Half,Trending,Bullish,No,No,Inside,44.57,Normal,Stable,-0.62,No,"Normal volatility, stable",Wide stop - size down,Normal,Falling,Confirmed Up,0.2549,Accumulation,81.3225,Overbought,2 - Advancing,mid,84.0,39.0,,,ENTER LONG,80.02,5.0,None,"2 - Advancing, trend 85 with bullish confirmed, momentum and volume confirm; outperforming both benchmarks","2 - Advancing, trend 84 with bullish confirmed, momentum and volume confirm; outperforming both benchmarks","2 - Advancing, trend 74 long confirmed but participation is thin - reduce size, breakouts without volume fail more often"
2026-02-20,727.0,730.4000244140625,702.0,708.7999877929688,1059652,678.5326,528.172,No,90.98,Strong Bull,Uptrend,Hold,Uptrend (HH+HL),Bearish,93.11,Strong Bull,Bullish confirmed,"Strong Bull - all 4 components agree, trending ADX",59.4,"Outperforming, strengthening",Leads both,54.9632,Neutral,17.8831,14.3049,bullish fading,Overbought,0.3824,-0.4787,thin,53.71,Positive fading,59.82,Bullish,Bullish confirmed,None,Bullish - all 4 components agree incl. MACD acceleration,Upper Half,Trending,Bullish,No,No,Inside,45.58,Normal,Stable,-0.59,No,"Normal volatility, stable",Wide stop - size down,Normal,Falling,Weak Down,0.2219,Accumulation,82.82,Overbought,2 - Advancing,mid,84.0,40.0,,,ENTER SMALL,75.15,3.0,Volume,"2 - Advancing, trend 93 long confirmed but participation is thin - reduce size, breakouts without volume fail more often","2 - Advancing, trend 82 with bullish confirmed, momentum and volume confirm; outperforming both benchmarks","2 - Advancing, trend 75 long confirmed but participation is thin - reduce size, breakouts without volume fail more often"
2026-02-23,709.9500122070312,720.7999877929688,705.2000122070312,718.1500244140625,838251,680.0862,530.0623,No,92.6,Strong Bull,Uptrend,Hold,Uptrend (HH+HL),Bearish,93.42,Strong Bull,Bullish confirmed,"Strong Bull - all 4 components agree, trending ADX",69.23,"Outperforming, strengthening",Leads both,57.1681,Neutral,17.2563,14.8952,bullish fading,Neutral,-1.0881,-0.6291,thin,63.48,Positive accelerating,60.96,Bullish,Bullish confirmed,None,Bullish - all 4 components agree incl. MACD acceleration,Upper Half,Trending,Bullish,No,No,Inside,41.31,Normal,Stable,-5.13,No,"Normal volatility, stable",Wide stop - size down,Dry-up,Falling,Weak Up,0.2476,Accumulation,77.7744,Neutral,2 - Advancing,mid,84.0,41.0,,,ENTER SMALL,76.83,3.0,Volume,"2 - Advancing, trend 93 long confirmed but participation is thin - reduce size, breakouts without volume fail more often","2 - Advancing, trend 82 long confirmed but participation is thin - reduce size, breakouts without volume fail more often","2 - Advancing, trend 83 long confirmed but participation is thin - reduce size, breakouts without volume fail more often"
2026-02-24,714.0499877929688,715.3499755859375,680.0,698.8499755859375,1945327,680.822,531.7418,No,86.5,Strong Bull,Uptrend,Hold,Uptrend (HH+HL),Bearish,90.32,Strong Bull,Bullish confirmed,"Range with bullish lean - ADX emerging, direction not confirmed",59.52,"Outperforming, strengthening",Leads both,51.5571,Neutral,15.0289,14.9219,bullish fading,Neutral,-3.9447,-0.9218,thin,54.06,Positive fading,51.69,Neutral,Bullish majority,None,Neutral - price momentum agrees but MACD shows deceleration,Upper Half,Emerging,Bullish,No,Yes,Inside,42.49,Normal,Stable,-2.7,No,"Normal volatility, stable",Wide stop - size down,Normal,Falling,Confirmed Down,0.2374,Accumulation,67.7915,Neutral,2 - Advancing,mid,84.0,42.0,,,WAIT,62.0,1.0,Weak ADX,"2 - Advancing, trend 90 but ADX shows no trend, this is a range - wait for alignment","2 - Advancing, trend 83 long confirmed but participation is thin - reduce size, breakouts without volume fail more often","2 - Advancing, trend 83 long confirmed but participation is thin - reduce size, breakouts without volume fail more often"
2026-02-25,706.0,729.2999877929688,699.0999755859375,706.2999877929688,1389510,681.8212,533.4787,No,83.16,Strong Bull,Uptrend,Hold,Uptrend (HH+HL),Bearish,88.57,Strong Bull,Bullish confirmed,"Range with bullish lean - ADX emerging, direction not confirmed",61.88,"Outperforming, strengthening",Leads both,53.4561,Neutral,13.7069,14.6789,Bearish crossover,Neutral,-1.3892,-0.6535,thin,53.99,Positive fading,49.94,Neutral,Mixed,None,"Neutral - components mixed, low conviction",Upper Half,Emerging,Bullish,No,Yes,Inside,39.8,Low,Stable,-5.63,No,"Low volatility, stable",Wide stop - size down,Normal,Falling,Weak Up,0.2316,Accumulation,67.3652,Neutral,2 - Advancing,mid,84.0,43.0,,,WAIT,62.0,1.0,Weak ADX,"2 - Advancing, trend 89 but ADX shows no trend, this is a range - wait for alignment","2 - Advancing, trend 84 long confirmed but participation is thin - reduce size, breakouts without volume fail more often","2 - Advancing, trend 83 long confirmed but participation is thin - reduce size, breakouts without volume fail more often"
2026-02-26,710.4500122070312,710.5,686.0,700.2999877929688,2048529,682.5458,535.1386,No,76.64,Bull,Uptrend,Hold,Range,Bearish,75.41,Strong Bull,Bullish confirmed,"Range with bullish lean - ADX emerging, direction not confirmed",53.3,"Outperforming, strengthening",Leads both,51.6984,Neutral,12.0363,14.1504,bullish accelerating,Neutral,-3.5067,-0.8702,thin,47.16,Negative accelerating,44.99,Neutral,Bearish majority,None,"Neutral - majority agree, 1 dissenting",Lower Half,Emerging,Bullish,No,Yes,Inside,35.74,Low,Stable,-10.53,No,"Low volatility, stable",Wide stop - size down,Normal,Falling,Confirmed Down,0.2363,Accumulation,59.1505,Neutral,2 - Advancing,mid,84.0,44.0,,,WAIT,61.53,1.0,Weak ADX,"2 - Advancing, trend 75 but ADX shows no trend, this is a range - wait for alignment","2 - Advancing, trend 85 with bullish confirmed, momentum and volume confirm; outperforming both benchmarks","2 - Advancing, trend 84 with bullish confirmed, momentum and volume confirm; outperforming both benchmarks"
2026-02-27,698.8499755859375,712.7000122070312,686.75,710.9000244140625,1409206,683.6578,536.8874,No,79.93,Bull,Uptrend,Hold,Range,Bearish,75.81,Strong Bull,Bullish confirmed,"Range with bullish lean - ADX no trend, direction not confirmed",57.32,"Outperforming, strengthening",Leads both,54.5422,Neutral,11.4358,13.6075,bullish accelerating,Neutral,0.3742,-0.4642,thin,48.04,Negative fading,46.68,Neutral,Bearish majority,None,"Neutral - majority agree, 1 dissenting",Upper Half,No Trend,Bullish,No,No,Inside,30.47,Low,Stable,-18.65,No,"Low volatility, stable",Wide stop - size down,Normal,Falling,Weak Up,0.2566,Accumulation,59.816,Neutral,2 - Advancing,mid,84.0,45.0,,,WAIT,62.0,1.0,Weak ADX,"2 - Advancing, trend 76 but ADX shows no trend, this is a range - wait for alignment","2 - Advancing, trend 93 long confirmed but participation is thin - reduce size, breakouts without volume fail more often","2 - Advancing, trend 82 with bullish confirmed, momentum and volume confirm; outperforming both benchmarks"
2026-03-02,680.0,710.0999755859375,674.0,705.0,1950250,684.4947,538.5602,No,77.43,Bull,Uptrend,Hold,Range,Bearish,69.9,Bull,Mixed,"Range with bullish lean - ADX no trend, direction not confirmed",61.15,"Outperforming, strengthening",Leads both,52.6829,Neutral,10.3643,12.9588,bullish accelerating,Neutral,-0.5572,-0.5596,thin,48.91,Negative fading,46.09,Neutral,Bearish majority,None,"Neutral - majority agree, 1 dissenting",Lower Half,No Trend,Bearish,No,No,Inside,25.82,Low,Contracting,-23.79,Confirmed,"Low volatility, squeeze confirmed - expansion pending",Wide stop - size down,Normal,Falling,Confirmed Down,0.3182,Accumulation,52.934,Neutral,2 - Advancing,mid,84.0,46.0,,,WAIT,59.38,1.0,Trend agreement,"2 - Advancing, trend 70 but components disagree - wait for alignment","2 - Advancing, trend 93 long confirmed but participation is thin - reduce size, breakouts without volume fail more often","2 - Advancing, trend 82 long confirmed but participation is thin - reduce size, breakouts without volume fail more often"
2026-03-04,699.0499877929688,704.9000244140625,673.7999877929688,701.0,1637001,685.142,540.1765,No,78.37,Bull,Uptrend,Hold,Range,Bearish,70.8,Bull,Mixed,"Range with bullish lean - ADX no trend, direction not confirmed",70.65,"Outperforming, strengthening",Leads both,51.4036,Neutral,9.0877,12.1846,bullish accelerating,Neutral,-3.49,-0.8628,thin,54.6,Positive accelerating,47.2,Neutral,Mixed,None,"Neutral - components mixed, low conviction",Lower Half,No Trend,Bearish,No,Yes,Inside,23.49,Low,Contracting,-24.11,Confirmed,"Low volatility, squeeze confirmed - expansion pending",Wide stop - size down,Normal,Falling,Confirmed Down,0.2504,Accumulation,52.8888,Neutral,2 - Advancing,mid,84.0,47.0,,,WAIT,60.12,1.0,Trend agreement,"2 - Advancing, trend 71 but components disagree - wait for alignment","2 - Advancing, trend 90 but ADX shows no trend, this is a range - wait for alignment","2 - Advancing, trend 83 long confirmed but participation is thin - reduce size, breakouts without volume fail more often"
2026-03-05,701.0,703.2000122070312,673.0999755859375,684.2999877929688,1712935,685.109,541.6106,No,73.79,Bull,Uptrend,Hold,Range,Bearish,69.71,Bull,Mixed,"Range with bullish lean - ADX no trend, direction not confirmed",62.47,"Outperforming, strengthening",Leads both,46.3434,Neutral,6.6517,11.078,bullish accelerating,Neutral,-6.0673,-1.1262,thin,50.59,Positive fading,42.04,Neutral,Bearish majority,Bearish divergence,Neutral - bearish divergence vs price over 21 bars,Below Lower,No Trend,Bearish,No,Yes,Inside,19.49,Very Low,Contracting,-25.22,Confirmed,"Very Low volatility, squeeze confirmed - expansion pending",Wide stop - size down,Normal,Falling,Confirmed Down,0.2036,Accumulation,45.1544,Neutral,2 - Advancing,mid,84.0,48.0,,,WAIT,58.08,1.0,Trend agreement,"2 - Advancing, trend 70 but components disagree - wait for alignment","2 - Advancing, trend 89 but ADX shows no trend, this is a range - wait for alignment","2 - Advancing, trend 84 long confirmed but participation is thin - reduce size, breakouts without volume fail more often"
2026-03-06,680.2999877929688,687.7999877929688,662.9000244140625,674.0499877929688,752277,684.6753,542.9284,No,61.27,Bull,Uptrend,Hold,Range,Bearish,62.39,Bull,Mixed,"Range with bullish lean - ADX no trend, direction not confirmed",65.89,"Outperforming, strengthening",Leads both,43.5122,Neutral,3.8497,9.6324,bullish accelerating,Neutral,-8.13,-1.3327,thin,50.55,Positive fading,38.89,Bearish,Bearish majority,None,"Bearish - majority agree, 1 dissenting",Below Lower,No Trend,Bearish,No,Yes,Near Lower,21.46,Low,Contracting,-23.11,Confirmed,"Low volatility, squeeze confirmed - expansion pending",Wide stop - size down,Normal,Falling,Weak Down,0.1601,Accumulation,47.7943,Neutral,2 - Advancing,mid,74.0,49.0,,,WAIT,54.04,1.0,Trend agreement,"2 - Advancing, trend 62 but components disagree - wait for alignment","2 - Advancing, trend 75 but ADX shows no trend, this is a range - wait for alignment","2 - Advancing, trend 85 with bullish confirmed, momentum and volume confirm; outperforming both benchmarks"
2026-03-09,660.0,685.0,650.5999755859375,681.7000122070312,1444623,684.5586,544.3092,No,61.2,Bull,Uptrend,Hold,Range,Bearish,64.7,Bull,Mixed,"Range with bullish lean - ADX no trend, direction not confirmed",73.01,"Outperforming, strengthening",Leads both,46.1561,Neutral,2.2208,8.1501,bullish accelerating,Oversold,-3.8234,-0.8791,thin,51.93,Positive accelerating,39.83,Bearish,Bearish majority,None,"Bearish - majority agree, 1 dissenting",Lower Half,No Trend,Bearish,No,Yes,Inside,26.35,Low,Stable,-19.23,Confirmed,"Low volatility, squeeze confirmed - expansion pending",Wide stop - size down,Normal,Falling,Weak Up,0.1906,Accumulation,42.2471,Neutral,2 - Advancing,mid,74.0,50.0,,,WAIT,56.56,1.0,Trend agreement,"2 - Advancing, trend 65 but components disagree - wait for alignment","2 - Advancing, trend 76 but ADX shows no trend, this is a range - wait for alignment","2 - Advancing, trend 93 long confirmed but participation is thin - reduce size, breakouts without volume fail more often"
2026-03-10,695.0,699.0,677.4500122070312,695.75,1140241,684.9975,545.8161,No,62.5,Bull,Uptrend,Hold,Range,Bearish,66.18,Bull,Mixed,"Range with bullish lean - ADX no trend, direction not confirmed",72.62,"Outperforming, strengthening",Leads both,50.7183,Neutral,2.0401,6.9281,bullish fading,Neutral,-3.1191,-0.8022,thin,55.01,Positive accelerating,44.28,Neutral,Mixed,None,"Neutral - components mixed, low conviction",Lower Half,No Trend,Bearish,No,Yes,Inside,24.15,Low,Stable,-17.17,Confirmed,"Low volatility, squeeze confirmed - expansion pending",Wide stop - size down,Normal,Falling,Weak Up,0.1895,Accumulation,42.1742,Neutral,2 - Advancing,mid,74.0,51.0,,,WAIT,58.57,1.0,Trend agreement,"2 - Advancing, trend 66 but components disagree - wait for alignment","2 - Advancing, trend 70 but components disagree - wait for alignment","2 - Advancing, trend 93 long confirmed but participation is thin - reduce size, breakouts without volume fail more often"
2026-03-11,698.0,704.8499755859375,690.2999877929688,702.0,883658,685.6642,547.3702,No,63.9,Bull,Uptrend,Hold,Range,Bearish,67.18,Bull,Mixed,"Range with bullish lean - ADX no trend, direction not confirmed",89.65,"Outperforming, strengthening",Leads both,52.6406,Neutral,2.3738,6.0172,bullish fading,Neutral,0.4507,-0.4276,thin,66.45,Positive accelerating,51.02,Neutral,Mixed,None,"Neutral - components mixed, low conviction",Lower Half,No Trend,Bearish,No,No,Inside,21.1,Low,Contracting,-21.38,Confirmed,"Low volatility, squeeze confirmed - expansion pending",Coiled - low vol squeeze,Normal,Falling,Weak Up,0.2044,Accumulation,41.2636,Neutral,2 - Advancing,mid,74.0,52.0,,,WAIT,61.04,1.0,Trend agreement,"2 - Advancing, trend 67 but components disagree - wait for alignment","2 - Advancing, trend 71 but components disagree - wait for alignment","2 - Advancing, trend 90 but ADX shows no trend, this is a range - wait for alignment"
2026-03-12,690.0499877929688,713.0,685.4000244140625,710.5499877929688,1003844,686.6402,548.9938,No,75.28,Bull,Uptrend,Hold,Range,Bearish,71.35,Bull,Mixed,"Range with bullish lean - ADX no trend, direction not confirmed",96.08,"Outperforming, strengthening",Leads both,55.2143,Neutral,3.2903,5.4718,bullish fading,Neutral,0.6017,-0.4106,thin,70.41,Positive accelerating,56.2,Neutral,Bullish majority,None,Neutral - price momentum agrees but MACD shows deceleration,Upper Half,No Trend,Bullish,No,No,Inside,20.6,Low,Stable,-19.2,Confirmed,"Low volatility, squeeze confirmed - expansion pending",Coiled - low vol squeeze,Normal,Falling,Weak Up,0.2658,Accumulation,35.0408,Neutral,2 - Advancing,mid,84.0,53.0,,,WAIT,62.0,1.0,Trend agreement,"2 - Advancing, trend 71 but components disagree - wait for alignment","2 - Advancing, trend 70 but components disagree - wait for alignment","2 - Advancing, trend 89 but ADX shows no trend, this is a range - wait for alignment"
2026-03-13,710.0,721.0,692.0999755859375,705.0,2014478,687.3601,550.5461,No,80.76,Strong Bull,Uptrend,Hold,Range,Bearish,73.27,Bull,Mixed,"Range with bullish lean - ADX no trend, direction not confirmed",99.16,"Outperforming, strengthening",Leads both,53.1935,Neutral,3.5281,5.0831,bullish fading,Neutral,0.6711,-0.4022,thin,68.11,Positive fading,56.5,Neutral,Bullish majority,None,Neutral - price momentum agrees but MACD shows deceleration,Lower Half,No Trend,Bullish,No,No,Inside,20.28,Low,Stable,-15.46,Confirmed,"Low volatility, squeeze confirmed - expansion pending",Coiled - low vol squeeze,Normal,Falling,Confirmed Down,0.2676,Accumulation,43.5025,Neutral,2 - Advancing,mid,84.0,54.0,,,WAIT,62.0,1.0,Trend agreement,"2 - Advancing, trend 73 but components disagree - wait for alignment","2 - Advancing, trend 62 but components disagree - wait for alignment","2 - Advancing, trend 75 but ADX shows no trend, this is a range - wait for alignment"
2026-03-16,700.0,723.4500122070312,684.4500122070312,713.2000122070312,1762085,688.3735,552.1646,No,85.67,Strong Bull,Uptrend,Hold,Downtrend (LH+LL),Bearish,64.98,Bull,Mixed,"Range with bullish lean - ADX no trend, direction not confirmed",100.0,"Outperforming, strengthening",Leads both,55.7692,Neutral,4.3283,4.9321,bullish fading,Neutral,0.3235,-0.4375,thin,71.11,Positive accelerating,60.3,Bullish,Bullish majority,None,Bullish - price momentum agrees but MACD shows deceleration,Upper Half,No Trend,Bullish,No,No,Inside,21.83,Low,Stable,-8.64,Confirmed,"Low volatility, squeeze confirmed - expansion pending",Wide stop - size down,Normal,Falling,Confirmed Up,0.2767,Accumulation,45.9885,Neutral,2 - Advancing,mid,84.0,55.0,,,WAIT,62.0,1.0,Trend agreement,"2 - Advancing, trend 65 but components disagree - wait for alignment","2 - Advancing, trend 65 but components disagree - wait for alignment","2 - Advancing, trend 76 but ADX shows no trend, this is a range - wait for alignment"
2026-03-17,726.9500122070312,729.6500244140625,706.3499755859375,723.75,1252990,689.7608,553.8719,No,88.42,Strong Bull,Uptrend,Hold,Downtrend (LH+LL),Bearish,65.95,Bull,Mixed,"Range with bullish lean - ADX no trend, direction not confirmed",87.54,"Outperforming, strengthening",Leads both,58.9027,Neutral,5.7476,5.0952,Bullish crossover,Overbought,2.6596,-0.1907,thin,61.24,Positive fading,60.32,Bullish,Bullish confirmed,Bearish divergence,Bullish - bearish divergence vs price over 21 bars,Upper Half,No Trend,Bullish,No,No,Inside,21.15,Low,Stable,-4.67,Confirmed,"Low volatility, squeeze confirmed - expansion pending",Coiled - low vol squeeze,Normal,Falling,Weak Up,0.3041,Accumulation,53.7947,Neutral,2 - Advancing,mid,84.0,56.0,,,WAIT,62.0,1.0,Trend agreement,"2 - Advancing, trend 66 but components disagree - wait for alignment","2 - Advancing, trend 66 but components disagree - wait for alignment","2 - Advancing, trend 70 but components disagree - wait for alignment"
2026-03-18,727.5,775.7999877929688,723.7999877929688,750.2000122070312,4976847,692.131,555.8254,No,95.38,Strong Bull,Uptrend,Hold,Downtrend (LH+LL),Bearish,68.38,Bull,Mixed,"Range with bullish lean - ADX no trend, direction not confirmed",97.55,"Outperforming, strengthening",Leads both,65.5015,Neutral,8.904,5.857,bullish accelerating,Overbought,7.0185,0.2693,thin,71.94,Positive accelerating,68.44,Bullish,Bullish confirmed,Bearish divergence,Bullish - bearish divergence vs price over 21 bars,Above Upper,No Trend,Bullish,No,No,Breakout Up,26.33,Low,Stable,2.83,Confirmed,"Low volatility, squeeze confirmed - expansion pending",Wide stop - size down,High,Falling,Confirmed Up,0.2508,Accumulation,61.2581,Neutral,2 - Advancing,mid,84.0,57.0,,,WAIT,62.0,1.0,Trend agreement,"2 - Advancing, trend 68 but components disagree - wait for alignment","2 - Advancing, trend 67 but components disagree - wait for alignment","2 - Advancing, trend 71 but components disagree - wait for alignment"
2026-03-19,740.1500244140625,784.7999877929688,735.6500244140625,754.2999877929688,6981015,694.569,557.8003,No,97.11,Strong Bull,Uptrend,Hold,Downtrend (LH+LL),Bearish,69.21,Bull,Bullish majority,"Range with bullish lean - ADX no trend, direction not confirmed",100.0,"Outperforming, strengthening",Leads both,66.402,Neutral,11.6026,7.0061,bullish accelerating,Overbought,10.2294,0.6074,thin,78.3,Positive accelerating,72.02,Strong Bullish,Bullish confirmed,None,Strong Bullish - all 4 components agree incl. MACD acceleration,Above Upper,No Trend,Bullish,Yes,No,Inside,33.79,Low,Stable,14.3,Partial,"Low volatility, stable",Wide stop - size down,High,Rising,Confirmed Up,0.1562,Accumulation,75.3026,Neutral,2 - Advancing,mid,84.0,58.0,,,WAIT,62.0,1.0,Weak ADX,"2 - Advancing, trend 69 but ADX shows no trend, this is a range - wait for alignment","2 - Advancing, trend 71 but components disagree - wait for alignment","2 - Advancing, trend 70 but components disagree - wait for alignment"
2026-03-20,769.0,795.9000244140625,755.9000244140625,780.5999755859375,4290744,697.9427,560.0172,No,99.04,Strong Bull,Uptrend,Hold,Downtrend (LH+LL),Bearish,70.9,Bull,Bullish majority,"Range with bullish lean - ADX no trend, direction not confirmed",100.0,"Outperforming, strengthening",Leads both,71.535,Overbought,15.6826,8.7414,bullish accelerating,Overbought,15.8074,1.1922,thin,85.53,Positive accelerating,77.59,Strong Bullish,Bullish confirmed,None,Strong Bullish but overbought on RSI and Stochastic - stretched,Above Upper,No Trend,Bullish,Yes,No,Near Upper,37.41,Low,Stable,15.95,No,"Low volatility, stable",Wide stop - size down,High,Rising,Confirmed Up,0.1738,Accumulation,77.7995,Neutral,2 - Advancing,mid,84.0,59.0,,,WAIT,62.0,1.0,Weak ADX,"2 - Advancing, trend 71 but ADX shows no trend, this is a range - wait for alignment","2 - Advancing, trend 73 but components disagree - wait for alignment","2 - Advancing, trend 62 but components disagree - wait for alignment"
2026-03-23,789.0,789.0,717.0499877929688,749.0499877929688,4878841,699.9469,561.8981,No,94.29,Strong Bull,Uptrend,Hold,Downtrend (LH+LL),Bearish,69.0,Bull,Bullish majority,"Range with bullish lean - ADX no trend, direction not confirmed",100.0,"Outperforming, strengthening",Leads both,59.7433,Neutral,16.1837,10.2299,bullish fading,Neutral,9.8797,0.5623,thin,63.42,Positive fading,66.12,Bullish,Bullish confirmed,Bearish divergence,Bullish - bearish divergence vs price over 21 bars,Upper Half,No Trend,Bullish,Yes,Yes,Inside,49.64,Normal,Expanding,23.29,No,Squeeze releasing - expanding 3 bars after compression,Wide stop - size down,High,Rising,Confirmed Down,0.1591,Accumulation,70.754,Neutral,2 - Advancing,mid,84.0,60.0,,,WAIT,62.0,1.0,Weak ADX,"2 - Advancing, trend 69 but ADX shows no trend, this is a range - wait for alignment","2 - Advancing, trend 65 but components disagree - wait for alignment","2 - Advancing, trend 65 but components disagree - wait for alignment"
2026-03-24,764.0,772.4000244140625,750.0999755859375,757.0,2447156,702.1843,563.8394,No,95.15,Strong Bull,Uptrend,Hold,Downtrend (LH+LL),Bearish,69.09,Bull,Bullish majority,"Range with bullish lean - ADX no trend, direction not confirmed",100.0,"Outperforming, strengthening",Leads both,61.467,Neutral,17.026,11.5891,bullish fading,Neutral,8.8034,0.4468,thin,67.47,Positive accelerating,67.22,Bullish,Bullish confirmed,None,Bullish - all 4 components agree incl. MACD acceleration,Upper Half,No Trend,Bullish,Yes,Yes,Inside,45.94,Normal,Expanding,21.8,No,Squeeze releasing - expanding 4 bars after compression,Wide stop - size down,Normal,Rising,Confirmed Up,0.1211,Accumulation,75.8893,Neutral,2 - Advancing,late,84.0,61.0,,,WAIT,62.0,1.0,Weak ADX,"2 - Advancing, trend 69 but ADX shows no trend, this is a range - wait for alignment","2 - Advancing, trend 66 but components disagree - wait for alignment","2 - Advancing, trend 66 but components disagree - wait for alignment"
2026-03-25,763.0,794.8499755859375,762.2000122070312,776.6500244140625,2971815,705.1045,565.9569,No,97.06,Strong Bull,Uptrend,Hold,Downtrend (LH+LL),Bearish,69.99,Bull,Bullish majority,"Range with bullish lean - ADX no trend, direction not confirmed",100.0,"Outperforming, strengthening",Leads both,65.4092,Neutral,19.0595,13.0832,bullish accelerating,Neutral,10.6339,0.6393,thin,69.91,Positive accelerating,69.46,Bullish,Bullish confirmed,None,Bullish - all 4 components agree incl. MACD acceleration,At Upper,No Trend,Bullish,Yes,Yes,Inside,46.13,Normal,Expanding,25.02,No,Squeeze releasing - expanding 5 bars after compression,Wide stop - size down,Normal,Rising,Confirmed Up,0.1085,Accumulation,81.1898,Overbought,2 - Advancing,late,84.0,62.0,,,WAIT,62.0,1.0,Weak ADX,"2 - Advancing, trend 70 but ADX shows no trend, this is a range - wait for alignment","2 - Advancing, trend 68 but components disagree - wait for alignment","2 - Advancing, trend 67 but components disagree - wait for alignment"
2026-03-27,772.7999877929688,802.9000244140625,759.0499877929688,796.3499755859375,4166172,708.6828,568.2494,No,98.39,Strong Bull,Uptrend,Hold,Downtrend (LH+LL),Bearish,70.82,Bull,Bullish majority,"Range with bullish lean - ADX no trend, direction not confirmed",100.0,"Outperforming, strengthening",Leads both,68.85,Neutral,22.007,14.8679,bullish accelerating,Overbought,12.0752,0.7898,thin,70.67,Positive accelerating,72.75,Strong Bullish,Bullish confirmed,None,Strong Bullish - all 4 components agree incl. MACD acceleration,Above Upper,No Trend,Bullish,Yes,Yes,Breakout Up,48.97,Normal,Expanding,28.37,No,Squeeze releasing - expanding 6 bars after compression,Wide stop - size down,Normal,Rising,Confirmed Up,0.1758,Accumulation,84.6028,Overbought,2 - Advancing,late,84.0,63.0,,,WAIT,62.0,1.0,Weak ADX,"2 - Advancing, trend 71 but ADX shows no trend, this is a range - wait for alignment","2 - Advancing, trend 69 but ADX shows no trend, this is a range - wait for alignment","2 - Advancing, trend 71 but components disagree - wait for alignment"
2026-03-30,796.3499755859375,805.0,742.1500244140625,754.0,3620394,710.4599,570.0977,No,92.14,Strong Bull,Uptrend,Hold,Downtrend (LH+LL),Bearish,68.5,Bull,Bullish majority,"Range with bullish lean - ADX no trend, direction not confirmed",100.0,"Outperforming, strengthening",Leads both,55.9625,Neutral,20.6871,16.0318,bullish fading,Overbought,6.9504,0.243,thin,62.41,Positive fading,63.73,Bullish,Bullish confirmed,None,Bullish - all 4 components agree incl. MACD acceleration,Upper Half,No Trend,Bullish,Yes,Yes,Inside,60.84,High,Expanding,40.55,No,Squeeze releasing - expanding 7 bars after compression,Wide stop - size down,Normal,Rising,Confirmed Down,0.1197,Accumulation,79.8191,Neutral,2 - Advancing,late,84.0,64.0,,,WAIT,62.0,1.0,Weak ADX,"2 - Advancing, trend 68 but ADX shows no trend, this is a range - wait for alignment","2 - Advancing, trend 71 but ADX shows no trend, this is a range - wait for alignment","2 - Advancing, trend 73 but components disagree - wait for alignment"
2026-04-01,780.0,783.8499755859375,753.0,771.0499877929688,2166641,712.836,572.0972,No,94.69,Strong Bull,Uptrend,Hold,Downtrend (LH+LL),Bearish,69.27,Bull,Bullish majority,"Range with bullish lean - ADX no trend, direction not confirmed",100.0,"Outperforming, strengthening",Leads both,59.2682,Neutral,20.7774,16.9809,bullish fading,Neutral,8.1113,0.366,thin,65.02,Positive accelerating,64.06,Bullish,Bullish confirmed,None,Bullish - all 4 components agree incl. MACD acceleration,Upper Half,No Trend,Bullish,Yes,Yes,Inside,57.64,Normal,Expanding,35.81,No,Squeeze releasing - expanding 8 bars after compression,Wide stop - size down,Normal,Rising,Weak Up,0.1018,Accumulation,80.3599,Overbought,2 - Advancing,late,84.0,65.0,,,WAIT,62.0,1.0,Weak ADX,"2 - Advancing, trend 69 but ADX shows no trend, this is a range - wait for alignment","2 - Advancing, trend 69 but ADX shows no trend, this is a range - wait for alignment","2 - Advancing, trend 65 but components disagree - wait for alignment"
2026-04-02,760.7999877929688,774.9000244140625,745.0,762.1500244140625,1574299,714.7699,573.9883,No,92.84,Strong Bull,Uptrend,Hold,Downtrend (LH+LL),Bearish,68.28,Bull,Bullish majority,"Range with bullish lean - ADX no trend, direction not confirmed",91.42,"Outperforming, strengthening",Leads both,56.8685,Neutral,19.9013,17.565,bullish fading,Neutral,5.3057,0.0656,thin,58.27,Positive fading,58.56,Bullish,Bullish confirmed,None,Bullish - all 4 components agree incl. MACD acceleration,Upper Half,No Trend,Bullish,No,Yes,Inside,56.88,Normal,Expanding,35.74,No,Squeeze releasing - expanding 9 bars after compression,Wide stop - size down,Normal,Rising,Weak Down,0.0799,Accumulation,77.1146,Neutral,2 - Advancing,late,84.0,66.0,,,WAIT,62.0,1.0,Weak ADX,"2 - Advancing, trend 68 but ADX shows no trend, this is a range - wait for alignment","2 - Advancing, trend 69 but ADX shows no trend, this is a range - wait for alignment","2 - Advancing, trend 66 but components disagree - wait for alignment"
2026-04-06,760.0,793.2000122070312,752.7000122070312,784.7999877929688,2602245,717.5162,576.0859,No,95.75,Strong Bull,Uptrend,Hold,Downtrend (LH+LL),Bearish,69.37,Bull,Bullish majority,"Range with bullish lean - ADX no trend, direction not confirmed",90.2,"Outperforming, strengthening",Leads both,61.1766,Neutral,20.795,18.211,bullish accelerating,Neutral,4.6121,-0.0088,thin,57.96,Positive fading,60.95,Bullish,Bullish confirmed,None,Bullish - all 4 components agree incl. MACD acceleration,Upper Half,No Trend,Bullish,No,Yes,Inside,55.29,Normal,Expanding,28.96,No,Squeeze releasing - expanding 10 bars after compression,Wide stop - size down,Normal,Rising,Weak Up,0.0841,Accumulation,77.9823,Neutral,2 - Advancing,late,84.0,67.0,,,WAIT,62.0,1.0,Weak ADX,"2 - Advancing, trend 69 but ADX shows no trend, this is a range - wait for alignment","2 - Advancing, trend 70 but ADX shows no trend, this is a range - wait for alignment","2 - Advancing, trend 68 but components disagree - wait for alignment"
2026-04-07,780.9500122070312,796.5,740.3499755859375,761.0,2233788,719.2214,577.9258,No,90.76,Strong Bull,Uptrend,Hold,Downtrend (LH+LL),Bearish,67.35,Bull,Bullish majority,"Range with bullish lean - ADX no trend, direction not confirmed",86.52,"Outperforming, strengthening",Leads both,54.9641,Neutral,19.3597,18.4407,bullish fading,Neutral,0.8882,-0.4081,thin,56.09,Positive fading,56.4,Neutral,Bullish confirmed,None,Neutral - all 4 components agree incl. MACD acceleration,Upper Half,No Trend,Bullish,No,Yes,Inside,61.46,High,Expanding,27.67,No,Squeeze releasing - expanding 11 bars after compression,Wide stop - size down,Normal,Rising,Weak Down,0.0804,Accumulation,73.2751,Neutral,2 - Advancing,late,84.0,68.0,,,WAIT,62.0,1.0,Weak ADX,"2 - Advancing, trend 67 but ADX shows no trend, this is a range - wait for alignment","2 - Advancing, trend 71 but ADX shows no trend, this is a range - wait for alignment","2 - Advancing, trend 69 but ADX shows no trend, this is a range - wait for alignment"
2026-04-08,781.3499755859375,789.4500122070312,765.2000122070312,770.7000122070312,2244466,721.2402,579.844,No,93.21,Strong Bull,Uptrend,Hold,Range,Bullish,77.95,Strong Bull,Bullish confirmed,"Range with bullish lean - ADX no trend, direction not confirmed",81.93,"Outperforming, strengthening",Leads both,56.8858,Neutral,18.7883,18.5102,bullish fading,Neutral,-1.2683,-0.6384,thin,57.83,Positive accelerating,56.83,Neutral,Bullish majority,None,Neutral - price momentum agrees but MACD shows deceleration,Upper Half,No Trend,Bullish,No,Yes,Inside,55.3,Normal,Stable,17.88,No,"Normal volatility, stable",Wide stop - size down,Normal,Rising,Weak Up,0.0572,Accumulation,73.647,Neutral,2 - Advancing,late,84.0,69.0,,,WAIT,62.0,1.0,Weak ADX,"2 - Advancing, trend 78 but ADX shows no trend, this is a range - wait for alignment","2 - Advancing, trend 68 but ADX shows no trend, this is a range - wait for alignment","2 - Advancing, trend 71 but ADX shows no trend, this is a range - wait for alignment"
2026-04-09,774.0,833.3499755859375,772.0,820.25,8948018,725.1229,582.2361,No,98.7,Strong Bull,Uptrend,Hold,Range,Bullish,80.49,Strong Bull,Bullish confirmed,"Range with bullish lean - ADX no trend, direction not confirmed",100.0,"Outperforming, strengthening",Leads both,65.0822,Neutral,22.0792,19.224,bullish accelerating,Neutral,9.5054,0.5223,thin,89.52,Positive accelerating,71.79,Strong Bullish,Bullish confirmed,None,Strong Bullish - all 4 components agree incl. MACD acceleration,Above Upper,No Trend,Bullish,No,Yes,Breakout Up,56.1,Normal,Stable,6.47,No,"Normal volatility, stable",Wide stop - size down,High,Rising,Confirmed Up,0.114,Accumulation,77.6372,Neutral,2 - Advancing,late,84.0,70.0,,,WAIT,62.0,1.0,Weak ADX,"2 - Advancing, trend 80 but ADX shows no trend, this is a range - wait for alignment","2 - Advancing, trend 69 but ADX shows no trend, this is a range - wait for alignment","2 - Advancing, trend 69 but ADX shows no trend, this is a range - wait for alignment"
2026-04-10,835.0,875.4500122070312,830.3499755859375,863.0499877929688,8455968,730.5318,585.0303,No,100.0,Strong Bull,Uptrend,Hold,Range,Bullish,82.07,Strong Bull,Bullish confirmed,"Range with bullish lean - ADX no trend, direction not confirmed",100.0,"Outperforming, strengthening",Leads both,70.3293,Overbought,27.8202,20.9433,bullish accelerating,Overbought,14.0092,1.0044,thin,98.56,Positive accelerating,80.96,Strong Bullish,Bullish confirmed,None,Strong Bullish but overbought on RSI and Stochastic - stretched,Above Upper,No Trend,Bullish,Yes,Yes,Breakout Up,57.77,Normal,Stable,11.83,No,"Normal volatility, stable",Wide stop - size down,High,Rising,Confirmed Up,0.1453,Accumulation,79.3679,Neutral,2 - Advancing,late,84.0,71.0,,,WAIT,62.0,1.0,Weak ADX,"2 - Advancing, trend 82 but ADX shows no trend, this is a range - wait for alignment","2 - Advancing, trend 68 but ADX shows no trend, this is a range - wait for alignment","2 - Advancing, trend 69 but ADX shows no trend, this is a range - wait for alignment"
2026-04-13,863.0499877929688,948.0,855.4000244140625,907.8499755859376,27333392,737.4855,588.2424,No,100.0,Strong Bull,Uptrend,Hold,Range,Bullish,83.73,Strong Bull,Bullish confirmed,"Range with bullish lean - ADX emerging, direction not confirmed",100.0,"Outperforming, strengthening",Leads both,74.6272,Overbought,35.5748,23.8696,bullish accelerating,Overbought,16.8931,1.308,thin,100.0,Positive accelerating,86.36,Strong Bullish,Bullish confirmed,None,Strong Bullish but overbought on RSI and Stochastic - stretched,Above Upper,Emerging,Bullish,Yes,Yes,Breakout Up,72.11,High,Expanding,25.98,No,Squeeze releasing - expanding 15 bars after compression,Wide stop - size down,High,Rising,Confirmed Up,0.1375,Accumulation,85.5533,Overbought,2 - Advancing,late,84.0,72.0,,,WAIT,62.0,1.0,Weak ADX,"2 - Advancing, trend 84 but ADX shows no trend, this is a range - wait for alignment","2 - Advancing, trend 69 but ADX shows no trend, this is a range - wait for alignment","2 - Advancing, trend 70 but ADX shows no trend, this is a range - wait for alignment"
2026-04-15,933.9500122070312,938.25,861.2999877929688,871.0499877929688,10060029,742.7233,591.0564,No,98.5,Strong Bull,Uptrend,Hold,Uptrend (HH+HL),Bullish,94.74,Strong Bull,Bullish confirmed,"Range with bullish lean - ADX emerging, direction not confirmed",100.0,"Outperforming, strengthening",Leads both,66.1507,Neutral,38.3094,26.7575,bullish fading,Overbought,9.3803,0.4962,thin,100.0,Positive fading,82.8,Strong Bullish,Bullish confirmed,None,Strong Bullish - all 4 components agree incl. MACD acceleration,Upper Half,Emerging,Bullish,Yes,Yes,Inside,84.69,Very High,Expanding,35.72,No,Very High volatility and still expanding - move may be extended,Wide stop - size down,Normal,Rising,Confirmed Down,0.0462,Neutral,73.9793,Neutral,2 - Advancing,late,84.0,73.0,,,WAIT,62.0,1.0,Weak ADX,"2 - Advancing, trend 95 but ADX shows no trend, this is a range - wait for alignment","2 - Advancing, trend 67 but ADX shows no trend, this is a range - wait for alignment","2 - Advancing, trend 71 but ADX shows no trend, this is a range - wait for alignment"
2026-04-16,886.9000244140625,887.0,863.0999755859375,866.0999755859375,3962596,747.5616,593.7932,No,97.64,Strong Bull,Uptrend,Hold,Uptrend (HH+HL),Bullish,95.87,Strong Bull,Bullish confirmed,"Strong Bull - all 4 components agree, trending ADX",100.0,"Outperforming, strengthening",Leads both,65.0799,Neutral,39.6204,29.3301,bullish fading,Neutral,14.8674,1.0839,thin,100.0,Positive accelerating,80.49,Strong Bullish,Bullish confirmed,None,Strong Bullish - all 4 components agree incl. MACD acceleration,Upper Half,Trending,Bullish,Yes,Yes,Inside,81.66,Very High,Expanding,20.82,No,Very High volatility and still expanding - move may be extended,Wide stop - size down,Normal,Rising,Weak Down,0.0196,Neutral,74.2026,Neutral,2 - Advancing,late,84.0,74.0,,,ENTER SMALL,80.0,3.0,Volume,"2 - Advancing, trend 96 long confirmed but participation is thin - reduce size, breakouts without volume fail more often","2 - Advancing, trend 78 but ADX shows no trend, this is a range - wait for alignment","2 - Advancing, trend 68 but ADX shows no trend, this is a range - wait for alignment"
2026-04-17,868.0,881.2000122070312,845.0999755859375,850.9500122070312,3982070,751.6161,596.3519,No,95.74,Strong Bull,Uptrend,Hold,Uptrend (HH+HL),Bullish,96.04,Strong Bull,Bullish confirmed,"Strong Bull - all 4 components agree, trending ADX",100.0,"Outperforming, strengthening",Leads both,61.7835,Neutral,38.9875,31.2616,bullish fading,Neutral,10.3625,0.5955,thin,100.0,Positive fading,76.6,Strong Bullish,Bullish confirmed,None,Strong Bullish - all 4 components agree incl. MACD acceleration,Upper Half,Trending,Bullish,Yes,Yes,Inside,80.09,Very High,Expanding,22.45,No,Very High volatility and still expanding - move may be extended,Wide stop - size down,Normal,Rising,Weak Down,-0.0131,Neutral,69.9939,Neutral,2 - Advancing,late,84.0,75.0,,,ENTER SMALL,80.0,3.0,Volume,"2 - Advancing, trend 96 long confirmed but participation is thin - reduce size, breakouts without volume fail more often","2 - Advancing, trend 80 but ADX shows no trend, this is a range - wait for alignment","2 - Advancing, trend 69 but ADX shows no trend, this is a range - wait for alignment"
2026-04-20,849.75,918.9500122070312,835.6500244140625,889.4500122070312,14794060,757.0213,599.2683,No,98.26,Strong Bull,Uptrend,Hold,Uptrend (HH+HL),Bullish,98.02,Strong Bull,Bullish confirmed,"Strong Bull - all 4 components agree, trending ADX",100.0,"Outperforming, strengthening",Leads both,66.4361,Neutral,41.1186,33.233,bullish accelerating,Neutral,16.7027,1.2739,thin,100.0,Positive accelerating,78.29,Strong Bullish,Bullish confirmed,None,Strong Bullish - all 4 components agree incl. MACD acceleration,Upper Half,Trending,Bullish,Yes,Yes,Inside,80.6,Very High,Expanding,23.71,No,Very High volatility and still expanding - move may be extended,Wide stop - size down,High,Rising,Confirmed Up,0.0185,Neutral,73.8984,Neutral,2 - Advancing,late,84.0,76.0,,,ENTER SMALL,85.0,4.0,Volatility extended,"2 - Advancing, long setup confirmed but volatility 81 and still expanding - late, size down and widen stop","2 - Advancing, trend 82 but ADX shows no trend, this is a range - wait for alignment","2 - Advancing, trend 68 but ADX shows no trend, this is a range - wait for alignment"
2026-04-21,893.75,906.3499755859376,875.5,896.0999755859375,4508126,762.4754,602.2219,No,98.05,Strong Bull,Uptrend,Hold,Uptrend (HH+HL),Bullish,98.97,Strong Bull,Bullish confirmed,"Strong Bull - all 4 components agree, trending ADX",100.0,"Outperforming, strengthening",Leads both,67.1794,Neutral,42.8501,35.1564,bullish fading,Neutral,14.182,0.9973,thin,100.0,Positive accelerating,78.91,Strong Bullish,Bullish confirmed,None,Strong Bullish - all 4 components agree incl. MACD acceleration,Upper Half,Trending,Bullish,Yes,Yes,Inside,78.48,High,Expanding,23.19,No,High volatility and still expanding - move may be extended,Wide stop - size down,Normal,Rising,Weak Up,0.0303,Neutral,74.1334,Neutral,2 - Advancing,late,84.0,77.0,,,ENTER SMALL,80.0,3.0,Volume,"2 - Advancing, trend 99 long confirmed but participation is thin - reduce size, breakouts without volume fail more often","2 - Advancing, trend 84 but ADX shows no trend, this is a range - wait for alignment","2 - Advancing, trend 69 but ADX shows no trend, this is a range - wait for alignment"
2026-04-22,894.4500122070312,917.7999877929688,890.0499877929688,905.5,5376605,768.0842,605.2396,No,98.01,Strong Bull,Uptrend,Hold,Uptrend (HH+HL),Bullish,99.3,Strong Bull,Bullish confirmed,"Strong Bull - all 4 components agree, trending ADX",100.0,"Outperforming, strengthening",Leads both,68.2497,Neutral,44.4683,37.0188,bullish fading,Neutral,18.9882,1.5056,thin,100.0,Positive accelerating,80.07,Strong Bullish,Bullish confirmed,None,Strong Bullish - all 4 components agree incl. MACD acceleration,Upper Half,Trending,Bullish,Yes,No,Inside,74.7,High,Stable,13.24,No,"High volatility, stable",Wide stop - size down,Normal,Rising,Weak Up,0.0497,Neutral,78.0228,Neutral,2 - Advancing,late,84.0,78.0,,,ENTER SMALL,80.0,3.0,Volume,"2 - Advancing, trend 99 long confirmed but participation is thin - reduce size, breakouts without volume fail more often","2 - Advancing, trend 95 but ADX shows no trend, this is a range - wait for alignment","2 - Advancing, trend 67 but ADX shows no trend, this is a range - wait for alignment"
2026-04-23,905.5,944.7000122070312,892.5999755859375,898.4500122070312,7003873,773.1966,608.1571,No,97.17,Strong Bull,Uptrend,Hold,Uptrend (HH+HL),Bullish,99.01,Strong Bull,Bullish confirmed,"Strong Bull - all 4 components agree, trending ADX",100.0,"Outperforming, strengthening",Leads both,66.4981,Neutral,44.6669,38.5484,bullish fading,Neutral,16.5758,1.2389,thin,100.0,Positive accelerating,78.6,Strong Bullish,Bullish confirmed,None,Strong Bullish - all 4 components agree incl. MACD acceleration,Upper Half,Trending,Bullish,Yes,Yes,Inside,76.85,High,Expanding,21.56,No,High volatility and still expanding - move may be extended,Wide stop - size down,Normal,Rising,Confirmed Down,-0.0036,Neutral,79.1755,Neutral,2 - Advancing,late,84.0,79.0,,,ENTER LONG,86.23,5.0,None,"2 - Advancing, trend 99 with bullish confirmed, momentum and volume confirm; outperforming both benchmarks, late in the stage, reduce size","2 - Advancing, trend 96 long confirmed but participation is thin - reduce size, breakouts without volume fail more often","2 - Advancing, trend 78 but ADX shows no trend, this is a range - wait for alignment"
2026-04-24,901.4500122070312,909.8499755859376,865.2999877929688,883.0,3204736,777.5026,610.8918,No,95.03,Strong Bull,Uptrend,Hold,Uptrend (HH+HL),Bullish,98.26,Strong Bull,Bullish confirmed,"Strong Bull - all 4 components agree, trending ADX",100.0,"Outperforming, strengthening",Leads both,62.7005,Neutral,43.081,39.4549,bullish fading,Neutral,7.6501,0.2779,thin,100.0,Positive fading,74.84,Strong Bullish,Bullish confirmed,Bearish divergence,Strong Bullish - bearish divergence vs price over 21 bars,Upper Half,Trending,Bullish,Yes,Yes,Inside,76.97,High,Expanding,20.87,No,High volatility and still expanding - move may be extended,Wide stop - size down,Normal,Rising,Weak Down,-0.0046,Neutral,77.7567,Neutral,2 - Advancing,late,84.0,80.0,,,HOLD / TIGHTEN STOP,70.0,2.0,Momentum divergence,"2 - Advancing, trend 98 long but momentum diverging - trend tiring, tighten stop","2 - Advancing, trend 96 long confirmed but participation is thin - reduce size, breakouts without volume fail more often","2 - Advancing, trend 80 but ADX shows no trend, this is a range - wait for alignment"
2026-04-27,887.9000244140625,954.5999755859376,884.0,941.2000122070312,4710737,783.9221,614.1785,No,98.85,Strong Bull,Uptrend,Hold,Uptrend (HH+HL),Bullish,99.6,Strong Bull,Bullish confirmed,"Strong Bull - all 4 components agree, trending ADX",100.0,"Outperforming, strengthening",Leads both,69.7165,Neutral,45.9903,40.762,bullish accelerating,Neutral,9.0551,0.4283,thin,100.0,Positive accelerating,79.06,Strong Bullish,Bullish confirmed,None,Strong Bullish - all 4 components agree incl. MACD acceleration,Upper Half,Trending,Bullish,Yes,Yes,Near Upper,75.32,High,Stable,17.55,No,"High volatility, stable",Wide stop - size down,Normal,Rising,Weak Up,0.0266,Neutral,78.3114,Neutral,2 - Advancing,late,84.0,81.0,,,ENTER SMALL,80.0,3.0,Volume,"2 - Advancing, trend 100 long confirmed but participation is thin - reduce size, breakouts without volume fail more often","2 - Advancing, long setup confirmed but volatility 81 and still expanding - late, size down and widen stop","2 - Advancing, trend 82 but ADX shows no trend, this is a range - wait for alignment"
2026-04-28,951.0,971.1500244140624,923.7000122070312,931.1500244140624,3723757,789.6957,617.3324,No,97.69,Strong Bull,Uptrend,Hold,Uptrend (HH+HL),Bullish,99.19,Strong Bull,Bullish confirmed,"Strong Bull - all 4 components agree, trending ADX",100.0,"Outperforming, strengthening",Leads both,67.3603,Neutral,46.9438,41.9984,bullish fading,Overbought,2.5665,-0.2718,thin,100.0,Positive fading,78.25,Strong Bullish,Bullish confirmed,None,Strong Bullish - all 4 components agree incl. MACD acceleration,Upper Half,Trending,Bullish,Yes,Yes,Inside,76.56,High,Stable,4.45,No,"High volatility, stable",Wide stop - size down,Normal,Rising,Weak Down,0.0087,Neutral,80.5047,Overbought,2 - Advancing,late,84.0,82.0,,,ENTER SMALL,80.0,3.0,Volume,"2 - Advancing, trend 99 long confirmed but participation is thin - reduce size, breakouts without volume fail more often","2 - Advancing, trend 99 long confirmed but participation is thin - reduce size, breakouts without volume fail more often","2 - Advancing, trend 84 but ADX shows no trend, this is a range - wait for alignment"
2026-04-29,942.0,954.9000244140624,931.7000122070312,938.4000244140624,1930567,795.5273,620.5271,No,97.62,Strong Bull,Uptrend,Hold,Uptrend (HH+HL),Bullish,99.17,Strong Bull,Bullish confirmed,"Strong Bull - all 4 components agree, trending ADX",100.0,"Outperforming, strengthening",Leads both,68.1953,Neutral,47.7343,43.1455,bullish fading,Overbought,7.7321,0.2865,thin,100.0,Positive fading,78.74,Strong Bullish,Bullish confirmed,None,Strong Bullish - all 4 components agree incl. MACD acceleration,Upper Half,Trending,Bullish,Yes,No,Inside,71.01,High,Stable,-13.68,No,"High volatility, stable",Wide stop - size down,Dry-up,Rising,Weak Up,-0.0217,Neutral,78.624,Neutral,2 - Advancing,late,84.0,83.0,,,ENTER SMALL,80.0,3.0,Volume,"2 - Advancing, trend 99 long confirmed but participation is thin - reduce size, breakouts without volume fail more often","2 - Advancing, trend 99 long confirmed but participation is thin - reduce size, breakouts without volume fail more often","2 - Advancing, trend 95 but ADX shows no trend, this is a range - wait for alignment"
2026-04-30,942.9000244140624,947.75,924.0,934.8499755859376,1991317,800.9909,623.6547,No,96.94,Strong Bull,Uptrend,Hold,Uptrend (HH+HL),Bullish,98.93,Strong Bull,Bullish confirmed,"Strong Bull - all 4 components agree, strong ADX",100.0,"Outperforming, strengthening",Leads both,67.2875,Neutral,47.5264,44.0217,bullish fading,Neutral,7.9379,0.3081,thin,100.0,Positive accelerating,76.6,Strong Bullish,Bullish confirmed,None,Strong Bullish - all 4 components agree incl. MACD acceleration,Upper Half,Strong,Bullish,Yes,No,Inside,64.28,High,Stable,-17.38,No,"High volatility, stable",Wide stop - size down,Dry-up,Rising,Weak Down,-0.0047,Neutral,75.296,Neutral,2 - Advancing,late,84.0,84.0,,,ENTER SMALL,80.0,3.0,Volume,"2 - Advancing, trend 99 long confirmed but participation is thin - reduce size, breakouts without volume fail more often","2 - Advancing, trend 99 with bullish confirmed, momentum and volume confirm; outperforming both benchmarks, late in the stage, reduce size","2 - Advancing, trend 96 long confirmed but participation is thin - reduce size, breakouts without volume fail more often"
2026-05-01,934.8499755859376,934.8499755859376,934.8499755859376,934.8499755859376,0,806.2403,626.7512,No,96.3,Strong Bull,Uptrend,Hold,Uptrend (HH+HL),Bullish,98.7,Strong Bull,Bullish confirmed,"Strong Bull - all 4 components agree, strong ADX",100.0,"Outperforming, strengthening",Leads both,67.2875,Neutral,46.8219,44.5818,bullish fading,Neutral,9.8596,0.5155,thin,100.0,Positive accelerating,74.97,Strong Bullish,Bullish confirmed,None,Strong Bullish - all 4 components agree incl. MACD acceleration,Upper Half,Strong,Bullish,Yes,No,Inside,54.8,Normal,Contracting,-25.29,No,"Normal volatility, contracting - move losing energy",Wide stop - size down,Dry-up,Rising,Flat,-0.0079,Neutral,73.1471,Neutral,2 - Advancing,late,84.0,85.0,,,ENTER SMALL,80.0,3.0,Volume,"2 - Advancing, trend 99 long confirmed but participation is thin - reduce size, breakouts without volume fail more often","2 - Advancing, trend 98 long but momentum diverging - trend tiring, tighten stop","2 - Advancing, trend 96 long confirmed but participation is thin - reduce size, breakouts without volume fail more often"
2026-05-04,946.0,949.75,896.2000122070312,934.0,3763893,811.2505,629.8084,No,95.67,Strong Bull,Uptrend,Hold,Uptrend (HH+HL),Bullish,98.48,Strong Bull,Bullish confirmed,"Strong Bull - all 4 components agree, strong ADX",100.0,"Outperforming, strengthening",Leads both,67.0397,Neutral,45.6686,44.7991,bullish fading,Neutral,5.0087,-0.0123,thin,100.0,Positive accelerating,72.98,Strong Bullish,Bullish confirmed,None,Strong Bullish - all 4 components agree incl. MACD acceleration,Upper Half,Strong,Bullish,Yes,No,Inside,54.89,Normal,Contracting,-25.71,No,"Normal volatility, contracting - move losing energy",Wide stop - size down,Normal,Rising,Weak Down,0.0031,Neutral,58.3394,Neutral,2 - Advancing,late,84.0,86.0,,,ENTER SMALL,80.0,3.0,Volume,"2 - Advancing, trend 98 long confirmed but participation is thin - reduce size, breakouts without volume fail more often","2 - Advancing, trend 100 long confirmed but participation is thin - reduce size, breakouts without volume fail more often","2 - Advancing, long setup confirmed but volatility 81 and still expanding - late, size down and widen stop"
2026-05-05,937.7000122070312,982.3499755859376,906.7999877929688,937.7999877929688,9168412,816.2132,632.873,No,95.58,Strong Bull,Uptrend,Hold,Uptrend (HH+HL),Bullish,98.45,Strong Bull,Bullish confirmed,"Strong Bull - all 4 components agree, trending ADX",100.0,"Outperforming, strengthening",Leads both,67.614,Neutral,44.5477,44.7488,Bearish crossover,Neutral,4.6535,-0.0509,thin,100.0,Positive accelerating,71.82,Strong Bullish,Bullish majority,None,Strong Bullish - price momentum agrees but MACD shows deceleration,Upper Half,Trending,Bullish,Yes,No,Inside,59.47,Normal,Stable,-19.01,No,"Normal volatility, stable",Wide stop - size down,Normal,Rising,Confirmed Up,-0.0219,Neutral,72.6384,Neutral,2 - Advancing,late,84.0,87.0,,,ENTER LONG,87.55,5.0,None,"2 - Advancing, trend 98 with bullish confirmed, momentum and volume confirm; outperforming both benchmarks, late in the stage, reduce size","2 - Advancing, trend 99 long confirmed but participation is thin - reduce size, breakouts without volume fail more often","2 - Advancing, trend 99 long confirmed but participation is thin - reduce size, breakouts without volume fail more often"
2026-05-06,953.0,954.4500122070312,890.0499877929688,897.5499877929688,4949900,819.4029,635.5066,No,91.29,Strong Bull,Uptrend,Hold,Uptrend (HH+HL),Bullish,96.95,Strong Bull,Bullish confirmed,"Strong Bull - all 4 components agree, trending ADX",100.0,"Outperforming, strengthening",Leads both,56.4044,Neutral,39.951,43.7893,bullish accelerating,Neutral,-0.878,-0.6533,thin,100.0,Positive fading,63.53,Bullish,Bullish majority,None,Bullish - price momentum agrees but MACD shows deceleration,Upper Half,Trending,Bullish,No,Yes,Inside,67.24,High,Stable,-7.46,No,"High volatility, stable",Wide stop - size down,Normal,Rising,Weak Down,-0.0461,Neutral,71.4019,Neutral,2 - Advancing,late,84.0,88.0,,,ENTER SMALL,77.99,3.0,Volume,"2 - Advancing, trend 97 long confirmed but participation is thin - reduce size, breakouts without volume fail more often","2 - Advancing, trend 99 long confirmed but participation is thin - reduce size, breakouts without volume fail more often","2 - Advancing, trend 99 long confirmed but participation is thin - reduce size, breakouts without volume fail more often"
2026-05-07,900.5,917.2000122070312,894.2000122070312,907.2000122070312,2211556,822.8459,638.21,No,89.8,Strong Bull,Uptrend,Hold,Uptrend (HH+HL),Bullish,96.43,Strong Bull,Bullish confirmed,"Strong Bull - all 4 components agree, trending ADX",100.0,"Outperforming, strengthening",Leads both,58.1939,Neutral,36.6641,42.3642,bullish accelerating,Neutral,0.9739,-0.4496,thin,100.0,Positive accelerating,61.52,Bullish,Bullish majority,None,Bullish - price momentum agrees but MACD shows deceleration,Upper Half,Trending,Bullish,No,No,Inside,52.21,Normal,Contracting,-24.65,No,"Normal volatility, contracting - move losing energy",Wide stop - size down,Dry-up,Rising,Weak Up,-0.0344,Neutral,73.0505,Neutral,2 - Advancing,late,84.0,89.0,,,ENTER SMALL,78.35,3.0,Volume,"2 - Advancing, trend 96 long confirmed but participation is thin - reduce size, breakouts without volume fail more often","2 - Advancing, trend 99 long confirmed but participation is thin - reduce size, breakouts without volume fail more often","2 - Advancing, trend 99 with bullish confirmed, momentum and volume confirm; outperforming both benchmarks, late in the stage, reduce size"
2026-05-08,911.75,939.0,903.1500244140624,915.0499877929688,3689273,826.4617,640.9646,No,87.75,Strong Bull,Uptrend,Hold,Uptrend (HH+HL),Bullish,95.71,Strong Bull,Bullish confirmed,"Strong Bull - all 4 components agree, trending ADX",100.0,"Outperforming, strengthening",Leads both,59.6451,Neutral,34.2973,40.7508,bullish accelerating,Neutral,3.6297,-0.1583,thin,100.0,Positive fading,60.31,Bullish,Mixed,None,"Bullish - components mixed, low conviction",Upper Half,Trending,Bullish,No,No,Inside,46.39,Normal,Contracting,-30.58,Partial,"Normal volatility, contracting - move losing energy",Wide stop - size down,Normal,Rising,Weak Up,-0.0869,Distribution,68.0226,Neutral,2 - Advancing,late,84.0,90.0,,,ENTER SMALL,77.66,3.0,Volume,"2 - Advancing, trend 96 long confirmed but participation is thin - reduce size, breakouts without volume fail more often","2 - Advancing, trend 99 long confirmed but participation is thin - reduce size, breakouts without volume fail more often","2 - Advancing, trend 98 long but momentum diverging - trend tiring, tighten stop"
2026-05-11,920.0,989.4000244140624,919.0,969.4500122070312,13473062,832.0691,644.2332,No,96.83,Strong Bull,Uptrend,Hold,Uptrend (HH+HL),Bullish,98.89,Strong Bull,Bullish confirmed,"Strong Bull - all 4 components agree, trending ADX",100.0,"Outperforming, strengthening",Leads both,67.9483,Neutral,36.3917,39.879,bullish fading,Neutral,3.0015,-0.2268,thin,100.0,Positive accelerating,67.03,Bullish,Bullish majority,Bearish divergence,Bullish - bearish divergence vs price over 21 bars,At Upper,Trending,Bullish,No,No,Inside,43.1,Normal,Contracting,-32.22,Partial,"Normal volatility, contracting - move losing energy",Wide stop - size down,High,Rising,Confirmed Up,-0.0679,Distribution,72.7181,Neutral,2 - Advancing,late,84.0,91.0,,,HOLD / TIGHTEN STOP,70.0,2.0,Momentum divergence,"2 - Advancing, trend 99 long but momentum diverging - trend tiring, tighten stop","2 - Advancing, trend 98 long confirmed but participation is thin - reduce size, breakouts without volume fail more often","2 - Advancing, trend 100 long confirmed but participation is thin - reduce size, breakouts without volume fail more often"
2026-05-12,974.0,974.9500122070312,917.0,924.25,5046798,835.6841,647.0194,No,89.39,Strong Bull,Uptrend,Hold,Uptrend (HH+HL),Bullish,96.29,Strong Bull,Bullish confirmed,"Strong Bull - all 4 components agree, trending ADX",100.0,"Outperforming, strengthening",Leads both,57.3835,Neutral,34.0122,38.7056,bullish accelerating,Neutral,-0.741,-0.6367,thin,100.0,Positive fading,62.72,Bullish,Bullish majority,Bearish divergence,Bullish - bearish divergence vs price over 21 bars,Upper Half,Trending,Bullish,No,No,Inside,51.02,Normal,Contracting,-25.53,Partial,"Normal volatility, contracting - move losing energy",Wide stop - size down,Normal,Rising,Weak Down,-0.1509,Distribution,64.8293,Neutral,2 - Advancing,late,84.0,92.0,,,HOLD / TIGHTEN STOP,70.0,2.0,Momentum divergence,"2 - Advancing, trend 96 long but momentum diverging - trend tiring, tighten stop","2 - Advancing, trend 98 with bullish confirmed, momentum and volume confirm; outperforming both benchmarks, late in the stage, reduce size","2 - Advancing, trend 99 long confirmed but participation is thin - reduce size, breakouts without volume fail more often"
2026-05-13,927.5999755859376,958.7999877929688,914.1500244140624,951.9500122070312,4592129,840.2435,650.0535,No,95.56,Strong Bull,Uptrend,Hold,Uptrend (HH+HL),Bullish,98.45,Strong Bull,Bullish confirmed,"Strong Bull - all 4 components agree, trending ADX",100.0,"Outperforming, strengthening",Leads both,61.3496,Neutral,33.97,37.7585,bullish fading,Neutral,1.4439,-0.3951,thin,100.0,Positive accelerating,65.85,Bullish,Bullish majority,Bearish divergence,Bullish - bearish divergence vs price over 21 bars,Upper Half,Trending,Bullish,Yes,Yes,Inside,47.48,Normal,Contracting,-23.53,Partial,"Normal volatility, contracting - move losing energy",Wide stop - size down,Normal,Rising,Weak Up,-0.0542,Distribution,63.5876,Neutral,2 - Advancing,late,84.0,93.0,,,HOLD / TIGHTEN STOP,70.0,2.0,Momentum divergence,"2 - Advancing, trend 98 long but momentum diverging - trend tiring, tighten stop","2 - Advancing, trend 97 long confirmed but participation is thin - reduce size, breakouts without volume fail more often","2 - Advancing, trend 99 long confirmed but participation is thin - reduce size, breakouts without volume fail more often"
2026-05-14,958.9500122070312,958.9500122070312,936.0499877929688,940.2999877929688,2565395,844.1673,652.9416,No,93.99,Strong Bull,Uptrend,Hold,Uptrend (HH+HL),Bullish,97.9,Strong Bull,Bullish confirmed,"Strong Bull - all 4 components agree, trending ADX",100.0,"Outperforming, strengthening",Leads both,58.8682,Neutral,32.6205,36.7309,bullish accelerating,Neutral,0.583,-0.4888,thin,100.0,Positive fading,63.6,Bullish,Bullish majority,Bearish divergence,Bullish - bearish divergence vs price over 21 bars,Upper Half,Trending,Bullish,Yes,Yes,Inside,41.13,Normal,Contracting,-23.15,Partial,"Normal volatility, contracting - move losing energy",Wide stop - size down,Normal,Rising,Weak Down,-0.0415,Neutral,68.222,Neutral,2 - Advancing,late,84.0,94.0,,,HOLD / TIGHTEN STOP,70.0,2.0,Momentum divergence,"2 - Advancing, trend 98 long but momentum diverging - trend tiring, tighten stop","2 - Advancing, trend 96 long confirmed but participation is thin - reduce size, breakouts without volume fail more often","2 - Advancing, trend 99 long confirmed but participation is thin - reduce size, breakouts without volume fail more often"
2026-05-15,946.7999877929688,965.7999877929688,926.0499877929688,937.4000244140624,4124146,847.8235,655.772,No,93.47,Strong Bull,Uptrend,Hold,Uptrend (HH+HL),Bullish,97.71,Strong Bull,Bullish confirmed,"Strong Bull - all 4 components agree, trending ADX",100.0,"Outperforming, strengthening",Leads both,58.2368,Neutral,30.9601,35.5767,bullish accelerating,Neutral,0.2728,-0.5218,thin,100.0,Positive fading,62.98,Bullish,Bullish majority,Bearish divergence,Bullish - bearish divergence vs price over 21 bars,Upper Half,Trending,Bullish,Yes,Yes,Inside,38.99,Low,Stable,-15.8,Confirmed,"Low volatility, squeeze confirmed - expansion pending",Wide stop - size down,Normal,Rising,Weak Down,-0.0323,Neutral,61.1992,Neutral,2 - Advancing,late,84.0,95.0,,,HOLD / TIGHTEN STOP,70.0,2.0,Momentum divergence,"2 - Advancing, trend 98 long but momentum diverging - trend tiring, tighten stop","2 - Advancing, trend 96 long confirmed but participation is thin - reduce size, breakouts without volume fail more often","2 - Advancing, trend 99 long confirmed but participation is thin - reduce size, breakouts without volume fail more often"
2026-05-18,930.0,932.4000244140624,905.5,910.3499755859376,2584141,850.2755,658.3051,No,86.73,Strong Bull,Uptrend,Hold,Uptrend (HH+HL),Bullish,95.36,Strong Bull,Bullish confirmed,"Strong Bull - all 4 components agree, trending ADX",100.0,"Outperforming, strengthening",Leads both,52.5722,Neutral,27.1485,33.8911,bullish accelerating,Neutral,-2.5321,-0.8294,thin,100.0,Positive fading,57.59,Neutral,Mixed,Bearish divergence,Neutral - bearish divergence vs price over 21 bars,Lower Half,Trending,Bullish,No,Yes,Inside,39.3,Low,Stable,-15.58,Confirmed,"Low volatility, squeeze confirmed - expansion pending",Wide stop - size down,Normal,Falling,Weak Down,-0.1041,Distribution,56.2169,Neutral,2 - Advancing,late,84.0,96.0,,,HOLD / TIGHTEN STOP,70.0,2.0,Momentum divergence,"2 - Advancing, trend 95 long but momentum diverging - trend tiring, tighten stop","2 - Advancing, trend 99 long but momentum diverging - trend tiring, tighten stop","2 - Advancing, trend 98 long confirmed but participation is thin - reduce size, breakouts without volume fail more often"
2026-05-19,913.0,923.2000122070312,902.0499877929688,910.2999877929688,2287419,852.6294,660.8125,No,84.95,Strong Bull,Uptrend,Hold,Uptrend (HH+HL),Bullish,94.73,Strong Bull,Bullish confirmed,"Strong Bull - all 4 components agree, trending ADX",100.0,"Outperforming, strengthening",Leads both,52.562,Neutral,23.8489,31.8827,bullish accelerating,Neutral,-2.9324,-0.8706,thin,100.0,Positive fading,55.41,Neutral,Mixed,Bearish divergence,Neutral - bearish divergence vs price over 21 bars,Lower Half,Trending,Bullish,No,No,Inside,29.67,Low,Contracting,-29.81,Confirmed,"Low volatility, squeeze confirmed - expansion pending",Wide stop - size down,Normal,Falling,Weak Down,-0.1301,Distribution,55.9511,Neutral,2 - Advancing,late,84.0,97.0,,,HOLD / TIGHTEN STOP,70.0,2.0,Momentum divergence,"2 - Advancing, trend 95 long but momentum diverging - trend tiring, tighten stop","2 - Advancing, trend 96 long but momentum diverging - trend tiring, tighten stop","2 - Advancing, trend 98 with bullish confirmed, momentum and volume confirm; outperforming both benchmarks, late in the stage, reduce size"
2026-05-20,901.2999877929688,916.0499877929688,873.5999755859375,909.0499877929688,3331140,854.842,663.2825,No,80.1,Strong Bull,Uptrend,Hold,Uptrend (HH+HL),Bullish,93.04,Strong Bull,Bullish confirmed,"Strong Bull - all 4 components agree, trending ADX",100.0,"Outperforming, strengthening",Leads both,52.2895,Neutral,20.8922,29.6846,bullish accelerating,Neutral,1.2813,-0.4028,thin,100.0,Positive accelerating,54.22,Neutral,Mixed,Bearish divergence,Neutral - bearish divergence vs price over 21 bars,Lower Half,Trending,Bullish,No,No,Inside,30.2,Low,Contracting,-37.04,Confirmed,"Low volatility, squeeze confirmed - expansion pending",Wide stop - size down,Normal,Falling,Weak Down,-0.114,Distribution,54.8537,Neutral,2 - Advancing,late,84.0,98.0,,,HOLD / TIGHTEN STOP,70.0,2.0,Momentum divergence,"2 - Advancing, trend 93 long but momentum diverging - trend tiring, tighten stop","2 - Advancing, trend 98 long but momentum diverging - trend tiring, tighten stop","2 - Advancing, trend 97 long confirmed but participation is thin - reduce size, breakouts without volume fail more often"
2026-05-21,916.0,921.0,885.0,889.2999877929688,3264904,856.1933,665.5315,No,77.4,Bull,Uptrend,Hold,Uptrend (HH+HL),Bullish,92.09,Strong Bull,Bullish confirmed,"Strong Bull - all 4 components agree, trending ADX",100.0,"Outperforming, strengthening",Leads both,48.0503,Neutral,16.7622,27.1001,bullish accelerating,Neutral,-1.9731,-0.7616,thin,100.0,Positive fading,51.87,Neutral,Bearish majority,None,"Neutral - majority agree, 1 dissenting",Lower Half,Trending,Bullish,No,No,Inside,31.74,Low,Contracting,-20.46,Partial,"Low volatility, contracting - coiling, watch for breakout",Wide stop - size down,Normal,Falling,Weak Down,-0.0828,Distribution,52.2042,Neutral,2 - Advancing,late,84.0,99.0,,,ENTER SMALL,72.3,3.0,Volume,"2 - Advancing, trend 92 long confirmed but participation is thin - reduce size, breakouts without volume fail more often","2 - Advancing, trend 98 long but momentum diverging - trend tiring, tighten stop","2 - Advancing, trend 96 long confirmed but participation is thin - reduce size, breakouts without volume fail more often"
2026-05-22,898.0,907.9500122070312,874.0999755859375,883.7999877929688,3039687,857.2759,667.7033,No,77.01,Bull,Uptrend,Hold,Uptrend (HH+HL),Bullish,91.43,Strong Bull,Bullish confirmed,"Strong Bull - all 4 components agree, trending ADX",100.0,"Outperforming, strengthening",Leads both,46.9098,Neutral,12.8966,24.2594,bullish accelerating,Oversold,-3.4151,-0.9184,thin,93.35,Positive fading,48.65,Neutral,Bearish majority,None,"Neutral - majority agree, 1 dissenting",At Lower,Trending,Bullish,No,No,Inside,29.82,Low,Stable,-16.58,Partial,"Low volatility, stable",Wide stop - size down,Normal,Falling,Weak Down,-0.0909,Distribution,52.8893,Neutral,2 - Advancing,late,84.0,100.0,,,ENTER SMALL,71.04,3.0,Volume,"2 - Advancing, trend 91 long confirmed but participation is thin - reduce size, breakouts without volume fail more often","2 - Advancing, trend 98 long but momentum diverging - trend tiring, tighten stop","2 - Advancing, trend 96 long confirmed but participation is thin - reduce size, breakouts without volume fail more often"
2026-05-25,891.6500244140625,925.0,876.4500122070312,921.4000244140624,3724909,859.7906,670.2276,No,82.2,Strong Bull,Uptrend,Hold,Uptrend (HH+HL),Bullish,92.42,Strong Bull,Bullish confirmed,"Strong Bull - all 4 components agree, trending ADX",100.0,"Outperforming, strengthening",Leads both,54.8073,Neutral,12.7205,21.9516,bullish fading,Neutral,-4.9564,-1.0822,full,100.0,Positive accelerating,54.57,Neutral,Mixed,Bearish divergence,Neutral - bearish divergence vs price over 21 bars,Lower Half,Trending,Bullish,No,No,Inside,26.99,Low,Stable,-16.11,Confirmed,"Low volatility, squeeze confirmed - expansion pending",Wide stop - size down,Normal,Falling,Weak Up,-0.0889,Distribution,48.3589,Neutral,2 - Advancing,late,84.0,101.0,,,HOLD / TIGHTEN STOP,70.0,2.0,Momentum divergence,"2 - Advancing, trend 92 long but momentum diverging - trend tiring, tighten stop","2 - Advancing, trend 95 long but momentum diverging - trend tiring, tighten stop","2 - Advancing, trend 99 long but momentum diverging - trend tiring, tighten stop"
2026-05-26,925.4000244140624,985.0,925.4000244140624,950.5999755859376,9163908,863.3517,673.0174,No,87.1,Strong Bull,Uptrend,Hold,Uptrend (HH+HL),Bullish,94.23,Strong Bull,Bullish confirmed,"Strong Bull - all 4 components agree, trending ADX",100.0,"Outperforming, strengthening",Leads both,59.8076,Neutral,14.7669,20.5147,bullish fading,Neutral,2.851,-0.2175,full,100.0,Positive accelerating,60.66,Bullish,Mixed,Bearish divergence,Bullish - bearish divergence vs price over 21 bars,Upper Half,Trending,Bullish,No,No,Inside,30.47,Low,Contracting,-20.55,Partial,"Low volatility, contracting - coiling, watch for breakout",Wide stop - size down,High,Falling,Confirmed Up,-0.0698,Distribution,59.7359,Neutral,2 - Advancing,late,84.0,102.0,,,HOLD / TIGHTEN STOP,70.0,2.0,Momentum divergence,"2 - Advancing, trend 94 long but momentum diverging - trend tiring, tighten stop","2 - Advancing, trend 95 long but momentum diverging - trend tiring, tighten stop","2 - Advancing, trend 96 long but momentum diverging - trend tiring, tighten stop"
2026-05-27,955.4000244140624,977.5,950.0,955.5,2225467,866.9654,675.8282,No,92.95,Strong Bull,Uptrend,Hold,Range,Bearish,86.36,Strong Bull,Bullish confirmed,"Strong Bull - all 4 components agree, trending ADX",100.0,"Outperforming, strengthening",Leads both,60.5955,Neutral,16.5928,19.7303,bullish fading,Neutral,0.3729,-0.4908,full,100.0,Positive accelerating,65.75,Bullish,Bullish majority,Bearish divergence,Bullish - bearish divergence vs price over 21 bars,Upper Half,Trending,Bullish,No,No,Inside,27.98,Low,Stable,-19.5,Partial,"Low volatility, stable",Wide stop - size down,Normal,Falling,Weak Up,-0.0756,Distribution,63.2226,Neutral,2 - Advancing,late,84.0,103.0,,,HOLD / TIGHTEN STOP,70.0,2.0,Momentum divergence,"2 - Advancing, trend 86 long but momentum diverging - trend tiring, tighten stop","2 - Advancing, trend 93 long but momentum diverging - trend tiring, tighten stop","2 - Advancing, trend 98 long but momentum diverging - trend tiring, tighten stop"
2026-05-28,955.5,955.5,955.5,955.5,0,870.4373,678.611,No,95.09,Strong Bull,Uptrend,Hold,Range,Bearish,87.19,Strong Bull,Bullish confirmed,"Strong Bull - all 4 components agree, trending ADX",100.0,"Outperforming, strengthening",Leads both,60.5955,Neutral,17.8342,19.3511,bullish fading,Neutral,1.6165,-0.3509,full,100.0,Positive fading,68.57,Bullish,Bullish majority,Bearish divergence,Bullish - bearish divergence vs price over 21 bars,Upper Half,Trending,Bullish,No,No,Inside,19.75,Very Low,Contracting,-21.38,No,"Very Low volatility, contracting - coiling, watch for breakout",Wide stop - size down,Dry-up,Falling,Flat,-0.0754,Distribution,60.9815,Neutral,2 - Advancing,late,84.0,104.0,,,HOLD / TIGHTEN STOP,70.0,2.0,Momentum divergence,"2 - Advancing, trend 87 long but momentum diverging - trend tiring, tighten stop","2 - Advancing, trend 92 long confirmed but participation is thin - reduce size, breakouts without volume fail more often","2 - Advancing, trend 98 long but momentum diverging - trend tiring, tighten stop"
2026-05-29,969.9000244140624,1003.9000244140624,947.8499755859376,964.0999755859376,7558790,874.1104,681.4517,No,95.43,Strong Bull,Uptrend,Hold,Range,Bearish,87.93,Strong Bull,Bullish confirmed,"Strong Bull - all 4 components agree, trending ADX",100.0,"Outperforming, strengthening",Leads both,62.1075,Neutral,19.2897,19.3388,bullish fading,Neutral,2.8483,-0.2143,full,100.0,Positive accelerating,70.7,Strong Bullish,Bullish majority,Bearish divergence,Strong Bullish - bearish divergence vs price over 21 bars,Upper Half,Trending,Bullish,Yes,No,Inside,22.59,Low,Stable,-16.4,No,"Low volatility, stable",Wide stop - size down,Normal,Falling,Confirmed Up,-0.1041,Distribution,56.6345,Neutral,2 - Advancing,late,84.0,105.0,,,HOLD / TIGHTEN STOP,70.0,2.0,Momentum divergence,"2 - Advancing, trend 88 long but momentum diverging - trend tiring, tighten stop","2 - Advancing, trend 91 long confirmed but participation is thin - reduce size, breakouts without volume fail more often","2 - Advancing, trend 98 long but momentum diverging - trend tiring, tighten stop"
2026-06-01,970.0,975.0999755859376,931.0,937.4000244140624,2576811,876.5923,683.9984,No,92.1,Strong Bull,Uptrend,Hold,Range,Bearish,86.93,Strong Bull,Bullish confirmed,"Strong Bull - all 4 components agree, trending ADX",100.0,"Outperforming, strengthening",Leads both,55.0455,Neutral,18.0802,19.0871,bullish accelerating,Neutral,2.9714,-0.1992,full,100.0,Positive fading,66.69,Bullish,Bullish majority,Bearish divergence,Bullish - bearish divergence vs price over 21 bars,Upper Half,Trending,Bullish,Yes,No,Inside,28.02,Low,Stable,-11.29,No,"Low volatility, stable",Wide stop - size down,Normal,Falling,Weak Down,-0.1432,Distribution,59.3556,Neutral,2 - Advancing,late,84.0,106.0,,,HOLD / TIGHTEN STOP,70.0,2.0,Momentum divergence,"2 - Advancing, trend 87 long but momentum diverging - trend tiring, tighten stop","2 - Advancing, trend 92 long but momentum diverging - trend tiring, tighten stop","2 - Advancing, trend 95 long but momentum diverging - trend tiring, tighten stop"
2026-06-02,937.0,965.0,927.5999755859376,960.5999755859376,2527236,879.8867,686.7507,No,94.56,Strong Bull,Uptrend,Hold,Range,Bearish,87.87,Strong Bull,Bullish confirmed,"Strong Bull - all 4 components agree, trending ADX",100.0,"Outperforming, strengthening",Leads both,59.3687,Neutral,18.7773,19.0251,bullish fading,Neutral,5.5256,0.0831,full,100.0,Positive accelerating,68.64,Bullish,Bullish majority,Bearish divergence,Bullish - bearish divergence vs price over 21 bars,Upper Half,Trending,Bullish,Yes,No,Inside,25.68,Low,Stable,-3.99,No,"Low volatility, stable",Wide stop - size down,Normal,Falling,Weak Up,-0.1115,Distribution,57.6531,Neutral,2 - Advancing,late,84.0,107.0,,,HOLD / TIGHTEN STOP,70.0,2.0,Momentum divergence,"2 - Advancing, trend 88 long but momentum diverging - trend tiring, tighten stop","2 - Advancing, trend 94 long but momentum diverging - trend tiring, tighten stop","2 - Advancing, trend 95 long but momentum diverging - trend tiring, tighten stop"
2026-06-03,961.0,1047.0,960.5999755859376,1022.0499877929688,13219934,885.4618,690.087,No,99.24,Strong Bull,Uptrend,Hold,Range,Bearish,89.73,Strong Bull,Bullish confirmed,"Strong Bull - all 4 components agree, trending ADX",100.0,"Outperforming, strengthening",Leads both,68.1152,Neutral,24.0115,20.0224,Bullish crossover,Neutral,12.4306,0.843,full,100.0,Positive accelerating,76.33,Strong Bullish,Bullish confirmed,None,Strong Bullish - all 4 components agree incl. MACD acceleration,Above Upper,Trending,Bullish,Yes,No,Breakout Up,33.79,Low,Stable,3.59,No,"Low volatility, stable",Wide stop - size down,High,Falling,Confirmed Up,0.0015,Neutral,65.8024,Neutral,2 - Advancing,late,84.0,108.0,,,ENTER LONG,84.98,5.0,None,"2 - Advancing, trend 90 with bullish confirmed, momentum and volume confirm; outperforming both benchmarks, late in the stage, reduce size","2 - Advancing, trend 86 long but momentum diverging - trend tiring, tighten stop","2 - Advancing, trend 93 long but momentum diverging - trend tiring, tighten stop"
2026-06-04,1023.9500122070312,1033.949951171875,973.0,988.1500244140624,5992440,889.4887,693.0528,No,95.56,Strong Bull,Uptrend,Hold,Range,Bearish,88.45,Strong Bull,Bullish confirmed,"Strong Bull - all 4 components agree, trending ADX",100.0,"Outperforming, strengthening",Leads both,60.3917,Neutral,25.1345,21.0448,bullish accelerating,Neutral,11.1155,0.6922,full,100.0,Positive fading,74.78,Strong Bullish,Bullish confirmed,None,Strong Bullish - all 4 components agree incl. MACD acceleration,Upper Half,Trending,Bullish,Yes,No,Inside,42.13,Normal,Stable,10.38,No,"Normal volatility, stable",Wide stop - size down,Normal,Falling,Confirmed Down,-0.0334,Neutral,63.4626,Neutral,2 - Advancing,late,84.0,109.0,,,ENTER LONG,80.34,5.0,None,"2 - Advancing, trend 88 with bullish confirmed, momentum and volume confirm; outperforming both benchmarks, late in the stage, reduce size","2 - Advancing, trend 87 long but momentum diverging - trend tiring, tighten stop","2 - Advancing, trend 92 long confirmed but participation is thin - reduce size, breakouts without volume fail more often"
2026-06-05,993.0,1042.0,983.75,1033.5999755859375,4325836,895.1402,696.4413,No,98.71,Strong Bull,Uptrend,Hold,Range,Bearish,89.55,Strong Bull,Bullish confirmed,"Strong Bull - all 4 components agree, trending ADX",100.0,"Outperforming, strengthening",Leads both,65.964,Neutral,29.3535,22.7066,bullish accelerating,Overbought,16.9495,1.3264,full,100.0,Positive accelerating,79.74,Strong Bullish,Bullish confirmed,None,Strong Bullish - all 4 components agree incl. MACD acceleration,Above Upper,Trending,Bullish,Yes,No,Inside,42.93,Normal,Stable,13.11,No,"Normal volatility, stable",Wide stop - size down,Normal,Falling,Weak Up,0.012,Neutral,68.5751,Neutral,2 - Advancing,late,84.0,110.0,,,ENTER SMALL,80.0,3.0,Volume,"2 - Advancing, trend 90 long confirmed but participation is thin - reduce size, breakouts without volume fail more often","2 - Advancing, trend 88 long but momentum diverging - trend tiring, tighten stop","2 - Advancing, trend 91 long confirmed but participation is thin - reduce size, breakouts without volume fail more often"
2026-06-08,1023.0,1069.0,994.5999755859376,1002.25,6477625,899.3406,699.4842,No,95.29,Strong Bull,Uptrend,Hold,Range,Bearish,88.35,Strong Bull,Bullish confirmed,"Strong Bull - all 4 components agree, trending ADX",100.0,"Outperforming, strengthening",Leads both,59.7227,Neutral,29.8236,24.13,bullish fading,Neutral,8.7747,0.4206,full,100.0,Positive fading,76.25,Strong Bullish,Bullish confirmed,None,Strong Bullish - all 4 components agree incl. MACD acceleration,Upper Half,Trending,Bullish,Yes,Yes,Inside,52.78,Normal,Expanding,25.79,No,Squeeze releasing - expanding 10 bars after compression,Wide stop - size down,Normal,Falling,Confirmed Down,-0.111,Distribution,73.9391,Neutral,2 - Advancing,late,84.0,111.0,,,ENTER SMALL,76.73,3.0,Volume,"2 - Advancing, trend 88 long confirmed but money flow disagrees - reduce size, breakouts without volume fail more often","2 - Advancing, trend 87 long but momentum diverging - trend tiring, tighten stop","2 - Advancing, trend 92 long but momentum diverging - trend tiring, tighten stop"
2026-06-09,1011.0,1036.6500244140625,1001.1500244140624,1032.800048828125,3338410,904.5743,702.8008,No,97.54,Strong Bull,Uptrend,Hold,Range,Bearish,89.14,Strong Bull,Bullish confirmed,"Strong Bull - all 4 components agree, trending ADX",100.0,"Outperforming, strengthening",Leads both,63.3608,Neutral,32.2891,25.7618,bullish accelerating,Neutral,8.6472,0.4022,full,100.0,Positive accelerating,78.64,Strong Bullish,Bullish confirmed,None,Strong Bullish - all 4 components agree incl. MACD acceleration,Upper Half,Trending,Bullish,Yes,Yes,Inside,48.13,Normal,Stable,17.66,No,"Normal volatility, stable",Wide stop - size down,Normal,Falling,Weak Up,-0.0395,Neutral,78.6549,Neutral,2 - Advancing,late,84.0,112.0,,,ENTER SMALL,80.0,3.0,Volume,"2 - Advancing, trend 89 long confirmed but participation is thin - reduce size, breakouts without volume fail more often","2 - Advancing, trend 88 long but momentum diverging - trend tiring, tighten stop","2 - Advancing, trend 94 long but momentum diverging - trend tiring, tighten stop"
2026-06-10,1036.800048828125,1067.0,1002.9500122070312,1042.0,4651982,909.9635,706.1759,No,97.55,Strong Bull,Uptrend,Hold,Range,Bearish,89.14,Strong Bull,Bullish confirmed,"Strong Bull - all 4 components agree, strong ADX",100.0,"Outperforming, strengthening",Leads both,64.4035,Neutral,34.5867,27.5268,bullish accelerating,Neutral,9.0529,0.4426,full,100.0,Positive fading,79.11,Strong Bullish,Bullish confirmed,None,Strong Bullish - all 4 components agree incl. MACD acceleration,Upper Half,Strong,Bullish,Yes,Yes,Inside,52.76,Normal,Expanding,24.78,No,Squeeze releasing - expanding 12 bars after compression,Wide stop - size down,Normal,Falling,Confirmed Up,-0.0644,Distribution,83.58,Overbought,2 - Advancing,late,84.0,113.0,,,ENTER SMALL,80.0,3.0,Volume,"2 - Advancing, trend 89 long confirmed but money flow disagrees - reduce size, breakouts without volume fail more often","2 - Advancing, trend 90 with bullish confirmed, momentum and volume confirm; outperforming both benchmarks, late in the stage, reduce size","2 - Advancing, trend 86 long but momentum diverging - trend tiring, tighten stop"
2026-06-11,1038.050048828125,1054.8499755859375,1016.75,1027.4000244140625,2576978,914.5689,709.3721,No,95.51,Strong Bull,Uptrend,Hold,Range,Bearish,88.43,Strong Bull,Bullish confirmed,"Strong Bull - all 4 components agree, strong ADX",100.0,"Outperforming, strengthening",Leads both,61.4163,Neutral,34.828,28.987,bullish fading,Overbought,7.5249,0.2695,full,100.0,Positive fading,77.69,Strong Bullish,Bullish confirmed,None,Strong Bullish - all 4 components agree incl. MACD acceleration,Upper Half,Strong,Bullish,Yes,Yes,Inside,52.26,Normal,Expanding,32.51,No,Squeeze releasing - expanding 13 bars after compression,Wide stop - size down,Normal,Falling,Weak Down,-0.0589,Distribution,83.6282,Overbought,2 - Advancing,late,84.0,114.0,,,ENTER SMALL,78.4,3.0,Volume,"2 - Advancing, trend 88 long confirmed but participation is thin - reduce size, breakouts without volume fail more often","2 - Advancing, trend 88 with bullish confirmed, momentum and volume confirm; outperforming both benchmarks, late in the stage, reduce size","2 - Advancing, trend 87 long but momentum diverging - trend tiring, tighten stop"
2026-06-12,1035.0,1058.0,1019.5,1028.699951171875,2858859,919.0446,712.5495,No,95.16,Strong Bull,Uptrend,Hold,Range,Bearish,88.31,Strong Bull,Bullish confirmed,"Strong Bull - all 4 components agree, strong ADX",100.0,"Outperforming, strengthening",Leads both,61.5872,Neutral,34.7238,30.1344,bullish fading,Neutral,6.7005,0.1746,full,100.0,Positive fading,76.2,Strong Bullish,Bullish confirmed,None,Strong Bullish - all 4 components agree incl. MACD acceleration,Upper Half,Strong,Bullish,Yes,Yes,Inside,50.48,Normal,Expanding,27.89,No,Squeeze releasing - expanding 14 bars after compression,Wide stop - size down,Normal,Falling,Weak Up,-0.0565,Distribution,83.5259,Overbought,2 - Advancing,late,84.0,115.0,,,ENTER SMALL,79.1,3.0,Volume,"2 - Advancing, trend 88 long confirmed but participation is thin - reduce size, breakouts without volume fail more often","2 - Advancing, trend 90 long confirmed but participation is thin - reduce size, breakouts without volume fail more often","2 - Advancing, trend 88 long but momentum diverging - trend tiring, tighten stop"
2026-06-15,1045.0,1045.0,1016.0,1027.4000244140625,2309243,923.2938,715.6824,No,94.64,Strong Bull,Uptrend,Hold,Range,Bullish,88.12,Strong Bull,Bullish confirmed,"Strong Bull - all 4 components agree, strong ADX",100.0,"Outperforming, strengthening",Leads both,61.2949,Neutral,34.1428,30.9361,bullish fading,Neutral,9.601,0.4917,full,100.0,Positive fading,74.12,Strong Bullish,Bullish confirmed,None,Strong Bullish - all 4 components agree incl. MACD acceleration,Upper Half,Strong,Bullish,Yes,Yes,Inside,46.79,Normal,Stable,18.77,No,"Normal volatility, stable",Wide stop - size down,Normal,Falling,Weak Down,-0.0431,Neutral,77.9048,Neutral,2 - Advancing,late,84.0,116.0,,,ENTER SMALL,77.19,3.0,Volume,"2 - Advancing, trend 88 long confirmed but participation is thin - reduce size, breakouts without volume fail more often","2 - Advancing, trend 88 long confirmed but money flow disagrees - reduce size, breakouts without volume fail more often","2 - Advancing, trend 87 long but momentum diverging - trend tiring, tighten stop"
2026-06-16,1030.5,1044.75,992.5499877929688,998.0499877929688,2709802,926.2254,718.492,No,91.69,Strong Bull,Uptrend,Hold,Range,Bullish,87.09,Strong Bull,Bullish confirmed,"Strong Bull - all 4 components agree, strong ADX",100.0,"Outperforming, strengthening",Leads both,54.9537,Neutral,30.9572,30.9403,bullish fading,Neutral,3.8986,-0.1428,full,100.0,Positive fading,67.68,Bullish,Bullish majority,None,Bullish - price momentum agrees but MACD shows deceleration,Upper Half,Strong,Bullish,Yes,Yes,Inside,49.52,Normal,Expanding,23.85,No,"Normal volatility, expanding - range widening",Wide stop - size down,Normal,Falling,Weak Down,-0.062,Distribution,73.6661,Neutral,2 - Advancing,late,84.0,117.0,,,ENTER SMALL,74.79,3.0,Volume,"2 - Advancing, trend 87 long confirmed but participation is thin - reduce size, breakouts without volume fail more often","2 - Advancing, trend 89 long confirmed but participation is thin - reduce size, breakouts without volume fail more often","2 - Advancing, trend 88 long but momentum diverging - trend tiring, tighten stop"
2026-06-17,1003.0,1007.0999755859376,981.3499755859376,990.2000122070312,2731865,928.7342,721.1956,No,87.8,Strong Bull,Uptrend,Hold,Range,Bullish,85.73,Strong Bull,Bullish confirmed,"Strong Bull - all 4 components agree, strong ADX",100.0,"Outperforming, strengthening",Leads both,53.3636,Neutral,27.4823,30.2487,Bearish crossover,Neutral,-3.1163,-0.9189,full,100.0,Positive fading,63.19,Bullish,Bullish majority,None,Bullish - price momentum agrees but MACD shows deceleration,Upper Half,Strong,Bullish,Yes,Yes,Inside,42.86,Normal,Stable,9.07,No,"Normal volatility, stable",Wide stop - size down,Normal,Falling,Weak Down,-0.0986,Distribution,70.5564,Neutral,2 - Advancing,late,84.0,118.0,,,ENTER SMALL,72.84,3.0,Volume,"2 - Advancing, trend 86 long confirmed but participation is thin - reduce size, breakouts without volume fail more often","2 - Advancing, trend 89 long confirmed but money flow disagrees - reduce size, breakouts without volume fail more often","2 - Advancing, trend 90 with bullish confirmed, momentum and volume confirm; outperforming both benchmarks, late in the stage, reduce size"
2026-06-18,995.6500244140624,1003.5499877929688,950.3499755859376,969.0499877929688,2992725,930.3153,723.6618,No,78.72,Bull,Uptrend,Hold,Range,Bullish,82.55,Strong Bull,Bullish confirmed,"Strong Bull - all 4 components agree, strong ADX",100.0,"Outperforming, strengthening",Leads both,49.2303,Neutral,22.7595,28.7509,bullish accelerating,Neutral,-1.9329,-0.7862,full,100.0,Positive fading,57.38,Neutral,Bearish majority,None,"Neutral - majority agree, 1 dissenting",Lower Half,Strong,Bullish,Yes,Yes,Inside,44.6,Normal,Stable,2.48,No,"Normal volatility, stable",Wide stop - size down,Normal,Falling,Weak Down,-0.0801,Distribution,63.5013,Neutral,2 - Advancing,late,84.0,119.0,,,ENTER SMALL,69.66,3.0,Volume,"2 - Advancing, trend 83 long confirmed but participation is thin - reduce size, breakouts without volume fail more often","2 - Advancing, trend 88 long confirmed but participation is thin - reduce size, breakouts without volume fail more often","2 - Advancing, trend 88 with bullish confirmed, momentum and volume confirm; outperforming both benchmarks, late in the stage, reduce size"
2026-06-19,970.0,979.2000122070312,957.9500122070312,971.7000122070312,2072410,931.9382,726.1298,No,78.34,Bull,Uptrend,Hold,Range,Bullish,82.42,Strong Bull,Bullish confirmed,"Strong Bull - all 4 components agree, strong ADX",100.0,"Outperforming, strengthening",Leads both,49.7554,Neutral,19.0113,26.8029,bullish accelerating,Neutral,-5.9888,-1.2296,full,100.0,Positive fading,55.5,Neutral,Bearish majority,None,"Neutral - majority agree, 1 dissenting",Lower Half,Strong,Bullish,No,Yes,Inside,34.56,Low,Stable,-8.37,No,"Low volatility, stable",Wide stop - size down,Dry-up,Falling,Weak Up,-0.0584,Distribution,63.9643,Neutral,2 - Advancing,late,84.0,120.0,,,ENTER SMALL,70.24,3.0,Volume,"2 - Advancing, trend 82 long confirmed but participation is thin - reduce size, breakouts without volume fail more often","2 - Advancing, trend 88 long confirmed but participation is thin - reduce size, breakouts without volume fail more often","2 - Advancing, trend 90 long confirmed but participation is thin - reduce size, breakouts without volume fail more often"
2026-06-22,976.5,985.6500244140624,954.0,960.5999755859376,2461416,933.0622,728.4629,No,77.2,Bull,Uptrend,Hold,Range,Bullish,82.02,Strong Bull,Bullish confirmed,"Strong Bull - all 4 components agree, trending ADX",100.0,"Outperforming, strengthening",Leads both,47.5375,Neutral,14.9726,24.4369,bullish accelerating,Neutral,-4.1557,-1.0224,full,100.0,Positive fading,52.41,Neutral,Bearish majority,None,"Neutral - majority agree, 1 dissenting",Lower Half,Trending,Bullish,No,No,Inside,32.02,Low,Contracting,-20.76,No,"Low volatility, contracting - coiling, watch for breakout",Wide stop - size down,Normal,Falling,Weak Down,-0.1149,Distribution,59.9413,Neutral,2 - Advancing,late,84.0,121.0,,,ENTER SMALL,67.93,3.0,Volume,"2 - Advancing, trend 82 long confirmed but participation is thin - reduce size, breakouts without volume fail more often","2 - Advancing, trend 88 long confirmed but participation is thin - reduce size, breakouts without volume fail more often","2 - Advancing, trend 88 long confirmed but money flow disagrees - reduce size, breakouts without volume fail more often"
2026-06-23,960.5999755859376,1013.0,958.7000122070312,1006.75,4644501,935.9519,731.2319,No,83.21,Strong Bull,Uptrend,Hold,Range,Bullish,84.12,Strong Bull,Bullish confirmed,"Strong Bull - all 4 components agree, trending ADX",100.0,"Outperforming, strengthening",Leads both,56.2664,Neutral,15.3192,22.6133,bullish fading,Neutral,-2.5223,-0.8376,full,100.0,Positive accelerating,57.18,Neutral,Mixed,None,"Neutral - components mixed, low conviction",Upper Half,Trending,Bullish,No,No,Inside,28.18,Low,Stable,-19.96,No,"Low volatility, stable",Wide stop - size down,Normal,Falling,Confirmed Up,-0.0578,Distribution,53.0261,Neutral,2 - Advancing,late,84.0,122.0,,,ENTER SMALL,72.71,3.0,Volume,"2 - Advancing, trend 84 long confirmed but money flow disagrees - reduce size, breakouts without volume fail more often","2 - Advancing, trend 87 long confirmed but participation is thin - reduce size, breakouts without volume fail more often","2 - Advancing, trend 89 long confirmed but participation is thin - reduce size, breakouts without volume fail more often"
2026-06-24,1009.0,1012.0,981.0,990.0999755859376,1864152,938.0753,733.8077,No,80.79,Strong Bull,Uptrend,Hold,Range,Bullish,83.28,Strong Bull,Bullish confirmed,"Strong Bull - all 4 components agree, trending ADX",100.0,"Outperforming, strengthening",Leads both,52.8499,Neutral,14.0879,20.9082,bullish fading,Neutral,-4.9808,-1.1022,full,100.0,Positive accelerating,56.62,Neutral,Mixed,Bearish divergence,Neutral - bearish divergence vs price over 21 bars,Lower Half,Trending,Bullish,No,No,Inside,25.4,Low,Contracting,-27.36,No,"Low volatility, contracting - coiling, watch for breakout",Wide stop - size down,Dry-up,Falling,Weak Down,-0.0508,Distribution,61.7215,Neutral,2 - Advancing,late,84.0,123.0,,,HOLD / TIGHTEN STOP,69.76,2.0,Momentum divergence,"2 - Advancing, trend 83 long but momentum diverging - trend tiring, tighten stop","2 - Advancing, trend 86 long confirmed but participation is thin - reduce size, breakouts without volume fail more often","2 - Advancing, trend 89 long confirmed but money flow disagrees - reduce size, breakouts without volume fail more often"
2026-06-25,993.9500122070312,1014.0,988.2000122070312,998.75,1786268,940.4547,736.4439,No,82.97,Strong Bull,Uptrend,Hold,Uptrend (HH+HL),Bullish,94.04,Strong Bull,Bullish confirmed,"Strong Bull - all 4 components agree, trending ADX",100.0,"Outperforming, strengthening",Leads both,54.399,Neutral,13.6528,19.4571,bullish fading,Neutral,-2.7886,-0.8572,full,100.0,Positive fading,59.2,Bullish,Mixed,Bearish divergence,Bullish - bearish divergence vs price over 21 bars,Upper Half,Trending,Bullish,No,No,Inside,20.12,Low,Contracting,-32.14,No,"Low volatility, contracting - coiling, watch for breakout",Wide stop - size down,Dry-up,Falling,Weak Up,-0.0538,Distribution,59.4316,Neutral,2 - Advancing,late,84.0,124.0,,,HOLD / TIGHTEN STOP,70.0,2.0,Momentum divergence,"2 - Advancing, trend 94 long but momentum diverging - trend tiring, tighten stop","2 - Advancing, trend 83 long confirmed but participation is thin - reduce size, breakouts without volume fail more often","2 - Advancing, trend 88 long confirmed but participation is thin - reduce size, breakouts without volume fail more often"
2026-06-26,998.75,998.75,998.75,998.75,0,942.7408,739.0539,No,84.77,Strong Bull,Uptrend,Hold,Uptrend (HH+HL),Bullish,94.67,Strong Bull,Bullish confirmed,"Strong Bull - all 4 components agree, trending ADX",100.0,"Outperforming, strengthening",Leads both,54.399,Neutral,13.1562,18.197,bullish fading,Neutral,-2.9114,-0.8677,full,100.0,Positive fading,59.62,Bullish,Mixed,Bearish divergence,Bullish - bearish divergence vs price over 21 bars,Lower Half,Trending,Bullish,No,No,Inside,17.18,Very Low,Contracting,-33.29,No,"Very Low volatility, contracting - coiling, watch for breakout",Low vol - tight stops,Dry-up,Falling,Flat,-0.0153,Neutral,52.2225,Neutral,2 - Advancing,late,84.0,125.0,,,HOLD / TIGHTEN STOP,70.0,2.0,Momentum divergence,"2 - Advancing, trend 95 long but momentum diverging - trend tiring, tighten stop","2 - Advancing, trend 82 long confirmed but participation is thin - reduce size, breakouts without volume fail more often","2 - Advancing, trend 88 long confirmed but participation is thin - reduce size, breakouts without volume fail more often"
2026-06-29,990.0,1098.0,989.9000244140624,1083.75,11578376,948.2706,742.4838,No,99.49,Strong Bull,Uptrend,Hold,Uptrend (HH+HL),Bullish,99.82,Strong Bull,Bullish confirmed,"Strong Bull - all 4 components agree, trending ADX",100.0,"Outperforming, strengthening",Leads both,66.8222,Neutral,19.3979,18.4372,Bullish crossover,Neutral,5.4847,0.0502,full,100.0,Positive accelerating,71.7,Strong Bullish,Bullish confirmed,None,Strong Bullish - all 4 components agree incl. MACD acceleration,Above Upper,Trending,Bullish,No,No,Breakout Up,21.27,Low,Contracting,-25.52,No,"Low volatility, contracting - coiling, watch for breakout",Wide stop - size down,High,Falling,Confirmed Up,0.114,Accumulation,61.3722,Neutral,2 - Advancing,late,84.0,126.0,,,ENTER LONG,88.13,5.0,None,"2 - Advancing, trend 100 with bullish confirmed, momentum and volume confirm; outperforming both benchmarks, late in the stage, reduce size","2 - Advancing, trend 82 long confirmed but participation is thin - reduce size, breakouts without volume fail more often","2 - Advancing, trend 88 long confirmed but participation is thin - reduce size, breakouts without volume fail more often"
2026-06-30,1092.949951171875,1147.4000244140625,1069.0,1140.550048828125,11196926,955.811,746.4446,No,100.0,Strong Bull,Uptrend,Hold,Uptrend (HH+HL),Bullish,100.0,Strong Bull,Bullish confirmed,"Strong Bull - all 4 components agree, strong ADX",100.0,"Outperforming, strengthening",Leads both,72.2606,Overbought,28.5981,20.4694,bullish accelerating,Neutral,14.2778,1.0106,full,100.0,Positive accelerating,82.14,Strong Bullish,Bullish confirmed,None,Strong Bullish - all 4 components agree incl. MACD acceleration,Above Upper,Strong,Bullish,Yes,No,Breakout Up,29.92,Low,Stable,-19.6,No,"Low volatility, stable",Wide stop - size down,High,Rising,Confirmed Up,0.1844,Accumulation,66.9053,Neutral,2 - Advancing,late,84.0,127.0,,,ENTER LONG,91.34,5.0,None,"2 - Advancing, trend 100 with bullish confirmed, momentum and volume confirm; outperforming both benchmarks, late in the stage, reduce size","2 - Advancing, trend 84 long confirmed but money flow disagrees - reduce size, breakouts without volume fail more often","2 - Advancing, trend 87 long confirmed but participation is thin - reduce size, breakouts without volume fail more often"
2026-07-01,1141.0,1176.199951171875,1120.0999755859375,1130.4000244140625,5450081,962.6576,750.2651,No,99.47,Strong Bull,Uptrend,Hold,Uptrend (HH+HL),Bullish,99.81,Strong Bull,Bullish confirmed,"Strong Bull - all 4 components agree, strong ADX",100.0,"Outperforming, strengthening",Leads both,70.0509,Neutral,34.6707,23.3096,bullish accelerating,Overbought,14.1588,0.9926,full,100.0,Positive fading,84.86,Strong Bullish,Bullish confirmed,None,Strong Bullish but overbought on RSI and Stochastic - stretched,Above Upper,Strong,Bullish,Yes,No,Inside,36.23,Low,Stable,-6.63,No,"Low volatility, stable",Wide stop - size down,Normal,Falling,Confirmed Down,0.0917,Accumulation,73.604,Neutral,2 - Advancing,late,84.0,128.0,,,NO NEW ENTRY,70.0,2.0,Momentum stretched,"2 - Advancing, trend 100 long but momentum overextended - hold existing, do not add","2 - Advancing, trend 83 long but momentum diverging - trend tiring, tighten stop","2 - Advancing, trend 86 long confirmed but participation is thin - reduce size, breakouts without volume fail more often"
2026-07-02,1135.0,1154.9000244140625,1121.0,1143.0,2404528,969.7299,754.1729,No,99.17,Strong Bull,Uptrend,Hold,Uptrend (HH+HL),Bullish,99.71,Strong Bull,Bullish confirmed,"Strong Bull - all 4 components agree, strong ADX",100.0,"Outperforming, strengthening",Leads both,71.2271,Neutral,40.0384,26.6554,bullish accelerating,Overbought,17.9506,1.3963,full,100.0,Positive accelerating,85.82,Strong Bullish,Bullish confirmed,None,Strong Bullish but overbought on RSI and Stochastic - stretched,Above Upper,Strong,Bullish,Yes,No,Inside,38.21,Low,Stable,-6.39,No,"Low volatility, stable",Low vol - tight stops,Normal,Falling,Weak Up,0.1435,Accumulation,68.7054,Neutral,2 - Advancing,late,84.0,129.0,,,NO NEW ENTRY,70.0,2.0,Momentum stretched,"2 - Advancing, trend 100 long but momentum overextended - hold existing, do not add","2 - Advancing, trend 94 long but momentum diverging - trend tiring, tighten stop","2 - Advancing, trend 83 long confirmed but participation is thin - reduce size, breakouts without volume fail more often"
2026-07-03,1149.199951171875,1169.5999755859375,1116.199951171875,1130.0,2599986,976.015,757.9124,No,97.9,Strong Bull,Uptrend,Hold,Uptrend (HH+HL),Bullish,99.26,Strong Bull,Bullish confirmed,"Strong Bull - all 4 components agree, strong ADX",100.0,"Outperforming, strengthening",Leads both,68.2488,Neutral,42.7505,29.8744,bullish fading,Overbought,16.291,1.2069,full,100.0,Positive fading,83.99,Strong Bullish,Bullish confirmed,None,Strong Bullish - all 4 components agree incl. MACD acceleration,Upper Half,Strong,Bullish,Yes,No,Inside,40.63,Normal,Stable,6.07,No,"Normal volatility, stable",Wide stop - size down,Normal,Falling,Weak Down,0.0902,Accumulation,68.0112,Neutral,2 - Advancing,late,84.0,130.0,,,ENTER SMALL,80.0,3.0,Volume,"2 - Advancing, trend 99 long confirmed but participation is thin - reduce size, breakouts without volume fail more often","2 - Advancing, trend 95 long but momentum diverging - trend tiring, tighten stop","2 - Advancing, trend 82 long confirmed but participation is thin - reduce size, breakouts without volume fail more often"
2026-07-06,1135.5,1144.9000244140625,1118.5999755859375,1125.4000244140625,1306939,981.8732,761.569,No,96.99,Strong Bull,Uptrend,Hold,Uptrend (HH+HL),Bullish,98.95,Strong Bull,Bullish confirmed,"Strong Bull - all 4 components agree, strong ADX",100.0,"Outperforming, strengthening",Leads both,67.1783,Neutral,44.0213,32.7038,bullish fading,Overbought,17.1559,1.2907,full,100.0,Positive accelerating,82.81,Strong Bullish,Bullish confirmed,None,Strong Bullish - all 4 components agree incl. MACD acceleration,Upper Half,Strong,Bullish,Yes,No,Inside,36.39,Low,Stable,4.37,No,"Low volatility, stable",Low vol - tight stops,Dry-up,Falling,Weak Down,0.1598,Accumulation,69.5359,Neutral,2 - Advancing,late,84.0,131.0,,,ENTER SMALL,80.0,3.0,Volume,"2 - Advancing, trend 99 long confirmed but participation is thin - reduce size, breakouts without volume fail more often","2 - Advancing, trend 100 with bullish confirmed, momentum and volume confirm; outperforming both benchmarks, late in the stage, reduce size","2 - Advancing, trend 82 long confirmed but participation is thin - reduce size, breakouts without volume fail more often"
2026-07-07,1129.800048828125,1158.5999755859375,1122.800048828125,1140.5999755859375,3506150,988.0978,765.3405,No,97.52,Strong Bull,Uptrend,Hold,Uptrend (HH+HL),Bullish,99.13,Strong Bull,Bullish confirmed,"Strong Bull - all 4 components agree, strong ADX",100.0,"Outperforming, strengthening",Leads both,68.9134,Neutral,45.7278,35.3086,bullish fading,Overbought,13.2953,0.8678,full,100.0,Positive accelerating,82.76,Strong Bullish,Bullish confirmed,None,Strong Bullish - all 4 components agree incl. MACD acceleration,Upper Half,Strong,Bullish,Yes,No,Inside,35.48,Low,Stable,7.3,No,"Low volatility, stable",Low vol - tight stops,Normal,Falling,Weak Up,0.1227,Accumulation,74.9137,Neutral,2 - Advancing,late,84.0,132.0,,,ENTER SMALL,80.0,3.0,Volume,"2 - Advancing, trend 99 long confirmed but participation is thin - reduce size, breakouts without volume fail more often","2 - Advancing, trend 100 with bullish confirmed, momentum and volume confirm; outperforming both benchmarks, late in the stage, reduce size","2 - Advancing, trend 84 long confirmed but money flow disagrees - reduce size, breakouts without volume fail more often"
2026-07-08,1140.5,1214.0,1133.300048828125,1200.0,8881733,996.4077,769.6655,No,99.43,Strong Bull,Uptrend,Hold,Uptrend (HH+HL),Bullish,99.8,Strong Bull,Bullish confirmed,"Strong Bull - all 4 components agree, extreme ADX",100.0,"Outperforming, strengthening",Leads both,74.5707,Overbought,51.2821,38.5033,bullish accelerating,Overbought,21.1999,1.704,full,100.0,Positive fading,86.16,Strong Bullish,Bullish confirmed,None,Strong Bullish but overbought on RSI and Stochastic - stretched,At Upper,Extreme,Bullish,Yes,No,Breakout Up,41.63,Normal,Stable,16.23,No,"Normal volatility, stable",Low vol - tight stops,High,Falling,Confirmed Up,0.1788,Accumulation,82.2918,Overbought,2 - Advancing,late,84.0,133.0,,,NO NEW ENTRY,70.0,2.0,Momentum stretched,"2 - Advancing, trend 100 long but momentum overextended - hold existing, do not add","2 - Advancing, trend 100 long but momentum overextended - hold existing, do not add","2 - Advancing, trend 83 long but momentum diverging - trend tiring, tighten stop"
2026-07-09,1212.0,1242.9000244140625,1191.5,1218.4000244140625,5425587,1005.1133,774.1305,No,99.32,Strong Bull,Uptrend,Hold,Uptrend (HH+HL),Bullish,99.76,Strong Bull,Bullish confirmed,"Strong Bull - all 4 components agree, extreme ADX",100.0,"Outperforming, strengthening",Leads both,76.0261,Overbought,56.5172,42.1061,bullish accelerating,Overbought,21.9925,1.7699,full,100.0,Positive fading,87.72,Strong Bullish,Bullish confirmed,None,Strong Bullish but overbought on RSI and Stochastic - stretched,At Upper,Extreme,Bullish,Yes,No,Breakout Up,47.54,Normal,Expanding,27.42,No,"Normal volatility, expanding - range widening",Low vol - tight stops,Normal,Falling,Confirmed Up,0.19,Accumulation,86.3304,Overbought,2 - Advancing,late,84.0,134.0,,,NO NEW ENTRY,70.0,2.0,Momentum stretched,"2 - Advancing, trend 100 long but momentum overextended - hold existing, do not add","2 - Advancing, trend 100 long but momentum overextended - hold existing, do not add","2 - Advancing, trend 94 long but momentum diverging - trend tiring, tighten stop"
2026-07-10,1223.4000244140625,1230.0,1196.0999755859375,1225.800048828125,2267395,1013.7676,778.6247,No,98.82,Strong Bull,Uptrend,Hold,Uptrend (HH+HL),Bullish,99.59,Strong Bull,Bullish confirmed,"Strong Bull - all 4 components agree, extreme ADX",100.0,"Outperforming, strengthening",Leads both,76.606,Overbought,60.565,45.7979,bullish accelerating,Overbought,22.7334,1.8287,full,100.0,Positive fading,88.33,Strong Bullish,Bullish confirmed,None,Strong Bullish but overbought on RSI and Stochastic - stretched,Upper Half,Extreme,Bullish,Yes,No,Inside,46.63,Normal,Expanding,29.45,No,"Normal volatility, expanding - range widening",Low vol - tight stops,Normal,Falling,Weak Up,0.2323,Accumulation,85.8631,Overbought,2 - Advancing,late,84.0,135.0,,,NO NEW ENTRY,70.0,2.0,Momentum stretched,"2 - Advancing, trend 100 long but momentum overextended - hold existing, do not add","2 - Advancing, trend 99 long confirmed but participation is thin - reduce size, breakouts without volume fail more often","2 - Advancing, trend 95 long but momentum diverging - trend tiring, tighten stop"
2026-07-13,1225.800048828125,1253.5999755859375,1161.300048828125,1184.5999755859375,3601828,1020.4669,782.6643,No,96.3,Strong Bull,Uptrend,Hold,Uptrend (HH+HL),Bullish,98.7,Strong Bull,Bullish confirmed,"Strong Bull - all 4 components agree, extreme ADX",100.0,"Outperforming, strengthening",Leads both,66.9028,Neutral,59.7596,48.5902,bullish fading,Overbought,9.3056,0.4021,full,100.0,Positive accelerating,83.02,Strong Bullish,Bullish confirmed,None,Strong Bullish - all 4 components agree incl. MACD acceleration,Upper Half,Extreme,Bullish,Yes,Yes,Inside,55.36,Normal,Expanding,34.09,No,"Normal volatility, expanding - range widening",Wide stop - size down,Normal,Falling,Weak Down,0.2123,Accumulation,79.6311,Neutral,2 - Advancing,late,84.0,136.0,,,ENTER SMALL,80.0,3.0,Volume,"2 - Advancing, trend 99 long confirmed but participation is thin - reduce size, breakouts without volume fail more often","2 - Advancing, trend 99 long confirmed but participation is thin - reduce size, breakouts without volume fail more often","2 - Advancing, trend 100 with bullish confirmed, momentum and volume confirm; outperforming both benchmarks, late in the stage, reduce size"
2026-07-14,1188.4000244140625,1207.9000244140625,1158.0,1201.800048828125,3482939,1027.578,786.8348,No,97.06,Strong Bull,Uptrend,Hold,Uptrend (HH+HL),Bullish,98.97,Strong Bull,Bullish confirmed,"Strong Bull - all 4 components agree, extreme ADX",100.0,"Outperforming, strengthening",Leads both,68.686,Neutral,59.8196,50.8361,bullish fading,Overbought,5.3702,-0.019,full,100.0,Positive accelerating,81.77,Strong Bullish,Bullish confirmed,None,Strong Bullish - all 4 components agree incl. MACD acceleration,Upper Half,Extreme,Bullish,Yes,Yes,Inside,55.2,Normal,Expanding,25.28,No,"Normal volatility, expanding - range widening",Wide stop - size down,Normal,Falling,Weak Up,0.2697,Accumulation,74.5461,Neutral,2 - Advancing,late,84.0,137.0,,,ENTER SMALL,80.0,3.0,Volume,"2 - Advancing, trend 99 long confirmed but participation is thin - reduce size, breakouts without volume fail more often","2 - Advancing, trend 99 long confirmed but participation is thin - reduce size, breakouts without volume fail more often","2 - Advancing, trend 100 with bullish confirmed, momentum and volume confirm; outperforming both benchmarks, late in the stage, reduce size"
2026-07-15,1225.0,1318.9000244140625,1225.0,1296.4000244140625,17106822,1038.1201,791.9051,No,100.0,Strong Bull,Uptrend,Hold,Uptrend (HH+HL),Bullish,100.0,Strong Bull,Bullish confirmed,"Strong Bull - all 4 components agree, extreme ADX",100.0,"Outperforming, strengthening",Leads both,76.2616,Overbought,66.7313,54.0151,bullish accelerating,Overbought,14.6851,0.9629,full,100.0,Positive accelerating,86.01,Strong Bullish,Bullish confirmed,None,Strong Bullish but overbought on RSI and Stochastic - stretched,At Upper,Extreme,Bullish,Yes,Yes,Breakout Up,62.26,High,Expanding,26.03,No,High volatility and still expanding - move may be extended,Wide stop - size down,High,Rising,Confirmed Up,0.3319,Accumulation,80.0863,Overbought,2 - Advancing,late,84.0,138.0,,,NO NEW ENTRY,70.0,2.0,Momentum stretched,"2 - Advancing, trend 100 long but momentum overextended - hold existing, do not add","2 - Advancing, trend 100 long but momentum overextended - hold existing, do not add","2 - Advancing, trend 100 long but momentum overextended - hold existing, do not add"
2026-07-16,1325.0,1345.0,1251.5,1267.0999755859375,10436460,1047.0997,796.6334,No,98.19,Strong Bull,Uptrend,Hold,Uptrend (HH+HL),Bullish,99.37,Strong Bull,Bullish confirmed,"Strong Bull - all 4 components agree, extreme ADX",100.0,"Outperforming, strengthening",Leads both,70.5673,Neutral,69.0487,57.0219,bullish fading,Overbought,10.8574,0.5521,full,100.0,Positive fading,84.06,Strong Bullish,Bullish confirmed,None,Strong Bullish but overbought on RSI and Stochastic - stretched,Upper Half,Extreme,Bullish,Yes,Yes,Inside,71.43,High,Expanding,33.22,No,High volatility and still expanding - move may be extended,Wide stop - size down,High,Rising,Confirmed Down,0.2483,Accumulation,82.6151,Overbought,2 - Advancing,late,84.0,139.0,,,NO NEW ENTRY,70.0,2.0,Momentum stretched,"2 - Advancing, trend 99 long but momentum overextended - hold existing, do not add","2 - Advancing, trend 100 long but momentum overextended - hold existing, do not add","2 - Advancing, trend 100 long but momentum overextended - hold existing, do not add"
2026-07-17,1270.0,1285.0,1246.0999755859375,1282.199951171875,4135957,1056.3193,801.4649,No,98.19,Strong Bull,Uptrend,Hold,Uptrend (HH+HL),Bullish,99.37,Strong Bull,Bullish confirmed,"Strong Bull - all 4 components agree, extreme ADX",100.0,"Outperforming, strengthening",Leads both,71.7385,Neutral,71.282,59.8739,bullish fading,Overbought,13.469,0.8241,full,100.0,Positive accelerating,83.91,Strong Bullish,Bullish confirmed,None,Strong Bullish but overbought on RSI and Stochastic - stretched,Upper Half,Extreme,Bullish,Yes,Yes,Inside,67.14,High,Expanding,26.51,No,High volatility and still expanding - move may be extended,Wide stop - size down,Normal,Rising,Weak Up,0.2715,Accumulation,76.0691,Neutral,2 - Advancing,late,84.0,140.0,,,NO NEW ENTRY,70.0,2.0,Momentum stretched,"2 - Advancing, trend 99 long but momentum overextended - hold existing, do not add","2 - Advancing, trend 100 long but momentum overextended - hold existing, do not add","2 - Advancing, trend 99 long confirmed but participation is thin - reduce size, breakouts without volume fail more often"
2026-07-20,1282.199951171875,1333.9000244140625,1272.5999755859375,1296.699951171875,5275779,1065.746,806.3926,No,98.17,Strong Bull,Uptrend,Hold,Uptrend (HH+HL),Bullish,99.36,Strong Bull,Bullish confirmed,"Strong Bull - all 4 components agree, extreme ADX",100.0,"Outperforming, strengthening",Leads both,72.8555,Neutral,73.3761,62.5743,bullish fading,Neutral,15.2212,1.0029,full,100.0,Positive accelerating,83.29,Strong Bullish,Bullish confirmed,None,Strong Bullish - all 4 components agree incl. MACD acceleration,Upper Half,Extreme,Bullish,Yes,Yes,Inside,65.24,High,Expanding,28.85,No,High volatility and still expanding - move may be extended,Wide stop - size down,Normal,Rising,Weak Up,0.2672,Accumulation,74.6144,Neutral,2 - Advancing,late,84.0,141.0,,,ENTER SMALL,80.0,3.0,Volume,"2 - Advancing, trend 99 long confirmed but participation is thin - reduce size, breakouts without volume fail more often","2 - Advancing, trend 99 long confirmed but participation is thin - reduce size, breakouts without volume fail more often","2 - Advancing, trend 99 long confirmed but participation is thin - reduce size, breakouts without volume fail more often"
2026-07-21,1302.699951171875,1315.800048828125,1257.0999755859375,1288.4000244140625,3844546,1074.4775,811.1887,No,97.35,Strong Bull,Uptrend,Hold,Uptrend (HH+HL),Bullish,99.07,Strong Bull,Bullish confirmed,"Strong Bull - all 4 components agree, extreme ADX",100.0,"Outperforming, strengthening",Leads both,71.1226,Neutral,73.5185,64.7632,bullish fading,Neutral,12.9581,0.7579,full,100.0,Positive accelerating,81.34,Strong Bullish,Bullish confirmed,None,Strong Bullish - all 4 components agree incl. MACD acceleration,Upper Half,Extreme,Bullish,Yes,Yes,Inside,64.45,High,Expanding,28.97,No,High volatility and still expanding - move may be extended,Wide stop - size down,Normal,Rising,Weak Down,0.238,Accumulation,68.8783,Neutral,2 - Advancing,late,84.0,142.0,,,ENTER SMALL,80.0,3.0,Volume,"2 - Advancing, trend 99 long confirmed but participation is thin - reduce size, breakouts without volume fail more often","2 - Advancing, trend 99 long confirmed but participation is thin - reduce size, breakouts without volume fail more often","2 - Advancing, trend 99 long confirmed but participation is thin - reduce size, breakouts without volume fail more often"
2026-07-22,1290.0,1312.0,1262.0,1268.199951171875,2691508,1082.0745,815.7361,No,95.77,Strong Bull,Uptrend,Hold,Uptrend (HH+HL),Bullish,98.52,Strong Bull,Bullish confirmed,"Strong Bull - all 4 components agree, extreme ADX",100.0,"Outperforming, strengthening",Leads both,66.9491,Neutral,71.1808,66.0467,bullish fading,Neutral,5.6833,-0.0108,full,100.0,Positive accelerating,76.8,Strong Bullish,Bullish confirmed,None,Strong Bullish - all 4 components agree incl. MACD acceleration,Upper Half,Extreme,Bullish,Yes,Yes,Inside,62.58,High,Expanding,20.95,No,High volatility and still expanding - move may be extended,Wide stop - size down,Normal,Rising,Weak Down,0.2244,Accumulation,68.3526,Neutral,2 - Advancing,late,84.0,143.0,,,ENTER SMALL,80.0,3.0,Volume,"2 - Advancing, trend 99 long confirmed but participation is thin - reduce size, breakouts without volume fail more often","2 - Advancing, trend 100 long but momentum overextended - hold existing, do not add","2 - Advancing, trend 100 long but momentum overextended - hold existing, do not add"
2026-07-23,1268.199951171875,1271.5,1221.199951171875,1233.199951171875,2619436,1088.001,819.8899,No,92.85,Strong Bull,Uptrend,Hold,Uptrend (HH+HL),Bullish,97.5,Strong Bull,Bullish confirmed,"Strong Bull - all 4 components agree, extreme ADX",100.0,"Outperforming, strengthening",Leads both,60.342,Neutral,65.7461,65.9866,Bearish crossover,Neutral,1.2147,-0.4821,full,100.0,Positive fading,68.64,Bullish,Bullish majority,None,Bullish - price momentum agrees but MACD shows deceleration,Upper Half,Extreme,Bullish,Yes,Yes,Inside,58.65,Normal,Stable,11.11,No,"Normal volatility, stable",Wide stop - size down,Dry-up,Rising,Weak Down,0.213,Accumulation,68.1372,Neutral,2 - Advancing,late,84.0,144.0,,,ENTER SMALL,79.77,3.0,Volume,"2 - Advancing, trend 98 long confirmed but participation is thin - reduce size, breakouts without volume fail more often","2 - Advancing, trend 99 long but momentum overextended - hold existing, do not add","2 - Advancing, trend 100 long but momentum overextended - hold existing, do not add"
2026-07-24,1224.0999755859375,1224.699951171875,1188.0999755859375,1208.699951171875,3613338,1092.7343,823.7587,No,91.09,Strong Bull,Uptrend,Hold,Uptrend (HH+HL),Bullish,96.88,Strong Bull,Bullish confirmed,"Strong Bull - all 4 components agree, extreme ADX",100.0,"Outperforming, strengthening",Leads both,56.1636,Neutral,58.7845,64.5462,bullish accelerating,Neutral,-1.395,-0.7559,full,100.0,Positive fading,61.13,Bullish,Bullish majority,None,Bullish - price momentum agrees but MACD shows deceleration,Upper Half,Extreme,Bullish,No,Yes,Inside,54.44,Normal,Stable,7.82,No,"Normal volatility, stable",Wide stop - size down,Normal,Rising,Weak Down,0.2102,Accumulation,66.0849,Neutral,2 - Advancing,late,84.0,145.0,,,ENTER SMALL,77.24,3.0,Volume,"2 - Advancing, trend 97 long confirmed but participation is thin - reduce size, breakouts without volume fail more often","2 - Advancing, trend 99 long but momentum overextended - hold existing, do not add","2 - Advancing, trend 100 long but momentum overextended - hold existing, do not add"
2026-07-27,1214.9000244140625,1233.9000244140625,1196.5,1214.9000244140625,1910743,1097.5251,827.6506,No,85.04,Strong Bull,Uptrend,Hold,Uptrend (HH+HL),Bullish,94.76,Strong Bull,Bullish confirmed,"Strong Bull - all 4 components agree, extreme ADX",100.0,"Outperforming, strengthening",Leads both,56.9755,Neutral,53.1549,62.2679,bullish accelerating,Neutral,2.5578,-0.3385,full,100.0,Positive fading,58.12,Bullish,Mixed,Bearish divergence,Bullish - bearish divergence vs price over 21 bars,Upper Half,Extreme,Bullish,No,Yes,Inside,46.63,Normal,Stable,-8.73,No,"Normal volatility, stable",Wide stop - size down,Dry-up,Rising,Weak Up,0.146,Accumulation,65.4804,Neutral,2 - Advancing,late,84.0,146.0,,,HOLD / TIGHTEN STOP,70.0,2.0,Momentum divergence,"2 - Advancing, trend 95 long but momentum diverging - trend tiring, tighten stop","2 - Advancing, trend 99 long confirmed but participation is thin - reduce size, breakouts without volume fail more often","2 - Advancing, trend 99 long confirmed but participation is thin - reduce size, breakouts without volume fail more often"
2026-07-28,1213.0,1229.0,1196.0999755859375,1202.0,2067763,1101.6221,831.3755,No,80.44,Strong Bull,Uptrend,Hold,Uptrend (HH+HL),Bullish,93.15,Strong Bull,Bullish confirmed,"Strong Bull - all 4 components agree, extreme ADX",100.0,"Outperforming, strengthening",Leads both,54.7052,Neutral,47.1095,59.2362,bullish accelerating,Neutral,0.0166,-0.6058,full,100.0,Positive fading,54.97,Neutral,Mixed,Bearish divergence,Neutral - bearish divergence vs price over 21 bars,Lower Half,Extreme,Bullish,No,Yes,Inside,33.77,Low,Contracting,-21.43,No,"Low volatility, contracting - coiling, watch for breakout",Wide stop - size down,Dry-up,Rising,Weak Down,0.0464,Neutral,59.3702,Neutral,2 - Advancing,late,84.0,147.0,,,HOLD / TIGHTEN STOP,70.0,2.0,Momentum divergence,"2 - Advancing, trend 93 long but momentum diverging - trend tiring, tighten stop","2 - Advancing, trend 99 long confirmed but participation is thin - reduce size, breakouts without volume fail more often","2 - Advancing, trend 99 long confirmed but participation is thin - reduce size, breakouts without volume fail more often"
2026-07-29,1207.199951171875,1252.0,1191.0999755859375,1246.0999755859375,3305892,1107.2879,835.5021,No,83.79,Strong Bull,Uptrend,Hold,Uptrend (HH+HL),Bullish,94.33,Strong Bull,Bullish confirmed,"Strong Bull - all 4 components agree, extreme ADX",100.0,"Outperforming, strengthening",Leads both,60.4999,Neutral,45.3541,56.4598,bullish fading,Neutral,-3.88,-1.0144,full,100.0,Positive accelerating,57.54,Neutral,Mixed,Bearish divergence,Neutral - bearish divergence vs price over 21 bars,Upper Half,Extreme,Bullish,No,Yes,Inside,27.74,Low,Contracting,-34.52,No,"Low volatility, contracting - coiling, watch for breakout",Wide stop - size down,Normal,Rising,Weak Up,0.115,Accumulation,58.1351,Neutral,2 - Advancing,late,84.0,148.0,,,HOLD / TIGHTEN STOP,70.0,2.0,Momentum divergence,"2 - Advancing, trend 94 long but momentum diverging - trend tiring, tighten stop","2 - Advancing, trend 99 long confirmed but participation is thin - reduce size, breakouts without volume fail more often","2 - Advancing, trend 100 long but momentum overextended - hold existing, do not add"
2026-07-30,1253.0,1265.9000244140625,1232.5,1240.9000244140625,2463994,1112.5276,839.5359,No,83.13,Strong Bull,Uptrend,Hold,Uptrend (HH+HL),Bullish,94.1,Strong Bull,Bullish confirmed,"Strong Bull - all 4 components agree, extreme ADX",100.0,"Outperforming, strengthening",Leads both,59.5328,Neutral,43.0471,53.7773,bullish fading,Neutral,-2.0677,-0.8215,full,100.0,Positive fading,57.71,Neutral,Mixed,Bearish divergence,Neutral - bearish divergence vs price over 21 bars,Upper Half,Extreme,Bullish,No,No,Inside,21.59,Low,Contracting,-49.84,No,"Low volatility, contracting - coiling, watch for breakout",Wide stop - size down,Normal,Rising,Weak Down,0.0935,Accumulation,61.5804,Neutral,2 - Advancing,late,84.0,149.0,,,HOLD / TIGHTEN STOP,70.0,2.0,Momentum divergence,"2 - Advancing, trend 94 long but momentum diverging - trend tiring, tighten stop","2 - Advancing, trend 98 long confirmed but participation is thin - reduce size, breakouts without volume fail more often","2 - Advancing, trend 99 long but momentum overextended - hold existing, do not add"
2026-07-31,1247.0,1274.5999755859375,1232.0999755859375,1260.300048828125,3182191,1118.3226,843.7226,No,88.9,Strong Bull,Uptrend,Hold,Uptrend (HH+HL),Bullish,96.12,Strong Bull,Bullish confirmed,"Strong Bull - all 4 components agree, extreme ADX",100.0,"Outperforming, strengthening",Leads both,61.975,Neutral,42.2967,51.4811,bullish fading,Neutral,-1.708,-0.7835,full,100.0,Positive accelerating,60.54,Bullish,Mixed,Bearish divergence,Bullish - bearish divergence vs price over 21 bars,Upper Half,Extreme,Bullish,No,No,Inside,17.18,Very Low,Contracting,-49.96,No,"Very Low volatility, contracting - coiling, watch for breakout",Wide stop - size down,Normal,Rising,Weak Up,0.1181,Accumulation,66.602,Neutral,2 - Advancing,late,84.0,150.0,,,HOLD / TIGHTEN STOP,70.0,2.0,Momentum divergence,"2 - Advancing, trend 96 long but momentum diverging - trend tiring, tighten stop","2 - Advancing, trend 97 long confirmed but participation is thin - reduce size, breakouts without volume fail more often","2 - Advancing, trend 99 long but momentum overextended - hold existing, do not add"
2026-08-03,1269.0,1289.9000244140625,1242.0,1272.699951171875,3918401,1124.3766,847.9911,No,94.43,Strong Bull,Uptrend,Hold,Uptrend (HH+HL),Bullish,98.05,Strong Bull,Bullish confirmed,"Strong Bull - all 4 components agree, extreme ADX",100.0,"Outperforming, strengthening",Leads both,63.4916,Neutral,42.2159,49.6281,bullish fading,Neutral,-1.8509,-0.797,full,100.0,Positive accelerating,62.38,Bullish,Bullish majority,Bearish divergence,Bullish - bearish divergence vs price over 21 bars,Upper Half,Extreme,Bullish,No,No,Inside,13.49,Very Low,Contracting,-51.75,No,"Very Low volatility, contracting - coiling, watch for breakout",Low vol - tight stops,Normal,Rising,Weak Up,0.1334,Accumulation,71.8373,Neutral,2 - Advancing,late,84.0,151.0,,,HOLD / TIGHTEN STOP,70.0,2.0,Momentum divergence,"2 - Advancing, trend 98 long but momentum diverging - trend tiring, tighten stop","2 - Advancing, trend 95 long but momentum diverging - trend tiring, tighten stop","2 - Advancing, trend 99 long confirmed but participation is thin - reduce size, breakouts without volume fail more often"
2026-08-04,1341.199951171875,1500.0,1336.5,1450.4000244140625,23853424,1137.1619,853.9852,No,100.0,Strong Bull,Uptrend,Hold,Uptrend (HH+HL),Bullish,100.0,Strong Bull,Bullish confirmed,"Strong Bull - all 4 components agree, extreme ADX",100.0,"Outperforming, strengthening",Leads both,77.4019,Overbought,55.847,50.8719,Bullish crossover,Neutral,12.5737,0.7169,full,100.0,Positive accelerating,78.76,Strong Bullish,Bullish confirmed,Bearish divergence,Strong Bullish - bearish divergence vs price over 21 bars,Above Upper,Extreme,Bullish,No,No,Breakout Up,39.41,Low,Contracting,-25.04,No,"Low volatility, contracting - coiling, watch for breakout",Wide stop - size down,High,Rising,Confirmed Up,0.192,Accumulation,75.391,Neutral,2 - Advancing,late,84.0,152.0,,,HOLD / TIGHTEN STOP,70.0,2.0,Momentum divergence,"2 - Advancing, trend 100 long but momentum diverging - trend tiring, tighten stop","2 - Advancing, trend 93 long but momentum diverging - trend tiring, tighten stop","2 - Advancing, trend 99 long confirmed but participation is thin - reduce size, breakouts without volume fail more often"
2026-08-05,1465.0,1479.5,1405.0,1470.800048828125,6957983,1150.2457,860.1227,No,100.0,Strong Bull,Uptrend,Hold,Uptrend (HH+HL),Bullish,100.0,Strong Bull,Bullish confirmed,"Strong Bull - all 4 components agree, extreme ADX",100.0,"Outperforming, strengthening",Leads both,78.4185,Overbought,67.5176,54.201,bullish accelerating,Neutral,15.9754,1.0665,full,100.0,Positive accelerating,85.8,Strong Bullish,Bullish confirmed,None,Strong Bullish - all 4 components agree incl. MACD acceleration,Above Upper,Extreme,Bullish,Yes,No,Inside,55.16,Normal,Stable,-7.42,No,"Normal volatility, stable",Wide stop - size down,Normal,Rising,Confirmed Up,0.1911,Accumulation,74.5097,Neutral,2 - Advancing,late,84.0,153.0,,,ENTER LONG,92.44,5.0,None,"2 - Advancing, trend 100 with bullish confirmed, momentum and volume confirm; outperforming both benchmarks, late in the stage, reduce size","2 - Advancing, trend 94 long but momentum diverging - trend tiring, tighten stop","2 - Advancing, trend 99 long confirmed but participation is thin - reduce size, breakouts without volume fail more often"
2026-08-06,1470.800048828125,1505.0,1440.0,1453.199951171875,4844393,1162.1263,866.0239,No,99.82,Strong Bull,Uptrend,Hold,Uptrend (HH+HL),Bullish,99.94,Strong Bull,Bullish confirmed,"Strong Bull - all 4 components agree, extreme ADX",100.0,"Outperforming, strengthening",Leads both,75.2723,Overbought,74.4877,58.2584,bullish accelerating,Overbought,17.8398,1.2522,full,100.0,Positive fading,87.05,Strong Bullish,Bullish confirmed,None,Strong Bullish but overbought on RSI and Stochastic - stretched,Above Upper,Extreme,Bullish,Yes,No,Inside,55.08,Normal,Stable,-3.57,No,"Normal volatility, stable",Wide stop - size down,Normal,Rising,Weak Down,0.164,Accumulation,80.5331,Overbought,2 - Advancing,late,84.0,154.0,,,NO NEW ENTRY,70.0,2.0,Momentum stretched,"2 - Advancing, trend 100 long but momentum overextended - hold existing, do not add","2 - Advancing, trend 94 long but momentum diverging - trend tiring, tighten stop","2 - Advancing, trend 98 long confirmed but participation is thin - reduce size, breakouts without volume fail more often"
2026-08-07,1450.0,1508.0,1446.0,1481.5,4646299,1174.6507,872.1481,No,99.82,Strong Bull,Uptrend,Hold,Uptrend (HH+HL),Bullish,99.94,Strong Bull,Bullish confirmed,"Strong Bull - all 4 components agree, extreme ADX",100.0,"Outperforming, strengthening",Leads both,76.8786,Overbought,81.3574,62.8782,bullish accelerating,Overbought,22.5697,1.7403,full,100.0,Positive accelerating,88.39,Strong Bullish,Bullish confirmed,None,Strong Bullish but overbought on RSI and Stochastic - stretched,Above Upper,Extreme,Bullish,Yes,No,Inside,56.23,Normal,Stable,1.79,No,"Normal volatility, stable",Wide stop - size down,Normal,Rising,Weak Up,0.1516,Accumulation,80.5342,Overbought,2 - Advancing,late,84.0,155.0,,,NO NEW ENTRY,70.0,2.0,Momentum stretched,"2 - Advancing, trend 100 long but momentum overextended - hold existing, do not add","2 - Advancing, trend 96 long but momentum diverging - trend tiring, tighten stop","2 - Advancing, trend 97 long confirmed but participation is thin - reduce size, breakouts without volume fail more often"
2026-08-10,1488.0,1520.0,1457.0,1466.199951171875,3970943,1186.084,878.059,No,98.46,Strong Bull,Uptrend,Hold,Uptrend (HH+HL),Bullish,99.46,Strong Bull,Bullish confirmed,"Strong Bull - all 4 components agree, extreme ADX",100.0,"Outperforming, strengthening",Leads both,74.0769,Overbought,84.5919,67.2209,bullish fading,Overbought,20.6848,1.5379,full,100.0,Positive fading,86.92,Strong Bullish,Bullish confirmed,Bearish divergence,"Strong Bullish but overbought on RSI and Stochastic - stretched, bearish divergence",Upper Half,Extreme,Bullish,Yes,No,Inside,57.86,Normal,Stable,11.23,No,"Normal volatility, stable",Wide stop - size down,Normal,Rising,Weak Down,0.1421,Accumulation,85.8764,Overbought,2 - Advancing,late,84.0,156.0,,,NO NEW ENTRY,70.0,2.0,Momentum stretched,"2 - Advancing, trend 99 long but momentum overextended - hold existing, do not add","2 - Advancing, trend 98 long but momentum diverging - trend tiring, tighten stop","2 - Advancing, trend 95 long but momentum diverging - trend tiring, tighten stop"
2026-08-11,1472.4000244140625,1534.800048828125,1472.0,1525.4000244140625,4867021,1199.3905,884.5002,No,99.67,Strong Bull,Uptrend,Hold,Uptrend (HH+HL),Bullish,99.88,Strong Bull,Bullish confirmed,"Strong Bull - all 4 components agree, extreme ADX",100.0,"Outperforming, strengthening",Leads both,77.4945,Overbought,90.8846,71.9537,bullish accelerating,Overbought,26.9052,2.1644,full,100.0,Positive accelerating,88.83,Strong Bullish,Bullish confirmed,None,Strong Bullish but overbought on RSI and Stochastic - stretched,At Upper,Extreme,Bullish,Yes,No,Breakout Up,56.03,Normal,Expanding,22.26,No,"Normal volatility, expanding - range widening",Wide stop - size down,Normal,Rising,Weak Up,0.1471,Accumulation,89.8779,Overbought,2 - Advancing,late,84.0,157.0,,,NO NEW ENTRY,70.0,2.0,Momentum stretched,"2 - Advancing, trend 100 long but momentum overextended - hold existing, do not add","2 - Advancing, trend 100 long but momentum diverging - trend tiring, tighten stop","2 - Advancing, trend 93 long but momentum diverging - trend tiring, tighten stop"
2026-08-12,1531.699951171875,1580.0,1511.0999755859375,1569.4000244140625,4521050,1213.9007,891.3152,No,100.0,Strong Bull,Uptrend,Hold,Uptrend (HH+HL),Bullish,100.0,Strong Bull,Bullish confirmed,"Strong Bull - all 4 components agree, extreme ADX",100.0,"Outperforming, strengthening",Leads both,79.6427,Overbought,98.289,77.2207,bullish accelerating,Overbought,25.945,2.0545,full,100.0,Positive accelerating,90.08,Strong Bullish,Bullish confirmed,None,Strong Bullish but overbought on RSI and Stochastic - stretched,At Upper,Extreme,Bullish,Yes,No,Breakout Up,52.58,Normal,Expanding,24.84,No,"Normal volatility, expanding - range widening",Wide stop - size down,Normal,Rising,Weak Up,0.109,Accumulation,93.383,Overbought,2 - Advancing,late,84.0,158.0,,,NO NEW ENTRY,70.0,2.0,Momentum stretched,"2 - Advancing, trend 100 long but momentum overextended - hold existing, do not add","2 - Advancing, trend 100 with bullish confirmed, momentum and volume confirm; outperforming both benchmarks, late in the stage, reduce size","2 - Advancing, trend 94 long but momentum diverging - trend tiring, tighten stop"
