Date,Open,High,Low,Close,Volume,EMA_50,EMA_200,Below_EMA_200,EMA_score,EMA_trend,ST_state,ST_signal,MS_structure,MS_bias,Trend_score,Trend_band,Trend_agreement,Trend_description,RS_score,RS_state,RS_agreement,RSI_14,RSI_state,MACD,MACD_signal,MACD_state,Stoch_state,ROC_10,ROC_10_z,ROC_10_z_basis,ROC_score,ROC_state,Momentum_score,Momentum_band,Momentum_agreement,Momentum_divergence,Momentum_description,BB_state,ADX_regime,ADX_direction,ADX_rising,ATR_rising,DC_state,Volatility_score,Volatility_band,Volatility_trend,Volatility_change,Volatility_squeeze,Volatility_description,ATR_note,Vol_state,Vol_trend,Vol_price_confirm,CMF,CMF_state,MFI,MFI_state,Stage_name,Stage_substage,Stage_confidence,Stage_days,Prev_stage_name,Prev_stage_days,Final_decision,Final_score,Final_conviction,Final_blocker,Final_description,Final_description_5d_ago,Final_description_10d_ago
2024-12-19,1900.0,2031.0,1852.0999755859373,1960.8499755859373,16494444,,,,,,,,,,,,,,,,,,,,,,,,,,,,,,,,,,,,,,,,,,,,,,,,,,,,,,,,,,,,,,,,,
2024-12-20,2095.0,2148.0,1862.8499755859373,1885.800048828125,3776155,,,,,,,,,,,,,,,,,,,,,,,,,,,,,,,,,,,,,,,,,,,,,,,,,,,,,,,,,,,,,,,,,
2024-12-23,1911.0,1937.699951171875,1820.0,1895.800048828125,1352484,,,,,,,,,,,,,,,,,,,,,,,,,,,,,,,,,,,,,,,,,,,,,,,,,,,,,,,,,,,,,,,,,
2024-12-24,1899.75,1997.800048828125,1891.5,1921.949951171875,1102995,,,,,,,,,,,,,,,,,,,,,,,,,,,,,,,,,,,,,,,,,,,,,,,,,,,,,,,,,,,,,,,,,
2024-12-26,1928.75,2189.0,1910.699951171875,2145.699951171875,3959964,,,,,,,,,,,,,,,,,,,,,,,,,,,,,,,,,,,,,,,,,,,,,,,,,,,,,,,,,,,,,,,,,
2024-12-27,2150.0,2180.0,1971.6500244140625,2005.5999755859373,1535790,,,,,,,,,,,,,,,,,,,,,,,,,,,,,,,,,,,,,,,,,,,,,,,,,,,,,,,,,,,,,,,,,
2024-12-30,2000.0,2025.0,1900.0,1910.8499755859373,645421,,,,,,,,,,,,,,,,,,,,,,,,,,,,,,,,,,,,,,,,,,,,,,,,,,,,,,,,,,,,,,,,,
2024-12-31,1914.0,1957.9000244140625,1889.300048828125,1919.5,389435,,,,,,,,,,,,,,,,,,,,,,,,,,,,,,,,,,,,,,,,,,,,,,,,,,,,,,,,,,,,,,,,,
2025-01-01,1928.0,1974.9000244140625,1915.25,1943.25,373589,,,,,,,,,,,,,,,,,,,,,,,,,,,,,,,,,,,,,,,,,,,,,,,,,,,,,,,,,,,,,,,,,
2025-01-02,1943.0,1951.25,1891.75,1936.3499755859373,424457,,,,,,,,,,,,,,,,,,,,,,,,,,,,,,,,,,,,,,,,,,,,,,,,,,,,,,,,,,,,,,,,,
2025-01-03,1933.300048828125,1967.199951171875,1910.5,1939.0999755859373,441187,,,,,,Uptrend,Hold,,,,,,,,,,,,,,,,-1.1092,,,,,,,,,,,,,,,,,,,,,,,,,,,,,,,,,,,,,,,,,,
2025-01-06,1948.0,1948.0,1860.0,1867.3499755859373,408946,,,,,,Uptrend,Hold,,,,,,,,,,,,,,,,-0.9784,,,,,,,,,,,,,,,,,,,,,,,,,,,,,,,,,,,,,,,,,,
2025-01-07,1878.3499755859373,1983.8499755859373,1871.050048828125,1973.949951171875,534478,,,,,,Uptrend,Hold,,,,,,,,,,,,,,,,4.1223,,,,,,,,,,,,,,,,,,,,,,,,,,,,,,,,,,,,,,,,,,
2025-01-08,1979.9000244140625,1980.949951171875,1921.8499755859373,1946.949951171875,215148,,,,,,Uptrend,Hold,,,,,,,,,,,,,,,,1.3008,,,,,,,,,,,,,,,,,,,,,,,,,,,,,,,,,,,,,,,,,,
2025-01-09,1947.0,1970.0,1924.9000244140625,1954.050048828125,200486,,,,41.62,Neutral,Uptrend,Hold,,,,,,,,,,28.4676,Oversold,,,,,-8.9318,,,,,,,,,,,,,,,,,,,,,,,,,,,,68.2697,Neutral,,,,,,,,,,,,,
2025-01-10,1958.0,1978.0,1889.75,1914.3499755859373,258233,,,,31.61,Bear,Uptrend,Hold,,,,,,,,,,27.1138,Oversold,,,,,-4.5498,,,,,,,,,,,,,,,,,,,,,,,,,,,,56.8532,Neutral,,,,,,,,,,,,,
2025-01-13,1886.0,1920.0,1855.1500244140625,1867.6500244140625,385912,,,,30.2,Bear,Uptrend,Hold,,,,,,,,,,25.5731,Oversold,,,,Neutral,-2.2608,,,,,,,,,,,,,,,,,,,,,,,,,,,,61.6111,Neutral,,,,,,,,,,,,,
2025-01-14,1876.949951171875,1950.9000244140625,1868.050048828125,1936.699951171875,197613,,,,30.48,Bear,Uptrend,Hold,,,,,,,,,,31.7484,Neutral,,,,Oversold,0.8961,,,,,,,,,,,,,,,,,,,,,,,,,,,,58.2419,Neutral,,,,,,,,,,,,,
2025-01-15,1945.0,1992.199951171875,1910.0,1917.949951171875,317496,,,,23.66,Bear,Uptrend,Hold,,,,,,,,,,30.9963,Neutral,,,,Oversold,-1.3019,,,,,,,,,,,,,,,,,,,,,,,,,,,,32.5479,Neutral,,,,,,,,,,,,,
2025-01-16,1870.0,1904.699951171875,1850.0,1862.8499755859373,536053,,,,14.07,Strong Bear,Uptrend,Hold,,,,,,,,,,28.8347,Oversold,,,,Oversold,-3.7958,,,,,,,,,,Lower Half,,,,,,,,,,,,,,,,,,39.3706,Neutral,,,,,,,,,,,,,
2025-01-17,1850.0,1885.699951171875,1844.550048828125,1871.949951171875,150659,,,,16.4,Strong Bear,Uptrend,Hold,,,,,,,,,,29.7066,Oversold,,,,Oversold,-3.4629,,,,,,,,,,Lower Half,,,,,,,,,,,,,Dry-up,,Weak Up,-0.147,Distribution,43.5061,Neutral,,,,,,,,,,,,,
2025-01-20,1896.5,1940.0,1860.199951171875,1925.6500244140625,202137,,,,16.41,Strong Bear,Uptrend,Hold,,,,,,,,,,34.7843,Neutral,,,,Neutral,3.1221,,,,,,,,,,Lower Half,,,,,Inside,,,,,,,,Dry-up,,Weak Up,0.0563,Accumulation,49.6063,Neutral,,,,,,,,,,,,,
2025-01-21,1926.6500244140625,1934.949951171875,1869.0,1884.949951171875,277868,,,,10.07,Strong Bear,Uptrend,Hold,,,,,,,,,,32.8476,Neutral,,,,Neutral,-4.5087,,,,,,,,,,Lower Half,,,,,Inside,,,,,,,,Dry-up,,Weak Down,0.0187,Neutral,42.4042,Neutral,,,,,,,,,,,,,
2025-01-22,1899.6500244140625,1899.6500244140625,1840.0,1848.5,288851,,,,7.83,Strong Bear,Uptrend,Hold,,,,,,,,,,31.1736,Neutral,,,,Neutral,-5.0566,,,,,,,,,,Lower Half,,,,,Near Lower,,,,,,,,Dry-up,,Weak Down,0.0425,Neutral,43.8104,Neutral,,,,,,,,,,,,,
2025-01-23,1860.1500244140625,1860.1500244140625,1801.0,1821.300048828125,139262,,,,6.54,Strong Bear,Uptrend,Hold,,,,,,,,,,29.9471,Oversold,,,,Oversold,-6.7936,,,,,,,,,,At Lower,,,,No,Breakout Down,,,,,,,,Dry-up,,Weak Down,-0.2868,Distribution,36.2492,Neutral,,,,,,,,,,,,,
2025-01-24,1825.050048828125,1842.949951171875,1768.050048828125,1779.800048828125,95611,,,,4.39,Strong Bear,Uptrend,Hold,,,,,,,,,,28.1287,Oversold,,,,Oversold,-7.0285,,,,,,,,,,Below Lower,,,,No,Breakout Down,,,,,,,,Dry-up,,Weak Down,-0.2009,Distribution,39.2667,Neutral,,,,,,,,,,,,,
2025-01-27,1772.0,1772.0,1534.550048828125,1568.25,453216,,,,0.0,Strong Bear,Downtrend,Sell,,,,,,,,,,21.0965,Oversold,-65.9822,,,Oversold,-16.0308,,,,,,,,,,Below Lower,,,,Yes,Breakout Down,,,,,,,,Normal,,Confirmed Down,-0.1738,Distribution,25.9886,Neutral,,,,,,,,,,,,,
2025-01-28,1589.949951171875,1608.550048828125,1476.0,1559.8499755859375,598890,,,,0.0,Strong Bear,Downtrend,Hold,,,0.0,Strong Bear,Bearish confirmed,"Strong Bear - all 3 components agree, extreme ADX",,,,20.8733,Oversold,-82.2515,,,Oversold,-19.4584,,,,,,,,,,Below Lower,Extreme,Bearish,,Yes,Inside,,,,,,,,Normal,,Confirmed Down,-0.1366,Distribution,18.572,Oversold,,,,,,,,,,,,,
2025-01-29,1560.0,1805.050048828125,1545.699951171875,1743.75,611421,,,,8.68,Strong Bear,Downtrend,Hold,,,29.27,Bear,Mixed,"Bear - components mixed, low conviction",,,,36.6673,Neutral,-79.3907,,,Neutral,-9.0826,,,,,,,,,,Lower Half,Extreme,Bullish,,Yes,Inside,,,,,,,,Normal,,Confirmed Up,-0.0806,Distribution,29.9302,Neutral,,,,,,,,,,,,,
2025-01-30,1738.0,1794.9000244140625,1705.0,1748.699951171875,248553,,,,9.42,Strong Bear,Downtrend,Hold,,,30.29,Bear,Mixed,"Bear - components mixed, low conviction",,,,37.0317,Neutral,-75.8498,,,Neutral,-6.1277,,,,,,,,,,Lower Half,Strong,Bullish,,Yes,Inside,,,,,,,,Normal,,Weak Up,-0.1161,Distribution,35.5869,Neutral,,,,,,,,,,,,,
2025-01-31,1750.050048828125,1791.949951171875,1740.0,1761.1500244140625,118847,,,,10.63,Strong Bear,Downtrend,Hold,,,32.57,Bear,Mixed,"Bear - components mixed, low conviction",,,,37.9978,Neutral,-71.218,,,Neutral,-5.919,,,,,,,,,,Lower Half,Strong,Bullish,,Yes,Inside,,,,,,,,Dry-up,,Weak Up,-0.1262,Distribution,40.8295,Neutral,,,,,,,,,,,,,
2025-02-01,1773.949951171875,1773.949951171875,1707.0,1722.25,55504,,,,7.83,Strong Bear,Downtrend,Hold,,,28.43,Bear,Mixed,"Bear - components mixed, low conviction",,,,36.1324,Neutral,-69.8806,,,Neutral,-10.5627,,,,,,,,,,Lower Half,Strong,Bullish,,Yes,Inside,,,,,,,,Dry-up,,Weak Down,-0.0811,Distribution,37.1784,Neutral,,,,,,,,,,,,,
2025-02-03,1724.949951171875,1807.449951171875,1711.050048828125,1729.199951171875,131649,,,,13.03,Strong Bear,Downtrend,Hold,,,30.7,Bear,Mixed,"Bear - components mixed, low conviction",,,,36.73,Neutral,-67.482,,,Neutral,-8.2628,,,,,,,,,,Lower Half,Strong,Bullish,No,Yes,Inside,,,,,,,,Dry-up,,Weak Up,-0.1824,Distribution,33.6337,Neutral,,,,,,,,,,,,,
2025-02-04,1735.0,1793.8499755859375,1703.199951171875,1724.050048828125,129810,,,,11.98,Strong Bear,Downtrend,Hold,,,30.24,Bear,Mixed,"Bear - components mixed, low conviction",,,,36.4578,Neutral,-65.2446,,,Neutral,-6.7325,,,,,,,,,,Lower Half,Trending,Bullish,No,Yes,Inside,,,,,,,,Dry-up,,Weak Down,-0.1922,Distribution,37.9528,Neutral,,,,,,,,,,,,,
2025-02-05,1724.050048828125,1792.0,1715.4000244140625,1751.9000244140625,229233,,,,16.0,Strong Bear,Downtrend,Hold,,,33.62,Bear,Mixed,"Bear - components mixed, low conviction",,,,39.087,Neutral,-60.5264,,,Neutral,-3.8105,,,,,,,,,,Lower Half,Trending,Bullish,No,Yes,Inside,,,,,,,,Normal,,Weak Up,-0.204,Distribution,43.7173,Neutral,,,,,,,,,,,,,
2025-02-06,1750.25,1756.449951171875,1672.0999755859375,1705.75,290264,,,,7.95,Strong Bear,Downtrend,Hold,,,28.48,Bear,Mixed,"Bear - components mixed, low conviction",,,,36.3992,Neutral,-59.8216,-65.9089,bearish,Neutral,-4.1606,,,,,,,,,,Lower Half,Trending,Bullish,No,Yes,Inside,,,,,,,,Normal,,Confirmed Down,-0.1926,Distribution,36.8112,Neutral,,,,,,,,,,,,,
2025-02-07,1704.949951171875,1804.6500244140625,1694.949951171875,1740.699951171875,182342,,,,14.67,Strong Bear,Downtrend,Hold,,,31.29,Bear,Mixed,"Bear - components mixed, low conviction",,,,39.7767,Neutral,-55.7996,-63.8871,bearish accelerating,Neutral,10.9963,,,,,,,,,,Lower Half,Trending,Bullish,No,No,Inside,,,,,,,,Normal,,Weak Up,-0.1607,Distribution,43.3112,Neutral,,,,,,,,,,,,,
2025-02-10,1757.0,1757.0,1684.1500244140625,1699.5,78480,,,,9.65,Strong Bear,Downtrend,Hold,Range,,32.22,Bear,Mixed,"Bear - components mixed, low conviction",,,,37.2645,Neutral,-55.2992,-62.1695,bearish fading,Neutral,8.9528,,,,,,,,,,Lower Half,Trending,Bullish,No,No,Inside,,,,,,,,Dry-up,,Weak Down,-0.1986,Distribution,46.3902,Neutral,,,,,,,,,,,,,
2025-02-11,1690.050048828125,1699.0,1632.0,1665.449951171875,166448,,,,6.04,Strong Bear,Downtrend,Hold,Range,,14.49,Strong Bear,Bearish confirmed,"Strong Bear - all 4 components agree, trending ADX",,,,35.2812,Neutral,-56.9932,-61.1342,bearish fading,Neutral,-4.4903,,,,,,,,,,Lower Half,Trending,Bearish,No,No,Inside,,,,,,,,Normal,,Weak Down,-0.1533,Distribution,46.2053,Neutral,,,,,,,,,,,,,
2025-02-12,1671.0,1752.0,1636.3499755859375,1748.3499755859375,125678,,,,13.23,Strong Bear,Downtrend,Hold,Range,,32.28,Bear,Mixed,"Bear - components mixed, low conviction",,,,43.2063,Neutral,-51.0578,-59.1189,bearish accelerating,Neutral,-0.02,,,,,,,,,,Lower Half,Trending,Bullish,No,No,Inside,,,,,,,,Normal,,Weak Up,-0.0792,Distribution,49.6033,Neutral,,,,,,,,,,,,,
2025-02-13,1748.3499755859375,1773.9000244140625,1713.550048828125,1727.300048828125,62447,,,,14.64,Strong Bear,Downtrend,Hold,Range,,31.19,Bear,Mixed,"Bear - components mixed, low conviction",,,,41.8064,Neutral,-47.5049,-56.7961,bearish accelerating,Neutral,-1.922,,,,,,,,,,Lower Half,Trending,Bullish,No,No,Inside,,,,,,,,Dry-up,,Weak Down,-0.0995,Distribution,57.8145,Neutral,,,,,,,,,,,,,
2025-02-14,1745.8499755859375,1745.9000244140625,1635.6500244140625,1657.1500244140625,92780,,,,6.1,Strong Bear,Downtrend,Hold,Range,,17.02,Strong Bear,Bearish confirmed,"Range with bearish lean - ADX emerging, direction not confirmed",,,,37.4515,Neutral,-49.7759,-55.3921,bearish fading,Neutral,-3.7799,,,,,,,,,,Lower Half,Emerging,Bearish,No,No,Inside,,,,,,,,Dry-up,,Weak Down,-0.1444,Distribution,68.0808,Neutral,,,,,,,,,,,,,
2025-02-17,1651.0,1712.949951171875,1605.25,1688.3499755859375,92062,,,,9.35,Strong Bear,Downtrend,Hold,Range,,18.85,Strong Bear,Bearish confirmed,"Range with bearish lean - ADX emerging, direction not confirmed",,,,40.424,Neutral,-48.4991,-54.0135,bearish fading,Neutral,-2.3624,,,,,,,,,,Lower Half,Emerging,Bearish,No,No,Inside,,,,,,,,Dry-up,,Weak Up,-0.1047,Distribution,55.4759,Neutral,,,,,,,,,,,,,
2025-02-18,1680.0,1698.75,1653.8499755859375,1689.1500244140625,65621,,,,11.74,Strong Bear,Downtrend,Hold,Range,,20.33,Strong Bear,Bearish confirmed,"Range with bearish lean - ADX emerging, direction not confirmed",,,,40.5021,Neutral,-46.8822,-52.5872,bearish accelerating,Neutral,-2.0243,,,,,,,,,,Lower Half,Emerging,Bearish,No,No,Inside,,,,,,,,Dry-up,,Weak Up,-0.0491,Neutral,50.8655,Neutral,,,,,,,,,,,,,
2025-02-19,1689.1500244140625,1758.9000244140625,1665.300048828125,1750.75,94565,,,,18.5,Strong Bear,Downtrend,Hold,Range,,30.65,Bear,Mixed,"Range with bearish lean - ADX emerging, direction not confirmed",,,,46.3342,Neutral,-40.1672,-50.1032,bearish accelerating,Neutral,-0.0656,,,,,,,,,,Upper Half,Emerging,Bullish,No,No,Inside,,,,,,,,Dry-up,,Weak Up,-0.0186,Neutral,50.1245,Neutral,,,,,,,,,,,,,
2025-02-20,1739.6500244140625,1818.0,1726.050048828125,1803.75,156582,,,,31.23,Bear,Downtrend,Hold,Range,,40.74,Neutral,Mixed,"No clear trend - ADX no trend, price ranging",,,,50.8025,Neutral,-30.2205,-46.1267,bearish accelerating,Neutral,5.7453,,,,,,,,,,Upper Half,No Trend,Bullish,No,No,Inside,,,,,,,,Normal,,Weak Up,0.0253,Neutral,55.8561,Neutral,,,,,,,,,,,,,
2025-02-21,1809.9000244140625,1858.0,1773.199951171875,1843.5,225417,,,,38.6,Bear,Downtrend,Hold,Range,,47.72,Neutral,Mixed,"No clear trend - ADX no trend, price ranging",,,,53.9026,Neutral,-18.9121,-40.6838,bearish accelerating,Overbought,5.9057,,,,,,,,,,Above Upper,No Trend,Bullish,No,No,Breakout Up,,,,,,,,Normal,,Confirmed Up,0.1527,Accumulation,58.1718,Neutral,,,,,,,,,,,,,
2025-02-24,1780.0,1860.0,1763.0999755859375,1846.949951171875,127527,,,,82.22,Strong Bull,Downtrend,Hold,Range,,63.23,Bull,Mixed,"Range with bullish lean - ADX no trend, direction not confirmed",,,,54.1725,Neutral,-9.5616,-34.4593,bearish accelerating,Overbought,8.6761,,,,,,,,,,Above Upper,No Trend,Bullish,No,No,Near Upper,,,,,,,,Normal,,Weak Up,0.1546,Accumulation,58.0607,Neutral,,,,,,,,,,,,,
2025-02-25,1858.8499755859373,1929.0,1833.5,1915.1500244140625,173502,,,,95.59,Strong Bull,Uptrend,Buy,Range,,81.17,Strong Bull,Bullish confirmed,"Range with bullish lean - ADX no trend, direction not confirmed",,,,59.2518,Neutral,3.3138,-26.9047,bullish accelerating,Overbought,14.9929,,,,,,,,,,Above Upper,No Trend,Bullish,No,No,Breakout Up,,,,,,,,Normal,,Confirmed Up,0.1085,Accumulation,57.1499,Neutral,,,,,,,,,,,,,
2025-02-27,1885.0,1901.949951171875,1810.300048828125,1836.449951171875,116251,,,,90.84,Strong Bull,Uptrend,Hold,Range,,79.54,Strong Bull,Bullish confirmed,"Range with bullish lean - ADX no trend, direction not confirmed",,,,52.0786,Neutral,7.0855,-20.1067,bullish fading,Overbought,5.039,,,,,,,,,,Upper Half,No Trend,Bullish,No,No,Inside,,,,,,,,Normal,,Weak Down,0.0979,Accumulation,62.3388,Neutral,,,,,,,,,,,,,
2025-02-28,1799.0,1825.0,1774.0,1794.75,126932,1827.9653,,,60.1,Bull,Uptrend,Hold,Range,,68.5,Bull,Bullish confirmed,"Range with bullish lean - ADX no trend, direction not confirmed",,,,48.7135,Neutral,6.6333,-14.7587,bullish fading,Neutral,3.9049,,,,,,,,,,Upper Half,No Trend,Bullish,No,No,Inside,,,,,,,,Normal,Falling,Weak Down,0.097,Accumulation,53.6356,Neutral,,,,,,,,,,,,,
2025-03-03,1811.0,1821.0,1747.199951171875,1786.5999755859375,189908,1826.3431,,,59.55,Neutral,Uptrend,Hold,Range,,67.82,Bull,Bullish confirmed,"Range with bullish lean - ADX no trend, direction not confirmed",,,,48.0598,Neutral,5.5532,-10.6963,bullish fading,Neutral,7.8116,,,,,,,,,,Upper Half,No Trend,Bullish,No,No,Inside,,,,,,,,Normal,Falling,Confirmed Down,0.1076,Accumulation,50.2266,Neutral,,,,,,,,,,,,,
2025-03-04,1755.0,1818.9000244140625,1739.949951171875,1750.5999755859375,101928,1823.3728,,,56.92,Neutral,Uptrend,Hold,Range,,66.39,Bull,Bullish confirmed,"Range with bullish lean - ADX no trend, direction not confirmed",,,,45.1763,Neutral,1.772,-8.2026,bullish fading,Neutral,3.687,,,,,,,,,,Lower Half,No Trend,Bullish,No,No,Inside,,,,,,,,Normal,Falling,Weak Down,0.1114,Accumulation,51.785,Neutral,,,,,,,,,,,,,
2025-03-05,1732.0,1806.8499755859373,1732.0,1778.75,65268,1821.6229,,,44.54,Neutral,Uptrend,Hold,Uptrend (HH+HL),Bullish,71.52,Bull,Bullish majority,"Range with bullish lean - ADX no trend, direction not confirmed",,,,47.813,Neutral,1.0349,-6.3551,bullish fading,Neutral,5.3044,,,,,,,,,,Upper Half,No Trend,Bullish,No,No,Inside,,,,,,,,Dry-up,Falling,Weak Up,0.1452,Accumulation,50.197,Neutral,,,,,,,,,,,,,
2025-03-06,1785.0,1825.0,1767.800048828125,1789.699951171875,61437,1820.371,,,42.35,Neutral,Uptrend,Hold,Uptrend (HH+HL),Bullish,70.4,Bull,Bullish majority,"Range with bullish lean - ADX no trend, direction not confirmed",,,,48.8437,Neutral,1.319,-4.8203,bullish fading,Neutral,2.2248,,,,,,,,,,Upper Half,No Trend,Bullish,No,No,Inside,,,,,,,,Dry-up,Falling,Weak Up,0.1532,Accumulation,50.2247,Neutral,,,,,,,,,,,,,
2025-03-07,1799.949951171875,1800.0,1711.0,1732.1500244140625,69886,1816.9113,,,37.93,Bear,Uptrend,Hold,Uptrend (HH+HL),Bullish,68.21,Bull,Mixed,"Range with bullish lean - ADX no trend, direction not confirmed",,,,43.9328,Neutral,-3.0642,-4.4691,bearish fading,Neutral,-3.9695,,,,,,,,,,Lower Half,No Trend,Bearish,No,No,Inside,,,,,,,,Normal,Falling,Weak Down,0.1767,Accumulation,50.7907,Neutral,,,,,,,,,,,,,
2025-03-10,1725.0,1749.75,1691.9000244140625,1716.800048828125,103453,1812.9854,,,22.22,Bear,Uptrend,Hold,Uptrend (HH+HL),Bullish,62.78,Bull,Mixed,"Range with bullish lean - ADX no trend, direction not confirmed",,,,42.6996,Neutral,-7.688,-5.1129,Bearish crossover,Neutral,-6.8728,,,,,,,,,,Lower Half,No Trend,Bearish,No,No,Inside,,,,,,,,Normal,Falling,Weak Down,0.1897,Accumulation,50.382,Neutral,,,,,,,,,,,,,
2025-03-11,1716.050048828125,1759.949951171875,1679.3499755859375,1746.0,48634,1810.3585,,,20.74,Bear,Uptrend,Hold,Uptrend (HH+HL),Bullish,62.26,Bull,Mixed,"Range with bullish lean - ADX no trend, direction not confirmed",,,,45.8154,Neutral,-8.8936,-5.869,bearish accelerating,Neutral,-5.4658,,,,,,,,,,Lower Half,No Trend,Bearish,No,No,Inside,,,,,,,,Dry-up,Falling,Weak Up,0.2263,Accumulation,49.9465,Neutral,,,,,,,,,,,,,
2025-03-12,1764.800048828125,1764.800048828125,1695.0,1728.4000244140625,32906,1807.1445,,,12.63,Strong Bear,Uptrend,Hold,Uptrend (HH+HL),Bullish,59.42,Neutral,Mixed,"No clear trend - ADX no trend, price ranging",,,,44.2535,Neutral,-11.1409,-6.9234,bearish accelerating,Neutral,-9.7512,,,,,,,,,,Lower Half,No Trend,Bearish,No,No,Inside,,,,,,,,Dry-up,Falling,Weak Down,0.2399,Accumulation,48.101,Neutral,,,,,,,,,,,,,
2025-03-13,1713.0,1725.0,1631.0,1645.75,92308,1800.8153,,,2.83,Strong Bear,Uptrend,Hold,Uptrend (HH+HL),Bullish,48.56,Neutral,Mixed,"No clear trend - ADX no trend, price ranging",,,,37.7455,Neutral,-19.3677,-9.4123,bearish accelerating,Oversold,-10.3842,,,,,,,,,,Lower Half,No Trend,Bearish,No,No,Inside,,,,,,,,Normal,Falling,Weak Down,0.1574,Accumulation,40.1578,Neutral,,,,,,,,,,,,,
2025-03-17,1657.0,1657.0,1407.0,1447.0,1514958,1786.9402,,,0.0,Strong Bear,Downtrend,Sell,Uptrend (HH+HL),Bullish,29.0,Bear,Bearish majority,"Range with bearish lean - ADX no trend, direction not confirmed",,,,27.3352,Oversold,-41.4472,-15.8192,bearish accelerating,Oversold,-19.376,,,,,,,,,,Below Lower,No Trend,Bearish,Yes,Yes,Breakout Down,,,,,,,,High,Falling,Confirmed Down,-0.1874,Distribution,15.0412,Oversold,,,,,,,,,,,,,
2025-03-18,1447.0,1447.0,1447.0,1447.0,0,1773.6092,,,0.0,Strong Bear,Downtrend,Hold,Uptrend (HH+HL),Bullish,27.7,Bear,Bearish majority,"Range with bearish lean - ADX no trend, direction not confirmed",,,,27.3352,Oversold,-58.2737,-24.3101,bearish accelerating,Oversold,-19.0082,,,,,,,,,,Below Lower,No Trend,Bearish,Yes,Yes,Inside,,,,,,,,Dry-up,Falling,Flat,-0.1761,Distribution,15.8379,Oversold,,,,,,,,,,,,,
2025-03-19,1522.0,1606.9000244140625,1483.6500244140625,1494.6500244140625,467432,1762.6696,,,0.78,Strong Bear,Downtrend,Hold,Uptrend (HH+HL),Bullish,28.12,Bear,Bearish majority,"Range with bearish lean - ADX no trend, direction not confirmed",,,,32.5108,Neutral,-66.9916,-32.8464,bearish accelerating,Oversold,-14.6207,,,,,,,,,,At Lower,No Trend,Bearish,Yes,Yes,Inside,,,,,,,,High,Falling,Confirmed Up,-0.272,Distribution,22.6413,Neutral,,,,,,,,,,,,,
2025-03-20,1495.0,1514.75,1456.199951171875,1485.75,346119,1751.81,,,1.3,Strong Bear,Downtrend,Hold,Uptrend (HH+HL),Bullish,28.31,Bear,Bearish majority,"Range with bearish lean - ADX no trend, direction not confirmed",0.0,"Underperforming, weakening",Lags both,32.0516,Neutral,-73.7683,-41.0308,bearish fading,Oversold,-16.4722,,,1.54,Negative,17.79,Strong Bearish,Bearish confirmed,,"Strong Bearish - return-based components agree, MACD unavailable",Lower Half,No Trend,Bearish,Yes,Yes,Inside,,,,,,,,Normal,Falling,Confirmed Down,-0.2618,Distribution,21.3066,Neutral,,,,,,,,,,,,,
2025-03-21,1481.0,1516.050048828125,1450.0,1457.449951171875,248054,1740.2665,,,1.08,Strong Bear,Downtrend,Hold,Uptrend (HH+HL),Bullish,28.2,Bear,Bearish majority,"Range with bearish lean - ADX no trend, direction not confirmed",0.0,"Underperforming, weakening",Lags both,30.5728,Neutral,-80.4947,-48.9236,bearish fading,Oversold,-18.5646,,,4.57,Negative fading,18.65,Strong Bearish,Bearish confirmed,,"Strong Bearish - return-based components agree, MACD unavailable",Lower Half,No Trend,Bearish,Yes,Yes,Inside,,,,,,,,Normal,Falling,Confirmed Down,-0.3157,Distribution,20.7444,Neutral,,,,,,,,,,,,,
2025-03-24,1462.0,1529.800048828125,1448.5,1487.25,432019,1730.3443,,,2.81,Strong Bear,Downtrend,Hold,Range,Bearish,18.88,Strong Bear,Bearish confirmed,"Range with bearish lean - ADX no trend, direction not confirmed",0.0,"Underperforming, weakening",Lags both,34.0246,Neutral,-82.4701,-55.6329,bearish fading,Oversold,-14.1385,,,6.9,Negative fading,21.04,Strong Bearish,Bearish confirmed,,"Strong Bearish - return-based components agree, MACD unavailable",Lower Half,No Trend,Bearish,Yes,Yes,Inside,,,,,,,,Normal,Rising,Confirmed Up,-0.3248,Distribution,31.2578,Neutral,,,,,,,,,,,,,
2025-03-25,1502.050048828125,1536.25,1461.0,1474.800048828125,165975,1720.3229,,,2.83,Strong Bear,Downtrend,Hold,Range,Bearish,19.01,Strong Bear,Bearish confirmed,"Range with bearish lean - ADX no trend, direction not confirmed",0.0,"Underperforming, weakening",Lags both,33.2801,Neutral,-84.0711,-61.3205,bearish fading,Oversold,-14.096,,,3.47,Negative accelerating,19.23,Strong Bearish,Bearish confirmed,,"Strong Bearish - return-based components agree, MACD unavailable",Lower Half,No Trend,Bearish,No,Yes,Inside,,,,,,,,Normal,Rising,Weak Down,-0.3856,Distribution,35.3137,Neutral,,,,,,,,,,,,,
2025-03-26,1474.800048828125,1522.3499755859375,1472.800048828125,1480.75,165281,1710.9279,,,3.61,Strong Bear,Downtrend,Hold,Range,Bearish,19.4,Strong Bear,Bearish confirmed,"Range with bearish lean - ADX no trend, direction not confirmed",0.0,"Underperforming, weakening",Lags both,34.0231,Neutral,-83.8927,-65.835,bearish fading,Oversold,-15.1919,,,0.0,Negative accelerating,18.44,Strong Bearish,Bearish confirmed,,"Strong Bearish - return-based components agree, MACD unavailable",Lower Half,No Trend,Bearish,No,Yes,Inside,,,,,,,,Normal,Rising,Weak Up,-0.4278,Distribution,36.7955,Neutral,,,,,,,,,,,,,
2025-03-27,1487.699951171875,1570.050048828125,1481.199951171875,1554.949951171875,302070,1704.8111,,,9.01,Strong Bear,Downtrend,Hold,Range,Bearish,21.82,Strong Bear,Bearish confirmed,"Range with bearish lean - ADX no trend, direction not confirmed",0.0,"Underperforming, weakening",Lags both,42.6061,Neutral,-76.8778,-68.0435,bearish fading,Neutral,-10.0353,,,5.06,Negative fading,24.88,Strong Bearish,Bearish confirmed,,"Strong Bearish - return-based components agree, MACD unavailable",Lower Half,No Trend,Bearish,No,Yes,Inside,,,,,,,,Normal,Rising,Confirmed Up,-0.3996,Distribution,40.4782,Neutral,,,,,,,,,,,,,
2025-03-28,1552.4000244140625,1597.75,1518.0,1528.949951171875,118022,1697.9146,,,7.25,Strong Bear,Downtrend,Hold,Range,Bearish,21.91,Strong Bear,Bearish confirmed,"Range with bearish lean - ADX no trend, direction not confirmed",1.36,"Underperforming, weakening",Lags both,40.6124,Neutral,-72.5798,-68.9508,bearish fading,Neutral,-7.0971,,,10.03,Negative fading,27.02,Strong Bearish,Bearish confirmed,,"Strong Bearish - return-based components agree, MACD unavailable",Lower Half,No Trend,Bearish,No,Yes,Inside,,,,,,,,Normal,Rising,Weak Down,-0.4071,Distribution,43.0595,Neutral,,,,,,,,,,,,,
2025-04-01,1519.050048828125,1550.949951171875,1479.8499755859375,1487.050048828125,145135,1689.6454,,,4.73,Strong Bear,Downtrend,Hold,Range,Bearish,21.4,Strong Bear,Bearish confirmed,"Range with bearish lean - ADX no trend, direction not confirmed",0.0,"Underperforming, weakening",Lags both,37.562,Neutral,-71.7277,-69.5062,bearish fading,Neutral,2.7678,,,4.94,Negative accelerating,24.02,Strong Bearish,Bearish confirmed,,"Strong Bearish - return-based components agree, MACD unavailable",Lower Half,No Trend,Bearish,No,No,Inside,,,,,,,,Normal,Rising,Weak Down,-0.4252,Distribution,42.7756,Neutral,,,,,,,,,,,,,
2025-04-02,1496.0,1530.0,1468.5999755859375,1518.550048828125,77936,1682.9358,,,9.7,Strong Bear,Downtrend,Hold,Range,Bearish,23.39,Strong Bear,Bearish confirmed,"Range with bearish lean - ADX no trend, direction not confirmed",0.0,"Underperforming, weakening",Lags both,41.1412,Neutral,-67.7299,-69.1509,Bullish crossover,Neutral,4.9447,,,6.29,Negative fading,25.65,Strong Bearish,Bearish confirmed,,"Strong Bearish - return-based components agree, MACD unavailable",Lower Half,No Trend,Bearish,No,No,Inside,,,,,,,,Dry-up,Rising,Weak Up,-0.4278,Distribution,41.1908,Neutral,,,,,,,,,,,,,
2025-04-03,1500.0,1523.1500244140625,1448.5999755859375,1469.949951171875,178507,1674.5834,,,6.61,Strong Bear,Downtrend,Hold,Range,Bearish,22.31,Strong Bear,Mixed,"Range with bearish lean - ADX no trend, direction not confirmed",0.0,"Underperforming, weakening",Lags both,37.5634,Neutral,-67.7028,-68.8613,bearish fading,Neutral,-1.6526,0.2746,thin,1.83,Negative accelerating,21.67,Strong Bearish,Bearish confirmed,,"Strong Bearish - return-based components agree, MACD unavailable",Lower Half,No Trend,Bearish,No,No,Inside,,,,,,,,Normal,Rising,Weak Down,-0.4211,Distribution,38.9704,Neutral,,,,,,,,,,,,,
2025-04-04,1462.0,1470.949951171875,1406.199951171875,1420.5,172338,1664.6193,,,2.05,Strong Bear,Downtrend,Hold,Range,Bearish,20.58,Strong Bear,Bearish confirmed,"Range with bearish lean - ADX no trend, direction not confirmed",0.0,"Underperforming, weakening",Lags both,34.2953,Neutral,-70.8548,-69.26,Bearish crossover,Oversold,-4.3917,-0.0713,thin,0.0,Negative accelerating,18.74,Strong Bearish,Bearish confirmed,,"Strong Bearish - return-based components agree, MACD unavailable",Lower Half,No Trend,Bearish,No,No,Near Lower,,,,,,,,Normal,Rising,Weak Down,-0.4353,Distribution,38.4132,Neutral,,,,,,,,,,,,,
2025-04-07,1282.0999755859375,1386.4000244140625,1236.800048828125,1349.449951171875,212368,1652.2598,,,0.16,Strong Bear,Downtrend,Hold,Downtrend (LH+LL),Bearish,8.82,Strong Bear,Bearish confirmed,"Range with bearish lean - ADX no trend, direction not confirmed",0.0,"Underperforming, weakening",Lags both,30.2262,Neutral,-78.1846,-71.0449,bearish accelerating,Oversold,-7.4102,-0.4519,thin,0.0,Negative accelerating,17.07,Strong Bearish,Bearish confirmed,,"Strong Bearish - return-based components agree, MACD unavailable",Lower Half,No Trend,Bearish,Yes,Yes,Breakout Down,,,,,,,,Normal,Rising,Weak Down,-0.397,Distribution,55.4344,Neutral,,,,,,,,,,,,,
2025-04-08,1397.0,1397.0,1336.8499755859375,1357.550048828125,126435,1640.7025,,,1.36,Strong Bear,Downtrend,Hold,Downtrend (LH+LL),Bearish,8.33,Strong Bear,Bearish confirmed,"Range with bearish lean - ADX no trend, direction not confirmed",0.0,"Underperforming, weakening",Lags both,31.228,Neutral,-82.3902,-73.314,bearish accelerating,Neutral,-8.7208,-0.6136,thin,0.0,Negative accelerating,18.16,Strong Bearish,Bearish confirmed,,"Strong Bearish - return-based components agree, MACD unavailable",Lower Half,No Trend,Bearish,Yes,Yes,Inside,,,,,,,,Normal,Rising,Weak Up,-0.393,Distribution,57.0768,Neutral,,,,,,,,,,,,,
2025-04-09,1350.0,1352.0,1298.1500244140625,1333.050048828125,214093,1628.6377,,,1.18,Strong Bear,Downtrend,Hold,Downtrend (LH+LL),Bearish,7.25,Strong Bear,Bearish confirmed,"Range with bearish lean - ADX emerging, direction not confirmed",0.0,"Underperforming, weakening",Lags both,29.8328,Oversold,-86.7007,-75.9913,bearish accelerating,Neutral,-9.6115,-0.7201,thin,0.0,Negative accelerating,18.72,Strong Bearish,Bearish confirmed,,"Strong Bearish - return-based components agree, MACD unavailable",Lower Half,Emerging,Bearish,Yes,Yes,Inside,,,,,,,Wide stop - size down,Normal,Rising,Weak Down,-0.369,Distribution,46.0401,Neutral,,,,,,,,,,,,,
2025-04-11,1368.0,1379.0,1333.050048828125,1341.449951171875,79855,1617.3755,,,2.21,Strong Bear,Downtrend,Hold,Downtrend (LH+LL),Bearish,6.95,Strong Bear,Bearish confirmed,"Range with bearish lean - ADX emerging, direction not confirmed",0.0,"Underperforming, weakening",Lags both,30.9715,Neutral,-88.4197,-78.477,bearish fading,Neutral,-9.4074,-0.6862,thin,0.0,Negative fading,19.1,Strong Bearish,Bearish confirmed,,"Strong Bearish - return-based components agree, MACD unavailable",Lower Half,Emerging,Bearish,Yes,Yes,Inside,,,,,,,Wide stop - size down,Dry-up,Rising,Weak Up,-0.383,Distribution,53.7166,Neutral,,,,,,,,,,,,,
2025-04-15,1368.0,1440.4000244140625,1351.0,1416.300048828125,256121,1609.4901,,,7.39,Strong Bear,Downtrend,Hold,Downtrend (LH+LL),Bearish,8.73,Strong Bear,Bearish confirmed,"Range with bearish lean - ADX emerging, direction not confirmed",0.0,"Underperforming, weakening",Lags both,40.2732,Neutral,-82.7879,-79.3392,bearish fading,Neutral,-8.9167,-0.6163,thin,0.0,Negative fading,23.73,Strong Bearish,Bearish confirmed,,"Strong Bearish - return-based components agree, MACD unavailable",Lower Half,Emerging,Bearish,Yes,Yes,Inside,,,,,,,Wide stop - size down,Normal,Rising,Weak Up,-0.3444,Distribution,63.1734,Neutral,,,,,,,,,,,,,
2025-04-16,1425.0,1430.0,1400.0999755859375,1413.5,81146,1601.8043,,,7.32,Strong Bear,Downtrend,Hold,Downtrend (LH+LL),Bearish,8.67,Strong Bear,Bearish confirmed,"Range with bearish lean - ADX emerging, direction not confirmed",0.0,"Underperforming, weakening",Lags both,40.0557,Neutral,-77.6555,-79.0024,Bullish crossover,Neutral,-7.5509,-0.4344,thin,1.37,Negative fading,25.38,Strong Bearish,Bearish confirmed,,"Strong Bearish - return-based components agree, MACD unavailable",Lower Half,Emerging,Bearish,Yes,Yes,Inside,,,,,,,Wide stop - size down,Dry-up,Rising,Weak Down,-0.3348,Distribution,57.2912,Neutral,,,,,,,,,,,,,
2025-04-17,1419.0,1424.5,1406.0,1416.4000244140625,34010,1594.5335,,,7.67,Strong Bear,Downtrend,Hold,Downtrend (LH+LL),Bearish,8.76,Strong Bear,Bearish confirmed,"Range with bearish lean - ADX emerging, direction not confirmed",0.0,"Underperforming, weakening",Lags both,40.4146,Neutral,-72.5181,-77.7056,bearish accelerating,Neutral,-4.751,-0.0664,thin,0.0,Negative accelerating,26.08,Strong Bearish,Bearish confirmed,,"Strong Bearish - return-based components agree, MACD unavailable",Lower Half,Emerging,Bearish,Yes,No,Inside,,,,,,,Wide stop - size down,Dry-up,Rising,Weak Up,-0.1939,Distribution,54.5531,Neutral,,,,,,,,,,,,,
2025-04-21,1430.0,1463.5999755859375,1400.199951171875,1442.4000244140625,118657,1588.5675,,,14.27,Strong Bear,Downtrend,Hold,Downtrend (LH+LL),Bearish,11.43,Strong Bear,Bearish confirmed,"Range with bearish lean - ADX emerging, direction not confirmed",0.0,"Underperforming, weakening",Lags both,43.6703,Neutral,-65.5925,-75.283,bearish accelerating,Neutral,-5.0147,-0.1006,thin,0.41,Negative fading,27.93,Strong Bearish,Mixed,,"Strong Bearish - components mixed, low conviction",Lower Half,Emerging,Bearish,Yes,No,Inside,,,,,,,Wide stop - size down,Normal,Rising,Weak Up,-0.1781,Distribution,53.4097,Neutral,,,,,,,,,,,,,
2025-04-22,1440.0,1460.4000244140625,1414.0,1419.9000244140625,64285,1581.9531,,,20.05,Bear,Downtrend,Hold,Downtrend (LH+LL),Bearish,13.78,Strong Bear,Bearish confirmed,"Range with bearish lean - ADX emerging, direction not confirmed",0.0,"Underperforming, weakening",Lags both,41.5543,Neutral,-61.2139,-72.4691,bearish accelerating,Neutral,-3.4049,0.113,thin,2.44,Negative fading,27.99,Strong Bearish,Mixed,,"Strong Bearish - components mixed, low conviction",Lower Half,Emerging,Bearish,No,No,Inside,22.36,Low,,,No,"Low volatility, stable",Wide stop - size down,Dry-up,Rising,Weak Down,-0.1034,Distribution,43.4391,Neutral,,,,,,,,,,,,,
2025-04-23,1415.0999755859375,1529.0,1415.0999755859375,1518.199951171875,771704,1579.4529,,,29.15,Bear,Downtrend,Hold,Downtrend (LH+LL),Bearish,27.65,Bear,Bearish majority,"Range with bearish lean - ADX no trend, direction not confirmed",0.0,"Underperforming, weakening",Lags both,52.4048,Neutral,-49.2442,-67.8241,bearish accelerating,Neutral,6.8779,1.4593,thin,12.21,Negative fading,38.37,Bearish,Mixed,,"Bearish - components mixed, low conviction",Upper Half,No Trend,Bullish,No,No,Inside,29.55,Low,,,No,"Low volatility, stable",Wide stop - size down,High,Rising,Confirmed Up,0.0646,Accumulation,58.497,Neutral,,,,,,,,,,,,,
2025-04-24,1518.800048828125,1529.300048828125,1462.0,1470.4000244140625,209310,1575.1764,,,23.9,Bear,Downtrend,Hold,Downtrend (LH+LL),Bearish,20.08,Strong Bear,Bearish majority,"Range with bearish lean - ADX no trend, direction not confirmed",0.0,"Underperforming, weakening",Lags both,47.7614,Neutral,-43.1181,-62.8829,bearish accelerating,Neutral,8.9629,1.691,thin,2.72,Negative accelerating,33.92,Bearish,Mixed,Bullish divergence,Bearish - bullish divergence vs price over 21 bars,Upper Half,No Trend,Bullish,No,No,Inside,30.79,Low,,,No,"Low volatility, stable",Wide stop - size down,Normal,Rising,Confirmed Down,0.0742,Accumulation,57.0381,Neutral,,,,,,,,,,,,,
2025-04-25,1475.0999755859375,1484.0999755859375,1429.9000244140625,1467.199951171875,112436,1570.942,,,23.46,Bear,Downtrend,Hold,Downtrend (LH+LL),Bearish,17.03,Strong Bear,Bearish confirmed,"Range with bearish lean - ADX no trend, direction not confirmed",0.0,"Underperforming, weakening",Lags both,47.4582,Neutral,-38.0823,-57.9228,bearish accelerating,Overbought,8.077,1.5392,thin,5.68,Negative fading,36.48,Bearish,Mixed,None,"Bearish - components mixed, low conviction",Upper Half,No Trend,Bearish,No,No,Inside,27.99,Low,,,No,"Low volatility, stable",Wide stop - size down,Normal,Falling,Weak Down,0.0981,Accumulation,56.3283,Neutral,,,,,,,,,,,,,
2025-04-28,1460.0,1470.9000244140625,1445.0,1464.9000244140625,30769,1566.7835,,,23.19,Bear,Downtrend,Hold,Downtrend (LH+LL),Bearish,17.44,Strong Bear,Bearish confirmed,"Range with bearish lean - ADX no trend, direction not confirmed",0.0,"Underperforming, weakening",Lags both,47.2262,Neutral,-33.8864,-53.1155,bearish fading,Neutral,9.8908,1.7281,thin,8.5,Negative fading,36.9,Bearish,Mixed,Bullish divergence,Bearish - bullish divergence vs price over 21 bars,Upper Half,No Trend,Bearish,No,No,Inside,22.57,Low,,,No,"Low volatility, stable",Wide stop - size down,Dry-up,Falling,Weak Down,0.137,Accumulation,59.8133,Neutral,,,,,,,,,,,,,
2025-04-29,1479.800048828125,1501.0999755859375,1456.800048828125,1481.4000244140625,145291,1563.4351,,,24.7,Bear,Downtrend,Hold,Downtrend (LH+LL),Bearish,18.86,Strong Bear,Bearish majority,"Range with bearish lean - ADX no trend, direction not confirmed",0.0,"Underperforming, weakening",Lags both,49.1471,Neutral,-28.8967,-48.2718,bearish accelerating,Overbought,10.4327,1.7498,thin,12.68,Negative fading,39.55,Bearish,Mixed,None,"Bearish - components mixed, low conviction",Upper Half,No Trend,Bullish,No,No,Inside,22.24,Low,,,No,"Low volatility, stable",Wide stop - size down,Normal,Falling,Weak Up,0.1749,Accumulation,66.4751,Neutral,,,,,,,,,,,,,
2025-04-30,1487.5,1552.0,1453.0,1476.199951171875,506607,1560.0141,,,26.06,Bear,Downtrend,Hold,Downtrend (LH+LL),Bearish,19.12,Strong Bear,Bearish confirmed,"Range with bearish lean - ADX no trend, direction not confirmed",0.0,"Underperforming, weakening",Lags both,48.5473,Neutral,-25.0728,-43.632,bearish fading,Neutral,4.2293,0.9538,thin,15.88,Negative fading,40.13,Bearish,Mixed,Bullish divergence,Bearish - bullish divergence vs price over 21 bars,Upper Half,No Trend,Bullish,No,No,Inside,22.06,Low,,,No,"Low volatility, stable",Wide stop - size down,High,Falling,Confirmed Down,0.037,Neutral,77.5212,Neutral,,,,,,,,,,,,,
2025-05-02,1488.0,1498.0999755859375,1458.0,1471.4000244140625,53433,1556.5391,,,27.67,Bear,Downtrend,Hold,Downtrend (LH+LL),Bearish,19.68,Strong Bear,Bearish confirmed,"Range with bearish lean - ADX no trend, direction not confirmed",17.94,"Underperforming, weakening",Lags both,47.9655,Neutral,-22.1741,-39.3404,bearish fading,Neutral,4.0962,0.9261,thin,37.65,Negative fading,48.09,Neutral,Mixed,Bullish divergence,Neutral - bullish divergence vs price over 21 bars,Upper Half,No Trend,Bullish,No,No,Inside,20.04,Low,,,No,"Low volatility, stable",Wide stop - size down,Dry-up,Falling,Weak Down,0.0565,Accumulation,74.9569,Neutral,,,,,,,,,,,,,
2025-05-05,1473.0999755859375,1514.0,1456.0999755859375,1477.300048828125,163105,1553.4317,,,30.25,Bear,Downtrend,Hold,Downtrend (LH+LL),Bearish,20.59,Strong Bear,Bearish confirmed,"Range with bearish lean - ADX no trend, direction not confirmed",20.39,"Underperforming, weakening",Lags both,48.7781,Neutral,-19.1796,-35.3082,bearish fading,Neutral,4.2996,0.9407,thin,39.42,Negative fading,48.17,Neutral,Mixed,Bullish divergence,Neutral - bullish divergence vs price over 21 bars,Upper Half,No Trend,Bullish,No,No,Inside,17.66,Very Low,,,No,"Very Low volatility, stable",Wide stop - size down,Normal,Falling,Weak Up,0.0762,Accumulation,82.0584,Overbought,,,,,,,,,,,,,
2025-05-06,1499.5,1499.5,1443.5999755859375,1472.0,150110,1550.2383,,,30.62,Bear,Downtrend,Hold,Downtrend (LH+LL),Bearish,20.72,Strong Bear,Bearish confirmed,"Range with bearish lean - ADX no trend, direction not confirmed",0.0,"Underperforming, weakening",Lags both,48.0522,Neutral,-17.0378,-31.6541,bearish fading,Neutral,2.0521,0.6503,thin,18.83,Negative accelerating,39.12,Bearish,Mixed,Bullish divergence,Bearish - bullish divergence vs price over 21 bars,Upper Half,No Trend,Bullish,No,No,Inside,13.16,Very Low,,,No,"Very Low volatility, stable",Wide stop - size down,Normal,Falling,Weak Down,0.0621,Accumulation,76.9995,Neutral,,,,,,,,,,,,,
2025-05-07,1464.699951171875,1481.300048828125,1448.199951171875,1455.800048828125,50864,1546.5348,,,26.98,Bear,Downtrend,Hold,Downtrend (LH+LL),Bearish,19.44,Strong Bear,Bearish confirmed,"Range with bearish lean - ADX no trend, direction not confirmed",0.0,"Underperforming, weakening",Lags both,45.808,Neutral,-16.4578,-28.6149,bearish fading,Neutral,2.5283,0.7044,thin,16.5,Negative accelerating,35.6,Bearish,Mixed,Bullish divergence,Bearish - bullish divergence vs price over 21 bars,Upper Half,No Trend,Bullish,No,No,Inside,12.72,Very Low,Stable,-9.64,No,"Very Low volatility, stable",Wide stop - size down,Dry-up,Falling,Weak Down,0.0781,Accumulation,73.1998,Neutral,,,,,,,,,,,,,
2025-05-08,1468.0,1558.0,1466.5999755859375,1493.800048828125,612391,1544.4668,,,30.63,Bear,Downtrend,Hold,Downtrend (LH+LL),Bearish,22.84,Strong Bear,Bearish majority,"Range with bearish lean - ADX no trend, direction not confirmed",3.91,"Underperforming, weakening",Lags both,51.5267,Neutral,-12.7846,-25.4488,bearish accelerating,Neutral,-1.6072,0.176,thin,19.64,Negative fading,38.8,Bearish,Mixed,None,"Bearish - components mixed, low conviction",Upper Half,No Trend,Bullish,Yes,No,Inside,15.74,Very Low,Stable,-13.81,No,"Very Low volatility, stable",Wide stop - size down,High,Falling,Confirmed Up,0.0315,Neutral,78.0213,Neutral,,,,,,,,,,,,,
2025-05-09,1488.0,1553.0,1480.0999755859375,1542.5999755859375,310788,1544.3936,,,52.62,Neutral,Downtrend,Hold,Downtrend (LH+LL),Bearish,37.53,Bear,Mixed,"Range with bearish lean - ADX no trend, direction not confirmed",18.32,"Underperforming, improving",Lags both,57.7001,Neutral,-5.8681,-21.5327,bearish accelerating,Neutral,4.9102,1.0,thin,29.14,Negative fading,46.67,Neutral,Mixed,None,"Neutral - components mixed, low conviction",Upper Half,No Trend,Bullish,Yes,No,Near Upper,17.43,Very Low,Stable,-13.36,No,"Very Low volatility, stable",Wide stop - size down,Normal,Falling,Confirmed Up,0.0587,Accumulation,79.9259,Neutral,,,,,,,,,,,,,
2025-05-12,1594.0,1597.800048828125,1549.300048828125,1561.5999755859375,90428,1545.0683,,,56.24,Neutral,Downtrend,Hold,Downtrend (LH+LL),Bearish,42.15,Neutral,Mixed,"No clear trend - ADX no trend, price ranging",9.04,"Underperforming, improving",Lags both,59.8444,Neutral,1.1334,-16.9995,bullish accelerating,Neutral,6.434,1.1787,thin,30.62,Negative fading,50.45,Neutral,Mixed,None,"Neutral - components mixed, low conviction",At Upper,No Trend,Bullish,Yes,No,Breakout Up,13.52,Very Low,Stable,-14.46,No,"Very Low volatility, stable",Wide stop - size down,Dry-up,Falling,Weak Up,0.058,Accumulation,79.8093,Neutral,,,,,,,,,,,,,
2025-05-13,1560.4000244140625,1685.0,1555.199951171875,1659.0999755859375,511880,1549.5401,,,62.72,Bull,Uptrend,Buy,Range,Bearish,69.95,Bull,Bullish confirmed,"Range with bullish lean - ADX emerging, direction not confirmed",31.75,"Underperforming, improving",Lags both,68.632,Neutral,14.3837,-10.7228,bullish accelerating,Overbought,13.2569,1.9918,thin,42.47,Negative fading,60.36,Bullish,Mixed,None,"Bullish - components mixed, low conviction",Above Upper,Emerging,Bullish,Yes,No,Breakout Up,26.06,Low,Stable,3.49,No,"Low volatility, stable",Wide stop - size down,High,Rising,Confirmed Up,0.1101,Accumulation,84.1115,Overbought,,,,,,,,,,,,,
2025-05-14,1666.0,1667.9000244140625,1611.0999755859375,1647.199951171875,62465,1553.3699,,,74.34,Bull,Uptrend,Hold,Range,Bearish,75.2,Strong Bull,Bullish confirmed,"Range with bullish lean - ADX emerging, direction not confirmed",24.82,"Underperforming, improving",Lags both,66.713,Neutral,23.6518,-3.8479,bullish accelerating,Overbought,11.1921,1.6936,thin,38.05,Negative accelerating,63.44,Bullish,Bullish majority,None,"Bullish - majority agree, 1 dissenting",Above Upper,Emerging,Bullish,Yes,No,Inside,29.34,Low,Stable,7.11,No,"Low volatility, stable",Wide stop - size down,Dry-up,Rising,Weak Down,0.1261,Accumulation,80.4892,Overbought,,,,,,,,,,,,,
2025-05-15,1651.0,1692.800048828125,1636.699951171875,1653.9000244140625,122367,1557.3123,,,73.84,Bull,Uptrend,Hold,Range,Bearish,76.25,Strong Bull,Bullish confirmed,"Range with bullish lean - ADX emerging, direction not confirmed",26.95,"Underperforming, improving",Lags both,67.2679,Neutral,31.178,3.1573,bullish accelerating,Overbought,12.0377,1.7567,thin,43.92,Negative fading,65.54,Bullish,Bullish majority,None,"Bullish - majority agree, 1 dissenting",Above Upper,Emerging,Bullish,Yes,No,Inside,26.66,Low,Stable,4.6,No,"Low volatility, stable",Wide stop - size down,Normal,Rising,Weak Up,0.0908,Accumulation,86.9718,Overbought,,,,,,,,,,,,,
2025-05-16,1702.0,1739.9000244140625,1637.5999755859375,1670.4000244140625,250696,1561.7471,,,73.99,Bull,Uptrend,Hold,Range,Bearish,77.66,Strong Bull,Bullish confirmed,"Strong Bull - all 4 components agree, trending ADX",24.41,"Underperforming, improving",Lags both,68.6538,Neutral,38.0356,10.133,bullish fading,Overbought,13.5245,1.889,thin,41.92,Negative accelerating,64.64,Bullish,Bullish majority,None,"Bullish - majority agree, 1 dissenting",At Upper,Trending,Bullish,Yes,No,Inside,30.1,Low,Stable,10.06,No,"Low volatility, stable",Wide stop - size down,Normal,Rising,Confirmed Up,0.0686,Accumulation,91.1489,Overbought,,,,,,,,,,,,,
2025-05-19,1700.0,1701.0,1598.0,1611.199951171875,155847,1563.6864,,,68.19,Bull,Uptrend,Hold,Range,Bearish,76.32,Strong Bull,Bullish confirmed,"Strong Bull - all 4 components agree, trending ADX",20.29,"Underperforming, improving",Lags both,59.0014,Neutral,38.2524,15.7568,bullish fading,Neutral,9.0638,1.3289,thin,39.61,Negative accelerating,58.4,Bullish,Bullish majority,None,"Bullish - majority agree, 1 dissenting",Upper Half,Trending,Bullish,Yes,Yes,Inside,35.36,Low,Stable,17.71,No,"Low volatility, stable",Wide stop - size down,Normal,Rising,Weak Down,0.04,Neutral,87.275,Overbought,,,,,,,,,,,,,
2025-05-20,1611.5999755859375,1624.0,1556.5,1560.4000244140625,65906,1563.5576,,,64.27,Bull,Uptrend,Hold,Range,Bearish,74.64,Bull,Bullish confirmed,"Bull - all 4 components agree, trending ADX",16.76,"Underperforming, improving",Lags both,52.217,Neutral,33.9339,19.3923,bullish fading,Neutral,6.0054,0.9508,thin,37.38,Negative accelerating,51.27,Neutral,Bullish majority,None,"Neutral - majority agree, 1 dissenting",Upper Half,Trending,Bullish,Yes,Yes,Inside,34.87,Low,Expanding,21.71,No,"Low volatility, expanding - range widening",Wide stop - size down,Dry-up,Rising,Weak Down,0.0185,Neutral,84.8286,Overbought,,,,,,,,,,,,,
2025-05-21,1571.5999755859375,1650.0,1557.5999755859375,1580.0,398846,1564.2024,,,67.02,Bull,Uptrend,Hold,Range,Bearish,76.25,Strong Bull,Bullish confirmed,"Strong Bull - all 4 components agree, trending ADX",6.75,"Underperforming, improving",Lags both,54.3959,Neutral,31.7273,21.8593,bullish fading,Neutral,8.5314,1.2377,thin,30.74,Negative accelerating,46.99,Neutral,Mixed,None,"Neutral - components mixed, low conviction",Upper Half,Trending,Bullish,Yes,Yes,Inside,35.16,Low,Expanding,22.44,No,"Low volatility, expanding - range widening",Wide stop - size down,Normal,Rising,Confirmed Up,-0.0157,Neutral,84.4416,Overbought,,,,,,,,,,,,,
2025-05-22,1583.9000244140625,1590.800048828125,1550.0,1557.199951171875,88920,1563.9278,,,62.2,Bull,Uptrend,Hold,Range,Bearish,73.85,Bull,Bullish confirmed,"Bull - all 4 components agree, trending ADX",8.25,"Underperforming, improving",Lags both,51.4565,Neutral,27.8181,23.051,bullish fading,Neutral,4.2442,0.7172,thin,30.3,Negative accelerating,43.29,Neutral,Bearish majority,None,"Neutral - majority agree, 1 dissenting",Upper Half,Trending,Bullish,Yes,Yes,Inside,31.56,Low,Stable,15.82,No,"Low volatility, stable",Wide stop - size down,Dry-up,Falling,Weak Down,-0.1852,Distribution,83.3734,Overbought,,,,,,,,,,,,,
2025-05-23,1572.0,1598.9000244140625,1555.5,1562.199951171875,116671,1563.86,,,53.9,Neutral,Uptrend,Hold,Uptrend (HH+HL),Bullish,81.84,Strong Bull,Bullish confirmed,"Strong Bull - all 4 components agree, trending ADX",14.7,"Underperforming, improving",Lags both,52.0682,Neutral,24.8372,23.4083,bullish fading,Neutral,1.2706,0.3571,thin,38.54,Negative fading,44.7,Neutral,Bearish majority,None,"Neutral - majority agree, 1 dissenting",Upper Half,Trending,Bullish,Yes,Yes,Inside,27.42,Low,Stable,10.0,No,"Low volatility, stable",Wide stop - size down,Normal,Falling,Weak Up,-0.1704,Distribution,83.1676,Overbought,,,,,,,,,,,,,
2025-05-26,1562.9000244140625,1609.9000244140625,1562.9000244140625,1569.9000244140625,107881,1564.0969,,,55.25,Neutral,Uptrend,Hold,Uptrend (HH+HL),Bullish,82.71,Strong Bull,Bullish confirmed,"Strong Bull - all 4 components agree, trending ADX",10.23,"Underperforming, improving",Lags both,53.0494,Neutral,22.8329,23.2932,Bearish crossover,Neutral,0.5315,0.2662,thin,35.97,Negative accelerating,43.34,Neutral,Bearish majority,None,"Neutral - majority agree, 1 dissenting",Upper Half,Trending,Bullish,Yes,Yes,Inside,24.37,Low,Stable,10.85,No,"Low volatility, stable",Wide stop - size down,Normal,Falling,Weak Up,-0.2002,Distribution,87.7213,Overbought,,,,,,,,,,,,,
2025-05-27,1581.0,1611.0,1564.800048828125,1571.5,117274,1564.3872,,,56.46,Neutral,Uptrend,Hold,Uptrend (HH+HL),Bullish,83.37,Strong Bull,Bullish confirmed,"Strong Bull - all 4 components agree, trending ADX",12.09,"Underperforming, improving",Lags both,53.2635,Neutral,21.13,22.8606,bullish accelerating,Neutral,-5.28,-0.4374,thin,36.07,Negative fading,42.98,Neutral,Bearish majority,None,"Neutral - majority agree, 1 dissenting",Upper Half,Trending,Bullish,Yes,No,Inside,20.72,Low,Stable,-5.34,No,"Low volatility, stable",Wide stop - size down,Normal,Falling,Weak Up,-0.2204,Distribution,89.5638,Overbought,,,,,,,,,,,,,
2025-05-28,1574.5999755859375,1575.0,1511.5999755859375,1517.800048828125,172423,1562.5602,,,51.51,Neutral,Uptrend,Hold,Uptrend (HH+HL),Bullish,74.67,Bull,Bullish confirmed,"Bull - all 4 components agree, trending ADX",0.0,"Underperforming, improving",Lags both,45.727,Neutral,15.2713,21.3427,bullish accelerating,Neutral,-7.8557,-0.7459,thin,23.39,Negative accelerating,34.35,Bearish,Bearish confirmed,Bearish divergence,Bearish - bearish divergence vs price over 21 bars,Lower Half,Trending,Bullish,Yes,Yes,Inside,19.5,Very Low,Stable,-9.84,No,"Very Low volatility, stable",Wide stop - size down,Normal,Falling,Weak Down,-0.2566,Distribution,81.4722,Overbought,,,,,,,,,,,,,
2025-05-29,1534.0,1534.0,1489.0,1500.199951171875,119980,1560.1147,,,37.25,Bear,Uptrend,Hold,Uptrend (HH+HL),Bullish,66.39,Bull,Bullish majority,"Bull - majority agree, 1 dissenting, trending ADX",0.0,"Underperforming, weakening",Lags both,43.5519,Neutral,9.1031,18.8948,bullish accelerating,Oversold,-9.2932,-0.9131,thin,16.34,Negative accelerating,28.89,Strong Bearish,Bearish confirmed,Bearish divergence,Strong Bearish - bearish divergence vs price over 21 bars,Lower Half,Trending,Bullish,No,Yes,Inside,18.54,Very Low,Stable,-8.12,No,"Very Low volatility, stable",Wide stop - size down,Normal,Falling,Weak Down,-0.2271,Distribution,75.324,Neutral,,,,,,,,,,,,,
2025-05-30,1513.0,1542.300048828125,1491.699951171875,1505.5999755859375,173320,1557.9769,,,20.26,Bear,Uptrend,Hold,Uptrend (HH+HL),Bullish,60.55,Bull,Bullish majority,"Bull - majority agree, 1 dissenting, trending ADX",0.0,"Underperforming, improving",Lags both,44.4254,Neutral,4.5975,16.0353,bullish accelerating,Oversold,-9.8659,-0.9736,thin,13.34,Negative accelerating,26.53,Strong Bearish,Bearish confirmed,Bearish divergence,Strong Bearish - bearish divergence vs price over 21 bars,Lower Half,Trending,Bullish,No,No,Inside,17.51,Very Low,Stable,-12.58,No,"Very Low volatility, stable",Wide stop - size down,Normal,Falling,Weak Up,-0.2357,Distribution,76.0765,Neutral,,,,,,,,,,,,,
2025-06-02,1517.5999755859375,1554.5,1507.0,1519.9000244140625,90643,1556.4837,,,19.48,Strong Bear,Uptrend,Hold,Uptrend (HH+HL),Bullish,61.82,Bull,Bullish majority,"Bull - majority agree, 1 dissenting, trending ADX",0.0,"Underperforming, improving",Lags both,46.7741,Neutral,2.1559,13.2595,bullish fading,Oversold,-5.6666,-0.4566,thin,14.58,Negative fading,27.68,Strong Bearish,Bearish confirmed,Bearish divergence,Strong Bearish - bearish divergence vs price over 21 bars,Lower Half,Trending,Bullish,No,No,Inside,15.85,Very Low,Stable,-19.51,No,"Very Low volatility, stable",Wide stop - size down,Dry-up,Falling,Weak Up,-0.2397,Distribution,70.9395,Neutral,,,,,,,,,,,,,
2025-06-03,1519.9000244140625,1574.9000244140625,1516.0,1521.800048828125,128061,1555.1235,,,19.15,Strong Bear,Uptrend,Hold,Uptrend (HH+HL),Bullish,61.74,Bull,Bullish majority,"Bull - majority agree, 1 dissenting, trending ADX",0.0,"Underperforming, improving",Lags both,47.0941,Neutral,0.3699,10.6815,bullish fading,Oversold,-2.4737,-0.0638,thin,8.92,Negative accelerating,26.74,Strong Bearish,Bearish confirmed,Bearish divergence,Strong Bearish - bearish divergence vs price over 21 bars,Lower Half,Trending,Bullish,No,No,Inside,12.57,Very Low,Contracting,-22.31,No,"Very Low volatility, contracting - coiling, watch for breakout",Wide stop - size down,Normal,Falling,Weak Up,-0.2692,Distribution,71.7595,Neutral,,,,,,,,,,,,,
2025-06-04,1524.9000244140625,1625.0,1524.699951171875,1612.800048828125,628031,1557.3854,,,43.44,Neutral,Uptrend,Hold,Uptrend (HH+HL),Bullish,76.33,Strong Bull,Bullish majority,"Strong Bull - majority agree, 1 dissenting, trending ADX",0.0,"Underperforming, improving",Lags both,59.6151,Neutral,6.2256,9.7904,bullish fading,Neutral,2.076,0.4954,thin,25.64,Negative fading,39.61,Bearish,Bearish majority,None,"Bearish - majority agree, 1 dissenting",Upper Half,Trending,Bullish,No,No,Inside,6.19,Very Low,Contracting,-28.97,No,"Very Low volatility, contracting - coiling, watch for breakout",Wide stop - size down,High,Rising,Confirmed Up,-0.117,Distribution,77.1785,Neutral,,,,,,,,,,,,,
2025-06-05,1622.5,1631.0,1581.4000244140625,1594.5999755859375,165664,1558.8448,,,65.16,Bull,Uptrend,Hold,Uptrend (HH+HL),Bullish,84.2,Strong Bull,Bullish confirmed,"Strong Bull - all 4 components agree, trending ADX",0.0,"Underperforming, improving",Lags both,56.7236,Neutral,9.2907,9.6904,bullish fading,Neutral,2.4017,0.5325,thin,27.7,Negative fading,42.1,Neutral,Bearish majority,None,"Neutral - majority agree, 1 dissenting",Upper Half,Trending,Bullish,No,No,Inside,4.32,Very Low,Contracting,-27.24,Partial,"Very Low volatility, contracting - coiling, watch for breakout",Wide stop - size down,Normal,Falling,Weak Down,-0.0865,Distribution,76.2818,Neutral,,,,,,,,,,,,,
2025-06-06,1609.5,1619.0999755859375,1567.0999755859375,1609.699951171875,102542,1560.8391,,,71.1,Bull,Uptrend,Hold,Uptrend (HH+HL),Bullish,86.29,Strong Bull,Bullish confirmed,"Strong Bull - all 4 components agree, trending ADX",0.0,"Underperforming, improving",Lags both,58.5212,Neutral,12.7908,10.3105,Bullish crossover,Neutral,3.0406,0.608,thin,30.2,Negative fading,47.01,Neutral,Mixed,None,"Neutral - components mixed, low conviction",Upper Half,Trending,Bullish,No,No,Inside,3.85,Very Low,Contracting,-23.57,Partial,"Very Low volatility, contracting - coiling, watch for breakout",Coiled - low vol squeeze,Normal,Falling,Weak Up,-0.1341,Distribution,78.0697,Neutral,,,,,,,,,,,,,
2025-06-09,1624.800048828125,1692.0,1611.199951171875,1653.800048828125,440929,1564.4846,,,90.54,Strong Bull,Uptrend,Hold,Uptrend (HH+HL),Bullish,93.69,Strong Bull,Bullish confirmed,"Strong Bull - all 4 components agree, trending ADX",1.98,"Underperforming, improving",Lags both,63.3138,Neutral,18.9052,12.0294,bullish accelerating,Neutral,5.3443,0.888,thin,38.94,Negative fading,54.11,Neutral,Bullish majority,None,"Neutral - majority agree, 1 dissenting",Upper Half,Trending,Bullish,Yes,No,Inside,6.4,Very Low,Stable,-17.97,No,"Very Low volatility, stable",Low vol - tight stops,High,Rising,Confirmed Up,-0.1054,Distribution,83.4113,Overbought,,,,,,,,,,,,,
2025-06-10,1654.0,1694.0,1640.0999755859375,1650.9000244140625,183481,1567.8735,,,91.7,Strong Bull,Uptrend,Hold,Uptrend (HH+HL),Bullish,94.67,Strong Bull,Bullish confirmed,"Strong Bull - all 4 components agree, trending ADX",1.06,"Underperforming, improving",Lags both,62.7999,Neutral,23.2489,14.2733,bullish accelerating,Neutral,5.0525,0.8447,thin,35.62,Negative accelerating,54.96,Neutral,Bullish majority,None,"Neutral - majority agree, 1 dissenting",Upper Half,Trending,Bullish,Yes,No,Inside,5.52,Very Low,Stable,-15.2,No,"Very Low volatility, stable",Low vol - tight stops,Normal,Falling,Weak Down,-0.2278,Distribution,82.0958,Overbought,,,,,,,,,,,,,
2025-06-11,1664.0,1769.0,1656.4000244140625,1721.5999755859375,869631,1573.9019,,,96.84,Strong Bull,Uptrend,Hold,Uptrend (HH+HL),Bullish,97.45,Strong Bull,Bullish confirmed,"Strong Bull - all 4 components agree, trending ADX",11.69,"Underperforming, improving",Lags both,69.3344,Neutral,32.027,17.8241,bullish accelerating,Overbought,13.4273,1.853,thin,42.39,Negative fading,61.25,Bullish,Bullish majority,None,"Bullish - majority agree, 1 dissenting",Above Upper,Trending,Bullish,Yes,No,Inside,12.71,Very Low,Stable,-6.79,No,"Very Low volatility, stable",Low vol - tight stops,High,Rising,Confirmed Up,-0.1602,Distribution,88.988,Overbought,,,,,,,,,,,,,
2025-06-12,1726.199951171875,1764.9000244140625,1693.5,1726.300048828125,319081,1579.8783,,,96.44,Strong Bull,Uptrend,Hold,Uptrend (HH+HL),Bullish,98.22,Strong Bull,Bullish confirmed,"Strong Bull - all 4 components agree, trending ADX",23.26,"Underperforming, improving",Lags both,69.7152,Neutral,38.9144,22.0421,bullish accelerating,Overbought,15.0713,2.008,thin,49.32,Negative fading,64.49,Bullish,Bullish majority,None,"Bullish - majority agree, 1 dissenting",Above Upper,Trending,Bullish,Yes,No,Inside,18.79,Very Low,Stable,0.25,No,"Very Low volatility, stable",Low vol - tight stops,Normal,Rising,Confirmed Up,-0.1489,Distribution,89.6746,Overbought,,,,,,,,,,,,,
2025-06-13,1662.4000244140625,1762.199951171875,1662.4000244140625,1745.5,186386,1586.3733,,,96.71,Strong Bull,Uptrend,Hold,Uptrend (HH+HL),Bullish,98.65,Strong Bull,Bullish confirmed,"Strong Bull - all 4 components agree, trending ADX",29.04,"Underperforming, improving",Lags both,71.2842,Overbought,45.3987,26.7134,bullish accelerating,Overbought,15.9338,2.0618,thin,53.34,Positive accelerating,67.24,Bullish,Bullish confirmed,None,Bullish but overbought on RSI and Stochastic - stretched,Above Upper,Trending,Bullish,Yes,No,Inside,25.84,Low,Stable,8.33,No,"Low volatility, stable",Wide stop - size down,Normal,Rising,Weak Up,-0.1048,Distribution,84.6251,Overbought,,,,,,,,,,,,,
2025-06-16,1750.0,1766.800048828125,1715.0999755859375,1730.0,105018,1592.0057,,,94.99,Strong Bull,Uptrend,Hold,Uptrend (HH+HL),Bullish,98.25,Strong Bull,Bullish confirmed,"Strong Bull - all 4 components agree, trending ADX",20.5,"Underperforming, improving",Lags both,68.2119,Neutral,48.7251,31.1158,bullish fading,Overbought,13.8233,1.7743,thin,48.17,Negative accelerating,64.48,Bullish,Bullish majority,Bearish divergence,Bullish - bearish divergence vs price over 21 bars,Upper Half,Trending,Bullish,Yes,No,Inside,25.57,Low,Stable,9.72,No,"Low volatility, stable",Low vol - tight stops,Dry-up,Rising,Weak Down,-0.0904,Distribution,84.6171,Overbought,,,,,,,,,,,,,
2025-06-17,1726.800048828125,1876.0,1720.0,1855.699951171875,1662047,1602.3467,,,99.9,Strong Bull,Uptrend,Hold,Uptrend (HH+HL),Bullish,99.96,Strong Bull,Bullish confirmed,"Strong Bull - all 4 components agree, trending ADX",41.9,"Underperforming, improving",Lags both,76.905,Overbought,60.8034,37.0533,bullish accelerating,Overbought,21.9411,2.6388,thin,64.73,Positive accelerating,74.3,Strong Bullish,Bullish confirmed,None,Strong Bullish but overbought on RSI and Stochastic - stretched,Above Upper,Trending,Bullish,Yes,No,Breakout Up,35.73,Low,Expanding,23.16,No,"Low volatility, expanding - range widening",Wide stop - size down,High,Rising,Confirmed Up,0.1415,Accumulation,92.4363,Overbought,,,,,,,,,,,,,
2025-06-18,1850.0,1850.0,1690.0999755859375,1703.4000244140625,1388549,1606.3096,,,91.36,Strong Bull,Uptrend,Hold,Uptrend (HH+HL),Bullish,96.98,Strong Bull,Bullish confirmed,"Strong Bull - all 4 components agree, trending ADX",31.8,"Underperforming, improving",Lags both,56.68,Neutral,57.4242,41.1275,bullish fading,Neutral,5.6176,0.7483,thin,57.01,Positive fading,62.02,Bullish,Bullish confirmed,None,Bullish - all 4 components agree incl. MACD acceleration,Upper Half,Trending,Bullish,Yes,Yes,Inside,58.22,Normal,Expanding,52.03,No,"Normal volatility, expanding - range widening",Wide stop - size down,High,Rising,Confirmed Down,-0.0109,Neutral,73.6505,Neutral,,,,,,,,,,,,,
2025-06-19,1678.0,1678.0,1608.0,1619.800048828125,7426224,1606.8386,,,84.22,Strong Bull,Uptrend,Hold,Uptrend (HH+HL),Bullish,89.61,Strong Bull,Bullish confirmed,"Strong Bull - all 4 components agree, trending ADX",54.48,"Outperforming, strengthening",Leads NIFTY50 only,49.0539,Neutral,47.4533,42.3926,bullish fading,Neutral,1.5803,0.2798,thin,73.88,Positive accelerating,58.15,Bullish,Bullish majority,None,"Bullish - majority agree, 1 dissenting",Lower Half,Trending,Bullish,Yes,Yes,Inside,61.86,High,Expanding,57.54,No,High volatility and still expanding - move may be extended,Wide stop - size down,High,Rising,Confirmed Down,-0.3408,Distribution,34.3492,Neutral,,,,,,,,,,,,,
2025-06-20,1610.0,1644.0,1586.0999755859375,1615.699951171875,1518387,1607.1861,,,83.1,Strong Bull,Uptrend,Hold,Uptrend (HH+HL),Bullish,88.67,Strong Bull,Bullish confirmed,"Strong Bull - all 4 components agree, trending ADX",54.2,"Outperforming, strengthening",Leads both,48.7078,Neutral,38.7736,41.6688,Bearish crossover,Neutral,0.3727,0.1389,thin,73.32,Positive fading,51.99,Neutral,Bearish majority,None,"Neutral - majority agree, 1 dissenting",Lower Half,Trending,Bullish,Yes,Yes,Inside,56.99,Normal,Expanding,53.14,No,"Normal volatility, expanding - range widening",Wide stop - size down,Normal,Rising,Confirmed Down,-0.3036,Distribution,30.6525,Neutral,,,,,,,,,,,,,
2025-06-23,1604.800048828125,1622.4000244140625,1588.5,1605.4000244140625,293048,1607.1161,,,72.21,Bull,Uptrend,Hold,Uptrend (HH+HL),Bullish,82.88,Strong Bull,Bullish confirmed,"Strong Bull - all 4 components agree, trending ADX",46.0,"Underperforming, improving",Lags both,47.7954,Neutral,30.7097,39.477,bullish accelerating,Neutral,-2.9266,-0.245,thin,64.82,Positive fading,45.77,Neutral,Bearish majority,None,"Neutral - majority agree, 1 dissenting",Lower Half,Trending,Bullish,No,Yes,Inside,52.14,Normal,Expanding,45.73,No,"Normal volatility, expanding - range widening",Wide stop - size down,Dry-up,Rising,Weak Down,-0.2954,Distribution,29.5524,Neutral,,,,,,,,,,,,,
2025-06-24,1620.0,1626.9000244140625,1580.800048828125,1601.0,233340,1606.8762,,,71.48,Bull,Uptrend,Hold,Uptrend (HH+HL),Bullish,81.27,Strong Bull,Bullish confirmed,"Strong Bull - all 4 components agree, trending ADX",49.41,"Underperforming, improving",Lags both,47.3871,Neutral,23.6908,36.3198,bullish accelerating,Neutral,-3.0226,-0.2551,thin,65.51,Positive accelerating,43.89,Neutral,Bearish majority,None,"Neutral - majority agree, 1 dissenting",Lower Half,Trending,Bullish,No,Yes,Inside,48.18,Normal,Expanding,42.66,No,"Normal volatility, expanding - range widening",Wide stop - size down,Dry-up,Rising,Weak Down,-0.2899,Distribution,26.2875,Neutral,,,,,,,,,,,,,
2025-06-25,1612.9000244140625,1614.4000244140625,1586.5,1597.0,523383,1606.4889,,,71.62,Bull,Uptrend,Hold,Uptrend (HH+HL),Bullish,80.07,Strong Bull,Bullish confirmed,"Strong Bull - all 4 components agree, trending ADX",53.66,"Outperforming, weakening",Leads both,46.994,Neutral,17.6027,32.5763,bullish accelerating,Oversold,-7.2375,-0.746,thin,69.15,Positive accelerating,43.54,Neutral,Bearish majority,None,"Neutral - majority agree, 1 dissenting",Lower Half,Trending,Bullish,No,Yes,Inside,42.29,Normal,Expanding,29.58,No,"Normal volatility, expanding - range widening",Wide stop - size down,Normal,Rising,Weak Down,-0.2832,Distribution,24.6554,Neutral,,,,,,,,,,,,,
2025-06-26,1596.5,1624.0,1580.5999755859375,1589.9000244140625,376915,1605.8384,,,71.45,Bull,Uptrend,Hold,Uptrend (HH+HL),Bullish,78.5,Strong Bull,Bullish confirmed,"Strong Bull - all 4 components agree, trending ADX",47.28,"Underperforming, improving",Lags both,46.2604,Neutral,12.0657,28.4742,bullish accelerating,Oversold,-7.9013,-0.8185,thin,63.8,Positive fading,40.61,Bearish,Bearish majority,None,"Bearish - majority agree, 1 dissenting",Lower Half,Trending,Bullish,No,Yes,Inside,38.55,Low,Stable,19.76,No,"Low volatility, stable",Wide stop - size down,Dry-up,Rising,Weak Down,-0.2881,Distribution,24.2381,Neutral,,,,,,,,,,,,,
2025-06-27,1604.699951171875,1630.0,1581.699951171875,1618.699951171875,248396,1606.3427,,,59.97,Neutral,Uptrend,Hold,Uptrend (HH+HL),Bullish,77.85,Strong Bull,Bullish confirmed,"Strong Bull - all 4 components agree, trending ADX",53.59,"Outperforming, strengthening",Leads NIFTY50 only,49.6908,Neutral,9.8876,24.7569,bullish fading,Oversold,-7.2644,-0.7385,thin,69.51,Positive accelerating,43.93,Neutral,Bearish majority,None,"Neutral - majority agree, 1 dissenting",Lower Half,Trending,Bullish,No,Yes,Inside,32.01,Low,Stable,6.16,No,"Low volatility, stable",Wide stop - size down,Dry-up,Rising,Weak Up,-0.2744,Distribution,23.2649,Neutral,,,,,,,,,,,,,
2025-06-30,1633.9000244140625,1637.0,1601.0999755859375,1610.0999755859375,151562,1606.4901,,,55.51,Neutral,Uptrend,Hold,Uptrend (HH+HL),Bullish,74.78,Bull,Bullish confirmed,"Bull - all 4 components agree, trending ADX",50.23,"Outperforming, strengthening",Leads NIFTY50 only,48.6913,Neutral,7.3824,21.282,bullish fading,Oversold,-6.9306,-0.6948,thin,67.47,Positive fading,43.38,Neutral,Bearish majority,None,"Neutral - majority agree, 1 dissenting",Lower Half,Trending,Bullish,No,Yes,Inside,27.35,Low,Stable,1.78,No,"Low volatility, stable",Wide stop - size down,Dry-up,Rising,Weak Down,-0.2754,Distribution,23.0846,Neutral,,,,,,,,,,,,,
2025-07-01,1628.0,1660.0,1611.0,1628.800048828125,232429,1607.365,,,50.88,Neutral,Uptrend,Hold,Uptrend (HH+HL),Bullish,75.56,Strong Bull,Bullish confirmed,"Strong Bull - all 4 components agree, trending ADX",41.21,"Underperforming, improving",Lags both,50.9994,Neutral,6.8273,18.3911,bullish fading,Oversold,-12.2272,-1.3077,thin,59.5,Positive fading,42.98,Neutral,Mixed,None,"Neutral - components mixed, low conviction",Lower Half,Trending,Bullish,No,No,Inside,21.31,Low,Stable,-14.41,No,"Low volatility, stable",Low vol - tight stops,Dry-up,Rising,Weak Up,-0.2715,Distribution,19.5791,Oversold,,,,,,,,,,,,,
2025-07-02,1637.800048828125,1646.9000244140625,1617.0999755859375,1632.0,236775,1608.3311,,,51.51,Neutral,Uptrend,Hold,Uptrend (HH+HL),Bullish,76.12,Strong Bull,Bullish confirmed,"Strong Bull - all 4 components agree, trending ADX",46.29,"Underperforming, improving",Lags both,51.4023,Neutral,6.5698,16.0268,bullish fading,Oversold,-4.1916,-0.3566,thin,63.48,Positive accelerating,45.22,Neutral,Mixed,None,"Neutral - components mixed, low conviction",Lower Half,Trending,Bullish,No,No,Inside,19.07,Very Low,Contracting,-39.15,No,"Very Low volatility, contracting - coiling, watch for breakout",Low vol - tight stops,Dry-up,Rising,Weak Up,-0.3063,Distribution,17.4377,Oversold,,,,,,,,,,,,,
2025-07-03,1640.0,1654.4000244140625,1619.699951171875,1639.9000244140625,262987,1609.5691,,,70.81,Bull,Uptrend,Hold,Uptrend (HH+HL),Bullish,83.92,Strong Bull,Bullish confirmed,"Strong Bull - all 4 components agree, trending ADX",51.53,"Outperforming, weakening",Leads NIFTY50 only,52.4418,Neutral,6.9234,14.2061,bullish fading,Oversold,1.2409,0.2864,thin,70.56,Positive accelerating,48.86,Neutral,Mixed,None,"Neutral - components mixed, low conviction",Lower Half,Trending,Bullish,No,No,Inside,13.42,Very Low,Contracting,-48.44,No,"Very Low volatility, contracting - coiling, watch for breakout",Low vol - tight stops,Dry-up,Rising,Weak Up,-0.2974,Distribution,19.1282,Oversold,,,,,,,,,,,,,
2025-07-04,1639.0,1649.800048828125,1587.9000244140625,1597.0999755859375,187918,1609.0801,,,52.05,Neutral,Uptrend,Hold,Uptrend (HH+HL),Bullish,71.1,Bull,Bullish confirmed,"Range with bullish lean - ADX emerging, direction not confirmed",40.12,"Underperforming, weakening",Lags both,46.623,Neutral,3.7073,12.1064,bullish accelerating,Oversold,-1.1512,0.0016,thin,60.35,Positive fading,43.25,Neutral,Bearish majority,None,"Neutral - majority agree, 1 dissenting",Lower Half,Emerging,Bullish,No,No,Inside,14.33,Very Low,Contracting,-42.66,No,"Very Low volatility, contracting - coiling, watch for breakout",Low vol - tight stops,Dry-up,Rising,Weak Down,-0.3076,Distribution,18.2885,Oversold,,,,,,,,,,,,,
2025-07-07,1595.0,1603.0,1551.5,1567.199951171875,394671,1607.4377,,,46.39,Neutral,Uptrend,Hold,Uptrend (HH+HL),Bullish,54.61,Neutral,Mixed,"No clear trend - ADX emerging, price ranging",42.76,"Underperforming, weakening",Lags both,43.0309,Neutral,-1.2399,9.4371,bearish accelerating,Oversold,-2.3795,-0.1446,thin,63.23,Positive accelerating,41.8,Bearish,Bearish majority,None,"Bearish - majority agree, 1 dissenting",Lower Half,Emerging,Bearish,No,No,Breakout Down,15.04,Very Low,Contracting,-37.1,No,"Very Low volatility, contracting - coiling, watch for breakout",Low vol - tight stops,Dry-up,Rising,Weak Down,-0.319,Distribution,6.593,Oversold,,,,,,,,,,,,,
2025-07-08,1560.0,1616.0,1545.0,1604.800048828125,429672,1607.3343,,,49.73,Neutral,Uptrend,Hold,Range,Bullish,59.48,Neutral,Mixed,"No clear trend - ADX emerging, price ranging",53.86,"Outperforming, weakening",Leads NIFTY50 only,48.4134,Neutral,-2.1023,7.1292,bearish fading,Oversold,0.2374,0.1687,thin,75.95,Positive accelerating,48.76,Neutral,Bearish majority,None,"Neutral - majority agree, 1 dissenting",Lower Half,Emerging,Bullish,No,No,Inside,21.04,Low,Contracting,-27.15,No,"Low volatility, contracting - coiling, watch for breakout",Low vol - tight stops,Normal,Rising,Weak Up,-0.2907,Distribution,10.5165,Oversold,,,,,,,,,,,,,
2025-07-09,1602.5999755859375,1647.0,1602.5999755859375,1610.300048828125,386219,1607.4506,,,50.6,Neutral,Uptrend,Hold,Range,Bullish,60.16,Bull,Bullish confirmed,"Range with bullish lean - ADX emerging, direction not confirmed",60.94,"Outperforming, weakening",Leads both,49.17,Neutral,-2.3153,5.2403,bearish fading,Neutral,0.8328,0.2394,thin,88.66,Positive accelerating,55.48,Neutral,Bearish majority,Bullish divergence,Neutral - bullish divergence vs price over 21 bars,Lower Half,Emerging,Bullish,No,No,Inside,20.52,Low,Contracting,-21.77,No,"Low volatility, contracting - coiling, watch for breakout",Low vol - tight stops,Dry-up,Rising,Weak Up,-0.3227,Distribution,31.3663,Neutral,,,,,,,,,,,,,
2025-07-10,1624.4000244140625,1624.4000244140625,1574.0,1580.4000244140625,158866,1606.3898,,,33.93,Bear,Uptrend,Hold,Range,Bullish,49.6,Neutral,Mixed,"No clear trend - ADX no trend, price ranging",59.76,"Outperforming, weakening",Leads both,45.2821,Neutral,-4.841,3.224,bearish accelerating,Neutral,-0.5975,0.0663,thin,82.83,Positive fading,53.43,Neutral,Bearish majority,None,"Neutral - majority agree, 1 dissenting",Lower Half,No Trend,Bullish,No,No,Inside,20.09,Low,Stable,-18.46,No,"Low volatility, stable",Low vol - tight stops,Dry-up,Rising,Weak Down,-0.3315,Distribution,41.8022,Neutral,,,,,,,,,,,,,
2025-07-11,1588.0999755859375,1607.0,1560.9000244140625,1585.199951171875,151774,1605.5588,,,33.23,Bear,Uptrend,Hold,Range,Bullish,45.09,Neutral,Mixed,"No clear trend - ADX no trend, price ranging",66.59,"Outperforming, weakening",Leads both,46.02,Neutral,-6.3817,1.3029,bearish fading,Neutral,-2.0696,-0.112,thin,87.83,Positive accelerating,54.92,Neutral,Bearish majority,None,"Neutral - majority agree, 1 dissenting",Lower Half,No Trend,Bearish,No,No,Inside,17.55,Very Low,Stable,-14.46,No,"Very Low volatility, stable",Low vol - tight stops,Dry-up,Rising,Weak Up,-0.3393,Distribution,43.309,Neutral,,,,,,,,,,,,,
2025-07-14,1589.800048828125,1602.5999755859375,1581.9000244140625,1591.699951171875,48052,1605.0153,,,34.31,Bear,Uptrend,Hold,Range,Bullish,47.08,Neutral,Mixed,"No clear trend - ADX no trend, price ranging",71.96,"Outperforming, weakening",Leads both,47.0611,Neutral,-6.9976,-0.3572,bearish fading,Neutral,-1.1428,0.0009,thin,87.31,Positive fading,54.84,Neutral,Bearish majority,None,"Neutral - majority agree, 1 dissenting",Lower Half,No Trend,Bearish,No,No,Inside,13.8,Very Low,Stable,-13.55,No,"Very Low volatility, stable",Low vol - tight stops,Dry-up,Rising,Weak Up,-0.3379,Distribution,46.6847,Neutral,,,,,,,,,,,,,
2025-07-15,1583.0,1628.300048828125,1583.0,1607.699951171875,198770,1605.1206,,,36.21,Bear,Uptrend,Hold,Downtrend (LH+LL),Bearish,42.11,Neutral,Mixed,"No clear trend - ADX no trend, price ranging",63.77,"Outperforming, weakening",Leads both,49.6361,Neutral,-6.1241,-1.5106,bearish fading,Neutral,-1.2954,-0.0177,thin,77.03,Positive fading,54.29,Neutral,Bearish majority,None,"Neutral - majority agree, 1 dissenting",Lower Half,No Trend,Bullish,No,No,Inside,7.91,Very Low,Stable,-13.4,Confirmed,"Very Low volatility, squeeze confirmed - expansion pending",Coiled - low vol squeeze,Dry-up,Rising,Weak Up,-0.4528,Distribution,56.7644,Neutral,,,,,,,,,,,,,
2025-07-16,1604.4000244140625,1628.0,1581.300048828125,1616.4000244140625,329866,1605.5629,,,36.93,Bear,Uptrend,Hold,Downtrend (LH+LL),Bearish,43.12,Neutral,Mixed,"No clear trend - ADX no trend, price ranging",66.95,"Outperforming, weakening",Leads both,51.0309,Neutral,-4.6758,-2.1436,bearish fading,Neutral,-0.9559,0.0239,thin,78.71,Positive accelerating,57.14,Neutral,Bullish majority,None,Neutral - price momentum agrees but MACD shows deceleration,Upper Half,No Trend,Bullish,No,No,Inside,3.26,Very Low,Stable,-15.8,Confirmed,"Very Low volatility, squeeze confirmed - expansion pending",Coiled - low vol squeeze,Dry-up,Rising,Weak Up,-0.3916,Distribution,67.1641,Neutral,,,,,,,,,,,,,
2025-07-17,1618.699951171875,1633.300048828125,1600.300048828125,1610.199951171875,70571,1605.7448,,,38.34,Bear,Uptrend,Hold,Downtrend (LH+LL),Bearish,42.5,Neutral,Mixed,"No clear trend - ADX no trend, price ranging",71.0,"Outperforming, weakening",Leads both,49.9689,Neutral,-3.9825,-2.5114,bearish fading,Neutral,-1.8111,-0.0812,thin,77.37,Positive fading,57.51,Neutral,Mixed,None,"Neutral - components mixed, low conviction",Upper Half,No Trend,Bullish,No,No,Inside,0.79,Very Low,Stable,-12.63,Confirmed,"Very Low volatility, squeeze confirmed - expansion pending",Coiled - low vol squeeze,Dry-up,Falling,Weak Down,-0.0786,Distribution,65.3608,Neutral,,,,,,,,,,,,,
2025-07-18,1619.9000244140625,1625.0,1585.0,1588.300048828125,105715,1605.0607,,,36.71,Bear,Uptrend,Hold,Downtrend (LH+LL),Bearish,38.78,Bear,Mixed,"Range with bearish lean - ADX no trend, direction not confirmed",66.55,"Outperforming, weakening",Leads both,46.3031,Neutral,-5.1409,-3.0373,bearish accelerating,Neutral,-0.551,0.0744,thin,70.23,Positive fading,53.34,Neutral,Mixed,None,"Neutral - components mixed, low conviction",Lower Half,No Trend,Bullish,No,No,Inside,1.03,Very Low,Stable,-13.31,Confirmed,"Very Low volatility, squeeze confirmed - expansion pending",Coiled - low vol squeeze,Dry-up,Falling,Weak Down,-0.1251,Distribution,61.5542,Neutral,,,,,,,,,,,,,
2025-07-21,1597.9000244140625,1605.9000244140625,1585.0,1591.0,191784,1604.5093,,,37.98,Bear,Uptrend,Hold,Downtrend (LH+LL),Bearish,39.58,Bear,Mixed,"Range with bearish lean - ADX no trend, direction not confirmed",70.57,"Outperforming, weakening",Leads both,46.8211,Neutral,-5.7745,-3.5847,bearish accelerating,Neutral,1.5186,0.3301,thin,74.1,Positive accelerating,53.83,Neutral,Bearish majority,Bullish divergence,Neutral - bullish divergence vs price over 21 bars,Lower Half,No Trend,Bullish,No,No,Inside,1.57,Very Low,Stable,-13.47,Confirmed,"Very Low volatility, squeeze confirmed - expansion pending",Coiled - low vol squeeze,Normal,Falling,Weak Up,-0.1441,Distribution,54.9486,Neutral,,,,,,,,,,,,,
2025-07-22,1599.9000244140625,1623.0,1572.199951171875,1579.4000244140625,254452,1603.5246,,,34.33,Bear,Uptrend,Hold,Downtrend (LH+LL),Bearish,36.76,Bear,Mixed,"Range with bearish lean - ADX no trend, direction not confirmed",52.56,"Outperforming, weakening",Leads NIFTY50 only,44.8207,Neutral,-7.1304,-4.2939,bearish accelerating,Neutral,-1.5828,-0.0561,thin,58.06,Positive fading,47.15,Neutral,Bearish majority,Bullish divergence,Neutral - bullish divergence vs price over 21 bars,Lower Half,No Trend,Bullish,No,No,Inside,2.25,Very Low,Stable,-18.78,Confirmed,"Very Low volatility, squeeze confirmed - expansion pending",Coiled - low vol squeeze,Normal,Falling,Confirmed Down,-0.1745,Distribution,54.7478,Neutral,,,,,,,,,,,,,
2025-07-23,1584.9000244140625,1613.0,1575.4000244140625,1604.5999755859375,161800,1603.5668,,,36.46,Bear,Uptrend,Hold,Downtrend (LH+LL),Bearish,40.86,Neutral,Mixed,"No clear trend - ADX no trend, price ranging",62.78,"Outperforming, weakening",Leads both,49.8349,Neutral,-6.1013,-4.6554,bearish fading,Neutral,-0.354,0.0972,thin,68.25,Positive accelerating,53.07,Neutral,Bearish majority,None,"Neutral - majority agree, 1 dissenting",Upper Half,No Trend,Bullish,No,No,Inside,1.94,Very Low,Stable,-18.59,Confirmed,"Very Low volatility, squeeze confirmed - expansion pending",Coiled - low vol squeeze,Normal,Falling,Weak Up,-0.1405,Distribution,53.1583,Neutral,,,,,,,,,,,,,
2025-07-24,1616.9000244140625,1654.300048828125,1604.0,1607.0,314795,1603.7014,,,38.05,Bear,Uptrend,Hold,Downtrend (LH+LL),Bearish,41.74,Neutral,Mixed,"No clear trend - ADX no trend, price ranging",63.18,"Outperforming, strengthening",Leads both,50.2981,Neutral,-5.034,-4.7311,bearish fading,Neutral,1.6831,0.3514,thin,69.06,Positive accelerating,54.53,Neutral,Mixed,None,"Neutral - components mixed, low conviction",Upper Half,No Trend,Bullish,No,No,Inside,2.53,Very Low,Stable,-17.56,Confirmed,"Very Low volatility, squeeze confirmed - expansion pending",Coiled - low vol squeeze,Normal,Falling,Confirmed Up,-0.1561,Distribution,60.9854,Neutral,,,,,,,,,,,,,
2025-07-25,1607.0,1619.800048828125,1583.0,1598.0,88002,1603.4778,,,39.13,Bear,Uptrend,Hold,Downtrend (LH+LL),Bearish,40.92,Neutral,Mixed,"No clear trend - ADX no trend, price ranging",67.49,"Outperforming, strengthening",Leads both,48.4899,Neutral,-4.8584,-4.7565,bearish fading,Neutral,0.8075,0.2403,thin,68.17,Positive fading,54.49,Neutral,Mixed,None,"Neutral - components mixed, low conviction",Lower Half,No Trend,Bullish,No,No,Inside,2.06,Very Low,Stable,-15.48,Confirmed,"Very Low volatility, squeeze confirmed - expansion pending",Coiled - low vol squeeze,Dry-up,Falling,Weak Down,-0.1959,Distribution,67.3101,Neutral,,,,,,,,,,,,,
2025-07-28,1591.300048828125,1615.0,1575.0,1580.0,292980,1602.5571,,,23.33,Bear,Uptrend,Hold,Downtrend (LH+LL),Bearish,32.99,Bear,Mixed,"Range with bearish lean - ADX no trend, direction not confirmed",63.1,"Outperforming, strengthening",Leads both,45.005,Neutral,-6.1013,-5.0255,bearish accelerating,Neutral,-0.7351,0.0453,thin,63.31,Positive fading,50.12,Neutral,Bearish majority,Bullish divergence,Neutral - bullish divergence vs price over 21 bars,Lower Half,No Trend,Bullish,Yes,No,Inside,3.03,Very Low,Stable,-10.77,Confirmed,"Very Low volatility, squeeze confirmed - expansion pending",Coiled - low vol squeeze,Normal,Falling,Confirmed Down,-0.2218,Distribution,55.154,Neutral,,,,,,,,,,,,,
2025-07-29,1571.300048828125,1597.800048828125,1569.5999755859375,1583.0999755859375,77307,1601.7941,,,23.87,Bear,Uptrend,Hold,Downtrend (LH+LL),Bearish,33.59,Bear,Mixed,"Range with bearish lean - ADX no trend, direction not confirmed",63.1,"Outperforming, strengthening",Leads both,45.7284,Neutral,-6.7583,-5.3721,bearish accelerating,Neutral,-1.5301,-0.0553,thin,64.48,Positive accelerating,49.24,Neutral,Bearish majority,Bullish divergence,Neutral - bullish divergence vs price over 21 bars,Lower Half,No Trend,Bullish,No,No,Inside,2.18,Very Low,Stable,-5.73,Confirmed,"Very Low volatility, squeeze confirmed - expansion pending",Coiled - low vol squeeze,Dry-up,Falling,Weak Up,-0.2158,Distribution,46.2551,Neutral,,,,,,,,,,,,,
2025-07-30,1582.0,1604.9000244140625,1560.0,1578.699951171875,65780,1600.8884,,,20.77,Bear,Uptrend,Hold,Downtrend (LH+LL),Bearish,31.92,Bear,Mixed,"Range with bearish lean - ADX no trend, direction not confirmed",63.01,"Outperforming, weakening",Leads both,44.8271,Neutral,-7.547,-5.8071,bearish accelerating,Neutral,-2.3323,-0.1568,thin,64.58,Positive accelerating,47.71,Neutral,Bearish majority,Bullish divergence,Neutral - bullish divergence vs price over 21 bars,Lower Half,No Trend,Bullish,No,No,Inside,1.11,Very Low,Stable,-2.15,Confirmed,"Very Low volatility, squeeze confirmed - expansion pending",Coiled - low vol squeeze,Dry-up,Falling,Weak Down,-0.2273,Distribution,48.0874,Neutral,,,,,,,,,,,,,
2025-07-31,1572.5,1612.199951171875,1547.0,1587.0,195725,1600.3438,,,20.15,Bear,Uptrend,Hold,Downtrend (LH+LL),Bearish,32.81,Bear,Mixed,"Range with bearish lean - ADX no trend, direction not confirmed",65.42,"Outperforming, weakening",Leads both,46.9512,Neutral,-7.4168,-6.129,bearish fading,Neutral,-1.4408,-0.0429,thin,64.85,Positive accelerating,49.3,Neutral,Bearish majority,Bullish divergence,Neutral - bullish divergence vs price over 21 bars,Lower Half,No Trend,Bearish,No,No,Inside,2.13,Very Low,Stable,1.34,Confirmed,"Very Low volatility, squeeze confirmed - expansion pending",Coiled - low vol squeeze,Normal,Falling,Weak Up,-0.2308,Distribution,55.3001,Neutral,,,,,,,,,,,,,
2025-08-01,1649.9000244140625,1649.9000244140625,1535.199951171875,1601.800048828125,511883,1600.4009,,,23.18,Bear,Uptrend,Hold,Downtrend (LH+LL),Bearish,35.84,Bear,Mixed,"Range with bearish lean - ADX no trend, direction not confirmed",70.14,"Outperforming, strengthening",Leads both,50.6031,Neutral,-6.0497,-6.1132,Bullish crossover,Neutral,0.85,0.2497,thin,67.64,Positive accelerating,53.12,Neutral,Mixed,Bullish divergence,Neutral - bullish divergence vs price over 21 bars,Upper Half,No Trend,Bullish,No,Yes,Inside,5.15,Very Low,Stable,4.13,Confirmed,"Very Low volatility, squeeze confirmed - expansion pending",Coiled - low vol squeeze,High,Falling,Confirmed Up,-0.1654,Distribution,62.5374,Neutral,,,,,,,,,,,,,
2025-08-04,1607.0,1610.0999755859375,1563.300048828125,1569.4000244140625,210870,1599.1852,,,19.62,Strong Bear,Uptrend,Hold,Downtrend (LH+LL),Bearish,30.28,Bear,Mixed,"Range with bearish lean - ADX no trend, direction not confirmed",66.35,"Outperforming, strengthening",Leads both,43.5372,Neutral,-7.4943,-6.3894,Bearish crossover,Neutral,-1.3576,-0.0339,thin,65.61,Positive fading,50.24,Neutral,Bearish majority,Bullish divergence,Neutral - bullish divergence vs price over 21 bars,At Lower,No Trend,Bullish,No,Yes,Inside,6.95,Very Low,Stable,5.38,Confirmed,"Very Low volatility, squeeze confirmed - expansion pending",Coiled - low vol squeeze,Normal,Falling,Weak Down,-0.173,Distribution,55.3835,Neutral,,,,,,,,,,,,,
2025-08-05,1571.9000244140625,1613.800048828125,1559.300048828125,1571.800048828125,530432,1598.1113,,,19.97,Strong Bear,Uptrend,Hold,Downtrend (LH+LL),Bearish,30.72,Bear,Mixed,"Range with bearish lean - ADX no trend, direction not confirmed",59.18,"Outperforming, strengthening",Leads both,44.1592,Neutral,-8.3492,-6.7813,bearish accelerating,Neutral,-0.4812,0.0788,thin,60.44,Positive fading,48.41,Neutral,Bearish majority,None,"Neutral - majority agree, 1 dissenting",Lower Half,No Trend,Bullish,No,Yes,Inside,7.98,Very Low,Stable,5.73,Confirmed,"Very Low volatility, squeeze confirmed - expansion pending",Coiled - low vol squeeze,High,Falling,Confirmed Up,-0.3028,Distribution,58.1941,Neutral,,,,,,,,,,,,,
2025-08-06,1573.5,1625.699951171875,1550.0999755859375,1601.199951171875,602469,1598.2324,,,25.44,Bear,Uptrend,Hold,Downtrend (LH+LL),Bearish,36.55,Bear,Mixed,"Range with bearish lean - ADX no trend, direction not confirmed",53.6,"Outperforming, strengthening",Leads NIFTY50 only,51.2447,Neutral,-6.5785,-6.7408,Bullish crossover,Neutral,-0.2119,0.1133,thin,57.6,Positive fading,50.44,Neutral,Mixed,Bullish divergence,Neutral - bullish divergence vs price over 21 bars,Upper Half,No Trend,Bullish,No,Yes,Inside,8.49,Very Low,Stable,6.55,Confirmed,"Very Low volatility, squeeze confirmed - expansion pending",Coiled - low vol squeeze,High,Falling,Confirmed Up,-0.1866,Distribution,64.3514,Neutral,,,,,,,,,,,,,
2025-08-07,1588.199951171875,1638.699951171875,1574.9000244140625,1623.199951171875,494267,1599.2115,,,31.17,Bear,Uptrend,Hold,Downtrend (LH+LL),Bearish,41.49,Neutral,Mixed,"No clear trend - ADX no trend, price ranging",63.16,"Outperforming, strengthening",Leads both,55.7676,Neutral,-3.3613,-6.0649,bearish accelerating,Neutral,1.0081,0.2707,thin,57.89,Positive accelerating,54.82,Neutral,Bullish confirmed,Bearish divergence,Neutral - bearish divergence vs price over 21 bars,At Upper,No Trend,Bullish,Yes,Yes,Inside,9.43,Very Low,Stable,6.9,Confirmed,"Very Low volatility, squeeze confirmed - expansion pending",Coiled - low vol squeeze,High,Falling,Confirmed Up,-0.0978,Distribution,70.5213,Neutral,,,,,,,,,,,,,
2025-08-08,1625.0,1626.0999755859375,1592.0,1599.5,132547,1599.2228,,,28.59,Bear,Uptrend,Hold,Downtrend (LH+LL),Bearish,37.43,Bear,Mixed,"Range with bearish lean - ADX no trend, direction not confirmed",43.21,"Underperforming, improving",Lags both,50.3489,Neutral,-2.693,-5.3905,bearish fading,Neutral,0.0939,0.1511,thin,42.82,Negative accelerating,49.6,Neutral,Bullish majority,Bearish divergence,Neutral - bearish divergence vs price over 21 bars,Upper Half,No Trend,Bullish,Yes,Yes,Inside,8.94,Very Low,Stable,6.88,Confirmed,"Very Low volatility, squeeze confirmed - expansion pending",Coiled - low vol squeeze,Normal,Falling,Weak Down,-0.1151,Distribution,71.5648,Neutral,4 - Declining,early,84.0,1.0,,,WAIT,40.22,1.0,Trend agreement,"4 - Declining, trend 37 but components disagree - wait for alignment",,
2025-08-11,1589.0999755859375,1615.0999755859375,1562.0,1589.0,112525,1598.8219,,,29.44,Bear,Uptrend,Hold,Downtrend (LH+LL),Bearish,36.33,Bear,Mixed,"Range with bearish lean - ADX no trend, direction not confirmed",42.0,"Underperforming, improving",Lags both,48.1181,Neutral,-2.9763,-4.9077,bearish fading,Neutral,0.5696,0.2126,thin,42.93,Negative fading,48.21,Neutral,Bearish majority,Bearish divergence,Neutral - bearish divergence vs price over 21 bars,Lower Half,No Trend,Bullish,Yes,Yes,Inside,9.51,Very Low,Stable,6.48,Confirmed,"Very Low volatility, squeeze confirmed - expansion pending",Coiled - low vol squeeze,Dry-up,Falling,Weak Down,-0.1127,Distribution,74.241,Neutral,4 - Declining,early,84.0,2.0,,,WAIT,39.31,1.0,Trend agreement,"4 - Declining, trend 36 but components disagree - wait for alignment",,
2025-08-12,1581.0999755859375,1602.199951171875,1538.4000244140625,1544.0,153067,1596.672,,,21.68,Bear,Downtrend,Sell,Downtrend (LH+LL),Bearish,17.59,Strong Bear,Bearish confirmed,"Range with bearish lean - ADX no trend, direction not confirmed",39.12,"Underperforming, weakening",Lags both,39.949,Neutral,-6.7541,-5.277,Bearish crossover,Neutral,-2.4698,-0.1853,thin,36.71,Negative accelerating,39.7,Bearish,Bearish confirmed,None,Bearish - all 4 components agree incl. MACD acceleration,Below Lower,No Trend,Bearish,Yes,Yes,Near Lower,12.9,Very Low,Stable,10.72,Partial,"Very Low volatility, stable",Low vol - tight stops,Normal,Falling,Weak Down,-0.1431,Distribution,70.1935,Neutral,4 - Declining,early,84.0,3.0,,,WAIT,38.0,1.0,Weak ADX,"4 - Declining, trend 18 but ADX shows no trend, this is a range - wait for alignment",,
2025-08-13,1554.9000244140625,1569.5,1535.4000244140625,1556.9000244140625,120233,1595.1124,,,19.15,Strong Bear,Downtrend,Hold,Downtrend (LH+LL),Bearish,16.7,Strong Bear,Bearish confirmed,"Range with bearish lean - ADX no trend, direction not confirmed",37.01,"Underperforming, weakening",Lags both,42.9397,Neutral,-8.6079,-5.9431,bearish accelerating,Neutral,-1.3809,-0.0419,thin,36.41,Negative accelerating,38.59,Bearish,Bearish confirmed,None,Bearish - all 4 components agree incl. MACD acceleration,Lower Half,No Trend,Bearish,No,Yes,Inside,12.68,Very Low,Stable,11.58,Partial,"Very Low volatility, stable",Low vol - tight stops,Normal,Falling,Weak Up,-0.1783,Distribution,65.2278,Neutral,4 - Declining,early,84.0,4.0,,,WAIT,38.0,1.0,Weak ADX,"4 - Declining, trend 17 but ADX shows no trend, this is a range - wait for alignment",,
2025-08-14,1569.9000244140625,1578.0,1552.0,1558.4000244140625,99711,1593.6727,,,15.98,Strong Bear,Downtrend,Hold,Downtrend (LH+LL),Bearish,15.59,Strong Bear,Bearish confirmed,"Range with bearish lean - ADX no trend, direction not confirmed",44.96,"Underperforming, weakening",Lags both,43.2933,Neutral,-9.8425,-6.723,bearish accelerating,Oversold,-1.8021,-0.0972,thin,43.45,Negative fading,39.61,Bearish,Bearish confirmed,None,Bearish - all 4 components agree incl. MACD acceleration,Lower Half,No Trend,Bearish,No,Yes,Inside,10.46,Very Low,Stable,8.32,Partial,"Very Low volatility, stable",Low vol - tight stops,Dry-up,Falling,Weak Up,-0.1819,Distribution,67.7808,Neutral,4 - Declining,early,84.0,5.0,,,WAIT,38.0,1.0,Weak ADX,"4 - Declining, trend 16 but ADX shows no trend, this is a range - wait for alignment",,
2025-08-18,1579.0,1612.5,1564.300048828125,1581.5999755859375,454052,1593.1992,,,17.91,Strong Bear,Downtrend,Hold,Downtrend (LH+LL),Bearish,16.27,Strong Bear,Bearish confirmed,"Range with bearish lean - ADX no trend, direction not confirmed",51.44,"Outperforming, weakening",Leads NIFTY50 only,48.5994,Neutral,-8.847,-7.1478,bearish fading,Neutral,-1.2611,-0.0255,thin,52.72,Positive accelerating,45.95,Neutral,Bearish majority,None,"Neutral - majority agree, 1 dissenting",Lower Half,No Trend,Bullish,No,No,Inside,10.93,Very Low,Stable,5.78,Partial,"Very Low volatility, stable",Low vol - tight stops,Normal,Falling,Confirmed Up,-0.1773,Distribution,76.949,Neutral,4 - Declining,early,84.0,6.0,,,WAIT,38.0,1.0,Weak ADX,"4 - Declining, trend 16 but ADX shows no trend, this is a range - wait for alignment","4 - Declining, trend 37 but components disagree - wait for alignment",
2025-08-19,1585.0,1600.300048828125,1570.0,1585.800048828125,179087,1592.9091,,,19.12,Strong Bear,Downtrend,Hold,Downtrend (LH+LL),Bearish,16.69,Strong Bear,Bearish confirmed,"Range with bearish lean - ADX no trend, direction not confirmed",49.23,"Underperforming, weakening",Lags both,49.5203,Neutral,-7.6311,-7.2445,bearish fading,Neutral,1.045,0.2799,thin,50.73,Positive fading,47.24,Neutral,Bearish majority,None,"Neutral - majority agree, 1 dissenting",Upper Half,No Trend,Bullish,No,No,Inside,9.92,Very Low,Stable,2.97,Partial,"Very Low volatility, stable",Low vol - tight stops,Normal,Falling,Weak Up,-0.16,Distribution,74.9238,Neutral,4 - Declining,early,84.0,7.0,,,WAIT,38.0,1.0,Weak ADX,"4 - Declining, trend 17 but ADX shows no trend, this is a range - wait for alignment","4 - Declining, trend 36 but components disagree - wait for alignment",
2025-08-20,1591.0,1598.9000244140625,1563.0,1581.4000244140625,139629,1592.4577,,,23.39,Bear,Downtrend,Hold,Downtrend (LH+LL),Bearish,18.19,Strong Bear,Bearish confirmed,"Range with bearish lean - ADX no trend, direction not confirmed",49.41,"Underperforming, weakening",Lags both,48.5392,Neutral,-6.9425,-7.1841,Bullish crossover,Neutral,0.6108,0.2213,thin,53.11,Positive accelerating,48.75,Neutral,Bearish majority,None,"Neutral - majority agree, 1 dissenting",Lower Half,No Trend,Bullish,No,No,Inside,9.79,Very Low,Stable,1.81,Partial,"Very Low volatility, stable",Low vol - tight stops,Normal,Falling,Weak Down,-0.1261,Distribution,73.5248,Neutral,4 - Declining,early,84.0,8.0,,,WAIT,38.0,1.0,Weak ADX,"4 - Declining, trend 18 but ADX shows no trend, this is a range - wait for alignment","4 - Declining, trend 18 but ADX shows no trend, this is a range - wait for alignment",
2025-08-21,1595.0,1629.9000244140625,1581.0,1586.5999755859375,214484,1592.228,,,26.61,Bear,Downtrend,Hold,Downtrend (LH+LL),Bearish,19.31,Strong Bear,Bearish confirmed,"Range with bearish lean - ADX no trend, direction not confirmed",51.59,"Outperforming, strengthening",Leads NIFTY50 only,49.8049,Neutral,-5.9091,-6.9291,bearish accelerating,Neutral,-0.9118,0.0178,thin,53.12,Positive accelerating,49.67,Neutral,Bearish majority,None,"Neutral - majority agree, 1 dissenting",Upper Half,No Trend,Bullish,Yes,No,Inside,9.12,Very Low,Stable,0.63,Partial,"Very Low volatility, stable",Low vol - tight stops,Normal,Falling,Weak Up,-0.1759,Distribution,73.6652,Neutral,4 - Declining,early,84.0,9.0,,,WAIT,38.0,1.0,Weak ADX,"4 - Declining, trend 19 but ADX shows no trend, this is a range - wait for alignment","4 - Declining, trend 17 but ADX shows no trend, this is a range - wait for alignment",
2025-08-22,1593.0,1599.0,1549.9000244140625,1554.5999755859375,201152,1590.7524,,,21.47,Bear,Downtrend,Hold,Downtrend (LH+LL),Bearish,17.51,Strong Bear,Bearish confirmed,"Range with bearish lean - ADX no trend, direction not confirmed",48.87,"Underperforming, weakening",Lags both,42.8245,Neutral,-7.5848,-7.0602,Bearish crossover,Neutral,-4.2262,-0.425,thin,48.05,Negative accelerating,44.32,Neutral,Bearish confirmed,None,Neutral - all 4 components agree incl. MACD acceleration,Lower Half,No Trend,Bullish,Yes,No,Inside,11.17,Very Low,Stable,1.74,Partial,"Very Low volatility, stable",Low vol - tight stops,Normal,Falling,Weak Down,-0.1565,Distribution,65.9313,Neutral,4 - Declining,early,84.0,10.0,,,WAIT,38.0,1.0,Weak ADX,"4 - Declining, trend 18 but ADX shows no trend, this is a range - wait for alignment","4 - Declining, trend 16 but ADX shows no trend, this is a range - wait for alignment",
2025-08-25,1559.0,1620.0999755859375,1536.0,1600.0999755859375,444868,1591.119,,,27.62,Bear,Downtrend,Hold,Downtrend (LH+LL),Bearish,19.67,Strong Bear,Bearish confirmed,"Range with bearish lean - ADX no trend, direction not confirmed",53.12,"Outperforming, weakening",Leads both,52.927,Neutral,-5.1816,-6.6845,Bullish crossover,Neutral,0.0375,0.1476,thin,53.64,Positive accelerating,50.87,Neutral,Mixed,None,"Neutral - components mixed, low conviction",Upper Half,No Trend,Bullish,Yes,No,Inside,11.87,Very Low,Stable,2.93,Partial,"Very Low volatility, stable",Low vol - tight stops,Normal,Falling,Confirmed Up,-0.0981,Distribution,73.4038,Neutral,4 - Declining,early,84.0,11.0,,,WAIT,38.0,1.0,Weak ADX,"4 - Declining, trend 20 but ADX shows no trend, this is a range - wait for alignment","4 - Declining, trend 16 but ADX shows no trend, this is a range - wait for alignment","4 - Declining, trend 37 but components disagree - wait for alignment"
2025-08-26,1601.0,1639.0,1540.300048828125,1558.699951171875,2417193,1589.8476,,,20.65,Bear,Downtrend,Hold,Downtrend (LH+LL),Bearish,17.23,Strong Bear,Bearish confirmed,"Range with bearish lean - ADX no trend, direction not confirmed",57.14,"Outperforming, weakening",Leads both,45.1157,Neutral,-6.5423,-6.6561,bearish fading,Neutral,-1.9069,-0.1142,thin,55.39,Positive accelerating,47.51,Neutral,Bearish majority,None,"Neutral - majority agree, 1 dissenting",Lower Half,No Trend,Bullish,Yes,Yes,Inside,18.22,Very Low,Stable,8.71,Partial,"Very Low volatility, stable",Low vol - tight stops,High,Falling,Confirmed Down,-0.246,Distribution,40.2877,Neutral,4 - Declining,early,84.0,12.0,,,WAIT,38.0,1.0,Weak ADX,"4 - Declining, trend 17 but ADX shows no trend, this is a range - wait for alignment","4 - Declining, trend 17 but ADX shows no trend, this is a range - wait for alignment","4 - Declining, trend 36 but components disagree - wait for alignment"
2025-08-28,1556.0,1571.0,1544.0,1550.199951171875,280362,1588.2928,,,18.28,Strong Bear,Downtrend,Hold,Downtrend (LH+LL),Bearish,16.4,Strong Bear,Bearish confirmed,"Range with bearish lean - ADX no trend, direction not confirmed",61.68,"Outperforming, weakening",Leads both,43.69,Neutral,-8.2119,-6.9672,Bearish crossover,Neutral,0.4016,0.1974,thin,56.67,Positive accelerating,46.67,Neutral,Bearish majority,None,"Neutral - majority agree, 1 dissenting",Lower Half,No Trend,Bullish,Yes,No,Near Lower,16.6,Very Low,Stable,3.7,Partial,"Very Low volatility, stable",Low vol - tight stops,Normal,Falling,Weak Down,-0.259,Distribution,31.5967,Neutral,4 - Declining,early,84.0,13.0,,,WAIT,38.0,1.0,Weak ADX,"4 - Declining, trend 16 but ADX shows no trend, this is a range - wait for alignment","4 - Declining, trend 18 but ADX shows no trend, this is a range - wait for alignment","4 - Declining, trend 18 but ADX shows no trend, this is a range - wait for alignment"
2025-08-29,1554.0,1573.800048828125,1505.5999755859375,1514.199951171875,229544,1585.3872,,,11.12,Strong Bear,Downtrend,Hold,Downtrend (LH+LL),Bearish,13.89,Strong Bear,Bearish confirmed,"Range with bearish lean - ADX no trend, direction not confirmed",54.7,"Outperforming, weakening",Leads both,38.1861,Neutral,-12.2982,-8.0334,bearish accelerating,Oversold,-2.7426,-0.2284,thin,51.14,Positive fading,39.74,Bearish,Bearish majority,None,"Bearish - majority agree, 1 dissenting",Below Lower,No Trend,Bullish,Yes,Yes,Breakout Down,18.35,Very Low,Stable,5.67,No,"Very Low volatility, stable",Low vol - tight stops,Normal,Falling,Weak Down,-0.2743,Distribution,23.5624,Neutral,4 - Declining,early,84.0,14.0,,,WAIT,38.0,1.0,Weak ADX,"4 - Declining, trend 14 but ADX shows no trend, this is a range - wait for alignment","4 - Declining, trend 19 but ADX shows no trend, this is a range - wait for alignment","4 - Declining, trend 17 but ADX shows no trend, this is a range - wait for alignment"
2025-09-01,1518.0999755859375,1523.199951171875,1500.0,1513.300048828125,114108,1582.5603,,,10.53,Strong Bear,Downtrend,Hold,Downtrend (LH+LL),Bearish,13.69,Strong Bear,Bearish confirmed,"Range with bearish lean - ADX no trend, direction not confirmed",49.84,"Underperforming, weakening",Leads NIFTY500 only,38.0571,Neutral,-15.4313,-9.513,bearish accelerating,Oversold,-2.894,-0.2482,thin,49.13,Negative accelerating,37.86,Bearish,Bearish confirmed,None,Bearish - all 4 components agree incl. MACD acceleration,Below Lower,No Trend,Bearish,No,Yes,Near Lower,19.12,Very Low,Stable,8.66,No,"Very Low volatility, stable",Low vol - tight stops,Dry-up,Rising,Weak Down,-0.2808,Distribution,23.6792,Neutral,4 - Declining,mid,84.0,15.0,,,WAIT,38.0,1.0,Weak ADX,"4 - Declining, trend 14 but ADX shows no trend, this is a range - wait for alignment","4 - Declining, trend 18 but ADX shows no trend, this is a range - wait for alignment","4 - Declining, trend 16 but ADX shows no trend, this is a range - wait for alignment"
2025-09-02,1520.699951171875,1534.9000244140625,1491.5,1496.800048828125,216738,1579.1971,,,8.91,Strong Bear,Downtrend,Hold,Downtrend (LH+LL),Bearish,13.12,Strong Bear,Bearish confirmed,"Range with bearish lean - ADX no trend, direction not confirmed",45.52,"Underperforming, weakening",Lags both,35.6761,Neutral,-19.0264,-11.4157,bearish accelerating,Oversold,-5.3617,-0.5825,thin,46.71,Negative accelerating,35.29,Bearish,Bearish confirmed,None,Bearish - all 4 components agree incl. MACD acceleration,Below Lower,No Trend,Bullish,No,Yes,Breakout Down,19.07,Very Low,Stable,8.13,No,"Very Low volatility, stable",Low vol - tight stops,Normal,Rising,Weak Down,-0.3256,Distribution,23.2557,Neutral,4 - Declining,mid,84.0,16.0,,,WAIT,38.0,1.0,Weak ADX,"4 - Declining, trend 13 but ADX shows no trend, this is a range - wait for alignment","4 - Declining, trend 20 but ADX shows no trend, this is a range - wait for alignment","4 - Declining, trend 16 but ADX shows no trend, this is a range - wait for alignment"
2025-09-03,1496.0,1582.0,1492.199951171875,1571.699951171875,344903,1578.9031,,,16.09,Strong Bear,Downtrend,Hold,Downtrend (LH+LL),Bearish,16.51,Strong Bear,Bearish confirmed,"Range with bearish lean - ADX no trend, direction not confirmed",42.67,"Underperforming, weakening",Lags both,50.7414,Neutral,-15.6514,-12.2628,bearish fading,Neutral,-0.8891,0.0289,thin,44.9,Negative accelerating,43.06,Neutral,Bearish majority,None,"Neutral - majority agree, 1 dissenting",Upper Half,No Trend,Bullish,No,Yes,Inside,21.61,Low,Stable,11.69,No,"Low volatility, stable",Low vol - tight stops,Normal,Rising,Weak Up,-0.2634,Distribution,28.6876,Neutral,4 - Declining,mid,84.0,17.0,,,WAIT,38.0,1.0,Weak ADX,"4 - Declining, trend 17 but ADX shows no trend, this is a range - wait for alignment","4 - Declining, trend 17 but ADX shows no trend, this is a range - wait for alignment","4 - Declining, trend 17 but ADX shows no trend, this is a range - wait for alignment"
2025-09-04,1590.9000244140625,1598.9000244140625,1558.5,1570.0999755859375,190764,1578.5579,,,15.83,Strong Bear,Downtrend,Hold,Downtrend (LH+LL),Bearish,16.22,Strong Bear,Bearish confirmed,"Range with bearish lean - ADX no trend, direction not confirmed",46.33,"Underperforming, weakening",Lags both,50.4695,Neutral,-12.9564,-12.4015,bearish fading,Neutral,-0.7146,0.0527,thin,46.93,Negative fading,46.66,Neutral,Bearish majority,Bearish divergence,Neutral - bearish divergence vs price over 21 bars,Upper Half,No Trend,Bullish,No,Yes,Inside,19.73,Very Low,Stable,9.94,No,"Very Low volatility, stable",Low vol - tight stops,Normal,Rising,Weak Down,-0.2471,Distribution,31.7736,Neutral,4 - Declining,mid,84.0,18.0,,,WAIT,38.0,1.0,Weak ADX,"4 - Declining, trend 16 but ADX shows no trend, this is a range - wait for alignment","4 - Declining, trend 16 but ADX shows no trend, this is a range - wait for alignment","4 - Declining, trend 18 but ADX shows no trend, this is a range - wait for alignment"
2025-09-05,1570.0,1590.0,1553.4000244140625,1577.800048828125,101667,1578.5282,,,21.53,Bear,Downtrend,Hold,Downtrend (LH+LL),Bearish,19.18,Strong Bear,Bearish confirmed,"Range with bearish lean - ADX no trend, direction not confirmed",47.67,"Underperforming, improving",Lags both,51.808,Neutral,-10.083,-11.9378,Bullish crossover,Neutral,-0.5546,0.0744,thin,46.04,Negative accelerating,50.15,Neutral,Bullish majority,None,"Neutral - majority agree, 1 dissenting",Upper Half,No Trend,Bullish,Yes,Yes,Inside,17.82,Very Low,Stable,8.71,No,"Very Low volatility, stable",Low vol - tight stops,Dry-up,Rising,Weak Up,-0.2926,Distribution,29.9647,Neutral,4 - Declining,mid,84.0,19.0,,,WAIT,38.0,1.0,Weak ADX,"4 - Declining, trend 19 but ADX shows no trend, this is a range - wait for alignment","4 - Declining, trend 14 but ADX shows no trend, this is a range - wait for alignment","4 - Declining, trend 19 but ADX shows no trend, this is a range - wait for alignment"
2025-09-08,1580.0,1609.800048828125,1567.199951171875,1576.199951171875,150809,1578.4369,,,27.22,Bear,Downtrend,Hold,Downtrend (LH+LL),Bearish,20.97,Strong Bear,Bearish confirmed,"Range with bearish lean - ADX no trend, direction not confirmed",41.56,"Underperforming, weakening",Lags both,51.4966,Neutral,-7.8445,-11.1192,bearish accelerating,Neutral,1.3894,0.3415,thin,40.62,Negative accelerating,49.23,Neutral,Bullish majority,None,"Neutral - majority agree, 1 dissenting",Upper Half,No Trend,Bullish,Yes,Yes,Inside,16.29,Very Low,Stable,5.13,No,"Very Low volatility, stable",Low vol - tight stops,Dry-up,Rising,Weak Down,-0.3627,Distribution,25.8576,Neutral,4 - Declining,mid,84.0,20.0,,,WAIT,38.0,1.0,Weak ADX,"4 - Declining, trend 21 but ADX shows no trend, this is a range - wait for alignment","4 - Declining, trend 14 but ADX shows no trend, this is a range - wait for alignment","4 - Declining, trend 18 but ADX shows no trend, this is a range - wait for alignment"
2025-09-09,1577.699951171875,1586.199951171875,1561.0999755859375,1576.800048828125,159562,1578.3727,,,29.08,Bear,Downtrend,Hold,Downtrend (LH+LL),Bearish,22.08,Strong Bear,Bearish majority,"Range with bearish lean - ADX no trend, direction not confirmed",41.13,"Underperforming, weakening",Lags both,51.614,Neutral,-5.9534,-10.086,bearish accelerating,Neutral,-1.4562,-0.0519,thin,41.02,Negative fading,49.97,Neutral,Bullish majority,None,"Neutral - majority agree, 1 dissenting",Upper Half,No Trend,Bullish,Yes,No,Inside,14.59,Very Low,Stable,2.72,No,"Very Low volatility, stable",Low vol - tight stops,Normal,Rising,Weak Up,-0.3431,Distribution,25.9609,Neutral,4 - Declining,mid,84.0,21.0,,,WAIT,38.0,1.0,Weak ADX,"4 - Declining, trend 22 but ADX shows no trend, this is a range - wait for alignment","4 - Declining, trend 13 but ADX shows no trend, this is a range - wait for alignment","4 - Declining, trend 20 but ADX shows no trend, this is a range - wait for alignment"
2025-09-10,1575.0,1576.0,1500.0999755859375,1536.199951171875,153981,1576.7189,,,23.63,Bear,Downtrend,Hold,Downtrend (LH+LL),Bearish,18.27,Strong Bear,Bearish confirmed,"Range with bearish lean - ADX no trend, direction not confirmed",24.75,"Underperforming, weakening",Lags both,43.872,Neutral,-7.6428,-9.5974,bearish fading,Neutral,-1.4435,-0.05,thin,28.46,Negative accelerating,41.7,Bearish,Bearish majority,None,Bearish - price momentum agrees but MACD shows deceleration,Lower Half,No Trend,Bearish,Yes,No,Inside,18.14,Very Low,Stable,-0.08,Partial,"Very Low volatility, stable",Low vol - tight stops,Dry-up,Rising,Weak Down,-0.3424,Distribution,25.9103,Neutral,4 - Declining,mid,84.0,22.0,,,WAIT,38.0,1.0,Weak ADX,"4 - Declining, trend 18 but ADX shows no trend, this is a range - wait for alignment","4 - Declining, trend 17 but ADX shows no trend, this is a range - wait for alignment","4 - Declining, trend 17 but ADX shows no trend, this is a range - wait for alignment"
2025-09-11,1536.199951171875,1555.5999755859375,1517.300048828125,1535.0999755859375,139522,1575.0867,,,19.85,Strong Bear,Downtrend,Hold,Downtrend (LH+LL),Bearish,16.95,Strong Bear,Bearish confirmed,"Range with bearish lean - ADX no trend, direction not confirmed",21.13,"Underperforming, weakening",Lags both,43.6808,Neutral,-8.9669,-9.4713,bearish fading,Neutral,-0.9741,0.0152,thin,27.85,Negative accelerating,39.64,Bearish,Bearish confirmed,None,Bearish - all 4 components agree incl. MACD acceleration,Lower Half,No Trend,Bearish,Yes,No,Inside,17.31,Very Low,Stable,0.71,No,"Very Low volatility, stable",Low vol - tight stops,Dry-up,Rising,Weak Down,-0.3248,Distribution,22.0689,Neutral,4 - Declining,mid,84.0,23.0,,,WAIT,38.0,1.0,Weak ADX,"4 - Declining, trend 17 but ADX shows no trend, this is a range - wait for alignment","4 - Declining, trend 16 but ADX shows no trend, this is a range - wait for alignment","4 - Declining, trend 16 but ADX shows no trend, this is a range - wait for alignment"
2025-09-12,1544.9000244140625,1557.0999755859375,1525.0,1540.699951171875,150209,1573.7382,,,18.68,Strong Bear,Downtrend,Hold,Downtrend (LH+LL),Bearish,16.54,Strong Bear,Bearish confirmed,"Range with bearish lean - ADX no trend, direction not confirmed",16.67,"Underperforming, weakening",Lags both,44.9949,Neutral,-9.4555,-9.4681,bearish fading,Neutral,1.7501,0.3941,thin,26.53,Negative accelerating,38.43,Bearish,Bearish confirmed,None,Bearish - all 4 components agree incl. MACD acceleration,Lower Half,No Trend,Bearish,No,No,Inside,15.72,Very Low,Stable,-2.64,No,"Very Low volatility, stable",Low vol - tight stops,Dry-up,Rising,Weak Up,-0.3287,Distribution,25.2027,Neutral,4 - Declining,mid,84.0,24.0,,,WAIT,38.0,1.0,Weak ADX,"4 - Declining, trend 17 but ADX shows no trend, this is a range - wait for alignment","4 - Declining, trend 19 but ADX shows no trend, this is a range - wait for alignment","4 - Declining, trend 14 but ADX shows no trend, this is a range - wait for alignment"
2025-09-15,1550.0,1578.699951171875,1539.9000244140625,1572.800048828125,125800,1573.7014,,,24.13,Bear,Downtrend,Hold,Downtrend (LH+LL),Bearish,19.46,Strong Bear,Bearish confirmed,"Range with bearish lean - ADX no trend, direction not confirmed",26.05,"Underperforming, weakening",Lags both,51.9201,Neutral,-7.1698,-9.0085,bearish accelerating,Neutral,3.9318,0.6963,thin,31.83,Negative fading,43.98,Neutral,Mixed,None,"Neutral - components mixed, low conviction",Upper Half,No Trend,Bullish,No,No,Inside,14.62,Very Low,Stable,-4.51,No,"Very Low volatility, stable",Low vol - tight stops,Dry-up,Rising,Weak Up,-0.3058,Distribution,20.1094,Neutral,4 - Declining,mid,84.0,25.0,,,WAIT,38.0,1.0,Weak ADX,"4 - Declining, trend 19 but ADX shows no trend, this is a range - wait for alignment","4 - Declining, trend 21 but ADX shows no trend, this is a range - wait for alignment","4 - Declining, trend 14 but ADX shows no trend, this is a range - wait for alignment"
2025-09-16,1572.0,1575.0,1552.699951171875,1557.699951171875,108802,1573.0739,,,23.52,Bear,Downtrend,Hold,Downtrend (LH+LL),Bearish,18.23,Strong Bear,Bearish confirmed,"Range with bearish lean - ADX no trend, direction not confirmed",5.97,"Underperforming, weakening",Lags both,48.8072,Neutral,-6.5019,-8.5071,bearish accelerating,Neutral,4.0687,0.7124,thin,17.88,Negative accelerating,40.0,Bearish,Bearish majority,Bullish divergence,Bearish - bullish divergence vs price over 21 bars,Lower Half,No Trend,Bullish,No,No,Inside,12.57,Very Low,Stable,-6.49,No,"Very Low volatility, stable",Low vol - tight stops,Dry-up,Rising,Weak Down,-0.312,Distribution,39.3068,Neutral,4 - Declining,mid,84.0,26.0,,,WAIT,38.0,1.0,Weak ADX,"4 - Declining, trend 18 but ADX shows no trend, this is a range - wait for alignment","4 - Declining, trend 22 but ADX shows no trend, this is a range - wait for alignment","4 - Declining, trend 13 but ADX shows no trend, this is a range - wait for alignment"
2025-09-17,1557.0,1567.699951171875,1545.0,1549.9000244140625,172786,1572.1652,,,23.93,Bear,Downtrend,Hold,Downtrend (LH+LL),Bearish,18.38,Strong Bear,Bearish confirmed,"Range with bearish lean - ADX no trend, direction not confirmed",22.25,"Underperforming, weakening",Lags both,47.2318,Neutral,-6.5267,-8.1111,bearish fading,Neutral,-1.387,-0.0529,thin,31.98,Negative fading,44.19,Neutral,Mixed,None,"Neutral - components mixed, low conviction",Lower Half,No Trend,Bullish,No,No,Inside,10.77,Very Low,Stable,-10.84,No,"Very Low volatility, stable",Low vol - tight stops,Normal,Rising,Weak Down,-0.3298,Distribution,41.1082,Neutral,4 - Declining,mid,84.0,27.0,,,WAIT,38.0,1.0,Weak ADX,"4 - Declining, trend 18 but ADX shows no trend, this is a range - wait for alignment","4 - Declining, trend 18 but ADX shows no trend, this is a range - wait for alignment","4 - Declining, trend 17 but ADX shows no trend, this is a range - wait for alignment"
2025-09-18,1551.0999755859375,1567.5,1529.0999755859375,1541.5,224736,1570.9626,,,23.23,Bear,Downtrend,Hold,Downtrend (LH+LL),Bearish,18.13,Strong Bear,Bearish confirmed,"Range with bearish lean - ADX no trend, direction not confirmed",31.56,"Underperforming, weakening",Lags both,45.5276,Neutral,-7.1419,-7.9172,bearish fading,Neutral,-1.8215,-0.1137,thin,40.33,Negative fading,45.27,Neutral,Bearish confirmed,None,Neutral - all 4 components agree incl. MACD acceleration,Lower Half,No Trend,Bearish,No,No,Inside,10.77,Very Low,Stable,-8.96,No,"Very Low volatility, stable",Low vol - tight stops,Normal,Rising,Weak Down,-0.3387,Distribution,41.1536,Neutral,4 - Declining,mid,84.0,28.0,,,WAIT,38.0,1.0,Weak ADX,"4 - Declining, trend 18 but ADX shows no trend, this is a range - wait for alignment","4 - Declining, trend 17 but ADX shows no trend, this is a range - wait for alignment","4 - Declining, trend 16 but ADX shows no trend, this is a range - wait for alignment"
2025-09-19,1541.800048828125,1592.0,1516.800048828125,1555.9000244140625,1476249,1570.3719,,,25.53,Bear,Downtrend,Hold,Downtrend (LH+LL),Bearish,18.94,Strong Bear,Bearish confirmed,"Range with bearish lean - ADX no trend, direction not confirmed",38.61,"Underperforming, weakening",Lags both,48.9296,Neutral,-6.3937,-7.6125,bearish accelerating,Neutral,-1.388,-0.0524,thin,42.6,Negative fading,47.13,Neutral,Bearish confirmed,None,Neutral - all 4 components agree incl. MACD acceleration,Upper Half,No Trend,Bullish,No,No,Inside,12.81,Very Low,Stable,-5.01,No,"Very Low volatility, stable",Low vol - tight stops,High,Rising,Confirmed Up,-0.2507,Distribution,65.7848,Neutral,4 - Declining,mid,84.0,29.0,,,WAIT,38.0,1.0,Weak ADX,"4 - Declining, trend 19 but ADX shows no trend, this is a range - wait for alignment","4 - Declining, trend 17 but ADX shows no trend, this is a range - wait for alignment","4 - Declining, trend 19 but ADX shows no trend, this is a range - wait for alignment"
2025-09-22,1528.0999755859375,1528.0999755859375,1492.199951171875,1498.4000244140625,318731,1567.5495,,,11.78,Strong Bear,Downtrend,Hold,Downtrend (LH+LL),Bearish,14.12,Strong Bear,Bearish confirmed,"Range with bearish lean - ADX no trend, direction not confirmed",31.03,"Underperforming, weakening",Lags both,38.5708,Neutral,-10.3216,-8.1544,Bearish crossover,Neutral,-4.9359,-0.5524,thin,36.67,Negative accelerating,38.82,Bearish,Bearish confirmed,None,Bearish - all 4 components agree incl. MACD acceleration,At Lower,No Trend,Bearish,No,No,Near Lower,18.08,Very Low,Stable,1.79,No,"Very Low volatility, stable",Low vol - tight stops,Normal,Rising,Weak Down,-0.2529,Distribution,64.0829,Neutral,4 - Declining,mid,84.0,30.0,,,WAIT,38.0,1.0,Weak ADX,"4 - Declining, trend 14 but ADX shows no trend, this is a range - wait for alignment","4 - Declining, trend 19 but ADX shows no trend, this is a range - wait for alignment","4 - Declining, trend 21 but ADX shows no trend, this is a range - wait for alignment"
2025-09-23,1498.300048828125,1526.0,1485.0,1515.5,176675,1565.5083,,,11.52,Strong Bear,Downtrend,Hold,Downtrend (LH+LL),Bearish,14.03,Strong Bear,Bearish confirmed,"Range with bearish lean - ADX no trend, direction not confirmed",35.4,"Underperforming, weakening",Lags both,42.4714,Neutral,-11.9173,-8.9069,bearish accelerating,Neutral,-3.8876,-0.4025,thin,39.32,Negative fading,39.67,Bearish,Bearish confirmed,None,Bearish - all 4 components agree incl. MACD acceleration,Lower Half,No Trend,Bearish,No,Yes,Inside,15.77,Very Low,Stable,1.17,No,"Very Low volatility, stable",Low vol - tight stops,Dry-up,Rising,Weak Up,-0.2825,Distribution,62.3844,Neutral,4 - Declining,mid,84.0,31.0,,,WAIT,38.0,1.0,Weak ADX,"4 - Declining, trend 14 but ADX shows no trend, this is a range - wait for alignment","4 - Declining, trend 18 but ADX shows no trend, this is a range - wait for alignment","4 - Declining, trend 22 but ADX shows no trend, this is a range - wait for alignment"
2025-09-24,1512.0,1523.5,1496.5,1508.0999755859375,105620,1563.257,,,10.53,Strong Bear,Downtrend,Hold,Downtrend (LH+LL),Bearish,13.69,Strong Bear,Bearish confirmed,"Range with bearish lean - ADX no trend, direction not confirmed",37.94,"Underperforming, weakening",Lags both,41.2507,Neutral,-13.622,-9.8499,bearish accelerating,Oversold,-1.8292,-0.1096,thin,38.87,Negative accelerating,37.37,Bearish,Bearish confirmed,None,Bearish - all 4 components agree incl. MACD acceleration,Lower Half,No Trend,Bearish,No,No,Inside,16.01,Very Low,Stable,-2.13,No,"Very Low volatility, stable",Low vol - tight stops,Dry-up,Falling,Weak Down,-0.1109,Distribution,61.4217,Neutral,4 - Declining,mid,84.0,32.0,,,WAIT,38.0,1.0,Weak ADX,"4 - Declining, trend 14 but ADX shows no trend, this is a range - wait for alignment","4 - Declining, trend 18 but ADX shows no trend, this is a range - wait for alignment","4 - Declining, trend 18 but ADX shows no trend, this is a range - wait for alignment"
2025-09-25,1504.5999755859375,1514.0,1487.699951171875,1500.800048828125,102684,1560.8077,,,9.99,Strong Bear,Downtrend,Hold,Downtrend (LH+LL),Bearish,13.5,Strong Bear,Bearish confirmed,"Range with bearish lean - ADX no trend, direction not confirmed",42.43,"Underperforming, weakening",Lags both,40.0285,Neutral,-15.3846,-10.9569,bearish accelerating,Oversold,-2.2344,-0.1669,thin,38.79,Negative accelerating,36.97,Bearish,Bearish confirmed,None,Bearish - all 4 components agree incl. MACD acceleration,Lower Half,No Trend,Bearish,No,No,Inside,13.2,Very Low,Stable,-4.11,No,"Very Low volatility, stable",Low vol - tight stops,Dry-up,Falling,Weak Down,-0.0833,Distribution,61.4873,Neutral,4 - Declining,mid,84.0,33.0,,,WAIT,38.0,1.0,Weak ADX,"4 - Declining, trend 14 but ADX shows no trend, this is a range - wait for alignment","4 - Declining, trend 18 but ADX shows no trend, this is a range - wait for alignment","4 - Declining, trend 17 but ADX shows no trend, this is a range - wait for alignment"
2025-09-26,1500.0,1500.0,1455.0,1487.199951171875,156666,1557.9211,,,8.98,Strong Bear,Downtrend,Hold,Downtrend (LH+LL),Bearish,13.14,Strong Bear,Bearish confirmed,"Range with bearish lean - ADX no trend, direction not confirmed",39.28,"Underperforming, weakening",Lags both,37.7824,Neutral,-17.6752,-12.3006,bearish accelerating,Oversold,-3.4724,-0.3427,thin,33.75,Negative accelerating,34.32,Bearish,Bearish confirmed,None,Bearish - all 4 components agree incl. MACD acceleration,Lower Half,No Trend,Bearish,No,No,Near Lower,14.26,Very Low,Stable,-1.46,No,"Very Low volatility, stable",Low vol - tight stops,Normal,Falling,Weak Down,-0.0336,Neutral,57.2238,Neutral,4 - Declining,mid,84.0,34.0,,,WAIT,38.0,1.0,Weak ADX,"4 - Declining, trend 13 but ADX shows no trend, this is a range - wait for alignment","4 - Declining, trend 19 but ADX shows no trend, this is a range - wait for alignment","4 - Declining, trend 17 but ADX shows no trend, this is a range - wait for alignment"
2025-09-29,1470.0,1513.800048828125,1430.0,1503.699951171875,345410,1555.7948,,,11.02,Strong Bear,Downtrend,Hold,Downtrend (LH+LL),Bearish,13.86,Strong Bear,Bearish confirmed,"Range with bearish lean - ADX no trend, direction not confirmed",42.12,"Underperforming, weakening",Lags both,42.0322,Neutral,-17.9522,-13.4309,bearish fading,Neutral,-4.3934,-0.4731,thin,36.78,Negative fading,37.99,Bearish,Bearish confirmed,None,Bearish - all 4 components agree incl. MACD acceleration,Lower Half,No Trend,Bearish,Yes,Yes,Inside,21.68,Low,Stable,7.07,No,"Low volatility, stable",Low vol - tight stops,Normal,Falling,Confirmed Up,0.0178,Neutral,63.5177,Neutral,4 - Declining,mid,84.0,35.0,,,WAIT,38.0,1.0,Weak ADX,"4 - Declining, trend 14 but ADX shows no trend, this is a range - wait for alignment","4 - Declining, trend 14 but ADX shows no trend, this is a range - wait for alignment","4 - Declining, trend 19 but ADX shows no trend, this is a range - wait for alignment"
2025-09-30,1497.5999755859375,1497.5999755859375,1434.9000244140625,1453.5,601698,1551.7833,,,6.56,Strong Bear,Downtrend,Hold,Downtrend (LH+LL),Bearish,12.3,Strong Bear,Bearish confirmed,"Range with bearish lean - ADX no trend, direction not confirmed",32.2,"Underperforming, weakening",Lags both,34.3457,Neutral,-21.9691,-15.1385,bearish accelerating,Neutral,-6.6893,-0.7991,thin,28.47,Negative accelerating,32.21,Bearish,Bearish confirmed,None,Bearish - all 4 components agree incl. MACD acceleration,Below Lower,No Trend,Bearish,Yes,Yes,Inside,26.98,Low,Stable,14.41,No,"Low volatility, stable",Low vol - tight stops,High,Falling,Confirmed Down,0.0013,Neutral,57.1444,Neutral,4 - Declining,mid,84.0,36.0,,,WAIT,38.0,1.0,Weak ADX,"4 - Declining, trend 12 but ADX shows no trend, this is a range - wait for alignment","4 - Declining, trend 14 but ADX shows no trend, this is a range - wait for alignment","4 - Declining, trend 18 but ADX shows no trend, this is a range - wait for alignment"
2025-10-01,1460.0,1519.800048828125,1454.9000244140625,1489.5999755859375,166325,1549.3447,,,10.66,Strong Bear,Downtrend,Hold,Downtrend (LH+LL),Bearish,13.73,Strong Bear,Bearish confirmed,"Range with bearish lean - ADX no trend, direction not confirmed",34.25,"Underperforming, weakening",Lags both,42.4904,Neutral,-21.9862,-16.5081,bearish fading,Neutral,-3.8906,-0.3957,thin,32.55,Negative fading,37.05,Bearish,Bearish confirmed,Bullish divergence,Bearish - bullish divergence vs price over 21 bars,Lower Half,No Trend,Bearish,Yes,Yes,Inside,28.47,Low,Stable,17.7,No,"Low volatility, stable",Normal vol,Normal,Falling,Weak Up,-0.0483,Neutral,60.6925,Neutral,4 - Declining,mid,84.0,37.0,,,WAIT,38.0,1.0,Weak ADX,"4 - Declining, trend 14 but ADX shows no trend, this is a range - wait for alignment","4 - Declining, trend 14 but ADX shows no trend, this is a range - wait for alignment","4 - Declining, trend 18 but ADX shows no trend, this is a range - wait for alignment"
2025-10-03,1489.5999755859375,1519.800048828125,1476.199951171875,1511.199951171875,213459,1547.8488,,,12.7,Strong Bear,Downtrend,Hold,Downtrend (LH+LL),Bearish,14.58,Strong Bear,Bearish confirmed,"Range with bearish lean - ADX no trend, direction not confirmed",35.41,"Underperforming, weakening",Lags both,46.7472,Neutral,-20.0259,-17.2116,bearish fading,Neutral,-1.9656,-0.1182,thin,34.3,Negative fading,40.33,Bearish,Bearish confirmed,None,Bearish - all 4 components agree incl. MACD acceleration,Lower Half,No Trend,Bearish,Yes,Yes,Inside,26.22,Low,Stable,15.46,No,"Low volatility, stable",Low vol - tight stops,Normal,Falling,Weak Up,-0.0072,Neutral,61.2297,Neutral,4 - Declining,mid,84.0,38.0,,,WAIT,38.0,1.0,Weak ADX,"4 - Declining, trend 15 but ADX shows no trend, this is a range - wait for alignment","4 - Declining, trend 14 but ADX shows no trend, this is a range - wait for alignment","4 - Declining, trend 18 but ADX shows no trend, this is a range - wait for alignment"
2025-10-06,1511.0,1556.9000244140625,1511.0,1548.199951171875,172224,1547.8626,,,19.93,Strong Bear,Downtrend,Hold,Downtrend (LH+LL),Bearish,21.91,Strong Bear,Bearish confirmed,"Range with bearish lean - ADX no trend, direction not confirmed",46.11,"Underperforming, weakening",Lags both,53.1451,Neutral,-15.3103,-16.8314,Bullish crossover,Neutral,-0.4949,0.0939,thin,43.88,Negative fading,49.65,Neutral,Bullish majority,Bullish divergence,Neutral - bullish divergence vs price over 21 bars,Upper Half,No Trend,Bullish,Yes,Yes,Inside,24.49,Low,Stable,11.68,No,"Low volatility, stable",Low vol - tight stops,Normal,Falling,Weak Up,0.0069,Neutral,61.6308,Neutral,4 - Declining,mid,84.0,39.0,,,WAIT,38.0,1.0,Weak ADX,"4 - Declining, trend 22 but ADX shows no trend, this is a range - wait for alignment","4 - Declining, trend 13 but ADX shows no trend, this is a range - wait for alignment","4 - Declining, trend 19 but ADX shows no trend, this is a range - wait for alignment"
2025-10-07,1554.5999755859375,1554.5999755859375,1525.0,1537.800048828125,192363,1547.468,,,21.95,Bear,Downtrend,Hold,Downtrend (LH+LL),Bearish,21.27,Strong Bear,Bearish confirmed,"Range with bearish lean - ADX no trend, direction not confirmed",48.78,"Underperforming, weakening",Lags both,51.2802,Neutral,-12.2709,-15.9193,bearish accelerating,Neutral,2.6295,0.5443,thin,46.25,Negative fading,52.06,Neutral,Bullish majority,Bullish divergence,Neutral - bullish divergence vs price over 21 bars,Upper Half,No Trend,Bullish,Yes,No,Inside,22.15,Low,Stable,4.07,No,"Low volatility, stable",Low vol - tight stops,Normal,Falling,Weak Down,0.0184,Neutral,64.8775,Neutral,4 - Declining,mid,84.0,40.0,,,WAIT,38.0,1.0,Weak ADX,"4 - Declining, trend 21 but ADX shows no trend, this is a range - wait for alignment","4 - Declining, trend 14 but ADX shows no trend, this is a range - wait for alignment","4 - Declining, trend 14 but ADX shows no trend, this is a range - wait for alignment"
2025-10-08,1532.0,1545.5999755859375,1517.0,1522.0,82110,1546.4692,,,25.76,Bear,Downtrend,Hold,Downtrend (LH+LL),Bearish,20.56,Strong Bear,Bearish confirmed,"Range with bearish lean - ADX no trend, direction not confirmed",41.77,"Underperforming, weakening",Lags both,48.4959,Neutral,-11.0102,-14.9375,bearish accelerating,Neutral,0.4289,0.2245,thin,39.68,Negative accelerating,49.66,Neutral,Mixed,Bullish divergence,Neutral - bullish divergence vs price over 21 bars,Lower Half,No Trend,Bearish,No,No,Inside,19.06,Very Low,Stable,3.3,No,"Very Low volatility, stable",Low vol - tight stops,Dry-up,Falling,Weak Down,0.0007,Neutral,66.2878,Neutral,4 - Declining,mid,84.0,41.0,,,WAIT,38.0,1.0,Weak ADX,"4 - Declining, trend 21 but ADX shows no trend, this is a range - wait for alignment","4 - Declining, trend 12 but ADX shows no trend, this is a range - wait for alignment","4 - Declining, trend 14 but ADX shows no trend, this is a range - wait for alignment"
2025-10-09,1522.0,1538.0,1512.5,1527.5999755859375,82770,1545.7293,1630.213,Yes,24.9,Bear,Downtrend,Hold,Downtrend (LH+LL),Bearish,20.98,Strong Bear,Bearish confirmed,"Range with bearish lean - ADX no trend, direction not confirmed",40.05,"Underperforming, weakening",Lags both,49.5416,Neutral,-9.4502,-13.84,bearish accelerating,Neutral,1.293,0.3492,thin,39.73,Negative fading,49.71,Neutral,Mixed,None,"Neutral - components mixed, low conviction",Upper Half,No Trend,Bearish,No,No,Inside,16.2,Very Low,Stable,0.19,No,"Very Low volatility, stable",Low vol - tight stops,Dry-up,Falling,Weak Up,0.0052,Neutral,68.5925,Neutral,4 - Declining,mid,84.0,42.0,,,WAIT,38.0,1.0,Weak ADX,"4 - Declining, trend 21 but ADX shows no trend, this is a range - wait for alignment","4 - Declining, trend 14 but ADX shows no trend, this is a range - wait for alignment","4 - Declining, trend 14 but ADX shows no trend, this is a range - wait for alignment"
2025-10-10,1528.0,1540.699951171875,1517.5,1531.5999755859375,54588,1545.1752,1629.2317,Yes,26.42,Bear,Downtrend,Hold,Downtrend (LH+LL),Bearish,22.03,Strong Bear,Bearish confirmed,"Range with bearish lean - ADX no trend, direction not confirmed",42.97,"Underperforming, weakening",Lags both,50.3176,Neutral,-7.8012,-12.6323,bearish accelerating,Neutral,2.0522,0.4584,thin,43.82,Negative fading,51.93,Neutral,Bullish majority,Bullish divergence,Neutral - bullish divergence vs price over 21 bars,Upper Half,No Trend,Bearish,No,No,Inside,14.43,Very Low,Stable,1.23,No,"Very Low volatility, stable",Low vol - tight stops,Dry-up,Falling,Weak Up,0.0095,Neutral,51.8466,Neutral,4 - Declining,mid,84.0,43.0,,,WAIT,38.0,1.0,Weak ADX,"4 - Declining, trend 22 but ADX shows no trend, this is a range - wait for alignment","4 - Declining, trend 15 but ADX shows no trend, this is a range - wait for alignment","4 - Declining, trend 14 but ADX shows no trend, this is a range - wait for alignment"
2025-10-13,1524.9000244140625,1540.199951171875,1515.0999755859375,1532.5,83013,1544.6781,1628.2692,Yes,27.38,Bear,Downtrend,Hold,Downtrend (LH+LL),Bearish,22.49,Strong Bear,Bearish confirmed,"Range with bearish lean - ADX no trend, direction not confirmed",40.92,"Underperforming, weakening",Lags both,50.502,Neutral,-6.3486,-11.3755,bearish accelerating,Neutral,3.046,0.6014,thin,43.35,Negative accelerating,52.89,Neutral,Bullish majority,Bullish divergence,Neutral - bullish divergence vs price over 21 bars,Upper Half,No Trend,Bearish,No,No,Inside,13.97,Very Low,Stable,-0.28,No,"Very Low volatility, stable",Low vol - tight stops,Dry-up,Falling,Weak Up,0.0168,Neutral,56.6706,Neutral,4 - Declining,mid,84.0,44.0,,,WAIT,38.0,1.0,Weak ADX,"4 - Declining, trend 22 but ADX shows no trend, this is a range - wait for alignment","4 - Declining, trend 22 but ADX shows no trend, this is a range - wait for alignment","4 - Declining, trend 13 but ADX shows no trend, this is a range - wait for alignment"
2025-10-14,1547.4000244140625,1547.4000244140625,1496.300048828125,1504.9000244140625,62547,1543.1182,1627.0417,Yes,21.23,Bear,Downtrend,Hold,Downtrend (LH+LL),Bearish,17.43,Strong Bear,Bearish confirmed,"Range with bearish lean - ADX no trend, direction not confirmed",35.74,"Underperforming, weakening",Lags both,44.9866,Neutral,-7.3399,-10.5684,bearish fading,Neutral,0.0798,0.167,thin,39.09,Negative accelerating,48.99,Neutral,Mixed,Bullish divergence,Neutral - bullish divergence vs price over 21 bars,Lower Half,No Trend,Bearish,No,No,Inside,12.76,Very Low,Stable,-8.93,No,"Very Low volatility, stable",Low vol - tight stops,Dry-up,Falling,Weak Down,-0.0093,Neutral,51.9999,Neutral,4 - Declining,mid,84.0,45.0,,,WAIT,38.0,1.0,Weak ADX,"4 - Declining, trend 17 but ADX shows no trend, this is a range - wait for alignment","4 - Declining, trend 21 but ADX shows no trend, this is a range - wait for alignment","4 - Declining, trend 14 but ADX shows no trend, this is a range - wait for alignment"
2025-10-15,1502.199951171875,1526.0,1494.5999755859375,1520.5999755859375,88906,1542.2351,1625.9826,Yes,24.56,Bear,Downtrend,Hold,Downtrend (LH+LL),Bearish,19.95,Strong Bear,Bearish confirmed,"Range with bearish lean - ADX no trend, direction not confirmed",35.19,"Underperforming, weakening",Lags both,48.4363,Neutral,-6.7804,-9.8108,bearish fading,Neutral,4.6164,0.8287,thin,39.16,Negative fading,49.6,Neutral,Mixed,Bullish divergence,Neutral - bullish divergence vs price over 21 bars,Upper Half,No Trend,Bearish,No,No,Inside,11.78,Very Low,Stable,-15.2,No,"Very Low volatility, stable",Low vol - tight stops,Dry-up,Falling,Weak Up,0.0149,Neutral,47.929,Neutral,4 - Declining,late,84.0,46.0,,,WAIT,38.0,1.0,Weak ADX,"4 - Declining, trend 20 but ADX shows no trend, this is a range - wait for alignment","4 - Declining, trend 21 but ADX shows no trend, this is a range - wait for alignment","4 - Declining, trend 12 but ADX shows no trend, this is a range - wait for alignment"
2025-10-16,1525.0,1535.0,1510.0,1525.0999755859375,92472,1541.5632,1624.9787,Yes,25.67,Bear,Downtrend,Hold,Downtrend (LH+LL),Bearish,20.93,Strong Bear,Bearish confirmed,"Range with bearish lean - ADX no trend, direction not confirmed",32.18,"Underperforming, weakening",Lags both,49.4155,Neutral,-5.9059,-9.0298,bearish accelerating,Neutral,2.3832,0.4994,thin,38.7,Negative accelerating,49.56,Neutral,Mixed,Bullish divergence,Neutral - bullish divergence vs price over 21 bars,Upper Half,No Trend,Bearish,No,No,Inside,11.18,Very Low,Stable,-17.29,No,"Very Low volatility, stable",Low vol - tight stops,Dry-up,Falling,Weak Up,0.0396,Neutral,52.0349,Neutral,4 - Declining,late,84.0,47.0,,,WAIT,38.0,1.0,Weak ADX,"4 - Declining, trend 21 but ADX shows no trend, this is a range - wait for alignment","4 - Declining, trend 21 but ADX shows no trend, this is a range - wait for alignment","4 - Declining, trend 14 but ADX shows no trend, this is a range - wait for alignment"
2025-10-17,1524.0,1534.9000244140625,1499.199951171875,1507.9000244140625,45861,1540.243,1623.8138,Yes,21.78,Bear,Downtrend,Hold,Downtrend (LH+LL),Bearish,17.62,Strong Bear,Bearish confirmed,"Range with bearish lean - ADX no trend, direction not confirmed",28.16,"Underperforming, weakening",Lags both,45.8331,Neutral,-6.5255,-8.529,bearish fading,Neutral,-0.2184,0.1165,thin,37.29,Negative accelerating,47.58,Neutral,Mixed,Bullish divergence,Neutral - bullish divergence vs price over 21 bars,Lower Half,No Trend,Bearish,Yes,No,Inside,11.33,Very Low,Stable,-14.89,No,"Very Low volatility, stable",Low vol - tight stops,Dry-up,Falling,Weak Down,0.0533,Accumulation,54.5058,Neutral,4 - Declining,late,84.0,48.0,,,WAIT,38.0,1.0,Weak ADX,"4 - Declining, trend 18 but ADX shows no trend, this is a range - wait for alignment","4 - Declining, trend 22 but ADX shows no trend, this is a range - wait for alignment","4 - Declining, trend 15 but ADX shows no trend, this is a range - wait for alignment"
2025-10-20,1510.9000244140625,1549.0,1509.0,1545.0999755859375,183818,1540.4335,1623.0306,Yes,26.71,Bear,Downtrend,Hold,Downtrend (LH+LL),Bearish,23.88,Strong Bear,Bearish confirmed,"Range with bearish lean - ADX no trend, direction not confirmed",34.44,"Underperforming, weakening",Lags both,53.658,Neutral,-3.969,-7.617,bearish accelerating,Neutral,-0.2002,0.1188,thin,44.56,Negative fading,53.72,Neutral,Bullish majority,None,"Neutral - majority agree, 1 dissenting",Upper Half,No Trend,Bearish,Yes,No,Inside,11.28,Very Low,Stable,-13.21,No,"Very Low volatility, stable",Low vol - tight stops,Normal,Falling,Confirmed Up,0.1007,Accumulation,51.2284,Neutral,4 - Declining,late,84.0,49.0,,,WAIT,38.0,1.0,Weak ADX,"4 - Declining, trend 24 but ADX shows no trend, this is a range - wait for alignment","4 - Declining, trend 22 but ADX shows no trend, this is a range - wait for alignment","4 - Declining, trend 22 but ADX shows no trend, this is a range - wait for alignment"
2025-10-21,1554.5999755859375,1555.0,1541.0,1549.199951171875,18103,1540.7773,1622.2959,Yes,37.73,Bear,Downtrend,Hold,Downtrend (LH+LL),Bearish,28.27,Bear,Bearish confirmed,"Range with bearish lean - ADX no trend, direction not confirmed",35.68,"Underperforming, weakening",Lags both,54.4392,Neutral,-1.5938,-6.4123,bearish accelerating,Overbought,0.7413,0.2573,thin,44.75,Negative fading,55.31,Neutral,Bullish majority,Bullish divergence,Neutral - bullish divergence vs price over 21 bars,Upper Half,No Trend,Bearish,No,No,Near Upper,8.98,Very Low,Stable,-13.17,No,"Very Low volatility, stable",Low vol - tight stops,Dry-up,Falling,Weak Up,0.1807,Accumulation,71.0597,Neutral,4 - Declining,late,74.0,50.0,,,WAIT,40.01,1.0,Weak ADX,"4 - Declining, trend 28 but ADX shows no trend, this is a range - wait for alignment","4 - Declining, trend 17 but ADX shows no trend, this is a range - wait for alignment","4 - Declining, trend 21 but ADX shows no trend, this is a range - wait for alignment"
2025-10-23,1546.0,1549.0,1514.0,1526.5999755859375,119167,1540.2213,1621.3437,Yes,35.62,Bear,Downtrend,Hold,Range,Bearish,34.6,Bear,Mixed,"Range with bearish lean - ADX no trend, direction not confirmed",33.36,"Underperforming, weakening",Lags both,49.4871,Neutral,-1.5176,-5.4334,bearish fading,Overbought,0.3022,0.1918,thin,43.31,Negative accelerating,52.96,Neutral,Mixed,None,"Neutral - components mixed, low conviction",Upper Half,No Trend,Bearish,No,No,Inside,9.3,Very Low,Stable,-9.77,No,"Very Low volatility, stable",Low vol - tight stops,Normal,Falling,Weak Down,0.1439,Accumulation,62.2211,Neutral,4 - Declining,late,74.0,51.0,,,WAIT,40.96,1.0,Trend agreement,"4 - Declining, trend 35 but components disagree - wait for alignment","4 - Declining, trend 20 but ADX shows no trend, this is a range - wait for alignment","4 - Declining, trend 21 but ADX shows no trend, this is a range - wait for alignment"
2025-10-24,1519.0,1536.9000244140625,1510.0999755859375,1527.0,56118,1539.7028,1620.405,Yes,35.29,Bear,Downtrend,Hold,Range,Bearish,34.54,Bear,Mixed,"Range with bearish lean - ADX no trend, direction not confirmed",32.21,"Underperforming, weakening",Lags both,49.5746,Neutral,-1.4086,-4.6284,bearish fading,Neutral,-0.0393,0.1407,thin,40.33,Negative accelerating,50.19,Neutral,Mixed,None,"Neutral - components mixed, low conviction",Upper Half,No Trend,Bearish,Yes,No,Inside,9.31,Very Low,Stable,-6.9,No,"Very Low volatility, stable",Low vol - tight stops,Dry-up,Falling,Weak Up,0.1565,Accumulation,53.6765,Neutral,4 - Declining,late,74.0,52.0,,,WAIT,41.3,1.0,Trend agreement,"4 - Declining, trend 35 but components disagree - wait for alignment","4 - Declining, trend 21 but ADX shows no trend, this is a range - wait for alignment","4 - Declining, trend 21 but ADX shows no trend, this is a range - wait for alignment"
2025-10-27,1530.0,1538.9000244140625,1515.0,1524.199951171875,40960,1539.0949,1619.4477,Yes,35.8,Bear,Downtrend,Hold,Range,Bearish,34.36,Bear,Mixed,"Range with bearish lean - ADX no trend, direction not confirmed",28.1,"Underperforming, weakening",Lags both,48.936,Neutral,-1.5306,-4.0089,bearish fading,Neutral,-0.4832,0.0744,thin,39.7,Negative accelerating,47.68,Neutral,Mixed,None,"Neutral - components mixed, low conviction",Upper Half,No Trend,Bearish,Yes,No,Inside,8.84,Very Low,Stable,-5.59,No,"Very Low volatility, stable",Low vol - tight stops,Dry-up,Falling,Weak Down,0.1567,Accumulation,48.5744,Neutral,4 - Declining,late,74.0,53.0,,,WAIT,39.27,1.0,Trend agreement,"4 - Declining, trend 34 but components disagree - wait for alignment","4 - Declining, trend 18 but ADX shows no trend, this is a range - wait for alignment","4 - Declining, trend 22 but ADX shows no trend, this is a range - wait for alignment"
2025-10-28,1525.9000244140625,1570.0,1525.199951171875,1547.800048828125,108307,1539.4363,1618.7348,Yes,38.25,Bear,Downtrend,Hold,Range,Bearish,38.27,Bear,Mixed,"Range with bearish lean - ADX no trend, direction not confirmed",31.08,"Underperforming, weakening",Lags both,54.2811,Neutral,0.2739,-3.1523,bullish accelerating,Neutral,0.9984,0.2948,thin,43.72,Negative fading,51.32,Neutral,Bullish majority,None,"Neutral - majority agree, 1 dissenting",Upper Half,No Trend,Bullish,Yes,No,Near Upper,9.21,Very Low,Stable,-4.77,No,"Very Low volatility, stable",Low vol - tight stops,Normal,Falling,Weak Up,0.1357,Accumulation,44.7116,Neutral,4 - Declining,late,74.0,54.0,,,WAIT,43.32,1.0,Trend agreement,"4 - Declining, trend 38 but components disagree - wait for alignment","4 - Declining, trend 24 but ADX shows no trend, this is a range - wait for alignment","4 - Declining, trend 22 but ADX shows no trend, this is a range - wait for alignment"
2025-10-29,1560.4000244140625,1579.0,1551.5999755859375,1569.4000244140625,123439,1540.6113,1618.2439,Yes,43.45,Neutral,Downtrend,Hold,Range,Bearish,42.89,Neutral,Mixed,"No clear trend - ADX no trend, price ranging",34.42,"Underperforming, weakening",Lags both,58.5568,Neutral,3.4077,-1.8403,bullish accelerating,Neutral,4.286,0.7834,thin,48.66,Negative fading,56.49,Neutral,Bullish majority,None,"Neutral - majority agree, 1 dissenting",Upper Half,No Trend,Bullish,Yes,No,Near Upper,10.55,Very Low,Stable,-2.21,No,"Very Low volatility, stable",Low vol - tight stops,Normal,Falling,Weak Up,0.0603,Accumulation,53.8809,Neutral,4 - Declining,late,74.0,55.0,,,WAIT,46.95,1.0,Trend,"4 - Declining, but trend score 43 does not confirm short - no directional edge","4 - Declining, trend 28 but ADX shows no trend, this is a range - wait for alignment","4 - Declining, trend 17 but ADX shows no trend, this is a range - wait for alignment"
2025-10-30,1579.800048828125,1585.0,1542.300048828125,1567.0999755859375,156753,1541.6501,1617.735,Yes,53.3,Neutral,Downtrend,Hold,Range,Bearish,46.04,Neutral,Mixed,"No clear trend - ADX no trend, price ranging",36.83,"Underperforming, weakening",Lags both,57.9355,Neutral,5.6406,-0.3441,bullish accelerating,Neutral,3.058,0.5976,thin,47.98,Negative accelerating,57.72,Neutral,Bullish majority,None,"Neutral - majority agree, 1 dissenting",At Upper,No Trend,Bullish,No,No,Near Upper,11.18,Very Low,Stable,-0.6,Partial,"Very Low volatility, stable",Low vol - tight stops,Normal,Falling,Confirmed Down,0.1988,Accumulation,50.5014,Neutral,4 - Declining,late,64.0,56.0,,,WAIT,47.33,1.0,Trend,"4 - Declining, but trend score 46 does not confirm short - no directional edge","4 - Declining, trend 35 but components disagree - wait for alignment","4 - Declining, trend 20 but ADX shows no trend, this is a range - wait for alignment"
2025-10-31,1610.0,1679.5999755859375,1550.5,1645.9000244140625,3899949,1545.7383,1618.0153,No,63.37,Bull,Uptrend,Buy,Range,Bearish,67.18,Bull,Mixed,"Range with bullish lean - ADX no trend, direction not confirmed",51.92,"Outperforming, strengthening",Leads both,69.7703,Neutral,13.6118,2.447,bullish accelerating,Overbought,7.9208,1.3179,thin,58.51,Positive accelerating,67.39,Bullish,Bullish confirmed,None,Bullish - all 4 components agree incl. MACD acceleration,Above Upper,No Trend,Bullish,Yes,No,Breakout Up,18.25,Very Low,Stable,7.06,No,"Very Low volatility, stable",Low vol - tight stops,High,Falling,Confirmed Up,0.3877,Accumulation,88.4821,Overbought,4 - Declining,late,64.0,57.0,,,WAIT,63.35,1.0,Trend,"4 - Declining, but trend score 67 does not confirm short - no directional edge","4 - Declining, trend 35 but components disagree - wait for alignment","4 - Declining, trend 21 but ADX shows no trend, this is a range - wait for alignment"
2025-11-03,1663.0,1699.0,1629.0,1648.0,651353,1549.7486,1618.3136,No,70.09,Bull,Uptrend,Hold,Range,Bearish,69.53,Bull,Mixed,"Range with bullish lean - ADX no trend, direction not confirmed",49.57,"Underperforming, improving",Lags both,70.0125,Overbought,19.8694,5.9315,bullish accelerating,Neutral,9.2911,1.5109,thin,57.69,Positive fading,67.84,Bullish,Bullish confirmed,None,Bullish - all 4 components agree incl. MACD acceleration,Above Upper,No Trend,Bullish,Yes,Yes,Inside,25.65,Low,Stable,14.32,No,"Low volatility, stable",Low vol - tight stops,High,Falling,Confirmed Up,0.2932,Accumulation,91.0823,Overbought,4 - Declining,late,50.0,58.0,,,WAIT,65.94,1.0,Trend,"4 - Declining, but trend score 70 does not confirm short - no directional edge","4 - Declining, trend 34 but components disagree - wait for alignment","4 - Declining, trend 18 but ADX shows no trend, this is a range - wait for alignment"
2025-11-04,1635.0,1680.0,1632.9000244140625,1666.5999755859375,889960,1554.331,1618.7941,No,71.68,Bull,Uptrend,Hold,Range,Bearish,71.06,Bull,Bullish confirmed,"Range with bullish lean - ADX no trend, direction not confirmed",49.61,"Underperforming, improving",Lags both,72.141,Overbought,26.0294,9.9511,bullish accelerating,Overbought,7.8636,1.2896,thin,58.09,Positive accelerating,69.55,Bullish,Bullish confirmed,None,Bullish but overbought on RSI and Stochastic - stretched,Above Upper,No Trend,Bullish,Yes,Yes,Inside,25.38,Low,Stable,14.1,No,"Low volatility, stable",Low vol - tight stops,High,Rising,Confirmed Up,0.3026,Accumulation,93.1619,Overbought,4 - Declining,late,50.0,59.0,,,WAIT,67.14,1.0,Trend,"4 - Declining, but trend score 71 does not confirm short - no directional edge","4 - Declining, trend 38 but components disagree - wait for alignment","4 - Declining, trend 24 but ADX shows no trend, this is a range - wait for alignment"
2025-11-06,1675.0,1676.800048828125,1622.800048828125,1667.5,437667,1558.769,1619.2787,No,71.46,Bull,Uptrend,Hold,Range,Bearish,71.84,Bull,Bullish confirmed,"Range with bullish lean - ADX no trend, direction not confirmed",57.67,"Outperforming, strengthening",Leads both,72.2436,Overbought,30.6308,14.087,bullish accelerating,Overbought,7.6362,1.248,thin,62.5,Positive accelerating,71.14,Strong Bullish,Bullish confirmed,None,Strong Bullish but overbought on RSI and Stochastic - stretched,Above Upper,No Trend,Bullish,Yes,Yes,Inside,28.04,Low,Stable,19.06,No,"Low volatility, stable",Low vol - tight stops,Normal,Rising,Confirmed Up,0.3354,Accumulation,88.1997,Overbought,4 - Declining,late,50.0,60.0,,,WAIT,67.97,1.0,Trend,"4 - Declining, but trend score 72 does not confirm short - no directional edge","4 - Declining, but trend score 43 does not confirm short - no directional edge","4 - Declining, trend 28 but ADX shows no trend, this is a range - wait for alignment"
2025-11-07,1675.5,1689.0,1652.5,1660.199951171875,329389,1562.7467,1619.6859,No,77.31,Bull,Uptrend,Hold,Range,Bearish,74.84,Bull,Bullish confirmed,"Range with bullish lean - ADX no trend, direction not confirmed",55.51,"Outperforming, strengthening",Leads both,69.9907,Neutral,33.3045,17.9305,bullish fading,Overbought,8.7515,1.4038,thin,61.25,Positive fading,69.84,Bullish,Bullish confirmed,None,Bullish - all 4 components agree incl. MACD acceleration,Upper Half,No Trend,Bullish,Yes,Yes,Inside,27.16,Low,Stable,17.86,No,"Low volatility, stable",Low vol - tight stops,Normal,Rising,Weak Down,0.3062,Accumulation,88.6191,Overbought,4 - Declining,late,40.0,61.0,,,STAND ASIDE,50.0,0.0,Stage unclear,4 - Declining but stage confidence only 40 - regime not established,"4 - Declining, but trend score 46 does not confirm short - no directional edge","4 - Declining, trend 35 but components disagree - wait for alignment"
2025-11-10,1679.0,1694.0,1651.5,1675.0,214956,1567.1488,1620.2363,No,78.73,Bull,Uptrend,Hold,Range,Bearish,76.27,Strong Bull,Bullish confirmed,"Range with bullish lean - ADX emerging, direction not confirmed",51.35,"Outperforming, strengthening",Leads both,71.9037,Overbought,36.2003,21.5845,bullish fading,Overbought,9.6922,1.5312,thin,59.22,Positive fading,69.6,Bullish,Bullish confirmed,None,Bullish but overbought on RSI and Stochastic - stretched,Upper Half,Emerging,Bullish,Yes,Yes,Inside,30.25,Low,Expanding,20.94,No,"Low volatility, expanding - range widening",Low vol - tight stops,Normal,Rising,Weak Up,0.3019,Accumulation,89.4893,Overbought,4 - Declining,late,40.0,62.0,,,STAND ASIDE,50.0,0.0,Stage unclear,4 - Declining but stage confidence only 40 - regime not established,"4 - Declining, but trend score 67 does not confirm short - no directional edge","4 - Declining, trend 35 but components disagree - wait for alignment"
2025-11-11,1670.0,1675.0,1648.800048828125,1654.5999755859375,202497,1570.5782,1620.5782,No,76.88,Bull,Uptrend,Hold,Uptrend (HH+HL),Bullish,86.41,Strong Bull,Bullish confirmed,"Range with bullish lean - ADX emerging, direction not confirmed",43.67,"Underperforming, improving",Lags both,65.6878,Neutral,36.4293,24.5534,bullish fading,Overbought,8.5553,1.3538,thin,53.87,Positive fading,64.63,Bullish,Bullish confirmed,None,Bullish - all 4 components agree incl. MACD acceleration,Upper Half,Emerging,Bullish,Yes,Yes,Inside,29.11,Low,Expanding,20.27,No,"Low volatility, expanding - range widening",Low vol - tight stops,Normal,Rising,Weak Down,0.2802,Accumulation,86.6968,Overbought,4 - Declining,late,40.0,63.0,,,STAND ASIDE,50.0,0.0,Stage unclear,4 - Declining but stage confidence only 40 - regime not established,"4 - Declining, but trend score 70 does not confirm short - no directional edge","4 - Declining, trend 34 but components disagree - wait for alignment"
2025-11-12,1666.0,1666.0,1637.0,1644.699951171875,209565,1573.485,1620.8182,No,76.12,Bull,Uptrend,Hold,Uptrend (HH+HL),Bullish,86.53,Strong Bull,Bullish confirmed,"Range with bullish lean - ADX emerging, direction not confirmed",41.54,"Underperforming, improving",Lags both,62.8483,Neutral,35.4038,26.7235,bullish fading,Neutral,6.2605,1.0102,thin,55.65,Positive accelerating,62.43,Bullish,Bullish confirmed,None,Bullish - all 4 components agree incl. MACD acceleration,Upper Half,Emerging,Bullish,Yes,Yes,Inside,28.19,Low,Stable,18.98,No,"Low volatility, stable",Low vol - tight stops,Normal,Rising,Weak Down,0.2593,Accumulation,84.1996,Overbought,4 - Declining,late,40.0,64.0,,,STAND ASIDE,50.0,0.0,Stage unclear,4 - Declining but stage confidence only 40 - regime not established,"4 - Declining, but trend score 71 does not confirm short - no directional edge","4 - Declining, trend 38 but components disagree - wait for alignment"
2025-11-13,1653.0,1653.0,1609.0,1616.199951171875,160770,1575.16,1620.7723,Yes,73.71,Bull,Uptrend,Hold,Uptrend (HH+HL),Bullish,84.07,Strong Bull,Bullish confirmed,"Range with bullish lean - ADX emerging, direction not confirmed",41.12,"Underperforming, improving",Lags both,55.4212,Neutral,31.9233,27.7635,bullish fading,Neutral,2.982,0.5246,thin,53.42,Positive fading,55.95,Neutral,Bullish confirmed,None,Neutral - all 4 components agree incl. MACD acceleration,Upper Half,Emerging,Bullish,Yes,Yes,Inside,28.14,Low,Stable,17.58,No,"Low volatility, stable",Low vol - tight stops,Dry-up,Rising,Weak Down,0.2478,Accumulation,83.6548,Overbought,4 - Declining,late,40.0,65.0,,,STAND ASIDE,50.0,0.0,Stage unclear,4 - Declining but stage confidence only 40 - regime not established,"4 - Declining, but trend score 72 does not confirm short - no directional edge","4 - Declining, but trend score 43 does not confirm short - no directional edge"
2025-11-14,1620.0,1625.5,1596.300048828125,1604.4000244140625,82961,1576.3067,1620.6094,Yes,69.13,Bull,Uptrend,Hold,Uptrend (HH+HL),Bullish,80.23,Strong Bull,Bullish confirmed,"Range with bullish lean - ADX emerging, direction not confirmed",45.26,"Underperforming, improving",Lags both,52.6471,Neutral,27.8914,27.7891,bullish fading,Neutral,2.3802,0.4344,thin,57.82,Positive accelerating,53.16,Neutral,Bullish majority,None,Neutral - price momentum agrees but MACD shows deceleration,Upper Half,Emerging,Bullish,Yes,Yes,Inside,24.95,Low,Stable,13.77,No,"Low volatility, stable",Low vol - tight stops,Dry-up,Rising,Weak Down,0.2361,Accumulation,83.3283,Overbought,4 - Declining,late,40.0,66.0,,,STAND ASIDE,50.0,0.0,Stage unclear,4 - Declining but stage confidence only 40 - regime not established,4 - Declining but stage confidence only 40 - regime not established,"4 - Declining, but trend score 46 does not confirm short - no directional edge"
2025-11-17,1606.5,1639.0,1606.5,1620.0999755859375,181110,1578.0241,1620.6043,Yes,66.16,Bull,Uptrend,Hold,Uptrend (HH+HL),Bullish,80.99,Strong Bull,Bullish confirmed,"Range with bullish lean - ADX emerging, direction not confirmed",45.99,"Underperforming, improving",Lags both,55.816,Neutral,25.667,27.3646,Bearish crossover,Neutral,-1.5675,-0.1501,thin,58.12,Positive accelerating,52.59,Neutral,Bullish majority,None,Neutral - price momentum agrees but MACD shows deceleration,Upper Half,Emerging,Bullish,No,No,Inside,23.33,Low,Stable,5.08,No,"Low volatility, stable",Low vol - tight stops,Dry-up,Rising,Weak Up,0.2275,Accumulation,83.6366,Overbought,4 - Declining,late,40.0,67.0,,,STAND ASIDE,50.0,0.0,Stage unclear,4 - Declining but stage confidence only 40 - regime not established,4 - Declining but stage confidence only 40 - regime not established,"4 - Declining, but trend score 67 does not confirm short - no directional edge"
2025-11-18,1620.0,1627.5,1590.0,1600.5999755859375,89976,1578.9094,1620.4053,Yes,60.89,Bull,Uptrend,Hold,Uptrend (HH+HL),Bullish,75.8,Strong Bull,Bullish confirmed,"Range with bullish lean - ADX no trend, direction not confirmed",43.79,"Underperforming, improving",Lags both,51.2302,Neutral,22.0762,26.307,bullish accelerating,Neutral,-2.8762,-0.3436,thin,55.42,Positive fading,48.35,Neutral,Mixed,Bearish divergence,Neutral - bearish divergence vs price over 21 bars,Lower Half,No Trend,Bullish,No,No,Inside,21.92,Low,Stable,-3.73,No,"Low volatility, stable",Low vol - tight stops,Dry-up,Rising,Weak Down,0.2244,Accumulation,82.4487,Overbought,4 - Declining,late,40.0,68.0,,,STAND ASIDE,50.0,0.0,Stage unclear,4 - Declining but stage confidence only 40 - regime not established,4 - Declining but stage confidence only 40 - regime not established,"4 - Declining, but trend score 70 does not confirm short - no directional edge"
2025-11-19,1612.0,1612.0,1583.0,1594.5999755859375,89306,1579.5247,1620.1485,Yes,53.74,Neutral,Uptrend,Hold,Uptrend (HH+HL),Bullish,71.69,Bull,Bullish confirmed,"Range with bullish lean - ADX no trend, direction not confirmed",40.24,"Underperforming, improving",Lags both,49.8725,Neutral,18.5327,24.7521,bullish accelerating,Neutral,-4.3202,-0.5568,thin,51.64,Positive fading,45.24,Neutral,Bearish majority,Bearish divergence,Neutral - bearish divergence vs price over 21 bars,Lower Half,No Trend,Bullish,No,No,Inside,21.1,Low,Stable,-4.28,No,"Low volatility, stable",Low vol - tight stops,Dry-up,Rising,Weak Down,0.2064,Accumulation,81.2301,Overbought,4 - Declining,late,50.0,69.0,,,WAIT,57.73,1.0,Trend,"4 - Declining, but trend score 72 does not confirm short - no directional edge",4 - Declining but stage confidence only 40 - regime not established,"4 - Declining, but trend score 71 does not confirm short - no directional edge"
2025-11-20,1609.800048828125,1609.800048828125,1583.800048828125,1590.4000244140625,105505,1579.9512,1619.8525,Yes,53.53,Neutral,Uptrend,Hold,Uptrend (HH+HL),Bullish,70.31,Bull,Bullish confirmed,"Range with bullish lean - ADX no trend, direction not confirmed",38.6,"Underperforming, improving",Lags both,48.8956,Neutral,15.2102,22.8437,bullish accelerating,Neutral,-4.6237,-0.6001,thin,50.58,Positive fading,42.88,Neutral,Bearish majority,Bearish divergence,Neutral - bearish divergence vs price over 21 bars,Lower Half,No Trend,Bullish,No,No,Inside,19.81,Very Low,Stable,-8.23,No,"Very Low volatility, stable",Low vol - tight stops,Dry-up,Rising,Weak Down,0.1975,Accumulation,81.7366,Overbought,2 - Advancing,early,50.0,1.0,4 - Declining,69.0,WAIT,56.4,1.0,Weak ADX,"2 - Advancing, trend 70 but ADX shows no trend, this is a range - wait for alignment",4 - Declining but stage confidence only 40 - regime not established,"4 - Declining, but trend score 72 does not confirm short - no directional edge"
2025-11-21,1590.4000244140625,1599.4000244140625,1560.0999755859375,1568.0,112960,1579.4825,1619.3365,Yes,50.95,Neutral,Uptrend,Hold,Uptrend (HH+HL),Bullish,63.98,Bull,Bullish majority,"Range with bullish lean - ADX no trend, direction not confirmed",37.73,"Underperforming, improving",Lags both,43.9509,Neutral,10.6469,20.4044,bullish accelerating,Neutral,-5.5535,-0.7363,thin,48.31,Negative accelerating,38.54,Bearish,Bearish confirmed,Bearish divergence,Bearish - bearish divergence vs price over 21 bars,Lower Half,No Trend,Bearish,No,No,Inside,19.99,Very Low,Stable,-7.17,No,"Very Low volatility, stable",Low vol - tight stops,Dry-up,Rising,Weak Down,0.1934,Accumulation,60.7,Neutral,2 - Advancing,early,50.0,2.0,4 - Declining,69.0,WAIT,52.25,1.0,Weak ADX,"2 - Advancing, trend 64 but ADX shows no trend, this is a range - wait for alignment",4 - Declining but stage confidence only 40 - regime not established,4 - Declining but stage confidence only 40 - regime not established
2025-11-24,1604.9000244140625,1692.800048828125,1581.5999755859375,1677.5,1643961,1583.3264,1619.9153,No,63.18,Bull,Uptrend,Hold,Uptrend (HH+HL),Bullish,78.57,Strong Bull,Bullish confirmed,"Range with bullish lean - ADX no trend, direction not confirmed",55.59,"Outperforming, strengthening",Leads both,63.4234,Neutral,15.6853,19.4606,bullish fading,Neutral,0.1493,0.1155,thin,61.46,Positive accelerating,53.33,Neutral,Mixed,None,"Neutral - components mixed, low conviction",Upper Half,No Trend,Bullish,No,No,Inside,24.73,Low,Stable,-5.52,No,"Low volatility, stable",Low vol - tight stops,High,Rising,Confirmed Up,0.2828,Accumulation,68.8995,Neutral,2 - Advancing,early,50.0,3.0,4 - Declining,69.0,WAIT,62.0,1.0,Weak ADX,"2 - Advancing, trend 79 but ADX shows no trend, this is a range - wait for alignment",4 - Declining but stage confidence only 40 - regime not established,4 - Declining but stage confidence only 40 - regime not established
2025-11-25,1669.9000244140625,1680.0,1622.5999755859375,1629.800048828125,325288,1585.1489,1620.0136,No,60.22,Bull,Uptrend,Hold,Uptrend (HH+HL),Bullish,77.91,Strong Bull,Bullish confirmed,"Range with bullish lean - ADX no trend, direction not confirmed",51.89,"Outperforming, strengthening",Leads both,54.5351,Neutral,15.649,18.6982,bullish fading,Neutral,-1.4988,-0.131,thin,59.67,Positive fading,51.51,Neutral,Mixed,None,"Neutral - components mixed, low conviction",Upper Half,No Trend,Bullish,No,Yes,Inside,25.95,Low,Stable,-3.17,No,"Low volatility, stable",Low vol - tight stops,Normal,Rising,Weak Down,0.2514,Accumulation,56.8758,Neutral,2 - Advancing,early,50.0,4.0,4 - Declining,69.0,WAIT,62.0,1.0,Weak ADX,"2 - Advancing, trend 78 but ADX shows no trend, this is a range - wait for alignment",4 - Declining but stage confidence only 40 - regime not established,4 - Declining but stage confidence only 40 - regime not established
2025-11-26,1629.800048828125,1697.0,1629.699951171875,1680.5999755859375,438444,1588.892,1620.6165,No,78.71,Bull,Uptrend,Hold,Uptrend (HH+HL),Bullish,84.93,Strong Bull,Bullish confirmed,"Range with bullish lean - ADX no trend, direction not confirmed",50.19,"Outperforming, strengthening",Leads both,60.8308,Neutral,19.4946,18.8575,Bullish crossover,Neutral,2.1828,0.4204,thin,60.06,Positive accelerating,58.78,Bullish,Bullish majority,None,Bullish - price momentum agrees but MACD shows deceleration,Upper Half,No Trend,Bullish,Yes,Yes,Inside,27.37,Low,Stable,-0.82,No,"Low volatility, stable",Low vol - tight stops,Normal,Rising,Weak Up,0.265,Accumulation,67.4338,Neutral,2 - Advancing,early,64.0,5.0,4 - Declining,69.0,WAIT,62.0,1.0,Weak ADX,"2 - Advancing, trend 85 but ADX shows no trend, this is a range - wait for alignment","4 - Declining, but trend score 72 does not confirm short - no directional edge",4 - Declining but stage confidence only 40 - regime not established
2025-11-27,1683.9000244140625,1727.0999755859375,1670.0,1696.0,523749,1593.0924,1621.3666,No,87.83,Strong Bull,Uptrend,Hold,Uptrend (HH+HL),Bullish,88.96,Strong Bull,Bullish confirmed,"Range with bullish lean - ADX emerging, direction not confirmed",56.81,"Outperforming, strengthening",Leads both,62.5249,Neutral,23.5138,19.7888,bullish accelerating,Neutral,4.9375,0.8315,thin,67.62,Positive accelerating,62.97,Bullish,Bullish confirmed,None,Bullish - all 4 components agree incl. MACD acceleration,Upper Half,Emerging,Bullish,Yes,Yes,Near Upper,26.44,Low,Stable,-1.7,No,"Low volatility, stable",Low vol - tight stops,Normal,Rising,Weak Up,0.2473,Accumulation,68.9647,Neutral,2 - Advancing,early,74.0,6.0,4 - Declining,69.0,WAIT,62.0,1.0,Weak ADX,"2 - Advancing, trend 89 but ADX shows no trend, this is a range - wait for alignment","2 - Advancing, trend 70 but ADX shows no trend, this is a range - wait for alignment",4 - Declining but stage confidence only 40 - regime not established
2025-11-28,1698.9000244140625,1706.0,1669.9000244140625,1680.5999755859375,142491,1596.524,1621.956,No,85.86,Strong Bull,Uptrend,Hold,Uptrend (HH+HL),Bullish,89.04,Strong Bull,Bullish confirmed,"Range with bullish lean - ADX emerging, direction not confirmed",53.66,"Outperforming, strengthening",Leads both,59.7422,Neutral,25.1664,20.8643,bullish accelerating,Overbought,4.7494,0.8003,thin,66.82,Positive fading,63.01,Bullish,Bullish confirmed,None,Bullish - all 4 components agree incl. MACD acceleration,Upper Half,Emerging,Bullish,Yes,Yes,Inside,25.64,Low,Stable,0.69,No,"Low volatility, stable",Low vol - tight stops,Dry-up,Rising,Weak Down,0.2399,Accumulation,65.0666,Neutral,2 - Advancing,early,74.0,7.0,4 - Declining,69.0,WAIT,62.0,1.0,Weak ADX,"2 - Advancing, trend 89 but ADX shows no trend, this is a range - wait for alignment","2 - Advancing, trend 64 but ADX shows no trend, this is a range - wait for alignment",4 - Declining but stage confidence only 40 - regime not established
2025-12-01,1697.4000244140625,1718.0,1671.9000244140625,1704.199951171875,209224,1600.7466,1622.7743,No,87.45,Strong Bull,Uptrend,Hold,Uptrend (HH+HL),Bullish,90.44,Strong Bull,Bullish confirmed,"Range with bullish lean - ADX emerging, direction not confirmed",63.47,"Outperforming, strengthening",Leads both,62.4968,Neutral,28.0569,22.3028,bullish accelerating,Neutral,5.191,0.8634,thin,75.1,Positive accelerating,67.02,Bullish,Bullish confirmed,None,Bullish - all 4 components agree incl. MACD acceleration,Upper Half,Emerging,Bullish,Yes,Yes,Inside,25.89,Low,Stable,2.56,No,"Low volatility, stable",Low vol - tight stops,Normal,Rising,Weak Up,0.1129,Accumulation,69.8722,Neutral,2 - Advancing,early,74.0,8.0,4 - Declining,69.0,WAIT,62.0,1.0,Weak ADX,"2 - Advancing, trend 90 but ADX shows no trend, this is a range - wait for alignment","2 - Advancing, trend 79 but ADX shows no trend, this is a range - wait for alignment",4 - Declining but stage confidence only 40 - regime not established
2025-12-02,1693.0,1703.800048828125,1665.4000244140625,1682.5999755859375,184984,1603.9566,1623.3696,No,85.05,Strong Bull,Uptrend,Hold,Uptrend (HH+HL),Bullish,90.22,Strong Bull,Bullish confirmed,"Range with bullish lean - ADX emerging, direction not confirmed",63.68,"Outperforming, strengthening",Leads both,58.5481,Neutral,28.2788,23.498,bullish fading,Neutral,5.1231,0.8499,thin,72.37,Positive fading,64.17,Bullish,Bullish confirmed,Bearish divergence,Bullish - bearish divergence vs price over 21 bars,Upper Half,Emerging,Bullish,Yes,Yes,Inside,24.57,Low,Stable,2.65,No,"Low volatility, stable",Low vol - tight stops,Normal,Falling,Weak Down,0.1632,Accumulation,70.2081,Neutral,2 - Advancing,early,74.0,9.0,4 - Declining,69.0,WAIT,62.0,1.0,Weak ADX,"2 - Advancing, trend 90 but ADX shows no trend, this is a range - wait for alignment","2 - Advancing, trend 78 but ADX shows no trend, this is a range - wait for alignment",4 - Declining but stage confidence only 40 - regime not established
2025-12-03,1683.0,1684.300048828125,1651.0,1667.5,115119,1606.4485,1623.8087,No,83.46,Strong Bull,Uptrend,Hold,Uptrend (HH+HL),Bullish,89.87,Strong Bull,Bullish confirmed,"Range with bullish lean - ADX emerging, direction not confirmed",64.21,"Outperforming, strengthening",Leads both,55.8897,Neutral,26.9258,24.1836,bullish fading,Neutral,4.5717,0.7641,thin,72.81,Positive accelerating,62.08,Bullish,Bullish confirmed,Bearish divergence,Bullish - bearish divergence vs price over 21 bars,Upper Half,Emerging,Bullish,Yes,Yes,Inside,23.6,Low,Stable,2.5,No,"Low volatility, stable",Low vol - tight stops,Dry-up,Falling,Weak Down,0.1187,Accumulation,70.9018,Neutral,2 - Advancing,early,74.0,10.0,4 - Declining,69.0,WAIT,62.0,1.0,Weak ADX,"2 - Advancing, trend 90 but ADX shows no trend, this is a range - wait for alignment","2 - Advancing, trend 85 but ADX shows no trend, this is a range - wait for alignment","4 - Declining, but trend score 72 does not confirm short - no directional edge"
2025-12-04,1662.0,1690.800048828125,1653.0,1666.5999755859375,143663,1608.8073,1624.2345,No,83.25,Strong Bull,Uptrend,Hold,Uptrend (HH+HL),Bullish,90.08,Strong Bull,Bullish confirmed,"Strong Bull - all 4 components agree, trending ADX",51.76,"Outperforming, weakening",Leads both,55.7272,Neutral,25.4871,24.4443,bullish fading,Neutral,4.7912,0.7944,thin,62.08,Positive fading,56.98,Neutral,Bullish majority,None,Neutral - price momentum agrees but MACD shows deceleration,Upper Half,Trending,Bullish,Yes,Yes,Inside,22.49,Low,Stable,2.68,No,"Low volatility, stable",Low vol - tight stops,Normal,Falling,Weak Down,0.0656,Accumulation,73.2065,Neutral,2 - Advancing,early,74.0,11.0,4 - Declining,69.0,ENTER SMALL,71.93,3.0,Volume,"2 - Advancing, trend 90 long confirmed but participation is thin - reduce size, breakouts without volume fail more often","2 - Advancing, trend 89 but ADX shows no trend, this is a range - wait for alignment","2 - Advancing, trend 70 but ADX shows no trend, this is a range - wait for alignment"
2025-12-05,1666.5999755859375,1678.5999755859375,1625.199951171875,1645.0,125740,1610.2267,1624.4411,No,78.91,Bull,Uptrend,Hold,Uptrend (HH+HL),Bullish,88.17,Strong Bull,Bullish confirmed,"Range with bullish lean - ADX emerging, direction not confirmed",47.25,"Underperforming, weakening",Leads NIFTY500 only,51.834,Neutral,22.3464,24.0247,Bearish crossover,Neutral,4.9107,0.8095,thin,59.54,Positive fading,52.67,Neutral,Bullish majority,None,Neutral - price momentum agrees but MACD shows deceleration,Upper Half,Emerging,Bullish,Yes,Yes,Inside,24.27,Low,Stable,4.27,No,"Low volatility, stable",Low vol - tight stops,Dry-up,Falling,Weak Down,0.0979,Accumulation,69.9358,Neutral,2 - Advancing,early,74.0,12.0,4 - Declining,69.0,WAIT,62.0,1.0,Weak ADX,"2 - Advancing, trend 88 but ADX shows no trend, this is a range - wait for alignment","2 - Advancing, trend 89 but ADX shows no trend, this is a range - wait for alignment","2 - Advancing, trend 64 but ADX shows no trend, this is a range - wait for alignment"
2025-12-08,1645.0,1645.0999755859375,1586.5,1594.9000244140625,91229,1609.6256,1624.1472,Yes,65.47,Bull,Uptrend,Hold,Uptrend (HH+HL),Bullish,67.06,Bull,Bullish majority,"Range with bullish lean - ADX emerging, direction not confirmed",40.39,"Underperforming, weakening",Lags both,44.1324,Neutral,15.6345,22.3466,bullish accelerating,Neutral,-4.924,-0.6747,thin,52.17,Positive fading,43.84,Neutral,Bearish majority,None,"Neutral - majority agree, 1 dissenting",Lower Half,Emerging,Bearish,No,Yes,Inside,26.92,Low,Stable,2.19,No,"Low volatility, stable",Low vol - tight stops,Dry-up,Falling,Weak Down,0.0833,Accumulation,69.9133,Neutral,2 - Advancing,early,74.0,13.0,4 - Declining,69.0,WAIT,57.63,1.0,Weak ADX,"2 - Advancing, trend 67 but ADX shows no trend, this is a range - wait for alignment","2 - Advancing, trend 90 but ADX shows no trend, this is a range - wait for alignment","2 - Advancing, trend 79 but ADX shows no trend, this is a range - wait for alignment"
2025-12-09,1586.5,1594.9000244140625,1565.0999755859375,1575.5,180035,1608.2874,1623.6631,Yes,63.1,Bull,Uptrend,Hold,Uptrend (HH+HL),Bullish,64.15,Bull,Bullish majority,"Range with bullish lean - ADX emerging, direction not confirmed",39.13,"Underperforming, weakening",Lags both,41.5575,Neutral,8.6501,19.6073,bullish accelerating,Neutral,-3.3317,-0.4327,thin,49.91,Negative accelerating,38.33,Bearish,Bearish confirmed,None,Bearish - all 4 components agree incl. MACD acceleration,Lower Half,Emerging,Bearish,No,Yes,Near Lower,26.13,Low,Stable,0.18,No,"Low volatility, stable",Low vol - tight stops,Normal,Falling,Weak Down,0.095,Accumulation,68.537,Neutral,2 - Advancing,early,74.0,14.0,4 - Declining,69.0,WAIT,54.67,1.0,Weak ADX,"2 - Advancing, trend 64 but ADX shows no trend, this is a range - wait for alignment","2 - Advancing, trend 90 but ADX shows no trend, this is a range - wait for alignment","2 - Advancing, trend 78 but ADX shows no trend, this is a range - wait for alignment"
2025-12-10,1574.9000244140625,1609.199951171875,1561.5999755859375,1572.9000244140625,81338,1606.8996,1623.158,Yes,47.13,Neutral,Uptrend,Hold,Uptrend (HH+HL),Bullish,58.97,Neutral,Mixed,"No clear trend - ADX emerging, price ranging",40.44,"Underperforming, weakening",Lags both,41.2105,Neutral,2.872,16.2603,bullish accelerating,Oversold,-6.4084,-0.8956,thin,49.51,Negative accelerating,35.47,Bearish,Bearish confirmed,None,Bearish - all 4 components agree incl. MACD acceleration,Lower Half,Emerging,Bearish,No,Yes,Near Lower,26.99,Low,Stable,-0.38,No,"Low volatility, stable",Low vol - tight stops,Dry-up,Falling,Weak Down,0.1085,Accumulation,70.7147,Neutral,2 - Advancing,early,50.0,15.0,4 - Declining,69.0,WAIT,49.08,1.0,Trend,"2 - Advancing, but trend score 59 does not confirm long - no directional edge","2 - Advancing, trend 90 but ADX shows no trend, this is a range - wait for alignment","2 - Advancing, trend 85 but ADX shows no trend, this is a range - wait for alignment"
2025-12-11,1585.0,1591.9000244140625,1558.9000244140625,1568.300048828125,195057,1605.3859,1622.6122,Yes,36.85,Bear,Uptrend,Hold,Uptrend (HH+HL),Bullish,55.41,Neutral,Mixed,"No clear trend - ADX no trend, price ranging",45.96,"Underperforming, weakening",Leads NIFTY500 only,40.5651,Neutral,-2.0546,12.5973,bearish accelerating,Oversold,-7.5295,-1.0607,thin,54.18,Positive accelerating,35.66,Bearish,Bearish majority,None,"Bearish - majority agree, 1 dissenting",Lower Half,No Trend,Bearish,No,Yes,Near Lower,25.68,Low,Stable,-0.76,No,"Low volatility, stable",Low vol - tight stops,Normal,Falling,Weak Down,0.1125,Accumulation,69.4637,Neutral,2 - Advancing,early,40.0,16.0,4 - Declining,69.0,STAND ASIDE,50.0,0.0,Stage unclear,2 - Advancing but stage confidence only 40 - regime not established,"2 - Advancing, trend 90 long confirmed but participation is thin - reduce size, breakouts without volume fail more often","2 - Advancing, trend 89 but ADX shows no trend, this is a range - wait for alignment"
2025-12-12,1574.0,1658.0,1562.699951171875,1646.0,268320,1606.9786,1622.8449,No,49.93,Neutral,Uptrend,Hold,Uptrend (HH+HL),Bullish,75.12,Strong Bull,Bullish majority,"Range with bullish lean - ADX no trend, direction not confirmed",57.65,"Outperforming, strengthening",Leads both,53.7432,Neutral,0.3072,10.1393,bullish fading,Neutral,-2.0588,-0.2308,thin,64.45,Positive accelerating,46.3,Neutral,Mixed,Bearish divergence,Neutral - bearish divergence vs price over 21 bars,Upper Half,No Trend,Bullish,No,Yes,Inside,30.74,Low,Stable,5.1,No,"Low volatility, stable",Low vol - tight stops,Normal,Falling,Confirmed Up,0.1539,Accumulation,55.5599,Neutral,2 - Advancing,early,50.0,17.0,4 - Declining,69.0,WAIT,61.99,1.0,Weak ADX,"2 - Advancing, trend 75 but ADX shows no trend, this is a range - wait for alignment","2 - Advancing, trend 88 but ADX shows no trend, this is a range - wait for alignment","2 - Advancing, trend 89 but ADX shows no trend, this is a range - wait for alignment"
2025-12-15,1645.0,1671.800048828125,1624.0,1666.199951171875,92472,1609.301,1623.2763,No,57.43,Neutral,Uptrend,Hold,Uptrend (HH+HL),Bullish,77.9,Strong Bull,Bullish confirmed,"Range with bullish lean - ADX no trend, direction not confirmed",61.27,"Outperforming, strengthening",Leads both,56.4468,Neutral,3.7655,8.8645,bullish fading,Neutral,-2.2298,-0.2562,thin,66.29,Positive accelerating,52.15,Neutral,Mixed,Bearish divergence,Neutral - bearish divergence vs price over 21 bars,Upper Half,No Trend,Bullish,No,Yes,Inside,30.22,Low,Stable,4.33,No,"Low volatility, stable",Low vol - tight stops,Dry-up,Falling,Weak Up,0.176,Accumulation,63.4596,Neutral,2 - Advancing,early,64.0,18.0,4 - Declining,69.0,WAIT,62.0,1.0,Weak ADX,"2 - Advancing, trend 78 but ADX shows no trend, this is a range - wait for alignment","2 - Advancing, trend 67 but ADX shows no trend, this is a range - wait for alignment","2 - Advancing, trend 90 but ADX shows no trend, this is a range - wait for alignment"
2025-12-16,1655.0,1700.0,1655.0,1680.0,207691,1612.0735,1623.8407,No,71.65,Bull,Uptrend,Hold,Uptrend (HH+HL),Bullish,83.33,Strong Bull,Bullish confirmed,"Range with bullish lean - ADX emerging, direction not confirmed",59.15,"Outperforming, strengthening",Leads both,58.2425,Neutral,7.5329,8.5982,bullish fading,Neutral,-0.1545,0.0595,thin,63.63,Positive fading,56.69,Neutral,Bullish majority,None,Neutral - price momentum agrees but MACD shows deceleration,Upper Half,Emerging,Bullish,No,Yes,Inside,29.52,Low,Stable,4.96,No,"Low volatility, stable",Low vol - tight stops,Normal,Falling,Weak Up,0.1838,Accumulation,60.1558,Neutral,2 - Advancing,early,74.0,19.0,4 - Declining,69.0,WAIT,62.0,1.0,Weak ADX,"2 - Advancing, trend 83 but ADX shows no trend, this is a range - wait for alignment","2 - Advancing, trend 64 but ADX shows no trend, this is a range - wait for alignment","2 - Advancing, trend 90 but ADX shows no trend, this is a range - wait for alignment"
2025-12-17,1679.0999755859375,1699.0,1667.5999755859375,1677.9000244140625,140685,1614.655,1624.3786,No,75.55,Bull,Uptrend,Hold,Uptrend (HH+HL),Bullish,85.12,Strong Bull,Bullish confirmed,"Range with bullish lean - ADX emerging, direction not confirmed",63.55,"Outperforming, strengthening",Leads both,57.8516,Neutral,10.2312,8.9248,Bullish crossover,Neutral,0.6237,0.1779,thin,65.43,Positive accelerating,59.34,Bullish,Bullish majority,None,Bullish - price momentum agrees but MACD shows deceleration,Upper Half,Emerging,Bullish,Yes,Yes,Inside,26.66,Low,Stable,3.06,No,"Low volatility, stable",Low vol - tight stops,Normal,Falling,Weak Down,0.1763,Accumulation,52.9048,Neutral,2 - Advancing,mid,74.0,20.0,4 - Declining,69.0,WAIT,62.0,1.0,Weak ADX,"2 - Advancing, trend 85 but ADX shows no trend, this is a range - wait for alignment","2 - Advancing, but trend score 59 does not confirm long - no directional edge","2 - Advancing, trend 90 but ADX shows no trend, this is a range - wait for alignment"
2025-12-18,1683.0,1684.0,1645.0,1654.4000244140625,59546,1616.2136,1624.6773,No,73.14,Bull,Uptrend,Hold,Uptrend (HH+HL),Bullish,84.22,Strong Bull,Bullish confirmed,"Range with bullish lean - ADX emerging, direction not confirmed",62.07,"Outperforming, strengthening",Leads both,53.5228,Neutral,10.3541,9.2107,bullish fading,Neutral,-0.732,-0.0293,thin,63.48,Positive fading,57.21,Neutral,Bullish majority,None,Neutral - price momentum agrees but MACD shows deceleration,Upper Half,Emerging,Bullish,Yes,Yes,Inside,26.15,Low,Stable,3.65,No,"Low volatility, stable",Low vol - tight stops,Dry-up,Falling,Weak Down,0.1818,Accumulation,55.0742,Neutral,2 - Advancing,mid,74.0,21.0,4 - Declining,69.0,WAIT,62.0,1.0,Weak ADX,"2 - Advancing, trend 84 but ADX shows no trend, this is a range - wait for alignment",2 - Advancing but stage confidence only 40 - regime not established,"2 - Advancing, trend 90 long confirmed but participation is thin - reduce size, breakouts without volume fail more often"
2025-12-19,1658.9000244140625,1704.0,1645.0,1695.5999755859375,150332,1619.3268,1625.383,No,78.11,Bull,Uptrend,Hold,Uptrend (HH+HL),Bullish,86.15,Strong Bull,Bullish confirmed,"Range with bullish lean - ADX emerging, direction not confirmed",69.65,"Outperforming, strengthening",Leads both,59.2761,Neutral,13.6189,10.0923,bullish accelerating,Neutral,3.076,0.5525,thin,69.99,Positive accelerating,63.1,Bullish,Bullish confirmed,None,Bullish - all 4 components agree incl. MACD acceleration,Upper Half,Emerging,Bullish,Yes,No,Inside,26.13,Low,Stable,1.86,No,"Low volatility, stable",Low vol - tight stops,Normal,Falling,Weak Up,0.2135,Accumulation,53.6966,Neutral,2 - Advancing,mid,74.0,22.0,4 - Declining,69.0,WAIT,62.0,1.0,Weak ADX,"2 - Advancing, trend 86 but ADX shows no trend, this is a range - wait for alignment","2 - Advancing, trend 75 but ADX shows no trend, this is a range - wait for alignment","2 - Advancing, trend 88 but ADX shows no trend, this is a range - wait for alignment"
2025-12-22,1706.0,1748.0,1665.0999755859375,1740.0,492270,1624.0591,1626.5235,No,84.79,Strong Bull,Uptrend,Hold,Uptrend (HH+HL),Bullish,89.13,Strong Bull,Bullish confirmed,"Range with bullish lean - ADX emerging, direction not confirmed",71.24,"Outperforming, strengthening",Leads both,64.3917,Neutral,19.5636,11.9866,bullish accelerating,Overbought,9.0977,1.4665,thin,73.66,Positive accelerating,68.74,Bullish,Bullish confirmed,None,Bullish - all 4 components agree incl. MACD acceleration,Upper Half,Emerging,Bullish,Yes,No,Breakout Up,30.82,Low,Stable,3.9,No,"Low volatility, stable",Low vol - tight stops,High,Falling,Confirmed Up,0.0819,Accumulation,68.112,Neutral,2 - Advancing,mid,74.0,23.0,4 - Declining,69.0,WAIT,62.0,1.0,Weak ADX,"2 - Advancing, trend 89 but ADX shows no trend, this is a range - wait for alignment","2 - Advancing, trend 78 but ADX shows no trend, this is a range - wait for alignment","2 - Advancing, trend 67 but ADX shows no trend, this is a range - wait for alignment"
2025-12-23,1747.5,1755.0,1727.0,1749.0,128364,1628.9587,1627.7421,No,93.06,Strong Bull,Uptrend,Hold,Uptrend (HH+HL),Bullish,92.68,Strong Bull,Bullish confirmed,"Range with bullish lean - ADX emerging, direction not confirmed",82.14,"Outperforming, strengthening",Leads both,65.3421,Neutral,24.716,14.5325,bullish accelerating,Overbought,11.0124,1.7447,thin,83.45,Positive accelerating,74.73,Strong Bullish,Bullish confirmed,None,Strong Bullish - all 4 components agree incl. MACD acceleration,Upper Half,Emerging,Bullish,Yes,No,Breakout Up,29.15,Low,Stable,3.02,No,"Low volatility, stable",Low vol - tight stops,Normal,Falling,Weak Up,0.1658,Accumulation,73.2839,Neutral,2 - Advancing,mid,84.0,24.0,4 - Declining,69.0,WAIT,62.0,1.0,Weak ADX,"2 - Advancing, trend 93 but ADX shows no trend, this is a range - wait for alignment","2 - Advancing, trend 83 but ADX shows no trend, this is a range - wait for alignment","2 - Advancing, trend 64 but ADX shows no trend, this is a range - wait for alignment"
2025-12-24,1750.0,1777.0,1741.4000244140625,1749.800048828125,231120,1633.6976,1628.9566,No,92.45,Strong Bull,Uptrend,Hold,Uptrend (HH+HL),Bullish,93.28,Strong Bull,Bullish confirmed,"Strong Bull - all 4 components agree, trending ADX",78.99,"Outperforming, strengthening",Leads both,65.4305,Overbought,28.535,17.333,bullish accelerating,Overbought,11.2467,1.7652,thin,80.92,Positive fading,74.19,Strong Bullish,Bullish confirmed,None,Strong Bullish - all 4 components agree incl. MACD acceleration,Upper Half,Trending,Bullish,Yes,No,Near Upper,28.75,Low,Stable,1.76,No,"Low volatility, stable",Low vol - tight stops,Normal,Falling,Confirmed Up,0.0828,Accumulation,74.372,Neutral,2 - Advancing,mid,84.0,25.0,4 - Declining,69.0,ENTER LONG,85.93,5.0,None,"2 - Advancing, trend 93 with bullish confirmed, momentum and volume confirm; outperforming both benchmarks","2 - Advancing, trend 85 but ADX shows no trend, this is a range - wait for alignment","2 - Advancing, but trend score 59 does not confirm long - no directional edge"
2025-12-26,1749.800048828125,1749.800048828125,1721.300048828125,1730.800048828125,60488,1637.5055,1629.97,No,90.29,Strong Bull,Uptrend,Hold,Uptrend (HH+HL),Bullish,92.86,Strong Bull,Bullish confirmed,"Strong Bull - all 4 components agree, trending ADX",77.09,"Outperforming, strengthening",Leads both,61.4266,Neutral,29.6862,19.8036,bullish fading,Overbought,10.3615,1.6188,thin,79.53,Positive fading,71.25,Strong Bullish,Bullish confirmed,None,Strong Bullish - all 4 components agree incl. MACD acceleration,Upper Half,Trending,Bullish,Yes,No,Inside,28.3,Low,Stable,2.62,No,"Low volatility, stable",Low vol - tight stops,Dry-up,Falling,Weak Down,0.1024,Accumulation,76.2921,Neutral,2 - Advancing,mid,84.0,26.0,4 - Declining,69.0,ENTER SMALL,78.46,3.0,Volume,"2 - Advancing, trend 93 long confirmed but participation is thin - reduce size, breakouts without volume fail more often","2 - Advancing, trend 84 but ADX shows no trend, this is a range - wait for alignment",2 - Advancing but stage confidence only 40 - regime not established
2025-12-29,1740.0,1740.0,1651.0,1661.699951171875,105524,1638.4543,1630.2857,No,84.17,Strong Bull,Uptrend,Hold,Uptrend (HH+HL),Bullish,83.18,Strong Bull,Bullish confirmed,"Range with bullish lean - ADX emerging, direction not confirmed",66.24,"Outperforming, weakening",Leads both,49.551,Neutral,24.7376,20.7904,bullish fading,Neutral,0.9538,0.1961,thin,71.44,Positive fading,60.14,Bullish,Bullish majority,None,"Bullish - majority agree, 1 dissenting",Lower Half,Emerging,Bullish,Yes,Yes,Inside,36.9,Low,Stable,6.16,No,"Low volatility, stable",Low vol - tight stops,Normal,Falling,Weak Down,0.0968,Accumulation,75.702,Neutral,2 - Advancing,mid,84.0,27.0,4 - Declining,69.0,WAIT,62.0,1.0,Weak ADX,"2 - Advancing, trend 83 but ADX shows no trend, this is a range - wait for alignment","2 - Advancing, trend 86 but ADX shows no trend, this is a range - wait for alignment","2 - Advancing, trend 75 but ADX shows no trend, this is a range - wait for alignment"
2025-12-30,1646.4000244140625,1679.5999755859375,1646.4000244140625,1668.5999755859375,93646,1639.6365,1630.667,No,85.02,Strong Bull,Uptrend,Hold,Uptrend (HH+HL),Bullish,83.49,Strong Bull,Bullish confirmed,"Range with bullish lean - ADX emerging, direction not confirmed",67.47,"Outperforming, strengthening",Leads both,50.5785,Neutral,21.129,20.8581,bullish fading,Neutral,0.144,0.0733,thin,74.39,Positive accelerating,57.8,Neutral,Bullish majority,None,Neutral - price momentum agrees but MACD shows deceleration,Upper Half,Emerging,Bullish,Yes,No,Inside,33.93,Low,Stable,3.71,No,"Low volatility, stable",Low vol - tight stops,Normal,Falling,Weak Up,0.0837,Accumulation,78.2085,Neutral,2 - Advancing,mid,84.0,28.0,4 - Declining,69.0,WAIT,62.0,1.0,Weak ADX,"2 - Advancing, trend 83 but ADX shows no trend, this is a range - wait for alignment","2 - Advancing, trend 89 but ADX shows no trend, this is a range - wait for alignment","2 - Advancing, trend 78 but ADX shows no trend, this is a range - wait for alignment"
2025-12-31,1674.5999755859375,1688.5,1623.800048828125,1657.800048828125,73127,1640.3488,1630.937,No,77.8,Bull,Uptrend,Hold,Uptrend (HH+HL),Bullish,71.33,Bull,Bullish majority,"Range with bullish lean - ADX emerging, direction not confirmed",60.45,"Outperforming, weakening",Leads both,48.8997,Neutral,17.1995,20.1264,Bearish crossover,Neutral,-1.3214,-0.1488,thin,70.5,Positive fading,53.03,Neutral,Bearish majority,None,"Neutral - majority agree, 1 dissenting",Lower Half,Emerging,Bearish,No,Yes,Inside,36.83,Low,Stable,7.31,No,"Low volatility, stable",Normal vol,Dry-up,Falling,Weak Down,0.0944,Accumulation,75.0334,Neutral,2 - Advancing,mid,84.0,29.0,4 - Declining,69.0,WAIT,62.0,1.0,Weak ADX,"2 - Advancing, trend 71 but ADX shows no trend, this is a range - wait for alignment","2 - Advancing, trend 93 but ADX shows no trend, this is a range - wait for alignment","2 - Advancing, trend 83 but ADX shows no trend, this is a range - wait for alignment"
2026-01-01,1657.800048828125,1691.800048828125,1655.5,1682.199951171875,43660,1641.99,1631.447,No,75.95,Bull,Uptrend,Hold,Uptrend (HH+HL),Bullish,74.61,Bull,Bullish majority,"Range with bullish lean - ADX emerging, direction not confirmed",73.74,"Outperforming, weakening",Leads both,52.718,Neutral,15.8712,19.2754,bullish accelerating,Neutral,0.2563,0.0909,thin,81.47,Positive accelerating,57.56,Neutral,Bullish majority,None,Neutral - price momentum agrees but MACD shows deceleration,Upper Half,Emerging,Bearish,No,Yes,Inside,34.32,Low,Stable,7.66,No,"Low volatility, stable",Low vol - tight stops,Dry-up,Falling,Weak Up,0.104,Accumulation,81.8731,Overbought,2 - Advancing,mid,84.0,30.0,4 - Declining,69.0,WAIT,62.0,1.0,Weak ADX,"2 - Advancing, trend 75 but ADX shows no trend, this is a range - wait for alignment","2 - Advancing, trend 93 with bullish confirmed, momentum and volume confirm; outperforming both benchmarks","2 - Advancing, trend 85 but ADX shows no trend, this is a range - wait for alignment"
2026-01-02,1682.199951171875,1691.0999755859375,1669.5999755859375,1684.4000244140625,45121,1643.6532,1631.9739,No,75.83,Bull,Uptrend,Hold,Uptrend (HH+HL),Bullish,75.57,Strong Bull,Bullish majority,"Range with bullish lean - ADX no trend, direction not confirmed",67.67,"Outperforming, weakening",Leads both,53.0586,Neutral,14.8251,18.3853,bullish accelerating,Neutral,1.8133,0.3275,thin,76.15,Positive fading,55.56,Neutral,Mixed,Bearish divergence,Neutral - bearish divergence vs price over 21 bars,Upper Half,No Trend,Bearish,No,No,Inside,29.81,Low,Stable,3.66,No,"Low volatility, stable",Low vol - tight stops,Dry-up,Falling,Weak Up,0.1275,Accumulation,79.8832,Neutral,2 - Advancing,mid,84.0,31.0,4 - Declining,69.0,WAIT,62.0,1.0,Weak ADX,"2 - Advancing, trend 76 but ADX shows no trend, this is a range - wait for alignment","2 - Advancing, trend 93 long confirmed but participation is thin - reduce size, breakouts without volume fail more often","2 - Advancing, trend 84 but ADX shows no trend, this is a range - wait for alignment"
2026-01-05,1684.5,1714.699951171875,1665.0,1701.300048828125,91991,1645.9138,1632.6637,No,79.32,Bull,Uptrend,Hold,Uptrend (HH+HL),Bullish,82.89,Strong Bull,Bullish confirmed,"Range with bullish lean - ADX no trend, direction not confirmed",67.83,"Outperforming, strengthening",Leads both,55.6985,Neutral,15.1848,17.7452,bullish fading,Neutral,0.3362,0.1018,thin,75.16,Positive fading,56.81,Neutral,Mixed,Bearish divergence,Neutral - bearish divergence vs price over 21 bars,Upper Half,No Trend,Bullish,No,No,Inside,29.86,Low,Stable,3.73,No,"Low volatility, stable",Low vol - tight stops,Normal,Falling,Weak Up,0.1555,Accumulation,79.9007,Neutral,2 - Advancing,mid,84.0,32.0,4 - Declining,69.0,WAIT,62.0,1.0,Weak ADX,"2 - Advancing, trend 83 but ADX shows no trend, this is a range - wait for alignment","2 - Advancing, trend 83 but ADX shows no trend, this is a range - wait for alignment","2 - Advancing, trend 86 but ADX shows no trend, this is a range - wait for alignment"
2026-01-06,1702.199951171875,1711.9000244140625,1663.5999755859375,1669.5,117228,1646.8388,1633.0303,No,77.06,Bull,Uptrend,Hold,Uptrend (HH+HL),Bullish,77.47,Strong Bull,Bullish confirmed,"Range with bullish lean - ADX no trend, direction not confirmed",58.61,"Outperforming, strengthening",Leads both,50.0004,Neutral,12.7568,16.7475,bullish accelerating,Neutral,-4.0517,-0.568,thin,65.67,Positive fading,50.46,Neutral,Mixed,Bearish divergence,Neutral - bearish divergence vs price over 21 bars,Lower Half,No Trend,Bullish,No,No,Inside,30.15,Low,Stable,-0.67,No,"Low volatility, stable",Low vol - tight stops,Normal,Falling,Weak Down,0.1458,Accumulation,72.6187,Neutral,2 - Advancing,mid,84.0,33.0,4 - Declining,69.0,WAIT,62.0,1.0,Weak ADX,"2 - Advancing, trend 77 but ADX shows no trend, this is a range - wait for alignment","2 - Advancing, trend 83 but ADX shows no trend, this is a range - wait for alignment","2 - Advancing, trend 89 but ADX shows no trend, this is a range - wait for alignment"
2026-01-07,1674.0,1709.800048828125,1660.300048828125,1694.9000244140625,68292,1648.7235,1633.6459,No,81.38,Strong Bull,Uptrend,Hold,Uptrend (HH+HL),Bullish,81.71,Strong Bull,Bullish confirmed,"Range with bullish lean - ADX no trend, direction not confirmed",65.26,"Outperforming, strengthening",Leads both,54.0444,Neutral,12.7353,15.9451,bullish fading,Neutral,-3.0932,-0.4202,thin,70.43,Positive accelerating,53.8,Neutral,Mixed,None,"Neutral - components mixed, low conviction",Upper Half,No Trend,Bullish,No,Yes,Inside,28.44,Low,Stable,-0.71,No,"Low volatility, stable",Low vol - tight stops,Dry-up,Falling,Weak Up,0.1815,Accumulation,71.5134,Neutral,2 - Advancing,mid,84.0,34.0,4 - Declining,69.0,WAIT,62.0,1.0,Weak ADX,"2 - Advancing, trend 82 but ADX shows no trend, this is a range - wait for alignment","2 - Advancing, trend 71 but ADX shows no trend, this is a range - wait for alignment","2 - Advancing, trend 93 but ADX shows no trend, this is a range - wait for alignment"
2026-01-08,1695.0,1704.0,1645.5,1653.0999755859375,48766,1648.8952,1633.8395,No,73.46,Bull,Uptrend,Hold,Uptrend (HH+HL),Bullish,72.9,Bull,Bullish majority,"Range with bullish lean - ADX no trend, direction not confirmed",63.24,"Outperforming, strengthening",Leads both,47.2688,Neutral,9.2389,14.6038,bullish accelerating,Neutral,-5.5263,-0.7898,full,67.23,Positive fading,48.41,Neutral,Bearish majority,None,"Neutral - majority agree, 1 dissenting",Lower Half,No Trend,Bearish,No,Yes,Inside,31.18,Low,Stable,2.43,No,"Low volatility, stable",Low vol - tight stops,Dry-up,Falling,Weak Down,0.1861,Accumulation,71.9348,Neutral,2 - Advancing,mid,84.0,35.0,4 - Declining,69.0,WAIT,62.0,1.0,Weak ADX,"2 - Advancing, trend 73 but ADX shows no trend, this is a range - wait for alignment","2 - Advancing, trend 75 but ADX shows no trend, this is a range - wait for alignment","2 - Advancing, trend 93 with bullish confirmed, momentum and volume confirm; outperforming both benchmarks"
2026-01-09,1642.300048828125,1664.4000244140625,1625.9000244140625,1657.5999755859375,56310,1649.2365,1634.0759,No,70.93,Bull,Uptrend,Hold,Uptrend (HH+HL),Bullish,72.63,Bull,Bullish confirmed,"Range with bullish lean - ADX no trend, direction not confirmed",66.3,"Outperforming, strengthening",Leads both,48.0242,Neutral,6.7532,13.0337,bullish accelerating,Neutral,-4.2293,-0.5887,full,67.02,Positive fading,47.81,Neutral,Bearish majority,None,"Neutral - majority agree, 1 dissenting",Lower Half,No Trend,Bearish,No,Yes,Inside,26.26,Low,Stable,-2.03,No,"Low volatility, stable",Low vol - tight stops,Dry-up,Falling,Weak Up,0.2429,Accumulation,67.061,Neutral,2 - Advancing,mid,84.0,36.0,4 - Declining,69.0,WAIT,62.0,1.0,Weak ADX,"2 - Advancing, trend 73 but ADX shows no trend, this is a range - wait for alignment","2 - Advancing, trend 76 but ADX shows no trend, this is a range - wait for alignment","2 - Advancing, trend 93 long confirmed but participation is thin - reduce size, breakouts without volume fail more often"
2026-01-12,1655.0,1676.9000244140625,1619.699951171875,1665.199951171875,122742,1649.8625,1634.3856,No,70.17,Bull,Uptrend,Hold,Uptrend (HH+HL),Bullish,73.34,Bull,Bullish confirmed,"Range with bullish lean - ADX no trend, direction not confirmed",66.82,"Outperforming, strengthening",Leads both,49.3442,Neutral,5.335,11.494,bullish fading,Neutral,0.2106,0.0937,full,67.45,Positive accelerating,47.71,Neutral,Bearish majority,None,"Neutral - majority agree, 1 dissenting",Lower Half,No Trend,Bearish,No,No,Inside,27.35,Low,Stable,-9.54,No,"Low volatility, stable",Low vol - tight stops,Normal,Falling,Confirmed Up,0.2046,Accumulation,57.3693,Neutral,2 - Advancing,mid,84.0,37.0,4 - Declining,69.0,WAIT,62.0,1.0,Weak ADX,"2 - Advancing, trend 73 but ADX shows no trend, this is a range - wait for alignment","2 - Advancing, trend 83 but ADX shows no trend, this is a range - wait for alignment","2 - Advancing, trend 83 but ADX shows no trend, this is a range - wait for alignment"
2026-01-13,1688.9000244140625,1701.300048828125,1662.0,1697.0999755859375,77750,1651.715,1635.0096,No,76.2,Bull,Uptrend,Hold,Uptrend (HH+HL),Bullish,79.57,Strong Bull,Bullish confirmed,"Range with bullish lean - ADX no trend, direction not confirmed",71.85,"Outperforming, strengthening",Leads both,54.5605,Neutral,6.7079,10.5368,bullish fading,Neutral,1.708,0.323,full,71.48,Positive accelerating,52.92,Neutral,Mixed,None,"Neutral - components mixed, low conviction",Upper Half,No Trend,Bullish,No,No,Inside,18.25,Very Low,Stable,-15.68,No,"Very Low volatility, stable",Low vol - tight stops,Normal,Falling,Weak Up,0.2019,Accumulation,55.4801,Neutral,2 - Advancing,mid,84.0,38.0,4 - Declining,69.0,WAIT,62.0,1.0,Weak ADX,"2 - Advancing, trend 80 but ADX shows no trend, this is a range - wait for alignment","2 - Advancing, trend 77 but ADX shows no trend, this is a range - wait for alignment","2 - Advancing, trend 83 but ADX shows no trend, this is a range - wait for alignment"
2026-01-14,1690.300048828125,1705.9000244140625,1686.0,1702.4000244140625,64184,1653.7026,1635.6802,No,78.25,Bull,Uptrend,Hold,Uptrend (HH+HL),Bullish,80.97,Strong Bull,Bullish confirmed,"Range with bullish lean - ADX no trend, direction not confirmed",77.64,"Outperforming, strengthening",Leads both,55.3826,Neutral,8.1298,10.0554,bullish fading,Neutral,2.6903,0.4679,full,76.25,Positive accelerating,57.31,Neutral,Mixed,None,"Neutral - components mixed, low conviction",Upper Half,No Trend,Bullish,No,No,Inside,13.99,Very Low,Contracting,-22.84,No,"Very Low volatility, contracting - coiling, watch for breakout",Low vol - tight stops,Normal,Falling,Weak Up,0.2228,Accumulation,48.1142,Neutral,2 - Advancing,mid,84.0,39.0,4 - Declining,69.0,WAIT,62.0,1.0,Weak ADX,"2 - Advancing, trend 81 but ADX shows no trend, this is a range - wait for alignment","2 - Advancing, trend 82 but ADX shows no trend, this is a range - wait for alignment","2 - Advancing, trend 71 but ADX shows no trend, this is a range - wait for alignment"
2026-01-16,1702.4000244140625,1705.199951171875,1678.800048828125,1701.5999755859375,65306,1655.581,1636.3361,No,81.52,Strong Bull,Uptrend,Hold,Uptrend (HH+HL),Bullish,82.01,Strong Bull,Bullish confirmed,"Range with bullish lean - ADX no trend, direction not confirmed",76.1,"Outperforming, strengthening",Leads both,55.2202,Neutral,9.0874,9.8618,bullish fading,Neutral,1.1533,0.2283,full,73.81,Positive fading,58.74,Bullish,Bullish majority,None,Bullish - price momentum agrees but MACD shows deceleration,Upper Half,No Trend,Bullish,No,No,Inside,13.23,Very Low,Contracting,-21.09,No,"Very Low volatility, contracting - coiling, watch for breakout",Low vol - tight stops,Normal,Falling,Weak Down,0.2741,Accumulation,47.9586,Neutral,2 - Advancing,mid,84.0,40.0,4 - Declining,69.0,WAIT,62.0,1.0,Weak ADX,"2 - Advancing, trend 82 but ADX shows no trend, this is a range - wait for alignment","2 - Advancing, trend 73 but ADX shows no trend, this is a range - wait for alignment","2 - Advancing, trend 75 but ADX shows no trend, this is a range - wait for alignment"
2026-01-19,1701.5999755859375,1701.5999755859375,1673.5,1690.4000244140625,84595,1656.9464,1636.874,No,82.02,Strong Bull,Uptrend,Hold,Uptrend (HH+HL),Bullish,80.74,Strong Bull,Bullish confirmed,"Range with bullish lean - ADX no trend, direction not confirmed",77.09,"Outperforming, strengthening",Leads both,52.8823,Neutral,8.8406,9.6575,bullish accelerating,Neutral,0.3562,0.104,full,71.68,Positive fading,58.39,Bullish,Bullish majority,Bearish divergence,Bullish - bearish divergence vs price over 21 bars,Lower Half,No Trend,Bullish,No,No,Inside,11.82,Very Low,Stable,-17.99,No,"Very Low volatility, stable",Low vol - tight stops,Normal,Falling,Weak Down,0.2926,Accumulation,48.9064,Neutral,2 - Advancing,mid,84.0,41.0,4 - Declining,69.0,WAIT,62.0,1.0,Weak ADX,"2 - Advancing, trend 81 but ADX shows no trend, this is a range - wait for alignment","2 - Advancing, trend 73 but ADX shows no trend, this is a range - wait for alignment","2 - Advancing, trend 76 but ADX shows no trend, this is a range - wait for alignment"
2026-01-20,1687.0,1699.0,1672.0,1685.199951171875,97926,1658.0544,1637.3549,No,81.52,Strong Bull,Uptrend,Hold,Uptrend (HH+HL),Bullish,79.89,Strong Bull,Bullish confirmed,"Range with bullish lean - ADX no trend, direction not confirmed",84.04,"Outperforming, strengthening",Leads both,51.7861,Neutral,8.1317,9.3524,bullish accelerating,Neutral,-0.9463,-0.0953,full,73.52,Positive accelerating,58.6,Bullish,Bullish majority,None,Bullish - price momentum agrees but MACD shows deceleration,Lower Half,No Trend,Bullish,No,No,Inside,11.14,Very Low,Stable,-18.72,No,"Very Low volatility, stable",Low vol - tight stops,Normal,Falling,Weak Down,0.2491,Accumulation,48.6546,Neutral,2 - Advancing,mid,84.0,42.0,4 - Declining,69.0,WAIT,62.0,1.0,Weak ADX,"2 - Advancing, trend 80 but ADX shows no trend, this is a range - wait for alignment","2 - Advancing, trend 73 but ADX shows no trend, this is a range - wait for alignment","2 - Advancing, trend 83 but ADX shows no trend, this is a range - wait for alignment"
2026-01-21,1685.199951171875,1690.0,1602.0,1664.300048828125,343896,1658.2993,1637.623,No,76.44,Bull,Uptrend,Hold,Uptrend (HH+HL),Bullish,75.42,Strong Bull,Bullish confirmed,"Range with bullish lean - ADX no trend, direction not confirmed",75.92,"Outperforming, strengthening",Leads both,47.5221,Neutral,5.8164,8.6452,bullish accelerating,Neutral,-0.3115,0.0018,full,65.43,Positive fading,53.49,Neutral,Mixed,None,"Neutral - components mixed, low conviction",Lower Half,No Trend,Bearish,No,No,Inside,13.69,Very Low,Stable,-16.47,No,"Very Low volatility, stable",Low vol - tight stops,High,Falling,Confirmed Down,0.1416,Accumulation,38.8641,Neutral,2 - Advancing,mid,84.0,43.0,4 - Declining,69.0,WAIT,62.0,1.0,Weak ADX,"2 - Advancing, trend 75 but ADX shows no trend, this is a range - wait for alignment","2 - Advancing, trend 80 but ADX shows no trend, this is a range - wait for alignment","2 - Advancing, trend 77 but ADX shows no trend, this is a range - wait for alignment"
2026-01-22,1688.800048828125,1703.800048828125,1672.699951171875,1684.0999755859375,56026,1659.3111,1638.0854,No,76.15,Bull,Uptrend,Hold,Uptrend (HH+HL),Bullish,77.87,Strong Bull,Bullish confirmed,"Range with bullish lean - ADX no trend, direction not confirmed",77.36,"Outperforming, strengthening",Leads both,51.5889,Neutral,5.5157,8.0193,bullish fading,Neutral,-0.6372,-0.0503,full,67.42,Positive accelerating,55.43,Neutral,Bullish majority,None,Neutral - price momentum agrees but MACD shows deceleration,Lower Half,No Trend,Bearish,No,No,Inside,14.31,Very Low,Stable,-14.13,Partial,"Very Low volatility, stable",Low vol - tight stops,Normal,Falling,Weak Up,0.1015,Accumulation,39.4451,Neutral,2 - Advancing,mid,84.0,44.0,4 - Declining,69.0,WAIT,62.0,1.0,Weak ADX,"2 - Advancing, trend 78 but ADX shows no trend, this is a range - wait for alignment","2 - Advancing, trend 81 but ADX shows no trend, this is a range - wait for alignment","2 - Advancing, trend 82 but ADX shows no trend, this is a range - wait for alignment"
2026-01-23,1703.5,1703.5,1629.0,1651.0999755859375,90357,1658.9891,1638.2149,No,62.88,Bull,Uptrend,Hold,Uptrend (HH+HL),Bullish,68.98,Bull,Bullish confirmed,"Range with bullish lean - ADX no trend, direction not confirmed",78.53,"Outperforming, weakening",Leads both,45.2894,Neutral,2.5847,6.9324,bullish accelerating,Neutral,-0.121,0.0272,full,66.31,Positive fading,51.18,Neutral,Mixed,None,"Neutral - components mixed, low conviction",Lower Half,No Trend,Bearish,Yes,No,Inside,19.88,Very Low,Stable,-11.3,Partial,"Very Low volatility, stable",Low vol - tight stops,Normal,Falling,Confirmed Down,0.1566,Accumulation,34.9064,Neutral,2 - Advancing,mid,74.0,45.0,4 - Declining,69.0,WAIT,59.5,1.0,Weak ADX,"2 - Advancing, trend 69 but ADX shows no trend, this is a range - wait for alignment","2 - Advancing, trend 82 but ADX shows no trend, this is a range - wait for alignment","2 - Advancing, trend 73 but ADX shows no trend, this is a range - wait for alignment"
2026-01-27,1651.0999755859375,1678.0,1490.5,1632.4000244140625,961035,1657.9464,1638.1571,Yes,58.26,Neutral,Uptrend,Hold,Uptrend (HH+HL),Bullish,63.79,Bull,Bullish majority,"Range with bullish lean - ADX no trend, direction not confirmed",73.26,"Outperforming, weakening",Leads both,42.1485,Neutral,-1.2329,5.2993,bearish accelerating,Neutral,-1.5203,-0.1856,full,63.8,Positive fading,48.7,Neutral,Mixed,None,"Neutral - components mixed, low conviction",Below Lower,No Trend,Bearish,Yes,Yes,Inside,32.7,Low,Stable,6.43,Partial,"Low volatility, stable",Normal vol,High,Falling,Confirmed Down,0.2943,Accumulation,17.6519,Oversold,2 - Advancing,mid,74.0,46.0,4 - Declining,69.0,WAIT,56.42,1.0,Weak ADX,"2 - Advancing, trend 64 but ADX shows no trend, this is a range - wait for alignment","2 - Advancing, trend 81 but ADX shows no trend, this is a range - wait for alignment","2 - Advancing, trend 73 but ADX shows no trend, this is a range - wait for alignment"
2026-01-28,1666.0,1669.699951171875,1553.0,1586.199951171875,246874,1655.1328,1637.6401,Yes,45.57,Neutral,Downtrend,Sell,Uptrend (HH+HL),Bullish,43.15,Neutral,Bearish majority,"No clear trend - ADX no trend, price ranging",66.17,"Outperforming, weakening",Leads both,35.5829,Oversold,-7.8953,2.6604,bearish accelerating,Neutral,-4.7442,-0.6823,full,58.14,Positive fading,41.98,Bearish,Mixed,None,"Bearish - components mixed, low conviction",Below Lower,No Trend,Bearish,Yes,Yes,Inside,45.08,Normal,Stable,17.73,Partial,"Normal volatility, stable",Normal vol,Normal,Falling,Confirmed Down,0.2704,Accumulation,26.9055,Neutral,2 - Advancing,mid,64.0,47.0,4 - Declining,69.0,WAIT,44.11,1.0,Trend,"2 - Advancing, but trend score 43 does not confirm long - no directional edge","2 - Advancing, trend 80 but ADX shows no trend, this is a range - wait for alignment","2 - Advancing, trend 73 but ADX shows no trend, this is a range - wait for alignment"
2026-01-29,1577.9000244140625,1585.0,1512.4000244140625,1537.0999755859375,294632,1650.5041,1636.6397,Yes,31.69,Bear,Downtrend,Hold,Uptrend (HH+HL),Bullish,36.56,Bear,Bearish majority,"Range with bearish lean - ADX emerging, direction not confirmed",53.26,"Outperforming, weakening",Leads both,30.1988,Oversold,-16.9419,-1.2601,bearish accelerating,Neutral,-9.4278,-1.3974,full,48.62,Negative accelerating,34.7,Bearish,Bearish confirmed,None,Bearish - all 4 components agree incl. MACD acceleration,Below Lower,Emerging,Bearish,Yes,Yes,Inside,52.34,Normal,Expanding,34.09,No,"Normal volatility, expanding - range widening",Wide stop - size down,Normal,Falling,Confirmed Down,0.2114,Accumulation,22.0267,Neutral,2 - Advancing,mid,50.0,48.0,4 - Declining,69.0,WAIT,37.56,1.0,Trend,"2 - Advancing, but trend score 37 does not confirm long - no directional edge","2 - Advancing, trend 75 but ADX shows no trend, this is a range - wait for alignment","2 - Advancing, trend 80 but ADX shows no trend, this is a range - wait for alignment"
2026-01-30,1530.0,1562.5,1504.0999755859375,1551.9000244140625,157417,1646.6372,1635.7965,Yes,26.69,Bear,Downtrend,Hold,Uptrend (HH+HL),Bullish,33.18,Bear,Bearish majority,"Bear - majority agree, 1 dissenting, trending ADX",54.25,"Outperforming, weakening",Leads both,33.4668,Oversold,-22.6561,-5.5393,bearish accelerating,Neutral,-8.8405,-1.304,full,47.77,Negative accelerating,33.59,Bearish,Bearish confirmed,None,Bearish - all 4 components agree incl. MACD acceleration,Below Lower,Trending,Bearish,Yes,Yes,Inside,54.01,Normal,Expanding,40.01,No,"Normal volatility, expanding - range widening",Normal vol,Normal,Falling,Confirmed Up,0.2365,Accumulation,21.2203,Neutral,2 - Advancing,mid,40.0,49.0,4 - Declining,69.0,STAND ASIDE,50.0,0.0,Stage unclear,2 - Advancing but stage confidence only 40 - regime not established,"2 - Advancing, trend 78 but ADX shows no trend, this is a range - wait for alignment","2 - Advancing, trend 81 but ADX shows no trend, this is a range - wait for alignment"
2026-02-02,1572.0,1613.5,1525.800048828125,1608.199951171875,86588,1645.1299,1635.5219,Yes,31.97,Bear,Downtrend,Hold,Uptrend (HH+HL),Bullish,34.4,Bear,Bearish majority,"Bear - majority agree, 1 dissenting, trending ADX",64.18,"Outperforming, strengthening",Leads both,44.174,Neutral,-22.3836,-8.9081,bearish fading,Neutral,-5.489,-0.7913,full,55.25,Positive accelerating,40.76,Bearish,Bearish majority,None,"Bearish - majority agree, 1 dissenting",Lower Half,Trending,Bearish,Yes,Yes,Inside,54.96,Normal,Expanding,41.74,No,"Normal volatility, expanding - range widening",Normal vol,Normal,Falling,Weak Up,0.2508,Accumulation,24.0937,Neutral,2 - Advancing,mid,40.0,50.0,4 - Declining,69.0,STAND ASIDE,50.0,0.0,Stage unclear,2 - Advancing but stage confidence only 40 - regime not established,"2 - Advancing, trend 69 but ADX shows no trend, this is a range - wait for alignment","2 - Advancing, trend 82 but ADX shows no trend, this is a range - wait for alignment"
2026-02-03,1657.0,1693.800048828125,1622.5,1638.0,170646,1644.8503,1635.5466,No,34.45,Bear,Downtrend,Hold,Range,Bearish,26.86,Bear,Bearish confirmed,"Bear - all 4 components agree, trending ADX",48.75,"Underperforming, weakening",Leads NIFTY500 only,48.8648,Neutral,-19.5378,-11.0341,bearish fading,Neutral,-3.0999,-0.4372,full,49.04,Negative accelerating,44.34,Neutral,Bearish majority,None,"Neutral - majority agree, 1 dissenting",Lower Half,Trending,Bearish,Yes,Yes,Inside,55.28,Normal,Expanding,43.46,No,"Normal volatility, expanding - range widening",Normal vol,Normal,Falling,Confirmed Up,0.2069,Accumulation,25.4167,Neutral,2 - Advancing,mid,40.0,51.0,4 - Declining,69.0,STAND ASIDE,50.0,0.0,Stage unclear,2 - Advancing but stage confidence only 40 - regime not established,"2 - Advancing, trend 64 but ADX shows no trend, this is a range - wait for alignment","2 - Advancing, trend 81 but ADX shows no trend, this is a range - wait for alignment"
2026-02-04,1631.0,1631.0,1584.0,1608.9000244140625,111377,1643.4405,1635.2814,Yes,31.49,Bear,Downtrend,Hold,Range,Bearish,24.87,Strong Bear,Bearish confirmed,"Strong Bear - all 4 components agree, trending ADX",43.95,"Underperforming, weakening",Lags both,44.8975,Neutral,-19.4069,-12.7086,bearish fading,Neutral,-4.5276,-0.6798,full,45.25,Negative accelerating,43.97,Neutral,Bearish majority,None,"Neutral - majority agree, 1 dissenting",Lower Half,Trending,Bearish,Yes,Yes,Inside,55.52,Normal,Expanding,44.37,No,"Normal volatility, expanding - range widening",Normal vol,Normal,Falling,Weak Down,0.1949,Accumulation,22.2799,Neutral,2 - Advancing,mid,40.0,52.0,4 - Declining,69.0,STAND ASIDE,50.0,0.0,Stage unclear,2 - Advancing but stage confidence only 40 - regime not established,"2 - Advancing, but trend score 43 does not confirm long - no directional edge","2 - Advancing, trend 80 but ADX shows no trend, this is a range - wait for alignment"
2026-02-05,1630.9000244140625,1719.9000244140625,1630.9000244140625,1703.699951171875,1083555,1645.8036,1635.9622,No,46.52,Neutral,Downtrend,Hold,Range,Bearish,40.17,Neutral,Bearish confirmed,"No clear trend - ADX emerging, price ranging",55.12,"Outperforming, strengthening",Leads both,57.1133,Neutral,-11.5209,-12.4711,Bullish crossover,Neutral,2.3674,0.404,full,54.45,Positive accelerating,56.16,Neutral,Bullish confirmed,Bearish divergence,Neutral - bearish divergence vs price over 21 bars,Upper Half,Emerging,Bearish,Yes,Yes,Near Upper,56.55,Normal,Expanding,42.86,No,"Normal volatility, expanding - range widening",Normal vol,High,Rising,Confirmed Up,0.3324,Accumulation,43.5039,Neutral,2 - Advancing,mid,40.0,53.0,4 - Declining,69.0,STAND ASIDE,50.0,0.0,Stage unclear,2 - Advancing but stage confidence only 40 - regime not established,"2 - Advancing, but trend score 37 does not confirm long - no directional edge","2 - Advancing, trend 75 but ADX shows no trend, this is a range - wait for alignment"
2026-02-06,1702.5,1705.5,1660.800048828125,1678.5999755859375,179998,1647.0897,1636.3865,No,60.79,Bull,Downtrend,Hold,Range,Bearish,43.12,Neutral,Mixed,"No clear trend - ADX emerging, price ranging",49.86,"Underperforming, improving",Leads NIFTY500 only,53.7177,Neutral,-7.2133,-11.4195,bearish accelerating,Neutral,-0.3266,-0.0269,full,51.33,Positive fading,56.6,Neutral,Bullish confirmed,None,Neutral - all 4 components agree incl. MACD acceleration,Upper Half,Emerging,Bearish,No,Yes,Inside,55.52,Normal,Expanding,41.21,No,"Normal volatility, expanding - range widening",Normal vol,Normal,Rising,Weak Down,0.3094,Accumulation,42.2147,Neutral,2 - Advancing,mid,64.0,54.0,4 - Declining,69.0,WAIT,49.68,1.0,Trend,"2 - Advancing, but trend score 43 does not confirm long - no directional edge",2 - Advancing but stage confidence only 40 - regime not established,"2 - Advancing, trend 78 but ADX shows no trend, this is a range - wait for alignment"
2026-02-09,1700.0,1729.9000244140625,1685.0,1697.0999755859375,181350,1649.0509,1636.9906,No,75.36,Bull,Downtrend,Hold,Range,Bearish,57.99,Neutral,Mixed,"No clear trend - ADX emerging, price ranging",51.88,"Outperforming, strengthening",Leads both,55.8034,Neutral,-2.2804,-9.5917,bearish accelerating,Overbought,2.786,0.4627,full,54.45,Positive accelerating,61.11,Bullish,Bullish confirmed,None,Bullish - all 4 components agree incl. MACD acceleration,Upper Half,Emerging,Bullish,No,Yes,Inside,55.2,Normal,Expanding,35.32,No,"Normal volatility, expanding - range widening",Normal vol,Normal,Rising,Weak Up,0.2899,Accumulation,45.8098,Neutral,2 - Advancing,mid,84.0,55.0,4 - Declining,69.0,WAIT,60.93,1.0,Trend,"2 - Advancing, but trend score 58 does not confirm long - no directional edge",2 - Advancing but stage confidence only 40 - regime not established,"2 - Advancing, trend 69 but ADX shows no trend, this is a range - wait for alignment"
2026-02-10,1697.0,1767.0,1692.699951171875,1757.9000244140625,262496,1653.3195,1638.1937,No,82.45,Strong Bull,Uptrend,Buy,Range,Bearish,76.91,Strong Bull,Bullish confirmed,"Range with bullish lean - ADX emerging, direction not confirmed",58.85,"Outperforming, strengthening",Leads both,61.883,Overbought,6.4605,-6.3813,bullish accelerating,Overbought,7.6881,1.234,full,59.9,Positive accelerating,67.37,Bullish,Bullish confirmed,None,Bullish - all 4 components agree incl. MACD acceleration,At Upper,Emerging,Bullish,No,Yes,Breakout Up,56.83,Normal,Expanding,24.13,No,"Normal volatility, expanding - range widening",Normal vol,Normal,Rising,Confirmed Up,0.3114,Accumulation,50.4669,Neutral,2 - Advancing,mid,84.0,56.0,4 - Declining,69.0,WAIT,62.0,1.0,Weak ADX,"2 - Advancing, trend 77 but ADX shows no trend, this is a range - wait for alignment",2 - Advancing but stage confidence only 40 - regime not established,"2 - Advancing, trend 64 but ADX shows no trend, this is a range - wait for alignment"
2026-02-11,1757.9000244140625,1772.5,1717.0,1742.5999755859375,230593,1656.8207,1639.2325,No,84.36,Strong Bull,Uptrend,Hold,Range,Bearish,77.3,Strong Bull,Bullish confirmed,"Range with bullish lean - ADX no trend, direction not confirmed",60.78,"Outperforming, strengthening",Leads both,59.659,Neutral,12.0147,-2.7021,bullish accelerating,Overbought,9.86,1.5666,full,60.64,Positive accelerating,67.97,Bullish,Bullish confirmed,None,Bullish - all 4 components agree incl. MACD acceleration,Upper Half,No Trend,Bullish,No,No,Inside,57.5,Normal,Stable,12.42,No,"Normal volatility, stable",Vol contracting,Normal,Rising,Weak Down,0.2858,Accumulation,57.6449,Neutral,2 - Advancing,mid,84.0,57.0,4 - Declining,69.0,WAIT,62.0,1.0,Weak ADX,"2 - Advancing, trend 77 but ADX shows no trend, this is a range - wait for alignment",2 - Advancing but stage confidence only 40 - regime not established,"2 - Advancing, but trend score 43 does not confirm long - no directional edge"
2026-02-12,1742.5999755859375,1742.5999755859375,1653.0,1659.4000244140625,114259,1656.9219,1639.4332,No,79.42,Bull,Uptrend,Hold,Range,Bearish,70.77,Bull,Mixed,"Range with bullish lean - ADX no trend, direction not confirmed",52.9,"Outperforming, weakening",Leads both,49.286,Neutral,9.5922,-0.2432,bullish fading,Overbought,7.9565,1.2532,full,51.79,Positive fading,58.96,Bullish,Bullish majority,Bullish divergence,Bullish - bullish divergence vs price over 21 bars,Upper Half,No Trend,Bearish,No,No,Inside,61.35,High,Stable,9.01,No,"High volatility, stable",Wide stop - size down,Dry-up,Rising,Weak Down,0.2511,Accumulation,55.446,Neutral,2 - Advancing,mid,84.0,58.0,4 - Declining,69.0,WAIT,62.0,1.0,Trend agreement,"2 - Advancing, trend 71 but components disagree - wait for alignment",2 - Advancing but stage confidence only 40 - regime not established,"2 - Advancing, but trend score 37 does not confirm long - no directional edge"
2026-02-13,1588.0,1665.0,1588.0,1640.5,130076,1656.2779,1639.4438,No,79.15,Bull,Uptrend,Hold,Range,Bearish,70.83,Bull,Mixed,"Range with bullish lean - ADX no trend, direction not confirmed",57.7,"Outperforming, weakening",Leads both,47.2752,Neutral,6.0773,1.0209,bullish fading,Neutral,5.7091,0.8889,full,53.01,Positive accelerating,54.46,Neutral,Bullish majority,Bullish divergence,Neutral - bullish divergence vs price over 21 bars,Lower Half,No Trend,Bearish,No,Yes,Inside,62.54,High,Stable,8.53,No,"High volatility, stable",Wide stop - size down,Normal,Rising,Weak Down,0.2489,Accumulation,54.9494,Neutral,2 - Advancing,mid,84.0,59.0,4 - Declining,69.0,WAIT,62.0,1.0,Trend agreement,"2 - Advancing, trend 71 but components disagree - wait for alignment","2 - Advancing, but trend score 43 does not confirm long - no directional edge",2 - Advancing but stage confidence only 40 - regime not established
2026-02-16,1635.0,1640.0,1596.0,1620.800048828125,88109,1654.8866,1639.2583,Yes,75.32,Bull,Uptrend,Hold,Range,Bearish,67.74,Bull,Mixed,"Range with bullish lean - ADX no trend, direction not confirmed",54.75,"Outperforming, weakening",Leads both,45.2049,Neutral,1.6827,1.1533,bullish fading,Neutral,0.7835,0.1028,full,52.04,Positive fading,49.13,Neutral,Mixed,None,"Neutral - components mixed, low conviction",Lower Half,No Trend,Bearish,No,Yes,Inside,61.29,High,Stable,6.33,No,"High volatility, stable",Wide stop - size down,Dry-up,Rising,Weak Down,0.2405,Accumulation,68.8026,Neutral,2 - Advancing,mid,84.0,60.0,4 - Declining,69.0,WAIT,60.52,1.0,Trend agreement,"2 - Advancing, trend 68 but components disagree - wait for alignment","2 - Advancing, but trend score 58 does not confirm long - no directional edge",2 - Advancing but stage confidence only 40 - regime not established
2026-02-17,1620.800048828125,1659.0,1616.0999755859375,1640.300048828125,101830,1654.3146,1639.2687,No,62.11,Bull,Uptrend,Hold,Range,Bearish,65.35,Bull,Mixed,"Range with bullish lean - ADX no trend, direction not confirmed",55.89,"Outperforming, weakening",Leads both,47.6488,Neutral,-0.2239,0.8778,Bearish crossover,Neutral,0.1404,0.0074,full,52.49,Positive accelerating,48.71,Neutral,Bearish majority,None,"Neutral - majority agree, 1 dissenting",Lower Half,No Trend,Bearish,No,No,Inside,58.21,Normal,Stable,2.94,No,"Normal volatility, stable",Vol contracting,Dry-up,Rising,Weak Up,0.2388,Accumulation,67.4567,Neutral,2 - Advancing,late,74.0,61.0,4 - Declining,69.0,WAIT,59.52,1.0,Trend agreement,"2 - Advancing, trend 65 but components disagree - wait for alignment","2 - Advancing, trend 77 but ADX shows no trend, this is a range - wait for alignment",2 - Advancing but stage confidence only 40 - regime not established
2026-02-18,1654.5,1659.9000244140625,1627.5,1639.5,70280,1653.7336,1639.271,No,61.91,Bull,Uptrend,Hold,Range,Bearish,65.6,Bull,Mixed,"Range with bullish lean - ADX no trend, direction not confirmed",56.95,"Outperforming, weakening",Leads both,47.555,Neutral,-1.7791,0.3464,bearish accelerating,Neutral,1.9019,0.295,full,54.86,Positive accelerating,48.72,Neutral,Bearish majority,None,"Neutral - majority agree, 1 dissenting",Lower Half,No Trend,Bearish,No,No,Inside,57.1,Normal,Stable,1.59,No,"Normal volatility, stable",Vol contracting,Dry-up,Rising,Weak Down,0.2369,Accumulation,74.396,Neutral,2 - Advancing,late,74.0,62.0,4 - Declining,69.0,WAIT,58.44,1.0,Trend agreement,"2 - Advancing, trend 66 but components disagree - wait for alignment","2 - Advancing, trend 77 but ADX shows no trend, this is a range - wait for alignment",2 - Advancing but stage confidence only 40 - regime not established
2026-02-19,1670.0,1670.0,1639.0,1658.4000244140625,65505,1653.9166,1639.4613,No,62.09,Bull,Uptrend,Hold,Range,Bearish,66.08,Bull,Mixed,"Range with bullish lean - ADX no trend, direction not confirmed",65.74,"Outperforming, weakening",Leads both,50.0541,Neutral,-1.4695,-0.0167,bearish fading,Neutral,-2.6589,-0.4394,full,58.0,Positive accelerating,51.22,Neutral,Bullish majority,None,Neutral - price momentum agrees but MACD shows deceleration,Upper Half,No Trend,Bearish,No,No,Inside,56.19,Normal,Stable,-0.36,No,"Normal volatility, stable",Vol contracting,Dry-up,Rising,Weak Up,0.224,Accumulation,78.7019,Neutral,3 - Topping,early,40.0,1.0,2 - Advancing,62.0,STAND ASIDE,50.0,0.0,Stage unclear,3 - Topping but stage confidence only 40 - regime not established,"2 - Advancing, trend 71 but components disagree - wait for alignment",2 - Advancing but stage confidence only 40 - regime not established
2026-02-20,1657.800048828125,1657.800048828125,1572.0,1594.4000244140625,176163,1651.5826,1639.013,Yes,47.46,Neutral,Uptrend,Hold,Range,Bearish,55.29,Neutral,Mixed,"No clear trend - ADX no trend, price ranging",56.56,"Outperforming, weakening",Leads both,42.6438,Neutral,-6.3156,-1.2765,bearish accelerating,Neutral,-5.0161,-0.8141,full,50.5,Positive fading,43.19,Neutral,Bearish majority,None,"Neutral - majority agree, 1 dissenting",Lower Half,No Trend,Bearish,No,No,Inside,58.57,Normal,Stable,3.06,No,"Normal volatility, stable",Vol contracting,Normal,Rising,Weak Down,0.204,Accumulation,73.6373,Neutral,3 - Topping,early,60.0,2.0,2 - Advancing,62.0,STAND ASIDE,49.74,0.0,Stage,3 - Topping - no new positions in a basing/topping stage,"2 - Advancing, trend 71 but components disagree - wait for alignment","2 - Advancing, but trend score 43 does not confirm long - no directional edge"
2026-02-23,1594.4000244140625,1603.0,1535.0,1540.199951171875,157636,1647.2147,1638.0297,Yes,25.74,Bear,Downtrend,Sell,Range,Bearish,27.67,Bear,Bearish confirmed,"Range with bearish lean - ADX no trend, direction not confirmed",48.97,"Underperforming, weakening",Lags both,37.571,Oversold,-14.3641,-3.894,bearish accelerating,Neutral,-9.2452,-1.4824,full,46.45,Negative accelerating,35.88,Bearish,Bearish confirmed,None,Bearish - all 4 components agree incl. MACD acceleration,Lower Half,No Trend,Bearish,No,Yes,Inside,62.58,High,Stable,7.38,No,"High volatility, stable",Wide stop - size down,Normal,Rising,Weak Down,0.1813,Accumulation,68.4715,Neutral,3 - Topping,early,60.0,3.0,2 - Advancing,62.0,STAND ASIDE,35.12,0.0,Stage,3 - Topping - no new positions in a basing/topping stage,"2 - Advancing, trend 68 but components disagree - wait for alignment","2 - Advancing, but trend score 58 does not confirm long - no directional edge"
2026-02-24,1534.0999755859375,1541.800048828125,1441.5999755859375,1456.0999755859375,445732,1639.72,1636.2195,Yes,12.41,Strong Bear,Downtrend,Hold,Range,Bearish,22.01,Strong Bear,Bearish confirmed,"Range with bearish lean - ADX no trend, direction not confirmed",22.16,"Underperforming, weakening",Lags both,31.341,Oversold,-27.2151,-8.5582,bearish accelerating,Oversold,-17.1682,-2.7025,full,23.6,Negative accelerating,22.28,Strong Bearish,Bearish confirmed,None,Strong Bearish - all 4 components agree incl. MACD acceleration,Below Lower,No Trend,Bearish,Yes,Yes,Breakout Down,72.54,High,Stable,15.71,No,"High volatility, stable",Wide stop - size down,High,Rising,Confirmed Down,0.0167,Neutral,62.4042,Neutral,3 - Topping,early,40.0,4.0,2 - Advancing,62.0,STAND ASIDE,50.0,0.0,Stage unclear,3 - Topping but stage confidence only 40 - regime not established,"2 - Advancing, trend 65 but components disagree - wait for alignment","2 - Advancing, trend 77 but ADX shows no trend, this is a range - wait for alignment"
2026-02-25,1465.300048828125,1468.0,1395.0999755859375,1432.5,448362,1631.5937,1634.1924,Yes,4.9,Strong Bear,Downtrend,Hold,Range,Bearish,18.22,Strong Bear,Bearish confirmed,"Range with bearish lean - ADX emerging, direction not confirmed",23.62,"Underperforming, weakening",Lags both,29.8454,Oversold,-38.8559,-14.6178,bearish accelerating,Oversold,-17.7952,-2.7499,full,25.79,Negative fading,21.2,Strong Bearish,Bearish confirmed,None,Strong Bearish but oversold on RSI and Stochastic - stretched,Below Lower,Emerging,Bearish,Yes,Yes,Breakout Down,78.77,High,Expanding,21.27,No,High volatility and still expanding - move may be extended,Wide stop - size down,Normal,Rising,Confirmed Down,0.0419,Neutral,36.7628,Neutral,3 - Topping,early,20.0,5.0,2 - Advancing,62.0,STAND ASIDE,50.0,0.0,Stage unclear,3 - Topping but stage confidence only 20 - regime not established,"2 - Advancing, trend 66 but components disagree - wait for alignment","2 - Advancing, trend 77 but ADX shows no trend, this is a range - wait for alignment"
2026-02-26,1443.300048828125,1445.300048828125,1411.0999755859375,1417.5999755859375,111844,1623.2018,1632.0373,Yes,4.57,Strong Bear,Downtrend,Hold,Range,Bearish,17.04,Strong Bear,Bearish confirmed,"Range with bearish lean - ADX emerging, direction not confirmed",17.64,"Underperforming, weakening",Lags both,28.9074,Oversold,-48.7221,-21.4386,bearish accelerating,Oversold,-14.5715,-2.2197,full,18.7,Negative accelerating,18.49,Strong Bearish,Bearish confirmed,None,Strong Bearish but oversold on RSI and Stochastic - stretched,Below Lower,Emerging,Bearish,Yes,Yes,Inside,80.12,Very High,Stable,18.77,No,"Very High volatility, stable",Wide stop - size down,Normal,Rising,Weak Down,0.0493,Neutral,38.0495,Neutral,3 - Topping,early,20.0,6.0,2 - Advancing,62.0,STAND ASIDE,50.0,0.0,Stage unclear,3 - Topping but stage confidence only 20 - regime not established,3 - Topping but stage confidence only 40 - regime not established,"2 - Advancing, trend 71 but components disagree - wait for alignment"
2026-02-27,1417.5999755859375,1417.699951171875,1350.0,1375.800048828125,451945,1613.4998,1629.4877,Yes,3.58,Strong Bear,Downtrend,Hold,Range,Bearish,15.43,Strong Bear,Bearish confirmed,"Range with bearish lean - ADX emerging, direction not confirmed",12.69,"Underperforming, weakening",Lags both,26.4008,Oversold,-59.2312,-28.9971,bearish accelerating,Oversold,-16.1353,-2.4215,full,12.24,Negative accelerating,15.52,Strong Bearish,Bearish confirmed,None,Strong Bearish but oversold on RSI and Stochastic - stretched,Below Lower,Emerging,Bearish,Yes,Yes,Breakout Down,82.58,Very High,Expanding,20.04,No,Very High volatility and still expanding - move may be extended,Wide stop - size down,Normal,Rising,Confirmed Down,0.0017,Neutral,28.325,Neutral,3 - Topping,early,20.0,7.0,2 - Advancing,62.0,STAND ASIDE,50.0,0.0,Stage unclear,3 - Topping but stage confidence only 20 - regime not established,3 - Topping - no new positions in a basing/topping stage,"2 - Advancing, trend 71 but components disagree - wait for alignment"
2026-03-02,1352.0,1388.199951171875,1340.0,1346.5,157668,1603.0292,1626.6719,Yes,3.0,Strong Bear,Downtrend,Hold,Range,Bearish,14.01,Strong Bear,Bearish confirmed,"Strong Bear - all 4 components agree, trending ADX",13.06,"Underperforming, weakening",Lags both,24.7789,Oversold,-69.1272,-37.0232,bearish accelerating,Oversold,-16.9237,-2.5,full,10.24,Negative accelerating,13.94,Strong Bearish,Bearish confirmed,None,Strong Bearish but oversold on RSI and Stochastic - stretched,Below Lower,Trending,Bearish,Yes,Yes,Breakout Down,84.13,Very High,Expanding,22.84,No,Very High volatility and still expanding - move may be extended,Wide stop - size down,Normal,Rising,Weak Down,-0.0387,Neutral,19.0204,Oversold,3 - Topping,early,20.0,8.0,2 - Advancing,62.0,STAND ASIDE,50.0,0.0,Stage unclear,3 - Topping but stage confidence only 20 - regime not established,3 - Topping - no new positions in a basing/topping stage,"2 - Advancing, trend 68 but components disagree - wait for alignment"
2026-03-04,1340.0,1365.0,1323.5999755859375,1331.0,263205,1592.3614,1623.7299,Yes,3.07,Strong Bear,Downtrend,Hold,Range,Bearish,12.83,Strong Bear,Bearish confirmed,"Strong Bear - all 4 components agree, trending ADX",11.44,"Underperforming, weakening",Lags both,23.941,Oversold,-77.3291,-45.0843,bearish accelerating,Oversold,-18.8563,-2.7385,full,6.2,Negative accelerating,12.35,Strong Bearish,Bearish confirmed,None,Strong Bearish but oversold on RSI and Stochastic - stretched,At Lower,Trending,Bearish,Yes,Yes,Breakout Down,83.85,Very High,Expanding,25.64,No,Very High volatility and still expanding - move may be extended,Wide stop - size down,Normal,Rising,Confirmed Down,-0.053,Distribution,9.4857,Oversold,3 - Topping,early,20.0,9.0,2 - Advancing,62.0,STAND ASIDE,50.0,0.0,Stage unclear,3 - Topping but stage confidence only 20 - regime not established,3 - Topping but stage confidence only 40 - regime not established,"2 - Advancing, trend 65 but components disagree - wait for alignment"
2026-03-05,1348.800048828125,1348.800048828125,1283.199951171875,1305.9000244140625,626336,1581.1276,1620.5674,Yes,2.93,Strong Bear,Downtrend,Hold,Range,Bearish,11.51,Strong Bear,Bearish confirmed,"Strong Bear - all 4 components agree, trending ADX",6.19,"Underperforming, weakening",Lags both,22.6077,Oversold,-84.8762,-53.0427,bearish fading,Oversold,-20.3477,-2.9031,full,5.22,Negative accelerating,11.75,Strong Bearish,Bearish confirmed,None,Strong Bearish but oversold on RSI and Stochastic - stretched,Lower Half,Trending,Bearish,Yes,Yes,Breakout Down,85.72,Very High,Expanding,28.61,No,Very High volatility and still expanding - move may be extended,Wide stop - size down,High,Rising,Confirmed Down,-0.0852,Distribution,8.228,Oversold,3 - Topping,mid,20.0,10.0,2 - Advancing,62.0,STAND ASIDE,50.0,0.0,Stage unclear,3 - Topping but stage confidence only 20 - regime not established,3 - Topping but stage confidence only 20 - regime not established,"2 - Advancing, trend 66 but components disagree - wait for alignment"
2026-03-06,1305.9000244140625,1339.300048828125,1296.699951171875,1329.199951171875,167720,1571.2481,1617.6682,Yes,4.32,Strong Bear,Downtrend,Hold,Range,Bearish,11.51,Strong Bear,Bearish confirmed,"Strong Bear - all 4 components agree, trending ADX",14.05,"Underperforming, weakening",Lags both,26.6891,Oversold,-87.9632,-60.0268,bearish fading,Oversold,-19.8505,-2.7948,full,9.42,Negative fading,15.24,Strong Bearish,Bearish confirmed,None,Strong Bearish but oversold on RSI and Stochastic - stretched,Lower Half,Trending,Bearish,Yes,Yes,Inside,84.84,Very High,Expanding,28.65,No,Very High volatility and still expanding - move may be extended,Wide stop - size down,Normal,Rising,Weak Up,-0.2384,Distribution,12.8704,Oversold,3 - Topping,mid,20.0,11.0,2 - Advancing,62.0,STAND ASIDE,50.0,0.0,Stage unclear,3 - Topping but stage confidence only 20 - regime not established,3 - Topping but stage confidence only 20 - regime not established,3 - Topping but stage confidence only 40 - regime not established
2026-03-09,1288.0,1314.9000244140625,1275.0,1305.199951171875,132739,1560.8148,1614.5591,Yes,3.92,Strong Bear,Downtrend,Hold,Range,Bearish,11.37,Strong Bear,Bearish confirmed,"Strong Bear - all 4 components agree, trending ADX",15.05,"Underperforming, weakening",Lags both,25.2141,Oversold,-91.2939,-66.2802,bearish fading,Oversold,-18.1385,-2.5038,full,6.63,Negative accelerating,14.77,Strong Bearish,Bearish confirmed,None,Strong Bearish but oversold on RSI and Stochastic - stretched,Lower Half,Trending,Bearish,Yes,Yes,Inside,85.44,Very High,Expanding,26.86,No,Very High volatility and still expanding - move may be extended,Wide stop - size down,Normal,Rising,Weak Down,-0.2171,Distribution,12.7906,Oversold,3 - Topping,mid,20.0,12.0,2 - Advancing,62.0,STAND ASIDE,50.0,0.0,Stage unclear,3 - Topping but stage confidence only 20 - regime not established,3 - Topping but stage confidence only 20 - regime not established,3 - Topping - no new positions in a basing/topping stage
2026-03-10,1325.0,1406.0,1309.699951171875,1396.4000244140625,827054,1554.3672,1612.3883,Yes,8.73,Strong Bear,Downtrend,Hold,Range,Bearish,15.06,Strong Bear,Bearish confirmed,"Strong Bear - all 4 components agree, trending ADX",30.6,"Underperforming, weakening",Lags both,39.0082,Neutral,-85.5878,-70.1417,bearish fading,Oversold,-9.3364,-1.2271,full,19.78,Negative fading,26.62,Strong Bearish,Bearish confirmed,None,Strong Bearish - all 4 components agree incl. MACD acceleration,Lower Half,Trending,Bearish,Yes,Yes,Inside,87.22,Very High,Expanding,24.64,No,Very High volatility and still expanding - move may be extended,Wide stop - size down,High,Rising,Confirmed Up,-0.0409,Neutral,27.4417,Neutral,3 - Topping,mid,20.0,13.0,2 - Advancing,62.0,STAND ASIDE,50.0,0.0,Stage unclear,3 - Topping but stage confidence only 20 - regime not established,3 - Topping but stage confidence only 20 - regime not established,3 - Topping - no new positions in a basing/topping stage
2026-03-11,1405.9000244140625,1405.9000244140625,1368.5999755859375,1376.4000244140625,174081,1547.3881,1610.0402,Yes,7.48,Strong Bear,Downtrend,Hold,Range,Bearish,12.62,Strong Bear,Bearish confirmed,"Strong Bear - all 4 components agree, trending ADX",35.91,"Underperforming, weakening",Lags both,37.3799,Neutral,-81.7373,-72.4608,bearish fading,Neutral,-5.4735,-0.6664,full,22.6,Negative fading,30.2,Bearish,Bearish confirmed,None,Bearish - all 4 components agree incl. MACD acceleration,Lower Half,Trending,Bearish,Yes,No,Inside,85.64,Very High,Stable,13.1,No,"Very High volatility, stable",Wide stop - size down,Normal,Rising,Weak Down,-0.1023,Distribution,28.9896,Neutral,3 - Topping,mid,20.0,14.0,2 - Advancing,62.0,STAND ASIDE,50.0,0.0,Stage unclear,3 - Topping but stage confidence only 20 - regime not established,3 - Topping but stage confidence only 20 - regime not established,3 - Topping but stage confidence only 40 - regime not established
2026-03-12,1375.0,1408.800048828125,1331.0,1373.9000244140625,354606,1540.5846,1607.6905,Yes,7.5,Strong Bear,Downtrend,Hold,Range,Bearish,12.62,Strong Bear,Bearish confirmed,"Strong Bear - all 4 components agree, trending ADX",39.3,"Underperforming, weakening",Lags both,37.1711,Neutral,-77.9885,-73.5664,bearish fading,Neutral,-4.0907,-0.4632,full,24.41,Negative fading,33.92,Bearish,Bearish confirmed,None,Bearish - all 4 components agree incl. MACD acceleration,Lower Half,Trending,Bearish,Yes,No,Inside,86.75,Very High,Stable,7.98,No,"Very High volatility, stable",Wide stop - size down,Normal,Rising,Confirmed Down,-0.089,Distribution,25.5064,Neutral,3 - Topping,mid,20.0,15.0,2 - Advancing,62.0,STAND ASIDE,50.0,0.0,Stage unclear,3 - Topping but stage confidence only 20 - regime not established,3 - Topping but stage confidence only 20 - regime not established,3 - Topping but stage confidence only 20 - regime not established
2026-03-13,1367.0999755859375,1367.0999755859375,1321.199951171875,1327.300048828125,136289,1532.2205,1604.9006,Yes,4.78,Strong Bear,Downtrend,Hold,Range,Bearish,11.67,Strong Bear,Bearish confirmed,"Strong Bear - all 4 components agree, trending ADX",36.27,"Underperforming, weakening",Lags both,33.4222,Oversold,-77.88,-74.4291,bearish fading,Neutral,-6.3699,-0.7849,full,18.77,Negative accelerating,31.06,Bearish,Bearish confirmed,None,Bearish - all 4 components agree incl. MACD acceleration,Lower Half,Trending,Bearish,Yes,Yes,Inside,86.71,Very High,Stable,6.59,No,"Very High volatility, stable",Wide stop - size down,Normal,Rising,Weak Down,-0.0891,Distribution,25.9242,Neutral,3 - Topping,mid,20.0,16.0,2 - Advancing,62.0,STAND ASIDE,50.0,0.0,Stage unclear,3 - Topping but stage confidence only 20 - regime not established,3 - Topping but stage confidence only 20 - regime not established,3 - Topping but stage confidence only 20 - regime not established
2026-03-16,1333.9000244140625,1378.0,1315.699951171875,1330.5999755859375,251212,1524.3138,1602.1712,Yes,5.51,Strong Bear,Downtrend,Hold,Range,Bearish,11.93,Strong Bear,Bearish confirmed,"Strong Bear - all 4 components agree, trending ADX",36.14,"Underperforming, weakening",Lags both,33.9303,Oversold,-76.6442,-74.8721,bearish fading,Neutral,-3.2854,-0.3376,full,19.69,Negative fading,32.23,Bearish,Bearish confirmed,None,Bearish - all 4 components agree incl. MACD acceleration,Lower Half,Trending,Bearish,No,No,Inside,86.27,Very High,Stable,3.69,No,"Very High volatility, stable",Wide stop - size down,Normal,Rising,Weak Up,-0.1213,Distribution,30.9391,Neutral,3 - Topping,mid,20.0,17.0,2 - Advancing,62.0,STAND ASIDE,50.0,0.0,Stage unclear,3 - Topping but stage confidence only 20 - regime not established,3 - Topping but stage confidence only 20 - regime not established,3 - Topping but stage confidence only 20 - regime not established
2026-03-17,1341.199951171875,1341.199951171875,1316.5,1327.5,136583,1516.5956,1599.4382,Yes,5.71,Strong Bear,Downtrend,Hold,Range,Bearish,12.0,Strong Bear,Bearish confirmed,"Strong Bear - all 4 components agree, trending ADX",25.29,"Underperforming, weakening",Lags both,33.6703,Oversold,-75.0499,-74.9077,bearish fading,Neutral,-1.4111,-0.0692,full,11.3,Negative accelerating,30.59,Bearish,Bearish majority,None,Bearish - price momentum agrees but MACD shows deceleration,Lower Half,Trending,Bearish,Yes,No,Inside,82.02,Very High,Stable,-2.11,No,"Very High volatility, stable",Wide stop - size down,Normal,Rising,Weak Down,-0.1251,Distribution,33.5031,Neutral,3 - Topping,mid,20.0,18.0,2 - Advancing,62.0,STAND ASIDE,50.0,0.0,Stage unclear,3 - Topping but stage confidence only 20 - regime not established,3 - Topping but stage confidence only 20 - regime not established,3 - Topping but stage confidence only 20 - regime not established
2026-03-18,1327.5,1365.0,1327.5,1349.9000244140625,240937,1510.0586,1596.9552,Yes,7.47,Strong Bear,Downtrend,Hold,Range,Bearish,12.61,Strong Bear,Bearish confirmed,"Strong Bear - all 4 components agree, trending ADX",24.15,"Underperforming, weakening",Lags both,37.4028,Neutral,-71.1586,-74.1578,Bullish crossover,Neutral,1.42,0.3344,full,12.03,Negative fading,34.74,Bearish,Bearish majority,None,Bearish - price momentum agrees but MACD shows deceleration,Lower Half,Trending,Bearish,No,No,Inside,78.81,High,Stable,-5.04,No,"High volatility, stable",Wide stop - size down,Normal,Rising,Weak Up,-0.1156,Distribution,41.4068,Neutral,3 - Topping,mid,20.0,19.0,2 - Advancing,62.0,STAND ASIDE,50.0,0.0,Stage unclear,3 - Topping but stage confidence only 20 - regime not established,3 - Topping but stage confidence only 20 - regime not established,3 - Topping but stage confidence only 20 - regime not established
2026-03-19,1322.5,1357.199951171875,1322.0,1337.300048828125,106560,1503.2837,1594.3716,Yes,6.78,Strong Bear,Downtrend,Hold,Downtrend (LH+LL),Bearish,2.37,Strong Bear,Bearish confirmed,"Strong Bear - all 4 components agree, trending ADX",26.63,"Underperforming, weakening",Lags both,36.1699,Neutral,-68.304,-72.9871,bearish accelerating,Neutral,2.4045,0.4721,full,9.2,Negative accelerating,35.3,Bearish,Bearish majority,None,Bearish - price momentum agrees but MACD shows deceleration,Lower Half,Trending,Bearish,No,No,Inside,77.38,High,Stable,-8.33,No,"High volatility, stable",Wide stop - size down,Dry-up,Rising,Weak Down,-0.114,Distribution,41.5338,Neutral,4 - Declining,early,84.0,1.0,3 - Topping,19.0,ENTER SMALL,20.16,3.0,Volume,"4 - Declining, trend 2 short confirmed but participation is thin - reduce size, breakouts without volume fail more often",3 - Topping but stage confidence only 20 - regime not established,3 - Topping but stage confidence only 20 - regime not established
2026-03-20,1332.0,1351.5999755859375,1322.4000244140625,1332.800048828125,381923,1496.5981,1591.7689,Yes,6.69,Strong Bear,Downtrend,Hold,Downtrend (LH+LL),Bearish,2.34,Strong Bear,Bearish confirmed,"Strong Bear - all 4 components agree, trending ADX",24.76,"Underperforming, weakening",Lags both,35.7171,Neutral,-65.6482,-71.5193,bearish accelerating,Neutral,0.2708,0.159,full,8.87,Negative accelerating,36.28,Bearish,Bearish majority,None,Bearish - price momentum agrees but MACD shows deceleration,Lower Half,Trending,Bearish,No,No,Inside,74.36,High,Stable,-10.48,No,"High volatility, stable",Wide stop - size down,Normal,Rising,Confirmed Down,-0.1297,Distribution,42.4244,Neutral,4 - Declining,early,84.0,2.0,3 - Topping,19.0,ENTER SHORT,19.24,5.0,None,"4 - Declining, trend 2 with bearish confirmed, momentum and volume confirm; early in the stage",3 - Topping but stage confidence only 20 - regime not established,3 - Topping but stage confidence only 20 - regime not established
2026-03-23,1320.0,1323.9000244140625,1262.0,1274.9000244140625,182458,1487.904,1588.6159,Yes,3.3,Strong Bear,Downtrend,Hold,Downtrend (LH+LL),Bearish,1.15,Strong Bear,Bearish confirmed,"Strong Bear - all 4 components agree, trending ADX",24.64,"Underperforming, weakening",Lags both,30.4369,Oversold,-67.438,-70.703,bearish fading,Neutral,-2.3215,-0.2218,full,4.12,Negative accelerating,30.5,Bearish,Bearish majority,None,Bearish - price momentum agrees but MACD shows deceleration,Lower Half,Trending,Bearish,No,No,Breakout Down,74.96,High,Stable,-10.47,No,"High volatility, stable",Wide stop - size down,Normal,Rising,Weak Down,-0.1335,Distribution,42.2603,Neutral,4 - Declining,early,84.0,3.0,3 - Topping,19.0,ENTER SMALL,20.0,3.0,Volume,"4 - Declining, trend 1 short confirmed but participation is thin - reduce size, breakouts without volume fail more often",3 - Topping but stage confidence only 20 - regime not established,3 - Topping but stage confidence only 20 - regime not established
2026-03-24,1305.0,1351.5,1290.5,1347.300048828125,341200,1482.3902,1586.2148,Yes,8.49,Strong Bear,Downtrend,Hold,Downtrend (LH+LL),Bearish,2.97,Strong Bear,Bearish confirmed,"Strong Bear - all 4 components agree, trending ADX",28.05,"Underperforming, weakening",Lags both,41.986,Neutral,-62.2963,-69.0217,bearish accelerating,Neutral,-3.5162,-0.4105,full,8.92,Negative fading,37.72,Bearish,Bearish majority,None,Bearish - price momentum agrees but MACD shows deceleration,Lower Half,Trending,Bearish,No,No,Inside,66.63,High,Contracting,-20.6,No,"High volatility, contracting - move losing energy",Wide stop - size down,Normal,Rising,Confirmed Up,-0.0573,Distribution,49.8105,Neutral,4 - Declining,early,84.0,4.0,3 - Topping,19.0,ENTER SHORT,23.55,5.0,None,"4 - Declining, trend 3 with bearish confirmed, momentum and volume confirm; early in the stage",3 - Topping but stage confidence only 20 - regime not established,3 - Topping but stage confidence only 20 - regime not established
2026-03-25,1347.300048828125,1372.0,1314.0,1323.5,389671,1476.1592,1583.6007,Yes,6.87,Strong Bear,Downtrend,Hold,Downtrend (LH+LL),Bearish,2.4,Strong Bear,Bearish confirmed,"Strong Bear - all 4 components agree, trending ADX",17.53,"Underperforming, weakening",Lags both,39.6553,Neutral,-59.4566,-67.1087,bearish accelerating,Neutral,-3.8434,-0.4743,full,2.13,Negative accelerating,35.37,Bearish,Bearish majority,None,Bearish - price momentum agrees but MACD shows deceleration,Lower Half,Trending,Bearish,No,No,Inside,63.01,High,Contracting,-22.62,No,"High volatility, contracting - move losing energy",Wide stop - size down,Normal,Rising,Confirmed Down,-0.0486,Neutral,62.857,Neutral,4 - Declining,early,84.0,5.0,3 - Topping,19.0,ENTER SHORT,18.99,5.0,None,"4 - Declining, trend 2 with bearish confirmed, momentum and volume confirm; early in the stage",3 - Topping but stage confidence only 20 - regime not established,3 - Topping but stage confidence only 20 - regime not established
2026-03-27,1326.4000244140625,1364.699951171875,1300.199951171875,1354.800048828125,200738,1471.4,1581.3241,Yes,9.24,Strong Bear,Downtrend,Hold,Downtrend (LH+LL),Bearish,3.23,Strong Bear,Bearish confirmed,"Strong Bear - all 4 components agree, trending ADX",25.72,"Underperforming, improving",Lags both,44.0539,Neutral,-54.0573,-64.4984,bearish accelerating,Neutral,-1.3902,-0.1163,full,4.92,Negative fading,41.01,Bearish,Mixed,Bullish divergence,Bearish - bullish divergence vs price over 21 bars,Upper Half,Trending,Bearish,No,No,Inside,58.33,Normal,Contracting,-28.41,Partial,"Normal volatility, contracting - move losing energy",Wide stop - size down,Normal,Rising,Weak Up,-0.0281,Neutral,63.1955,Neutral,4 - Declining,early,84.0,6.0,3 - Topping,19.0,HOLD / TIGHTEN STOP,30.0,2.0,Momentum divergence,"4 - Declining, trend 3 short but momentum diverging - trend tiring, tighten stop","4 - Declining, trend 2 short confirmed but participation is thin - reduce size, breakouts without volume fail more often",3 - Topping but stage confidence only 20 - regime not established
2026-03-30,1327.0,1360.0,1317.0999755859375,1328.4000244140625,317514,1465.7921,1578.8074,Yes,8.03,Strong Bear,Downtrend,Hold,Downtrend (LH+LL),Bearish,3.09,Strong Bear,Bearish confirmed,"Strong Bear - all 4 components agree, trending ADX",26.24,"Underperforming, improving",Lags both,41.3182,Neutral,-51.317,-61.8621,bearish accelerating,Neutral,0.0829,0.0972,full,1.83,Negative accelerating,38.8,Bearish,Mixed,Bullish divergence,Bearish - bullish divergence vs price over 21 bars,Lower Half,Trending,Bearish,No,No,Inside,55.24,Normal,Contracting,-31.47,Partial,"Normal volatility, contracting - move losing energy",Wide stop - size down,Normal,Rising,Confirmed Down,-0.0409,Neutral,60.2734,Neutral,4 - Declining,early,84.0,7.0,3 - Topping,19.0,HOLD / TIGHTEN STOP,30.0,2.0,Momentum divergence,"4 - Declining, trend 3 short but momentum diverging - trend tiring, tighten stop","4 - Declining, trend 2 with bearish confirmed, momentum and volume confirm; early in the stage",3 - Topping but stage confidence only 20 - regime not established
2026-04-01,1376.9000244140625,1376.9000244140625,1322.0,1331.5,270398,1460.5258,1576.3467,Yes,13.65,Strong Bear,Downtrend,Hold,Downtrend (LH+LL),Bearish,5.61,Strong Bear,Bearish confirmed,"Strong Bear - all 4 components agree, trending ADX",24.61,"Underperforming, improving",Lags both,41.7754,Neutral,-48.3379,-59.1573,bearish accelerating,Neutral,0.0676,0.0849,full,3.86,Negative fading,39.88,Bearish,Mixed,Bullish divergence,Bearish - bullish divergence vs price over 21 bars,Lower Half,Trending,Bearish,No,No,Inside,51.71,Normal,Contracting,-34.56,Partial,"Normal volatility, contracting - move losing energy",Wide stop - size down,Normal,Rising,Weak Up,-0.0545,Distribution,53.7213,Neutral,4 - Declining,early,84.0,8.0,3 - Topping,19.0,HOLD / TIGHTEN STOP,30.0,2.0,Momentum divergence,"4 - Declining, trend 6 short but momentum diverging - trend tiring, tighten stop","4 - Declining, trend 1 short confirmed but participation is thin - reduce size, breakouts without volume fail more often",3 - Topping but stage confidence only 20 - regime not established
2026-04-02,1318.0,1352.0,1302.5,1342.9000244140625,123432,1455.913,1574.0238,Yes,14.02,Strong Bear,Downtrend,Hold,Downtrend (LH+LL),Bearish,6.06,Strong Bear,Bearish confirmed,"Strong Bear - all 4 components agree, trending ADX",33.15,"Underperforming, improving",Lags both,43.5183,Neutral,-44.5436,-56.2345,bearish accelerating,Neutral,1.1601,0.247,full,11.63,Negative fading,42.79,Neutral,Bearish majority,Bullish divergence,Neutral - bullish divergence vs price over 21 bars,Upper Half,Trending,Bearish,No,No,Inside,50.59,Normal,Contracting,-31.43,Partial,"Normal volatility, contracting - move losing energy",Wide stop - size down,Dry-up,Rising,Weak Up,-0.0205,Neutral,49.3721,Neutral,4 - Declining,early,84.0,9.0,3 - Topping,19.0,HOLD / TIGHTEN STOP,30.0,2.0,Momentum divergence,"4 - Declining, trend 6 short but momentum diverging - trend tiring, tighten stop","4 - Declining, trend 3 with bearish confirmed, momentum and volume confirm; early in the stage",3 - Topping but stage confidence only 20 - regime not established
2026-04-06,1362.5,1390.0,1320.5999755859375,1369.300048828125,111376,1452.5164,1571.9867,Yes,19.91,Strong Bear,Downtrend,Hold,Downtrend (LH+LL),Bearish,9.63,Strong Bear,Bearish confirmed,"Strong Bear - all 4 components agree, trending ADX",33.79,"Underperforming, improving",Lags both,47.4418,Neutral,-38.9573,-52.7791,bearish accelerating,Neutral,1.4371,0.2832,full,14.13,Negative fading,47.13,Neutral,Mixed,None,"Neutral - components mixed, low conviction",Upper Half,Trending,Bearish,No,No,Inside,52.9,Normal,Contracting,-25.91,Partial,"Normal volatility, contracting - move losing energy",Wide stop - size down,Dry-up,Rising,Weak Up,0.018,Neutral,56.8082,Neutral,4 - Declining,early,84.0,10.0,3 - Topping,19.0,ENTER SMALL,28.17,3.0,Volume,"4 - Declining, trend 10 short confirmed but participation is thin - reduce size, breakouts without volume fail more often","4 - Declining, trend 2 with bearish confirmed, momentum and volume confirm; early in the stage",3 - Topping but stage confidence only 20 - regime not established
2026-04-07,1355.0,1442.0,1355.0,1411.800048828125,224607,1450.9197,1570.3928,Yes,24.71,Bear,Downtrend,Hold,Downtrend (LH+LL),Bearish,32.43,Bear,Bearish majority,"Bear - majority agree, 1 dissenting, trending ADX",41.66,"Underperforming, improving",Lags both,53.0911,Neutral,-30.7463,-48.3725,bearish accelerating,Neutral,5.5709,0.9313,full,20.32,Negative fading,53.44,Neutral,Bullish majority,None,"Neutral - majority agree, 1 dissenting",Above Upper,Trending,Bullish,No,Yes,Breakout Up,56.63,Normal,Contracting,-20.75,Partial,"Normal volatility, contracting - move losing energy",Wide stop - size down,Normal,Falling,Weak Up,0.0711,Accumulation,62.2662,Neutral,4 - Declining,early,84.0,11.0,3 - Topping,19.0,ENTER SMALL,40.33,3.0,Volume,"4 - Declining, trend 32 short confirmed but participation is thin - reduce size, breakouts without volume fail more often","4 - Declining, trend 3 short but momentum diverging - trend tiring, tighten stop","4 - Declining, trend 2 short confirmed but participation is thin - reduce size, breakouts without volume fail more often"
2026-04-08,1468.0,1468.0,1430.0,1459.199951171875,200205,1451.2444,1569.2865,Yes,28.35,Bear,Uptrend,Buy,Downtrend (LH+LL),Bearish,51.4,Neutral,Mixed,"Neutral - components mixed, low conviction",37.41,"Underperforming, improving",Lags both,58.4545,Neutral,-20.1816,-42.7343,bearish accelerating,Overbought,9.4838,1.5423,full,23.49,Negative fading,58.9,Bullish,Bullish majority,None,"Bullish - majority agree, 1 dissenting",Above Upper,Trending,Bullish,No,No,Breakout Up,60.87,High,Stable,-13.49,No,"High volatility, stable",Wide stop - size down,Normal,Falling,Weak Up,0.0744,Accumulation,61.865,Neutral,4 - Declining,early,84.0,12.0,3 - Topping,19.0,WAIT,50.5,1.0,Trend,"4 - Declining, but trend score 51 does not confirm short - no directional edge","4 - Declining, trend 3 short but momentum diverging - trend tiring, tighten stop","4 - Declining, trend 2 with bearish confirmed, momentum and volume confirm; early in the stage"
2026-04-09,1465.0,1493.5999755859375,1453.199951171875,1477.300048828125,82054,1452.2662,1568.3712,Yes,40.25,Neutral,Uptrend,Hold,Downtrend (LH+LL),Bearish,55.29,Neutral,Mixed,"Neutral - components mixed, low conviction",43.51,"Underperforming, improving",Lags both,60.3203,Neutral,-10.2305,-36.2336,bearish accelerating,Overbought,15.8758,2.5197,full,25.41,Negative fading,61.02,Bullish,Bullish majority,None,"Bullish - majority agree, 1 dissenting",Above Upper,Trending,Bullish,No,No,Breakout Up,62.86,High,Stable,-12.11,No,"High volatility, stable",Vol contracting,Dry-up,Falling,Weak Up,0.0648,Accumulation,65.5608,Neutral,4 - Declining,early,74.0,13.0,3 - Topping,19.0,WAIT,53.89,1.0,Trend,"4 - Declining, but trend score 55 does not confirm short - no directional edge","4 - Declining, trend 6 short but momentum diverging - trend tiring, tighten stop","4 - Declining, trend 1 short confirmed but participation is thin - reduce size, breakouts without volume fail more often"
2026-04-10,1498.0,1557.0,1455.5,1539.699951171875,274103,1455.695,1568.0859,Yes,49.6,Neutral,Uptrend,Hold,Downtrend (LH+LL),Bearish,58.84,Neutral,Mixed,"Neutral - components mixed, low conviction",47.2,"Underperforming, improving",Lags both,65.9907,Overbought,2.6603,-28.4548,bullish accelerating,Overbought,14.2804,2.2391,full,31.0,Negative fading,65.51,Bullish,Bullish majority,None,"Bullish - majority agree, 1 dissenting",Above Upper,Trending,Bullish,No,No,Breakout Up,72.3,High,Stable,5.67,No,"High volatility, stable",Vol contracting,Normal,Falling,Confirmed Up,-0.0343,Neutral,66.2789,Neutral,4 - Declining,early,74.0,14.0,3 - Topping,19.0,WAIT,58.03,1.0,Trend,"4 - Declining, but trend score 59 does not confirm short - no directional edge","4 - Declining, trend 6 short but momentum diverging - trend tiring, tighten stop","4 - Declining, trend 3 with bearish confirmed, momentum and volume confirm; early in the stage"
2026-04-13,1520.0,1534.0,1472.0999755859375,1514.0,83335,1457.9815,1567.5477,Yes,46.67,Neutral,Uptrend,Hold,Downtrend (LH+LL),Bearish,58.08,Neutral,Mixed,"Neutral - components mixed, low conviction",49.02,"Underperforming, improving",Lags both,62.0572,Neutral,10.6794,-20.628,bullish accelerating,Overbought,14.3937,2.2311,full,31.37,Negative fading,63.98,Bullish,Bullish majority,None,"Bullish - majority agree, 1 dissenting",Above Upper,Trending,Bullish,No,No,Inside,78.77,High,Stable,15.76,No,"High volatility, stable",Wide stop - size down,Dry-up,Falling,Weak Down,-0.0053,Neutral,66.5389,Neutral,4 - Declining,mid,74.0,15.0,3 - Topping,19.0,WAIT,54.83,1.0,Trend,"4 - Declining, but trend score 58 does not confirm short - no directional edge","4 - Declining, trend 10 short confirmed but participation is thin - reduce size, breakouts without volume fail more often","4 - Declining, trend 2 with bearish confirmed, momentum and volume confirm; early in the stage"
2026-04-15,1525.0,1550.0,1494.0,1517.0,331517,1460.2959,1567.0447,Yes,45.98,Neutral,Uptrend,Hold,Downtrend (LH+LL),Bearish,58.2,Neutral,Mixed,"Neutral - components mixed, low conviction",42.02,"Underperforming, improving",Lags both,62.3394,Neutral,17.0799,-13.0864,bullish fading,Overbought,11.9722,1.8358,full,29.01,Negative accelerating,62.88,Bullish,Bullish majority,None,"Bullish - majority agree, 1 dissenting",Upper Half,Trending,Bullish,Yes,No,Inside,79.01,High,Expanding,20.67,No,High volatility and still expanding - move may be extended,Vol contracting,Normal,Falling,Confirmed Up,-0.0272,Neutral,78.2082,Neutral,4 - Declining,mid,74.0,16.0,3 - Topping,19.0,WAIT,56.95,1.0,Trend,"4 - Declining, but trend score 58 does not confirm short - no directional edge","4 - Declining, trend 32 short confirmed but participation is thin - reduce size, breakouts without volume fail more often","4 - Declining, trend 3 short but momentum diverging - trend tiring, tighten stop"
2026-04-16,1535.0,1556.199951171875,1508.5999755859375,1522.4000244140625,235089,1462.7314,1566.6005,Yes,52.29,Neutral,Uptrend,Hold,Downtrend (LH+LL),Bearish,60.81,Bull,Bullish majority,"Bull - majority agree, 1 dissenting, trending ADX",46.47,"Underperforming, improving",Lags both,62.8747,Overbought,22.3306,-6.003,bullish fading,Overbought,14.604,2.2089,full,34.19,Negative fading,63.96,Bullish,Bullish majority,None,"Bullish - majority agree, 1 dissenting",Upper Half,Trending,Bullish,Yes,No,Inside,76.9,High,Expanding,21.67,No,High volatility and still expanding - move may be extended,Vol contracting,Normal,Falling,Confirmed Up,-0.0263,Neutral,84.0579,Overbought,4 - Declining,mid,64.0,17.0,3 - Topping,19.0,WAIT,59.45,1.0,Trend,"4 - Declining, but trend score 61 does not confirm short - no directional edge","4 - Declining, but trend score 51 does not confirm short - no directional edge","4 - Declining, trend 3 short but momentum diverging - trend tiring, tighten stop"
2026-04-17,1525.4000244140625,1525.4000244140625,1488.800048828125,1499.0,337852,1464.1537,1565.9279,Yes,49.29,Neutral,Uptrend,Hold,Downtrend (LH+LL),Bearish,59.78,Neutral,Mixed,"Neutral - components mixed, low conviction",39.02,"Underperforming, improving",Lags both,58.964,Neutral,24.3232,0.0622,bullish fading,Overbought,12.5798,1.88,full,30.86,Negative accelerating,60.62,Bullish,Bullish majority,None,"Bullish - majority agree, 1 dissenting",Upper Half,Trending,Bullish,Yes,No,Inside,74.64,High,Expanding,22.93,No,High volatility and still expanding - move may be extended,Vol contracting,Normal,Falling,Confirmed Down,-0.0298,Neutral,73.0373,Neutral,4 - Declining,mid,64.0,18.0,3 - Topping,19.0,WAIT,54.39,1.0,Trend,"4 - Declining, but trend score 60 does not confirm short - no directional edge","4 - Declining, but trend score 55 does not confirm short - no directional edge","4 - Declining, trend 6 short but momentum diverging - trend tiring, tighten stop"
2026-04-20,1499.0,1499.0999755859375,1422.0,1430.0999755859375,316556,1462.8182,1564.5764,Yes,42.44,Neutral,Uptrend,Hold,Range,Bullish,65.97,Bull,Mixed,"Bull - components mixed, low conviction",28.52,"Underperforming, improving",Lags both,49.2505,Neutral,20.1109,4.072,bullish fading,Neutral,6.4934,0.9494,full,21.76,Negative accelerating,51.08,Neutral,Mixed,None,"Neutral - components mixed, low conviction",Upper Half,Trending,Bullish,Yes,Yes,Inside,80.64,Very High,Expanding,30.04,No,Very High volatility and still expanding - move may be extended,Wide stop - size down,Normal,Falling,Confirmed Down,-0.0782,Distribution,62.3972,Neutral,4 - Declining,mid,64.0,19.0,3 - Topping,19.0,WAIT,54.31,1.0,Trend,"4 - Declining, but trend score 66 does not confirm short - no directional edge","4 - Declining, but trend score 59 does not confirm short - no directional edge","4 - Declining, trend 6 short but momentum diverging - trend tiring, tighten stop"
2026-04-21,1431.5999755859375,1450.9000244140625,1414.0999755859375,1437.800048828125,150295,1461.8371,1563.3149,Yes,36.68,Bear,Uptrend,Hold,Range,Bullish,63.48,Bull,Mixed,"Range with bullish lean - ADX emerging, direction not confirmed",23.03,"Underperforming, improving",Lags both,50.2371,Neutral,17.1958,6.6967,bullish fading,Neutral,5.0026,0.7165,full,19.44,Negative accelerating,46.96,Neutral,Bullish majority,None,"Neutral - majority agree, 1 dissenting",Upper Half,Emerging,Bullish,No,No,Inside,76.15,High,Expanding,23.25,No,High volatility and still expanding - move may be extended,Wide stop - size down,Normal,Falling,Weak Up,-0.0805,Distribution,57.0634,Neutral,4 - Declining,mid,74.0,20.0,3 - Topping,19.0,WAIT,53.35,1.0,Trend,"4 - Declining, but trend score 63 does not confirm short - no directional edge","4 - Declining, but trend score 58 does not confirm short - no directional edge","4 - Declining, trend 10 short confirmed but participation is thin - reduce size, breakouts without volume fail more often"
2026-04-22,1435.0,1442.699951171875,1408.0,1426.9000244140625,198931,1460.467,1561.9575,Yes,29.37,Bear,Uptrend,Hold,Range,Bullish,58.97,Neutral,Mixed,"No clear trend - ADX emerging, price ranging",22.08,"Underperforming, improving",Lags both,48.7911,Neutral,13.8463,8.1267,bullish fading,Neutral,1.0696,0.1109,full,17.63,Negative accelerating,42.4,Neutral,Mixed,None,"Neutral - components mixed, low conviction",Upper Half,Emerging,Bullish,No,No,Inside,73.57,High,Stable,16.94,No,"High volatility, stable",Vol contracting,Normal,Falling,Weak Down,-0.0722,Distribution,58.9347,Neutral,4 - Declining,mid,74.0,21.0,3 - Topping,19.0,WAIT,48.76,1.0,Trend,"4 - Declining, but trend score 59 does not confirm short - no directional edge","4 - Declining, but trend score 58 does not confirm short - no directional edge","4 - Declining, trend 32 short confirmed but participation is thin - reduce size, breakouts without volume fail more often"
2026-04-23,1426.9000244140625,1445.5,1416.0,1435.300048828125,97521,1459.4801,1560.6973,Yes,26.34,Bear,Uptrend,Hold,Range,Bullish,58.04,Neutral,Mixed,"No clear trend - ADX emerging, price ranging",25.68,"Underperforming, improving",Lags both,49.9859,Neutral,11.7344,8.8482,bullish fading,Neutral,-1.6379,-0.3094,full,18.7,Negative fading,41.6,Bearish,Mixed,None,"Bearish - components mixed, low conviction",Upper Half,Emerging,Bullish,No,No,Inside,71.11,High,Stable,10.24,No,"High volatility, stable",Vol contracting,Dry-up,Falling,Weak Up,-0.0455,Neutral,56.6699,Neutral,4 - Declining,mid,74.0,22.0,3 - Topping,19.0,WAIT,49.3,1.0,Trend,"4 - Declining, but trend score 58 does not confirm short - no directional edge","4 - Declining, but trend score 61 does not confirm short - no directional edge","4 - Declining, but trend score 51 does not confirm short - no directional edge"
2026-04-24,1476.9000244140625,1573.800048828125,1425.0,1438.0,3914727,1458.6377,1559.4764,Yes,26.69,Bear,Uptrend,Hold,Range,Bullish,58.6,Neutral,Mixed,"No clear trend - ADX emerging, price ranging",29.16,"Underperforming, improving",Lags both,50.3866,Neutral,10.1615,9.1109,bullish fading,Neutral,-2.6603,-0.4707,full,20.14,Negative fading,40.86,Bearish,Bearish majority,None,"Bearish - majority agree, 1 dissenting",Upper Half,Emerging,Bullish,No,Yes,Inside,82.7,Very High,Stable,19.84,No,"Very High volatility, stable",Wide stop - size down,High,Rising,Confirmed Up,-0.4058,Distribution,83.5507,Overbought,4 - Declining,mid,74.0,23.0,3 - Topping,19.0,WAIT,50.53,1.0,Trend,"4 - Declining, but trend score 59 does not confirm short - no directional edge","4 - Declining, but trend score 60 does not confirm short - no directional edge","4 - Declining, but trend score 55 does not confirm short - no directional edge"
2026-04-27,1439.9000244140625,1513.4000244140625,1426.0999755859375,1504.0999755859375,504434,1460.4206,1558.9254,Yes,36.58,Bear,Uptrend,Hold,Range,Bullish,62.47,Bull,Mixed,"Range with bullish lean - ADX emerging, direction not confirmed",34.43,"Underperforming, improving",Lags both,59.0385,Neutral,14.0862,10.1059,bullish accelerating,Neutral,-2.3121,-0.4189,full,28.51,Negative fading,48.36,Neutral,Bullish majority,None,"Neutral - majority agree, 1 dissenting",Upper Half,Emerging,Bullish,No,Yes,Inside,82.1,Very High,Stable,9.8,No,"Very High volatility, stable",Wide stop - size down,Normal,Rising,Confirmed Up,-0.3856,Distribution,84.5043,Overbought,4 - Declining,mid,74.0,24.0,3 - Topping,19.0,WAIT,54.52,1.0,Trend,"4 - Declining, but trend score 62 does not confirm short - no directional edge","4 - Declining, but trend score 66 does not confirm short - no directional edge","4 - Declining, but trend score 59 does not confirm short - no directional edge"
2026-04-28,1497.800048828125,1534.800048828125,1497.0999755859375,1521.800048828125,189795,1462.8276,1558.556,Yes,51.82,Neutral,Uptrend,Hold,Range,Bullish,68.34,Bull,Bullish confirmed,"Range with bullish lean - ADX emerging, direction not confirmed",40.14,"Underperforming, improving",Lags both,60.9998,Neutral,18.4126,11.7673,bullish accelerating,Neutral,0.5152,0.0139,full,32.88,Negative fading,52.35,Neutral,Bullish majority,None,"Neutral - majority agree, 1 dissenting",Upper Half,Emerging,Bullish,No,No,Inside,76.15,High,Stable,-2.62,No,"High volatility, stable",Wide stop - size down,Dry-up,Rising,Weak Up,-0.3557,Distribution,84.4635,Overbought,4 - Declining,mid,64.0,25.0,3 - Topping,19.0,WAIT,58.16,1.0,Trend,"4 - Declining, but trend score 68 does not confirm short - no directional edge","4 - Declining, but trend score 63 does not confirm short - no directional edge","4 - Declining, but trend score 58 does not confirm short - no directional edge"
2026-04-29,1527.800048828125,1569.9000244140625,1506.5999755859375,1557.800048828125,355706,1466.552,1558.5485,Yes,57.19,Neutral,Uptrend,Hold,Uptrend (HH+HL),Bullish,80.96,Strong Bull,Bullish confirmed,"Strong Bull - all 4 components agree, trending ADX",42.25,"Underperforming, improving",Lags both,64.7017,Overbought,24.4642,14.3066,bullish accelerating,Neutral,2.6895,0.3463,full,35.0,Negative fading,57.63,Neutral,Bullish majority,None,"Neutral - majority agree, 1 dissenting",Upper Half,Trending,Bullish,Yes,No,Inside,74.6,High,Stable,-4.4,No,"High volatility, stable",Vol contracting,Normal,Rising,Weak Up,-0.3394,Distribution,84.846,Overbought,4 - Declining,mid,64.0,26.0,3 - Topping,19.0,WAIT,65.42,1.0,Trend,"4 - Declining, but trend score 81 does not confirm short - no directional edge","4 - Declining, but trend score 59 does not confirm short - no directional edge","4 - Declining, but trend score 58 does not confirm short - no directional edge"
2026-04-30,1561.9000244140625,1669.0,1545.0,1654.699951171875,1329919,1473.9304,1559.5052,No,69.62,Bull,Uptrend,Hold,Uptrend (HH+HL),Bullish,86.52,Strong Bull,Bullish confirmed,"Strong Bull - all 4 components agree, trending ADX",61.04,"Outperforming, strengthening",Leads both,72.3183,Overbought,36.6566,18.7766,bullish accelerating,Overbought,8.6902,1.271,full,50.44,Positive accelerating,68.77,Bullish,Bullish confirmed,None,Bullish but overbought on RSI and Stochastic - stretched,Above Upper,Trending,Bullish,Yes,Yes,Breakout Up,79.05,High,Stable,2.15,No,"High volatility, stable",Normal vol,High,Rising,Confirmed Up,-0.1768,Distribution,87.3073,Overbought,4 - Declining,mid,50.0,27.0,3 - Topping,19.0,WAIT,73.86,1.0,Trend,"4 - Declining, but trend score 87 does not confirm short - no directional edge","4 - Declining, but trend score 58 does not confirm short - no directional edge","4 - Declining, but trend score 61 does not confirm short - no directional edge"
2026-05-01,1654.699951171875,1654.699951171875,1654.699951171875,1654.699951171875,0,1481.0194,1560.4524,No,70.53,Bull,Uptrend,Hold,Uptrend (HH+HL),Bullish,87.96,Strong Bull,Bullish confirmed,"Strong Bull - all 4 components agree, trending ADX",65.11,"Outperforming, strengthening",Leads both,72.3183,Overbought,45.7913,24.1795,bullish accelerating,Overbought,10.3869,1.5302,full,52.73,Positive accelerating,71.61,Strong Bullish,Bullish confirmed,None,Strong Bullish but overbought on RSI and Stochastic - stretched,Above Upper,Trending,Bullish,Yes,No,Near Upper,76.19,High,Stable,1.55,No,"High volatility, stable",Vol contracting,Dry-up,Rising,Flat,-0.1626,Distribution,86.872,Overbought,4 - Declining,mid,50.0,28.0,3 - Topping,19.0,WAIT,73.56,1.0,Trend,"4 - Declining, but trend score 88 does not confirm short - no directional edge","4 - Declining, but trend score 59 does not confirm short - no directional edge","4 - Declining, but trend score 60 does not confirm short - no directional edge"
2026-05-04,1672.0,1689.800048828125,1638.9000244140625,1678.699951171875,427755,1488.7716,1561.629,No,78.98,Bull,Uptrend,Hold,Uptrend (HH+HL),Bullish,92.12,Strong Bull,Bullish confirmed,"Strong Bull - all 4 components agree, trending ADX",76.65,"Outperforming, strengthening",Leads both,73.9339,Overbought,54.3408,30.2118,bullish accelerating,Overbought,17.3834,2.5756,full,61.66,Positive accelerating,75.62,Strong Bullish,Bullish confirmed,None,Strong Bullish but overbought on RSI and Stochastic - stretched,Above Upper,Trending,Bullish,Yes,No,Breakout Up,74.25,High,Stable,-6.39,No,"High volatility, stable",Vol contracting,Normal,Rising,Weak Up,-0.1399,Distribution,88.4668,Overbought,4 - Declining,mid,40.0,29.0,3 - Topping,19.0,STAND ASIDE,50.0,0.0,Stage unclear,4 - Declining but stage confidence only 40 - regime not established,"4 - Declining, but trend score 62 does not confirm short - no directional edge","4 - Declining, but trend score 66 does not confirm short - no directional edge"
2026-05-05,1675.0,1715.0,1660.0,1686.5999755859375,327079,1496.5295,1562.8725,No,79.64,Bull,Uptrend,Hold,Uptrend (HH+HL),Bullish,92.87,Strong Bull,Bullish confirmed,"Strong Bull - all 4 components agree, trending ADX",87.95,"Outperforming, strengthening",Leads both,74.4623,Overbought,61.05,36.3794,bullish accelerating,Overbought,17.3042,2.5363,full,69.45,Positive accelerating,78.06,Strong Bullish,Bullish confirmed,None,Strong Bullish but overbought on RSI and Stochastic - stretched,At Upper,Trending,Bullish,Yes,No,Near Upper,73.81,High,Stable,-2.34,No,"High volatility, stable",Vol contracting,Normal,Rising,Weak Up,-0.1425,Distribution,88.51,Overbought,4 - Declining,mid,40.0,30.0,3 - Topping,19.0,STAND ASIDE,50.0,0.0,Stage unclear,4 - Declining but stage confidence only 40 - regime not established,"4 - Declining, but trend score 68 does not confirm short - no directional edge","4 - Declining, but trend score 63 does not confirm short - no directional edge"
2026-05-06,1695.0,1700.0,1650.0,1665.5,211574,1503.1558,1563.8937,No,78.28,Bull,Uptrend,Hold,Uptrend (HH+HL),Bullish,92.4,Strong Bull,Bullish confirmed,"Strong Bull - all 4 components agree, trending ADX",78.07,"Outperforming, strengthening",Leads both,70.36,Overbought,63.9277,41.8891,bullish fading,Overbought,16.7216,2.4264,full,64.64,Positive fading,74.31,Strong Bullish,Bullish confirmed,None,Strong Bullish but overbought on RSI and Stochastic - stretched,Upper Half,Trending,Bullish,Yes,No,Inside,73.65,High,Stable,0.08,No,"High volatility, stable",Vol contracting,Dry-up,Rising,Weak Down,-0.1583,Distribution,85.7325,Overbought,4 - Declining,mid,40.0,31.0,3 - Topping,19.0,STAND ASIDE,50.0,0.0,Stage unclear,4 - Declining but stage confidence only 40 - regime not established,"4 - Declining, but trend score 81 does not confirm short - no directional edge","4 - Declining, but trend score 59 does not confirm short - no directional edge"
2026-05-07,1679.9000244140625,1717.0,1668.5999755859375,1695.699951171875,142328,1510.7066,1565.2052,No,79.17,Bull,Uptrend,Hold,Uptrend (HH+HL),Bullish,92.71,Strong Bull,Bullish confirmed,"Strong Bull - all 4 components agree, trending ADX",71.19,"Outperforming, strengthening",Leads both,72.68,Overbought,67.8628,47.0838,bullish fading,Overbought,18.1425,2.5972,full,60.88,Positive fading,73.4,Strong Bullish,Bullish confirmed,None,Strong Bullish but overbought on RSI and Stochastic - stretched,Upper Half,Trending,Bullish,Yes,No,Inside,70.79,High,Stable,-0.32,No,"High volatility, stable",Vol contracting,Dry-up,Rising,Weak Up,-0.1688,Distribution,89.4962,Overbought,4 - Declining,mid,40.0,32.0,3 - Topping,19.0,STAND ASIDE,50.0,0.0,Stage unclear,4 - Declining but stage confidence only 40 - regime not established,"4 - Declining, but trend score 87 does not confirm short - no directional edge","4 - Declining, but trend score 58 does not confirm short - no directional edge"
2026-05-08,1695.699951171875,1714.5999755859375,1683.0,1696.4000244140625,70505,1517.9887,1566.5106,No,78.89,Bull,Uptrend,Hold,Uptrend (HH+HL),Bullish,92.61,Strong Bull,Bullish confirmed,"Strong Bull - all 4 components agree, trending ADX",73.99,"Outperforming, strengthening",Leads both,72.7332,Overbought,70.2284,51.7127,bullish fading,Overbought,17.9694,2.5317,full,57.13,Positive fading,71.7,Strong Bullish,Bullish confirmed,None,Strong Bullish but overbought on RSI and Stochastic - stretched,Upper Half,Trending,Bullish,Yes,No,Inside,69.09,High,Stable,-13.61,No,"High volatility, stable",Vol contracting,Dry-up,Rising,Weak Up,-0.1718,Distribution,92.9811,Overbought,4 - Declining,mid,40.0,33.0,3 - Topping,19.0,STAND ASIDE,50.0,0.0,Stage unclear,4 - Declining but stage confidence only 40 - regime not established,"4 - Declining, but trend score 88 does not confirm short - no directional edge","4 - Declining, but trend score 59 does not confirm short - no directional edge"
2026-05-11,1680.0,1764.9000244140625,1665.0,1741.0,408420,1526.7342,1568.2468,No,86.52,Strong Bull,Uptrend,Hold,Uptrend (HH+HL),Bullish,95.28,Strong Bull,Bullish confirmed,"Strong Bull - all 4 components agree, trending ADX",89.54,"Outperforming, strengthening",Leads both,75.9509,Overbought,74.8393,56.338,bullish fading,Overbought,15.7503,2.1806,full,66.42,Positive accelerating,75.81,Strong Bullish,Bullish confirmed,None,Strong Bullish but overbought on RSI and Stochastic - stretched,Upper Half,Trending,Bullish,Yes,No,Breakout Up,71.47,High,Stable,-10.64,No,"High volatility, stable",Vol contracting,Normal,Rising,Weak Up,-0.166,Distribution,94.9577,Overbought,4 - Declining,mid,30.0,34.0,3 - Topping,19.0,STAND ASIDE,50.0,0.0,Stage unclear,4 - Declining but stage confidence only 30 - regime not established,4 - Declining but stage confidence only 40 - regime not established,"4 - Declining, but trend score 62 does not confirm short - no directional edge"
2026-05-12,1741.0,1742.0,1640.4000244140625,1654.4000244140625,167310,1531.7407,1569.104,No,81.54,Strong Bull,Uptrend,Hold,Uptrend (HH+HL),Bullish,93.54,Strong Bull,Bullish confirmed,"Strong Bull - all 4 components agree, strong ADX",64.83,"Outperforming, strengthening",Leads both,60.9185,Neutral,70.6906,59.2086,bullish fading,Overbought,8.7134,1.1536,full,44.21,Negative accelerating,60.91,Bullish,Bullish majority,Bearish divergence,Bullish - bearish divergence vs price over 21 bars,Upper Half,Strong,Bullish,Yes,No,Inside,77.94,High,Stable,1.78,No,"High volatility, stable",Vol contracting,Dry-up,Rising,Weak Down,-0.1801,Distribution,94.9783,Overbought,4 - Declining,mid,30.0,35.0,3 - Topping,19.0,STAND ASIDE,50.0,0.0,Stage unclear,4 - Declining but stage confidence only 30 - regime not established,4 - Declining but stage confidence only 40 - regime not established,"4 - Declining, but trend score 68 does not confirm short - no directional edge"
2026-05-13,1659.199951171875,1710.0,1659.199951171875,1675.0,94780,1537.3587,1570.1577,No,82.86,Strong Bull,Uptrend,Hold,Uptrend (HH+HL),Bullish,94.0,Strong Bull,Bullish confirmed,"Strong Bull - all 4 components agree, strong ADX",71.66,"Outperforming, strengthening",Leads both,62.8045,Neutral,68.278,61.0224,bullish fading,Neutral,7.5234,0.9769,full,49.57,Negative fading,60.25,Bullish,Bullish majority,Bearish divergence,Bullish - bearish divergence vs price over 21 bars,Upper Half,Strong,Bullish,Yes,No,Inside,76.31,High,Stable,1.71,No,"High volatility, stable",Vol contracting,Dry-up,Rising,Weak Up,-0.1821,Distribution,94.9861,Overbought,4 - Declining,mid,30.0,36.0,3 - Topping,19.0,STAND ASIDE,50.0,0.0,Stage unclear,4 - Declining but stage confidence only 30 - regime not established,4 - Declining but stage confidence only 40 - regime not established,"4 - Declining, but trend score 81 does not confirm short - no directional edge"
2026-05-14,1739.9000244140625,1763.800048828125,1660.0,1672.9000244140625,672817,1542.6741,1571.18,No,82.53,Strong Bull,Uptrend,Hold,Uptrend (HH+HL),Bullish,93.89,Strong Bull,Bullish confirmed,"Strong Bull - all 4 components agree, strong ADX",67.48,"Outperforming, strengthening",Leads both,62.4735,Neutral,65.4422,61.9064,bullish fading,Neutral,1.0999,0.0482,full,47.15,Negative accelerating,56.65,Neutral,Bullish majority,Bearish divergence,Neutral - bearish divergence vs price over 21 bars,Upper Half,Strong,Bullish,Yes,No,Inside,81.86,Very High,Stable,2.82,No,"Very High volatility, stable",Vol contracting,Normal,Rising,Confirmed Down,-0.2151,Distribution,92.0778,Overbought,3 - Topping,early,40.0,1.0,4 - Declining,36.0,STAND ASIDE,50.0,0.0,Stage unclear,3 - Topping but stage confidence only 40 - regime not established,4 - Declining but stage confidence only 40 - regime not established,"4 - Declining, but trend score 87 does not confirm short - no directional edge"
2026-05-15,1678.300048828125,1681.9000244140625,1565.0,1595.300048828125,307434,1544.7378,1571.42,No,73.46,Bull,Uptrend,Hold,Uptrend (HH+HL),Bullish,86.38,Strong Bull,Bullish confirmed,"Strong Bull - all 4 components agree, strong ADX",48.97,"Underperforming, improving",Lags both,51.6434,Neutral,56.2842,60.782,Bearish crossover,Neutral,-3.5898,-0.624,full,31.5,Negative accelerating,43.14,Neutral,Mixed,Bearish divergence,Neutral - bearish divergence vs price over 21 bars,Upper Half,Strong,Bullish,Yes,Yes,Inside,90.83,Very High,Stable,14.64,No,"Very High volatility, stable",Wide stop - size down,Normal,Rising,Weak Down,-0.2156,Distribution,85.4268,Overbought,3 - Topping,early,40.0,2.0,4 - Declining,36.0,STAND ASIDE,50.0,0.0,Stage unclear,3 - Topping but stage confidence only 40 - regime not established,4 - Declining but stage confidence only 40 - regime not established,"4 - Declining, but trend score 88 does not confirm short - no directional edge"
2026-05-18,1567.0,1601.9000244140625,1519.5,1595.4000244140625,235318,1546.7246,1571.6587,No,65.6,Bull,Uptrend,Hold,Uptrend (HH+HL),Bullish,83.64,Strong Bull,Bullish confirmed,"Strong Bull - all 4 components agree, trending ADX",51.07,"Outperforming, strengthening",Leads NIFTY50 only,51.655,Neutral,48.4758,58.3207,bullish accelerating,Neutral,-4.9622,-0.8156,full,33.11,Negative fading,39.53,Bearish,Bearish majority,Bearish divergence,Bearish - bearish divergence vs price over 21 bars,Lower Half,Trending,Bullish,No,Yes,Inside,90.67,Very High,Stable,16.43,No,"Very High volatility, stable",Wide stop - size down,Dry-up,Rising,Weak Up,-0.1717,Distribution,80.8608,Overbought,3 - Topping,early,40.0,3.0,4 - Declining,36.0,STAND ASIDE,50.0,0.0,Stage unclear,3 - Topping but stage confidence only 40 - regime not established,4 - Declining but stage confidence only 30 - regime not established,4 - Declining but stage confidence only 40 - regime not established
2026-05-19,1595.4000244140625,1653.4000244140625,1586.199951171875,1645.5,116332,1550.5981,1572.3934,No,70.37,Bull,Uptrend,Hold,Uptrend (HH+HL),Bullish,89.63,Strong Bull,Bullish confirmed,"Strong Bull - all 4 components agree, trending ADX",69.11,"Outperforming, strengthening",Leads both,57.2082,Neutral,45.8022,55.817,bullish accelerating,Neutral,-2.4369,-0.4448,full,48.32,Negative fading,44.85,Neutral,Bearish majority,Bearish divergence,Neutral - bearish divergence vs price over 21 bars,Upper Half,Trending,Bullish,No,Yes,Inside,88.49,Very High,Stable,14.68,No,"Very High volatility, stable",Wide stop - size down,Dry-up,Rising,Weak Up,-0.1676,Distribution,79.9398,Neutral,3 - Topping,early,40.0,4.0,4 - Declining,36.0,STAND ASIDE,50.0,0.0,Stage unclear,3 - Topping but stage confidence only 40 - regime not established,4 - Declining but stage confidence only 30 - regime not established,4 - Declining but stage confidence only 40 - regime not established
2026-05-20,1633.9000244140625,1645.0,1615.0,1628.5999755859375,57846,1553.657,1572.9527,No,68.79,Bull,Uptrend,Hold,Uptrend (HH+HL),Bullish,89.08,Strong Bull,Bullish confirmed,"Strong Bull - all 4 components agree, trending ADX",65.97,"Outperforming, strengthening",Leads both,54.9166,Neutral,41.8374,53.0211,bullish accelerating,Neutral,-2.2156,-0.4067,full,48.55,Negative fading,44.06,Neutral,Bearish majority,Bearish divergence,Neutral - bearish divergence vs price over 21 bars,Upper Half,Trending,Bullish,No,Yes,Inside,82.38,Very High,Stable,8.73,No,"Very High volatility, stable",Wide stop - size down,Dry-up,Rising,Weak Down,-0.1725,Distribution,72.2968,Neutral,3 - Topping,early,40.0,5.0,4 - Declining,36.0,STAND ASIDE,50.0,0.0,Stage unclear,3 - Topping but stage confidence only 40 - regime not established,4 - Declining but stage confidence only 30 - regime not established,4 - Declining but stage confidence only 40 - regime not established
2026-05-21,1640.5999755859375,1645.0,1594.4000244140625,1619.199951171875,71743,1556.2273,1573.4128,No,68.02,Bull,Uptrend,Hold,Uptrend (HH+HL),Bullish,87.71,Strong Bull,Bullish confirmed,"Strong Bull - all 4 components agree, trending ADX",69.49,"Outperforming, strengthening",Leads both,53.6299,Neutral,37.5045,49.9178,bullish accelerating,Neutral,-4.5114,-0.7355,full,49.8,Negative fading,43.81,Neutral,Bearish majority,None,"Neutral - majority agree, 1 dissenting",Lower Half,Trending,Bullish,No,Yes,Inside,78.57,High,Stable,7.78,No,"High volatility, stable",Wide stop - size down,Dry-up,Rising,Weak Down,-0.1762,Distribution,70.7788,Neutral,3 - Topping,early,40.0,6.0,4 - Declining,36.0,STAND ASIDE,50.0,0.0,Stage unclear,3 - Topping but stage confidence only 40 - regime not established,3 - Topping but stage confidence only 40 - regime not established,4 - Declining but stage confidence only 40 - regime not established
2026-05-22,1622.4000244140625,1625.9000244140625,1569.9000244140625,1585.9000244140625,311195,1557.391,1573.5371,No,65.23,Bull,Uptrend,Hold,Uptrend (HH+HL),Bullish,82.22,Strong Bull,Bullish confirmed,"Strong Bull - all 4 components agree, trending ADX",61.2,"Outperforming, strengthening",Leads both,49.2292,Neutral,31.0259,46.1394,bullish accelerating,Neutral,-6.5138,-1.0227,full,43.37,Negative accelerating,38.58,Bearish,Bearish confirmed,Bearish divergence,Bearish - bearish divergence vs price over 21 bars,Lower Half,Trending,Bullish,No,Yes,Inside,74.6,High,Stable,5.52,No,"High volatility, stable",Wide stop - size down,Normal,Falling,Confirmed Down,0.234,Accumulation,60.2496,Neutral,3 - Topping,early,40.0,7.0,4 - Declining,36.0,STAND ASIDE,50.0,0.0,Stage unclear,3 - Topping but stage confidence only 40 - regime not established,3 - Topping but stage confidence only 40 - regime not established,4 - Declining but stage confidence only 40 - regime not established
2026-05-25,1610.0,1665.0,1605.0999755859375,1647.4000244140625,210529,1560.9207,1574.272,No,72.91,Bull,Uptrend,Hold,Uptrend (HH+HL),Bullish,90.52,Strong Bull,Bullish confirmed,"Strong Bull - all 4 components agree, trending ADX",68.51,"Outperforming, strengthening",Leads both,56.3526,Neutral,30.5025,43.012,bullish fading,Neutral,-5.3762,-0.8481,full,50.96,Positive accelerating,44.32,Neutral,Mixed,None,"Neutral - components mixed, low conviction",Upper Half,Trending,Bullish,No,Yes,Inside,70.48,High,Stable,-0.99,No,"High volatility, stable",Wide stop - size down,Normal,Falling,Weak Up,0.1917,Accumulation,58.6409,Neutral,3 - Topping,early,40.0,8.0,4 - Declining,36.0,STAND ASIDE,50.0,0.0,Stage unclear,3 - Topping but stage confidence only 40 - regime not established,3 - Topping but stage confidence only 40 - regime not established,4 - Declining but stage confidence only 30 - regime not established
2026-05-26,1654.0,1689.5,1638.0,1645.800048828125,134347,1564.2493,1574.9838,No,73.31,Bull,Uptrend,Hold,Uptrend (HH+HL),Bullish,90.66,Strong Bull,Bullish confirmed,"Strong Bull - all 4 components agree, trending ADX",63.23,"Outperforming, strengthening",Leads both,56.1319,Neutral,29.6172,40.3331,bullish fading,Neutral,-0.5198,-0.1276,full,48.48,Negative accelerating,44.75,Neutral,Bearish majority,Bearish divergence,Neutral - bearish divergence vs price over 21 bars,Lower Half,Trending,Bullish,No,Yes,Inside,60.46,High,Stable,-17.48,No,"High volatility, stable",Normal vol,Dry-up,Falling,Weak Down,0.1666,Accumulation,64.6582,Neutral,3 - Topping,early,40.0,9.0,4 - Declining,36.0,STAND ASIDE,50.0,0.0,Stage unclear,3 - Topping but stage confidence only 40 - regime not established,3 - Topping but stage confidence only 40 - regime not established,4 - Declining but stage confidence only 30 - regime not established
2026-05-27,1645.800048828125,1660.0,1634.0999755859375,1637.5,63999,1567.1219,1575.6058,No,73.55,Bull,Uptrend,Hold,Uptrend (HH+HL),Bullish,90.58,Strong Bull,Bullish confirmed,"Strong Bull - all 4 components agree, trending ADX",73.03,"Outperforming, strengthening",Leads both,54.9303,Neutral,27.9239,37.8512,bullish fading,Neutral,-2.2388,-0.3764,full,55.41,Positive accelerating,47.71,Neutral,Bullish majority,Bearish divergence,Neutral - bearish divergence vs price over 21 bars,Lower Half,Trending,Bullish,No,Yes,Inside,53.41,Normal,Contracting,-22.9,No,"Normal volatility, contracting - move losing energy",Normal vol,Dry-up,Falling,Weak Down,0.1259,Accumulation,61.4938,Neutral,3 - Topping,mid,40.0,10.0,4 - Declining,36.0,STAND ASIDE,50.0,0.0,Stage unclear,3 - Topping but stage confidence only 40 - regime not established,3 - Topping but stage confidence only 40 - regime not established,4 - Declining but stage confidence only 30 - regime not established
2026-05-28,1637.5,1637.5,1637.5,1637.5,0,1569.8818,1576.2217,No,73.81,Bull,Uptrend,Hold,Uptrend (HH+HL),Bullish,90.26,Strong Bull,Bullish confirmed,"Strong Bull - all 4 components agree, trending ADX",83.35,"Outperforming, strengthening",Leads both,54.9303,Neutral,26.2791,35.5368,bullish fading,Neutral,-2.1161,-0.3546,full,62.63,Positive accelerating,50.06,Neutral,Mixed,Bearish divergence,Neutral - bearish divergence vs price over 21 bars,Lower Half,Trending,Bullish,No,No,Inside,49.37,Normal,Contracting,-32.5,No,"Normal volatility, contracting - move losing energy",Vol contracting,Dry-up,Falling,Flat,-0.0864,Distribution,60.5176,Neutral,2 - Advancing,early,74.0,1.0,3 - Topping,10.0,HOLD / TIGHTEN STOP,70.0,2.0,Momentum divergence,"2 - Advancing, trend 90 long but momentum diverging - trend tiring, tighten stop",3 - Topping but stage confidence only 40 - regime not established,3 - Topping but stage confidence only 40 - regime not established
2026-05-29,1644.4000244140625,1695.0,1630.0,1675.5999755859375,357907,1574.0276,1577.2105,No,83.62,Strong Bull,Uptrend,Hold,Uptrend (HH+HL),Bullish,93.78,Strong Bull,Bullish confirmed,"Strong Bull - all 4 components agree, trending ADX",100.0,"Outperforming, strengthening",Leads both,59.5411,Neutral,27.7302,33.9755,bullish fading,Neutral,5.0335,0.7026,full,80.15,Positive accelerating,58.73,Bullish,Bullish majority,Bearish divergence,Bullish - bearish divergence vs price over 21 bars,Upper Half,Trending,Bullish,No,No,Inside,49.84,Normal,Contracting,-40.99,No,"Normal volatility, contracting - move losing energy",Vol contracting,Normal,Falling,Confirmed Up,-0.0465,Neutral,59.5989,Neutral,2 - Advancing,early,74.0,2.0,3 - Topping,10.0,HOLD / TIGHTEN STOP,70.0,2.0,Momentum divergence,"2 - Advancing, trend 94 long but momentum diverging - trend tiring, tighten stop",3 - Topping but stage confidence only 40 - regime not established,3 - Topping but stage confidence only 40 - regime not established
2026-06-01,1670.0,1675.0,1622.699951171875,1639.0999755859375,89238,1576.5795,1577.8263,No,78.91,Bull,Uptrend,Hold,Uptrend (HH+HL),Bullish,92.11,Strong Bull,Bullish confirmed,"Strong Bull - all 4 components agree, trending ADX",100.0,"Outperforming, strengthening",Leads both,53.8567,Neutral,25.6395,32.3083,bullish accelerating,Neutral,2.7391,0.3614,full,78.84,Positive fading,56.46,Neutral,Bullish majority,None,Neutral - price momentum agrees but MACD shows deceleration,Lower Half,Trending,Bullish,No,No,Inside,50.08,Normal,Contracting,-40.6,No,"Normal volatility, contracting - move losing energy",Vol contracting,Dry-up,Falling,Weak Down,-0.1181,Distribution,61.3819,Neutral,2 - Advancing,early,74.0,3.0,3 - Topping,10.0,ENTER SMALL,72.69,3.0,Volume,"2 - Advancing, trend 92 long confirmed but participation is thin - reduce size, breakouts without volume fail more often",3 - Topping but stage confidence only 40 - regime not established,3 - Topping but stage confidence only 40 - regime not established
2026-06-02,1632.0,1675.0,1620.300048828125,1670.199951171875,123660,1580.2509,1578.7455,No,89.06,Strong Bull,Uptrend,Hold,Uptrend (HH+HL),Bullish,95.6,Strong Bull,Bullish confirmed,"Strong Bull - all 4 components agree, trending ADX",100.0,"Outperforming, strengthening",Leads both,57.5734,Neutral,26.1901,31.0847,bullish fading,Neutral,1.5011,0.1742,full,85.64,Positive accelerating,61.12,Bullish,Bullish majority,None,Bullish - price momentum agrees but MACD shows deceleration,Upper Half,Trending,Bullish,No,No,Inside,48.69,Normal,Contracting,-39.8,No,"Normal volatility, contracting - move losing energy",Vol contracting,Normal,Falling,Weak Up,-0.0951,Distribution,61.7685,Neutral,2 - Advancing,early,84.0,4.0,3 - Topping,10.0,ENTER SMALL,77.86,3.0,Volume,"2 - Advancing, trend 96 long confirmed but participation is thin - reduce size, breakouts without volume fail more often",3 - Topping but stage confidence only 40 - regime not established,3 - Topping but stage confidence only 40 - regime not established
2026-06-03,1672.4000244140625,1714.9000244140625,1653.0,1706.0,159895,1585.1822,1580.0117,No,92.38,Strong Bull,Uptrend,Hold,Uptrend (HH+HL),Bullish,97.02,Strong Bull,Bullish confirmed,"Strong Bull - all 4 components agree, trending ADX",100.0,"Outperforming, strengthening",Leads both,61.4252,Neutral,29.179,30.7035,bullish fading,Neutral,4.7525,0.6504,full,98.0,Positive accelerating,69.11,Bullish,Bullish majority,Bearish divergence,Bullish - bearish divergence vs price over 21 bars,Upper Half,Trending,Bullish,No,No,Inside,50.08,Normal,Contracting,-32.3,No,"Normal volatility, contracting - move losing energy",Vol contracting,Normal,Falling,Weak Up,-0.0452,Neutral,52.6375,Neutral,2 - Advancing,early,84.0,5.0,3 - Topping,10.0,HOLD / TIGHTEN STOP,70.0,2.0,Momentum divergence,"2 - Advancing, trend 97 long but momentum diverging - trend tiring, tighten stop",3 - Topping but stage confidence only 40 - regime not established,3 - Topping but stage confidence only 40 - regime not established
2026-06-04,1700.0,1719.300048828125,1657.5,1690.699951171875,187774,1589.3202,1581.1131,No,90.57,Strong Bull,Uptrend,Hold,Uptrend (HH+HL),Bullish,96.66,Strong Bull,Bullish confirmed,"Strong Bull - all 4 components agree, trending ADX",100.0,"Outperforming, strengthening",Leads both,58.9615,Neutral,29.9676,30.5563,bullish fading,Overbought,4.4158,0.5943,full,100.0,Positive accelerating,70.96,Strong Bullish,Bullish majority,Bearish divergence,Strong Bullish - bearish divergence vs price over 21 bars,Upper Half,Trending,Bullish,Yes,No,Inside,50.79,Normal,Contracting,-27.78,No,"Normal volatility, contracting - move losing energy",Vol contracting,Normal,Falling,Weak Down,-0.0455,Neutral,55.3498,Neutral,2 - Advancing,early,84.0,6.0,3 - Topping,10.0,HOLD / TIGHTEN STOP,70.0,2.0,Momentum divergence,"2 - Advancing, trend 97 long but momentum diverging - trend tiring, tighten stop","2 - Advancing, trend 90 long but momentum diverging - trend tiring, tighten stop",3 - Topping but stage confidence only 40 - regime not established
2026-06-05,1704.0,1758.0,1650.0999755859375,1659.0999755859375,313749,1592.0566,1581.8891,No,87.55,Strong Bull,Uptrend,Hold,Uptrend (HH+HL),Bullish,95.64,Strong Bull,Bullish confirmed,"Strong Bull - all 4 components agree, trending ADX",100.0,"Outperforming, strengthening",Leads both,54.1323,Neutral,27.7231,29.9897,bullish accelerating,Neutral,4.6157,0.618,full,99.3,Positive fading,67.75,Bullish,Bullish majority,None,Bullish - price momentum agrees but MACD shows deceleration,Upper Half,Trending,Bullish,Yes,No,Inside,53.45,Normal,Contracting,-21.15,No,"Normal volatility, contracting - move losing energy",Vol contracting,Normal,Falling,Confirmed Down,-0.1041,Distribution,52.9138,Neutral,2 - Advancing,early,84.0,7.0,3 - Topping,10.0,ENTER SMALL,77.46,3.0,Volume,"2 - Advancing, trend 96 long confirmed but money flow disagrees - reduce size, breakouts without volume fail more often","2 - Advancing, trend 94 long but momentum diverging - trend tiring, tighten stop",3 - Topping but stage confidence only 40 - regime not established
2026-06-08,1649.0,1674.9000244140625,1626.199951171875,1658.800048828125,87591,1594.674,1582.6543,No,87.52,Strong Bull,Uptrend,Hold,Uptrend (HH+HL),Bullish,95.63,Strong Bull,Bullish confirmed,"Strong Bull - all 4 components agree, trending ADX",100.0,"Outperforming, strengthening",Leads both,54.0871,Neutral,25.6248,29.1167,bullish accelerating,Neutral,0.692,0.0268,full,100.0,Positive accelerating,65.3,Bullish,Bullish majority,None,Bullish - price momentum agrees but MACD shows deceleration,Upper Half,Trending,Bullish,Yes,No,Inside,50.52,Normal,Stable,-19.96,Confirmed,"Normal volatility, squeeze confirmed - expansion pending",Vol contracting,Dry-up,Falling,Weak Down,-0.1617,Distribution,48.2947,Neutral,2 - Advancing,early,84.0,8.0,3 - Topping,10.0,ENTER SMALL,77.92,3.0,Volume,"2 - Advancing, trend 96 long confirmed but participation is thin - reduce size, breakouts without volume fail more often","2 - Advancing, trend 92 long confirmed but participation is thin - reduce size, breakouts without volume fail more often",3 - Topping but stage confidence only 40 - regime not established
2026-06-09,1678.300048828125,1696.800048828125,1653.5,1683.5,83221,1598.1574,1583.6578,No,89.63,Strong Bull,Uptrend,Hold,Uptrend (HH+HL),Bullish,96.37,Strong Bull,Bullish confirmed,"Strong Bull - all 4 components agree, trending ADX",100.0,"Outperforming, weakening",Leads both,57.2579,Neutral,25.6592,28.4252,bullish fading,Neutral,2.2907,0.2638,full,100.0,Positive fading,65.63,Bullish,Bullish majority,None,Bullish - price momentum agrees but MACD shows deceleration,Upper Half,Trending,Bullish,Yes,No,Inside,49.72,Normal,Stable,-10.74,Partial,"Normal volatility, stable",Vol contracting,Dry-up,Falling,Weak Up,-0.1237,Distribution,48.9401,Neutral,2 - Advancing,early,84.0,9.0,3 - Topping,10.0,ENTER SMALL,79.56,3.0,Volume,"2 - Advancing, trend 96 long confirmed but participation is thin - reduce size, breakouts without volume fail more often","2 - Advancing, trend 96 long confirmed but participation is thin - reduce size, breakouts without volume fail more often",3 - Topping but stage confidence only 40 - regime not established
2026-06-10,1685.5,1692.4000244140625,1663.5999755859375,1678.5,90810,1601.3081,1584.6015,No,86.95,Strong Bull,Uptrend,Hold,Uptrend (HH+HL),Bullish,95.43,Strong Bull,Bullish confirmed,"Strong Bull - all 4 components agree, trending ADX",100.0,"Outperforming, strengthening",Leads both,56.4086,Neutral,24.9948,27.7391,bullish fading,Neutral,2.5038,0.2955,full,100.0,Positive accelerating,65.8,Bullish,Bullish majority,None,Bullish - price momentum agrees but MACD shows deceleration,Upper Half,Trending,Bullish,Yes,No,Inside,46.79,Normal,Stable,-6.63,No,"Normal volatility, stable",Vol contracting,Dry-up,Falling,Weak Down,-0.1133,Distribution,52.6082,Neutral,2 - Advancing,early,84.0,10.0,3 - Topping,10.0,ENTER SMALL,77.98,3.0,Volume,"2 - Advancing, trend 95 long confirmed but participation is thin - reduce size, breakouts without volume fail more often","2 - Advancing, trend 97 long but momentum diverging - trend tiring, tighten stop",3 - Topping but stage confidence only 40 - regime not established
2026-06-11,1678.0999755859375,1678.0999755859375,1642.4000244140625,1649.0,45388,1603.1784,1585.2423,No,80.98,Strong Bull,Uptrend,Hold,Uptrend (HH+HL),Bullish,93.34,Strong Bull,Bullish confirmed,"Strong Bull - all 4 components agree, trending ADX",100.0,"Outperforming, weakening",Leads both,51.5504,Neutral,21.8362,26.5585,bullish accelerating,Neutral,0.7023,0.0263,full,86.18,Positive fading,58.36,Bullish,Mixed,None,"Bullish - components mixed, low conviction",Upper Half,Trending,Bullish,Yes,No,Inside,45.4,Normal,Stable,-3.97,No,"Normal volatility, stable",Vol contracting,Dry-up,Falling,Weak Down,0.0199,Neutral,59.4188,Neutral,2 - Advancing,early,84.0,11.0,3 - Topping,10.0,ENTER SMALL,74.81,3.0,Volume,"2 - Advancing, trend 93 long confirmed but participation is thin - reduce size, breakouts without volume fail more often","2 - Advancing, trend 97 long but momentum diverging - trend tiring, tighten stop","2 - Advancing, trend 90 long but momentum diverging - trend tiring, tighten stop"
2026-06-12,1656.0,1694.0999755859375,1648.0999755859375,1678.300048828125,80525,1606.1243,1586.1682,No,84.82,Strong Bull,Uptrend,Hold,Uptrend (HH+HL),Bullish,94.69,Strong Bull,Bullish confirmed,"Strong Bull - all 4 components agree, trending ADX",100.0,"Outperforming, strengthening",Leads both,55.6372,Neutral,21.45,25.5368,bullish fading,Neutral,0.1611,-0.0532,full,93.87,Positive accelerating,61.53,Bullish,Mixed,None,"Bullish - components mixed, low conviction",Upper Half,Trending,Bullish,Yes,No,Inside,41.63,Normal,Stable,-8.22,Partial,"Normal volatility, stable",Vol contracting,Normal,Falling,Weak Up,0.0829,Accumulation,56.6113,Neutral,2 - Advancing,early,84.0,12.0,3 - Topping,10.0,ENTER SMALL,77.57,3.0,Volume,"2 - Advancing, trend 95 long confirmed but participation is thin - reduce size, breakouts without volume fail more often","2 - Advancing, trend 96 long confirmed but money flow disagrees - reduce size, breakouts without volume fail more often","2 - Advancing, trend 94 long but momentum diverging - trend tiring, tighten stop"
2026-06-15,1681.9000244140625,1698.0,1655.0,1675.199951171875,131181,1608.8332,1587.0541,No,85.2,Strong Bull,Uptrend,Hold,Uptrend (HH+HL),Bullish,94.82,Strong Bull,Bullish confirmed,"Strong Bull - all 4 components agree, trending ADX",100.0,"Outperforming, strengthening",Leads both,55.1075,Neutral,20.6556,24.5606,bullish fading,Neutral,2.2024,0.2552,full,93.86,Positive fading,60.78,Bullish,Mixed,None,"Bullish - components mixed, low conviction",Upper Half,Trending,Bullish,Yes,No,Inside,38.49,Low,Stable,-11.59,Confirmed,"Low volatility, squeeze confirmed - expansion pending",Vol contracting,Normal,Falling,Weak Down,0.0102,Neutral,56.5707,Neutral,2 - Advancing,early,84.0,13.0,3 - Topping,10.0,ENTER SMALL,76.2,3.0,Volume,"2 - Advancing, trend 95 long confirmed but participation is thin - reduce size, breakouts without volume fail more often","2 - Advancing, trend 96 long confirmed but participation is thin - reduce size, breakouts without volume fail more often","2 - Advancing, trend 92 long confirmed but participation is thin - reduce size, breakouts without volume fail more often"
2026-06-16,1680.0,1683.4000244140625,1621.0,1641.5,116060,1610.1142,1587.5958,No,79.18,Bull,Uptrend,Hold,Uptrend (HH+HL),Bullish,92.71,Strong Bull,Bullish confirmed,"Strong Bull - all 4 components agree, trending ADX",100.0,"Outperforming, strengthening",Leads both,49.5818,Neutral,17.1096,23.0704,bullish accelerating,Neutral,-1.7184,-0.3299,full,97.34,Positive accelerating,58.54,Bullish,Bearish majority,None,"Bullish - majority agree, 1 dissenting",Lower Half,Trending,Bullish,No,No,Inside,37.02,Low,Stable,-11.67,Confirmed,"Low volatility, squeeze confirmed - expansion pending",Vol contracting,Normal,Falling,Weak Down,-0.0372,Neutral,55.0107,Neutral,2 - Advancing,early,84.0,14.0,3 - Topping,10.0,ENTER SMALL,74.58,3.0,Volume,"2 - Advancing, trend 93 long confirmed but participation is thin - reduce size, breakouts without volume fail more often","2 - Advancing, trend 96 long confirmed but participation is thin - reduce size, breakouts without volume fail more often","2 - Advancing, trend 96 long confirmed but participation is thin - reduce size, breakouts without volume fail more often"
2026-06-17,1641.5,1646.699951171875,1619.199951171875,1636.199951171875,67018,1611.1372,1588.0795,No,75.65,Bull,Uptrend,Hold,Uptrend (HH+HL),Bullish,91.28,Strong Bull,Bullish confirmed,"Strong Bull - all 4 components agree, trending ADX",100.0,"Outperforming, weakening",Leads both,48.7538,Neutral,13.7136,21.199,bullish accelerating,Neutral,-4.0914,-0.6806,full,95.93,Positive fading,55.91,Neutral,Bearish majority,Bullish divergence,Neutral - bullish divergence vs price over 21 bars,Lower Half,Trending,Bullish,No,No,Inside,33.89,Low,Stable,-16.19,Confirmed,"Low volatility, squeeze confirmed - expansion pending",Vol contracting,Dry-up,Falling,Weak Down,-0.0293,Neutral,53.1475,Neutral,2 - Advancing,early,84.0,15.0,3 - Topping,10.0,ENTER SMALL,73.15,3.0,Volume,"2 - Advancing, trend 91 long confirmed but participation is thin - reduce size, breakouts without volume fail more often","2 - Advancing, trend 95 long confirmed but participation is thin - reduce size, breakouts without volume fail more often","2 - Advancing, trend 97 long but momentum diverging - trend tiring, tighten stop"
2026-06-18,1636.199951171875,1687.800048828125,1630.0999755859375,1673.4000244140625,136542,1613.5789,1588.9284,No,80.53,Strong Bull,Uptrend,Hold,Uptrend (HH+HL),Bullish,92.91,Strong Bull,Bullish confirmed,"Strong Bull - all 4 components agree, trending ADX",100.0,"Outperforming, strengthening",Leads both,54.4974,Neutral,13.8641,19.732,bullish fading,Neutral,-1.0232,-0.2088,full,100.0,Positive accelerating,59.71,Bullish,Mixed,None,"Bullish - components mixed, low conviction",Upper Half,Trending,Bullish,No,No,Inside,33.49,Low,Stable,-17.3,Confirmed,"Low volatility, squeeze confirmed - expansion pending",Vol contracting,Normal,Falling,Weak Up,-0.0036,Neutral,47.1038,Neutral,3 - Topping,early,20.0,1.0,2 - Advancing,15.0,STAND ASIDE,50.0,0.0,Stage unclear,3 - Topping but stage confidence only 20 - regime not established,"2 - Advancing, trend 93 long confirmed but participation is thin - reduce size, breakouts without volume fail more often","2 - Advancing, trend 97 long but momentum diverging - trend tiring, tighten stop"
2026-06-19,1662.0,1686.0,1645.0,1675.199951171875,233117,1615.9954,1589.7869,No,80.7,Strong Bull,Uptrend,Hold,Uptrend (HH+HL),Bullish,92.89,Strong Bull,Bullish confirmed,"Strong Bull - all 4 components agree, trending ADX",100.0,"Outperforming, strengthening",Leads both,54.7616,Neutral,13.9676,18.5792,bullish fading,Neutral,0.9704,0.1062,full,98.2,Positive fading,60.97,Bullish,Mixed,None,"Bullish - components mixed, low conviction",Upper Half,Trending,Bullish,No,No,Inside,30.6,Low,Contracting,-22.86,Confirmed,"Low volatility, squeeze confirmed - expansion pending",Vol contracting,Normal,Falling,Confirmed Up,0.0862,Accumulation,55.956,Neutral,3 - Topping,early,20.0,2.0,2 - Advancing,15.0,STAND ASIDE,50.0,0.0,Stage unclear,3 - Topping but stage confidence only 20 - regime not established,"2 - Advancing, trend 95 long confirmed but participation is thin - reduce size, breakouts without volume fail more often","2 - Advancing, trend 96 long confirmed but money flow disagrees - reduce size, breakouts without volume fail more often"
2026-06-22,1677.9000244140625,1705.699951171875,1674.5,1690.0999755859375,78898,1618.9014,1590.785,No,83.45,Strong Bull,Uptrend,Hold,Uptrend (HH+HL),Bullish,93.99,Strong Bull,Bullish confirmed,"Strong Bull - all 4 components agree, trending ADX",100.0,"Outperforming, strengthening",Leads both,56.988,Neutral,15.0782,17.879,bullish fading,Neutral,1.8869,0.2574,full,100.0,Positive accelerating,64.8,Bullish,Mixed,None,"Bullish - components mixed, low conviction",Upper Half,Trending,Bullish,No,No,Inside,22.86,Low,Contracting,-27.66,Confirmed,"Low volatility, squeeze confirmed - expansion pending",Vol contracting,Normal,Falling,Weak Up,0.0569,Accumulation,54.9207,Neutral,3 - Topping,early,20.0,3.0,2 - Advancing,15.0,STAND ASIDE,50.0,0.0,Stage unclear,3 - Topping but stage confidence only 20 - regime not established,"2 - Advancing, trend 95 long confirmed but participation is thin - reduce size, breakouts without volume fail more often","2 - Advancing, trend 96 long confirmed but participation is thin - reduce size, breakouts without volume fail more often"
2026-06-23,1695.5999755859375,1739.9000244140625,1665.0,1699.9000244140625,242678,1622.0779,1591.8707,No,87.8,Strong Bull,Uptrend,Hold,Uptrend (HH+HL),Bullish,95.73,Strong Bull,Bullish confirmed,"Strong Bull - all 4 components agree, trending ADX",100.0,"Outperforming, strengthening",Leads both,58.4368,Neutral,16.5582,17.6148,bullish fading,Neutral,0.9742,0.1311,full,100.0,Positive accelerating,67.07,Bullish,Mixed,None,"Bullish - components mixed, low conviction",Upper Half,Trending,Bullish,No,No,Inside,25.79,Low,Contracting,-23.93,Confirmed,"Low volatility, squeeze confirmed - expansion pending",Vol contracting,Normal,Falling,Confirmed Up,0.0833,Accumulation,56.9427,Neutral,3 - Topping,early,20.0,4.0,2 - Advancing,15.0,STAND ASIDE,50.0,0.0,Stage unclear,3 - Topping but stage confidence only 20 - regime not established,"2 - Advancing, trend 93 long confirmed but participation is thin - reduce size, breakouts without volume fail more often","2 - Advancing, trend 96 long confirmed but participation is thin - reduce size, breakouts without volume fail more often"
2026-06-24,1699.0,1740.0,1699.0,1717.5999755859375,197416,1625.8238,1593.1218,No,91.15,Strong Bull,Uptrend,Hold,Uptrend (HH+HL),Bullish,96.9,Strong Bull,Bullish confirmed,"Strong Bull - all 4 components agree, trending ADX",100.0,"Outperforming, strengthening",Leads both,60.9926,Neutral,18.941,17.8801,Bullish crossover,Neutral,2.3295,0.3499,full,100.0,Positive accelerating,70.36,Strong Bullish,Bullish confirmed,None,Strong Bullish - all 4 components agree incl. MACD acceleration,At Upper,Trending,Bullish,Yes,No,Inside,23.97,Low,Contracting,-22.82,Confirmed,"Low volatility, squeeze confirmed - expansion pending",Vol contracting,Normal,Falling,Confirmed Up,0.0896,Accumulation,67.1551,Neutral,3 - Topping,mid,20.0,5.0,2 - Advancing,15.0,STAND ASIDE,50.0,0.0,Stage unclear,3 - Topping but stage confidence only 20 - regime not established,"2 - Advancing, trend 91 long confirmed but participation is thin - reduce size, breakouts without volume fail more often","2 - Advancing, trend 95 long confirmed but participation is thin - reduce size, breakouts without volume fail more often"
2026-06-25,1727.800048828125,1727.800048828125,1690.0,1704.300048828125,80555,1628.9013,1594.228,No,90.24,Strong Bull,Uptrend,Hold,Uptrend (HH+HL),Bullish,96.58,Strong Bull,Bullish confirmed,"Strong Bull - all 4 components agree, trending ADX",100.0,"Outperforming, strengthening",Leads both,58.1015,Neutral,19.5311,18.2103,bullish accelerating,Neutral,3.3536,0.5123,full,100.0,Positive fading,70.43,Strong Bullish,Bullish confirmed,None,Strong Bullish - all 4 components agree incl. MACD acceleration,Upper Half,Trending,Bullish,Yes,No,Inside,22.62,Low,Contracting,-22.78,Confirmed,"Low volatility, squeeze confirmed - expansion pending",Vol contracting,Normal,Falling,Weak Down,0.0804,Accumulation,76.5436,Neutral,3 - Topping,mid,20.0,6.0,2 - Advancing,15.0,STAND ASIDE,50.0,0.0,Stage unclear,3 - Topping but stage confidence only 20 - regime not established,3 - Topping but stage confidence only 20 - regime not established,"2 - Advancing, trend 93 long confirmed but participation is thin - reduce size, breakouts without volume fail more often"
2026-06-26,1704.300048828125,1704.300048828125,1704.300048828125,1704.300048828125,0,1631.8581,1595.3232,No,90.01,Strong Bull,Uptrend,Hold,Uptrend (HH+HL),Bullish,96.5,Strong Bull,Bullish confirmed,"Strong Bull - all 4 components agree, trending ADX",100.0,"Outperforming, strengthening",Leads both,58.1015,Neutral,19.7708,18.5224,bullish fading,Neutral,1.5492,0.2233,full,100.0,Positive accelerating,70.87,Strong Bullish,Bullish confirmed,None,Strong Bullish - all 4 components agree incl. MACD acceleration,Upper Half,Trending,Bullish,Yes,No,Inside,13.71,Very Low,Contracting,-27.92,Confirmed,"Very Low volatility, squeeze confirmed - expansion pending",Coiled - low vol squeeze,Dry-up,Falling,Flat,0.035,Neutral,80.7075,Overbought,3 - Topping,mid,20.0,7.0,2 - Advancing,15.0,STAND ASIDE,50.0,0.0,Stage unclear,3 - Topping but stage confidence only 20 - regime not established,3 - Topping but stage confidence only 20 - regime not established,"2 - Advancing, trend 95 long confirmed but participation is thin - reduce size, breakouts without volume fail more often"
2026-06-29,1710.0,1710.0,1688.800048828125,1699.5999755859375,83845,1634.5147,1596.3608,No,89.38,Strong Bull,Uptrend,Hold,Uptrend (HH+HL),Bullish,96.28,Strong Bull,Bullish confirmed,"Strong Bull - all 4 components agree, trending ADX",100.0,"Outperforming, weakening",Leads both,56.9943,Neutral,19.3584,18.6896,bullish fading,Neutral,1.4565,0.2058,full,100.0,Positive fading,69.99,Bullish,Bullish confirmed,None,Bullish - all 4 components agree incl. MACD acceleration,Upper Half,Trending,Bullish,Yes,No,Inside,11.11,Very Low,Contracting,-27.38,Partial,"Very Low volatility, contracting - coiling, watch for breakout",Coiled - low vol squeeze,Normal,Falling,Weak Down,0.0488,Neutral,75.3812,Neutral,3 - Topping,mid,20.0,8.0,2 - Advancing,15.0,STAND ASIDE,50.0,0.0,Stage unclear,3 - Topping but stage confidence only 20 - regime not established,3 - Topping but stage confidence only 20 - regime not established,"2 - Advancing, trend 95 long confirmed but participation is thin - reduce size, breakouts without volume fail more often"
2026-06-30,1710.0,1710.0,1676.300048828125,1679.4000244140625,71173,1636.2749,1597.1871,No,86.88,Strong Bull,Uptrend,Hold,Uptrend (HH+HL),Bullish,95.41,Strong Bull,Bullish confirmed,"Strong Bull - all 4 components agree, trending ADX",98.88,"Outperforming, strengthening",Leads both,52.3748,Neutral,17.2033,18.3923,Bearish crossover,Neutral,2.3089,0.3387,full,100.0,Positive accelerating,66.64,Bullish,Bullish majority,None,Bullish - price momentum agrees but MACD shows deceleration,Lower Half,Trending,Bullish,Yes,No,Inside,10.4,Very Low,Contracting,-26.63,Partial,"Very Low volatility, contracting - coiling, watch for breakout",Coiled - low vol squeeze,Normal,Falling,Weak Down,-0.0145,Neutral,70.515,Neutral,3 - Topping,mid,20.0,9.0,2 - Advancing,15.0,STAND ASIDE,50.0,0.0,Stage unclear,3 - Topping but stage confidence only 20 - regime not established,3 - Topping but stage confidence only 20 - regime not established,"2 - Advancing, trend 93 long confirmed but participation is thin - reduce size, breakouts without volume fail more often"
2026-07-01,1698.0,1812.0,1670.0999755859375,1800.199951171875,1518540,1642.7033,1599.2071,No,96.16,Strong Bull,Uptrend,Hold,Uptrend (HH+HL),Bullish,98.66,Strong Bull,Bullish confirmed,"Strong Bull - all 4 components agree, trending ADX",100.0,"Outperforming, strengthening",Leads both,68.7087,Overbought,24.9552,19.7049,Bullish crossover,Neutral,10.0232,1.5577,full,100.0,Positive accelerating,76.23,Strong Bullish,Bullish confirmed,None,Strong Bullish - all 4 components agree incl. MACD acceleration,Above Upper,Trending,Bullish,Yes,No,Breakout Up,29.37,Low,Stable,-4.52,No,"Low volatility, stable",Low vol - tight stops,High,Falling,Confirmed Up,0.2902,Accumulation,86.5987,Overbought,3 - Topping,mid,20.0,10.0,2 - Advancing,15.0,STAND ASIDE,50.0,0.0,Stage unclear,3 - Topping but stage confidence only 20 - regime not established,3 - Topping but stage confidence only 20 - regime not established,"2 - Advancing, trend 91 long confirmed but participation is thin - reduce size, breakouts without volume fail more often"
2026-07-02,1821.0,1861.0,1800.0,1837.5,1276744,1650.3424,1601.5782,No,97.18,Strong Bull,Uptrend,Hold,Uptrend (HH+HL),Bullish,99.01,Strong Bull,Bullish confirmed,"Strong Bull - all 4 components agree, trending ADX",100.0,"Outperforming, strengthening",Leads both,71.912,Overbought,33.7198,22.5079,bullish accelerating,Neutral,9.8064,1.5101,full,100.0,Positive accelerating,81.15,Strong Bullish,Bullish confirmed,None,Strong Bullish - all 4 components agree incl. MACD acceleration,Above Upper,Trending,Bullish,Yes,No,Breakout Up,40.48,Normal,Stable,6.98,No,"Normal volatility, stable",Low vol - tight stops,High,Falling,Confirmed Up,0.2827,Accumulation,90.5728,Overbought,3 - Topping,mid,20.0,11.0,2 - Advancing,15.0,STAND ASIDE,50.0,0.0,Stage unclear,3 - Topping but stage confidence only 20 - regime not established,3 - Topping but stage confidence only 20 - regime not established,3 - Topping but stage confidence only 20 - regime not established
2026-07-03,1840.0,1881.0,1831.199951171875,1861.199951171875,450539,1658.6113,1604.1615,No,97.16,Strong Bull,Uptrend,Hold,Uptrend (HH+HL),Bullish,99.01,Strong Bull,Bullish confirmed,"Strong Bull - all 4 components agree, trending ADX",100.0,"Outperforming, strengthening",Leads both,73.7507,Overbought,42.0929,26.4249,bullish accelerating,Overbought,11.1032,1.7002,full,100.0,Positive fading,85.17,Strong Bullish,Bullish confirmed,None,Strong Bullish but overbought on RSI and Stochastic - stretched,Above Upper,Trending,Bullish,Yes,No,Breakout Up,47.5,Normal,Stable,16.9,No,"Normal volatility, stable",Low vol - tight stops,Normal,Falling,Confirmed Up,0.3448,Accumulation,91.2952,Overbought,3 - Topping,mid,20.0,12.0,2 - Advancing,15.0,STAND ASIDE,50.0,0.0,Stage unclear,3 - Topping but stage confidence only 20 - regime not established,3 - Topping but stage confidence only 20 - regime not established,3 - Topping but stage confidence only 20 - regime not established
2026-07-06,1866.800048828125,1901.0,1831.5999755859373,1877.0999755859373,304943,1667.1795,1606.8773,No,96.96,Strong Bull,Uptrend,Hold,Uptrend (HH+HL),Bullish,98.94,Strong Bull,Bullish confirmed,"Strong Bull - all 4 components agree, trending ADX",100.0,"Outperforming, strengthening",Leads both,74.9362,Overbought,49.4418,31.0283,bullish accelerating,Overbought,11.0644,1.6778,full,100.0,Positive fading,86.28,Strong Bullish,Bullish confirmed,None,Strong Bullish but overbought on RSI and Stochastic - stretched,Above Upper,Trending,Bullish,Yes,No,Near Upper,53.14,Normal,Expanding,30.28,No,Squeeze releasing - expanding 6 bars after compression,Low vol - tight stops,Normal,Rising,Confirmed Up,0.3429,Accumulation,93.9554,Overbought,3 - Topping,mid,20.0,13.0,2 - Advancing,15.0,STAND ASIDE,50.0,0.0,Stage unclear,3 - Topping but stage confidence only 20 - regime not established,3 - Topping but stage confidence only 20 - regime not established,3 - Topping but stage confidence only 20 - regime not established
2026-07-07,1878.0,1898.800048828125,1832.0,1890.5,354980,1675.9372,1609.6994,No,96.75,Strong Bull,Uptrend,Hold,Uptrend (HH+HL),Bullish,98.86,Strong Bull,Bullish confirmed,"Strong Bull - all 4 components agree, trending ADX",100.0,"Outperforming, strengthening",Leads both,75.923,Overbought,55.7049,35.9636,bullish accelerating,Overbought,11.2124,1.6906,full,100.0,Positive fading,87.13,Strong Bullish,Bullish confirmed,None,Strong Bullish but overbought on RSI and Stochastic - stretched,Above Upper,Trending,Bullish,Yes,No,Near Upper,56.69,Normal,Expanding,30.89,No,Squeeze releasing - expanding 7 bars after compression,Vol contracting,Normal,Rising,Confirmed Up,0.3684,Accumulation,95.5474,Overbought,3 - Topping,mid,20.0,14.0,2 - Advancing,15.0,STAND ASIDE,50.0,0.0,Stage unclear,3 - Topping but stage confidence only 20 - regime not established,3 - Topping but stage confidence only 20 - regime not established,3 - Topping but stage confidence only 20 - regime not established
2026-07-08,1854.5999755859373,1909.0,1809.9000244140625,1831.9000244140625,342725,1682.0534,1611.9104,No,93.2,Strong Bull,Uptrend,Hold,Uptrend (HH+HL),Bullish,97.62,Strong Bull,Bullish confirmed,"Strong Bull - all 4 components agree, strong ADX",100.0,"Outperforming, strengthening",Leads both,64.0467,Overbought,55.3025,39.8314,bullish fading,Overbought,6.6546,0.9593,full,98.01,Positive fading,80.68,Strong Bullish,Bullish confirmed,None,Strong Bullish - all 4 components agree incl. MACD acceleration,Upper Half,Strong,Bullish,Yes,Yes,Inside,64.05,High,Expanding,40.08,No,Squeeze releasing - expanding 8 bars after compression,Normal vol,Normal,Rising,Confirmed Down,0.3191,Accumulation,88.9907,Overbought,3 - Topping,late,20.0,15.0,2 - Advancing,15.0,STAND ASIDE,50.0,0.0,Stage unclear,3 - Topping but stage confidence only 20 - regime not established,3 - Topping but stage confidence only 20 - regime not established,3 - Topping but stage confidence only 20 - regime not established
2026-07-09,1845.0,1904.0,1831.9000244140625,1862.9000244140625,224951,1689.1454,1614.4078,No,94.42,Strong Bull,Uptrend,Hold,Uptrend (HH+HL),Bullish,98.05,Strong Bull,Bullish confirmed,"Strong Bull - all 4 components agree, strong ADX",100.0,"Outperforming, strengthening",Leads both,66.9886,Overbought,56.8299,43.2311,bullish fading,Overbought,9.3059,1.3698,full,91.98,Positive fading,78.56,Strong Bullish,Bullish confirmed,None,Strong Bullish - all 4 components agree incl. MACD acceleration,Upper Half,Strong,Bullish,Yes,Yes,Inside,65.12,High,Expanding,42.5,No,Squeeze releasing - expanding 9 bars after compression,Normal vol,Normal,Rising,Weak Up,0.3091,Accumulation,89.0267,Overbought,3 - Topping,late,20.0,16.0,2 - Advancing,15.0,STAND ASIDE,50.0,0.0,Stage unclear,3 - Topping but stage confidence only 20 - regime not established,3 - Topping but stage confidence only 20 - regime not established,3 - Topping but stage confidence only 20 - regime not established
2026-07-10,1885.0,1933.0,1852.4000244140625,1928.0999755859373,332086,1698.5162,1617.5291,No,96.89,Strong Bull,Uptrend,Hold,Uptrend (HH+HL),Bullish,98.91,Strong Bull,Bullish confirmed,"Strong Bull - all 4 components agree, strong ADX",100.0,"Outperforming, strengthening",Leads both,72.1501,Overbought,62.5801,47.1009,bullish accelerating,Overbought,13.1315,1.9509,full,100.0,Positive accelerating,83.28,Strong Bullish,Bullish confirmed,None,Strong Bullish but overbought on RSI and Stochastic - stretched,At Upper,Strong,Bullish,Yes,Yes,Breakout Up,66.27,High,Expanding,52.56,No,Squeeze releasing - expanding 10 bars after compression,Normal vol,Normal,Rising,Confirmed Up,0.3393,Accumulation,89.5785,Overbought,3 - Topping,late,20.0,17.0,2 - Advancing,15.0,STAND ASIDE,50.0,0.0,Stage unclear,3 - Topping but stage confidence only 20 - regime not established,3 - Topping but stage confidence only 20 - regime not established,3 - Topping but stage confidence only 20 - regime not established
2026-07-13,1928.0999755859373,1932.0,1890.0,1903.4000244140625,134917,1706.5508,1620.3736,No,95.09,Strong Bull,Uptrend,Hold,Uptrend (HH+HL),Bullish,98.28,Strong Bull,Bullish confirmed,"Strong Bull - all 4 components agree, strong ADX",100.0,"Outperforming, strengthening",Leads both,67.8237,Overbought,64.4017,50.5611,bullish fading,Overbought,11.9911,1.753,full,100.0,Positive fading,82.02,Strong Bullish,Bullish confirmed,None,Strong Bullish - all 4 components agree incl. MACD acceleration,Upper Half,Strong,Bullish,Yes,Yes,Inside,65.16,High,Expanding,54.05,No,Squeeze releasing - expanding 11 bars after compression,Normal vol,Dry-up,Rising,Weak Down,0.3325,Accumulation,89.4127,Overbought,3 - Topping,late,20.0,18.0,2 - Advancing,15.0,STAND ASIDE,50.0,0.0,Stage unclear,3 - Topping but stage confidence only 20 - regime not established,3 - Topping but stage confidence only 20 - regime not established,3 - Topping but stage confidence only 20 - regime not established
2026-07-14,1890.0999755859373,1905.0,1875.0,1879.4000244140625,69884,1713.3292,1622.951,No,93.48,Strong Bull,Uptrend,Hold,Uptrend (HH+HL),Bullish,97.72,Strong Bull,Bullish confirmed,"Strong Bull - all 4 components agree, strong ADX",100.0,"Outperforming, strengthening",Leads both,63.8192,Neutral,63.1804,53.0849,bullish fading,Overbought,11.909,1.7227,full,96.9,Positive fading,78.1,Strong Bullish,Bullish confirmed,None,Strong Bullish - all 4 components agree incl. MACD acceleration,Upper Half,Strong,Bullish,Yes,Yes,Inside,62.58,High,Expanding,52.18,No,Squeeze releasing - expanding 12 bars after compression,Normal vol,Dry-up,Rising,Weak Down,0.3335,Accumulation,87.8043,Overbought,3 - Topping,late,20.0,19.0,2 - Advancing,15.0,STAND ASIDE,50.0,0.0,Stage unclear,3 - Topping but stage confidence only 20 - regime not established,3 - Topping but stage confidence only 20 - regime not established,3 - Topping but stage confidence only 20 - regime not established
2026-07-15,1875.0,1908.0,1869.0,1876.300048828125,75415,1719.7202,1625.4718,No,93.11,Strong Bull,Uptrend,Hold,Uptrend (HH+HL),Bullish,97.59,Strong Bull,Bullish confirmed,"Strong Bull - all 4 components agree, strong ADX",100.0,"Outperforming, strengthening",Leads both,63.2994,Neutral,61.2563,54.7192,bullish fading,Overbought,4.2273,0.5289,full,100.0,Positive accelerating,76.2,Strong Bullish,Bullish confirmed,None,Strong Bullish - all 4 components agree incl. MACD acceleration,Upper Half,Strong,Bullish,Yes,Yes,Inside,59.56,Normal,Expanding,30.2,No,Squeeze releasing - expanding 13 bars after compression,Normal vol,Dry-up,Rising,Weak Down,0.3229,Accumulation,87.7623,Overbought,3 - Topping,late,20.0,20.0,2 - Advancing,15.0,STAND ASIDE,50.0,0.0,Stage unclear,3 - Topping but stage confidence only 20 - regime not established,3 - Topping but stage confidence only 20 - regime not established,3 - Topping but stage confidence only 20 - regime not established
2026-07-16,1873.4000244140625,1888.0,1837.800048828125,1863.199951171875,112662,1725.3469,1627.8373,No,92.3,Strong Bull,Uptrend,Hold,Uptrend (HH+HL),Bullish,97.3,Strong Bull,Bullish confirmed,"Strong Bull - all 4 components agree, strong ADX",100.0,"Outperforming, strengthening",Leads both,61.0366,Neutral,58.0057,55.3765,bullish fading,Neutral,1.3986,0.0893,full,100.0,Positive accelerating,72.64,Strong Bullish,Bullish confirmed,None,Strong Bullish - all 4 components agree incl. MACD acceleration,Upper Half,Strong,Bullish,Yes,Yes,Inside,57.86,Normal,Stable,17.38,No,"Normal volatility, stable",Normal vol,Dry-up,Rising,Weak Down,0.3133,Accumulation,85.8781,Overbought,2 - Advancing,early,84.0,1.0,3 - Topping,20.0,ENTER SMALL,80.0,3.0,Volume,"2 - Advancing, trend 97 long confirmed but participation is thin - reduce size, breakouts without volume fail more often",3 - Topping but stage confidence only 20 - regime not established,3 - Topping but stage confidence only 20 - regime not established
2026-07-17,1868.199951171875,1901.0,1842.0,1897.0999755859373,144172,1732.0823,1630.5165,No,93.85,Strong Bull,Uptrend,Hold,Uptrend (HH+HL),Bullish,97.85,Strong Bull,Bullish confirmed,"Strong Bull - all 4 components agree, strong ADX",100.0,"Outperforming, strengthening",Leads both,64.5665,Neutral,57.5022,55.8016,bullish fading,Neutral,1.9289,0.1691,full,100.0,Positive accelerating,73.4,Strong Bullish,Bullish confirmed,None,Strong Bullish - all 4 components agree incl. MACD acceleration,Upper Half,Strong,Bullish,No,Yes,Inside,56.55,Normal,Stable,9.05,No,"Normal volatility, stable",Normal vol,Dry-up,Rising,Weak Up,0.3203,Accumulation,87.5,Overbought,2 - Advancing,early,84.0,2.0,3 - Topping,20.0,ENTER SMALL,80.0,3.0,Volume,"2 - Advancing, trend 98 long confirmed but participation is thin - reduce size, breakouts without volume fail more often",3 - Topping but stage confidence only 20 - regime not established,3 - Topping but stage confidence only 20 - regime not established
2026-07-20,1897.0999755859373,1915.5999755859373,1855.0,1901.9000244140625,161948,1738.7418,1633.2169,No,93.8,Strong Bull,Uptrend,Hold,Uptrend (HH+HL),Bullish,97.83,Strong Bull,Bullish confirmed,"Strong Bull - all 4 components agree, trending ADX",100.0,"Outperforming, strengthening",Leads both,65.0493,Neutral,56.8353,56.0084,bullish fading,Overbought,1.3212,0.0733,full,100.0,Positive accelerating,73.39,Strong Bullish,Bullish majority,None,Strong Bullish - price momentum agrees but MACD shows deceleration,Upper Half,Trending,Bullish,No,Yes,Inside,55.2,Normal,Stable,2.06,No,"Normal volatility, stable",Normal vol,Normal,Rising,Weak Up,0.3303,Accumulation,88.9214,Overbought,2 - Advancing,early,84.0,3.0,3 - Topping,20.0,ENTER SMALL,80.0,3.0,Volume,"2 - Advancing, trend 98 long confirmed but participation is thin - reduce size, breakouts without volume fail more often",3 - Topping but stage confidence only 20 - regime not established,3 - Topping but stage confidence only 20 - regime not established
2026-07-21,1901.800048828125,1901.800048828125,1880.0,1882.800048828125,46681,1744.3912,1635.7003,No,92.41,Strong Bull,Uptrend,Hold,Uptrend (HH+HL),Bullish,97.34,Strong Bull,Bullish confirmed,"Strong Bull - all 4 components agree, trending ADX",100.0,"Outperforming, strengthening",Leads both,61.4606,Neutral,54.1414,55.635,Bearish crossover,Neutral,-0.4073,-0.1953,full,100.0,Positive fading,70.48,Strong Bullish,Bullish majority,None,Strong Bullish - price momentum agrees but MACD shows deceleration,Upper Half,Trending,Bullish,No,No,Inside,48.05,Normal,Stable,-8.63,No,"Normal volatility, stable",Low vol - tight stops,Dry-up,Rising,Weak Down,0.3381,Accumulation,83.9304,Overbought,2 - Advancing,early,84.0,4.0,3 - Topping,20.0,ENTER SMALL,80.0,3.0,Volume,"2 - Advancing, trend 97 long confirmed but participation is thin - reduce size, breakouts without volume fail more often",3 - Topping but stage confidence only 20 - regime not established,3 - Topping but stage confidence only 20 - regime not established
2026-07-22,1881.800048828125,1891.5,1799.0999755859375,1815.5999755859373,125663,1747.1837,1637.4903,No,83.35,Strong Bull,Uptrend,Hold,Uptrend (HH+HL),Bullish,71.58,Bull,Bullish majority,"Bull - majority agree, 1 dissenting, trending ADX",100.0,"Outperforming, strengthening",Leads both,50.8344,Neutral,46.0532,53.7186,bullish accelerating,Neutral,-0.8898,-0.2702,full,100.0,Positive fading,60.92,Bullish,Bullish majority,Bearish divergence,Bullish - bearish divergence vs price over 21 bars,Lower Half,Trending,Bearish,No,No,Inside,58.29,Normal,Stable,-5.75,No,"Normal volatility, stable",Vol contracting,Dry-up,Rising,Weak Down,0.3316,Accumulation,73.3745,Neutral,2 - Advancing,early,84.0,5.0,3 - Topping,20.0,HOLD / TIGHTEN STOP,65.79,2.0,Momentum divergence,"2 - Advancing, trend 72 long but momentum diverging - trend tiring, tighten stop",3 - Topping but stage confidence only 20 - regime not established,3 - Topping but stage confidence only 20 - regime not established
2026-07-23,1814.800048828125,1821.0,1773.199951171875,1799.300048828125,80753,1749.2274,1639.1004,No,78.86,Bull,Uptrend,Hold,Uptrend (HH+HL),Bullish,68.05,Bull,Bullish majority,"Bull - majority agree, 1 dissenting, trending ADX",100.0,"Outperforming, strengthening",Leads both,48.6378,Neutral,37.8912,50.5531,bullish accelerating,Neutral,-3.414,-0.6604,full,89.25,Positive fading,51.92,Neutral,Bearish majority,Bearish divergence,Neutral - bearish divergence vs price over 21 bars,Lower Half,Trending,Bearish,No,No,Inside,56.31,Normal,Stable,-8.81,No,"Normal volatility, stable",Vol contracting,Dry-up,Rising,Weak Down,0.3362,Accumulation,66.3727,Neutral,2 - Advancing,early,84.0,6.0,3 - Topping,20.0,HOLD / TIGHTEN STOP,61.5,2.0,Momentum divergence,"2 - Advancing, trend 68 long but momentum diverging - trend tiring, tighten stop","2 - Advancing, trend 97 long confirmed but participation is thin - reduce size, breakouts without volume fail more often",3 - Topping but stage confidence only 20 - regime not established
2026-07-24,1798.0,1807.5,1738.0,1759.800048828125,165781,1749.6421,1640.3014,No,74.33,Bull,Uptrend,Hold,Uptrend (HH+HL),Bullish,61.71,Bull,Bullish majority,"Bull - majority agree, 1 dissenting, trending ADX",91.48,"Outperforming, strengthening",Leads both,43.7087,Neutral,27.9136,46.0252,bullish accelerating,Oversold,-8.7288,-1.4731,full,81.28,Positive fading,44.18,Neutral,Bearish majority,Bearish divergence,Neutral - bearish divergence vs price over 21 bars,Lower Half,Trending,Bearish,No,Yes,Inside,59.8,Normal,Stable,-6.47,No,"Normal volatility, stable",Normal vol,Normal,Rising,Weak Down,0.3169,Accumulation,57.6465,Neutral,2 - Advancing,early,84.0,7.0,3 - Topping,20.0,HOLD / TIGHTEN STOP,56.32,2.0,Momentum divergence,"2 - Advancing, trend 62 long but momentum diverging - trend tiring, tighten stop","2 - Advancing, trend 98 long confirmed but participation is thin - reduce size, breakouts without volume fail more often",3 - Topping but stage confidence only 20 - regime not established
2026-07-27,1761.0,1835.0,1761.0,1829.0,129614,1752.7541,1642.179,No,79.67,Bull,Uptrend,Hold,Uptrend (HH+HL),Bullish,71.94,Bull,Bullish majority,"Bull - majority agree, 1 dissenting, trending ADX",95.4,"Outperforming, strengthening",Leads both,52.744,Neutral,25.2985,41.8799,bullish fading,Neutral,-3.9088,-0.7249,full,84.82,Positive accelerating,49.84,Neutral,Mixed,Bearish divergence,Neutral - bearish divergence vs price over 21 bars,Lower Half,Trending,Bearish,No,Yes,Inside,56.39,Normal,Stable,-8.77,No,"Normal volatility, stable",Normal vol,Dry-up,Rising,Weak Up,0.332,Accumulation,53.0815,Neutral,2 - Advancing,early,84.0,8.0,3 - Topping,20.0,HOLD / TIGHTEN STOP,63.82,2.0,Momentum divergence,"2 - Advancing, trend 72 long but momentum diverging - trend tiring, tighten stop","2 - Advancing, trend 98 long confirmed but participation is thin - reduce size, breakouts without volume fail more often",3 - Topping but stage confidence only 20 - regime not established
2026-07-28,1835.0,1857.800048828125,1811.5,1819.5999755859373,68747,1755.3755,1643.9443,No,79.02,Bull,Uptrend,Hold,Uptrend (HH+HL),Bullish,71.83,Bull,Bullish majority,"Bull - majority agree, 1 dissenting, trending ADX",75.04,"Outperforming, strengthening",Leads both,51.5339,Neutral,22.2115,37.9462,bullish fading,Neutral,-3.1819,-0.6115,full,69.93,Positive fading,46.35,Neutral,Mixed,Bearish divergence,Neutral - bearish divergence vs price over 21 bars,Lower Half,Trending,Bearish,No,Yes,Inside,49.72,Normal,Stable,-12.86,No,"Normal volatility, stable",Normal vol,Dry-up,Rising,Weak Down,0.3343,Accumulation,64.4233,Neutral,2 - Advancing,early,84.0,9.0,3 - Topping,20.0,HOLD / TIGHTEN STOP,61.53,2.0,Momentum divergence,"2 - Advancing, trend 72 long but momentum diverging - trend tiring, tighten stop","2 - Advancing, trend 97 long confirmed but participation is thin - reduce size, breakouts without volume fail more often",3 - Topping but stage confidence only 20 - regime not established
2026-07-29,1819.0,1841.4000244140625,1809.9000244140625,1819.199951171875,47133,1757.8785,1645.6882,No,77.83,Bull,Uptrend,Hold,Uptrend (HH+HL),Bullish,72.51,Bull,Bullish majority,"Bull - majority agree, 1 dissenting, trending ADX",72.22,"Outperforming, strengthening",Leads both,51.4798,Neutral,19.5079,34.2586,bullish fading,Neutral,-3.0432,-0.5881,full,69.88,Positive fading,47.93,Neutral,Mixed,Bearish divergence,Neutral - bearish divergence vs price over 21 bars,Lower Half,Trending,Bearish,No,Yes,Inside,44.4,Normal,Stable,-15.16,No,"Normal volatility, stable",Normal vol,Dry-up,Rising,Weak Down,0.1637,Accumulation,57.9329,Neutral,2 - Advancing,early,84.0,10.0,3 - Topping,20.0,HOLD / TIGHTEN STOP,62.31,2.0,Momentum divergence,"2 - Advancing, trend 73 long but momentum diverging - trend tiring, tighten stop","2 - Advancing, trend 72 long but momentum diverging - trend tiring, tighten stop",3 - Topping but stage confidence only 20 - regime not established
2026-07-30,1822.5,1822.5,1777.0999755859375,1782.300048828125,51771,1758.8362,1647.0475,No,73.41,Bull,Uptrend,Hold,Uptrend (HH+HL),Bullish,67.16,Bull,Bullish majority,"Bull - majority agree, 1 dissenting, trending ADX",63.38,"Outperforming, weakening",Leads both,46.6161,Neutral,14.2238,30.2516,bullish accelerating,Neutral,-4.342,-0.7836,full,62.34,Positive fading,42.85,Neutral,Bearish majority,None,"Neutral - majority agree, 1 dissenting",Lower Half,Trending,Bearish,No,Yes,Inside,40.04,Normal,Stable,-17.82,No,"Normal volatility, stable",Normal vol,Dry-up,Falling,Weak Down,0.125,Accumulation,45.6997,Neutral,2 - Advancing,early,84.0,11.0,3 - Topping,20.0,ENTER SMALL,58.38,3.0,Volume,"2 - Advancing, trend 67 long confirmed but participation is thin - reduce size, breakouts without volume fail more often","2 - Advancing, trend 68 long but momentum diverging - trend tiring, tighten stop","2 - Advancing, trend 97 long confirmed but participation is thin - reduce size, breakouts without volume fail more often"
2026-07-31,1784.199951171875,1880.699951171875,1768.0999755859375,1848.9000244140625,212866,1762.3681,1649.056,No,79.71,Bull,Uptrend,Hold,Uptrend (HH+HL),Bullish,88.95,Strong Bull,Bullish confirmed,"Strong Bull - all 4 components agree, trending ADX",70.41,"Outperforming, weakening",Leads both,54.8985,Neutral,15.2345,27.2482,bullish fading,Neutral,-2.5407,-0.5041,full,69.25,Positive accelerating,49.79,Neutral,Mixed,Bearish divergence,Neutral - bearish divergence vs price over 21 bars,Lower Half,Trending,Bullish,No,Yes,Inside,47.1,Normal,Stable,-9.44,No,"Normal volatility, stable",Normal vol,Normal,Falling,Confirmed Up,0.1345,Accumulation,48.3206,Neutral,2 - Advancing,early,84.0,12.0,3 - Topping,20.0,HOLD / TIGHTEN STOP,70.0,2.0,Momentum divergence,"2 - Advancing, trend 89 long but momentum diverging - trend tiring, tighten stop","2 - Advancing, trend 62 long but momentum diverging - trend tiring, tighten stop","2 - Advancing, trend 98 long confirmed but participation is thin - reduce size, breakouts without volume fail more often"
2026-08-03,1858.0,1858.0,1839.300048828125,1846.4000244140625,61283,1765.6635,1651.0196,No,79.62,Bull,Uptrend,Hold,Uptrend (HH+HL),Bullish,88.1,Strong Bull,Bullish confirmed,"Range with bullish lean - ADX emerging, direction not confirmed",72.6,"Outperforming, weakening",Leads both,54.5563,Neutral,15.6534,24.9292,bullish fading,Neutral,-2.9181,-0.5606,full,71.72,Positive accelerating,52.45,Neutral,Mixed,None,"Neutral - components mixed, low conviction",Lower Half,Emerging,Bullish,No,Yes,Inside,40.67,Normal,Stable,-14.52,No,"Normal volatility, stable",Normal vol,Dry-up,Falling,Weak Down,0.1083,Accumulation,52.7999,Neutral,2 - Advancing,mid,84.0,13.0,3 - Topping,20.0,WAIT,62.0,1.0,Weak ADX,"2 - Advancing, trend 88 but ADX shows no trend, this is a range - wait for alignment","2 - Advancing, trend 72 long but momentum diverging - trend tiring, tighten stop","2 - Advancing, trend 98 long confirmed but participation is thin - reduce size, breakouts without volume fail more often"
2026-08-04,1850.0,1884.4000244140625,1839.0999755859373,1845.9000244140625,143965,1768.81,1652.9587,No,80.43,Strong Bull,Uptrend,Hold,Uptrend (HH+HL),Bullish,87.94,Strong Bull,Bullish confirmed,"Range with bullish lean - ADX emerging, direction not confirmed",69.18,"Outperforming, weakening",Leads both,54.4832,Neutral,15.7633,23.096,bullish fading,Neutral,-1.9598,-0.413,full,67.72,Positive fading,53.72,Neutral,Bullish majority,None,Neutral - price momentum agrees but MACD shows deceleration,Lower Half,Emerging,Bullish,No,Yes,Inside,37.78,Low,Stable,-10.28,No,"Low volatility, stable",Normal vol,Normal,Falling,Confirmed Down,-0.0178,Neutral,59.8495,Neutral,2 - Advancing,mid,84.0,14.0,3 - Topping,20.0,WAIT,62.0,1.0,Weak ADX,"2 - Advancing, trend 88 but ADX shows no trend, this is a range - wait for alignment","2 - Advancing, trend 72 long but momentum diverging - trend tiring, tighten stop","2 - Advancing, trend 97 long confirmed but participation is thin - reduce size, breakouts without volume fail more often"
2026-08-05,1872.0,1890.0,1850.5,1877.699951171875,82155,1773.0802,1655.1949,No,86.98,Strong Bull,Uptrend,Hold,Uptrend (HH+HL),Bullish,89.89,Strong Bull,Bullish confirmed,"Range with bullish lean - ADX emerging, direction not confirmed",72.08,"Outperforming, weakening",Leads both,58.3112,Neutral,18.2065,22.1181,bullish fading,Neutral,3.4204,0.4104,full,71.37,Positive accelerating,58.44,Bullish,Bullish majority,None,Bullish - price momentum agrees but MACD shows deceleration,Upper Half,Emerging,Bullish,No,No,Inside,34.96,Low,Contracting,-23.33,No,"Low volatility, contracting - coiling, watch for breakout",Vol contracting,Normal,Falling,Weak Up,0.07,Accumulation,66.5471,Neutral,2 - Advancing,mid,84.0,15.0,3 - Topping,20.0,WAIT,62.0,1.0,Weak ADX,"2 - Advancing, trend 90 but ADX shows no trend, this is a range - wait for alignment","2 - Advancing, trend 73 long but momentum diverging - trend tiring, tighten stop","2 - Advancing, trend 72 long but momentum diverging - trend tiring, tighten stop"
