Date,Open,High,Low,Close,Volume,EMA_50,EMA_200,Below_EMA_200,EMA_score,EMA_trend,ST_state,ST_signal,MS_structure,MS_bias,Trend_score,Trend_band,Trend_agreement,Trend_description,RSI_14,RSI_state,MACD,MACD_signal,MACD_state,Stoch_state,ROC_10,ROC_10_z,ROC_10_z_basis,ROC_score,ROC_state,Momentum_score,Momentum_band,Momentum_agreement,Momentum_divergence,Momentum_description,BB_state,ADX_regime,ADX_direction,ADX_rising,ATR_rising,DC_state,Volatility_score,Volatility_band,Volatility_trend,Volatility_change,Volatility_squeeze,Volatility_description,ATR_note,Vol_state,Vol_trend,Vol_price_confirm,CMF,CMF_state,MFI,MFI_state,Stage_name,Stage_substage,Stage_confidence,Stage_days,Prev_stage_name,Prev_stage_days,Final_decision,Final_score,Final_conviction,Final_blocker,Final_description,Final_description_5d_ago,Final_description_10d_ago
2021-07-27,13715.13267708221,13740.882643825284,13569.33208413845,13610.2822265625,0,,,,,,,,,,,,,,,,,,,,,,,,,,,,,,,,,,,,,,,,,,,,,,,,,,,,,,,,,,,,,,
2021-07-28,13631.532158731789,13631.532158731789,13409.08225137967,13579.1328125,0,,,,,,,,,,,,,,,,,,,,,,,,,,,,,,,,,,,,,,,,,,,,,,,,,,,,,,,,,,,,,,
2021-07-29,13631.482437657469,13668.882780097125,13608.882857399003,13643.732421875,0,,,,,,,,,,,,,,,,,,,,,,,,,,,,,,,,,,,,,,,,,,,,,,,,,,,,,,,,,,,,,,
2021-07-30,13671.532217171798,13739.682520125973,13635.432654236482,13664.232421875,0,,,,,,,,,,,,,,,,,,,,,,,,,,,,,,,,,,,,,,,,,,,,,,,,,,,,,,,,,,,,,,
2021-08-02,13759.781282173091,13789.881827591216,13732.831123139127,13783.681640625,0,,,,,,,,,,,,,,,,,,,,,,,,,,,,,,,,,,,,,,,,,,,,,,,,,,,,,,,,,,,,,,
2021-08-03,13840.581185936284,13950.231430603932,13817.881997401568,13939.181640625,0,,,,,,,,,,,,,,,,,,,,,,,,,,,,,,,,,,,,,,,,,,,,,,,,,,,,,,,,,,,,,,
2021-08-04,13998.031211879172,14045.031149451765,13944.081088225628,13969.3310546875,0,,,,,,,,,,,,,,,,,,,,,,,,,,,,,,,,,,,,,,,,,,,,,,,,,,,,,,,,,,,,,,
2021-08-05,14000.881810257652,14003.081026089105,13891.681759862957,13981.53125,0,,,,,,,,,,,,,,,,,,,,,,,,,,,,,,,,,,,,,,,,,,,,,,,,,,,,,,,,,,,,,,
2021-08-06,13996.580998910062,14029.781150078192,13946.0312614357,13954.6318359375,0,,,,,,,,,,,,,,,,,,,,,,,,,,,,,,,,,,,,,,,,,,,,,,,,,,,,,,,,,,,,,,
2021-08-09,13993.580976727726,14007.531153465372,13870.231531594223,13935.03125,0,,,,,,,,,,,,,,,,,,,,,,,,,,,,,,,,,,,,,,,,,,,,,,,,,,,,,,,,,,,,,,
2021-08-10,13957.580968076552,13996.83091565558,13809.431751877404,13892.7314453125,19351700,,,,,,Uptrend,Hold,,,,,,,,,,,,,2.0753,,,,,,,,,,,,,,,,,,,,,,,,,,,,,,,,,,,,,,,,,,
2021-08-11,13924.031186486542,13938.580971719128,13716.681854363977,13876.53125,19712500,,,,,,Uptrend,Hold,,,,,,,,,,,,,2.1901,,,,,,,,,,,,,,,,,,,,,,,,,,,,,,,,,,,,,,,,,,
2021-08-12,13901.08114877676,13979.831044197112,13884.031366731326,13971.931640625,14930300,,,,,,Uptrend,Hold,,,,,,,,,,,,,2.4055,,,,,,,,,,,,,,,,,,,,,,,,,,,,,,,,,,,,,,,,,,
2021-08-13,13997.731534422972,14079.631817006468,13991.681737716264,14065.28125,15572800,,,,,,Uptrend,Hold,,,,,,,,,,,,,2.935,,,,,,,,,,,,,,,,,,,,,,,,,,,,,,,,,,,,,,,,,,
2021-08-16,14063.731454608838,14087.381814046868,14016.731516586147,14070.78125,13096000,,,,77.82,Bull,Uptrend,Hold,,,,,,,60.5437,Neutral,,,,,2.0829,,,,,,,,,,,,,,,,,,,,,,,,,,,,52.9994,Neutral,,,,,,,,,,,,,
2021-08-17,14063.881900620394,14123.581040883006,14010.881970300228,14113.0810546875,15694800,,,,81.74,Strong Bull,Uptrend,Hold,,,,,,,63.2757,Neutral,,,,,1.2476,,,,,,,,,,,,,,,,,,,,,,,,,,,,60.5603,Neutral,,,,,,,,,,,,,
2021-08-18,14171.03115061552,14186.481325590144,14071.981476312303,14095.53125,17533500,,,,80.96,Strong Bull,Uptrend,Hold,,,,,,,61.3768,Neutral,,,,Overbought,0.9034,,,,,,,,,,,,,,,,,,,,,,,,,,,,66.5812,Neutral,,,,,,,,,,,,,
2021-08-20,13951.48143526626,14047.881697614905,13910.181685534848,13943.931640625,18901100,,,,74.25,Bull,Uptrend,Hold,,,,,,,47.9818,Neutral,,,,Neutral,-0.2689,,,,,,,,,,,,,,,,,,,,,,,,,,,,57.2587,Neutral,,,,,,,,,,,,,
2021-08-23,14063.330877805833,14063.48126823052,13840.981564587666,13930.53125,20346100,,,,63.49,Bull,Uptrend,Hold,,,,,,,47.0052,Neutral,,,,Neutral,-0.1727,,,,,,,,,,,,,,,,,,,,,,,,,,,,49.7695,Neutral,,,,,,,,,,,,,
2021-08-24,13986.931741292983,14075.881819246904,13942.48160462692,14063.2314453125,16106000,,,,62.43,Bull,Uptrend,Hold,,,,,,,56.4563,Neutral,,,,Neutral,0.92,,,,,,,,,,Upper Half,,,,,,,,,,,,,,,,,,54.5075,Neutral,,,,,,,,,,,,,
2021-08-25,14103.081042180438,14145.431572361998,14070.531280345826,14093.5810546875,13765300,,,,59.56,Neutral,Uptrend,Hold,,,,,,,58.2884,Neutral,,,,Neutral,1.4457,,,,,,,,,,Upper Half,,,,,,,,,,,,,Normal,,Confirmed Up,0.1786,Accumulation,57.9184,Neutral,,,,,,,,,,,,,
2021-08-26,14106.431641282645,14147.031197257507,14074.88187809219,14106.931640625,14919000,,,,75.51,Bull,Uptrend,Hold,Range,Bullish,68.02,Bull,Mixed,"Bull - components mixed, low conviction",59.1036,Neutral,,,,Neutral,1.6604,,,,,,,,,,Upper Half,,,,,Near Upper,,,,,,,,Normal,,Confirmed Up,0.157,Accumulation,61.0823,Neutral,,,,,,,,,,,,,
2021-08-27,14126.281336547398,14203.931625655488,14064.08122255286,14192.4814453125,13229300,,,,81.54,Strong Bull,Uptrend,Hold,Range,Bullish,72.28,Bull,Mixed,"Bull - components mixed, low conviction",63.9637,Neutral,,,,Overbought,1.5785,,,,,,,,,,Upper Half,,,,,Breakout Up,,,,,,,,Normal,,Confirmed Up,0.1991,Accumulation,63.5218,Neutral,,,,,,,,,,,,,
2021-08-30,14257.382017000957,14411.931622518909,14250.53143989186,14397.8818359375,14181900,,,,91.16,Strong Bull,Uptrend,Hold,Uptrend (HH+HL),Bullish,89.63,Strong Bull,Bullish confirmed,"Strong Bull - all 3 components agree,  ADX",72.4341,Overbought,,,,Overbought,2.3647,,,,,,,,,,Above Upper,,,,,Breakout Up,,,,,,,,Normal,,Confirmed Up,0.2382,Accumulation,65.8492,Neutral,,,,,,,,,,,,,
2021-08-31,14421.280454045887,14571.78025210351,14393.480686660438,14555.880859375,19398800,,,,92.13,Strong Bull,Uptrend,Hold,Uptrend (HH+HL),Bullish,90.29,Strong Bull,Bullish confirmed,"Strong Bull - all 3 components agree,  ADX",76.9268,Overbought,,,,Overbought,3.4476,,,,,,,,,,Above Upper,,,,Yes,Breakout Up,,,,,,,,Normal,,Confirmed Up,0.2841,Accumulation,74.3796,Neutral,,,,,,,,,,,,,
2021-09-01,14611.630778437517,14640.579958331022,14527.030306053412,14551.330078125,18422700,,,,91.43,Strong Bull,Uptrend,Hold,Uptrend (HH+HL),Bullish,87.8,Strong Bull,Bullish confirmed,"Strong Bull - all 3 components agree,  ADX",76.5399,Overbought,,,,Overbought,3.1053,,,,,,,,,,Above Upper,,,,Yes,Near Upper,,,,,,,,Normal,,Confirmed Down,0.2246,Accumulation,82.876,Overbought,,,,,,,,,,,,,
2021-09-02,14571.28042380194,14691.980458574426,14548.480649439833,14684.330078125,22044800,,,,92.13,Strong Bull,Uptrend,Hold,Uptrend (HH+HL),Bullish,89.88,Strong Bull,Bullish confirmed,"Strong Bull - all 3 components agree,  ADX",79.7462,Overbought,244.1689,,,Overbought,4.1772,,,,,,,,,,Above Upper,,,,Yes,Breakout Up,,,,,,,,Normal,,Confirmed Up,0.2759,Accumulation,83.4681,Overbought,,,,,,,,,,,,,
2021-09-03,14724.680709848792,14770.830062840932,14682.180766089816,14759.2802734375,24543700,,,,92.18,Strong Bull,Uptrend,Hold,Uptrend (HH+HL),Bullish,91.17,Strong Bull,Bullish confirmed,"Strong Bull - all 4 components agree, trending ADX",81.2975,Overbought,263.18,,,Overbought,5.8473,,,,,,,,,,Above Upper,Trending,Bullish,,No,Breakout Up,,,,,,,,Normal,,Confirmed Up,0.3124,Accumulation,84.1521,Overbought,,,,,,,,,,,,,
2021-09-06,14827.0302454711,14843.380809839598,14783.43069361086,14805.830078125,16059600,,,,91.96,Strong Bull,Uptrend,Hold,Uptrend (HH+HL),Bullish,90.24,Strong Bull,Bullish confirmed,"Strong Bull - all 4 components agree, trending ADX",82.2089,Overbought,278.789,,,Overbought,6.2833,,,,,,,,,,At Upper,Trending,Bullish,,No,Breakout Up,,,,,,,,Normal,,Weak Up,0.2847,Accumulation,84.3948,Overbought,,,,,,,,,,,,,
2021-09-07,14834.930597083236,14852.230378916223,14713.530366838464,14784.23046875,23696100,,,,91.16,Strong Bull,Uptrend,Hold,Uptrend (HH+HL),Bullish,89.65,Strong Bull,Bullish confirmed,"Strong Bull - all 4 components agree, trending ADX",80.2546,Overbought,286.1181,,,Overbought,5.1268,,,,,,,,,,Upper Half,Trending,Bullish,,No,Near Upper,,,,,,,,Normal,,Confirmed Down,0.2669,Accumulation,75.3231,Neutral,,,,,,,,,,,,,
2021-09-08,14802.830079114518,14825.0800497588,14716.63097409216,14803.580078125,26775300,,,,90.86,Strong Bull,Uptrend,Hold,Uptrend (HH+HL),Bullish,89.61,Strong Bull,Bullish confirmed,"Strong Bull - all 4 components agree, trending ADX",80.6973,Overbought,290.1432,,,Overbought,5.0377,,,,,,,,,,Upper Half,Trending,Bullish,,No,Near Upper,,,,,,,,Normal,,Confirmed Up,0.3123,Accumulation,65.839,Neutral,,,,,,,,,,,,,
2021-09-09,14780.58015164877,14844.38084890907,14774.13094138876,14836.4306640625,18261800,,,,90.73,Strong Bull,Uptrend,Hold,Uptrend (HH+HL),Bullish,89.15,Strong Bull,Bullish confirmed,"Strong Bull - all 4 components agree, trending ADX",81.4574,Overbought,292.6108,,,Overbought,5.1712,,,,,,,,,,Upper Half,Trending,Bullish,,No,Near Upper,,,,,,,,Normal,,Confirmed Up,0.3288,Accumulation,72.8568,Neutral,,,,,,,,,,,,,
2021-09-13,14839.78028974452,14865.730450931453,14769.080187405663,14852.1806640625,16737100,,,,90.46,Strong Bull,Uptrend,Hold,Uptrend (HH+HL),Bullish,88.54,Strong Bull,Bullish confirmed,"Strong Bull - all 4 components agree, trending ADX",81.8269,Overbought,292.466,,,Overbought,4.6482,,,,,,,,,,Upper Half,Trending,Bullish,No,No,Near Upper,,,,,,,,Normal,,Weak Up,0.326,Accumulation,80.1491,Overbought,,,,,,,,,,,,,
2021-09-14,14917.03025679466,14935.530232551528,14881.530303315269,14904.330078125,29200400,,,,90.56,Strong Bull,Uptrend,Hold,Uptrend (HH+HL),Bullish,87.59,Strong Bull,Bullish confirmed,"Strong Bull - all 4 components agree, trending ADX",83.0325,Overbought,293.1797,,,Overbought,3.5175,,,,,,,,,,Upper Half,Trending,Bullish,No,No,Breakout Up,,,,,,,,Normal,,Confirmed Up,0.2738,Accumulation,81.1966,Overbought,,,,,,,,,,,,,
2021-09-15,14927.930784469952,15028.630848841793,14921.080207440282,15020.5302734375,31359100,,,,91.22,Strong Bull,Uptrend,Hold,Uptrend (HH+HL),Bullish,88.61,Strong Bull,Bullish confirmed,"Strong Bull - all 4 components agree, trending ADX",85.3626,Overbought,299.6673,,,Overbought,3.1922,,,,,,,,,,Upper Half,Trending,Bullish,No,No,Breakout Up,,,,,,,,Normal,,Confirmed Up,0.3113,Accumulation,82.4192,Overbought,,,,,,,,,,,,,
2021-09-16,15050.830148014857,15115.330064613736,15012.23058855072,15104.880859375,53456100,,,,91.5,Strong Bull,Uptrend,Hold,Uptrend (HH+HL),Bullish,88.86,Strong Bull,Bullish confirmed,"Strong Bull - all 4 components agree, trending ADX",86.7817,Overbought,308.0639,284.8228,bullish,Overbought,3.8041,,,,,,,,,,Upper Half,Trending,Bullish,No,No,Breakout Up,,,,,,,,High,,Confirmed Up,0.3535,Accumulation,84.5826,Overbought,,,,,,,,,,,,,
2021-09-17,15169.880673969124,15207.68042952738,14979.3301403822,15027.23046875,42884200,,,,90.27,Strong Bull,Uptrend,Hold,Uptrend (HH+HL),Bullish,87.84,Strong Bull,Bullish confirmed,"Strong Bull - all 4 components agree, trending ADX",79.1722,Overbought,304.9375,288.8457,bullish fading,Overbought,2.3351,,,,,,,,,,Upper Half,Trending,Bullish,Yes,No,Near Upper,,,,,,,,Normal,,Confirmed Down,0.3017,Accumulation,73.7198,Neutral,,,,,,,,,,,,,
2021-09-20,14907.480362378175,15047.630568383329,14800.830112243537,14826.73046875,24323400,,,,88.13,Strong Bull,Uptrend,Hold,Uptrend (HH+HL),Bullish,83.82,Strong Bull,Bullish confirmed,"Strong Bull - all 4 components agree, trending ADX",63.6521,Neutral,283.0186,287.6803,Bearish crossover,Neutral,0.457,,,,,,,,,,Upper Half,Trending,Bullish,Yes,No,Inside,,,,,,,,Normal,,Confirmed Down,0.2773,Accumulation,67.8463,Neutral,,,,,,,,,,,,,
2021-09-21,14856.830195015076,14959.430646878074,14734.680940572734,14946.2802734375,22286700,,,,89.18,Strong Bull,Uptrend,Hold,Uptrend (HH+HL),Bullish,85.18,Strong Bull,Bullish confirmed,"Strong Bull - all 4 components agree, trending ADX",67.7159,Neutral,272.1572,284.5757,bullish accelerating,Neutral,0.9486,,,,,,,,,,Upper Half,Trending,Bullish,No,Yes,Inside,,,,,,,,Normal,,Weak Up,0.3274,Accumulation,62.1177,Neutral,,,,,,,,,,,,,
2021-09-22,14977.28029070098,15030.830025618216,14950.330130502003,14990.5302734375,20244400,,,,87.43,Strong Bull,Uptrend,Hold,Uptrend (HH+HL),Bullish,84.78,Strong Bull,Bullish confirmed,"Strong Bull - all 4 components agree, trending ADX",69.0933,Neutral,264.0759,280.4757,bullish accelerating,Neutral,1.3954,,,,,,,,,,Upper Half,Trending,Bullish,No,Yes,Inside,,,,,,,,Normal,,Weak Up,0.2964,Accumulation,62.357,Neutral,,,,,,,,,,,,,
2021-09-23,15097.080217300254,15219.33006027134,15085.530427448362,15205.4306640625,20467000,,,,88.91,Strong Bull,Uptrend,Hold,Uptrend (HH+HL),Bullish,88.47,Strong Bull,Bullish confirmed,"Strong Bull - all 4 components agree, trending ADX",74.7316,Overbought,271.8781,278.7562,bullish fading,Neutral,2.7146,,,,,,,,,,Upper Half,Trending,Bullish,No,Yes,Near Upper,,,,,,,,Normal,,Weak Up,0.3377,Accumulation,62.2733,Neutral,,,,,,,,,,,,,
2021-09-24,15274.079972511125,15305.180518464733,15160.430704559893,15191.9306640625,26783800,,,,88.92,Strong Bull,Uptrend,Hold,Uptrend (HH+HL),Bullish,87.6,Strong Bull,Bullish confirmed,"Strong Bull - all 4 components agree, trending ADX",73.8205,Overbought,273.8156,277.7681,bullish fading,Overbought,2.3961,,,,,,,,,,Upper Half,Trending,Bullish,No,Yes,Near Upper,,,,,,,,Normal,,Confirmed Down,0.3016,Accumulation,62.584,Neutral,,,,,,,,,,,,,
2021-09-27,15261.329985156344,15262.630764733698,15139.58014171187,15189.0302734375,18550100,,,,90.07,Strong Bull,Uptrend,Hold,Uptrend (HH+HL),Bullish,88.15,Strong Bull,Bullish confirmed,"Strong Bull - all 4 components agree, trending ADX",73.6129,Overbought,271.9819,276.6108,bullish accelerating,Overbought,2.268,,,,,,,,,,Upper Half,Trending,Bullish,No,Yes,Near Upper,,,,,,,,Normal,,Weak Down,0.2683,Accumulation,57.8611,Neutral,,,,,,,,,,,,,
2021-09-28,15235.079897634694,15239.630672996724,14967.030439760032,15095.580078125,22453400,,,,88.92,Strong Bull,Uptrend,Hold,Uptrend (HH+HL),Bullish,85.85,Strong Bull,Bullish confirmed,"Strong Bull - all 4 components agree, trending ADX",67.0672,Neutral,259.9909,273.2868,bullish accelerating,Neutral,1.2832,,,,,,,,,,Upper Half,Trending,Bullish,No,Yes,Inside,,,,,,,,Normal,,Weak Down,0.2378,Accumulation,57.9771,Neutral,,,,,,,,,,,,,
2021-09-29,15023.280355837964,15141.030203401277,14985.38099083925,15086.9306640625,30743000,,,,88.69,Strong Bull,Uptrend,Hold,Uptrend (HH+HL),Bullish,85.1,Strong Bull,Bullish confirmed,"Strong Bull - all 4 components agree, trending ADX",66.478,Neutral,246.9435,268.0182,bullish accelerating,Neutral,0.4421,,,,,,,,,,Upper Half,Trending,Bullish,No,Yes,Inside,,,,,,,,Normal,,Confirmed Down,0.2196,Accumulation,57.2872,Neutral,,,,,,,,,,,,,
2021-09-30,15109.680590038726,15137.53016327805,15026.930697409249,15052.630859375,32462500,,,,84.75,Strong Bull,Uptrend,Hold,Uptrend (HH+HL),Bullish,82.73,Strong Bull,Bullish confirmed,"Strong Bull - all 4 components agree, trending ADX",64.074,Neutral,231.1708,260.6487,bullish accelerating,Neutral,-0.3459,,,,,,,,,,Upper Half,Trending,Bullish,No,Yes,Inside,,,,,,,,Normal,,Confirmed Down,0.2006,Accumulation,58.8716,Neutral,,,,,,,,,,,,,
2021-10-01,14994.780298349737,15031.530250542635,14932.730574381185,15013.9306640625,25478800,,,,81.07,Strong Bull,Uptrend,Hold,Uptrend (HH+HL),Bullish,80.01,Strong Bull,Bullish confirmed,"Strong Bull - all 4 components agree, trending ADX",61.3771,Neutral,213.0917,251.1373,bullish accelerating,Neutral,-0.0885,,,,,,,,,,Upper Half,Trending,Bullish,No,Yes,Inside,,,,,,,,Normal,,Weak Down,0.1931,Accumulation,53.4482,Neutral,,,,,,,,,,,,,
2021-10-04,15094.380970982877,15195.180645986778,15075.230604995735,15181.130859375,20508200,,,,81.99,Strong Bull,Uptrend,Hold,Uptrend (HH+HL),Bullish,82.42,Strong Bull,Bullish confirmed,"Range with bullish lean - ADX emerging, direction not confirmed",67.7022,Neutral,209.8366,242.8772,bullish fading,Neutral,2.3903,,,,,,,,,,Upper Half,Emerging,Bullish,No,Yes,Near Upper,,,,,,,,Normal,,Weak Up,0.1899,Accumulation,52.4659,Neutral,,,,,,,,,,,,,
2021-10-05,15171.229638277346,15287.67967729906,15150.47966612645,15280.0791015625,25286700,,,,84.51,Strong Bull,Uptrend,Hold,Uptrend (HH+HL),Bullish,84.71,Strong Bull,Bullish confirmed,"Range with bullish lean - ADX emerging, direction not confirmed",70.7545,Overbought,212.7884,236.8594,bullish fading,Neutral,2.2333,,,,,,,,,,Upper Half,Emerging,Bullish,No,Yes,Near Upper,,,,,,,,Normal,,Weak Up,0.2365,Accumulation,51.7738,Neutral,,,,,,,,,,,,,
2021-10-06,15328.930413187338,15349.18038705456,15109.080110968667,15134.5302734375,25794100,,,,82.75,Strong Bull,Uptrend,Hold,Uptrend (HH+HL),Bullish,82.21,Strong Bull,Bullish confirmed,"Range with bullish lean - ADX emerging, direction not confirmed",61.5413,Neutral,201.0653,229.7006,bullish accelerating,Neutral,0.9606,,,,,,,,,,Upper Half,Emerging,Bullish,No,Yes,Inside,,,,,,,,Normal,,Weak Down,0.1966,Accumulation,40.8283,Neutral,,,,,,,,,,,,,
2021-10-07,15274.629903601772,15335.929626071316,15250.9795446977,15290.1298828125,21341200,14507.158,,,87.79,Strong Bull,Uptrend,Hold,Uptrend (HH+HL),Bullish,86.12,Strong Bull,Bullish confirmed,"Strong Bull - all 4 components agree, trending ADX",66.5551,Neutral,202.0017,224.1608,bullish fading,Overbought,0.557,,,,,,,,,,Upper Half,Trending,Bullish,No,Yes,Near Upper,,,,,,,,Normal,Rising,Weak Up,0.1649,Accumulation,49.8146,Neutral,,,,,,,,,,,,,
2021-10-08,15375.27928339513,15402.679637449042,15317.379946610525,15365.1796875,18598500,14540.8059,,,91.29,Strong Bull,Uptrend,Hold,Uptrend (HH+HL),Bullish,87.54,Strong Bull,Bullish confirmed,"Strong Bull - all 4 components agree, trending ADX",68.6763,Neutral,206.4203,220.6127,bullish fading,Overbought,1.1404,,,,,,,,,,At Upper,Trending,Bullish,Yes,Yes,Breakout Up,,,,,,,,Normal,Rising,Weak Up,0.1424,Accumulation,56.2794,Neutral,,,,,,,,,,,,,
2021-10-11,15374.479563302872,15497.77920409296,15356.529391850836,15427.9794921875,21710600,14575.597,,,91.85,Strong Bull,Uptrend,Hold,Uptrend (HH+HL),Bullish,88.12,Strong Bull,Bullish confirmed,"Strong Bull - all 4 components agree, trending ADX",70.3698,Overbought,212.5394,218.998,bullish fading,Overbought,1.5732,,,,,,,,,,Above Upper,Trending,Bullish,Yes,Yes,Breakout Up,,,,,,,,Normal,Rising,Weak Up,0.119,Accumulation,62.9247,Neutral,,,,,,,,,,,,,
2021-10-12,15426.579174815655,15493.22947715345,15371.7794427177,15481.8798828125,27763700,14611.1375,,,91.98,Strong Bull,Uptrend,Hold,Uptrend (HH+HL),Bullish,89.2,Strong Bull,Bullish confirmed,"Strong Bull - all 4 components agree, trending ADX",71.78,Overbought,219.2112,219.0407,Bullish crossover,Overbought,2.559,,,,,,,,,,Above Upper,Trending,Bullish,Yes,No,Near Upper,,,,,,,,Normal,Rising,Confirmed Up,0.1702,Accumulation,63.8299,Neutral,,,,,,,,,,,,,
2021-10-13,15573.579177394962,15660.179649715734,15546.829212489962,15631.3798828125,30276800,14651.147,,,92.95,Strong Bull,Uptrend,Hold,Uptrend (HH+HL),Bullish,90.13,Strong Bull,Bullish confirmed,"Strong Bull - all 4 components agree, trending ADX",75.2924,Overbought,233.8662,222.0058,bullish accelerating,Overbought,3.6087,,,,,,,,,,Above Upper,Trending,Bullish,Yes,No,Breakout Up,,,,,,,,Normal,Rising,Confirmed Up,0.1485,Accumulation,64.937,Neutral,,,,,,,,,,,,,
2021-10-14,15733.279343628008,15780.979476906698,15710.07917848722,15769.2294921875,25796300,14694.9934,,,93.7,Strong Bull,Uptrend,Hold,Uptrend (HH+HL),Bullish,91.27,Strong Bull,Bullish confirmed,"Strong Bull - all 4 components agree, trending ADX",78.0102,Overbought,253.6795,228.3405,bullish accelerating,Overbought,4.7606,,,,,,,,,,Above Upper,Trending,Bullish,Yes,No,Breakout Up,,,,,,,,Normal,Rising,Confirmed Up,0.1062,Accumulation,64.9288,Neutral,,,,,,,,,,,,,
2021-10-18,15924.079052572944,15949.179606107497,15871.379901853628,15886.1298828125,37294700,14741.7046,,,94.18,Strong Bull,Uptrend,Hold,Uptrend (HH+HL),Bullish,91.55,Strong Bull,Bullish confirmed,"Strong Bull - all 4 components agree, trending ADX",80.0176,Overbought,275.6372,237.7999,bullish accelerating,Overbought,5.8093,,,,,,,,,,Above Upper,Trending,Bullish,Yes,No,Breakout Up,,,,,,,,Normal,Rising,Confirmed Up,0.1109,Accumulation,71.8993,Neutral,,,,,,,,,,,,,
2021-10-19,16003.929367216157,16004.429366565437,15716.679741053276,15757.8291015625,29624900,14781.5527,,,92.4,Strong Bull,Uptrend,Hold,Uptrend (HH+HL),Bullish,89.2,Strong Bull,Bullish confirmed,"Strong Bull - all 4 components agree, trending ADX",72.2248,Overbought,279.4645,246.1328,bullish fading,Overbought,3.7988,,,,,,,,,,Upper Half,Trending,Bullish,Yes,Yes,Inside,,,,,,,,Normal,Rising,Confirmed Down,0.1059,Accumulation,70.2735,Neutral,,,,,,,,,,,,,
2021-10-20,15767.979229594128,15776.3288279706,15496.979586569014,15568.6298828125,26118900,14812.4184,,,90.3,Strong Bull,Uptrend,Hold,Uptrend (HH+HL),Bullish,85.91,Strong Bull,Bullish confirmed,"Strong Bull - all 4 components agree, trending ADX",62.5506,Neutral,264.1855,249.7433,bullish fading,Neutral,1.8884,,,,,,,,,,Upper Half,Trending,Bullish,Yes,Yes,Inside,,,,,,,,Normal,Rising,Confirmed Down,0.0412,Neutral,70.9598,Neutral,,,,,,,,,,,,,
2021-10-21,15666.57886460874,15666.979254703563,15373.429838717013,15487.6298828125,25219900,14838.8973,,,89.42,Strong Bull,Uptrend,Hold,Uptrend (HH+HL),Bullish,83.77,Strong Bull,Bullish confirmed,"Strong Bull - all 4 components agree, trending ADX",58.9124,Neutral,242.7426,248.3432,Bearish crossover,Neutral,2.3331,,,,,,,,,,Upper Half,Trending,Bullish,Yes,Yes,Inside,,,,,,,,Normal,Rising,Weak Down,0.03,Neutral,63.4473,Neutral,,,,,,,,,,,,,
2021-10-22,15537.029113966242,15600.429420160812,15328.879977096743,15399.6796875,26580900,14860.8888,,,84.46,Strong Bull,Downtrend,Sell,Uptrend (HH+HL),Bullish,71.6,Bull,Bullish majority,"Bull - majority agree, 1 dissenting, trending ADX",55.1607,Neutral,216.1603,241.9066,bullish accelerating,Neutral,0.7165,,,,,,,,,,Upper Half,Trending,Bullish,No,Yes,Inside,,,,,,,,Normal,Rising,Confirmed Down,-0.0262,Neutral,63.1253,Neutral,,,,,,,,,,,,,
2021-10-25,15491.979281349431,15498.379663414697,15181.579305846895,15334.3291015625,24239700,14879.4551,,,76.46,Bull,Downtrend,Hold,Uptrend (HH+HL),Bullish,53.66,Neutral,Mixed,"Neutral - components mixed, low conviction",52.4861,Neutral,187.6572,231.0567,bullish accelerating,Neutral,-0.2008,,,,,,,,,,Lower Half,Trending,Bearish,No,Yes,Inside,,,,,,,,Normal,Rising,Weak Down,0.0013,Neutral,56.9714,Neutral,,,,,,,,,,,,,
2021-10-26,15360.329285873388,15528.8798441114,15356.479681591862,15499.6298828125,23773200,14903.7756,,,75.53,Bull,Downtrend,Hold,Uptrend (HH+HL),Bullish,56.52,Neutral,Mixed,"Neutral - components mixed, low conviction",58.0296,Neutral,176.3736,220.1201,bullish accelerating,Neutral,0.4644,,,,,,,,,,Upper Half,Trending,Bearish,No,Yes,Inside,,,,,,,,Normal,Rising,Weak Up,0.0384,Neutral,56.8361,Neutral,,,,,,,,,,,,,
2021-10-27,15541.729416165164,15583.179556580111,15454.079141626264,15484.3291015625,19087300,14926.5424,,,75.3,Bull,Downtrend,Hold,Uptrend (HH+HL),Bullish,67.58,Bull,Bullish majority,"Range with bullish lean - ADX emerging, direction not confirmed",57.3624,Neutral,164.3026,208.9566,bullish accelerating,Neutral,0.0158,,,77.54,Positive,61.59,Bullish,Mixed,,"Bullish - components mixed, low conviction",Upper Half,Emerging,Bullish,No,Yes,Inside,,,,,,,,Normal,Rising,Weak Down,0.0216,Neutral,63.1393,Neutral,,,,,,,,,,,,,
2021-10-28,15475.38049352104,15475.430298144507,15148.180718897902,15190.830078125,23872900,14936.9067,,,70.11,Bull,Downtrend,Hold,Uptrend (HH+HL),Bullish,52.04,Neutral,Mixed,"No clear trend - ADX emerging, price ranging",46.354,Neutral,129.5598,193.0772,bullish accelerating,Neutral,-2.8184,,,73.74,Positive fading,54.59,Neutral,Mixed,,"Neutral - components mixed, low conviction",Lower Half,Emerging,Bearish,No,Yes,Inside,,,,,,,,Normal,Rising,Weak Down,-0.0311,Neutral,56.8805,Neutral,,,,,,,,,,,,,
2021-10-29,15163.480369585424,15266.38062699729,14961.480631091255,15086.880859375,23416500,14942.788,,,65.17,Bull,Downtrend,Hold,Uptrend (HH+HL),Bullish,50.89,Neutral,Mixed,"No clear trend - ADX emerging, price ranging",43.1924,Neutral,92.571,172.976,bullish accelerating,Oversold,-4.3271,,,71.15,Positive fading,50.61,Neutral,Mixed,,"Neutral - components mixed, low conviction",Lower Half,Emerging,Bearish,No,Yes,Inside,,,,,,,,Normal,Rising,Weak Down,-0.0053,Neutral,51.1574,Neutral,,,,,,,,,,,,,
2021-11-01,15179.380048051918,15318.129862107024,15111.279553378969,15302.6796875,18625900,14956.9014,,,65.38,Bull,Downtrend,Hold,Uptrend (HH+HL),Bullish,53.81,Neutral,Mixed,"No clear trend - ADX emerging, price ranging",50.7087,Neutral,79.751,154.331,bullish fading,Oversold,-3.6727,,,73.98,Positive accelerating,54.53,Neutral,Mixed,,"Neutral - components mixed, low conviction",Lower Half,Emerging,Bearish,No,Yes,Inside,,,,,,,,Normal,Rising,Weak Up,-0.0065,Neutral,50.7139,Neutral,,,,,,,,,,,,,
2021-11-02,15344.329061792349,15373.679608426544,15278.679735640822,15314.6298828125,17088900,14970.93,,,62.84,Bull,Downtrend,Hold,Uptrend (HH+HL),Bullish,53.27,Neutral,Mixed,"No clear trend - ADX emerging, price ranging",51.0945,Neutral,69.7512,137.415,bullish fading,Neutral,-2.8126,,,72.21,Positive fading,55.51,Neutral,Mixed,,"Neutral - components mixed, low conviction",Lower Half,Emerging,Bearish,No,Yes,Inside,,,,,,,,Normal,Rising,Weak Up,-0.0469,Neutral,49.2029,Neutral,,,,,,,,,,,,,
2021-11-03,15367.679573505944,15397.27914316144,15212.12997754961,15282.7294921875,16168200,14983.1574,,,60.85,Bull,Downtrend,Hold,Uptrend (HH+HL),Bullish,52.17,Neutral,Mixed,"No clear trend - ADX emerging, price ranging",49.9699,Neutral,58.577,121.6474,bullish fading,Neutral,-1.8364,,,69.28,Positive fading,54.89,Neutral,Mixed,,"Neutral - components mixed, low conviction",Lower Half,Emerging,Bearish,No,Yes,Inside,,,,,,,,Normal,Rising,Weak Down,-0.1024,Distribution,42.2775,Neutral,,,,,,,,,,,,,
2021-11-04,15380.92968209887,15396.829074956691,15363.32911963486,15376.8798828125,3711800,14998.5975,,,65.11,Bull,Downtrend,Hold,Uptrend (HH+HL),Bullish,54.92,Neutral,Mixed,"No clear trend - ADX emerging, price ranging",53.2411,Neutral,56.6653,108.651,bullish fading,Neutral,-0.7151,,,70.15,Positive accelerating,56.93,Neutral,Mixed,,"Neutral - components mixed, low conviction",Lower Half,Emerging,Bearish,No,Yes,Inside,,,,,,,,Dry-up,Falling,Weak Up,-0.0647,Distribution,38.1419,Neutral,,,,,,,,,,,,,
2021-11-08,15474.229552838757,15535.029277187408,15313.179960957132,15520.1298828125,17639800,15019.0498,,,73.04,Bull,Downtrend,Hold,Uptrend (HH+HL),Bullish,60.12,Bull,Mixed,"Range with bullish lean - ADX emerging, direction not confirmed",57.7659,Neutral,65.9491,100.1106,bullish fading,Neutral,0.7822,,,72.01,Positive accelerating,60.53,Bullish,Mixed,,"Bullish - components mixed, low conviction",Upper Half,Emerging,Bearish,No,Yes,Inside,,,,,,,,Normal,Falling,Weak Up,-0.0281,Neutral,33.7902,Neutral,,,,,,,,,,,,,
2021-11-09,15542.029296743563,15579.479442640026,15487.679759083603,15541.9296875,20442100,15039.5549,,,80.48,Strong Bull,Downtrend,Hold,Uptrend (HH+HL),Bullish,63.66,Bull,Mixed,"Range with bullish lean - ADX emerging, direction not confirmed",58.4252,Neutral,74.2102,94.9305,bullish fading,Neutral,1.3538,,,72.75,Positive accelerating,63.25,Bullish,Bullish confirmed,,"Bullish - return-based components agree, MACD unavailable",Upper Half,Emerging,Bearish,No,No,Inside,,,,,,,,Normal,Falling,Weak Up,-0.0248,Neutral,42.1632,Neutral,,,,,,,,,,,,,
2021-11-10,15492.0293352581,15562.429632864048,15458.479574899491,15521.0791015625,18928100,15058.4382,,,81.33,Strong Bull,Downtrend,Hold,Uptrend (HH+HL),Bullish,64.19,Bull,Mixed,"Range with bullish lean - ADX emerging, direction not confirmed",57.5006,Neutral,78.1736,91.5792,bullish fading,Neutral,0.1384,-0.7212,thin,72.76,Positive accelerating,64.99,Bullish,Bullish confirmed,,"Bullish - return-based components agree, MACD unavailable",Upper Half,Emerging,Bearish,No,No,Inside,,,,,,,,Normal,Falling,Weak Down,-0.017,Neutral,43.2854,Neutral,,,,,,,,,,,,,
2021-11-11,15497.22937754571,15499.87976464379,15351.17976720917,15411.0791015625,15128100,15072.2672,,,80.25,Strong Bull,Downtrend,Hold,Uptrend (HH+HL),Bullish,62.52,Bull,Mixed,"Range with bullish lean - ADX emerging, direction not confirmed",52.757,Neutral,71.613,87.5859,bullish accelerating,Neutral,-0.4731,-0.9821,thin,71.86,Positive fading,63.63,Bullish,Bullish confirmed,,"Bullish - return-based components agree, MACD unavailable",Lower Half,Emerging,Bearish,No,No,Inside,,,,,,,,Normal,Falling,Weak Down,-0.0751,Distribution,44.9393,Neutral,,,,,,,,,,,,,
2021-11-12,15504.329199830438,15591.42967111087,15429.5792982295,15578.9794921875,15403600,15092.1383,,,83.73,Strong Bull,Downtrend,Hold,Uptrend (HH+HL),Bullish,66.45,Bull,Mixed,"Range with bullish lean - ADX no trend, direction not confirmed",58.3984,Neutral,79.0506,85.8789,bullish fading,Overbought,2.5552,0.3835,thin,74.54,Positive accelerating,68.39,Bullish,Bullish confirmed,,"Bullish - return-based components agree, MACD unavailable",Upper Half,No Trend,Bearish,No,No,Inside,,,,,,,,Normal,Falling,Weak Up,-0.082,Distribution,52.924,Neutral,,,,,,,,,,,,,
2021-11-15,15625.7294485872,15664.429593000148,15558.029342315844,15592.5791015625,13277500,15111.7634,,,84.63,Strong Bull,Downtrend,Hold,Uptrend (HH+HL),Bullish,67.66,Bull,Mixed,"Range with bullish lean - ADX no trend, direction not confirmed",58.8273,Neutral,85.0618,85.7155,bullish fading,Overbought,3.3519,0.7374,thin,73.2,Positive fading,68.58,Bullish,Bullish confirmed,,"Bullish - return-based components agree, MACD unavailable",Upper Half,No Trend,Bearish,No,No,Inside,,,,,,,,Normal,Falling,Weak Up,-0.1372,Distribution,60.6777,Neutral,,,,,,,,,,,,,
2021-11-16,15613.078985718845,15626.629749069343,15492.579144889707,15525.3798828125,15066000,15127.9837,,,83.19,Strong Bull,Downtrend,Hold,Uptrend (HH+HL),Bullish,66.72,Bull,Mixed,"Range with bullish lean - ADX no trend, direction not confirmed",55.768,Neutral,83.4415,85.2607,bullish accelerating,Overbought,1.4553,-0.1279,thin,70.76,Positive fading,66.91,Bullish,Bullish confirmed,,"Bullish - return-based components agree, MACD unavailable",Upper Half,No Trend,Bearish,No,No,Inside,,,,,,,Vol contracting,Normal,Falling,Weak Down,-0.1056,Distribution,52.8501,Neutral,,,,,,,,,,,,,
2021-11-17,15487.129840084728,15560.729351797365,15436.929711384944,15454.9296875,13699600,15140.8051,,,81.35,Strong Bull,Downtrend,Hold,Uptrend (HH+HL),Bullish,65.39,Bull,Mixed,"Range with bullish lean - ADX no trend, direction not confirmed",52.6753,Neutral,75.6011,83.3288,bullish accelerating,Overbought,0.9161,-0.3728,thin,69.67,Positive fading,63.75,Bullish,Bullish confirmed,,"Bullish - return-based components agree, MACD unavailable",Upper Half,No Trend,Bearish,No,No,Inside,,,,,,,Vol contracting,Normal,Falling,Weak Down,-0.0798,Distribution,45.8172,Neutral,,,,,,,,,,,,,
2021-11-18,15461.479279169354,15502.578833464442,15239.779380969823,15302.529296875,17285100,15147.1472,,,78.3,Bull,Downtrend,Hold,Uptrend (HH+HL),Bullish,61.98,Bull,Mixed,"Range with bullish lean - ADX no trend, direction not confirmed",46.6485,Neutral,56.4395,77.9509,bullish accelerating,Neutral,0.1296,-0.729,thin,66.86,Positive fading,58.01,Bullish,Mixed,,"Bullish - components mixed, low conviction",Lower Half,No Trend,Bearish,No,No,Inside,,,,,,,Vol contracting,Normal,Falling,Weak Down,-0.0717,Distribution,47.1246,Neutral,,,,,,,,,,,,,
2021-11-22,15333.880393547,15339.630386048371,14846.680833596674,14976.6806640625,21107300,15140.4622,,,55.03,Neutral,Downtrend,Hold,Uptrend (HH+HL),Bullish,49.42,Neutral,Mixed,"No clear trend - ADX no trend, price ranging",36.9216,Neutral,14.7901,65.3187,bullish accelerating,Neutral,-2.6026,-1.9295,thin,62.5,Positive fading,48.95,Neutral,Mixed,,"Neutral - components mixed, low conviction",Below Lower,No Trend,Bearish,No,Yes,Near Lower,,,,,,,Extreme vol - reduce size,Normal,Falling,Confirmed Down,-0.0845,Distribution,47.6166,Neutral,,,,,,,,,,,,,
2021-11-23,14875.980768419044,15137.130821430785,14820.3812309228,15107.7802734375,21444000,15139.1806,,,52.79,Neutral,Downtrend,Hold,Range,Bullish,40.38,Neutral,Mixed,"No clear trend - ADX emerging, price ranging",42.1482,Neutral,-7.5517,50.7446,bearish accelerating,Neutral,-2.6569,-1.8897,thin,66.69,Positive accelerating,50.79,Neutral,Mixed,,"Neutral - components mixed, low conviction",Lower Half,Emerging,Bearish,Yes,Yes,Inside,,,,,,,Extreme vol - reduce size,Normal,Falling,Confirmed Up,-0.0017,Neutral,38.9386,Neutral,,,,,,,,,,,,,
2021-11-24,15159.930516797413,15199.180465848583,14997.280337302274,15046.48046875,18733500,15135.5453,,,50.65,Neutral,Downtrend,Hold,Range,Bullish,38.1,Bear,Mixed,"Range with bearish lean - ADX emerging, direction not confirmed",40.4601,Neutral,-29.86,34.6237,bearish accelerating,Neutral,-3.1878,-2.0479,thin,66.02,Positive fading,48.68,Neutral,Mixed,,"Neutral - components mixed, low conviction",Lower Half,Emerging,Bearish,Yes,Yes,Inside,,,,,,,Extreme vol - reduce size,Normal,Falling,Confirmed Down,-0.0264,Neutral,39.2991,Neutral,,,,,,,,,,,,,
2021-11-25,15057.580198015055,15166.63083868329,14984.680877930135,15150.580078125,18600600,15136.1349,,,50.63,Neutral,Downtrend,Hold,Range,Bullish,38.8,Bear,Mixed,"Range with bearish lean - ADX emerging, direction not confirmed",44.5237,Neutral,-38.6934,19.9603,bearish fading,Neutral,-2.3871,-1.6545,thin,65.46,Positive fading,51.32,Neutral,Mixed,,"Neutral - components mixed, low conviction",Lower Half,Emerging,Bearish,Yes,Yes,Inside,72.4,High,,,Partial,"High volatility, stable",Extreme vol - reduce size,Normal,Falling,Confirmed Up,-0.0279,Neutral,46.8704,Neutral,,,,,,,,,,,,,
2021-11-26,14990.829701436878,15012.079673216753,14674.730511844053,14707.1806640625,22366800,15119.3132,,,44.3,Neutral,Downtrend,Hold,Range,Bullish,30.44,Bear,Bearish confirmed,"Bear - all 4 components agree, trending ADX",33.9082,Neutral,-80.5441,-0.1406,bearish accelerating,Neutral,-4.5675,-2.4647,thin,58.71,Positive fading,42.74,Neutral,Mixed,,"Neutral - components mixed, low conviction",Below Lower,Trending,Bearish,Yes,Yes,Breakout Down,73.71,High,,,No,"High volatility, stable",Extreme vol - reduce size,Normal,Falling,Confirmed Down,-0.0502,Distribution,42.0021,Neutral,,,,,,,,,,,,,
2021-11-29,14683.030237990744,14749.48034475142,14402.08041707371,14656.4306640625,22389800,15101.1609,,,28.66,Bear,Downtrend,Hold,Range,Bullish,25.92,Bear,Bearish confirmed,"Bear - all 4 components agree, trending ADX",32.9401,Neutral,-116.4636,-23.4052,bearish accelerating,Neutral,-5.9218,-2.8359,thin,57.79,Positive fading,41.63,Bearish,Mixed,None,"Bearish - components mixed, low conviction",Below Lower,Trending,Bearish,Yes,Yes,Breakout Down,80.99,Very High,,,No,"Very High volatility, stable",Extreme vol - reduce size,Normal,Falling,Confirmed Down,0.0296,Neutral,34.3556,Neutral,,,,,,,,,,,,,
2021-11-30,14662.030255170464,14912.730116214032,14608.580131125318,14648.330078125,27044600,15083.4028,,,28.73,Bear,Downtrend,Hold,Range,Bullish,25.16,Bear,Bearish confirmed,"Bear - all 4 components agree, trending ADX",32.7793,Neutral,-143.9247,-47.5091,bearish accelerating,Oversold,-6.0558,-2.7224,thin,56.42,Positive fading,39.97,Bearish,Mixed,None,"Bearish - components mixed, low conviction",At Lower,Trending,Bearish,Yes,Yes,Inside,93.09,Very High,,,No,"Very High volatility, stable",Extreme vol - reduce size,Normal,Falling,Confirmed Down,-0.0153,Neutral,35.6967,Neutral,,,,,,,,,,,,,
2021-12-01,14743.680718225334,14822.480418814768,14694.28039286046,14784.6806640625,23191800,15071.6882,,,30.19,Bear,Downtrend,Hold,Range,Bullish,26.9,Bear,Bearish confirmed,"Bear - all 4 components agree, trending ADX",38.246,Neutral,-152.9227,-68.5918,bearish fading,Neutral,-4.7709,-2.1548,thin,55.37,Positive fading,43.18,Neutral,Mixed,None,"Neutral - components mixed, low conviction",Lower Half,Trending,Bearish,Yes,Yes,Inside,92.06,Very High,,,No,"Very High volatility, stable",Extreme vol - reduce size,Normal,Falling,Confirmed Up,-0.0328,Neutral,43.8365,Neutral,,,,,,,,,,,,,
2021-12-02,14808.780488851173,14990.280252111912,14786.631103679229,14973.9306640625,21443100,15067.8546,,,31.93,Bear,Downtrend,Hold,Range,Bullish,30.1,Bear,Bearish confirmed,"Bear - all 4 components agree, trending ADX",44.9391,Neutral,-143.1328,-83.5,bearish fading,Neutral,-3.1123,-1.5133,thin,55.74,Positive accelerating,47.34,Neutral,Mixed,None,"Neutral - components mixed, low conviction",Lower Half,Trending,Bearish,Yes,Yes,Inside,91.76,Very High,,,No,"Very High volatility, stable",Extreme vol - reduce size,Normal,Falling,Confirmed Up,0.0286,Neutral,50.7463,Neutral,,,,,,,,,,,,,
2021-12-03,15002.630666971108,15054.93040290121,14845.230483276937,14856.2802734375,24686700,15059.5576,,,30.56,Bear,Downtrend,Hold,Range,Bullish,28.24,Bear,Bearish confirmed,"Bear - all 4 components agree, trending ADX",41.8989,Neutral,-143.2167,-95.4434,bearish fading,Neutral,-2.9162,-1.4142,thin,54.19,Positive fading,46.39,Neutral,Mixed,None,"Neutral - components mixed, low conviction",Lower Half,Trending,Bearish,Yes,Yes,Inside,91.44,Very High,,,No,"Very High volatility, stable",Extreme vol - reduce size,Normal,Falling,Confirmed Down,-0.0211,Neutral,52.2563,Neutral,,,,,,,,,,,,,
2021-12-06,14876.230124175056,14882.130506916676,14599.330103510476,14618.330078125,29125700,15042.2545,,,14.79,Strong Bear,Downtrend,Hold,Downtrend (LH+LL),Bearish,9.26,Strong Bear,Bearish confirmed,"Strong Bear - all 4 components agree, trending ADX",36.5178,Neutral,-160.6322,-108.4811,bearish accelerating,Neutral,-2.3927,-1.2062,thin,49.1,Negative accelerating,41.52,Bearish,Bearish confirmed,None,"Bearish - return-based components agree, MACD unavailable",Lower Half,Trending,Bearish,Yes,Yes,Inside,93.76,Very High,,,No,"Very High volatility, stable",Extreme vol - reduce size,Normal,Falling,Confirmed Down,-0.0815,Distribution,44.9726,Neutral,,,,,,,,,,,,,
2021-12-07,14733.230602056756,14881.73040654018,14683.230667887252,14834.48046875,20653700,15034.1065,,,18.8,Strong Bear,Downtrend,Hold,Downtrend (LH+LL),Bearish,13.38,Strong Bear,Bearish confirmed,"Strong Bear - all 4 components agree, trending ADX",43.6034,Neutral,-155.2034,-117.8256,bearish fading,Neutral,-1.809,-0.9839,thin,51.02,Positive accelerating,44.7,Neutral,Mixed,None,"Neutral - components mixed, low conviction",Lower Half,Trending,Bearish,Yes,Yes,Inside,92.37,Very High,,,No,"Very High volatility, stable",Extreme vol - reduce size,Normal,Falling,Confirmed Up,-0.092,Distribution,51.0498,Neutral,,,,,,,,,,,,,
2021-12-08,14945.280439229698,15084.480454172748,14941.28044441272,15073.23046875,17358100,15035.6408,,,24.18,Bear,Downtrend,Hold,Downtrend (LH+LL),Bearish,18.98,Strong Bear,Bearish confirmed,"Strong Bear - all 4 components agree, trending ADX",50.2134,Neutral,-130.1358,-120.2876,bearish fading,Neutral,0.1778,-0.2667,thin,53.61,Positive accelerating,49.71,Neutral,Mixed,None,"Neutral - components mixed, low conviction",Lower Half,Trending,Bearish,No,Yes,Inside,90.34,Very High,,,No,"Very High volatility, stable",Extreme vol - reduce size,Normal,Falling,Weak Up,-0.0652,Distribution,56.237,Neutral,,,,,,,,,,,,,
2021-12-09,15126.530273501809,15140.98045015642,15023.18079757035,15126.580078125,31331000,15039.2071,,,25.8,Bear,Downtrend,Hold,Downtrend (LH+LL),Bearish,20.87,Strong Bear,Bearish confirmed,"Strong Bear - all 4 components agree, trending ADX",51.5791,Neutral,-104.7572,-117.1815,Bullish crossover,Neutral,-0.1584,-0.3858,thin,54.63,Positive accelerating,53.85,Neutral,Bullish confirmed,None,"Neutral - return-based components agree, MACD unavailable",Upper Half,Trending,Bearish,No,Yes,Inside,85.27,Very High,Stable,12.87,No,"Very High volatility, stable",Vol expanding,Normal,Falling,Confirmed Up,-0.0149,Neutral,63.7235,Neutral,,,,,,,,,,,,,
2021-12-10,15103.630925552634,15168.78025565278,15069.78038324062,15154.98046875,24527100,15043.7472,,,41.48,Neutral,Downtrend,Hold,Downtrend (LH+LL),Bearish,27.38,Bear,Bearish confirmed,"Bear - all 4 components agree, trending ADX",52.3288,Neutral,-81.4142,-110.0281,bearish accelerating,Neutral,3.0448,0.7729,thin,54.75,Positive accelerating,57.24,Neutral,Bullish confirmed,None,"Neutral - return-based components agree, MACD unavailable",Upper Half,Trending,Bearish,No,No,Inside,82.94,Very High,Stable,9.23,No,"Very High volatility, stable",Vol contracting,Normal,Falling,Confirmed Up,0.0347,Neutral,70.7305,Neutral,,,,,,,,,,,,,
2021-12-13,15258.079826793191,15279.98018902368,15052.880874090106,15064.23046875,20542300,15044.5505,,,44.5,Neutral,Downtrend,Hold,Downtrend (LH+LL),Bearish,28.13,Bear,Bearish confirmed,"Bear - all 4 components agree, trending ADX",49.6818,Neutral,-69.4371,-101.9099,bearish accelerating,Overbought,2.7824,0.6714,thin,53.07,Positive fading,56.28,Neutral,Mixed,None,"Neutral - components mixed, low conviction",Upper Half,Trending,Bearish,No,No,Inside,81.72,Very High,Stable,0.72,No,"Very High volatility, stable",Vol contracting,Normal,Falling,Weak Down,-0.0401,Neutral,77.3728,Neutral,,,,,,,,,,,,,
2021-12-14,15005.480517762328,15071.980431422731,14947.930787794028,15043.23046875,18233700,15044.4987,,,45.81,Neutral,Downtrend,Hold,Downtrend (LH+LL),Bearish,28.91,Bear,Bearish confirmed,"Range with bearish lean - ADX emerging, direction not confirmed",49.0633,Neutral,-60.9372,-93.7153,bearish accelerating,Overbought,2.6959,0.6345,thin,52.57,Positive fading,55.61,Neutral,Mixed,None,"Neutral - components mixed, low conviction",Upper Half,Emerging,Bearish,No,No,Inside,76.78,High,Stable,-16.31,No,"High volatility, stable",Vol contracting,Normal,Falling,Weak Down,-0.0059,Neutral,71.6157,Neutral,,,,,,,,,,,,,
2021-12-15,15050.07995142677,15075.68050392562,14936.58009967676,14953.080078125,15148200,15040.9136,,,30.08,Bear,Downtrend,Hold,Downtrend (LH+LL),Bearish,22.7,Strong Bear,Bearish confirmed,"Range with bearish lean - ADX emerging, direction not confirmed",46.3933,Neutral,-60.7748,-87.1272,bearish fading,Neutral,1.139,0.0621,thin,50.65,Positive fading,52.08,Neutral,Mixed,None,"Neutral - components mixed, low conviction",Lower Half,Emerging,Bearish,No,No,Inside,68.84,High,Contracting,-23.22,No,"High volatility, contracting - move losing energy",Vol contracting,Normal,Falling,Weak Down,-0.0149,Neutral,66.5005,Neutral,,,,,,,,,,,,,
2021-12-16,15072.930485571922,15078.82989192021,14891.580136772667,14936.4306640625,16631600,15036.8163,,,27.34,Bear,Downtrend,Hold,Downtrend (LH+LL),Bearish,21.89,Strong Bear,Bearish confirmed,"Range with bearish lean - ADX emerging, direction not confirmed",45.8965,Neutral,-61.2831,-81.9584,bearish fading,Neutral,-0.2504,-0.4483,thin,48.88,Negative accelerating,57.29,Neutral,Mixed,None,"Neutral - components mixed, low conviction",Lower Half,Emerging,Bearish,No,No,Inside,63.41,High,Contracting,-28.35,Partial,"High volatility, contracting - move losing energy",Vol contracting,Normal,Rising,Weak Down,-0.0124,Neutral,67.6722,Neutral,,,,,,,,,,,,,
2021-12-17,14952.7300965784,14966.079688183898,14658.480488250954,14673.130859375,19187800,15022.5541,,,19.83,Strong Bear,Downtrend,Hold,Downtrend (LH+LL),Bearish,15.49,Strong Bear,Bearish confirmed,"Range with bearish lean - ADX emerging, direction not confirmed",38.8177,Neutral,-81.987,-81.9641,Bearish crossover,Neutral,-1.2328,-0.8055,thin,44.28,Negative accelerating,48.27,Neutral,Bearish majority,None,Neutral - price momentum agrees but MACD shows deceleration,Lower Half,Emerging,Bearish,No,No,Inside,64.02,High,Contracting,-27.42,Partial,"High volatility, contracting - move losing energy",Vol contracting,Normal,Rising,Weak Down,-0.0316,Neutral,68.3123,Neutral,,,,,,,,,,,,,
2021-12-20,14523.48115623709,14533.780947560934,14128.132059815189,14300.681640625,21177200,14994.2454,,,11.81,Strong Bear,Downtrend,Hold,Downtrend (LH+LL),Bearish,9.93,Strong Bear,Bearish confirmed,"Strong Bear - all 4 components agree, trending ADX",31.4325,Neutral,-126.9847,-90.9682,bearish accelerating,Neutral,-2.1729,-1.1403,thin,40.33,Negative accelerating,36.6,Bearish,Bearish confirmed,None,Bearish - all 4 components agree incl. MACD acceleration,Below Lower,Trending,Bearish,No,Yes,Breakout Down,71.75,High,Contracting,-22.01,Partial,"High volatility, contracting - move losing energy",Extreme vol - reduce size,Normal,Rising,Weak Down,-0.0158,Neutral,60.9322,Neutral,,,,,,,,,,,,,
2021-12-21,14423.681688996205,14584.931482104528,14386.431736789784,14461.3818359375,16597200,14973.3488,,,12.98,Strong Bear,Downtrend,Hold,Downtrend (LH+LL),Bearish,11.8,Strong Bear,Bearish confirmed,"Strong Bear - all 4 components agree, trending ADX",37.0017,Neutral,-147.9728,-102.3691,bearish accelerating,Oversold,-2.5151,-1.2494,thin,45.07,Negative fading,36.82,Bearish,Bearish confirmed,None,Bearish - all 4 components agree incl. MACD acceleration,Lower Half,Trending,Bearish,Yes,Yes,Inside,80.95,Very High,Stable,-11.43,No,"Very High volatility, stable",Extreme vol - reduce size,Normal,Rising,Weak Up,-0.0662,Distribution,60.0279,Neutral,,,,,,,,,,,,,
2021-12-22,14542.680793539028,14652.330061315552,14522.530429797158,14639.73046875,14099700,14960.2657,,,13.98,Strong Bear,Downtrend,Hold,Downtrend (LH+LL),Bearish,14.14,Strong Bear,Bearish confirmed,"Strong Bear - all 4 components agree, trending ADX",42.5762,Neutral,-148.5029,-111.5959,bearish fading,Neutral,-2.876,-1.3613,thin,45.9,Negative fading,41.59,Bearish,Bearish confirmed,None,Bearish - all 4 components agree incl. MACD acceleration,Lower Half,Trending,Bearish,Yes,Yes,Inside,79.3,High,Stable,-11.04,No,"High volatility, stable",Extreme vol - reduce size,Normal,Rising,Weak Up,-0.0175,Neutral,58.9689,Neutral,,,,,,,,,,,,,
2021-12-23,14738.28029084891,14779.280236563996,14708.680720664455,14751.4306640625,12816000,14952.0761,,,14.47,Strong Bear,Downtrend,Hold,Downtrend (LH+LL),Bearish,15.82,Strong Bear,Bearish confirmed,"Strong Bear - all 4 components agree, trending ADX",45.8104,Neutral,-138.3153,-116.9398,bearish fading,Neutral,-2.4801,-1.1994,thin,46.81,Negative fading,47.24,Neutral,Bearish majority,None,Neutral - price momentum agrees but MACD shows deceleration,Lower Half,Trending,Bearish,Yes,Yes,Inside,74.65,High,Stable,-10.62,No,"High volatility, stable",Vol expanding,Normal,Rising,Weak Up,-0.0479,Neutral,57.1838,Neutral,,,,,,,,,,,,,
2021-12-24,14813.88066079603,14819.18045842501,14605.030353015278,14664.7802734375,13972600,14940.8096,,,13.44,Strong Bear,Downtrend,Hold,Downtrend (LH+LL),Bearish,14.05,Strong Bear,Bearish confirmed,"Strong Bear - all 4 components agree, trending ADX",43.7518,Neutral,-135.6697,-120.6858,bearish fading,Neutral,-3.2346,-1.4519,thin,42.89,Negative accelerating,47.33,Neutral,Bearish majority,None,Neutral - price momentum agrees but MACD shows deceleration,Lower Half,Trending,Bearish,Yes,Yes,Inside,74.35,High,Stable,-8.59,No,"High volatility, stable",Extreme vol - reduce size,Normal,Falling,Weak Down,-0.0199,Neutral,60.4518,Neutral,,,,,,,,,,,,,
2021-12-27,14617.13100584906,14745.530249632551,14515.23075036095,14727.580078125,13582600,14932.4476,,,16.96,Strong Bear,Downtrend,Hold,Downtrend (LH+LL),Bearish,15.81,Strong Bear,Bearish confirmed,"Strong Bear - all 4 components agree, trending ADX",45.6578,Neutral,-127.0411,-121.9568,bearish fading,Neutral,-2.2348,-1.0744,thin,43.89,Negative fading,50.26,Neutral,Mixed,None,"Neutral - components mixed, low conviction",Lower Half,Trending,Bearish,Yes,Yes,Inside,73.17,High,Stable,-8.54,No,"High volatility, stable",Vol expanding,Normal,Falling,Weak Up,-0.0177,Neutral,54.0891,Neutral,,,,,,,,,,,,,
2021-12-28,14809.480545401357,14880.830061047463,14805.28035560647,14867.830078125,12287100,14929.9136,,,22.76,Bear,Downtrend,Hold,Downtrend (LH+LL),Bearish,19.9,Strong Bear,Bearish confirmed,"Strong Bear - all 4 components agree, trending ADX",49.7527,Neutral,-107.645,-119.0945,Bullish crossover,Neutral,-1.166,-0.6793,thin,45.77,Negative fading,55.06,Neutral,Mixed,None,"Neutral - components mixed, low conviction",Upper Half,Trending,Bearish,Yes,Yes,Inside,68.96,High,Stable,-7.82,No,"High volatility, stable",Vol expanding,Normal,Falling,Weak Up,0.0542,Accumulation,53.119,Neutral,,,,,,,,,,,,,
2021-12-29,14866.180660383416,14922.330000662783,14835.330114985129,14863.380859375,16171400,14927.3045,,,24.65,Bear,Downtrend,Hold,Downtrend (LH+LL),Bearish,20.75,Strong Bear,Bearish confirmed,"Strong Bear - all 4 components agree, trending ADX",49.625,Neutral,-91.5768,-113.5909,bearish accelerating,Neutral,-0.5999,-0.4692,thin,46.92,Negative fading,57.38,Neutral,Mixed,None,"Neutral - components mixed, low conviction",Upper Half,Trending,Bearish,Yes,Yes,Inside,65.96,High,Stable,-2.89,No,"High volatility, stable",Vol expanding,Normal,Falling,Weak Down,0.015,Neutral,49.9883,Neutral,,,,,,,,,,,,,
2021-12-30,14856.080059636295,14894.630790155774,14814.980504345926,14842.0302734375,18167500,14923.9604,,,24.79,Bear,Downtrend,Hold,Downtrend (LH+LL),Bearish,20.69,Strong Bear,Bearish confirmed,"Strong Bear - all 4 components agree, trending ADX",48.9751,Neutral,-79.6474,-106.8022,bearish accelerating,Neutral,-0.632,-0.478,thin,46.75,Negative accelerating,58.03,Bullish,Mixed,None,"Bullish - components mixed, low conviction",Upper Half,Trending,Bearish,No,No,Inside,60.61,High,Stable,-2.8,No,"High volatility, stable",Vol contracting,Normal,Falling,Weak Down,-0.0482,Neutral,40.5065,Neutral,,,,,,,,,,,,,
2021-12-31,14879.230621067483,15022.330044067658,14877.830232266371,14996.1806640625,18385200,14926.7926,,,29.73,Bear,Downtrend,Hold,Downtrend (LH+LL),Bearish,25.14,Bear,Bearish confirmed,"Bear - all 4 components agree, trending ADX",53.6906,Neutral,-57.0964,-96.8611,bearish accelerating,Neutral,2.2016,0.5633,thin,49.25,Negative fading,62.41,Bullish,Bullish majority,None,"Bullish - majority agree, 1 dissenting",Upper Half,Trending,Bearish,No,No,Inside,60.62,High,Stable,-3.4,No,"High volatility, stable",Vol contracting,Normal,Falling,Weak Up,0.0423,Neutral,39.8712,Neutral,,,,,,,,,,,,,
2022-01-03,15030.480692391731,15220.030253590769,15028.530499584378,15204.580078125,17499900,14937.6862,,,49.55,Neutral,Uptrend,Buy,Downtrend (LH+LL),Bearish,43.87,Neutral,Bearish majority,"No clear trend - ADX emerging, price ranging",59.1827,Neutral,-22.1531,-81.9195,bearish accelerating,Overbought,6.3207,2.0332,thin,52.54,Positive accelerating,67.72,Bullish,Bullish confirmed,None,Bullish - all 4 components agree incl. MACD acceleration,Upper Half,Emerging,Bearish,No,No,Near Upper,63.93,High,Stable,-7.82,No,"High volatility, stable",Vol contracting,Normal,Falling,Weak Up,0.155,Accumulation,47.9251,Neutral,,,,,,,,,,,,,
2022-01-04,15260.879960258046,15333.579081682745,15168.130084426111,15318.7294921875,20299700,14952.6291,,,66.73,Bull,Uptrend,Hold,Downtrend (LH+LL),Bearish,60.02,Bull,Bullish majority,"Range with bullish lean - ADX emerging, direction not confirmed",61.8514,Neutral,14.5825,-62.6191,bullish accelerating,Overbought,5.9285,1.8484,thin,51.81,Positive fading,70.42,Strong Bullish,Bullish confirmed,None,Strong Bullish - all 4 components agree incl. MACD acceleration,Upper Half,Emerging,Bullish,No,No,Breakout Up,64.28,High,Stable,-16.67,No,"High volatility, stable",Vol contracting,Normal,Falling,Confirmed Up,0.1715,Accumulation,55.8314,Neutral,,,,,,,,,,,,,
2022-01-05,15329.729580964984,15410.579082649318,15264.829276786491,15396.3798828125,19135100,14970.0311,,,69.53,Bull,Uptrend,Hold,Downtrend (LH+LL),Bearish,60.09,Bull,Bullish majority,"Range with bullish lean - ADX emerging, direction not confirmed",63.5951,Neutral,49.3921,-40.2169,bullish accelerating,Overbought,5.1685,1.5486,thin,51.52,Positive fading,71.41,Strong Bullish,Bullish confirmed,None,Strong Bullish - all 4 components agree incl. MACD acceleration,Upper Half,Emerging,Bullish,No,No,Breakout Up,67.32,High,Stable,-11.98,No,"High volatility, stable",Vol contracting,Normal,Falling,Confirmed Up,0.1728,Accumulation,63.5925,Neutral,,,,,,,,,,,,,
2022-01-06,15275.729511433885,15315.479458119282,15197.079226298549,15290.0791015625,18769800,14982.582,,,82.92,Strong Bull,Uptrend,Hold,Downtrend (LH+LL),Bearish,62.61,Bull,Bullish majority,"Range with bullish lean - ADX emerging, direction not confirmed",59.5802,Neutral,67.6219,-18.6491,bullish fading,Overbought,3.6515,0.9973,thin,52.06,Positive accelerating,69.71,Bullish,Bullish confirmed,None,Bullish - all 4 components agree incl. MACD acceleration,Upper Half,Emerging,Bullish,No,No,Near Upper,71.87,High,Stable,-2.78,No,"High volatility, stable",Vol contracting,Normal,Falling,Confirmed Down,0.1417,Accumulation,63.533,Neutral,,,,,,,,,,,,,
2022-01-07,15333.429707675194,15418.379789482333,15255.42981189412,15348.529296875,19623500,14996.9328,,,84.67,Strong Bull,Uptrend,Hold,Downtrend (LH+LL),Bearish,63.61,Bull,Bullish majority,"Range with bullish lean - ADX emerging, direction not confirmed",61.0368,Neutral,85.7965,2.24,bullish fading,Overbought,4.6625,1.3397,thin,50.76,Positive fading,69.22,Bullish,Bullish confirmed,None,Bullish - all 4 components agree incl. MACD acceleration,Upper Half,Emerging,Bullish,No,No,Near Upper,70.24,High,Stable,-4.1,No,"High volatility, stable",Vol contracting,Normal,Falling,Confirmed Up,0.1003,Accumulation,72.2638,Neutral,,,,,,,,,,,,,
2022-01-10,15427.629972674977,15503.979481003966,15400.529422604142,15495.529296875,18574200,15016.4856,,,85.9,Strong Bull,Uptrend,Hold,Downtrend (LH+LL),Bearish,64.14,Bull,Bullish majority,"Range with bullish lean - ADX emerging, direction not confirmed",64.5016,Neutral,110.7847,23.949,bullish accelerating,Overbought,5.2144,1.5116,thin,51.7,Positive accelerating,70.51,Strong Bullish,Bullish confirmed,None,Strong Bullish - all 4 components agree incl. MACD acceleration,Upper Half,Emerging,Bullish,No,No,Breakout Up,71.52,High,Stable,-1.65,No,"High volatility, stable",Vol contracting,Normal,Falling,Confirmed Up,0.2008,Accumulation,72.635,Neutral,,,,,,,,,,,,,
2022-01-11,15497.479535829176,15559.079063862995,15462.029387328022,15530.529296875,39161700,15036.6442,,,86.06,Strong Bull,Uptrend,Hold,Downtrend (LH+LL),Bearish,63.46,Bull,Bullish majority,"Range with bullish lean - ADX emerging, direction not confirmed",65.2929,Neutral,131.8918,45.5375,bullish fading,Overbought,4.4573,1.2293,thin,51.33,Positive fading,70.69,Strong Bullish,Bullish confirmed,None,Strong Bullish - all 4 components agree incl. MACD acceleration,Upper Half,Emerging,Bullish,No,No,Breakout Up,71.95,High,Stable,2.98,No,"High volatility, stable",Vol contracting,High,Falling,Confirmed Up,0.2067,Accumulation,75.4445,Neutral,,,,,,,,,,,,,
2022-01-12,15627.029350344586,15678.67967336407,15595.629977380975,15667.8798828125,24868800,15061.3986,,,87.24,Strong Bull,Uptrend,Hold,Downtrend (LH+LL),Bearish,64.1,Bull,Bullish majority,"Range with bullish lean - ADX emerging, direction not confirmed",68.2812,Neutral,157.8825,68.0065,bullish accelerating,Overbought,5.4126,1.5409,thin,52.4,Positive accelerating,72.12,Strong Bullish,Bullish confirmed,None,Strong Bullish - all 4 components agree incl. MACD acceleration,Upper Half,Emerging,Bullish,No,No,Breakout Up,72.82,High,Stable,6.86,No,"High volatility, stable",Vol contracting,Normal,Falling,Confirmed Up,0.282,Accumulation,76.6394,Neutral,,,,,,,,,,,,,
2022-01-13,15710.279310898171,15730.929674585128,15629.42980698996,15721.029296875,19011400,15087.2664,,,87.63,Strong Bull,Uptrend,Hold,Downtrend (LH+LL),Bearish,64.41,Bull,Bullish majority,"Range with bullish lean - ADX emerging, direction not confirmed",69.3799,Neutral,180.6861,90.5424,bullish accelerating,Overbought,5.9224,1.6883,thin,51.15,Positive fading,71.92,Strong Bullish,Bullish confirmed,None,Strong Bullish - all 4 components agree incl. MACD acceleration,Upper Half,Emerging,Bullish,Yes,No,Breakout Up,71.6,High,Stable,10.99,No,"High volatility, stable",Vol contracting,Normal,Falling,Confirmed Up,0.3444,Accumulation,82.0379,Overbought,,,,,,,,,,,,,
2022-01-14,15667.929768916676,15754.429656146132,15619.52944139154,15730.3798828125,16010500,15112.4866,,,87.64,Strong Bull,Uptrend,Hold,Downtrend (LH+LL),Bearish,64.7,Bull,Bullish majority,"Range with bullish lean - ADX emerging, direction not confirmed",69.5795,Neutral,197.239,111.8818,bullish fading,Overbought,4.8959,1.3154,thin,49.51,Negative accelerating,71.08,Strong Bullish,Bullish majority,None,"Strong Bullish - majority agree, 1 dissenting",Upper Half,Emerging,Bullish,Yes,No,Near Upper,70.01,High,Stable,9.39,No,"High volatility, stable",Vol contracting,Normal,Falling,Weak Up,0.4221,Accumulation,86.935,Overbought,,,,,,,,,,,,,
2022-01-17,15731.329166408304,15794.929669696528,15718.229574056311,15781.2294921875,16968900,15138.7118,,,88.22,Strong Bull,Uptrend,Hold,Downtrend (LH+LL),Bearish,64.7,Bull,Bullish majority,"Range with bullish lean - ADX emerging, direction not confirmed",70.6983,Overbought,212.0165,131.9087,bullish fading,Overbought,3.7926,0.9261,thin,48.68,Negative accelerating,70.7,Strong Bullish,Bullish majority,None,Strong Bullish but overbought on RSI and Stochastic - stretched,Upper Half,Emerging,Bullish,Yes,No,Breakout Up,66.34,High,Stable,2.41,No,"High volatility, stable",Vol contracting,Normal,Falling,Weak Up,0.4654,Accumulation,87.1908,Overbought,,,,,,,,,,,,,
2022-01-18,15819.429363087278,15834.179343663383,15546.629917642793,15573.0791015625,18803800,15155.7458,,,86.57,Strong Bull,Uptrend,Hold,Downtrend (LH+LL),Bearish,61.01,Bull,Bullish majority,"Range with bullish lean - ADX emerging, direction not confirmed",60.835,Neutral,204.5735,146.4417,bullish fading,Overbought,1.6604,0.1876,thin,47.66,Negative accelerating,64.73,Bullish,Bullish majority,None,"Bullish - majority agree, 1 dissenting",Upper Half,Emerging,Bullish,Yes,No,Inside,69.75,High,Stable,5.47,No,"High volatility, stable",Vol contracting,Normal,Falling,Confirmed Down,0.432,Accumulation,80.6545,Overbought,,,,,,,,,,,,,
2022-01-19,15580.37973979741,15580.37973979741,15403.179779352477,15472.4794921875,18236200,15168.1667,,,86.0,Strong Bull,Uptrend,Hold,Downtrend (LH+LL),Bearish,58.69,Neutral,Bullish majority,"No clear trend - ADX emerging, price ranging",56.7167,Neutral,188.3858,154.8305,bullish fading,Neutral,0.4943,-0.2165,thin,48.76,Negative fading,59.94,Bullish,Bullish majority,None,"Bullish - majority agree, 1 dissenting",Upper Half,Emerging,Bullish,Yes,No,Inside,67.79,High,Stable,0.47,No,"High volatility, stable",Vol contracting,Normal,Falling,Weak Down,0.386,Accumulation,80.4242,Overbought,,,,,,,,,,,,,
2022-01-20,15464.429549521958,15486.129715863646,15280.529404412891,15361.0791015625,14523600,15175.7319,,,81.71,Strong Bull,Uptrend,Hold,Downtrend (LH+LL),Bearish,49.08,Neutral,Mixed,"No clear trend - ADX no trend, price ranging",52.4798,Neutral,164.6696,156.7983,bullish fading,Neutral,0.4644,-0.2259,thin,48.37,Negative accelerating,53.13,Neutral,Bullish majority,None,"Neutral - majority agree, 1 dissenting",Upper Half,No Trend,Bearish,No,No,Inside,67.11,High,Stable,-4.76,No,"High volatility, stable",Vol contracting,Normal,Falling,Weak Down,0.3686,Accumulation,75.0671,Neutral,,,,,,,,,,,,,
2022-01-21,15252.880766612128,15294.68051752101,15069.030417212349,15180.7802734375,16241600,15175.9299,,,75.18,Bull,Downtrend,Sell,Downtrend (LH+LL),Bearish,38.66,Bear,Bearish majority,"Range with bearish lean - ADX no trend, direction not confirmed",46.434,Neutral,129.8292,151.4045,Bearish crossover,Neutral,-1.0929,-0.7663,thin,47.16,Negative accelerating,44.71,Neutral,Bearish confirmed,Bearish divergence,Neutral - bearish divergence vs price over 21 bars,Lower Half,No Trend,Bearish,No,No,Inside,68.18,High,Stable,-2.06,No,"High volatility, stable",Vol contracting,Normal,Falling,Weak Down,0.3824,Accumulation,69.2784,Neutral,,,,,,,,,,,,,
2022-01-24,15154.97988070339,15165.38025752116,14577.131038463176,14712.0302734375,20927900,15157.7377,,,66.99,Bull,Downtrend,Hold,Downtrend (LH+LL),Bearish,31.13,Bear,Bearish majority,"Range with bearish lean - ADX emerging, direction not confirmed",35.1094,Neutral,63.6598,133.8555,bullish accelerating,Neutral,-5.0563,-2.1058,thin,41.88,Negative accelerating,32.41,Bearish,Bearish confirmed,Bearish divergence,Bearish - bearish divergence vs price over 21 bars,At Lower,Emerging,Bearish,No,Yes,Inside,82.31,Very High,Stable,10.8,No,"Very High volatility, stable",Vol expanding,Normal,Falling,Confirmed Down,0.3156,Accumulation,62.1326,Neutral,,,,,,,,,,,,,
2022-01-25,14577.53060876472,14852.980441360523,14410.881414148513,14832.1806640625,20596200,15144.9708,,,53.43,Neutral,Downtrend,Hold,Range,Bullish,39.31,Bear,Mixed,"Range with bearish lean - ADX emerging, direction not confirmed",39.2024,Neutral,20.6769,111.2198,bullish accelerating,Oversold,-4.4966,-1.8746,thin,41.39,Negative accelerating,31.6,Bearish,Bearish confirmed,Bearish divergence,Bearish - bearish divergence vs price over 21 bars,Lower Half,Emerging,Bearish,Yes,Yes,Inside,83.27,Very High,Stable,11.32,No,"Very High volatility, stable",Extreme vol - reduce size,Normal,Rising,Confirmed Up,0.336,Accumulation,55.2478,Neutral,,,,,,,,,,,,,
2022-01-27,14671.680674706451,14735.730394176082,14489.780526098792,14679.6806640625,22473700,15126.7241,,,35.63,Bear,Downtrend,Hold,Range,Bullish,30.15,Bear,Bearish confirmed,"Range with bearish lean - ADX emerging, direction not confirmed",36.0908,Neutral,-25.4,83.8958,bearish accelerating,Oversold,-6.3072,-2.4188,thin,39.61,Negative accelerating,29.38,Strong Bearish,Bearish confirmed,None,Strong Bearish - all 4 components agree incl. MACD acceleration,At Lower,Emerging,Bearish,Yes,Yes,Inside,93.16,Very High,Expanding,20.34,No,Very High volatility and still expanding - move may be extended,Extreme vol - reduce size,Normal,Rising,Confirmed Down,0.3758,Accumulation,54.7151,Neutral,,,,,,,,,,,,,
2022-01-28,14773.030207375154,14952.130555725278,14701.580106845506,14723.23046875,21083500,15110.9009,,,33.35,Bear,Downtrend,Hold,Range,Bullish,29.81,Bear,Bearish confirmed,"Range with bearish lean - ADX emerging, direction not confirmed",37.6137,Neutral,-57.7367,55.5693,bearish accelerating,Neutral,-6.3469,-2.3628,thin,43.84,Negative fading,31.5,Bearish,Bearish confirmed,None,Bearish - all 4 components agree incl. MACD acceleration,Lower Half,Emerging,Bearish,Yes,Yes,Inside,93.68,Very High,Expanding,22.08,No,Very High volatility and still expanding - move may be extended,Extreme vol - reduce size,Normal,Rising,Confirmed Up,0.3441,Accumulation,54.8266,Neutral,,,,,,,,,,,,,
2022-01-31,14894.730503698896,14975.780202297245,14857.530357079137,14921.4306640625,17018300,15103.4706,,,33.34,Bear,Downtrend,Hold,Range,Bullish,32.45,Bear,Bearish confirmed,"Range with bearish lean - ADX emerging, direction not confirmed",44.1378,Neutral,-66.6029,31.1349,bearish fading,Neutral,-5.1426,-1.9286,thin,47.81,Negative fading,35.89,Bearish,Bearish confirmed,Bearish divergence,Bearish - bearish divergence vs price over 21 bars,Lower Half,Emerging,Bearish,Yes,Yes,Inside,92.95,Very High,Expanding,22.94,No,Very High volatility and still expanding - move may be extended,Extreme vol - reduce size,Normal,Rising,Weak Up,0.3194,Accumulation,54.4812,Neutral,,,,,,,,,,,,,
2022-02-01,15073.130914998535,15138.18063563687,14850.280617000495,15116.1806640625,22909000,15103.9691,,,33.76,Bear,Downtrend,Hold,Range,Bullish,35.66,Bear,Bearish confirmed,"Range with bearish lean - ADX emerging, direction not confirmed",49.7035,Neutral,-57.2547,13.457,bearish fading,Neutral,-4.2142,-1.6035,thin,47.56,Negative accelerating,40.83,Bearish,Bearish confirmed,Bearish divergence,Bearish - bearish divergence vs price over 21 bars,Lower Half,Emerging,Bearish,Yes,Yes,Inside,93.37,Very High,Expanding,27.03,No,Very High volatility and still expanding - move may be extended,Extreme vol - reduce size,Normal,Rising,Confirmed Up,0.3268,Accumulation,51.5621,Neutral,,,,,,,,,,,,,
2022-02-02,15218.22959289328,15304.57908647667,15201.429810733693,15293.3291015625,19792700,15111.395,,,36.48,Bear,Downtrend,Hold,Uptrend (HH+HL),Bullish,49.83,Neutral,Bearish majority,"No clear trend - ADX emerging, price ranging",54.176,Neutral,-35.1466,3.7363,bearish fading,Neutral,-1.7964,-0.8203,thin,49.72,Negative fading,47.73,Neutral,Bearish majority,Bearish divergence,Neutral - bearish divergence vs price over 21 bars,Upper Half,Emerging,Bearish,No,Yes,Inside,90.2,Very High,Expanding,20.45,No,Very High volatility and still expanding - move may be extended,Vol expanding,Normal,Rising,Weak Up,0.3243,Accumulation,50.5137,Neutral,,,,,,,,,,,,,
2022-02-03,15289.130661622374,15296.329871082557,15100.980513785196,15135.880859375,17185400,15112.3552,,,39.48,Bear,Downtrend,Hold,Uptrend (HH+HL),Bullish,49.29,Neutral,Bearish majority,"No clear trend - ADX emerging, price ranging",49.9266,Neutral,-29.9849,-3.008,bearish fading,Neutral,-2.1755,-0.9351,thin,48.08,Negative accelerating,47.99,Neutral,Bearish majority,None,"Neutral - majority agree, 1 dissenting",Lower Half,Emerging,Bearish,No,Yes,Inside,89.31,Very High,Expanding,21.52,No,Very High volatility and still expanding - move may be extended,Vol expanding,Normal,Rising,Weak Down,0.2602,Accumulation,43.4942,Neutral,,,,,,,,,,,,,
2022-02-04,15159.579982123176,15188.38072608458,15048.330126159415,15085.4306640625,17002800,15111.2993,,,41.88,Neutral,Downtrend,Hold,Uptrend (HH+HL),Bullish,49.84,Neutral,Bearish majority,"No clear trend - ADX emerging, price ranging",48.6109,Neutral,-29.6237,-8.3311,bearish fading,Neutral,-1.7945,-0.8069,thin,46.21,Negative accelerating,47.66,Neutral,Bearish majority,None,"Neutral - majority agree, 1 dissenting",Lower Half,Emerging,Bearish,No,Yes,Inside,86.67,Very High,Stable,19.56,No,"Very High volatility, stable",Vol expanding,Normal,Rising,Weak Down,0.2147,Accumulation,37.1275,Neutral,,,,,,,,,,,,,
2022-02-07,15065.03001804394,15126.630523074382,14796.180761779711,14870.580078125,17777600,15101.8594,,,38.64,Bear,Downtrend,Hold,Uptrend (HH+HL),Bullish,45.66,Neutral,Bearish majority,"No clear trend - ADX emerging, price ranging",43.3692,Neutral,-46.1421,-15.8933,bearish accelerating,Neutral,-2.0434,-0.8808,thin,41.63,Negative accelerating,42.43,Neutral,Bearish confirmed,None,Neutral - all 4 components agree incl. MACD acceleration,Lower Half,Emerging,Bearish,No,Yes,Inside,91.35,Very High,Expanding,23.17,No,Very High volatility and still expanding - move may be extended,Extreme vol - reduce size,Normal,Rising,Weak Down,0.1842,Accumulation,30.4319,Neutral,,,,,,,,,,,,,
2022-02-08,14926.480377449969,14955.230339654883,14689.131080097515,14857.0302734375,17937100,15092.2582,,,22.52,Bear,Downtrend,Hold,Uptrend (HH+HL),Bullish,39.53,Bear,Bearish majority,"Range with bearish lean - ADX emerging, direction not confirmed",43.0539,Neutral,-59.639,-24.6425,bearish accelerating,Neutral,0.9856,0.0969,thin,41.19,Negative accelerating,41.14,Bearish,Bearish confirmed,None,Bearish - all 4 components agree incl. MACD acceleration,Lower Half,Emerging,Bearish,No,Yes,Inside,92.88,Very High,Stable,10.57,No,"Very High volatility, stable",Extreme vol - reduce size,Normal,Rising,Weak Down,0.1573,Accumulation,30.649,Neutral,,,,,,,,,,,,,
2022-02-09,14942.730564478485,15026.480455547737,14925.03039218802,15016.330078125,14131700,15089.2806,,,22.59,Bear,Downtrend,Hold,Range,Bullish,31.64,Bear,Bearish confirmed,"Range with bearish lean - ADX emerging, direction not confirmed",47.8539,Neutral,-56.8262,-31.0792,bearish fading,Neutral,1.2416,0.1792,thin,43.5,Negative fading,44.77,Neutral,Bearish confirmed,None,Neutral - all 4 components agree incl. MACD acceleration,Lower Half,Emerging,Bearish,No,Yes,Inside,87.99,Very High,Stable,4.72,No,"Very High volatility, stable",Vol expanding,Normal,Falling,Weak Up,0.1549,Accumulation,36.6581,Neutral,,,,,,,,,,,,,
2022-02-10,15084.330114119544,15134.080049821843,14972.33025887014,15112.1806640625,16758500,15090.1787,,,25.35,Bear,Downtrend,Hold,Range,Bullish,34.15,Bear,Bearish confirmed,"Range with bearish lean - ADX emerging, direction not confirmed",50.5545,Neutral,-46.3286,-34.1291,bearish fading,Neutral,2.9462,0.7296,thin,46.12,Negative fading,49.93,Neutral,Bullish majority,None,"Neutral - majority agree, 1 dissenting",Lower Half,Emerging,Bearish,No,No,Inside,81.13,Very High,Stable,-12.02,No,"Very High volatility, stable",Vol contracting,Normal,Falling,Weak Up,0.1414,Accumulation,42.837,Neutral,,,,,,,,,,,,,
2022-02-11,14988.93053598542,14990.579947884567,14862.030311801447,14891.2802734375,13991100,15082.3787,,,22.47,Bear,Downtrend,Hold,Range,Bullish,30.16,Bear,Bearish confirmed,"Range with bearish lean - ADX emerging, direction not confirmed",44.7965,Neutral,-55.1977,-38.3428,bearish accelerating,Neutral,1.1414,0.1405,thin,41.17,Negative accelerating,46.75,Neutral,Bearish majority,None,"Neutral - majority agree, 1 dissenting",Lower Half,Emerging,Bearish,Yes,No,Inside,80.57,Very High,Stable,-13.11,No,"Very High volatility, stable",Vol contracting,Normal,Falling,Weak Down,0.0798,Accumulation,43.2558,Neutral,,,,,,,,,,,,,
2022-02-14,14606.530984379751,14638.631528956155,14370.681678893232,14400.3818359375,17338500,15055.6338,,,13.38,Strong Bear,Downtrend,Hold,Range,Bullish,20.61,Strong Bear,Bearish confirmed,"Range with bearish lean - ADX emerging, direction not confirmed",35.2013,Neutral,-100.6774,-50.8097,bearish accelerating,Neutral,-3.4919,-1.3609,thin,34.71,Negative accelerating,35.81,Bearish,Bearish confirmed,None,Bearish - all 4 components agree incl. MACD acceleration,At Lower,Emerging,Bearish,Yes,Yes,Breakout Down,90.31,Very High,Stable,-2.64,No,"Very High volatility, stable",Extreme vol - reduce size,Normal,Falling,Weak Down,0.0137,Neutral,43.927,Neutral,,,,,,,,,,,,,
2022-02-15,14468.980912721245,14822.730446059772,14348.381462439364,14805.5302734375,18131200,15045.8258,,,17.1,Strong Bear,Downtrend,Hold,Range,Bullish,27.22,Bear,Bearish confirmed,"Range with bearish lean - ADX emerging, direction not confirmed",45.5646,Neutral,-102.8428,-61.2163,bearish fading,Neutral,-2.0551,-0.886,thin,40.73,Negative fading,40.47,Bearish,Bearish confirmed,None,Bearish - all 4 components agree incl. MACD acceleration,Lower Half,Emerging,Bearish,Yes,Yes,Inside,87.59,Very High,Stable,-5.78,No,"Very High volatility, stable",Extreme vol - reduce size,Normal,Falling,Weak Up,0.03,Neutral,51.3872,Neutral,,,,,,,,,,,,,
2022-02-16,14876.630744814664,14935.579885717492,14756.480512857896,14789.880859375,14687200,15035.7887,,,15.12,Strong Bear,Downtrend,Hold,Range,Bullish,26.41,Bear,Bearish confirmed,"Range with bearish lean - ADX emerging, direction not confirmed",45.2635,Neutral,-104.6157,-69.8962,bearish fading,Neutral,-3.2919,-1.2768,thin,41.39,Negative fading,41.13,Bearish,Bearish confirmed,None,Bearish - all 4 components agree incl. MACD acceleration,Lower Half,Emerging,Bearish,Yes,Yes,Inside,85.08,Very High,Stable,-5.12,Partial,"Very High volatility, stable",Extreme vol - reduce size,Normal,Falling,Weak Down,0.0474,Neutral,58.8789,Neutral,,,,,,,,,,,,,
2022-02-17,14857.079965674187,14895.630695953269,14725.030335579771,14772.0302734375,11736900,15025.4453,,,14.3,Strong Bear,Downtrend,Hold,Range,Bullish,25.91,Bear,Bearish confirmed,"Range with bearish lean - ADX emerging, direction not confirmed",44.899,Neutral,-106.2365,-77.1642,bearish fading,Neutral,-2.4039,-0.9802,thin,43.07,Negative fading,43.88,Neutral,Bearish confirmed,None,Neutral - all 4 components agree incl. MACD acceleration,Lower Half,Emerging,Bearish,Yes,Yes,Inside,74.29,High,Stable,-15.02,Partial,"High volatility, stable",Extreme vol - reduce size,Normal,Falling,Weak Down,0.0446,Neutral,52.3507,Neutral,,,,,,,,,,,,,
2022-02-18,14711.280272641405,14814.980330272188,14692.630883339543,14710.6806640625,11076300,15013.1016,,,13.54,Strong Bear,Downtrend,Hold,Range,Bullish,24.79,Strong Bear,Bearish confirmed,"Range with bearish lean - ADX emerging, direction not confirmed",43.5995,Neutral,-111.1897,-83.9693,bearish fading,Neutral,-2.4842,-0.9988,thin,46.45,Negative fading,44.36,Neutral,Bearish confirmed,None,Neutral - all 4 components agree incl. MACD acceleration,Lower Half,Emerging,Bearish,Yes,Yes,Inside,65.57,High,Contracting,-21.1,Partial,"High volatility, contracting - move losing energy",Extreme vol - reduce size,Normal,Falling,Weak Down,0.0317,Neutral,46.3501,Neutral,,,,,,,,,,,,,
2022-02-21,14638.330022931565,14733.07989615392,14498.180796392156,14597.080078125,16852100,14996.787,,,13.85,Strong Bear,Downtrend,Hold,Range,Bullish,23.0,Strong Bear,Bearish confirmed,"Range with bearish lean - ADX emerging, direction not confirmed",41.2204,Neutral,-122.8654,-91.7485,bearish accelerating,Neutral,-1.8392,-0.7839,thin,43.24,Negative accelerating,41.39,Bearish,Bearish confirmed,None,Bearish - all 4 components agree incl. MACD acceleration,Lower Half,Emerging,Bearish,Yes,Yes,Inside,60.57,High,Contracting,-30.78,Partial,"High volatility, contracting - move losing energy",Extreme vol - reduce size,Normal,Falling,Weak Down,0.0244,Neutral,37.4064,Neutral,,,,,,,,,,,,,
2022-02-22,14269.431921844416,14527.181591769582,14267.581338276776,14489.03125,17897800,14976.875,,,11.37,Strong Bear,Downtrend,Hold,Range,Bullish,21.69,Strong Bear,Bearish confirmed,"Range with bearish lean - ADX emerging, direction not confirmed",39.0385,Neutral,-139.2322,-101.2453,bearish accelerating,Neutral,-2.4769,-0.9847,thin,42.59,Negative accelerating,38.78,Bearish,Bearish confirmed,None,Bearish - all 4 components agree incl. MACD acceleration,Lower Half,Emerging,Bearish,Yes,Yes,Near Lower,64.05,High,Contracting,-28.83,Partial,"High volatility, contracting - move losing energy",Extreme vol - reduce size,Normal,Falling,Confirmed Down,0.0938,Accumulation,28.743,Neutral,,,,,,,,,,,,,
2022-02-23,14581.031155225077,14629.031093832087,14482.281281528356,14506.931640625,13590500,14958.4458,,,11.88,Strong Bear,Downtrend,Hold,Range,Bullish,21.81,Strong Bear,Bearish confirmed,"Range with bearish lean - ADX emerging, direction not confirmed",39.6089,Neutral,-149.0405,-110.8043,bearish accelerating,Neutral,-3.3923,-1.2709,thin,41.5,Negative accelerating,38.14,Bearish,Bearish confirmed,Bullish divergence,Bearish - bullish divergence vs price over 21 bars,Lower Half,Emerging,Bearish,Yes,Yes,Inside,68.58,High,Stable,-19.41,No,"High volatility, stable",Extreme vol - reduce size,Normal,Falling,Weak Up,0.0142,Neutral,35.4132,Neutral,,,,,,,,,,,,,
2022-02-24,14055.831673772604,14180.831514269596,13747.43265323518,13775.6826171875,28966600,14912.063,,,4.88,Strong Bear,Downtrend,Hold,Range,Bullish,14.8,Strong Bear,Bearish confirmed,"Strong Bear - all 4 components agree, trending ADX",28.0599,Oversold,-213.3598,-131.3154,bearish accelerating,Oversold,-8.8438,-2.9356,thin,37.33,Negative accelerating,27.96,Strong Bearish,Bearish confirmed,None,Strong Bearish but oversold on RSI and Stochastic - stretched,Below Lower,Trending,Bearish,Yes,Yes,Breakout Down,81.45,Very High,Stable,0.32,No,"Very High volatility, stable",Extreme vol - reduce size,Normal,Falling,Confirmed Down,-0.0943,Distribution,33.8859,Neutral,,,,,,,,,,,,,
2022-02-25,14018.081276103898,14247.031171988792,14007.681875642049,14187.3818359375,20825600,14883.6441,,,9.62,Strong Bear,Downtrend,Hold,Range,Bullish,18.76,Strong Bear,Bearish confirmed,"Strong Bear - all 4 components agree, trending ADX",38.8673,Neutral,-228.479,-150.7481,bearish fading,Oversold,-4.7269,-1.6129,thin,43.6,Negative fading,33.92,Bearish,Bearish confirmed,Bullish divergence,Bearish - bullish divergence vs price over 21 bars,Lower Half,Trending,Bearish,Yes,Yes,Inside,97.13,Very High,Stable,16.56,No,"Very High volatility, stable",Extreme vol - reduce size,Normal,Falling,Confirmed Up,-0.0136,Neutral,42.2362,Neutral,,,,,,,,,,,,,
2022-02-28,14047.731782742616,14320.931623766475,13928.781741685874,14307.931640625,20396100,14861.0671,,,11.1,Strong Bear,Downtrend,Hold,Range,Bullish,20.11,Strong Bear,Bearish confirmed,"Strong Bear - all 4 components agree, trending ADX",41.6324,Neutral,-228.1042,-166.2193,bearish fading,Neutral,-0.642,-0.3282,thin,45.35,Negative fading,37.42,Bearish,Bearish confirmed,Bullish divergence,Bearish - bullish divergence vs price over 21 bars,Lower Half,Trending,Bearish,Yes,Yes,Inside,97.76,Very High,Stable,7.46,No,"Very High volatility, stable",Extreme vol - reduce size,Normal,Falling,Confirmed Up,0.0371,Neutral,50.3778,Neutral,,,,,,,,,,,,,
2022-03-02,14161.681690409248,14265.481359462938,14104.731569512802,14199.78125,19608300,14835.1344,,,10.09,Strong Bear,Downtrend,Hold,Range,Bullish,17.44,Strong Bear,Bearish confirmed,"Strong Bear - all 4 components agree, trending ADX",39.8892,Neutral,-233.8384,-179.7431,bearish fading,Neutral,-4.0914,-1.4003,thin,42.09,Negative accelerating,38.01,Bearish,Bearish confirmed,Bullish divergence,Bearish - bullish divergence vs price over 21 bars,Lower Half,Trending,Bearish,Yes,Yes,Inside,97.64,Very High,Stable,10.05,No,"Very High volatility, stable",Extreme vol - reduce size,Normal,Falling,Confirmed Down,-0.0083,Neutral,51.3196,Neutral,,,,,,,,,,,,,
2022-03-03,14327.68138893613,14364.58075456488,14094.281304669828,14135.931640625,19812900,14807.7147,,,9.45,Strong Bear,Downtrend,Hold,Range,Bullish,15.86,Strong Bear,Bearish confirmed,"Strong Bear - all 4 components agree, trending ADX",38.8549,Neutral,-240.7597,-191.9464,bearish fading,Neutral,-4.4216,-1.4868,thin,38.81,Negative accelerating,37.33,Bearish,Bearish confirmed,None,Bearish - all 4 components agree incl. MACD acceleration,Lower Half,Trending,Bearish,Yes,Yes,Inside,96.53,Very High,Stable,11.45,No,"Very High volatility, stable",Extreme vol - reduce size,Normal,Falling,Confirmed Down,-0.0927,Distribution,51.7157,Neutral,,,,,,,,,,,,,
2022-03-04,14020.181470946463,14074.981202447305,13828.431727033903,13893.1318359375,21633600,14771.8487,,,6.93,Strong Bear,Downtrend,Hold,Downtrend (LH+LL),Bearish,2.43,Strong Bear,Bearish confirmed,"Strong Bear - all 4 components agree, trending ADX",35.1251,Neutral,-262.8072,-206.1186,bearish accelerating,Neutral,-5.9497,-1.9315,thin,37.03,Negative accelerating,33.69,Bearish,Bearish confirmed,None,Bearish - all 4 components agree incl. MACD acceleration,Lower Half,Trending,Bearish,Yes,Yes,Inside,97.95,Very High,Expanding,23.66,No,Very High volatility and still expanding - move may be extended,Extreme vol - reduce size,Normal,Falling,Confirmed Down,-0.0894,Distribution,50.3913,Neutral,,,,,,,,,,,,,
2022-03-07,13594.73238234957,13637.482326949172,13438.28238978334,13564.232421875,21321300,14724.4912,,,3.8,Strong Bear,Downtrend,Hold,Downtrend (LH+LL),Bearish,1.33,Strong Bear,Bearish confirmed,"Strong Bear - all 4 components agree, trending ADX",30.8105,Neutral,-303.323,-225.5595,bearish accelerating,Oversold,-7.7933,-2.4403,thin,35.58,Negative accelerating,28.94,Strong Bearish,Bearish confirmed,None,Strong Bearish - all 4 components agree incl. MACD acceleration,Below Lower,Trending,Bearish,Yes,Yes,Breakout Down,98.79,Very High,Expanding,33.22,No,Very High volatility and still expanding - move may be extended,Extreme vol - reduce size,Normal,Falling,Confirmed Down,-0.0498,Neutral,49.8687,Neutral,,,,,,,,,,,,,
2022-03-08,13504.732680928477,13720.082014129888,13423.532589750595,13706.732421875,19866800,14684.5791,,,6.03,Strong Bear,Downtrend,Hold,Downtrend (LH+LL),Bearish,3.2,Strong Bear,Bearish confirmed,"Strong Bear - all 4 components agree, trending ADX",34.561,Neutral,-320.2419,-244.496,bearish fading,Oversold,-6.0995,-1.8942,thin,34.8,Negative accelerating,29.57,Strong Bearish,Bearish confirmed,None,Strong Bearish - all 4 components agree incl. MACD acceleration,Lower Half,Trending,Bearish,Yes,Yes,Inside,99.64,Very High,Expanding,39.07,No,Very High volatility and still expanding - move may be extended,Extreme vol - reduce size,Normal,Falling,Confirmed Up,0.0286,Neutral,49.9336,Neutral,,,,,,,,,,,,,
2022-03-09,13786.38209236481,14037.631758888503,13721.93198259505,13979.5810546875,18635900,14656.9321,,,9.24,Strong Bear,Downtrend,Hold,Downtrend (LH+LL),Bearish,8.24,Strong Bear,Bearish confirmed,"Strong Bear - all 4 components agree, trending ADX",41.1402,Neutral,-308.0823,-257.2132,bearish fading,Neutral,-3.5161,-1.1074,thin,35.49,Negative fading,35.4,Bearish,Bearish confirmed,None,Bearish - all 4 components agree incl. MACD acceleration,Lower Half,Trending,Bearish,Yes,Yes,Inside,99.57,Very High,Expanding,35.52,No,Very High volatility and still expanding - move may be extended,Extreme vol - reduce size,Normal,Falling,Confirmed Up,0.0484,Neutral,50.4945,Neutral,,,,,,,,,,,,,
2022-03-10,14313.181478210749,14316.781082878606,14079.831197421405,14188.9814453125,19468100,14638.5811,,,11.47,Strong Bear,Downtrend,Hold,Downtrend (LH+LL),Bearish,12.03,Strong Bear,Bearish confirmed,"Strong Bear - all 4 components agree, trending ADX",45.6559,Neutral,-278.3404,-261.4387,bearish fading,Neutral,-2.1917,-0.7051,thin,37.6,Negative fading,43.56,Neutral,Bearish majority,Bullish divergence,Neutral - bullish divergence vs price over 21 bars,Lower Half,Trending,Bearish,Yes,Yes,Inside,98.85,Very High,Expanding,30.28,No,Very High volatility and still expanding - move may be extended,Extreme vol - reduce size,Normal,Falling,Confirmed Up,0.0123,Neutral,56.3904,Neutral,,,,,,,,,,,,,
2022-03-11,14145.481564756652,14268.281209404262,14098.681821061396,14237.1318359375,15297400,14622.838,,,11.89,Strong Bear,Downtrend,Hold,Downtrend (LH+LL),Bearish,12.87,Strong Bear,Bearish confirmed,"Strong Bear - all 4 components agree, trending ADX",46.6691,Neutral,-248.0252,-258.756,Bullish crossover,Neutral,3.3497,0.9594,thin,37.89,Negative fading,49.22,Neutral,Mixed,Bullish divergence,Neutral - bullish divergence vs price over 21 bars,Lower Half,Trending,Bearish,Yes,Yes,Inside,96.34,Very High,Stable,14.89,No,"Very High volatility, stable",Extreme vol - reduce size,Normal,Falling,Weak Up,0.0053,Neutral,61.2275,Neutral,,,,,,,,,,,,,
2022-03-14,14248.881998189652,14389.331035648249,14189.08129413031,14374.5810546875,14504100,14613.1024,,,21.51,Bear,Downtrend,Hold,Downtrend (LH+LL),Bearish,18.34,Strong Bear,Bearish confirmed,"Strong Bear - all 4 components agree, trending ADX",49.56,Neutral,-210.4829,-249.1014,bearish accelerating,Neutral,1.3195,0.3457,thin,40.84,Negative fading,55.6,Neutral,Mixed,Bullish divergence,Neutral - bullish divergence vs price over 21 bars,Upper Half,Trending,Bearish,No,No,Inside,92.87,Very High,Stable,-4.26,No,"Very High volatility, stable",Extreme vol - reduce size,Normal,Falling,Weak Up,0.0605,Accumulation,67.2761,Neutral,,,,,,,,,,,,,
2022-03-15,14408.731193536732,14433.731160906447,14130.88194681418,14215.8310546875,17662800,14597.5231,,,24.05,Bear,Downtrend,Hold,Downtrend (LH+LL),Bearish,17.67,Strong Bear,Bearish confirmed,"Strong Bear - all 4 components agree, trending ADX",46.4295,Neutral,-191.3346,-237.548,bearish accelerating,Neutral,-0.6437,-0.2472,thin,39.0,Negative accelerating,55.16,Neutral,Mixed,Bullish divergence,Neutral - bullish divergence vs price over 21 bars,Lower Half,Trending,Bearish,No,No,Inside,91.75,Very High,Stable,-6.01,No,"Very High volatility, stable",Extreme vol - reduce size,Normal,Falling,Weak Down,0.0763,Accumulation,67.3881,Neutral,,,,,,,,,,,,,
2022-03-16,14392.531364350833,14491.431628260516,14369.481589195706,14481.78125,12845200,14592.9842,,,26.77,Bear,Downtrend,Hold,Downtrend (LH+LL),Bearish,23.24,Strong Bear,Bearish confirmed,"Strong Bear - all 4 components agree, trending ADX",51.9099,Neutral,-152.9365,-220.6257,bearish accelerating,Overbought,1.9859,0.5484,thin,43.7,Negative fading,61.24,Bullish,Bullish majority,None,"Bullish - majority agree, 1 dissenting",Upper Half,Trending,Bearish,No,No,Inside,88.92,Very High,Stable,-8.72,No,"Very High volatility, stable",Extreme vol - reduce size,Normal,Falling,Weak Up,0.0606,Accumulation,67.2851,Neutral,,,,,,,,,,,,,
2022-03-17,14667.18073636754,14756.530227202593,14644.730570839669,14721.6806640625,26001700,14598.0311,,,28.77,Bear,Uptrend,Buy,Downtrend (LH+LL),Bearish,52.25,Neutral,Mixed,"Neutral - components mixed, low conviction",56.257,Neutral,-101.9724,-196.895,bearish accelerating,Overbought,4.1437,1.195,thin,47.12,Negative fading,65.65,Bullish,Bullish majority,Bullish divergence,Bullish - bullish divergence vs price over 21 bars,Upper Half,Trending,Bullish,No,No,Inside,87.53,Very High,Stable,-9.0,No,"Very High volatility, stable",Extreme vol - reduce size,Normal,Falling,Confirmed Up,0.1104,Accumulation,77.7496,Neutral,,,,,,,,,,,,,
2022-03-21,14773.030045118889,14789.82982733595,14590.680679644076,14602.330078125,14982200,14598.1997,,,42.04,Neutral,Uptrend,Hold,Downtrend (LH+LL),Bearish,42.59,Neutral,Bearish majority,"Neutral - majority agree, 1 dissenting, trending ADX",53.6583,Neutral,-70.402,-171.5964,bearish accelerating,Overbought,5.1047,1.4712,thin,49.03,Negative fading,66.41,Bullish,Bullish majority,Bullish divergence,Bullish - bullish divergence vs price over 21 bars,Upper Half,Trending,Bearish,No,No,Inside,84.81,Very High,Stable,-13.14,No,"Very High volatility, stable",Vol contracting,Normal,Falling,Weak Down,0.088,Accumulation,71.3789,Neutral,1 - Basing,early,60.0,1.0,,,,,,,,,
2022-03-22,14613.08022529891,14738.130840670769,14492.23077622926,14724.0302734375,15208600,14603.1343,,,46.93,Neutral,Uptrend,Hold,Downtrend (LH+LL),Bearish,46.16,Neutral,Bearish majority,"No clear trend - ADX emerging, price ranging",55.8956,Neutral,-35.1568,-144.3085,bearish accelerating,Overbought,8.5504,2.455,thin,55.92,Positive accelerating,69.17,Bullish,Bullish confirmed,Bullish divergence,Bullish - bullish divergence vs price over 21 bars,Upper Half,Emerging,Bearish,No,No,Near Upper,84.71,Very High,Stable,-14.07,No,"Very High volatility, stable",Vol contracting,Normal,Rising,Weak Up,0.1437,Accumulation,64.7402,Neutral,1 - Basing,early,60.0,2.0,,,,,,,,,
2022-03-23,14806.579929998406,14833.280089823813,14660.430710182354,14695.130859375,16799700,14606.742,,,49.44,Neutral,Uptrend,Hold,Downtrend (LH+LL),Bearish,46.78,Neutral,Bearish majority,"No clear trend - ADX emerging, price ranging",55.2139,Neutral,-9.4477,-117.3364,bearish fading,Overbought,7.211,2.0223,thin,53.23,Positive fading,67.7,Bullish,Bullish confirmed,Bullish divergence,Bullish - bullish divergence vs price over 21 bars,Upper Half,Emerging,Bearish,No,No,Near Upper,85.16,Very High,Stable,-14.47,No,"Very High volatility, stable",Vol contracting,Normal,Rising,Weak Down,0.124,Accumulation,64.4396,Neutral,1 - Basing,early,60.0,3.0,,,,,,,,,
2022-03-24,14598.730602418234,14744.680603804483,14595.680801783055,14699.330078125,16090800,14610.3729,,,51.24,Neutral,Uptrend,Hold,Downtrend (LH+LL),Bearish,48.24,Neutral,Mixed,"No clear trend - ADX emerging, price ranging",55.2992,Neutral,11.1373,-91.6416,bullish fading,Overbought,5.1486,1.4015,thin,50.81,Positive fading,66.85,Bullish,Bullish confirmed,None,Bullish - all 4 components agree incl. MACD acceleration,Upper Half,Emerging,Bearish,No,No,Near Upper,86.38,Very High,Stable,-13.19,No,"Very High volatility, stable",Vol contracting,Normal,Rising,Weak Up,0.1076,Accumulation,57.3686,Neutral,1 - Basing,early,60.0,4.0,,,,,,,,,
2022-03-25,14763.880709808052,14768.280118005974,14590.43074571098,14651.6806640625,13966800,14611.9928,,,51.76,Neutral,Uptrend,Hold,Downtrend (LH+LL),Bearish,48.48,Neutral,Mixed,"No clear trend - ADX no trend, price ranging",54.0413,Neutral,23.3372,-68.6458,bullish fading,Overbought,3.261,0.8431,thin,48.65,Negative accelerating,64.89,Bullish,Bullish majority,None,"Bullish - majority agree, 1 dissenting",Upper Half,No Trend,Bearish,No,No,Inside,86.14,Very High,Stable,-12.72,No,"Very High volatility, stable",Vol contracting,Normal,Rising,Weak Down,0.1201,Accumulation,58.9637,Neutral,1 - Basing,early,60.0,5.0,,,,,,,,,
2022-03-28,14686.230454908717,14694.830052838985,14515.63107257499,14675.830078125,15473700,14614.4962,,,52.28,Neutral,Uptrend,Hold,Downtrend (LH+LL),Bearish,49.56,Neutral,Mixed,"No clear trend - ADX no trend, price ranging",54.6049,Neutral,34.556,-48.0055,bullish fading,Overbought,3.0814,0.7862,thin,50.15,Positive accelerating,64.85,Bullish,Bullish confirmed,None,Bullish - all 4 components agree incl. MACD acceleration,Upper Half,No Trend,Bearish,No,No,Inside,82.67,Very High,Stable,-13.67,No,"Very High volatility, stable",Vol contracting,Normal,Rising,Weak Up,0.2283,Accumulation,60.0445,Neutral,1 - Basing,early,60.0,6.0,,,,,,,,1 - Basing - no new positions in a basing/topping stage,
2022-03-29,14744.030297055344,14773.130844490292,14689.580173785083,14761.880859375,17226200,14620.276,,,53.64,Neutral,Uptrend,Hold,Downtrend (LH+LL),Bearish,50.32,Neutral,Mixed,"No clear trend - ADX no trend, price ranging",56.6451,Neutral,49.8164,-28.4411,bullish fading,Overbought,2.6943,0.6693,thin,50.47,Positive accelerating,65.34,Bullish,Bullish confirmed,None,Bullish - all 4 components agree incl. MACD acceleration,Upper Half,No Trend,Bearish,No,No,Near Upper,80.26,Very High,Stable,-12.61,No,"Very High volatility, stable",Vol contracting,Normal,Rising,Weak Up,0.2366,Accumulation,59.8492,Neutral,1 - Basing,early,60.0,7.0,,,,,,,,1 - Basing - no new positions in a basing/topping stage,
2022-03-30,14880.680685302494,14924.73043223652,14823.53036960708,14896.880859375,21485900,14631.1233,,,68.54,Bull,Uptrend,Hold,Downtrend (LH+LL),Bearish,57.6,Neutral,Bullish majority,"No clear trend - ADX no trend, price ranging",59.7047,Neutral,71.974,-8.3581,bullish accelerating,Overbought,4.7908,1.2762,thin,50.39,Positive fading,66.67,Bullish,Bullish confirmed,None,Bullish - all 4 components agree incl. MACD acceleration,Upper Half,No Trend,Bullish,No,No,Breakout Up,79.0,High,Stable,-12.75,No,"High volatility, stable",Vol contracting,Normal,Rising,Confirmed Up,0.2096,Accumulation,60.5524,Neutral,1 - Basing,early,60.0,8.0,,,,,,,,1 - Basing - no new positions in a basing/topping stage,
2022-03-31,14925.5302327217,14963.38076902549,14870.980499565696,14894.48046875,18152500,14641.451,,,68.62,Bull,Uptrend,Hold,Downtrend (LH+LL),Bearish,56.01,Neutral,Bullish majority,"No clear trend - ADX no trend, price ranging",59.6242,Neutral,88.3222,10.978,bullish fading,Overbought,2.8498,0.7023,thin,50.42,Positive accelerating,66.52,Bullish,Bullish confirmed,None,Bullish - all 4 components agree incl. MACD acceleration,Upper Half,No Trend,Bullish,No,No,Near Upper,76.45,High,Stable,-12.47,No,"High volatility, stable",Vol contracting,Normal,Falling,Confirmed Down,0.1754,Accumulation,60.4871,Neutral,1 - Basing,early,60.0,9.0,,,,,,,,1 - Basing - no new positions in a basing/topping stage,
2022-04-01,14890.08033341033,15111.330046991348,14882.580343119447,15087.2802734375,18543400,14658.9345,,,70.72,Bull,Uptrend,Hold,Downtrend (LH+LL),Bearish,58.45,Neutral,Bullish majority,"No clear trend - ADX no trend, price ranging",63.8447,Neutral,115.5042,31.8832,bullish accelerating,Overbought,2.4834,0.5919,thin,53.3,Positive accelerating,69.12,Bullish,Bullish confirmed,None,Bullish - all 4 components agree incl. MACD acceleration,Upper Half,No Trend,Bullish,No,No,Breakout Up,77.82,High,Stable,-9.71,No,"High volatility, stable",Vol contracting,Normal,Falling,Confirmed Up,0.2559,Accumulation,61.1788,Neutral,1 - Basing,early,60.0,10.0,,,,,,,,1 - Basing - no new positions in a basing/topping stage,
2022-04-04,15192.779552020102,15393.32908936593,15184.679953442235,15384.1796875,19565500,14687.3755,,,87.11,Strong Bull,Uptrend,Hold,Downtrend (LH+LL),Bearish,65.01,Bull,Bullish majority,"Range with bullish lean - ADX no trend, direction not confirmed",69.1863,Neutral,159.1686,57.3403,bullish accelerating,Overbought,5.3543,1.4254,thin,55.17,Positive accelerating,72.29,Strong Bullish,Bullish confirmed,None,Strong Bullish - all 4 components agree incl. MACD acceleration,At Upper,No Trend,Bullish,No,No,Breakout Up,79.47,High,Stable,-5.34,No,"High volatility, stable",Vol contracting,Normal,Falling,Confirmed Up,0.337,Accumulation,62.1719,Neutral,1 - Basing,early,20.0,11.0,,,,,,,,1 - Basing - no new positions in a basing/topping stage,1 - Basing - no new positions in a basing/topping stage
2022-04-05,15433.029240177466,15477.779180548174,15360.179727874434,15390.4794921875,18703800,14714.9482,,,87.31,Strong Bull,Uptrend,Hold,Downtrend (LH+LL),Bearish,63.43,Bull,Bullish majority,"Range with bullish lean - ADX no trend, direction not confirmed",69.29,Neutral,192.0673,84.2857,bullish accelerating,Overbought,4.5263,1.1732,thin,52.45,Positive fading,71.69,Strong Bullish,Bullish confirmed,None,Strong Bullish - all 4 components agree incl. MACD acceleration,At Upper,No Trend,Bullish,Yes,No,Near Upper,77.23,High,Stable,-7.48,No,"High volatility, stable",Vol contracting,Normal,Falling,Confirmed Up,0.2976,Accumulation,69.4765,Neutral,1 - Basing,early,20.0,12.0,,,,,,,,1 - Basing - no new positions in a basing/topping stage,1 - Basing - no new positions in a basing/topping stage
2022-04-06,15318.129895857415,15387.379803205064,15293.829147120405,15327.8798828125,28404700,14738.9847,,,87.1,Strong Bull,Uptrend,Hold,Downtrend (LH+LL),Bearish,62.87,Bull,Bullish majority,"Range with bullish lean - ADX no trend, direction not confirmed",66.8819,Neutral,210.6601,109.5606,bullish fading,Overbought,4.3058,1.101,thin,50.12,Positive fading,69.34,Bullish,Bullish confirmed,None,Bullish - all 4 components agree incl. MACD acceleration,Upper Half,No Trend,Bullish,Yes,No,Near Upper,73.45,High,Stable,-11.71,No,"High volatility, stable",Vol contracting,Normal,Falling,Confirmed Down,0.2186,Accumulation,60.2313,Neutral,1 - Basing,early,20.0,13.0,,,,,,,,1 - Basing - no new positions in a basing/topping stage,1 - Basing - no new positions in a basing/topping stage
2022-04-07,15292.329961076122,15361.180458551293,15185.680684041588,15201.23046875,33025600,14757.112,,,86.29,Strong Bull,Uptrend,Hold,Downtrend (LH+LL),Bearish,60.82,Bull,Bullish majority,"Range with bullish lean - ADX no trend, direction not confirmed",62.1739,Neutral,212.7234,130.1931,bullish fading,Overbought,3.4144,0.835,thin,47.46,Negative accelerating,64.91,Bullish,Bullish majority,None,"Bullish - majority agree, 1 dissenting",Upper Half,No Trend,Bullish,Yes,No,Inside,70.1,High,Stable,-16.28,No,"High volatility, stable",Vol contracting,Normal,Rising,Confirmed Down,0.1059,Accumulation,48.8674,Neutral,1 - Basing,mid,20.0,14.0,,,,,,,,1 - Basing - no new positions in a basing/topping stage,1 - Basing - no new positions in a basing/topping stage
2022-04-08,15271.329196534349,15386.07904315082,15202.479679188942,15342.3798828125,23851300,14780.0637,,,88.03,Strong Bull,Uptrend,Hold,Downtrend (LH+LL),Bearish,63.5,Bull,Bullish majority,"Range with bullish lean - ADX no trend, direction not confirmed",65.1207,Neutral,223.1755,148.7896,bullish fading,Overbought,4.7141,1.2078,thin,50.68,Positive accelerating,65.92,Bullish,Bullish confirmed,None,Bullish - all 4 components agree incl. MACD acceleration,Upper Half,No Trend,Bullish,Yes,No,Near Upper,63.65,High,Contracting,-22.48,No,"High volatility, contracting - move losing energy",Vol contracting,Normal,Rising,Confirmed Up,0.1418,Accumulation,55.9479,Neutral,1 - Basing,mid,20.0,15.0,,,,,,,,1 - Basing - no new positions in a basing/topping stage,1 - Basing - no new positions in a basing/topping stage
2022-04-11,15337.479476129703,15386.82901946754,15294.27933862553,15325.4794921875,17506800,14801.4525,,,88.05,Strong Bull,Uptrend,Hold,Downtrend (LH+LL),Bearish,63.34,Bull,Bullish majority,"Range with bullish lean - ADX no trend, direction not confirmed",64.4731,Neutral,227.4729,164.5263,bullish fading,Overbought,4.4267,1.1159,thin,49.7,Negative accelerating,64.5,Bullish,Bullish majority,None,"Bullish - majority agree, 1 dissenting",Upper Half,No Trend,Bullish,Yes,No,Near Upper,56.56,Normal,Contracting,-26.11,No,"Normal volatility, contracting - move losing energy",Vol contracting,Normal,Rising,Weak Down,0.1005,Accumulation,61.7338,Neutral,1 - Basing,mid,20.0,16.0,,,,,,,,1 - Basing but stage confidence only 20 - regime not established,1 - Basing - no new positions in a basing/topping stage
2022-04-12,15281.829927243383,15283.329925311473,15078.430775147472,15164.6806640625,17714300,14815.6968,,,86.69,Strong Bull,Uptrend,Hold,Range,Bullish,69.99,Bull,Bullish confirmed,"Range with bullish lean - ADX no trend, direction not confirmed",58.5106,Neutral,215.4203,174.7051,bullish fading,Neutral,2.7286,0.6156,thin,45.73,Negative accelerating,59.37,Bullish,Bullish majority,None,"Bullish - majority agree, 1 dissenting",Upper Half,No Trend,Bullish,No,No,Inside,55.29,Normal,Contracting,-24.98,No,"Normal volatility, contracting - move losing energy",Vol contracting,Normal,Rising,Weak Down,0.0601,Accumulation,55.5576,Neutral,1 - Basing,mid,20.0,17.0,,,,,,,,1 - Basing but stage confidence only 20 - regime not established,1 - Basing - no new positions in a basing/topping stage
2022-04-13,15239.630728938411,15284.68047550416,15126.630874727229,15138.5302734375,13886300,14828.3569,,,84.5,Strong Bull,Uptrend,Hold,Range,Bullish,68.3,Bull,Bullish confirmed,"Range with bullish lean - ADX no trend, direction not confirmed",57.578,Neutral,201.4364,180.0514,bullish fading,Neutral,1.6221,0.2897,thin,44.95,Negative accelerating,56.04,Neutral,Bullish majority,None,"Neutral - majority agree, 1 dissenting",Upper Half,No Trend,Bullish,No,No,Inside,50.52,Normal,Contracting,-28.49,No,"Normal volatility, contracting - move losing energy",Vol contracting,Normal,Rising,Weak Down,0.05,Accumulation,60.9198,Neutral,1 - Basing,mid,20.0,18.0,,,,,,,,1 - Basing but stage confidence only 20 - regime not established,1 - Basing - no new positions in a basing/topping stage
2022-04-18,14942.58005646901,14971.480409276855,14821.230605884151,14926.0302734375,16671700,14832.1872,,,79.58,Bull,Uptrend,Hold,Range,Bullish,61.09,Bull,Mixed,"Range with bullish lean - ADX no trend, direction not confirmed",50.53,Neutral,171.2332,178.2877,Bearish crossover,Neutral,0.2118,-0.1252,thin,40.53,Negative accelerating,47.84,Neutral,Mixed,Bearish divergence,Neutral - bearish divergence vs price over 21 bars,Lower Half,No Trend,Bearish,No,No,Inside,48.0,Normal,Contracting,-28.45,No,"Normal volatility, contracting - move losing energy",Vol contracting,Normal,Rising,Weak Down,0.0385,Neutral,60.2929,Neutral,3 - Topping,early,20.0,1.0,1 - Basing,18.0,,,,,,1 - Basing but stage confidence only 20 - regime not established,1 - Basing - no new positions in a basing/topping stage
2022-04-19,15012.730089309813,15041.63044160561,14617.0304187955,14726.630859375,18536600,14828.0478,,,72.5,Bull,Downtrend,Sell,Range,Bullish,46.05,Neutral,Mixed,"No clear trend - ADX no trend, price ranging",44.9676,Neutral,129.7119,168.5726,bullish accelerating,Neutral,-2.3904,-0.8891,thin,37.35,Negative accelerating,39.65,Bearish,Bearish confirmed,Bearish divergence,Bearish - bearish divergence vs price over 21 bars,Lower Half,No Trend,Bearish,No,Yes,Inside,49.58,Normal,Contracting,-28.24,No,"Normal volatility, contracting - move losing energy",Normal vol,Normal,Rising,Weak Down,-0.0107,Neutral,59.6193,Neutral,3 - Topping,early,20.0,2.0,1 - Basing,18.0,,,,,,1 - Basing but stage confidence only 20 - regime not established,1 - Basing - no new positions in a basing/topping stage
2022-04-20,14807.130916125505,14905.230396479004,14747.930798673642,14850.2802734375,14619100,14828.9196,,,71.89,Bull,Downtrend,Hold,Range,Bullish,47.46,Neutral,Mixed,"No clear trend - ADX no trend, price ranging",48.7362,Neutral,105.5665,155.9713,bullish accelerating,Neutral,-3.4704,-1.1997,thin,38.81,Negative fading,38.62,Bearish,Bearish confirmed,Bearish divergence,Bearish - bearish divergence vs price over 21 bars,Lower Half,No Trend,Bearish,No,No,Inside,47.28,Normal,Contracting,-32.19,No,"Normal volatility, contracting - move losing energy",Vol contracting,Normal,Rising,Weak Up,0.0363,Neutral,59.2669,Neutral,3 - Topping,early,20.0,3.0,1 - Basing,18.0,,,,,,1 - Basing but stage confidence only 20 - regime not established,1 - Basing but stage confidence only 20 - regime not established
2022-04-21,14946.28041310494,15067.430646547373,14929.13102129238,15053.9306640625,14359400,14837.7436,,,74.04,Bull,Downtrend,Hold,Range,Bullish,51.2,Neutral,Mixed,"No clear trend - ADX no trend, price ranging",54.2883,Neutral,101.6917,145.1154,bullish fading,Neutral,-2.1867,-0.8168,thin,40.78,Negative fading,41.89,Bearish,Bearish majority,Bearish divergence,Bearish - bearish divergence vs price over 21 bars,Upper Half,No Trend,Bearish,No,Yes,Inside,46.51,Normal,Contracting,-30.72,No,"Normal volatility, contracting - move losing energy",Normal vol,Normal,Rising,Weak Up,0.0313,Neutral,58.2438,Neutral,3 - Topping,early,20.0,4.0,1 - Basing,18.0,,,,,,1 - Basing but stage confidence only 20 - regime not established,1 - Basing but stage confidence only 20 - regime not established
2022-04-22,14948.080008299585,15015.329920116312,14875.78029841704,14894.830078125,14869400,14839.9823,,,70.82,Bull,Downtrend,Hold,Range,Bullish,48.05,Neutral,Mixed,"No clear trend - ADX no trend, price ranging",49.7546,Neutral,84.8053,133.0534,bullish accelerating,Neutral,-2.8252,-0.9997,thin,41.29,Negative fading,41.02,Bearish,Bearish confirmed,Bearish divergence,Bearish - bearish divergence vs price over 21 bars,Lower Half,No Trend,Bearish,Yes,Yes,Inside,44.41,Normal,Contracting,-29.05,No,"Normal volatility, contracting - move losing energy",Normal vol,Normal,Rising,Weak Down,0.0294,Neutral,52.3289,Neutral,3 - Topping,early,20.0,5.0,1 - Basing,18.0,,,,,,1 - Basing but stage confidence only 20 - regime not established,1 - Basing but stage confidence only 20 - regime not established
2022-04-25,14758.579964183244,14769.07995020668,14623.080144547475,14672.98046875,15260000,14833.4332,,,66.7,Bull,Downtrend,Hold,Range,Bullish,44.84,Neutral,Mixed,"No clear trend - ADX no trend, price ranging",44.2104,Neutral,52.9113,117.025,bullish accelerating,Neutral,-3.475,-1.1834,thin,39.67,Negative accelerating,36.65,Bearish,Bearish confirmed,None,Bearish - all 4 components agree incl. MACD acceleration,Lower Half,No Trend,Bearish,Yes,Yes,Inside,47.12,Normal,Contracting,-22.98,No,"Normal volatility, contracting - move losing energy",Normal vol,Normal,Rising,Weak Down,-0.0004,Neutral,46.1405,Neutral,3 - Topping,early,20.0,6.0,1 - Basing,18.0,,,,,,3 - Topping but stage confidence only 20 - regime not established,1 - Basing but stage confidence only 20 - regime not established
2022-04-26,14818.780377724695,14915.330055838556,14785.830225608828,14898.330078125,13574900,14835.9782,,,68.74,Bull,Downtrend,Hold,Uptrend (HH+HL),Bullish,58.68,Neutral,Mixed,"No clear trend - ADX no trend, price ranging",50.272,Neutral,45.2968,102.6793,bullish fading,Neutral,-2.8943,-1.0062,thin,43.98,Negative fading,39.66,Bearish,Bearish majority,Bearish divergence,Bearish - bearish divergence vs price over 21 bars,Lower Half,No Trend,Bearish,Yes,Yes,Inside,44.82,Normal,Stable,-18.83,No,"Normal volatility, stable",Normal vol,Normal,Rising,Weak Up,0.0382,Neutral,44.8029,Neutral,3 - Topping,early,20.0,7.0,1 - Basing,18.0,,,,,,3 - Topping but stage confidence only 20 - regime not established,1 - Basing but stage confidence only 20 - regime not established
2022-04-27,14797.330023394074,14825.530181380396,14678.93076604671,14755.98046875,15429600,14832.841,,,52.46,Neutral,Downtrend,Hold,Uptrend (HH+HL),Bullish,50.89,Neutral,Mixed,"No clear trend - ADX no trend, price ranging",46.812,Neutral,27.4593,87.6353,bullish accelerating,Oversold,-3.716,-1.2397,thin,44.4,Negative fading,37.96,Bearish,Bearish confirmed,Bearish divergence,Bearish - bearish divergence vs price over 21 bars,Lower Half,No Trend,Bearish,Yes,Yes,Inside,44.78,Normal,Stable,-11.78,No,"Normal volatility, stable",Normal vol,Normal,Rising,Weak Down,0.0075,Neutral,38.08,Neutral,3 - Topping,early,60.0,8.0,1 - Basing,18.0,,,,,,3 - Topping but stage confidence only 20 - regime not established,1 - Basing but stage confidence only 20 - regime not established
2022-04-28,14886.480504633562,14964.580011729282,14765.830272012365,14913.880859375,16131500,14836.019,,,53.23,Neutral,Downtrend,Hold,Uptrend (HH+HL),Bullish,53.56,Neutral,Mixed,"No clear trend - ADX no trend, price ranging",50.8528,Neutral,25.7671,75.2617,bullish fading,Neutral,-1.6538,-0.6297,thin,52.74,Positive accelerating,43.96,Neutral,Mixed,Bearish divergence,Neutral - bearish divergence vs price over 21 bars,Lower Half,No Trend,Bearish,Yes,Yes,Inside,41.58,Normal,Stable,-13.71,No,"Normal volatility, stable",Normal vol,Normal,Rising,Weak Up,-0.0051,Neutral,46.6089,Neutral,3 - Topping,early,60.0,9.0,1 - Basing,18.0,,,,,,3 - Topping but stage confidence only 20 - regime not established,1 - Basing but stage confidence only 20 - regime not established
2022-04-29,14991.430389127208,15011.680362373609,14743.330130971615,14783.330078125,16095600,14833.9528,,,51.04,Neutral,Downtrend,Hold,Uptrend (HH+HL),Bullish,51.38,Neutral,Mixed,"No clear trend - ADX no trend, price ranging",47.6308,Neutral,13.7334,62.956,bullish fading,Neutral,-2.3463,-0.8301,thin,49.34,Negative accelerating,41.58,Bearish,Bearish confirmed,Bearish divergence,Bearish - bearish divergence vs price over 21 bars,Lower Half,No Trend,Bearish,No,Yes,Inside,45.58,Normal,Stable,-4.94,No,"Normal volatility, stable",Normal vol,Normal,Rising,Weak Down,-0.0626,Distribution,50.2125,Neutral,3 - Topping,mid,60.0,10.0,1 - Basing,18.0,,,,,,3 - Topping but stage confidence only 20 - regime not established,1 - Basing but stage confidence only 20 - regime not established
2022-05-02,14647.23058677515,14751.030253888091,14617.730625873966,14736.2802734375,14132500,14830.1225,,,51.72,Neutral,Downtrend,Hold,Uptrend (HH+HL),Bullish,51.22,Neutral,Mixed,"No clear trend - ADX no trend, price ranging",46.4877,Neutral,0.3955,50.4439,bullish accelerating,Neutral,-1.2713,-0.5108,thin,50.77,Positive accelerating,41.51,Bearish,Bearish majority,None,"Bearish - majority agree, 1 dissenting",Lower Half,No Trend,Bearish,No,Yes,Near Lower,44.41,Normal,Stable,-3.59,No,"Normal volatility, stable",Normal vol,Normal,Rising,Weak Down,-0.0081,Neutral,41.4508,Neutral,3 - Topping,mid,60.0,11.0,1 - Basing,18.0,,,,,,3 - Topping but stage confidence only 20 - regime not established,3 - Topping but stage confidence only 20 - regime not established
2022-05-04,14771.431153209742,14798.2807279725,14343.581118820988,14393.3310546875,16213000,14812.9934,,,31.36,Bear,Downtrend,Hold,Uptrend (HH+HL),Bullish,39.52,Bear,Bearish majority,"Range with bearish lean - ADX no trend, direction not confirmed",39.1179,Neutral,-37.4167,32.8718,bearish accelerating,Oversold,-2.2632,-0.8008,thin,45.52,Negative accelerating,34.63,Bearish,Bearish confirmed,None,Bearish - all 4 components agree incl. MACD acceleration,Below Lower,No Trend,Bearish,No,Yes,Breakout Down,57.19,Normal,Stable,7.61,No,"Normal volatility, stable",Vol expanding,Normal,Rising,Weak Down,-0.0843,Distribution,33.5711,Neutral,3 - Topping,mid,60.0,12.0,1 - Basing,18.0,,,,,,3 - Topping but stage confidence only 20 - regime not established,3 - Topping but stage confidence only 20 - regime not established
2022-05-05,14542.131646916474,14606.030978617566,14365.531288603488,14395.4814453125,13458000,14796.6204,,,17.02,Strong Bear,Downtrend,Hold,Uptrend (HH+HL),Bullish,35.2,Bear,Bearish majority,"Range with bearish lean - ADX no trend, direction not confirmed",39.183,Neutral,-66.4436,13.0087,bearish accelerating,Oversold,-3.0626,-1.0317,thin,42.95,Negative accelerating,32.56,Bearish,Bearish confirmed,None,Bearish - all 4 components agree incl. MACD acceleration,At Lower,No Trend,Bearish,Yes,Yes,Near Lower,64.32,High,Stable,17.04,No,"High volatility, stable",Vol expanding,Normal,Falling,Weak Up,-0.1651,Distribution,34.3607,Neutral,3 - Topping,mid,20.0,13.0,1 - Basing,18.0,,,,,,3 - Topping - no new positions in a basing/topping stage,3 - Topping but stage confidence only 20 - regime not established
2022-05-06,14159.081037177091,14204.9813675955,14073.43173545916,14145.7314453125,15272500,14771.0954,,,13.1,Strong Bear,Downtrend,Hold,Uptrend (HH+HL),Bullish,33.74,Bear,Bearish majority,"Range with bearish lean - ADX no trend, direction not confirmed",34.5606,Neutral,-108.3515,-11.2633,bearish accelerating,Oversold,-6.033,-1.8874,thin,37.16,Negative accelerating,27.96,Strong Bearish,Bearish confirmed,None,Strong Bearish - all 4 components agree incl. MACD acceleration,Below Lower,No Trend,Bearish,Yes,Yes,Breakout Down,69.27,High,Expanding,22.76,No,High volatility and still expanding - move may be extended,Vol expanding,Normal,Falling,Weak Down,-0.1364,Distribution,27.64,Neutral,1 - Basing,early,20.0,1.0,3 - Topping,13.0,,,,,,3 - Topping - no new positions in a basing/topping stage,3 - Topping but stage confidence only 20 - regime not established
2022-05-09,14002.731430725222,14088.281121963731,13879.531398790508,13991.7314453125,14199300,14740.5321,,,11.46,Strong Bear,Downtrend,Hold,Uptrend (HH+HL),Bullish,31.95,Bear,Bearish majority,"Range with bearish lean - ADX emerging, direction not confirmed",32.0498,Neutral,-152.2354,-39.4577,bearish accelerating,Oversold,-6.0632,-1.8729,thin,32.98,Negative accelerating,25.31,Strong Bearish,Bearish confirmed,None,Strong Bearish - all 4 components agree incl. MACD acceleration,Below Lower,Emerging,Bearish,Yes,Yes,Breakout Down,81.79,Very High,Expanding,37.38,No,Very High volatility and still expanding - move may be extended,Vol expanding,Normal,Falling,Weak Down,-0.1159,Distribution,28.0831,Neutral,1 - Basing,early,20.0,2.0,3 - Topping,13.0,,,,,,3 - Topping - no new positions in a basing/topping stage,3 - Topping but stage confidence only 20 - regime not established
2022-05-10,13953.931509391894,14068.381551442611,13823.331098343378,13855.931640625,13461200,14705.8419,,,10.05,Strong Bear,Downtrend,Hold,Uptrend (HH+HL),Bullish,29.02,Bear,Bearish majority,"Range with bearish lean - ADX emerging, direction not confirmed",29.9814,Oversold,-195.7155,-70.7093,bearish accelerating,Oversold,-5.5684,-1.7099,thin,33.09,Negative fading,24.1,Strong Bearish,Bearish confirmed,None,Strong Bearish but oversold on RSI and Stochastic - stretched,Below Lower,Emerging,Bearish,Yes,Yes,Breakout Down,89.93,Very High,Expanding,42.81,No,Very High volatility and still expanding - move may be extended,Vol expanding,Normal,Falling,Weak Down,-0.0683,Distribution,28.8897,Neutral,1 - Basing,early,20.0,3.0,3 - Topping,13.0,,,,,,3 - Topping - no new positions in a basing/topping stage,3 - Topping but stage confidence only 20 - regime not established
2022-05-11,13888.132663991804,13949.081804947107,13589.332264126777,13771.7822265625,17869000,14669.2121,,,9.22,Strong Bear,Downtrend,Hold,Uptrend (HH+HL),Bullish,28.23,Bear,Bearish majority,"Bear - majority agree, 1 dissenting, trending ADX",28.7435,Oversold,-234.2635,-103.4201,bearish accelerating,Oversold,-7.5616,-2.2511,thin,32.58,Negative accelerating,23.62,Strong Bearish,Bearish confirmed,None,Strong Bearish but oversold on RSI and Stochastic - stretched,Below Lower,Trending,Bearish,Yes,Yes,Breakout Down,92.42,Very High,Expanding,47.6,No,Very High volatility and still expanding - move may be extended,Extreme vol - reduce size,Normal,Falling,Confirmed Down,-0.1092,Distribution,21.5168,Neutral,1 - Basing,early,20.0,4.0,3 - Topping,13.0,,,,,,3 - Topping - no new positions in a basing/topping stage,3 - Topping but stage confidence only 20 - regime not established
2022-05-12,13656.9323669337,13670.98215327997,13389.732520435997,13465.232421875,18293200,14621.9972,,,6.03,Strong Bear,Downtrend,Hold,Uptrend (HH+HL),Bullish,24.5,Strong Bear,Bearish majority,"Strong Bear - majority agree, 1 dissenting, trending ADX",24.7366,Oversold,-286.2494,-139.986,bearish accelerating,Oversold,-8.7473,-2.5393,thin,31.1,Negative accelerating,21.29,Strong Bearish,Bearish confirmed,None,Strong Bearish but oversold on RSI and Stochastic - stretched,Below Lower,Trending,Bearish,Yes,Yes,Breakout Down,95.39,Very High,Expanding,50.61,No,Very High volatility and still expanding - move may be extended,Extreme vol - reduce size,Normal,Falling,Confirmed Down,-0.1178,Distribution,14.3127,Oversold,1 - Basing,early,20.0,5.0,3 - Topping,13.0,,,,,,3 - Topping but stage confidence only 20 - regime not established,3 - Topping - no new positions in a basing/topping stage
2022-05-13,13621.182421852998,13738.531878105769,13435.0322741241,13471.482421875,17319000,14576.879,,,6.12,Strong Bear,Downtrend,Hold,Uptrend (HH+HL),Bullish,23.51,Strong Bear,Bearish majority,"Strong Bear - majority agree, 1 dissenting, trending ADX",24.9663,Oversold,-323.2184,-176.6325,bearish accelerating,Oversold,-9.6715,-2.7366,thin,31.35,Negative fading,21.61,Strong Bearish,Bearish confirmed,None,Strong Bearish but oversold on RSI and Stochastic - stretched,At Lower,Trending,Bearish,Yes,Yes,Near Lower,95.58,Very High,Expanding,54.0,No,Very High volatility and still expanding - move may be extended,Extreme vol - reduce size,Normal,Falling,Confirmed Up,-0.1514,Distribution,21.8236,Neutral,1 - Basing,early,20.0,6.0,3 - Topping,13.0,,,,,,1 - Basing but stage confidence only 20 - regime not established,3 - Topping - no new positions in a basing/topping stage
2022-05-16,13540.232461963304,13646.282129289575,13434.43279431322,13571.1826171875,15045600,14537.4399,,,7.17,Strong Bear,Downtrend,Hold,Uptrend (HH+HL),Bullish,24.08,Strong Bear,Bearish majority,"Strong Bear - majority agree, 1 dissenting, trending ADX",28.7037,Oversold,-340.5461,-209.4152,bearish fading,Oversold,-8.1994,-2.2886,thin,30.75,Negative accelerating,23.2,Strong Bearish,Bearish confirmed,None,Strong Bearish but oversold on RSI and Stochastic - stretched,Lower Half,Trending,Bearish,Yes,Yes,Inside,94.68,Very High,Expanding,49.1,No,Very High volatility and still expanding - move may be extended,Extreme vol - reduce size,Normal,Falling,Weak Up,-0.0988,Distribution,28.5874,Neutral,1 - Basing,early,20.0,7.0,3 - Topping,13.0,,,,,,1 - Basing but stage confidence only 20 - regime not established,3 - Topping - no new positions in a basing/topping stage
2022-05-17,13648.432010491118,13944.68161577573,13632.132227521031,13926.03125,15444600,14513.4631,,,10.71,Strong Bear,Downtrend,Hold,Uptrend (HH+HL),Bullish,30.55,Bear,Bearish majority,"Bear - majority agree, 1 dissenting, trending ADX",40.1334,Neutral,-321.9339,-231.9189,bearish fading,Oversold,-5.4983,-1.5328,thin,34.3,Negative fading,31.2,Bearish,Bearish confirmed,None,Bearish - all 4 components agree incl. MACD acceleration,Lower Half,Trending,Bearish,Yes,Yes,Inside,94.03,Very High,Expanding,49.62,No,Very High volatility and still expanding - move may be extended,Extreme vol - reduce size,Normal,Falling,Weak Up,-0.0766,Distribution,28.8612,Neutral,1 - Basing,early,20.0,8.0,3 - Topping,13.0,,,,,,1 - Basing but stage confidence only 20 - regime not established,3 - Topping - no new positions in a basing/topping stage
2022-05-18,13989.330959836503,14063.981250943272,13896.58108348376,13918.181640625,15887800,14490.1187,14792.0839,Yes,9.53,Strong Bear,Downtrend,Hold,Uptrend (HH+HL),Bullish,30.43,Bear,Bearish majority,"Bear - majority agree, 1 dissenting, trending ADX",39.9807,Neutral,-304.3092,-246.397,bearish fading,Neutral,-3.3012,-0.9268,thin,36.93,Negative fading,35.65,Bearish,Bearish confirmed,None,Bearish - all 4 components agree incl. MACD acceleration,Lower Half,Trending,Bearish,Yes,Yes,Inside,93.14,Very High,Expanding,35.95,No,Very High volatility and still expanding - move may be extended,Vol expanding,Normal,Falling,Confirmed Down,-0.0864,Distribution,36.1036,Neutral,1 - Basing,early,20.0,9.0,3 - Topping,13.0,,,,,,1 - Basing but stage confidence only 20 - regime not established,3 - Topping - no new positions in a basing/topping stage
2022-05-19,13625.732324780654,13680.632644189283,13520.932656038663,13550.8828125,15232100,14453.2859,14779.7336,Yes,5.67,Strong Bear,Downtrend,Hold,Range,Bearish,13.56,Strong Bear,Bearish confirmed,"Strong Bear - all 4 components agree, trending ADX",33.5489,Neutral,-316.333,-260.3842,bearish fading,Neutral,-5.8671,-1.614,thin,38.2,Negative fading,34.25,Bearish,Bearish confirmed,None,Bearish - all 4 components agree incl. MACD acceleration,Lower Half,Trending,Bearish,Yes,Yes,Inside,94.79,Very High,Expanding,30.47,No,Very High volatility and still expanding - move may be extended,Extreme vol - reduce size,Normal,Falling,Weak Down,-0.1315,Distribution,28.6313,Neutral,1 - Basing,early,20.0,10.0,3 - Topping,13.0,,,,,,1 - Basing but stage confidence only 20 - regime not established,3 - Topping but stage confidence only 20 - regime not established
2022-05-20,13755.031436948322,13906.38182078055,13733.531465658243,13895.03125,13959800,14431.3936,14770.9306,Yes,10.65,Strong Bear,Downtrend,Hold,Range,Bearish,20.69,Strong Bear,Bearish confirmed,"Strong Bear - all 4 components agree, trending ADX",42.8293,Neutral,-294.6949,-267.2463,bearish fading,Neutral,-1.7723,-0.4959,thin,37.7,Negative accelerating,39.79,Bearish,Bearish confirmed,Bullish divergence,Bearish - bullish divergence vs price over 21 bars,Lower Half,Trending,Bearish,Yes,Yes,Inside,94.17,Very High,Expanding,24.9,No,Very High volatility and still expanding - move may be extended,Extreme vol - reduce size,Normal,Falling,Weak Up,-0.1298,Distribution,35.4941,Neutral,1 - Basing,early,20.0,11.0,3 - Topping,13.0,,,,,,1 - Basing but stage confidence only 20 - regime not established,1 - Basing but stage confidence only 20 - regime not established
2022-05-23,13929.731319319311,14005.481217733744,13813.581084459374,13835.78125,15691000,14408.0362,14761.6256,Yes,13.61,Strong Bear,Downtrend,Hold,Range,Bearish,21.46,Strong Bear,Bearish confirmed,"Strong Bear - all 4 components agree, trending ADX",41.7483,Neutral,-279.1102,-269.6191,bearish fading,Neutral,-1.1146,-0.3153,thin,37.1,Negative accelerating,41.12,Bearish,Bearish majority,None,Bearish - price momentum agrees but MACD shows deceleration,Lower Half,Trending,Bearish,No,Yes,Inside,92.7,Very High,Stable,10.91,No,"Very High volatility, stable",Extreme vol - reduce size,Normal,Falling,Confirmed Down,-0.1335,Distribution,42.5969,Neutral,1 - Basing,early,20.0,12.0,3 - Topping,13.0,,,,,,1 - Basing but stage confidence only 20 - regime not established,1 - Basing but stage confidence only 20 - regime not established
2022-05-24,13858.032084886689,13883.532052280734,13709.382860896963,13747.232421875,15712100,14382.1224,14751.5322,Yes,11.59,Strong Bear,Downtrend,Hold,Range,Bearish,19.85,Strong Bear,Bearish confirmed,"Strong Bear - all 4 components agree, trending ADX",40.1186,Neutral,-270.7829,-269.8519,bearish fading,Neutral,-0.7845,-0.2243,thin,36.13,Negative accelerating,42.01,Neutral,Bearish majority,Bullish divergence,Neutral - bullish divergence vs price over 21 bars,Lower Half,Trending,Bearish,No,Yes,Inside,91.14,Very High,Stable,1.21,No,"Very High volatility, stable",Vol expanding,Normal,Falling,Confirmed Down,-0.1465,Distribution,42.8635,Neutral,1 - Basing,early,20.0,13.0,3 - Topping,13.0,,,,,,1 - Basing but stage confidence only 20 - regime not established,1 - Basing but stage confidence only 20 - regime not established
2022-05-25,13805.081750070363,13821.38251023246,13574.482439016188,13587.732421875,13674500,14350.9698,14739.9521,Yes,7.8,Strong Bear,Downtrend,Hold,Downtrend (LH+LL),Bearish,6.34,Strong Bear,Bearish confirmed,"Strong Bear - all 4 components agree, trending ADX",37.2944,Neutral,-273.8965,-270.6608,bearish accelerating,Neutral,-1.3364,-0.3747,thin,34.73,Negative accelerating,40.03,Bearish,Bearish majority,Bullish divergence,Bearish - bullish divergence vs price over 21 bars,Lower Half,Trending,Bearish,No,Yes,Inside,91.02,Very High,Stable,-1.41,No,"Very High volatility, stable",Vol expanding,Normal,Falling,Weak Down,-0.2185,Distribution,42.9743,Neutral,1 - Basing,mid,20.0,14.0,3 - Topping,13.0,,,,,,1 - Basing but stage confidence only 20 - regime not established,1 - Basing but stage confidence only 20 - regime not established
2022-05-26,13651.532317511112,13756.831987313102,13445.232777086729,13722.5322265625,16812400,14326.3252,14729.8285,Yes,12.16,Strong Bear,Downtrend,Hold,Downtrend (LH+LL),Bearish,9.76,Strong Bear,Bearish confirmed,"Strong Bear - all 4 components agree, trending ADX",41.07,Neutral,-262.4613,-269.0209,Bullish crossover,Neutral,1.9108,0.517,thin,38.02,Negative fading,43.8,Neutral,Bearish majority,Bullish divergence,Neutral - bullish divergence vs price over 21 bars,Lower Half,Trending,Bearish,No,No,Inside,91.33,Very High,Stable,-4.06,No,"Very High volatility, stable",Vol contracting,Normal,Falling,Confirmed Up,-0.1777,Distribution,42.783,Neutral,4 - Declining,early,84.0,1.0,1 - Basing,14.0,,,,,,1 - Basing but stage confidence only 20 - regime not established,1 - Basing but stage confidence only 20 - regime not established
2022-05-27,13839.28129527357,13885.031234085092,13768.281390232738,13873.1318359375,12515500,14308.5529,14721.3041,Yes,14.2,Strong Bear,Downtrend,Hold,Downtrend (LH+LL),Bearish,12.94,Strong Bear,Bearish confirmed,"Strong Bear - all 4 components agree, trending ADX",45.0508,Neutral,-238.4974,-262.9162,bearish accelerating,Neutral,2.9815,0.8087,thin,41.5,Negative fading,49.48,Neutral,Bearish majority,Bullish divergence,Neutral - bullish divergence vs price over 21 bars,Lower Half,Trending,Bearish,No,No,Inside,87.06,Very High,Stable,-8.52,No,"Very High volatility, stable",Vol contracting,Normal,Falling,Weak Up,-0.1731,Distribution,48.9638,Neutral,4 - Declining,early,84.0,2.0,1 - Basing,14.0,,,,,,1 - Basing but stage confidence only 20 - regime not established,1 - Basing but stage confidence only 20 - regime not established
2022-05-30,14022.581227980894,14163.031239185564,14009.632026205258,14154.78125,13958800,14302.5227,14715.6671,Yes,20.44,Bear,Downtrend,Hold,Downtrend (LH+LL),Bearish,20.11,Strong Bear,Bearish confirmed,"Strong Bear - all 4 components agree, trending ADX",51.6313,Neutral,-194.5367,-249.2403,bearish accelerating,Neutral,4.3003,1.1656,thin,45.15,Negative fading,58.14,Bullish,Bullish majority,Bullish divergence,Bullish - bullish divergence vs price over 21 bars,Upper Half,Trending,Bearish,No,No,Inside,81.4,Very High,Stable,-13.27,No,"Very High volatility, stable",Vol contracting,Normal,Falling,Weak Up,-0.0962,Distribution,55.3972,Neutral,4 - Declining,early,84.0,3.0,1 - Basing,14.0,,,,,,1 - Basing but stage confidence only 20 - regime not established,1 - Basing but stage confidence only 20 - regime not established
2022-05-31,14105.981463183864,14215.43151466692,14067.031319056152,14119.5810546875,25869900,14295.3485,14709.7359,Yes,23.08,Bear,Downtrend,Hold,Downtrend (LH+LL),Bearish,21.47,Strong Bear,Bearish confirmed,"Range with bearish lean - ADX emerging, direction not confirmed",50.8123,Neutral,-160.6855,-231.5293,bearish accelerating,Overbought,1.3898,0.3624,thin,54.99,Positive accelerating,63.6,Bullish,Bullish confirmed,Bullish divergence,Bullish - bullish divergence vs price over 21 bars,Upper Half,Emerging,Bearish,No,No,Inside,71.96,High,Contracting,-22.08,No,"High volatility, contracting - move losing energy",Vol contracting,Normal,Falling,Confirmed Down,-0.1514,Distribution,65.0314,Neutral,4 - Declining,early,84.0,4.0,1 - Basing,14.0,,,,,,1 - Basing but stage confidence only 20 - regime not established,1 - Basing but stage confidence only 20 - regime not established
2022-06-01,14132.0809898659,14186.881698914056,14009.031347300592,14082.8818359375,13703100,14287.0164,14703.4985,Yes,24.71,Bear,Downtrend,Hold,Downtrend (LH+LL),Bearish,22.27,Strong Bear,Bearish confirmed,"Range with bearish lean - ADX emerging, direction not confirmed",49.9231,Neutral,-135.2604,-212.2755,bearish accelerating,Overbought,1.1833,0.3045,thin,48.53,Negative accelerating,62.22,Bullish,Mixed,Bullish divergence,Bullish - bullish divergence vs price over 21 bars,Upper Half,Emerging,Bearish,No,No,Inside,69.3,High,Contracting,-23.84,No,"High volatility, contracting - move losing energy",Vol contracting,Normal,Falling,Weak Down,-0.1196,Distribution,66.1814,Neutral,4 - Declining,early,84.0,5.0,1 - Basing,14.0,,,,,,1 - Basing but stage confidence only 20 - regime not established,1 - Basing but stage confidence only 20 - regime not established
2022-06-02,14059.231587668884,14179.28123513628,14029.781430925066,14167.931640625,12776700,14282.3465,14698.1695,Yes,27.33,Bear,Downtrend,Hold,Downtrend (LH+LL),Bearish,25.13,Bear,Bearish confirmed,"Range with bearish lean - ADX emerging, direction not confirmed",52.0186,Neutral,-107.0143,-191.2233,bearish accelerating,Overbought,4.5536,1.2298,thin,48.04,Negative accelerating,62.88,Bullish,Bullish majority,Bullish divergence,Bullish - bullish divergence vs price over 21 bars,Upper Half,Emerging,Bearish,No,No,Inside,60.17,High,Contracting,-34.62,Partial,"High volatility, contracting - move losing energy",Vol contracting,Normal,Falling,Weak Up,-0.0529,Distribution,65.5707,Neutral,4 - Declining,early,84.0,6.0,1 - Basing,14.0,,,,,,"4 - Declining, trend 10 short but momentum diverging - trend tiring, tighten stop",1 - Basing but stage confidence only 20 - regime not established
2022-06-03,14280.33078785922,14299.981152584982,14064.881853071514,14077.8818359375,12054000,14274.3282,14691.9975,Yes,27.23,Bear,Downtrend,Hold,Downtrend (LH+LL),Bearish,31.38,Bear,Bearish majority,"Range with bearish lean - ADX emerging, direction not confirmed",49.6497,Neutral,-90.8482,-171.1483,bearish fading,Overbought,1.3159,0.3337,thin,48.28,Negative fading,61.38,Bullish,Mixed,Bullish divergence,Bullish - bullish divergence vs price over 21 bars,Upper Half,Emerging,Bullish,No,No,Near Upper,50.79,Normal,Contracting,-43.38,Partial,"Normal volatility, contracting - move losing energy",Vol contracting,Normal,Falling,Weak Down,-0.0929,Distribution,65.1837,Neutral,4 - Declining,early,84.0,7.0,1 - Basing,14.0,,,,,,"4 - Declining, trend 13 short but momentum diverging - trend tiring, tighten stop",1 - Basing but stage confidence only 20 - regime not established
2022-06-06,14042.381851383196,14081.18160484591,13932.131996938895,14054.0810546875,11181400,14265.6911,14685.6501,Yes,27.94,Bear,Downtrend,Hold,Downtrend (LH+LL),Bearish,25.19,Bear,Bearish confirmed,"Range with bearish lean - ADX no trend, direction not confirmed",49.0143,Neutral,-79.0457,-152.7278,bearish fading,Neutral,1.5778,0.4051,thin,48.84,Negative fading,60.42,Bullish,Mixed,Bullish divergence,Bullish - bullish divergence vs price over 21 bars,Upper Half,No Trend,Bearish,No,No,Inside,49.84,Normal,Contracting,-42.86,Partial,"Normal volatility, contracting - move losing energy",Vol contracting,Normal,Falling,Weak Down,-0.0741,Distribution,59.1137,Neutral,4 - Declining,early,84.0,8.0,1 - Basing,14.0,,,,,,"4 - Declining, trend 20 short but momentum diverging - trend tiring, tighten stop",1 - Basing but stage confidence only 20 - regime not established
2022-06-07,13978.631778617126,13990.181567926527,13883.73151434816,13935.5810546875,11151200,14252.7456,14678.1867,Yes,25.28,Bear,Downtrend,Hold,Downtrend (LH+LL),Bearish,22.97,Strong Bear,Bearish confirmed,"Range with bearish lean - ADX no trend, direction not confirmed",45.8672,Neutral,-78.351,-137.8524,bearish fading,Neutral,1.3701,0.3465,thin,50.61,Positive accelerating,57.5,Neutral,Bullish majority,Bullish divergence,Neutral - bullish divergence vs price over 21 bars,Upper Half,No Trend,Bearish,No,No,Inside,48.89,Normal,Contracting,-42.26,No,"Normal volatility, contracting - move losing energy",Vol contracting,Normal,Falling,Weak Down,-0.0431,Neutral,52.6925,Neutral,4 - Declining,early,84.0,9.0,1 - Basing,14.0,,,,,,"4 - Declining, trend 21 but ADX shows no trend, this is a range - wait for alignment",1 - Basing but stage confidence only 20 - regime not established
2022-06-08,13981.631709339295,14020.43146218526,13832.431713377477,13886.8818359375,12313500,14238.398,14670.313,Yes,23.37,Bear,Downtrend,Hold,Downtrend (LH+LL),Bearish,21.88,Strong Bear,Bearish confirmed,"Range with bearish lean - ADX no trend, direction not confirmed",44.5999,Neutral,-80.7986,-126.4416,bearish fading,Neutral,2.2016,0.576,thin,54.76,Positive accelerating,56.33,Neutral,Bullish majority,None,"Neutral - majority agree, 1 dissenting",Upper Half,No Trend,Bearish,No,No,Inside,47.43,Normal,Contracting,-43.59,No,"Normal volatility, contracting - move losing energy",Vol contracting,Normal,Falling,Weak Down,-0.0621,Distribution,53.3606,Neutral,4 - Declining,early,84.0,10.0,1 - Basing,14.0,,,,,,"4 - Declining, trend 22 but ADX shows no trend, this is a range - wait for alignment",1 - Basing but stage confidence only 20 - regime not established
2022-06-09,13816.681853556229,13988.981429514655,13789.981693688407,13977.0810546875,11137600,14228.1503,14663.4152,Yes,23.21,Bear,Downtrend,Hold,Downtrend (LH+LL),Bearish,23.31,Strong Bear,Bearish confirmed,"Range with bearish lean - ADX no trend, direction not confirmed",47.4937,Neutral,-74.6001,-116.0733,bearish fading,Neutral,1.855,0.478,thin,53.94,Positive fading,56.21,Neutral,Bullish majority,None,"Neutral - majority agree, 1 dissenting",Upper Half,No Trend,Bearish,No,No,Inside,42.46,Normal,Contracting,-48.87,Confirmed,"Normal volatility, squeeze confirmed - expansion pending",Vol contracting,Normal,Falling,Weak Up,-0.001,Neutral,52.7163,Neutral,4 - Declining,early,84.0,11.0,1 - Basing,14.0,,,,,,"4 - Declining, trend 25 but ADX shows no trend, this is a range - wait for alignment","4 - Declining, trend 10 short but momentum diverging - trend tiring, tighten stop"
2022-06-10,13824.981387084028,13860.031144583168,13757.931672667224,13781.7314453125,10328000,14210.6437,14654.6422,Yes,18.38,Strong Bear,Downtrend,Hold,Range,Bullish,28.86,Bear,Bearish confirmed,"Range with bearish lean - ADX no trend, direction not confirmed",42.3358,Neutral,-84.477,-109.7541,bearish fading,Neutral,-0.6588,-0.2234,thin,47.17,Negative accelerating,50.41,Neutral,Mixed,None,"Neutral - components mixed, low conviction",Lower Half,No Trend,Bearish,No,No,Inside,40.47,Normal,Contracting,-46.59,Confirmed,"Normal volatility, squeeze confirmed - expansion pending",Vol contracting,Normal,Falling,Weak Down,0.0259,Neutral,46.1027,Neutral,4 - Declining,early,84.0,12.0,1 - Basing,14.0,,,,,,"4 - Declining, trend 31 but ADX shows no trend, this is a range - wait for alignment","4 - Declining, trend 13 short but momentum diverging - trend tiring, tighten stop"
2022-06-13,13521.18248053932,13527.732276645607,13356.18269671374,13416.8828125,13059200,14179.5158,14642.3262,Yes,9.41,Strong Bear,Downtrend,Hold,Range,Bullish,22.48,Strong Bear,Bearish confirmed,"Range with bearish lean - ADX no trend, direction not confirmed",34.7461,Neutral,-120.3574,-111.8747,Bearish crossover,Neutral,-5.2131,-1.4866,thin,39.12,Negative accelerating,40.48,Bearish,Bearish majority,Bullish divergence,Bearish - bullish divergence vs price over 21 bars,Below Lower,No Trend,Bearish,No,No,Breakout Down,49.44,Normal,Contracting,-31.97,Confirmed,"Normal volatility, squeeze confirmed - expansion pending",Vol contracting,Normal,Falling,Weak Down,-0.0029,Neutral,46.8167,Neutral,4 - Declining,early,84.0,13.0,1 - Basing,14.0,,,,,,"4 - Declining, trend 25 but ADX shows no trend, this is a range - wait for alignment","4 - Declining, trend 20 short but momentum diverging - trend tiring, tighten stop"
2022-06-14,13341.932678042069,13506.482266684436,13324.132896724766,13388.2822265625,12380200,14148.487,14629.8481,Yes,7.55,Strong Bear,Downtrend,Hold,Range,Bullish,21.31,Strong Bear,Bearish confirmed,"Range with bearish lean - ADX emerging, direction not confirmed",34.2281,Neutral,-149.3787,-119.3755,bearish accelerating,Oversold,-5.1793,-1.466,thin,38.08,Negative accelerating,35.57,Bearish,Bearish confirmed,Bullish divergence,Bearish - bullish divergence vs price over 21 bars,Below Lower,Emerging,Bearish,Yes,No,Near Lower,56.05,Normal,Stable,-15.91,No,"Normal volatility, stable",Vol contracting,Normal,Falling,Weak Down,-0.0648,Distribution,47.1874,Neutral,4 - Declining,early,84.0,14.0,1 - Basing,14.0,,,,,,"4 - Declining, trend 23 but ADX shows no trend, this is a range - wait for alignment","4 - Declining, trend 21 but ADX shows no trend, this is a range - wait for alignment"
2022-06-15,13412.182576002931,13448.432528382113,13366.732440397343,13380.83203125,9733400,14118.3829,14617.4201,Yes,6.35,Strong Bear,Downtrend,Hold,Range,Bullish,20.87,Strong Bear,Bearish confirmed,"Range with bearish lean - ADX emerging, direction not confirmed",34.0855,Neutral,-171.0082,-129.7021,bearish accelerating,Oversold,-4.9851,-1.402,thin,36.17,Negative accelerating,32.5,Bearish,Bearish confirmed,Bullish divergence,Bearish - bullish divergence vs price over 21 bars,Lower Half,Emerging,Bearish,Yes,No,Near Lower,55.71,Normal,Stable,-13.59,No,"Normal volatility, stable",Vol contracting,Normal,Falling,Weak Down,-0.0464,Neutral,49.0305,Neutral,4 - Declining,mid,84.0,15.0,1 - Basing,14.0,,,,,,"4 - Declining, trend 22 but ADX shows no trend, this is a range - wait for alignment","4 - Declining, trend 22 but ADX shows no trend, this is a range - wait for alignment"
2022-06-16,13508.6820538205,13527.781637545704,13064.032260338186,13089.1826171875,13847500,14078.0221,14602.2138,Yes,4.25,Strong Bear,Downtrend,Hold,Range,Bullish,16.6,Strong Bear,Bearish confirmed,"Range with bearish lean - ADX emerging, direction not confirmed",28.9945,Oversold,-209.2711,-145.6159,bearish accelerating,Oversold,-7.614,-2.1044,thin,34.15,Negative accelerating,28.17,Strong Bearish,Bearish confirmed,None,Strong Bearish but oversold on RSI and Stochastic - stretched,Below Lower,Emerging,Bearish,Yes,Yes,Breakout Down,66.28,High,Stable,6.11,No,"High volatility, stable",Vol expanding,Normal,Falling,Confirmed Down,-0.0571,Distribution,42.0261,Neutral,4 - Declining,mid,84.0,16.0,1 - Basing,14.0,,,,,,"4 - Declining, trend 23 but ADX shows no trend, this is a range - wait for alignment","4 - Declining, trend 25 but ADX shows no trend, this is a range - wait for alignment"
2022-06-17,13011.38376779064,13111.93344401981,12903.83312394313,12994.7333984375,16444300,14035.5402,14586.219,Yes,4.08,Strong Bear,Downtrend,Hold,Range,Bullish,16.83,Strong Bear,Bearish confirmed,"Strong Bear - all 4 components agree, trending ADX",27.559,Oversold,-244.3987,-165.3724,bearish accelerating,Oversold,-7.694,-2.0991,thin,29.46,Negative accelerating,25.12,Strong Bearish,Bearish confirmed,None,Strong Bearish but oversold on RSI and Stochastic - stretched,Below Lower,Trending,Bearish,Yes,Yes,Breakout Down,78.46,High,Expanding,27.66,No,Squeeze releasing - expanding 4 bars after compression,Vol expanding,Normal,Falling,Confirmed Down,-0.1083,Distribution,34.0546,Neutral,4 - Declining,mid,84.0,17.0,1 - Basing,14.0,,,,,,"4 - Declining, trend 29 but ADX shows no trend, this is a range - wait for alignment","4 - Declining, trend 31 but ADX shows no trend, this is a range - wait for alignment"
2022-06-20,13026.133692406762,13049.383662602591,12855.5333251621,12950.7333984375,15527100,13992.9987,14569.9455,Yes,4.35,Strong Bear,Downtrend,Hold,Range,Bullish,16.09,Strong Bear,Bearish confirmed,"Strong Bear - all 4 components agree, trending ADX",26.891,Oversold,-272.6451,-186.827,bearish accelerating,Oversold,-7.8507,-2.1143,thin,25.94,Negative accelerating,23.43,Strong Bearish,Bearish confirmed,None,Strong Bearish but oversold on RSI and Stochastic - stretched,At Lower,Trending,Bearish,Yes,Yes,Near Lower,83.96,Very High,Expanding,34.13,No,Squeeze releasing - expanding 5 bars after compression,Vol expanding,Normal,Falling,Confirmed Down,-0.0654,Distribution,21.1278,Neutral,4 - Declining,mid,84.0,18.0,1 - Basing,14.0,,,,,,"4 - Declining, trend 22 but ADX shows no trend, this is a range - wait for alignment","4 - Declining, trend 25 but ADX shows no trend, this is a range - wait for alignment"
2022-06-21,13042.782490861044,13275.48237727278,13019.332326677795,13241.8828125,14516100,13963.5432,14556.7309,Yes,7.53,Strong Bear,Downtrend,Hold,Range,Bullish,21.37,Strong Bear,Bearish confirmed,"Strong Bear - all 4 components agree, trending ADX",37.6584,Neutral,-268.4428,-203.1501,bearish fading,Oversold,-4.9779,-1.3276,thin,31.37,Negative fading,30.91,Bearish,Bearish confirmed,None,Bearish - all 4 components agree incl. MACD acceleration,Lower Half,Trending,Bearish,Yes,Yes,Inside,86.09,Very High,Expanding,37.2,No,Squeeze releasing - expanding 6 bars after compression,Vol expanding,Normal,Falling,Confirmed Up,0.0061,Neutral,29.1372,Neutral,4 - Declining,mid,84.0,19.0,1 - Basing,14.0,,,,,,"4 - Declining, trend 21 but ADX shows no trend, this is a range - wait for alignment","4 - Declining, trend 23 but ADX shows no trend, this is a range - wait for alignment"
2022-06-22,13176.081858335476,13184.882627728932,13028.332057386498,13047.732421875,12845000,13927.6291,14541.716,Yes,6.06,Strong Bear,Downtrend,Hold,Range,Bullish,17.63,Strong Bear,Bearish confirmed,"Strong Bear - all 4 components agree, trending ADX",34.0564,Neutral,-277.579,-218.0359,bearish fading,Oversold,-6.0427,-1.6021,thin,27.23,Negative accelerating,29.38,Strong Bearish,Bearish confirmed,None,Strong Bearish - all 4 components agree incl. MACD acceleration,Lower Half,Trending,Bearish,Yes,Yes,Inside,86.92,Very High,Expanding,39.49,No,Squeeze releasing - expanding 7 bars after compression,Vol expanding,Normal,Falling,Weak Down,0.0154,Neutral,21.7084,Neutral,4 - Declining,mid,84.0,20.0,1 - Basing,14.0,,,,,,"4 - Declining, trend 21 but ADX shows no trend, this is a range - wait for alignment","4 - Declining, trend 22 but ADX shows no trend, this is a range - wait for alignment"
2022-06-23,13081.882941746217,13231.882741673464,13021.23263201782,13178.7822265625,12346900,13898.2625,14528.1545,Yes,7.63,Strong Bear,Downtrend,Hold,Range,Bullish,20.09,Strong Bear,Bearish confirmed,"Strong Bear - all 4 components agree, trending ADX",38.3433,Neutral,-271.1196,-228.6526,bearish fading,Neutral,-5.7115,-1.5014,thin,29.36,Negative fading,33.7,Bearish,Bearish confirmed,None,Bearish - all 4 components agree incl. MACD acceleration,Lower Half,Trending,Bearish,Yes,Yes,Inside,86.04,Very High,Expanding,43.58,No,Squeeze releasing - expanding 8 bars after compression,Vol expanding,Normal,Falling,Weak Up,-0.0104,Neutral,21.4363,Neutral,4 - Declining,mid,84.0,21.0,1 - Basing,14.0,,,,,,"4 - Declining, trend 17 but ADX shows no trend, this is a range - wait for alignment","4 - Declining, trend 23 but ADX shows no trend, this is a range - wait for alignment"
2022-06-24,13269.182687512935,13337.682597131885,13247.932715550854,13322.482421875,11934800,13875.6829,14516.1577,Yes,9.13,Strong Bear,Downtrend,Hold,Range,Bullish,23.09,Strong Bear,Bearish confirmed,"Strong Bear - all 4 components agree, trending ADX",42.7391,Neutral,-251.5059,-233.2233,bearish fading,Neutral,-3.3323,-0.859,thin,31.27,Negative fading,38.59,Bearish,Bearish confirmed,None,Bearish - all 4 components agree incl. MACD acceleration,Lower Half,Trending,Bearish,Yes,Yes,Inside,83.07,Very High,Expanding,42.6,No,Squeeze releasing - expanding 9 bars after compression,Vol expanding,Normal,Falling,Weak Up,-0.0182,Neutral,28.1043,Neutral,4 - Declining,mid,84.0,22.0,1 - Basing,14.0,,,,,,"4 - Declining, trend 17 short but momentum overextended - hold existing, do not add","4 - Declining, trend 29 but ADX shows no trend, this is a range - wait for alignment"
2022-06-27,13506.331950449625,13510.7821399437,13432.632828057933,13444.5322265625,12031200,13858.775,14505.4948,Yes,14.71,Strong Bear,Downtrend,Hold,Range,Bearish,27.69,Bear,Bearish confirmed,"Bear - all 4 components agree, trending ADX",46.2446,Neutral,-223.5367,-231.286,Bullish crossover,Neutral,0.2061,0.0917,thin,33.52,Negative fading,44.52,Neutral,Bearish majority,None,Neutral - price momentum agrees but MACD shows deceleration,Lower Half,Trending,Bearish,No,No,Inside,81.08,Very High,Expanding,31.64,No,Squeeze releasing - expanding 10 bars after compression,Vol contracting,Normal,Falling,Weak Up,-0.0969,Distribution,34.8289,Neutral,4 - Declining,mid,84.0,23.0,1 - Basing,14.0,,,,,,"4 - Declining, trend 16 short but momentum overextended - hold existing, do not add","4 - Declining, trend 22 but ADX shows no trend, this is a range - wait for alignment"
2022-06-28,13389.83212838273,13487.48239152118,13330.73259616467,13464.232421875,12423600,13843.3028,14495.134,Yes,17.42,Strong Bear,Downtrend,Hold,Range,Bearish,29.44,Bear,Bearish confirmed,"Bear - all 4 components agree, trending ADX",46.8106,Neutral,-197.5045,-224.5297,bearish accelerating,Neutral,0.5673,0.1885,thin,33.49,Negative accelerating,47.68,Neutral,Bearish majority,None,Neutral - price momentum agrees but MACD shows deceleration,Lower Half,Trending,Bearish,No,No,Inside,77.58,High,Expanding,21.53,No,Squeeze releasing - expanding 11 bars after compression,Vol contracting,Normal,Falling,Weak Up,-0.0373,Neutral,34.8948,Neutral,4 - Declining,mid,84.0,24.0,1 - Basing,14.0,,,,,,"4 - Declining, short setup confirmed but volatility 86 and still expanding - late, size down and widen stop","4 - Declining, trend 21 but ADX shows no trend, this is a range - wait for alignment"
2022-06-29,13337.632917565412,13462.0321686578,13328.18273463319,13417.83203125,14134000,13826.6177,14484.4146,Yes,20.37,Bear,Downtrend,Hold,Range,Bearish,30.21,Bear,Bearish confirmed,"Range with bearish lean - ADX emerging, direction not confirmed",45.5929,Neutral,-178.5596,-215.3357,bearish accelerating,Neutral,0.2765,0.1098,thin,31.79,Negative accelerating,48.33,Neutral,Mixed,None,"Neutral - components mixed, low conviction",Lower Half,Emerging,Bearish,No,No,Inside,73.62,High,Stable,17.91,No,"High volatility, stable",Vol contracting,Normal,Falling,Confirmed Down,-0.009,Neutral,27.9674,Neutral,4 - Declining,mid,84.0,25.0,1 - Basing,14.0,,,,,,"4 - Declining, trend 18 short confirmed but participation is thin - reduce size, breakouts without volume fail more often","4 - Declining, trend 21 but ADX shows no trend, this is a range - wait for alignment"
2022-06-30,13410.782196034776,13492.132675157303,13352.382858651896,13387.5322265625,12962500,13809.3986,14473.5003,Yes,21.32,Bear,Downtrend,Hold,Range,Bearish,30.61,Bear,Bearish confirmed,"Range with bearish lean - ADX emerging, direction not confirmed",44.7738,Neutral,-164.099,-205.0883,bearish accelerating,Neutral,2.2794,0.6495,thin,29.74,Negative accelerating,48.97,Neutral,Mixed,None,"Neutral - components mixed, low conviction",Lower Half,Emerging,Bearish,No,No,Inside,70.1,High,Stable,3.83,No,"High volatility, stable",Vol contracting,Normal,Falling,Confirmed Down,-0.0775,Distribution,34.7262,Neutral,4 - Declining,mid,84.0,26.0,1 - Basing,14.0,,,,,,"4 - Declining, trend 20 short confirmed but participation is thin - reduce size, breakouts without volume fail more often","4 - Declining, trend 17 but ADX shows no trend, this is a range - wait for alignment"
2022-07-01,13335.232499566016,13422.432580441871,13192.883077002656,13394.4326171875,12922700,13793.1254,14462.7633,Yes,21.1,Bear,Downtrend,Hold,Range,Bearish,30.73,Bear,Bearish confirmed,"Range with bearish lean - ADX emerging, direction not confirmed",45.0161,Neutral,-150.3489,-194.1404,bearish accelerating,Neutral,3.0759,0.8619,thin,29.86,Negative fading,50.36,Neutral,Mixed,None,"Neutral - components mixed, low conviction",Lower Half,Emerging,Bearish,No,No,Inside,67.39,High,Stable,-11.07,No,"High volatility, stable",Vol contracting,Normal,Falling,Confirmed Up,0.0037,Neutral,34.7702,Neutral,4 - Declining,mid,84.0,27.0,1 - Basing,14.0,,,,,,"4 - Declining, trend 23 short confirmed but participation is thin - reduce size, breakouts without volume fail more often","4 - Declining, trend 17 short but momentum overextended - hold existing, do not add"
2022-07-04,13378.38293547048,13483.682602770528,13337.182793912967,13472.6328125,10897700,13780.5571,14452.9113,Yes,21.24,Bear,Downtrend,Hold,Downtrend (LH+LL),Bearish,22.28,Strong Bear,Bearish confirmed,"Range with bearish lean - ADX emerging, direction not confirmed",47.8102,Neutral,-131.6245,-181.6373,bearish accelerating,Overbought,4.0299,1.1149,thin,28.6,Negative accelerating,52.76,Neutral,Mixed,None,"Neutral - components mixed, low conviction",Upper Half,Emerging,Bearish,No,No,Inside,56.1,Normal,Contracting,-27.86,No,"Normal volatility, contracting - move losing energy",Vol contracting,Normal,Falling,Weak Up,0.0122,Neutral,41.1008,Neutral,4 - Declining,mid,84.0,28.0,1 - Basing,14.0,,,,,,"4 - Declining, trend 28 short confirmed but participation is thin - reduce size, breakouts without volume fail more often","4 - Declining, trend 16 short but momentum overextended - hold existing, do not add"
2022-07-05,13533.732327989384,13628.43239964489,13439.382841813593,13461.83203125,11431600,13768.0581,14443.0498,Yes,21.41,Bear,Downtrend,Hold,Downtrend (LH+LL),Bearish,22.92,Strong Bear,Bearish confirmed,"Range with bearish lean - ADX emerging, direction not confirmed",47.4515,Neutral,-116.3159,-168.573,bearish accelerating,Overbought,1.661,0.4719,thin,25.01,Negative accelerating,51.71,Neutral,Mixed,None,"Neutral - components mixed, low conviction",Upper Half,Emerging,Bearish,No,No,Inside,52.13,Normal,Contracting,-33.96,No,"Normal volatility, contracting - move losing energy",Vol contracting,Normal,Falling,Weak Down,-0.0211,Neutral,47.0164,Neutral,4 - Declining,mid,84.0,29.0,1 - Basing,14.0,,,,,,"4 - Declining, trend 29 short confirmed but participation is thin - reduce size, breakouts without volume fail more often","4 - Declining, short setup confirmed but volatility 86 and still expanding - late, size down and widen stop"
2022-07-06,13472.782430954809,13647.18259668329,13443.332273619551,13631.2822265625,11623700,13762.6943,14434.9725,Yes,26.9,Bear,Downtrend,Hold,Downtrend (LH+LL),Bearish,28.18,Bear,Bearish confirmed,"Range with bearish lean - ADX emerging, direction not confirmed",53.3626,Neutral,-89.4791,-152.7542,bearish accelerating,Overbought,4.4724,1.2279,thin,27.14,Negative fading,55.66,Neutral,Bullish majority,None,"Neutral - majority agree, 1 dissenting",Upper Half,Emerging,Bearish,No,No,Inside,49.83,Normal,Contracting,-37.09,No,"Normal volatility, contracting - move losing energy",Vol contracting,Normal,Falling,Weak Up,0.0382,Neutral,54.034,Neutral,4 - Declining,mid,84.0,30.0,1 - Basing,14.0,,,,,,"4 - Declining, trend 30 but ADX shows no trend, this is a range - wait for alignment","4 - Declining, trend 18 short confirmed but participation is thin - reduce size, breakouts without volume fail more often"
2022-07-07,13736.932653771666,13777.732406359431,13687.532326229008,13765.58203125,12224500,13762.8076,14428.3119,Yes,38.68,Bear,Uptrend,Buy,Downtrend (LH+LL),Bearish,48.52,Neutral,Mixed,"No clear trend - ADX no trend, price ranging",57.4481,Neutral,-56.7201,-133.5474,bearish accelerating,Overbought,4.4526,1.2159,thin,29.61,Negative fading,58.81,Bullish,Bullish majority,Bullish divergence,Bullish - bullish divergence vs price over 21 bars,Upper Half,No Trend,Bullish,No,No,Inside,45.14,Normal,Contracting,-40.9,No,"Normal volatility, contracting - move losing energy",Vol contracting,Normal,Falling,Weak Up,0.0346,Neutral,62.159,Neutral,4 - Declining,mid,74.0,31.0,1 - Basing,14.0,,,,,,"4 - Declining, trend 31 but ADX shows no trend, this is a range - wait for alignment","4 - Declining, trend 20 short confirmed but participation is thin - reduce size, breakouts without volume fail more often"
2022-07-08,13873.731384260793,13874.681578298325,13770.881912888965,13828.2314453125,10898100,13765.3732,14422.3409,Yes,40.76,Neutral,Uptrend,Hold,Range,Bearish,57.99,Neutral,Mixed,"No clear trend - ADX no trend, price ranging",59.2419,Neutral,-25.4101,-111.9199,bearish accelerating,Overbought,3.7962,1.0334,thin,31.94,Negative fading,61.24,Bullish,Bullish majority,Bullish divergence,Bullish - bullish divergence vs price over 21 bars,At Upper,No Trend,Bullish,No,No,Near Upper,39.63,Low,Contracting,-43.45,No,"Low volatility, contracting - coiling, watch for breakout",Vol contracting,Normal,Falling,Weak Up,0.0607,Accumulation,69.9974,Neutral,4 - Declining,mid,74.0,32.0,1 - Basing,14.0,,,,,,"4 - Declining, trend 31 but ADX shows no trend, this is a range - wait for alignment","4 - Declining, trend 23 short confirmed but participation is thin - reduce size, breakouts without volume fail more often"
2022-07-11,13771.38199019309,13905.931615104064,13755.731620479104,13886.8310546875,12512900,13770.1363,14417.0125,Yes,42.4,Neutral,Uptrend,Hold,Range,Bearish,58.95,Neutral,Mixed,"No clear trend - ADX no trend, price ranging",60.902,Neutral,4.0847,-88.719,bullish accelerating,Overbought,3.2898,0.8928,thin,31.03,Negative accelerating,61.77,Bullish,Bullish majority,None,"Bullish - majority agree, 1 dissenting",At Upper,No Trend,Bullish,No,No,Breakout Up,41.37,Normal,Contracting,-39.71,No,"Normal volatility, contracting - move losing energy",Vol contracting,Normal,Falling,Weak Up,0.1126,Accumulation,69.7629,Neutral,4 - Declining,mid,74.0,33.0,1 - Basing,14.0,,,,,,"4 - Declining, trend 22 but ADX shows no trend, this is a range - wait for alignment","4 - Declining, trend 28 short confirmed but participation is thin - reduce size, breakouts without volume fail more often"
2022-07-12,13823.580994630034,13866.631717908209,13757.281279221304,13778.9814453125,12288000,13770.4831,14410.6639,Yes,41.8,Neutral,Uptrend,Hold,Range,Bearish,56.83,Neutral,Mixed,"No clear trend - ADX no trend, price ranging",56.3526,Neutral,18.5432,-67.2666,bullish fading,Overbought,2.3377,0.633,thin,29.82,Negative accelerating,59.07,Bullish,Bullish majority,None,"Bullish - majority agree, 1 dissenting",Upper Half,No Trend,Bullish,No,No,Near Upper,41.62,Normal,Contracting,-35.96,No,"Normal volatility, contracting - move losing energy",Vol contracting,Normal,Falling,Weak Down,0.0979,Accumulation,69.718,Neutral,4 - Declining,mid,74.0,34.0,1 - Basing,14.0,,,,,,"4 - Declining, trend 23 but ADX shows no trend, this is a range - wait for alignment","4 - Declining, trend 29 short confirmed but participation is thin - reduce size, breakouts without volume fail more often"
2022-07-13,13842.782078210616,13861.282054520336,13714.182633514589,13726.9326171875,11008700,13768.7753,14403.8606,Yes,41.84,Neutral,Uptrend,Hold,Range,Bearish,55.67,Neutral,Mixed,"No clear trend - ADX no trend, price ranging",54.2465,Neutral,25.5078,-48.7117,bullish fading,Overbought,2.3037,0.6219,thin,31.04,Negative fading,57.24,Neutral,Bullish majority,None,"Neutral - majority agree, 1 dissenting",Upper Half,No Trend,Bullish,No,No,Inside,41.89,Normal,Contracting,-31.73,No,"Normal volatility, contracting - move losing energy",Vol contracting,Normal,Falling,Weak Down,0.0867,Accumulation,62.9721,Neutral,4 - Declining,mid,74.0,35.0,1 - Basing,14.0,,,,,,"4 - Declining, trend 28 but ADX shows no trend, this is a range - wait for alignment","4 - Declining, trend 30 but ADX shows no trend, this is a range - wait for alignment"
2022-07-14,13771.182529249983,13797.581909446611,13617.132922181678,13702.6328125,10796000,13766.1814,14396.8832,Yes,42.25,Neutral,Uptrend,Hold,Range,Bearish,54.73,Neutral,Mixed,"No clear trend - ADX no trend, price ranging",53.246,Neutral,28.7352,-33.2223,bullish fading,Neutral,2.3537,0.6336,thin,31.03,Negative accelerating,54.96,Neutral,Bullish majority,None,"Neutral - majority agree, 1 dissenting",Upper Half,No Trend,Bullish,No,No,Inside,41.5,Normal,Contracting,-28.6,No,"Normal volatility, contracting - move losing energy",Vol contracting,Normal,Falling,Weak Down,0.1346,Accumulation,56.3188,Neutral,4 - Declining,mid,74.0,36.0,1 - Basing,14.0,,,,,,"4 - Declining, but trend score 49 does not confirm short - no directional edge","4 - Declining, trend 31 but ADX shows no trend, this is a range - wait for alignment"
2022-07-15,13761.081093842282,13804.031231365378,13695.181768447314,13790.181640625,10832100,13767.1226,14390.8464,Yes,41.23,Neutral,Uptrend,Hold,Range,Bearish,55.12,Neutral,Mixed,"No clear trend - ADX no trend, price ranging",56.3684,Neutral,37.9203,-18.9938,bullish fading,Neutral,2.9546,0.7942,thin,34.78,Negative fading,56.53,Neutral,Bullish majority,None,"Neutral - majority agree, 1 dissenting",Upper Half,No Trend,Bullish,No,No,Near Upper,38.23,Low,Contracting,-29.15,No,"Low volatility, contracting - coiling, watch for breakout",Vol contracting,Normal,Falling,Weak Up,0.1789,Accumulation,56.0709,Neutral,4 - Declining,mid,74.0,37.0,1 - Basing,14.0,,,,,,"4 - Declining, but trend score 58 does not confirm short - no directional edge","4 - Declining, trend 31 but ADX shows no trend, this is a range - wait for alignment"
2022-07-18,13883.78138347819,13993.381823996182,13877.58119639219,13984.3818359375,11714500,13775.6426,14386.802,Yes,43.52,Neutral,Uptrend,Hold,Range,Bearish,56.77,Neutral,Mixed,"No clear trend - ADX no trend, price ranging",62.3714,Neutral,60.1762,-3.1598,bullish accelerating,Overbought,3.7984,1.0193,thin,39.92,Negative fading,61.3,Bullish,Bullish majority,None,"Bullish - majority agree, 1 dissenting",Upper Half,No Trend,Bullish,No,No,Breakout Up,37.49,Low,Stable,-18.62,No,"Low volatility, stable",Vol contracting,Normal,Falling,Weak Up,0.2237,Accumulation,63.3614,Neutral,4 - Declining,mid,74.0,38.0,1 - Basing,14.0,,,,,,"4 - Declining, but trend score 59 does not confirm short - no directional edge","4 - Declining, trend 22 but ADX shows no trend, this is a range - wait for alignment"
2022-07-19,13922.531420472576,14067.731424053558,13922.331225424425,14051.6318359375,12817300,13786.4657,14383.4669,Yes,51.72,Neutral,Uptrend,Hold,Range,Bearish,59.84,Neutral,Bullish confirmed,"No clear trend - ADX no trend, price ranging",64.2079,Neutral,82.2921,13.9306,bullish accelerating,Overbought,4.3813,1.1719,thin,39.24,Negative accelerating,63.06,Bullish,Bullish majority,None,"Bullish - majority agree, 1 dissenting",Upper Half,No Trend,Bullish,No,No,Breakout Up,35.24,Low,Stable,-16.88,No,"Low volatility, stable",Vol contracting,Normal,Falling,Confirmed Up,0.2222,Accumulation,71.5916,Neutral,4 - Declining,mid,64.0,39.0,1 - Basing,14.0,,,,,,"4 - Declining, but trend score 57 does not confirm short - no directional edge","4 - Declining, trend 23 but ADX shows no trend, this is a range - wait for alignment"
2022-07-20,14220.181567529924,14230.88174882568,14139.981477275844,14164.3818359375,13558800,13801.2859,14381.287,Yes,53.08,Neutral,Uptrend,Hold,Range,Bearish,59.7,Neutral,Bullish confirmed,"No clear trend - ADX no trend, price ranging",67.1065,Neutral,107.6758,32.6796,bullish accelerating,Overbought,3.9109,1.0394,thin,38.18,Negative accelerating,64.44,Bullish,Bullish majority,None,"Bullish - majority agree, 1 dissenting",At Upper,No Trend,Bullish,No,No,Breakout Up,36.02,Low,Stable,-13.81,No,"Low volatility, stable",Vol contracting,Normal,Falling,Confirmed Up,0.2356,Accumulation,71.8213,Neutral,4 - Declining,mid,64.0,40.0,1 - Basing,14.0,,,,,,"4 - Declining, but trend score 56 does not confirm short - no directional edge","4 - Declining, trend 28 but ADX shows no trend, this is a range - wait for alignment"
2022-07-21,14172.78137870935,14288.581032846168,14141.632005144029,14271.78125,13814800,13819.7367,14380.1974,Yes,54.45,Neutral,Uptrend,Hold,Range,Bearish,61.96,Bull,Bullish confirmed,"Range with bullish lean - ADX no trend, direction not confirmed",69.6295,Neutral,134.9038,53.1245,bullish accelerating,Overbought,3.6773,0.9719,thin,41.63,Negative fading,66.61,Bullish,Bullish majority,None,"Bullish - majority agree, 1 dissenting",Above Upper,No Trend,Bullish,Yes,No,Breakout Up,41.18,Normal,Stable,-3.96,No,"Normal volatility, stable",Vol contracting,Normal,Falling,Confirmed Up,0.2528,Accumulation,79.6098,Neutral,4 - Declining,mid,64.0,41.0,1 - Basing,14.0,,,,,,"4 - Declining, but trend score 55 does not confirm short - no directional edge","4 - Declining, but trend score 49 does not confirm short - no directional edge"
2022-07-22,14325.031264947967,14359.731415350843,14265.23153765446,14336.5810546875,12466000,13840.0051,14379.7634,Yes,55.29,Neutral,Uptrend,Hold,Range,Bearish,62.18,Bull,Bullish confirmed,"Range with bullish lean - ADX no trend, direction not confirmed",71.0712,Overbought,159.8681,74.4732,bullish accelerating,Overbought,3.6762,0.9677,thin,45.41,Negative fading,68.34,Bullish,Bullish majority,None,Bullish but overbought on RSI and Stochastic - stretched,At Upper,No Trend,Bullish,Yes,No,Breakout Up,39.06,Low,Stable,-0.56,No,"Low volatility, stable",Vol contracting,Normal,Falling,Confirmed Up,0.246,Accumulation,79.8908,Neutral,4 - Declining,mid,64.0,42.0,1 - Basing,14.0,,,,,,"4 - Declining, but trend score 55 does not confirm short - no directional edge","4 - Declining, but trend score 58 does not confirm short - no directional edge"
2022-07-25,14307.88179903422,14335.080982441736,14228.131902660842,14279.4814453125,13890600,13857.2395,14378.7656,Yes,61.46,Bull,Uptrend,Hold,Range,Bearish,64.07,Bull,Bullish confirmed,"Range with bullish lean - ADX emerging, direction not confirmed",68.0076,Neutral,173.0502,94.1886,bullish fading,Overbought,2.8275,0.7345,thin,41.69,Negative accelerating,65.75,Bullish,Bullish majority,None,"Bullish - majority agree, 1 dissenting",Upper Half,Emerging,Bullish,Yes,No,Near Upper,41.0,Normal,Stable,-0.37,No,"Normal volatility, stable",Low vol - tight stops,Normal,Falling,Confirmed Down,0.276,Accumulation,71.9163,Neutral,4 - Declining,mid,50.0,43.0,1 - Basing,14.0,,,,,,"4 - Declining, but trend score 57 does not confirm short - no directional edge","4 - Declining, but trend score 59 does not confirm short - no directional edge"
2022-07-26,14284.681452669807,14286.481254995824,14122.53127479879,14141.431640625,14923400,13868.3843,14376.404,Yes,60.13,Bull,Uptrend,Hold,Range,Bearish,61.59,Bull,Bullish confirmed,"Range with bullish lean - ADX emerging, direction not confirmed",61.1448,Neutral,170.3934,109.4295,bullish fading,Overbought,2.6305,0.6788,thin,41.67,Negative accelerating,61.25,Bullish,Bullish majority,None,"Bullish - majority agree, 1 dissenting",Upper Half,Emerging,Bullish,Yes,No,Inside,41.43,Normal,Stable,-0.19,No,"Normal volatility, stable",Vol contracting,Normal,Falling,Confirmed Down,0.1916,Accumulation,63.8308,Neutral,4 - Declining,mid,50.0,44.0,1 - Basing,14.0,,,,,,"4 - Declining, but trend score 60 does not confirm short - no directional edge","4 - Declining, but trend score 57 does not confirm short - no directional edge"
2022-07-27,14131.781420097594,14272.181628070444,14099.882047534242,14262.53125,15076700,13883.841,14375.271,Yes,61.59,Bull,Uptrend,Hold,Range,Bearish,63.88,Bull,Bullish confirmed,"Range with bullish lean - ADX emerging, direction not confirmed",64.5265,Neutral,176.0305,122.7497,bullish fading,Overbought,3.9018,1.0209,thin,41.27,Negative accelerating,61.08,Bullish,Bullish majority,None,"Bullish - majority agree, 1 dissenting",Upper Half,Emerging,Bullish,Yes,No,Near Upper,41.17,Normal,Stable,-0.72,No,"Normal volatility, stable",Low vol - tight stops,Normal,Falling,Confirmed Up,0.2254,Accumulation,64.5062,Neutral,4 - Declining,mid,50.0,45.0,1 - Basing,14.0,,,,,,"4 - Declining, but trend score 60 does not confirm short - no directional edge","4 - Declining, but trend score 56 does not confirm short - no directional edge"
2022-07-28,14365.031383429976,14481.431624787025,14330.28142799221,14469.0810546875,17419500,13906.7916,14376.2044,No,63.9,Bull,Uptrend,Hold,Range,Bearish,67.01,Bull,Bullish confirmed,"Range with bullish lean - ADX emerging, direction not confirmed",69.4159,Neutral,194.9179,137.1834,bullish accelerating,Overbought,5.5934,1.472,thin,45.75,Negative fading,64.53,Bullish,Bullish majority,None,"Bullish - majority agree, 1 dissenting",Upper Half,Emerging,Bullish,Yes,No,Breakout Up,42.74,Normal,Stable,1.24,No,"Normal volatility, stable",Vol contracting,Normal,Falling,Confirmed Up,0.3044,Accumulation,65.8922,Neutral,4 - Declining,late,50.0,46.0,1 - Basing,14.0,,,,,,"4 - Declining, but trend score 62 does not confirm short - no directional edge","4 - Declining, but trend score 55 does not confirm short - no directional edge"
2022-07-29,14588.130962587053,14677.730452636122,14553.631008533062,14665.630859375,19163900,13936.55,14379.0843,No,66.01,Bull,Uptrend,Hold,Range,Bearish,68.51,Bull,Bullish confirmed,"Range with bullish lean - ADX emerging, direction not confirmed",73.2011,Overbought,223.1736,154.3814,bullish accelerating,Overbought,6.3484,1.6641,thin,49.04,Negative fading,68.61,Bullish,Bullish majority,None,Bullish but overbought on RSI and Stochastic - stretched,Above Upper,Emerging,Bullish,Yes,No,Breakout Up,47.27,Normal,Stable,9.04,No,"Normal volatility, stable",Vol contracting,Normal,Falling,Confirmed Up,0.3189,Accumulation,67.253,Neutral,4 - Declining,late,50.0,47.0,1 - Basing,14.0,,,,,,"4 - Declining, but trend score 62 does not confirm short - no directional edge","4 - Declining, but trend score 55 does not confirm short - no directional edge"
2022-08-01,14741.380998095005,14858.280258374598,14666.180901709473,14846.830078125,21202300,13972.2473,14383.7385,No,74.56,Bull,Uptrend,Hold,Range,Bearish,73.14,Bull,Bullish confirmed,"Range with bullish lean - ADX emerging, direction not confirmed",76.1337,Overbought,257.2226,174.9496,bullish accelerating,Overbought,6.1672,1.6032,thin,56.3,Positive accelerating,73.06,Strong Bullish,Bullish confirmed,None,Strong Bullish but overbought on RSI and Stochastic - stretched,Above Upper,Emerging,Bullish,Yes,No,Breakout Up,52.33,Normal,Stable,14.84,No,"Normal volatility, stable",Vol contracting,Normal,Rising,Confirmed Up,0.3417,Accumulation,74.9154,Neutral,4 - Declining,late,40.0,48.0,1 - Basing,14.0,,,,,,"4 - Declining, but trend score 64 does not confirm short - no directional edge","4 - Declining, but trend score 57 does not confirm short - no directional edge"
2022-08-02,14831.88091805989,14905.980430150696,14765.280419561235,14876.580078125,32645700,14007.7113,14388.6423,No,74.81,Bull,Uptrend,Hold,Range,Bearish,73.51,Bull,Bullish confirmed,"Bull - all 4 components agree, trending ADX",76.5867,Overbought,283.341,196.6279,bullish accelerating,Overbought,5.8708,1.5129,thin,56.68,Positive accelerating,73.53,Strong Bullish,Bullish confirmed,None,Strong Bullish but overbought on RSI and Stochastic - stretched,At Upper,Trending,Bullish,Yes,No,Breakout Up,53.11,Normal,Stable,17.86,No,"Normal volatility, stable",Low vol - tight stops,High,Rising,Confirmed Up,0.412,Accumulation,82.3522,Overbought,4 - Declining,late,40.0,49.0,1 - Basing,14.0,,,,,,"4 - Declining, but trend score 62 does not confirm short - no directional edge","4 - Declining, but trend score 60 does not confirm short - no directional edge"
2022-08-03,14880.630855961064,14906.680626451523,14750.730635863589,14878.0302734375,24019400,14041.8415,14393.5119,No,74.83,Bull,Uptrend,Hold,Range,Bearish,74.48,Bull,Bullish confirmed,"Bull - all 4 components agree, trending ADX",76.61,Overbought,300.691,217.4405,bullish fading,Overbought,5.0383,1.2819,thin,60.35,Positive accelerating,74.33,Strong Bullish,Bullish confirmed,None,Strong Bullish but overbought on RSI and Stochastic - stretched,Upper Half,Trending,Bullish,Yes,No,Near Upper,53.89,Normal,Stable,17.87,No,"Normal volatility, stable",Low vol - tight stops,Normal,Rising,Confirmed Up,0.4129,Accumulation,77.2553,Neutral,4 - Declining,late,40.0,50.0,1 - Basing,14.0,,,,,,"4 - Declining, but trend score 64 does not confirm short - no directional edge","4 - Declining, but trend score 60 does not confirm short - no directional edge"
2022-08-04,14944.93059520945,14974.68055619272,14687.980736883706,14892.4306640625,23193600,14075.1979,14398.4762,No,74.97,Bull,Uptrend,Hold,Range,Bearish,75.73,Strong Bull,Bullish confirmed,"Strong Bull - all 4 components agree, trending ADX",76.8564,Overbought,312.0063,236.3537,bullish fading,Overbought,4.3488,1.0917,thin,62.87,Positive accelerating,74.34,Strong Bullish,Bullish confirmed,None,Strong Bullish but overbought on RSI and Stochastic - stretched,Upper Half,Trending,Bullish,Yes,No,Near Upper,54.19,Normal,Stable,13.02,No,"Normal volatility, stable",Vol contracting,Normal,Rising,Confirmed Up,0.4016,Accumulation,78.5016,Neutral,4 - Declining,late,40.0,51.0,1 - Basing,14.0,,,,,,"4 - Declining, but trend score 67 does not confirm short - no directional edge","4 - Declining, but trend score 62 does not confirm short - no directional edge"
2022-08-05,14933.180621068945,14972.0799841426,14874.230503027591,14900.380859375,21526200,14107.558,14403.4703,No,75.03,Bull,Uptrend,Hold,Range,Bearish,75.6,Strong Bull,Bullish confirmed,"Strong Bull - all 4 components agree, trending ADX",77.0004,Overbought,317.9501,252.673,bullish fading,Overbought,3.9326,0.976,thin,65.08,Positive accelerating,74.07,Strong Bullish,Bullish confirmed,None,Strong Bullish but overbought on RSI and Stochastic - stretched,Upper Half,Trending,Bullish,Yes,No,Near Upper,54.01,Normal,Stable,14.95,No,"Normal volatility, stable",Low vol - tight stops,Normal,Rising,Confirmed Up,0.3541,Accumulation,79.4117,Neutral,4 - Declining,late,40.0,52.0,1 - Basing,14.0,,,,,,"4 - Declining, but trend score 69 does not confirm short - no directional edge","4 - Declining, but trend score 62 does not confirm short - no directional edge"
2022-08-08,14910.580185920187,15009.880837814944,14867.180828392406,14993.330078125,14420200,14142.2942,14409.3396,No,82.26,Strong Bull,Uptrend,Hold,Range,Bearish,79.34,Strong Bull,Bullish confirmed,"Strong Bull - all 4 components agree, trending ADX",78.6717,Overbought,326.3984,267.4181,bullish fading,Overbought,4.9991,1.256,thin,67.74,Positive accelerating,74.87,Strong Bullish,Bullish confirmed,None,Strong Bullish but overbought on RSI and Stochastic - stretched,Upper Half,Trending,Bullish,Yes,No,Breakout Up,53.59,Normal,Stable,12.58,No,"Normal volatility, stable",Low vol - tight stops,Normal,Rising,Weak Up,0.3573,Accumulation,79.6092,Neutral,4 - Declining,late,30.0,53.0,1 - Basing,14.0,,,,,,4 - Declining but stage confidence only 40 - regime not established,"4 - Declining, but trend score 64 does not confirm short - no directional edge"
2022-08-10,15033.280211529936,15033.280211529936,14919.180750862914,14985.7802734375,16945800,14175.3721,14415.0753,No,81.8,Strong Bull,Uptrend,Hold,Range,Bearish,78.27,Strong Bull,Bullish confirmed,"Strong Bull - all 4 components agree, trending ADX",78.1748,Overbought,328.6955,279.6735,bullish fading,Overbought,5.9707,1.5068,thin,72.58,Positive accelerating,75.41,Strong Bullish,Bullish confirmed,None,Strong Bullish but overbought on RSI and Stochastic - stretched,Upper Half,Trending,Bullish,Yes,No,Near Upper,52.51,Normal,Stable,11.08,No,"Normal volatility, stable",Low vol - tight stops,Normal,Rising,Confirmed Down,0.3832,Accumulation,79.9379,Neutral,4 - Declining,late,30.0,54.0,1 - Basing,14.0,,,,,,4 - Declining but stage confidence only 40 - regime not established,"4 - Declining, but trend score 62 does not confirm short - no directional edge"
2022-08-11,15123.63082249954,15130.030228281992,15069.880892045365,15095.130859375,14965900,14211.441,14421.842,No,82.54,Strong Bull,Uptrend,Hold,Range,Bearish,78.18,Strong Bull,Bullish confirmed,"Strong Bull - all 4 components agree, trending ADX",80.1321,Overbought,335.4725,290.8333,bullish fading,Overbought,5.8377,1.462,thin,74.1,Positive accelerating,76.2,Strong Bullish,Bullish confirmed,None,Strong Bullish but overbought on RSI and Stochastic - stretched,Upper Half,Trending,Bullish,Yes,No,Breakout Up,51.88,Normal,Stable,10.72,No,"Normal volatility, stable",Low vol - tight stops,Normal,Rising,Weak Up,0.3987,Accumulation,80.0906,Overbought,4 - Declining,late,30.0,55.0,1 - Basing,14.0,,,,,,4 - Declining but stage confidence only 40 - regime not established,"4 - Declining, but trend score 64 does not confirm short - no directional edge"
2022-08-12,15102.780322134851,15162.280245380083,15060.730571691434,15140.5302734375,17364300,14247.8759,14428.9932,No,82.6,Strong Bull,Uptrend,Hold,Range,Bearish,78.42,Strong Bull,Bullish confirmed,"Strong Bull - all 4 components agree, trending ADX",80.8981,Overbought,340.5807,300.7828,bullish fading,Overbought,4.6406,1.137,thin,73.13,Positive fading,75.68,Strong Bullish,Bullish confirmed,None,Strong Bullish but overbought on RSI and Stochastic - stretched,Upper Half,Trending,Bullish,Yes,No,Breakout Up,50.9,Normal,Stable,8.16,No,"Normal volatility, stable",Low vol - tight stops,Normal,Rising,Confirmed Up,0.4217,Accumulation,80.5159,Overbought,3 - Topping,early,40.0,1.0,4 - Declining,55.0,,,,,,4 - Declining but stage confidence only 40 - regime not established,"4 - Declining, but trend score 67 does not confirm short - no directional edge"
2022-08-16,15222.879960116385,15287.42967817221,15203.47959552846,15280.4794921875,0,14288.3702,14437.4657,No,83.59,Strong Bull,Uptrend,Hold,Range,Bearish,78.75,Strong Bull,Bullish confirmed,"Strong Bull - all 4 components agree, trending ADX",83.0654,Overbought,351.8656,310.9994,bullish accelerating,Overbought,4.1924,1.0135,full,69.45,Positive fading,75.49,Strong Bullish,Bullish confirmed,None,Strong Bullish but overbought on RSI and Stochastic - stretched,Upper Half,Trending,Bullish,Yes,No,Breakout Up,49.79,Normal,Stable,2.51,No,"Normal volatility, stable",Low vol - tight stops,Dry-up,Rising,Weak Up,0.4111,Accumulation,84.7909,Overbought,3 - Topping,early,40.0,2.0,4 - Declining,55.0,,,,,,4 - Declining but stage confidence only 40 - regime not established,"4 - Declining, but trend score 69 does not confirm short - no directional edge"
2022-08-17,15325.329173171183,15398.429661629769,15306.52939355304,15379.029296875,18814700,14331.1411,14446.8344,No,84.1,Strong Bull,Uptrend,Hold,Range,Bearish,78.61,Strong Bull,Bullish confirmed,"Strong Bull - all 4 components agree, strong ADX",84.4071,Overbought,364.5588,321.7112,bullish accelerating,Overbought,3.5846,0.8492,full,70.99,Positive accelerating,76.6,Strong Bullish,Bullish confirmed,None,Strong Bullish but overbought on RSI and Stochastic - stretched,Upper Half,Strong,Bullish,Yes,No,Breakout Up,47.58,Normal,Stable,-4.75,No,"Normal volatility, stable",Low vol - tight stops,Normal,Rising,Confirmed Up,0.4054,Accumulation,90.6498,Overbought,3 - Topping,early,40.0,3.0,4 - Declining,55.0,,,,,,4 - Declining but stage confidence only 30 - regime not established,4 - Declining but stage confidence only 40 - regime not established
2022-08-18,15355.579166795147,15415.229478008863,15325.179793202731,15404.5791015625,17490400,14373.2367,14456.3642,No,83.9,Strong Bull,Uptrend,Hold,Range,Bearish,78.38,Strong Bull,Bullish confirmed,"Strong Bull - all 4 components agree, strong ADX",84.7445,Overbought,372.3872,331.8464,bullish fading,Overbought,3.5492,0.8379,full,77.36,Positive accelerating,78.43,Strong Bullish,Bullish confirmed,None,Strong Bullish but overbought on RSI and Stochastic - stretched,Upper Half,Strong,Bullish,Yes,No,Breakout Up,46.72,Normal,Stable,-6.39,No,"Normal volatility, stable",Low vol - tight stops,Normal,Rising,Confirmed Up,0.4097,Accumulation,90.7822,Overbought,3 - Topping,early,40.0,4.0,4 - Declining,55.0,,,,,,4 - Declining but stage confidence only 30 - regime not established,4 - Declining but stage confidence only 40 - regime not established
2022-08-19,15426.18042108622,15445.480201034075,15205.530313304092,15236.630859375,19251200,14407.0953,14464.1281,No,81.92,Strong Bull,Uptrend,Hold,Range,Bearish,75.34,Strong Bull,Bullish confirmed,"Strong Bull - all 4 components agree, strong ADX",73.4864,Neutral,360.8792,337.653,bullish fading,Overbought,2.4103,0.5356,full,69.31,Positive fading,70.06,Strong Bullish,Bullish confirmed,None,Strong Bullish but overbought on RSI and Stochastic - stretched,Upper Half,Strong,Bullish,Yes,No,Inside,44.86,Normal,Stable,-9.04,No,"Normal volatility, stable",Low vol - tight stops,Normal,Rising,Confirmed Down,0.3801,Accumulation,83.3556,Overbought,3 - Topping,early,40.0,5.0,4 - Declining,55.0,,,,,,4 - Declining but stage confidence only 30 - regime not established,4 - Declining but stage confidence only 40 - regime not established
2022-08-22,15183.079842020245,15186.130619298334,14980.380887170728,15001.73046875,16482400,14430.4143,14469.4774,No,79.5,Bull,Uptrend,Hold,Range,Bearish,71.22,Bull,Bullish confirmed,"Bull - all 4 components agree, strong ADX",61.2336,Neutral,329.0119,335.9248,Bearish crossover,Neutral,0.7339,0.091,full,66.85,Positive fading,60.36,Bullish,Bullish majority,Bearish divergence,Bullish - bearish divergence vs price over 21 bars,Upper Half,Strong,Bullish,Yes,No,Inside,45.71,Normal,Stable,-8.49,No,"Normal volatility, stable",Low vol - tight stops,Normal,Rising,Weak Down,0.3097,Accumulation,76.82,Neutral,3 - Topping,early,40.0,6.0,4 - Declining,55.0,,,,,,3 - Topping but stage confidence only 40 - regime not established,4 - Declining but stage confidence only 40 - regime not established
2022-08-23,14886.98073213487,15128.230419891135,14879.881131948714,15090.48046875,18442000,14456.2993,14475.6565,No,79.7,Bull,Uptrend,Hold,Range,Bearish,72.53,Bull,Bullish confirmed,"Bull - all 4 components agree, strong ADX",63.6965,Neutral,307.375,330.2148,bullish accelerating,Neutral,1.2758,0.2352,full,69.54,Positive accelerating,58.47,Bullish,Bullish majority,Bearish divergence,Bullish - bearish divergence vs price over 21 bars,Upper Half,Strong,Bullish,Yes,No,Inside,45.38,Normal,Stable,-8.63,No,"Normal volatility, stable",Low vol - tight stops,Normal,Rising,Confirmed Up,0.3227,Accumulation,69.3863,Neutral,3 - Topping,early,40.0,7.0,4 - Declining,55.0,,,,,,3 - Topping but stage confidence only 40 - regime not established,4 - Declining but stage confidence only 40 - regime not established
2022-08-24,15062.43076461894,15152.430648518146,15037.13099256841,15140.380859375,17547700,14483.126,14482.2707,No,84.22,Strong Bull,Uptrend,Hold,Range,Bearish,74.81,Bull,Bullish confirmed,"Bull - all 4 components agree, trending ADX",65.0413,Neutral,290.9009,322.352,bullish accelerating,Neutral,0.9808,0.1566,full,72.85,Positive accelerating,58.36,Bullish,Bullish majority,Bearish divergence,Bullish - bearish divergence vs price over 21 bars,Upper Half,Trending,Bullish,No,No,Inside,40.31,Normal,Stable,-13.28,No,"Normal volatility, stable",Low vol - tight stops,Normal,Rising,Weak Up,0.3594,Accumulation,67.5307,Neutral,3 - Topping,early,20.0,8.0,4 - Declining,55.0,,,,,,3 - Topping but stage confidence only 40 - regime not established,4 - Declining but stage confidence only 30 - regime not established
2022-08-25,15208.829938179637,15252.780076646754,15075.080111172496,15100.630859375,21575500,14507.3419,14488.4235,No,81.25,Strong Bull,Uptrend,Hold,Range,Bearish,73.21,Bull,Bullish confirmed,"Bull - all 4 components agree, trending ADX",63.038,Neutral,271.5077,312.1832,bullish accelerating,Neutral,0.7664,0.0985,full,70.09,Positive fading,56.53,Neutral,Bullish majority,Bearish divergence,Neutral - bearish divergence vs price over 21 bars,Upper Half,Trending,Bullish,No,No,Inside,35.39,Low,Stable,-17.12,No,"Low volatility, stable",Low vol - tight stops,Normal,Rising,Confirmed Down,0.3423,Accumulation,77.184,Neutral,3 - Topping,early,20.0,9.0,4 - Declining,55.0,,,,,,3 - Topping but stage confidence only 40 - regime not established,4 - Declining but stage confidence only 30 - regime not established
2022-08-26,15187.080027129485,15242.63073675231,15116.180704484685,15147.5302734375,17144700,14532.4473,14494.9818,No,81.15,Strong Bull,Uptrend,Hold,Uptrend (HH+HL),Bullish,83.83,Strong Bull,Bullish confirmed,"Strong Bull - all 4 components agree, trending ADX",64.4301,Neutral,256.9608,301.1387,bullish accelerating,Neutral,0.3471,-0.0137,full,68.37,Positive fading,55.93,Neutral,Bullish majority,Bearish divergence,Neutral - bearish divergence vs price over 21 bars,Upper Half,Trending,Bullish,No,Yes,Inside,27.69,Low,Contracting,-24.19,Partial,"Low volatility, contracting - coiling, watch for breakout",Coiled - low vol squeeze,Normal,Rising,Weak Up,0.2808,Accumulation,76.6352,Neutral,3 - Topping,mid,20.0,10.0,4 - Declining,55.0,,,,,,3 - Topping but stage confidence only 40 - regime not established,4 - Declining but stage confidence only 30 - regime not established
2022-08-29,14797.780501651823,15016.23041200629,14793.930897298458,14972.73046875,15438100,14549.7133,14499.7355,No,79.43,Bull,Uptrend,Hold,Uptrend (HH+HL),Bullish,60.79,Bull,Bullish majority,"Bull - majority agree, 1 dissenting, trending ADX",55.9695,Neutral,228.6912,286.6492,bullish accelerating,Neutral,-1.1083,-0.3989,full,61.56,Positive fading,48.89,Neutral,Mixed,Bearish divergence,Neutral - bearish divergence vs price over 21 bars,Lower Half,Trending,Bearish,No,Yes,Inside,25.14,Low,Contracting,-25.75,Confirmed,"Low volatility, squeeze confirmed - expansion pending",Normal vol,Normal,Rising,Weak Down,0.2682,Accumulation,69.2741,Neutral,3 - Topping,mid,20.0,11.0,4 - Declining,55.0,,,,,,3 - Topping but stage confidence only 40 - regime not established,3 - Topping but stage confidence only 40 - regime not established
2022-08-30,15071.430026864198,15338.779278474902,15065.329449090434,15325.029296875,18493600,14580.1179,14507.9474,No,84.69,Strong Bull,Uptrend,Hold,Uptrend (HH+HL),Bullish,87.55,Strong Bull,Bullish confirmed,"Strong Bull - all 4 components agree, trending ADX",65.7354,Neutral,232.04,275.7274,bullish fading,Neutral,0.2915,-0.0251,full,67.07,Positive accelerating,55.81,Neutral,Bullish majority,Bearish divergence,Neutral - bearish divergence vs price over 21 bars,Upper Half,Trending,Bullish,No,Yes,Near Upper,23.25,Low,Contracting,-26.53,Confirmed,"Low volatility, squeeze confirmed - expansion pending",Normal vol,Normal,Rising,Confirmed Up,0.272,Accumulation,69.858,Neutral,3 - Topping,mid,20.0,12.0,4 - Declining,55.0,,,,,,3 - Topping but stage confidence only 40 - regime not established,3 - Topping but stage confidence only 40 - regime not established
2022-09-01,15142.68075201681,15309.829951458703,15141.430753621817,15211.1806640625,18877200,14604.8654,14514.9447,No,83.71,Strong Bull,Uptrend,Hold,Uptrend (HH+HL),Bullish,85.54,Strong Bull,Bullish confirmed,"Strong Bull - all 4 components agree, trending ADX",61.0249,Neutral,222.9375,265.1694,bullish fading,Neutral,-1.0914,-0.3903,full,66.02,Positive fading,54.85,Neutral,Bullish majority,Bearish divergence,Neutral - bearish divergence vs price over 21 bars,Upper Half,Trending,Bullish,No,Yes,Inside,21.78,Low,Contracting,-25.79,Confirmed,"Low volatility, squeeze confirmed - expansion pending",Normal vol,Normal,Rising,Confirmed Down,0.2136,Accumulation,61.9777,Neutral,3 - Topping,mid,20.0,13.0,4 - Declining,55.0,,,,,,3 - Topping but stage confidence only 20 - regime not established,3 - Topping but stage confidence only 40 - regime not established
2022-09-02,15272.430573032574,15304.98033589958,15184.280295664556,15201.580078125,17211000,14628.266,14521.7769,No,84.0,Strong Bull,Uptrend,Hold,Uptrend (HH+HL),Bullish,84.81,Strong Bull,Bullish confirmed,"Strong Bull - all 4 components agree, trending ADX",60.6303,Neutral,212.4995,254.6354,bullish fading,Neutral,-1.3178,-0.4474,full,64.59,Positive fading,55.72,Neutral,Bullish majority,Bearish divergence,Neutral - bearish divergence vs price over 21 bars,Upper Half,Trending,Bullish,No,Yes,Inside,19.25,Very Low,Contracting,-27.47,Confirmed,"Very Low volatility, squeeze confirmed - expansion pending",Normal vol,Normal,Rising,Weak Down,0.1335,Accumulation,62.3646,Neutral,3 - Topping,mid,20.0,14.0,4 - Declining,55.0,,,,,,3 - Topping but stage confidence only 20 - regime not established,3 - Topping but stage confidence only 40 - regime not established
2022-09-05,15221.729589602275,15311.92966396798,15217.32920487763,15294.3798828125,20630200,14654.3881,14529.4645,No,85.49,Strong Bull,Uptrend,Hold,Uptrend (HH+HL),Bullish,86.0,Strong Bull,Bullish confirmed,"Strong Bull - all 4 components agree, trending ADX",63.113,Neutral,209.3027,245.5689,bullish fading,Neutral,0.379,0.0062,full,67.28,Positive accelerating,57.65,Neutral,Bullish majority,Bearish divergence,Neutral - bearish divergence vs price over 21 bars,Upper Half,Trending,Bullish,No,Yes,Near Upper,16.55,Very Low,Contracting,-28.31,Confirmed,"Very Low volatility, squeeze confirmed - expansion pending",Normal vol,Normal,Rising,Confirmed Up,0.1284,Accumulation,62.9129,Neutral,3 - Topping,mid,20.0,15.0,4 - Declining,55.0,,,,,,3 - Topping but stage confidence only 20 - regime not established,3 - Topping but stage confidence only 40 - regime not established
2022-09-06,15339.279261720012,15386.729393485426,15247.979579304649,15313.029296875,23402700,14680.2172,14537.2612,No,87.43,Strong Bull,Uptrend,Hold,Uptrend (HH+HL),Bullish,86.57,Strong Bull,Bullish confirmed,"Strong Bull - all 4 components agree, trending ADX",63.6096,Neutral,205.9006,237.6352,bullish fading,Neutral,2.0751,0.4597,full,67.92,Positive accelerating,59.06,Bullish,Bullish majority,Bearish divergence,Bullish - bearish divergence vs price over 21 bars,Upper Half,Trending,Bullish,No,Yes,Near Upper,14.32,Very Low,Contracting,-31.38,Confirmed,"Very Low volatility, squeeze confirmed - expansion pending",Coiled - low vol squeeze,Normal,Rising,Confirmed Up,0.0955,Accumulation,66.2654,Neutral,3 - Topping,mid,20.0,16.0,4 - Declining,55.0,,,,,,3 - Topping but stage confidence only 20 - regime not established,3 - Topping but stage confidence only 40 - regime not established
2022-09-07,15222.229622241022,15333.97947264326,15199.380043454394,15319.3798828125,23294700,14705.2824,14545.0435,No,86.45,Strong Bull,Uptrend,Hold,Uptrend (HH+HL),Bullish,85.77,Strong Bull,Bullish confirmed,"Strong Bull - all 4 components agree, trending ADX",63.7884,Neutral,201.3953,230.3872,bullish fading,Neutral,1.5168,0.3129,full,69.86,Positive accelerating,60.69,Bullish,Bullish majority,Bearish divergence,Bullish - bearish divergence vs price over 21 bars,Upper Half,Trending,Bullish,No,Yes,Near Upper,12.14,Very Low,Contracting,-33.24,Confirmed,"Very Low volatility, squeeze confirmed - expansion pending",Coiled - low vol squeeze,Normal,Rising,Confirmed Up,0.1763,Accumulation,57.9962,Neutral,3 - Topping,mid,20.0,17.0,4 - Declining,55.0,,,,,,3 - Topping but stage confidence only 20 - regime not established,3 - Topping but stage confidence only 40 - regime not established
2022-09-08,15430.179701445742,15448.729481496022,15365.679787112447,15440.6796875,19620900,14734.1215,14553.9553,No,88.37,Strong Bull,Uptrend,Hold,Uptrend (HH+HL),Bullish,87.94,Strong Bull,Bullish confirmed,"Strong Bull - all 4 components agree, trending ADX",67.1122,Neutral,205.2467,225.3591,bullish fading,Overbought,1.9834,0.4404,full,72.38,Positive accelerating,64.22,Bullish,Bullish majority,Bearish divergence,Bullish - bearish divergence vs price over 21 bars,Upper Half,Trending,Bullish,No,Yes,Near Upper,10.87,Very Low,Contracting,-29.44,Confirmed,"Very Low volatility, squeeze confirmed - expansion pending",Coiled - low vol squeeze,Normal,Rising,Confirmed Up,0.1871,Accumulation,58.3422,Neutral,3 - Topping,mid,20.0,18.0,4 - Declining,55.0,,,,,,3 - Topping but stage confidence only 20 - regime not established,3 - Topping but stage confidence only 20 - regime not established
2022-09-09,15547.529190607036,15548.82899357116,15426.379937173304,15467.3798828125,18832800,14762.8767,14563.0441,No,89.38,Strong Bull,Uptrend,Hold,Uptrend (HH+HL),Bullish,87.99,Strong Bull,Bullish confirmed,"Strong Bull - all 4 components agree, trending ADX",67.8125,Neutral,208.0551,221.8983,bullish fading,Overbought,2.4287,0.5651,full,71.32,Positive fading,65.14,Bullish,Bullish majority,Bearish divergence,Bullish - bearish divergence vs price over 21 bars,Upper Half,Trending,Bullish,No,No,Breakout Up,8.73,Very Low,Contracting,-26.66,Confirmed,"Very Low volatility, squeeze confirmed - expansion pending",Coiled - low vol squeeze,Normal,Rising,Confirmed Up,0.1606,Accumulation,65.5602,Neutral,3 - Topping,mid,20.0,19.0,4 - Declining,55.0,,,,,,3 - Topping but stage confidence only 20 - regime not established,3 - Topping but stage confidence only 20 - regime not established
2022-09-12,15524.679756880363,15600.129852861885,15522.379955220584,15577.3798828125,14038300,14794.818,14573.137,No,90.2,Strong Bull,Uptrend,Hold,Uptrend (HH+HL),Bullish,88.8,Strong Bull,Bullish confirmed,"Strong Bull - all 4 components agree, trending ADX",70.591,Neutral,216.6594,220.8505,bullish fading,Overbought,2.8378,0.6813,full,76.06,Positive accelerating,69.06,Bullish,Bullish majority,Bearish divergence,"Bullish but overbought on RSI and Stochastic - stretched, bearish divergence",Above Upper,Trending,Bullish,No,No,Breakout Up,9.6,Very Low,Stable,-18.09,Confirmed,"Very Low volatility, squeeze confirmed - expansion pending",Coiled - low vol squeeze,Normal,Rising,Weak Up,0.1843,Accumulation,71.4601,Neutral,3 - Topping,mid,20.0,20.0,4 - Declining,55.0,,,,,,3 - Topping but stage confidence only 20 - regime not established,3 - Topping but stage confidence only 20 - regime not established
2022-09-13,15667.329104834358,15686.829079313862,15635.129928224873,15669.8291015625,17992800,14829.1322,14584.0493,No,90.77,Strong Bull,Uptrend,Hold,Uptrend (HH+HL),Bullish,89.02,Strong Bull,Bullish confirmed,"Strong Bull - all 4 components agree, trending ADX",72.7223,Neutral,228.3065,222.3417,Bullish crossover,Overbought,4.6558,1.1722,full,83.58,Positive accelerating,72.99,Strong Bullish,Bullish confirmed,Bearish divergence,"Strong Bullish but overbought on RSI and Stochastic - stretched, bearish divergence",Above Upper,Trending,Bullish,No,No,Breakout Up,9.72,Very Low,Stable,-15.42,Partial,"Very Low volatility, stable",Coiled - low vol squeeze,Normal,Rising,Confirmed Up,0.1733,Accumulation,78.3587,Neutral,3 - Topping,mid,20.0,21.0,4 - Declining,55.0,,,,,,3 - Topping but stage confidence only 20 - regime not established,3 - Topping but stage confidence only 20 - regime not established
2022-09-14,15423.88015413826,15688.079026253245,15423.88015413826,15630.6796875,20237900,14860.5654,14594.4635,No,90.09,Strong Bull,Uptrend,Hold,Uptrend (HH+HL),Bullish,87.7,Strong Bull,Bullish confirmed,"Strong Bull - all 4 components agree, trending ADX",70.3957,Neutral,231.7068,224.2147,bullish accelerating,Overbought,1.9945,0.4596,full,83.5,Positive fading,72.6,Strong Bullish,Bullish confirmed,Bearish divergence,"Strong Bullish but overbought on RSI and Stochastic - stretched, bearish divergence",Upper Half,Trending,Bullish,No,No,Near Upper,14.37,Very Low,Stable,-8.89,Partial,"Very Low volatility, stable",Coiled - low vol squeeze,Normal,Rising,Confirmed Down,0.1945,Accumulation,70.9109,Neutral,3 - Topping,mid,20.0,22.0,4 - Declining,55.0,,,,,,3 - Topping but stage confidence only 20 - regime not established,3 - Topping but stage confidence only 20 - regime not established
2022-09-15,15685.97935312397,15724.429497825964,15543.8799307892,15580.3291015625,18056700,14888.7915,14604.2732,No,89.39,Strong Bull,Uptrend,Hold,Uptrend (HH+HL),Bullish,86.35,Strong Bull,Bullish confirmed,"Strong Bull - all 4 components agree, trending ADX",67.4089,Neutral,227.7138,224.9146,bullish fading,Overbought,2.4268,0.581,full,82.88,Positive fading,70.52,Strong Bullish,Bullish confirmed,Bearish divergence,Strong Bullish - bearish divergence vs price over 21 bars,Upper Half,Trending,Bullish,No,No,Near Upper,15.24,Very Low,Stable,-6.55,No,"Very Low volatility, stable",Low vol - tight stops,Normal,Rising,Weak Down,0.137,Accumulation,70.589,Neutral,3 - Topping,mid,20.0,23.0,4 - Declining,55.0,,,,,,3 - Topping but stage confidence only 20 - regime not established,3 - Topping but stage confidence only 20 - regime not established
2022-09-16,15529.329712458146,15541.980086874884,15197.880918376128,15243.9306640625,25828900,14902.7185,14610.6379,No,85.22,Strong Bull,Uptrend,Hold,Uptrend (HH+HL),Bullish,66.67,Bull,Bullish majority,"Bull - majority agree, 1 dissenting, trending ADX",51.643,Neutral,195.1552,218.9627,Bearish crossover,Neutral,0.2786,0.0035,full,82.92,Positive accelerating,61.04,Bullish,Bullish majority,None,Bullish - price momentum agrees but MACD shows deceleration,Lower Half,Trending,Bearish,No,No,Inside,23.41,Low,Stable,4.17,No,"Low volatility, stable",Vol contracting,Normal,Rising,Confirmed Down,0.0497,Neutral,62.0714,Neutral,3 - Topping,mid,20.0,24.0,4 - Declining,55.0,,,,,,3 - Topping but stage confidence only 20 - regime not established,3 - Topping but stage confidence only 20 - regime not established
2022-09-19,15264.229531476933,15348.779222787776,15135.130095217435,15293.529296875,15928100,14918.0444,14617.4328,No,83.02,Strong Bull,Uptrend,Hold,Uptrend (HH+HL),Bullish,67.16,Bull,Bullish majority,"Range with bullish lean - ADX emerging, direction not confirmed",53.3745,Neutral,171.3789,209.4459,bullish accelerating,Neutral,-0.0056,-0.0701,full,85.38,Positive accelerating,58.54,Bullish,Bullish majority,None,Bullish - price momentum agrees but MACD shows deceleration,Lower Half,Emerging,Bearish,No,Yes,Inside,24.09,Low,Stable,7.54,No,"Low volatility, stable",Normal vol,Normal,Rising,Weak Up,0.108,Accumulation,61.8849,Neutral,3 - Topping,mid,20.0,25.0,4 - Declining,55.0,,,,,,3 - Topping but stage confidence only 20 - regime not established,3 - Topping but stage confidence only 20 - regime not established
2022-09-20,15423.479554292302,15557.27918161204,15410.229571856771,15470.3291015625,15145400,14939.7026,14625.9194,No,83.07,Strong Bull,Uptrend,Hold,Uptrend (HH+HL),Bullish,80.31,Strong Bull,Bullish confirmed,"Range with bullish lean - ADX emerging, direction not confirmed",59.009,Neutral,164.9014,200.537,bullish fading,Neutral,1.0272,0.2137,full,88.91,Positive accelerating,60.42,Bullish,Mixed,Bearish divergence,Bullish - bearish divergence vs price over 21 bars,Upper Half,Emerging,Bullish,No,Yes,Inside,24.68,Low,Stable,10.36,Confirmed,"Low volatility, squeeze confirmed - expansion pending",Normal vol,Normal,Rising,Weak Up,0.1356,Accumulation,61.4484,Neutral,3 - Topping,mid,20.0,26.0,4 - Declining,55.0,,,,,,3 - Topping but stage confidence only 20 - regime not established,3 - Topping but stage confidence only 20 - regime not established
2022-09-21,15449.229374704384,15516.479284923254,15320.029351878718,15361.2294921875,16338000,14956.2331,14633.2359,No,80.17,Strong Bull,Uptrend,Hold,Uptrend (HH+HL),Bullish,68.87,Bull,Bullish majority,"Range with bullish lean - ADX emerging, direction not confirmed",54.6224,Neutral,149.2441,190.2784,bullish accelerating,Neutral,0.2732,0.012,full,82.01,Positive fading,56.15,Neutral,Mixed,Bearish divergence,Neutral - bearish divergence vs price over 21 bars,Upper Half,Emerging,Bearish,No,Yes,Inside,23.57,Low,Stable,11.43,Confirmed,"Low volatility, squeeze confirmed - expansion pending",Normal vol,Normal,Rising,Weak Down,0.077,Accumulation,61.9829,Neutral,3 - Topping,mid,20.0,27.0,4 - Declining,55.0,,,,,,3 - Topping but stage confidence only 20 - regime not established,3 - Topping but stage confidence only 20 - regime not established
2022-09-22,15284.579169363593,15386.729423383436,15224.929835069928,15335.279296875,18682200,14971.0976,14640.2214,No,78.67,Bull,Uptrend,Hold,Uptrend (HH+HL),Bullish,68.52,Bull,Bullish majority,"Range with bullish lean - ADX emerging, direction not confirmed",53.6017,Neutral,133.2061,178.8639,bullish accelerating,Neutral,-0.6826,-0.2458,full,85.06,Positive accelerating,56.32,Neutral,Mixed,Bearish divergence,Neutral - bearish divergence vs price over 21 bars,Lower Half,Emerging,Bearish,No,Yes,Inside,22.82,Low,Stable,11.94,Confirmed,"Low volatility, squeeze confirmed - expansion pending",Normal vol,Normal,Rising,Weak Down,0.058,Accumulation,55.2797,Neutral,3 - Topping,mid,20.0,28.0,4 - Declining,55.0,,,,,,3 - Topping but stage confidence only 20 - regime not established,3 - Topping but stage confidence only 20 - regime not established
2022-09-23,15324.279927567046,15360.180271625715,15032.730501048249,15057.630859375,17232300,14974.4911,14644.3747,No,74.46,Bull,Downtrend,Sell,Uptrend (HH+HL),Bullish,55.01,Neutral,Mixed,"No clear trend - ADX emerging, price ranging",44.1055,Neutral,96.9741,162.486,bullish accelerating,Neutral,-2.6491,-0.7788,full,78.51,Positive fading,47.69,Neutral,Bearish majority,None,"Neutral - majority agree, 1 dissenting",Lower Half,Emerging,Bearish,No,Yes,Inside,27.3,Low,Stable,18.57,Confirmed,"Low volatility, squeeze confirmed - expansion pending",Normal vol,Normal,Rising,Weak Down,0.0607,Accumulation,48.2858,Neutral,3 - Topping,mid,20.0,29.0,4 - Declining,55.0,,,,,,3 - Topping but stage confidence only 20 - regime not established,3 - Topping but stage confidence only 20 - regime not established
2022-09-26,14916.88060577899,14932.48019446364,14671.030345922369,14725.6806640625,19942400,14964.7338,14645.1837,No,61.12,Bull,Downtrend,Hold,Uptrend (HH+HL),Bullish,49.64,Neutral,Mixed,"No clear trend - ADX emerging, price ranging",35.9135,Oversold,41.0017,138.1891,bullish accelerating,Oversold,-5.4675,-1.5338,full,71.07,Positive fading,39.52,Bearish,Bearish majority,None,"Bearish - majority agree, 1 dissenting",Below Lower,Emerging,Bearish,No,Yes,Breakout Down,36.27,Low,Expanding,26.66,No,Squeeze releasing - expanding 1 bars after compression,Normal vol,Normal,Rising,Confirmed Down,0.0523,Accumulation,40.1244,Neutral,3 - Topping,mid,40.0,30.0,4 - Declining,55.0,,,,,,3 - Topping but stage confidence only 20 - regime not established,3 - Topping but stage confidence only 20 - regime not established
2022-09-27,14805.829973952756,14874.430468912602,14652.280372902016,14727.2802734375,16767400,14955.4219,14646.0006,No,59.21,Neutral,Downtrend,Hold,Uptrend (HH+HL),Bullish,48.92,Neutral,Mixed,"No clear trend - ADX emerging, price ranging",35.9752,Neutral,-3.191,109.9131,bearish accelerating,Oversold,-6.0151,-1.6655,full,69.08,Positive fading,37.06,Bearish,Bearish majority,None,"Bearish - majority agree, 1 dissenting",Below Lower,Emerging,Bearish,No,Yes,Near Lower,43.61,Normal,Expanding,33.89,No,Squeeze releasing - expanding 2 bars after compression,Normal vol,Normal,Rising,Weak Up,0.0127,Neutral,41.2411,Neutral,3 - Topping,late,40.0,31.0,4 - Declining,55.0,,,,,,3 - Topping but stage confidence only 20 - regime not established,3 - Topping but stage confidence only 20 - regime not established
2022-09-28,14617.380863648748,14768.230271507971,14577.030331614464,14620.580078125,15591200,14942.2909,14645.7477,Yes,56.28,Neutral,Downtrend,Hold,Uptrend (HH+HL),Bullish,47.09,Neutral,Mixed,"No clear trend - ADX emerging, price ranging",33.6477,Oversold,-46.2902,78.6725,bearish accelerating,Oversold,-6.4623,-1.7671,full,67.18,Positive fading,35.32,Bearish,Bearish majority,None,"Bearish - majority agree, 1 dissenting",Below Lower,Emerging,Bearish,Yes,Yes,Breakout Down,46.83,Normal,Expanding,32.46,No,Squeeze releasing - expanding 3 bars after compression,Normal vol,Normal,Rising,Weak Down,-0.0544,Distribution,34.143,Neutral,3 - Topping,late,40.0,32.0,4 - Declining,55.0,,,,,,3 - Topping but stage confidence only 20 - regime not established,3 - Topping but stage confidence only 20 - regime not established
2022-09-29,14748.180469184435,14783.73022632308,14569.08012279895,14602.48046875,18135900,14928.965,14645.3172,Yes,54.81,Neutral,Downtrend,Hold,Uptrend (HH+HL),Bullish,45.77,Neutral,Mixed,"Neutral - components mixed, low conviction",33.2547,Oversold,-80.9737,46.7432,bearish accelerating,Oversold,-6.2762,-1.6992,full,67.66,Positive accelerating,35.21,Bearish,Bearish majority,None,"Bearish - majority agree, 1 dissenting",At Lower,Trending,Bearish,Yes,Yes,Near Lower,50.67,Normal,Expanding,35.44,No,Squeeze releasing - expanding 4 bars after compression,Normal vol,Normal,Rising,Weak Down,-0.0793,Distribution,26.7147,Neutral,3 - Topping,late,40.0,33.0,4 - Declining,55.0,,,,,,3 - Topping but stage confidence only 20 - regime not established,3 - Topping but stage confidence only 20 - regime not established
2022-09-30,14586.881178696916,14881.2802050156,14516.28068574513,14829.330078125,18679700,14925.0577,14647.1481,No,50.33,Neutral,Downtrend,Hold,Uptrend (HH+HL),Bullish,47.11,Neutral,Mixed,"Neutral - components mixed, low conviction",42.3448,Neutral,-89.1283,19.5689,bearish fading,Oversold,-2.7198,-0.7427,full,71.54,Positive accelerating,40.8,Bearish,Bearish majority,None,"Bearish - majority agree, 1 dissenting",Lower Half,Trending,Bearish,Yes,Yes,Inside,56.23,Normal,Expanding,32.82,No,Squeeze releasing - expanding 5 bars after compression,Normal vol,Normal,Rising,Weak Up,-0.0105,Neutral,27.7932,Neutral,3 - Topping,late,60.0,34.0,4 - Declining,55.0,,,,,,3 - Topping but stage confidence only 20 - regime not established,3 - Topping but stage confidence only 20 - regime not established
2022-10-03,14837.07981314576,14858.630565641875,14585.780343752129,14638.48046875,16507500,14913.8194,14647.0619,Yes,48.25,Neutral,Downtrend,Hold,Uptrend (HH+HL),Bullish,43.64,Neutral,Bearish majority,"Neutral - majority agree, 1 dissenting, trending ADX",37.6937,Neutral,-109.726,-6.2901,bearish fading,Oversold,-4.2832,-1.1518,full,68.58,Positive fading,39.11,Bearish,Bearish majority,None,"Bearish - majority agree, 1 dissenting",Lower Half,Trending,Bearish,Yes,Yes,Near Lower,62.54,High,Expanding,38.45,No,Squeeze releasing - expanding 6 bars after compression,Normal vol,Normal,Rising,Weak Down,-0.0731,Distribution,20.7078,Neutral,3 - Topping,late,60.0,35.0,4 - Declining,55.0,,,,,,3 - Topping but stage confidence only 40 - regime not established,3 - Topping but stage confidence only 20 - regime not established
2022-10-04,14869.530399049418,14975.580065335676,14852.53042123542,14965.7802734375,15374400,14915.8571,14650.2332,No,51.32,Neutral,Downtrend,Hold,Uptrend (HH+HL),Bullish,49.44,Neutral,Mixed,"Neutral - components mixed, low conviction",48.2015,Neutral,-98.504,-24.7329,bearish fading,Neutral,-3.2614,-0.8742,full,72.17,Positive accelerating,46.69,Neutral,Bearish majority,None,"Neutral - majority agree, 1 dissenting",Lower Half,Trending,Bearish,Yes,Yes,Inside,65.04,High,Expanding,40.36,No,Squeeze releasing - expanding 7 bars after compression,Normal vol,Normal,Rising,Weak Up,-0.035,Neutral,27.3243,Neutral,3 - Topping,late,60.0,36.0,4 - Declining,55.0,,,,,,3 - Topping but stage confidence only 40 - regime not established,3 - Topping but stage confidence only 20 - regime not established
2022-10-06,15063.530259813808,15119.88077263673,15042.18067813981,15053.0302734375,16492500,14921.2364,14654.2412,No,53.58,Neutral,Downtrend,Hold,Uptrend (HH+HL),Bullish,52.15,Neutral,Mixed,"No clear trend - ADX emerging, price ranging",50.5935,Neutral,-81.6292,-36.1121,bearish fading,Neutral,-2.0063,-0.5381,full,73.64,Positive accelerating,51.24,Neutral,Mixed,None,"Neutral - components mixed, low conviction",Lower Half,Emerging,Bearish,No,Yes,Inside,61.43,High,Expanding,37.86,No,Squeeze releasing - expanding 8 bars after compression,Normal vol,Normal,Falling,Weak Up,-0.1204,Distribution,26.6689,Neutral,3 - Topping,late,60.0,37.0,4 - Declining,55.0,,,,,,3 - Topping but stage confidence only 40 - regime not established,3 - Topping but stage confidence only 20 - regime not established
2022-10-07,15030.180672505385,15055.63083476049,14943.13098088734,15036.6806640625,15358600,14925.7636,14658.0465,No,63.47,Bull,Downtrend,Hold,Uptrend (HH+HL),Bullish,55.81,Neutral,Mixed,"No clear trend - ADX emerging, price ranging",50.1264,Neutral,-68.7821,-42.6461,bearish fading,Neutral,-1.9471,-0.5201,full,70.62,Positive fading,53.62,Neutral,Mixed,None,"Neutral - components mixed, low conviction",Lower Half,Emerging,Bearish,No,Yes,Inside,56.71,Normal,Expanding,33.89,No,Squeeze releasing - expanding 9 bars after compression,Normal vol,Normal,Falling,Weak Down,-0.1379,Distribution,27.9149,Neutral,3 - Topping,late,40.0,38.0,4 - Declining,55.0,,,,,,3 - Topping but stage confidence only 40 - regime not established,3 - Topping but stage confidence only 20 - regime not established
2022-10-10,14856.98059239123,14989.030224582872,14818.480642683546,14951.630859375,14204600,14926.778,14660.9678,No,63.07,Bull,Downtrend,Hold,Range,Bearish,44.62,Neutral,Mixed,"No clear trend - ADX emerging, price ranging",47.6611,Neutral,-64.7176,-47.0604,bearish fading,Neutral,-0.704,-0.1864,full,67.23,Positive fading,52.88,Neutral,Bearish majority,None,"Neutral - majority agree, 1 dissenting",Lower Half,Emerging,Bearish,No,Yes,Inside,56.27,Normal,Expanding,28.97,No,Squeeze releasing - expanding 10 bars after compression,Normal vol,Normal,Falling,Weak Down,-0.0988,Distribution,28.1625,Neutral,3 - Topping,late,40.0,39.0,4 - Declining,55.0,,,,,,3 - Topping - no new positions in a basing/topping stage,3 - Topping but stage confidence only 20 - regime not established
2022-10-11,14980.430321049658,14982.730122686056,14692.530312376331,14721.880859375,14988000,14918.7429,14661.5739,No,54.19,Neutral,Downtrend,Hold,Range,Bearish,38.22,Bear,Mixed,"Range with bearish lean - ADX emerging, direction not confirmed",41.6955,Neutral,-79.1232,-53.473,bearish accelerating,Neutral,-0.0258,-0.0035,full,62.92,Positive fading,47.77,Neutral,Bearish majority,None,"Neutral - majority agree, 1 dissenting",Lower Half,Emerging,Bearish,No,Yes,Inside,58.53,Normal,Expanding,22.26,No,Squeeze releasing - expanding 11 bars after compression,Normal vol,Normal,Falling,Weak Down,-0.1497,Distribution,21.5572,Neutral,3 - Topping,late,60.0,40.0,4 - Declining,55.0,,,,,,3 - Topping - no new positions in a basing/topping stage,3 - Topping but stage confidence only 40 - regime not established
2022-10-12,14761.43075427795,14844.830058502266,14676.530475467942,14829.9306640625,14189900,14915.26,14663.249,No,53.76,Neutral,Downtrend,Hold,Range,Bearish,39.34,Bear,Mixed,"Range with bearish lean - ADX emerging, direction not confirmed",45.1713,Neutral,-80.8886,-58.9561,bearish fading,Neutral,0.697,0.1892,full,63.58,Positive accelerating,48.82,Neutral,Bearish majority,None,"Neutral - majority agree, 1 dissenting",Lower Half,Emerging,Bearish,No,Yes,Inside,52.62,Normal,Stable,9.01,No,"Normal volatility, stable",Normal vol,Normal,Falling,Weak Up,-0.1353,Distribution,21.8182,Neutral,3 - Topping,late,60.0,41.0,4 - Declining,55.0,,,,,,3 - Topping - no new positions in a basing/topping stage,3 - Topping but stage confidence only 40 - regime not established
2022-10-13,14811.180556794776,14832.329942814771,14683.530335424422,14730.2802734375,13160400,14908.0059,14663.916,No,50.1,Neutral,Downtrend,Hold,Downtrend (LH+LL),Bearish,26.52,Bear,Bearish majority,"Range with bearish lean - ADX emerging, direction not confirmed",42.6463,Neutral,-89.2992,-65.0247,bearish accelerating,Neutral,0.7503,0.2032,full,63.81,Positive accelerating,47.24,Neutral,Bearish majority,None,"Neutral - majority agree, 1 dissenting",Lower Half,Emerging,Bearish,Yes,Yes,Inside,47.58,Normal,Stable,0.75,No,"Normal volatility, stable",Normal vol,Normal,Falling,Weak Down,-0.1866,Distribution,22.4155,Neutral,3 - Topping,late,60.0,42.0,4 - Declining,55.0,,,,,,3 - Topping - no new positions in a basing/topping stage,3 - Topping but stage confidence only 40 - regime not established
2022-10-14,14979.130643101273,14989.130629917932,14803.680679090736,14815.080078125,12700800,14904.3618,14665.4201,No,50.38,Neutral,Downtrend,Hold,Downtrend (LH+LL),Bearish,28.2,Bear,Bearish majority,"Range with bearish lean - ADX emerging, direction not confirmed",45.4412,Neutral,-88.1065,-69.6411,bearish fading,Neutral,1.4559,0.3907,full,65.85,Positive accelerating,50.43,Neutral,Bearish majority,None,"Neutral - majority agree, 1 dissenting",Lower Half,Emerging,Bearish,Yes,Yes,Inside,46.82,Normal,Stable,-3.85,No,"Normal volatility, stable",Normal vol,Normal,Falling,Weak Up,-0.1908,Distribution,28.649,Neutral,2 - Advancing,early,64.0,1.0,3 - Topping,42.0,,,,,,3 - Topping but stage confidence only 40 - regime not established,3 - Topping but stage confidence only 40 - regime not established
2022-10-17,14783.18082516184,14920.680644998163,14718.780518919468,14906.130859375,14007300,14904.4312,14667.8153,No,51.84,Neutral,Downtrend,Hold,Downtrend (LH+LL),Bearish,30.12,Bear,Bearish majority,"Range with bearish lean - ADX emerging, direction not confirmed",48.3515,Neutral,-78.9046,-71.4938,bearish fading,Neutral,0.5179,0.1421,full,67.57,Positive accelerating,54.07,Neutral,Bearish majority,None,"Neutral - majority agree, 1 dissenting",Lower Half,Emerging,Bearish,No,No,Inside,40.48,Normal,Stable,-15.75,No,"Normal volatility, stable",Vol contracting,Normal,Falling,Weak Up,-0.1011,Distribution,29.4245,Neutral,2 - Advancing,early,64.0,2.0,3 - Topping,42.0,,,,,,3 - Topping but stage confidence only 40 - regime not established,3 - Topping - no new positions in a basing/topping stage
2022-10-18,15009.080139677058,15071.930644085222,15007.230532701358,15056.5302734375,17377200,14910.3958,14671.6831,No,57.38,Neutral,Downtrend,Hold,Downtrend (LH+LL),Bearish,34.79,Bear,Bearish majority,"Range with bearish lean - ADX emerging, direction not confirmed",52.8277,Neutral,-58.7983,-68.9547,Bullish crossover,Neutral,2.8558,0.7644,full,68.37,Positive accelerating,59.99,Bullish,Bullish confirmed,None,Bullish - all 4 components agree incl. MACD acceleration,Upper Half,Emerging,Bearish,No,No,Inside,36.79,Low,Contracting,-25.75,No,"Low volatility, contracting - coiling, watch for breakout",Vol contracting,Normal,Falling,Confirmed Up,-0.0962,Distribution,37.423,Neutral,2 - Advancing,early,64.0,3.0,3 - Topping,42.0,,,,,,3 - Topping - no new positions in a basing/topping stage,3 - Topping - no new positions in a basing/topping stage
2022-10-19,15120.380792233129,15153.030163976906,15039.78031076653,15068.580078125,18958400,14916.5991,14675.6323,No,66.0,Bull,Downtrend,Hold,Range,Bearish,48.86,Neutral,Mixed,"No clear trend - ADX emerging, price ranging",53.1779,Neutral,-41.4142,-63.4466,bearish accelerating,Overbought,0.6869,0.1902,full,65.51,Positive fading,61.89,Bullish,Bullish confirmed,Bullish divergence,Bullish - bullish divergence vs price over 21 bars,Upper Half,Emerging,Bearish,No,No,Inside,29.21,Low,Contracting,-35.83,No,"Low volatility, contracting - coiling, watch for breakout",Vol contracting,Normal,Falling,Confirmed Up,-0.1153,Distribution,45.501,Neutral,2 - Advancing,early,74.0,4.0,3 - Topping,42.0,,,,,,3 - Topping - no new positions in a basing/topping stage,3 - Topping - no new positions in a basing/topping stage
2022-10-20,14998.430810945803,15128.38083830747,14979.580249371267,15112.080078125,19466800,14924.265,14679.9751,No,68.75,Bull,Downtrend,Hold,Range,Bearish,51.06,Neutral,Mixed,"No clear trend - ADX no trend, price ranging",54.4911,Neutral,-23.8521,-55.5277,bearish accelerating,Overbought,0.3923,0.1166,full,65.09,Positive fading,64.23,Bullish,Bullish confirmed,Bullish divergence,Bullish - bullish divergence vs price over 21 bars,Upper Half,No Trend,Bearish,No,No,Inside,25.04,Low,Contracting,-36.39,Partial,"Low volatility, contracting - coiling, watch for breakout",Vol contracting,Normal,Falling,Confirmed Up,-0.0389,Neutral,45.1192,Neutral,2 - Advancing,early,74.0,5.0,3 - Topping,42.0,,,,,,3 - Topping - no new positions in a basing/topping stage,3 - Topping - no new positions in a basing/topping stage
2022-10-21,15159.579976461118,15181.880728829794,15036.080136403658,15081.080078125,16520100,14930.4147,14683.9662,No,76.14,Bull,Downtrend,Hold,Range,Bearish,54.0,Neutral,Mixed,"No clear trend - ADX no trend, price ranging",53.3429,Neutral,-12.2938,-46.8809,bearish accelerating,Overbought,0.2953,0.097,full,62.94,Positive fading,63.25,Bullish,Bullish confirmed,Bullish divergence,Bullish - bullish divergence vs price over 21 bars,Upper Half,No Trend,Bearish,No,No,Inside,18.69,Very Low,Contracting,-38.01,Confirmed,"Very Low volatility, squeeze confirmed - expansion pending",Vol contracting,Normal,Falling,Confirmed Down,-0.0794,Distribution,44.6848,Neutral,2 - Advancing,early,84.0,6.0,3 - Topping,42.0,,,,,,"2 - Advancing, but trend score 28 does not confirm long - no directional edge",3 - Topping but stage confidence only 40 - regime not established
2022-10-24,15225.430629751245,15248.030210084473,15179.130884561602,15198.73046875,3966500,14940.9368,14689.0882,No,77.91,Bull,Downtrend,Hold,Range,Bearish,58.9,Neutral,Mixed,"No clear trend - ADX no trend, price ranging",57.0424,Neutral,6.2872,-36.2473,bullish accelerating,Overbought,1.6527,0.4652,full,62.99,Positive accelerating,65.27,Bullish,Bullish confirmed,Bullish divergence,Bullish - bullish divergence vs price over 21 bars,Upper Half,No Trend,Bullish,No,No,Inside,18.13,Very Low,Contracting,-38.14,Partial,"Very Low volatility, contracting - coiling, watch for breakout",Vol contracting,Dry-up,Falling,Weak Up,-0.0415,Neutral,49.2668,Neutral,2 - Advancing,early,84.0,7.0,3 - Topping,42.0,,,,,,"2 - Advancing, but trend score 30 does not confirm long - no directional edge",3 - Topping but stage confidence only 40 - regime not established
2022-10-25,15251.730348081232,15253.730345504227,15143.430682938308,15158.080078125,17178200,14949.4523,14693.7548,No,78.49,Bull,Downtrend,Hold,Range,Bearish,57.91,Neutral,Mixed,"No clear trend - ADX no trend, price ranging",55.4076,Neutral,17.5306,-25.4917,bullish accelerating,Overbought,2.9629,0.8164,full,61.46,Positive fading,63.95,Bullish,Bullish confirmed,None,Bullish - all 4 components agree incl. MACD acceleration,Upper Half,No Trend,Bullish,No,No,Near Upper,15.0,Very Low,Contracting,-43.53,No,"Very Low volatility, contracting - coiling, watch for breakout",Vol contracting,Normal,Falling,Confirmed Down,-0.0451,Neutral,41.4278,Neutral,2 - Advancing,early,84.0,8.0,3 - Topping,42.0,,,,,,"2 - Advancing, but trend score 35 does not confirm long - no directional edge",3 - Topping - no new positions in a basing/topping stage
2022-10-27,15246.530270490945,15273.280236218288,15172.13095175052,15244.23046875,17901900,14961.0122,14699.2322,No,80.35,Strong Bull,Downtrend,Hold,Range,Bearish,59.31,Neutral,Mixed,"No clear trend - ADX no trend, price ranging",58.1452,Neutral,33.0121,-13.7909,bullish accelerating,Overbought,2.7937,0.7701,full,63.51,Positive accelerating,66.17,Bullish,Bullish confirmed,None,Bullish - all 4 components agree incl. MACD acceleration,Upper Half,No Trend,Bullish,No,No,Near Upper,13.93,Very Low,Contracting,-38.69,No,"Very Low volatility, contracting - coiling, watch for breakout",Low vol - tight stops,Normal,Falling,Confirmed Up,-0.0029,Neutral,41.8756,Neutral,2 - Advancing,early,84.0,9.0,3 - Topping,42.0,,,,,,"2 - Advancing, but trend score 49 does not confirm long - no directional edge",3 - Topping - no new positions in a basing/topping stage
2022-10-28,15265.43063349932,15290.130797159914,15191.58014219718,15241.580078125,14885300,14972.0149,14704.6287,No,81.46,Strong Bull,Downtrend,Hold,Range,Bearish,59.66,Neutral,Mixed,"No clear trend - ADX no trend, price ranging",58.0272,Neutral,44.5538,-2.122,bullish fading,Overbought,3.4711,0.9478,full,65.56,Positive accelerating,66.74,Bullish,Bullish confirmed,None,Bullish - all 4 components agree incl. MACD acceleration,Upper Half,No Trend,Bullish,No,No,Near Upper,11.87,Very Low,Contracting,-35.72,No,"Very Low volatility, contracting - coiling, watch for breakout",Low vol - tight stops,Normal,Falling,Weak Down,0.0252,Neutral,49.1372,Neutral,2 - Advancing,early,84.0,10.0,3 - Topping,42.0,,,,,,"2 - Advancing, but trend score 51 does not confirm long - no directional edge",3 - Topping - no new positions in a basing/topping stage
2022-10-31,15333.130003606506,15433.029284842343,15327.38001125173,15423.9794921875,14360800,14989.739,14711.7864,No,84.6,Strong Bull,Uptrend,Buy,Range,Bearish,69.91,Bull,Mixed,"Range with bullish lean - ADX no trend, direction not confirmed",63.5159,Neutral,67.6392,11.8302,bullish accelerating,Overbought,4.11,1.1121,full,66.29,Positive accelerating,69.94,Bullish,Bullish confirmed,None,Bullish - all 4 components agree incl. MACD acceleration,Above Upper,No Trend,Bullish,No,No,Breakout Up,12.6,Very Low,Contracting,-34.22,No,"Very Low volatility, contracting - coiling, watch for breakout",Low vol - tight stops,Normal,Falling,Weak Up,0.1051,Accumulation,56.0028,Neutral,2 - Advancing,early,84.0,11.0,3 - Topping,42.0,,,,,,"2 - Advancing, but trend score 54 does not confirm long - no directional edge","2 - Advancing, but trend score 28 does not confirm long - no directional edge"
2022-11-01,15507.929726371309,15545.829090410378,15460.679788736576,15537.3798828125,17563700,15011.2151,14720.0012,No,86.59,Strong Bull,Uptrend,Hold,Range,Bearish,70.19,Bull,Mixed,"Range with bullish lean - ADX no trend, direction not confirmed",66.4531,Neutral,94.0013,28.2645,bullish accelerating,Overbought,4.2348,1.1386,full,64.77,Positive fading,71.25,Strong Bullish,Bullish confirmed,None,Strong Bullish - all 4 components agree incl. MACD acceleration,Above Upper,No Trend,Bullish,No,No,Breakout Up,14.17,Very Low,Contracting,-26.31,No,"Very Low volatility, contracting - coiling, watch for breakout",Low vol - tight stops,Normal,Falling,Confirmed Up,0.1078,Accumulation,63.6185,Neutral,2 - Advancing,early,84.0,12.0,3 - Topping,42.0,,,,,,"2 - Advancing, but trend score 59 does not confirm long - no directional edge","2 - Advancing, but trend score 30 does not confirm long - no directional edge"
2022-11-02,15560.429604264298,15561.079017467431,15470.379918739152,15497.529296875,13563700,15030.2862,14727.7378,No,86.1,Strong Bull,Uptrend,Hold,Range,Bearish,69.35,Bull,Bullish confirmed,"Range with bullish lean - ADX no trend, direction not confirmed",64.4883,Neutral,110.4053,44.6926,bullish fading,Overbought,2.929,0.7855,full,61.34,Positive fading,69.62,Bullish,Bullish confirmed,None,Bullish - all 4 components agree incl. MACD acceleration,Upper Half,No Trend,Bullish,No,No,Near Upper,12.9,Very Low,Contracting,-23.89,No,"Very Low volatility, contracting - coiling, watch for breakout",Low vol - tight stops,Normal,Falling,Weak Down,0.1244,Accumulation,63.6068,Neutral,2 - Advancing,early,84.0,13.0,3 - Topping,42.0,,,,,,"2 - Advancing, but trend score 58 does not confirm long - no directional edge","2 - Advancing, but trend score 35 does not confirm long - no directional edge"
2022-11-03,15407.77939872126,15519.129837186938,15401.279407329806,15484.6796875,15335800,15048.1056,14735.2696,No,86.02,Strong Bull,Uptrend,Hold,Range,Bearish,69.22,Bull,Bullish confirmed,"Range with bullish lean - ADX no trend, direction not confirmed",63.8329,Neutral,120.9741,59.9489,bullish fading,Overbought,2.7614,0.7349,full,58.59,Positive fading,67.88,Bullish,Bullish confirmed,None,Bullish - all 4 components agree incl. MACD acceleration,Upper Half,No Trend,Bullish,Yes,No,Near Upper,12.78,Very Low,Stable,-16.43,No,"Very Low volatility, stable",Low vol - tight stops,Normal,Falling,Confirmed Down,0.1027,Accumulation,62.7626,Neutral,2 - Advancing,early,84.0,14.0,3 - Topping,42.0,,,,,,"2 - Advancing, but trend score 59 does not confirm long - no directional edge","2 - Advancing, but trend score 49 does not confirm long - no directional edge"
2022-11-04,15495.72953853501,15542.129867890308,15454.279397955692,15530.8291015625,17997500,15067.0359,14743.1856,No,86.39,Strong Bull,Uptrend,Hold,Range,Bearish,69.92,Bull,Bullish confirmed,"Range with bullish lean - ADX no trend, direction not confirmed",65.2008,Neutral,131.5574,74.2706,bullish fading,Overbought,2.771,0.7311,full,58.8,Positive accelerating,67.92,Bullish,Bullish confirmed,None,Bullish - all 4 components agree incl. MACD acceleration,Upper Half,No Trend,Bullish,Yes,No,Near Upper,13.61,Very Low,Stable,-11.43,No,"Very Low volatility, stable",Low vol - tight stops,Normal,Falling,Confirmed Up,0.1854,Accumulation,63.7693,Neutral,2 - Advancing,early,84.0,15.0,3 - Topping,42.0,,,,,,"2 - Advancing, but trend score 60 does not confirm long - no directional edge","2 - Advancing, but trend score 51 does not confirm long - no directional edge"
2022-11-07,15610.929693016233,15647.229450030189,15505.729635866084,15615.1298828125,20987100,15088.5298,14751.8617,No,87.09,Strong Bull,Uptrend,Hold,Range,Bearish,70.64,Bull,Bullish confirmed,"Range with bullish lean - ADX no trend, direction not confirmed",67.6105,Neutral,145.0747,88.4314,bullish fading,Overbought,3.5412,0.9296,full,59.91,Positive accelerating,68.98,Bullish,Bullish confirmed,None,Bullish - all 4 components agree incl. MACD acceleration,Upper Half,No Trend,Bullish,Yes,No,Breakout Up,14.48,Very Low,Stable,-4.21,No,"Very Low volatility, stable",Low vol - tight stops,Normal,Falling,Confirmed Up,0.1861,Accumulation,71.0317,Neutral,2 - Advancing,early,84.0,16.0,3 - Topping,42.0,,,,,,"2 - Advancing, trend 70 but components disagree - wait for alignment","2 - Advancing, but trend score 54 does not confirm long - no directional edge"
2022-11-09,15684.429533104098,15686.328944664368,15534.82914424577,15567.2294921875,22865100,15107.3023,14759.9748,No,86.52,Strong Bull,Uptrend,Hold,Range,Bearish,69.86,Bull,Bullish confirmed,"Range with bullish lean - ADX no trend, direction not confirmed",64.8621,Neutral,150.1908,100.7833,bullish fading,Overbought,2.4245,0.6256,full,59.06,Positive fading,66.95,Bullish,Bullish confirmed,None,Bullish - all 4 components agree incl. MACD acceleration,Upper Half,No Trend,Bullish,Yes,No,Near Upper,16.82,Very Low,Stable,-1.31,No,"Very Low volatility, stable",Low vol - tight stops,Normal,Falling,Confirmed Down,0.1148,Accumulation,71.8074,Neutral,2 - Advancing,early,84.0,17.0,3 - Topping,42.0,,,,,,"2 - Advancing, trend 70 but components disagree - wait for alignment","2 - Advancing, but trend score 59 does not confirm long - no directional edge"
2022-11-10,15490.229425444137,15523.879771373804,15384.329175478808,15439.9794921875,16961400,15120.3485,14766.741,No,85.08,Strong Bull,Uptrend,Hold,Range,Bearish,67.38,Bull,Bullish confirmed,"Range with bullish lean - ADX no trend, direction not confirmed",58.1046,Neutral,142.3366,109.094,bullish fading,Overbought,1.8597,0.4706,full,57.24,Positive fading,61.64,Bullish,Bullish confirmed,None,Bullish - all 4 components agree incl. MACD acceleration,Upper Half,No Trend,Bullish,Yes,No,Inside,17.54,Very Low,Stable,2.54,No,"Very Low volatility, stable",Low vol - tight stops,Normal,Falling,Confirmed Down,0.1408,Accumulation,64.1919,Neutral,2 - Advancing,early,84.0,18.0,3 - Topping,42.0,,,,,,"2 - Advancing, trend 69 but ADX shows no trend, this is a range - wait for alignment","2 - Advancing, but trend score 58 does not confirm long - no directional edge"
2022-11-11,15633.479512630458,15662.029279904044,15612.42973552828,15649.0791015625,23015400,15141.083,14775.5205,No,87.34,Strong Bull,Uptrend,Hold,Range,Bearish,71.26,Bull,Bullish confirmed,"Range with bullish lean - ADX no trend, direction not confirmed",64.6262,Neutral,151.2412,117.5234,bullish accelerating,Overbought,2.6557,0.6795,full,58.75,Positive accelerating,64.03,Bullish,Bullish confirmed,None,Bullish - all 4 components agree incl. MACD acceleration,Upper Half,No Trend,Bullish,Yes,No,Near Upper,17.86,Very Low,Stable,3.93,No,"Very Low volatility, stable",Low vol - tight stops,Normal,Falling,Confirmed Up,0.1349,Accumulation,73.0139,Neutral,3 - Topping,early,20.0,1.0,2 - Advancing,18.0,,,,,,"2 - Advancing, trend 69 but ADX shows no trend, this is a range - wait for alignment","2 - Advancing, but trend score 59 does not confirm long - no directional edge"
2022-11-14,15672.479462966136,15684.229447569092,15627.729521605936,15650.1796875,19758100,15161.0476,14784.2236,No,87.12,Strong Bull,Uptrend,Hold,Range,Bearish,70.85,Bull,Bullish confirmed,"Range with bullish lean - ADX no trend, direction not confirmed",64.6574,Neutral,156.5821,125.3351,bullish fading,Overbought,2.6808,0.6836,full,58.87,Positive accelerating,64.22,Bullish,Bullish confirmed,None,Bullish - all 4 components agree incl. MACD acceleration,Upper Half,No Trend,Bullish,Yes,No,Near Upper,14.48,Very Low,Stable,2.62,No,"Very Low volatility, stable",Low vol - tight stops,Normal,Falling,Confirmed Up,0.1347,Accumulation,73.4557,Neutral,3 - Topping,early,20.0,2.0,2 - Advancing,18.0,,,,,,"2 - Advancing, trend 70 but ADX shows no trend, this is a range - wait for alignment","2 - Advancing, but trend score 60 does not confirm long - no directional edge"
2022-11-15,15678.479512311773,15708.879863211434,15609.479602476678,15693.8798828125,14906000,15181.943,14793.2749,No,87.13,Strong Bull,Uptrend,Hold,Range,Bearish,71.52,Bull,Bullish confirmed,"Range with bullish lean - ADX no trend, direction not confirmed",65.9413,Neutral,162.4681,132.7617,bullish fading,Overbought,1.7499,0.4344,full,57.93,Positive fading,65.45,Bullish,Bullish confirmed,None,Bullish - all 4 components agree incl. MACD acceleration,Upper Half,No Trend,Bullish,Yes,No,Breakout Up,11.31,Very Low,Stable,-1.29,No,"Very Low volatility, stable",Low vol - tight stops,Normal,Falling,Weak Up,0.1977,Accumulation,74.6567,Neutral,3 - Topping,early,20.0,3.0,2 - Advancing,18.0,,,,,,"2 - Advancing, trend 71 but ADX shows no trend, this is a range - wait for alignment","2 - Advancing, trend 70 but components disagree - wait for alignment"
2022-11-16,15696.529253341085,15711.279234029049,15607.229565572989,15663.279296875,18956700,15200.8189,14801.9316,No,86.61,Strong Bull,Uptrend,Hold,Range,Bearish,71.06,Bull,Bullish confirmed,"Range with bullish lean - ADX no trend, direction not confirmed",64.183,Neutral,162.7872,138.7668,bullish fading,Overbought,0.8103,0.1827,full,56.91,Positive fading,63.92,Bullish,Bullish confirmed,None,Bullish - all 4 components agree incl. MACD acceleration,Upper Half,No Trend,Bullish,Yes,No,Near Upper,9.52,Very Low,Stable,-4.64,No,"Very Low volatility, stable",Low vol - tight stops,Normal,Falling,Confirmed Down,0.1641,Accumulation,73.961,Neutral,3 - Topping,early,20.0,4.0,2 - Advancing,18.0,,,,,,"2 - Advancing, trend 70 but ADX shows no trend, this is a range - wait for alignment","2 - Advancing, trend 70 but components disagree - wait for alignment"
2022-11-17,15630.529253091248,15661.07901761079,15573.929718135403,15597.2294921875,17510700,15216.3644,14809.845,No,86.21,Strong Bull,Uptrend,Hold,Range,Bearish,70.12,Bull,Bullish confirmed,"Range with bullish lean - ADX no trend, direction not confirmed",60.4371,Neutral,155.913,142.1961,bullish fading,Overbought,0.6433,0.1369,full,54.15,Positive fading,60.33,Bullish,Bullish confirmed,None,Bullish - all 4 components agree incl. MACD acceleration,Upper Half,No Trend,Bullish,Yes,No,Near Upper,5.24,Very Low,Stable,-7.66,No,"Very Low volatility, stable",Low vol - tight stops,Normal,Falling,Confirmed Down,0.1137,Accumulation,66.8952,Neutral,3 - Topping,early,20.0,5.0,2 - Advancing,18.0,,,,,,"2 - Advancing, trend 67 but ADX shows no trend, this is a range - wait for alignment","2 - Advancing, trend 69 but ADX shows no trend, this is a range - wait for alignment"
2022-11-18,15634.279186824358,15644.779172977396,15472.329205085029,15550.8291015625,17409900,15229.4807,14817.218,No,84.2,Strong Bull,Uptrend,Hold,Range,Bearish,68.35,Bull,Bullish confirmed,"Range with bullish lean - ADX no trend, direction not confirmed",57.8814,Neutral,145.0491,142.7667,bullish fading,Neutral,0.4272,0.0815,full,52.23,Positive fading,56.27,Neutral,Bullish confirmed,Bearish divergence,Neutral - bearish divergence vs price over 21 bars,Upper Half,No Trend,Bullish,Yes,No,Inside,4.4,Very Low,Stable,-8.37,No,"Very Low volatility, stable",Low vol - tight stops,Normal,Falling,Confirmed Down,0.137,Accumulation,60.3409,Neutral,3 - Topping,early,20.0,6.0,2 - Advancing,18.0,,,,,,3 - Topping but stage confidence only 20 - regime not established,"2 - Advancing, trend 69 but ADX shows no trend, this is a range - wait for alignment"
2022-11-21,15514.579020878718,15523.12979078149,15431.179717490588,15453.779296875,18970500,15238.2767,14823.552,No,81.38,Strong Bull,Uptrend,Hold,Range,Bearish,65.44,Bull,Bullish confirmed,"Range with bullish lean - ADX no trend, direction not confirmed",52.8476,Neutral,127.1426,139.6419,Bearish crossover,Neutral,-0.4961,-0.1615,full,50.64,Positive fading,50.0,Neutral,Bullish majority,Bearish divergence,Neutral - bearish divergence vs price over 21 bars,Lower Half,No Trend,Bullish,No,No,Inside,3.01,Very Low,Stable,-10.6,No,"Very Low volatility, stable",Low vol - tight stops,Normal,Rising,Confirmed Down,0.0642,Accumulation,53.6928,Neutral,3 - Topping,early,20.0,7.0,2 - Advancing,18.0,,,,,,3 - Topping but stage confidence only 20 - regime not established,"2 - Advancing, trend 70 but ADX shows no trend, this is a range - wait for alignment"
2022-11-22,15472.6299311423,15518.079089794806,15437.279391948872,15509.1796875,18894300,15248.9004,14830.3741,No,80.51,Strong Bull,Uptrend,Hold,Range,Bearish,65.34,Bull,Bullish confirmed,"Range with bullish lean - ADX no trend, direction not confirmed",55.2406,Neutral,116.0838,134.9303,bullish accelerating,Neutral,-0.6785,-0.2081,full,53.58,Positive accelerating,49.39,Neutral,Mixed,Bearish divergence,Neutral - bearish divergence vs price over 21 bars,Upper Half,No Trend,Bullish,No,No,Inside,1.59,Very Low,Stable,-12.89,Partial,"Very Low volatility, stable",Coiled - low vol squeeze,Normal,Rising,Confirmed Up,0.1252,Accumulation,53.9258,Neutral,3 - Topping,early,20.0,8.0,2 - Advancing,18.0,,,,,,3 - Topping but stage confidence only 20 - regime not established,"2 - Advancing, trend 71 but ADX shows no trend, this is a range - wait for alignment"
2022-11-23,15572.729446521684,15572.879836948194,15520.229515813082,15538.1298828125,19665600,15260.2427,14837.4165,No,79.72,Bull,Uptrend,Hold,Uptrend (HH+HL),Bullish,75.19,Strong Bull,Bullish confirmed,"Range with bullish lean - ADX no trend, direction not confirmed",56.4835,Neutral,108.406,129.6254,bullish accelerating,Neutral,-0.1869,-0.0753,full,57.15,Positive accelerating,50.16,Neutral,Mixed,Bearish divergence,Neutral - bearish divergence vs price over 21 bars,Upper Half,No Trend,Bullish,No,No,Inside,0.87,Very Low,Stable,-15.95,Partial,"Very Low volatility, stable",Coiled - low vol squeeze,Normal,Rising,Confirmed Up,0.1069,Accumulation,60.131,Neutral,3 - Topping,early,20.0,9.0,2 - Advancing,18.0,,,,,,3 - Topping but stage confidence only 20 - regime not established,"2 - Advancing, trend 70 but ADX shows no trend, this is a range - wait for alignment"
2022-11-24,15588.429808277542,15706.479458576026,15567.729640037369,15680.779296875,19380200,15276.7343,14845.8081,No,82.0,Strong Bull,Uptrend,Hold,Uptrend (HH+HL),Bullish,78.08,Strong Bull,Bullish confirmed,"Range with bullish lean - ADX no trend, direction not confirmed",62.0719,Neutral,112.5347,126.2073,bullish fading,Neutral,1.5596,0.3908,full,57.82,Positive accelerating,55.55,Neutral,Bullish majority,Bearish divergence,Neutral - bearish divergence vs price over 21 bars,Upper Half,No Trend,Bullish,No,No,Near Upper,0.63,Very Low,Stable,-16.91,Confirmed,"Very Low volatility, squeeze confirmed - expansion pending",Coiled - low vol squeeze,Normal,Rising,Confirmed Up,0.175,Accumulation,66.461,Neutral,3 - Topping,mid,20.0,10.0,2 - Advancing,18.0,,,,,,3 - Topping but stage confidence only 20 - regime not established,"2 - Advancing, trend 67 but ADX shows no trend, this is a range - wait for alignment"
2022-11-25,15719.779306589808,15743.079080895135,15668.329178366655,15727.2294921875,25809200,15294.4008,14854.5785,No,83.38,Strong Bull,Uptrend,Hold,Uptrend (HH+HL),Bullish,78.4,Strong Bull,Bullish confirmed,"Range with bullish lean - ADX no trend, direction not confirmed",63.7064,Neutral,118.1924,124.6043,bullish fading,Neutral,0.4994,0.1038,full,57.75,Positive fading,59.03,Bullish,Bullish majority,Bearish divergence,Bullish - bearish divergence vs price over 21 bars,Upper Half,No Trend,Bullish,No,No,Breakout Up,0.4,Very Low,Stable,-17.46,Confirmed,"Very Low volatility, squeeze confirmed - expansion pending",Coiled - low vol squeeze,Normal,Rising,Confirmed Up,0.1909,Accumulation,67.4491,Neutral,3 - Topping,mid,20.0,11.0,2 - Advancing,18.0,,,,,,3 - Topping but stage confidence only 20 - regime not established,3 - Topping but stage confidence only 20 - regime not established
2022-11-28,15683.72962302137,15817.329058818215,15642.779480913065,15784.4296875,24072600,15313.6176,14863.8308,No,85.78,Strong Bull,Uptrend,Hold,Uptrend (HH+HL),Bullish,80.5,Strong Bull,Bullish confirmed,"Range with bullish lean - ADX no trend, direction not confirmed",65.6684,Neutral,125.8412,124.8517,Bullish crossover,Overbought,0.8578,0.1963,full,59.06,Positive accelerating,62.55,Bullish,Bullish majority,Bearish divergence,Bullish - bearish divergence vs price over 21 bars,Above Upper,No Trend,Bullish,Yes,No,Breakout Up,0.75,Very Low,Stable,-13.73,Confirmed,"Very Low volatility, squeeze confirmed - expansion pending",Coiled - low vol squeeze,Normal,Rising,Confirmed Up,0.2254,Accumulation,67.8384,Neutral,3 - Topping,mid,20.0,12.0,2 - Advancing,18.0,,,,,,3 - Topping but stage confidence only 20 - regime not established,3 - Topping but stage confidence only 20 - regime not established
2022-11-29,15784.529333060156,15859.329040736737,15782.37992178532,15812.4296875,20853400,15333.1789,14873.2695,No,87.27,Strong Bull,Uptrend,Hold,Uptrend (HH+HL),Bullish,80.63,Strong Bull,Bullish confirmed,"Range with bullish lean - ADX no trend, direction not confirmed",66.6197,Neutral,132.6333,126.408,bullish accelerating,Overbought,0.7554,0.1649,full,58.78,Positive fading,63.23,Bullish,Bullish confirmed,Bearish divergence,Bullish - bearish divergence vs price over 21 bars,Above Upper,No Trend,Bullish,Yes,No,Near Upper,0.52,Very Low,Stable,-10.79,Confirmed,"Very Low volatility, squeeze confirmed - expansion pending",Coiled - low vol squeeze,Normal,Rising,Confirmed Up,0.1787,Accumulation,67.6391,Neutral,3 - Topping,mid,20.0,13.0,2 - Advancing,18.0,,,,,,3 - Topping but stage confidence only 20 - regime not established,3 - Topping but stage confidence only 20 - regime not established
2022-11-30,15827.429840156365,15991.579043111777,15820.529458405728,15946.1298828125,31486200,15357.2162,14883.9448,No,89.51,Strong Bull,Uptrend,Hold,Uptrend (HH+HL),Bullish,83.28,Strong Bull,Bullish confirmed,"Range with bullish lean - ADX emerging, direction not confirmed",70.7827,Overbought,147.1088,130.5482,bullish accelerating,Overbought,1.8058,0.4428,full,63.0,Positive accelerating,66.61,Bullish,Bullish confirmed,Bearish divergence,"Bullish but overbought on RSI and Stochastic - stretched, bearish divergence",Above Upper,Emerging,Bullish,Yes,No,Breakout Up,1.35,Very Low,Stable,-8.18,Confirmed,"Very Low volatility, squeeze confirmed - expansion pending",Coiled - low vol squeeze,Normal,Rising,Confirmed Up,0.1742,Accumulation,75.0917,Neutral,3 - Topping,mid,20.0,14.0,2 - Advancing,18.0,,,,,,3 - Topping but stage confidence only 20 - regime not established,3 - Topping but stage confidence only 20 - regime not established
2022-12-01,16041.129835143354,16041.629834502644,15972.729532168114,16003.9296875,20872600,15382.5775,14895.0889,No,90.14,Strong Bull,Uptrend,Hold,Uptrend (HH+HL),Bullish,83.82,Strong Bull,Bullish confirmed,"Range with bullish lean - ADX emerging, direction not confirmed",72.3861,Overbought,161.3844,136.7154,bullish accelerating,Overbought,2.6075,0.6522,full,58.86,Positive fading,66.68,Bullish,Bullish confirmed,Bearish divergence,"Bullish but overbought on RSI and Stochastic - stretched, bearish divergence",Above Upper,Emerging,Bullish,Yes,No,Breakout Up,2.3,Very Low,Stable,-2.94,Partial,"Very Low volatility, stable",Coiled - low vol squeeze,Normal,Rising,Confirmed Up,0.1796,Accumulation,74.9492,Neutral,3 - Topping,mid,20.0,15.0,2 - Advancing,18.0,,,,,,3 - Topping but stage confidence only 20 - regime not established,3 - Topping but stage confidence only 20 - regime not established
2022-12-02,15977.479474202137,15991.02926148262,15909.579170806655,15963.4794921875,22312000,15405.358,14905.7197,No,89.52,Strong Bull,Uptrend,Hold,Uptrend (HH+HL),Bullish,83.65,Strong Bull,Bullish confirmed,"Range with bullish lean - ADX emerging, direction not confirmed",69.5112,Overbought,167.503,142.8729,bullish fading,Overbought,2.6536,0.6585,full,59.89,Positive accelerating,65.97,Bullish,Bullish confirmed,Bearish divergence,Bullish - bearish divergence vs price over 21 bars,At Upper,Emerging,Bullish,Yes,No,Near Upper,2.62,Very Low,Stable,-1.78,No,"Very Low volatility, stable",Low vol - tight stops,Normal,Rising,Confirmed Down,0.1786,Accumulation,67.4248,Neutral,3 - Topping,mid,20.0,16.0,2 - Advancing,18.0,,,,,,3 - Topping but stage confidence only 20 - regime not established,3 - Topping but stage confidence only 20 - regime not established
2022-12-05,15994.929651858698,15999.779255005,15881.779406560803,15967.1796875,23665500,15427.3902,14916.2814,No,89.38,Strong Bull,Uptrend,Hold,Uptrend (HH+HL),Bullish,84.02,Strong Bull,Bullish confirmed,"Range with bullish lean - ADX emerging, direction not confirmed",69.63,Overbought,170.6831,148.435,bullish fading,Overbought,3.3222,0.833,full,60.07,Positive accelerating,65.62,Bullish,Bullish confirmed,Bearish divergence,Bullish - bearish divergence vs price over 21 bars,Upper Half,Emerging,Bullish,Yes,No,Near Upper,3.02,Very Low,Stable,0.0,No,"Very Low volatility, stable",Low vol - tight stops,Normal,Rising,Confirmed Up,0.1696,Accumulation,60.4199,Neutral,3 - Topping,mid,20.0,17.0,2 - Advancing,18.0,,,,,,3 - Topping but stage confidence only 20 - regime not established,3 - Topping but stage confidence only 20 - regime not established
2022-12-06,15904.079125711536,15936.679669661156,15881.57915469038,15922.8291015625,23116300,15446.8192,14926.2968,No,88.79,Strong Bull,Uptrend,Hold,Uptrend (HH+HL),Bullish,83.56,Strong Bull,Bullish confirmed,"Strong Bull - all 4 components agree, trending ADX",66.295,Neutral,167.6916,152.2863,bullish fading,Overbought,2.6671,0.6488,full,58.22,Positive fading,62.8,Bullish,Bullish confirmed,Bearish divergence,Bullish - bearish divergence vs price over 21 bars,Upper Half,Trending,Bullish,Yes,No,Near Upper,3.18,Very Low,Stable,1.59,No,"Very Low volatility, stable",Low vol - tight stops,Normal,Rising,Confirmed Down,0.1688,Accumulation,59.5245,Neutral,3 - Topping,mid,20.0,18.0,2 - Advancing,18.0,,,,,,3 - Topping but stage confidence only 20 - regime not established,3 - Topping but stage confidence only 20 - regime not established
2022-12-07,15932.229401362016,15953.229374211336,15836.029330425734,15861.9794921875,20084400,15463.1,14935.6071,No,87.33,Strong Bull,Uptrend,Hold,Uptrend (HH+HL),Bullish,82.24,Strong Bull,Bullish confirmed,"Strong Bull - all 4 components agree, trending ADX",61.9134,Neutral,158.5827,153.5456,bullish fading,Neutral,2.0842,0.4849,full,57.17,Positive fading,59.41,Bullish,Bullish confirmed,Bearish divergence,Bullish - bearish divergence vs price over 21 bars,Upper Half,Trending,Bullish,Yes,No,Inside,3.22,Very Low,Stable,2.34,No,"Very Low volatility, stable",Low vol - tight stops,Normal,Rising,Weak Down,0.1744,Accumulation,58.9625,Neutral,3 - Topping,mid,20.0,19.0,2 - Advancing,18.0,,,,,,3 - Topping but stage confidence only 20 - regime not established,3 - Topping but stage confidence only 20 - regime not established
2022-12-08,15881.779334639512,15918.729482326911,15860.279362350857,15911.0791015625,19672900,15480.6678,14945.3133,No,86.15,Strong Bull,Uptrend,Hold,Uptrend (HH+HL),Bullish,82.49,Strong Bull,Bullish confirmed,"Strong Bull - all 4 components agree, trending ADX",63.982,Neutral,153.5557,153.5476,bullish fading,Neutral,1.4687,0.3125,full,57.72,Positive accelerating,59.29,Bullish,Bullish majority,Bearish divergence,Bullish - bearish divergence vs price over 21 bars,Upper Half,Trending,Bullish,Yes,No,Near Upper,3.02,Very Low,Stable,2.38,No,"Very Low volatility, stable",Low vol - tight stops,Normal,Rising,Weak Up,0.216,Accumulation,64.8671,Neutral,2 - Advancing,early,84.0,1.0,3 - Topping,19.0,,,,,,3 - Topping but stage confidence only 20 - regime not established,3 - Topping but stage confidence only 20 - regime not established
2022-12-09,15964.828904302043,15967.279096436849,15727.329212319655,15812.7294921875,36793400,15493.6898,14953.9443,No,83.56,Strong Bull,Uptrend,Hold,Uptrend (HH+HL),Bullish,79.45,Strong Bull,Bullish confirmed,"Range with bullish lean - ADX emerging, direction not confirmed",57.272,Neutral,140.0217,150.8424,Bearish crossover,Neutral,0.5436,0.0565,full,54.82,Positive fading,54.53,Neutral,Bullish majority,Bearish divergence,Neutral - bearish divergence vs price over 21 bars,Upper Half,Emerging,Bullish,No,No,Inside,3.93,Very Low,Stable,3.53,No,"Very Low volatility, stable",Low vol - tight stops,Normal,Rising,Confirmed Down,0.1594,Accumulation,61.2367,Neutral,2 - Advancing,early,84.0,2.0,3 - Topping,19.0,,,,,,3 - Topping but stage confidence only 20 - regime not established,3 - Topping but stage confidence only 20 - regime not established
2022-12-12,15759.629971370812,15836.829090096357,15687.929868957868,15827.9794921875,27913900,15506.7992,14962.6412,No,82.42,Strong Bull,Uptrend,Hold,Uptrend (HH+HL),Bullish,78.29,Strong Bull,Bullish confirmed,"Range with bullish lean - ADX emerging, direction not confirmed",58.0074,Neutral,129.0389,146.4817,bullish accelerating,Neutral,0.2759,-0.0191,full,54.66,Positive fading,53.56,Neutral,Bullish majority,Bearish divergence,Neutral - bearish divergence vs price over 21 bars,Upper Half,Emerging,Bullish,No,No,Inside,4.41,Very Low,Stable,3.65,No,"Very Low volatility, stable",Low vol - tight stops,Normal,Rising,Confirmed Up,0.2213,Accumulation,54.0262,Neutral,2 - Advancing,early,84.0,3.0,3 - Topping,19.0,,,,,,3 - Topping but stage confidence only 20 - regime not established,3 - Topping but stage confidence only 20 - regime not established
2022-12-13,15863.229545376676,15913.77928488351,15830.62997803674,15904.4794921875,34973000,15522.3945,14972.0127,No,82.88,Strong Bull,Uptrend,Hold,Uptrend (HH+HL),Bullish,78.94,Strong Bull,Bullish confirmed,"Range with bullish lean - ADX emerging, direction not confirmed",61.5796,Neutral,125.0662,142.1986,bullish fading,Neutral,0.5821,0.0644,full,54.2,Positive fading,54.23,Neutral,Bullish majority,Bearish divergence,Neutral - bearish divergence vs price over 21 bars,Upper Half,Emerging,Bullish,No,No,Near Upper,3.93,Very Low,Stable,3.41,No,"Very Low volatility, stable",Low vol - tight stops,Normal,Rising,Confirmed Up,0.2479,Accumulation,56.0899,Neutral,2 - Advancing,early,84.0,4.0,3 - Topping,19.0,,,,,,3 - Topping but stage confidence only 20 - regime not established,3 - Topping but stage confidence only 20 - regime not established
2022-12-14,15958.129890069991,15988.529265080042,15946.279319356285,15963.779296875,44159300,15539.7037,14981.881,No,83.95,Strong Bull,Uptrend,Hold,Uptrend (HH+HL),Bullish,79.95,Strong Bull,Bullish confirmed,"Range with bullish lean - ADX emerging, direction not confirmed",64.1272,Neutral,125.259,138.8107,bullish fading,Neutral,0.1107,-0.0651,full,53.75,Positive fading,55.97,Neutral,Bullish majority,Bearish divergence,Neutral - bearish divergence vs price over 21 bars,Upper Half,Emerging,Bullish,No,No,Near Upper,4.05,Very Low,Stable,2.7,No,"Very Low volatility, stable",Low vol - tight stops,Normal,Rising,Confirmed Up,0.2165,Accumulation,59.0463,Neutral,2 - Advancing,early,84.0,5.0,3 - Topping,19.0,,,,,,3 - Topping but stage confidence only 20 - regime not established,3 - Topping but stage confidence only 20 - regime not established
2022-12-15,15938.029096458742,15968.17944790949,15758.829133980164,15783.779296875,33354300,15549.2753,14989.8601,No,80.36,Strong Bull,Uptrend,Hold,Uptrend (HH+HL),Bullish,69.72,Bull,Bullish majority,"Range with bullish lean - ADX no trend, direction not confirmed",52.7037,Neutral,109.6235,132.9733,bullish accelerating,Neutral,-1.3756,-0.4676,full,51.96,Positive fading,50.09,Neutral,Bullish majority,Bearish divergence,Neutral - bearish divergence vs price over 21 bars,Lower Half,No Trend,Bearish,No,No,Inside,5.12,Very Low,Stable,2.82,No,"Very Low volatility, stable",Low vol - tight stops,Normal,Rising,Confirmed Down,0.1754,Accumulation,51.1968,Neutral,2 - Advancing,early,84.0,6.0,3 - Topping,19.0,,,,,,"2 - Advancing, trend 82 long but momentum diverging - trend tiring, tighten stop",3 - Topping but stage confidence only 20 - regime not established
2022-12-16,15710.879785035622,15799.328887780286,15625.22950674516,15636.3291015625,28777500,15552.6892,14996.2926,No,76.67,Bull,Uptrend,Hold,Uptrend (HH+HL),Bullish,66.6,Bull,Bullish majority,"Range with bullish lean - ADX no trend, direction not confirmed",45.5461,Neutral,84.3618,123.251,bullish accelerating,Neutral,-2.0494,-0.647,full,50.72,Positive fading,43.38,Neutral,Bearish majority,Bearish divergence,Neutral - bearish divergence vs price over 21 bars,Lower Half,No Trend,Bearish,No,Yes,Inside,5.59,Very Low,Stable,2.97,No,"Very Low volatility, stable",Low vol - tight stops,Normal,Rising,Confirmed Down,0.1258,Accumulation,44.4433,Neutral,2 - Advancing,early,84.0,7.0,3 - Topping,19.0,,,,,,"2 - Advancing, trend 79 but ADX shows no trend, this is a range - wait for alignment",3 - Topping but stage confidence only 20 - regime not established
2022-12-19,15658.829226977585,15763.979480733202,15606.130076823709,15755.1796875,25370500,15560.63,15003.8438,No,76.86,Bull,Uptrend,Hold,Uptrend (HH+HL),Bullish,68.3,Bull,Bullish majority,"Range with bullish lean - ADX no trend, direction not confirmed",51.2885,Neutral,73.0895,113.2187,bullish accelerating,Neutral,-1.3277,-0.4451,full,56.71,Positive accelerating,44.96,Neutral,Mixed,Bearish divergence,Neutral - bearish divergence vs price over 21 bars,Lower Half,No Trend,Bearish,No,Yes,Inside,5.2,Very Low,Stable,2.18,Partial,"Very Low volatility, stable",Coiled - low vol squeeze,Normal,Rising,Weak Up,0.186,Accumulation,45.0556,Neutral,2 - Advancing,early,84.0,8.0,3 - Topping,19.0,,,,,,"2 - Advancing, trend 78 but ADX shows no trend, this is a range - wait for alignment",3 - Topping but stage confidence only 20 - regime not established
2022-12-20,15704.029325760304,15740.229473865798,15580.779486484946,15726.1796875,23261300,15567.1221,15011.0312,No,75.07,Bull,Uptrend,Hold,Uptrend (HH+HL),Bullish,67.25,Bull,Bullish majority,"Range with bullish lean - ADX no trend, direction not confirmed",49.9056,Neutral,61.1116,102.7973,bullish accelerating,Neutral,-1.235,-0.417,full,55.66,Positive fading,43.97,Neutral,Bearish majority,Bearish divergence,Neutral - bearish divergence vs price over 21 bars,Lower Half,No Trend,Bearish,No,Yes,Inside,5.24,Very Low,Stable,2.06,Confirmed,"Very Low volatility, squeeze confirmed - expansion pending",Coiled - low vol squeeze,Normal,Rising,Weak Down,0.1929,Accumulation,37.8392,Neutral,2 - Advancing,early,84.0,9.0,3 - Topping,19.0,,,,,,"2 - Advancing, trend 79 but ADX shows no trend, this is a range - wait for alignment",3 - Topping but stage confidence only 20 - regime not established
2022-12-21,15772.929363390578,15812.02892112527,15497.579141118838,15527.529296875,30620200,15565.5695,15016.1705,No,63.2,Bull,Downtrend,Sell,Uptrend (HH+HL),Bullish,53.78,Neutral,Mixed,"No clear trend - ADX emerging, price ranging",41.6259,Neutral,35.184,89.2746,bullish accelerating,Neutral,-2.1085,-0.6539,full,50.74,Positive fading,39.09,Bearish,Bearish majority,Bearish divergence,Bearish - bearish divergence vs price over 21 bars,Below Lower,Emerging,Bearish,No,Yes,Near Lower,6.55,Very Low,Stable,3.33,Confirmed,"Very Low volatility, squeeze confirmed - expansion pending",Coiled - low vol squeeze,Normal,Rising,Confirmed Down,0.1545,Accumulation,31.6101,Neutral,2 - Advancing,early,74.0,10.0,3 - Topping,19.0,,,,,,"2 - Advancing, trend 80 but ADX shows no trend, this is a range - wait for alignment",3 - Topping but stage confidence only 20 - regime not established
2022-12-22,15599.5290735439,15636.07882965825,15369.579183825508,15431.4794921875,27560300,15560.311,15020.3029,No,60.77,Bull,Downtrend,Hold,Uptrend (HH+HL),Bullish,52.49,Neutral,Mixed,"No clear trend - ADX emerging, price ranging",38.3158,Neutral,6.8073,72.7811,bullish accelerating,Oversold,-3.0142,-0.8989,full,50.91,Positive accelerating,36.26,Bearish,Bearish majority,None,"Bearish - majority agree, 1 dissenting",Below Lower,Emerging,Bearish,Yes,Yes,Breakout Down,9.29,Very Low,Stable,6.27,Partial,"Very Low volatility, stable",Low vol - tight stops,Normal,Rising,Confirmed Down,0.1027,Accumulation,31.2562,Neutral,2 - Advancing,early,74.0,11.0,3 - Topping,19.0,,,,,,"2 - Advancing, trend 70 but ADX shows no trend, this is a range - wait for alignment","2 - Advancing, trend 82 long but momentum diverging - trend tiring, tighten stop"
2022-12-23,15300.730138058392,15349.329684346118,15018.730504123292,15045.98046875,28171000,15540.1412,15020.5584,No,55.37,Neutral,Downtrend,Hold,Uptrend (HH+HL),Bullish,47.28,Neutral,Mixed,"No clear trend - ADX emerging, price ranging",28.5151,Oversold,-46.2548,48.974,bearish accelerating,Oversold,-4.8489,-1.3937,full,46.23,Negative accelerating,28.85,Strong Bearish,Bearish confirmed,None,Strong Bearish but oversold on RSI and Stochastic - stretched,Below Lower,Emerging,Bearish,Yes,Yes,Breakout Down,24.17,Low,Expanding,20.24,No,Squeeze releasing - expanding 2 bars after compression,Normal vol,Normal,Rising,Confirmed Down,0.0321,Neutral,31.0153,Neutral,2 - Advancing,early,74.0,12.0,3 - Topping,19.0,,,,,,"2 - Advancing, trend 67 but ADX shows no trend, this is a range - wait for alignment","2 - Advancing, trend 79 but ADX shows no trend, this is a range - wait for alignment"
2022-12-27,15375.17974489266,15433.629862461064,15278.57928744276,15418.3291015625,25513000,15535.3643,15024.5163,No,51.61,Neutral,Downtrend,Hold,Uptrend (HH+HL),Bullish,50.05,Neutral,Mixed,"Neutral - components mixed, low conviction",43.5378,Neutral,-57.5975,27.6597,bearish fading,Oversold,-2.5881,-0.777,full,54.79,Positive accelerating,37.96,Bearish,Bearish majority,None,"Bearish - majority agree, 1 dissenting",Lower Half,Trending,Bearish,Yes,Yes,Inside,35.2,Low,Expanding,30.79,No,Squeeze releasing - expanding 3 bars after compression,Normal vol,Normal,Rising,Weak Up,0.042,Neutral,37.0437,Neutral,2 - Advancing,early,64.0,13.0,3 - Topping,19.0,,,,,,"2 - Advancing, trend 68 but ADX shows no trend, this is a range - wait for alignment","2 - Advancing, trend 78 but ADX shows no trend, this is a range - wait for alignment"
2022-12-28,15390.529353018735,15468.12983583702,15363.629974701413,15432.779296875,23697500,15531.3413,15028.5786,No,50.79,Neutral,Downtrend,Hold,Uptrend (HH+HL),Bullish,49.35,Neutral,Mixed,"Neutral - components mixed, low conviction",44.0294,Neutral,-64.6751,9.1927,bearish fading,Neutral,-2.9658,-0.8798,full,59.6,Positive accelerating,41.66,Bearish,Bearish majority,None,"Bearish - majority agree, 1 dissenting",Lower Half,Trending,Bearish,Yes,Yes,Inside,34.21,Low,Expanding,30.28,No,Squeeze releasing - expanding 4 bars after compression,Normal vol,Normal,Rising,Weak Up,0.0639,Accumulation,42.4611,Neutral,2 - Advancing,early,64.0,14.0,3 - Topping,19.0,,,,,,"2 - Advancing, trend 67 but ADX shows no trend, this is a range - wait for alignment","2 - Advancing, trend 79 but ADX shows no trend, this is a range - wait for alignment"
2022-12-29,15369.979644752786,15517.429644789738,15306.979728186783,15485.1796875,21215900,15529.5311,15033.1219,No,50.36,Neutral,Downtrend,Hold,Uptrend (HH+HL),Bullish,49.21,Neutral,Mixed,"Neutral - components mixed, low conviction",45.8699,Neutral,-65.3032,-5.7065,bearish fading,Neutral,-2.998,-0.8876,full,60.29,Positive accelerating,45.33,Neutral,Bearish majority,None,"Neutral - majority agree, 1 dissenting",Lower Half,Trending,Bearish,Yes,Yes,Inside,34.52,Low,Expanding,30.48,No,Squeeze releasing - expanding 5 bars after compression,Normal vol,Normal,Rising,Weak Up,0.0651,Accumulation,42.5929,Neutral,2 - Advancing,early,64.0,15.0,3 - Topping,19.0,,,,,,"2 - Advancing, but trend score 54 does not confirm long - no directional edge","2 - Advancing, trend 80 but ADX shows no trend, this is a range - wait for alignment"
2022-12-30,15557.729347626006,15581.929510813585,15425.629913608658,15448.8291015625,21417000,15526.3663,15037.2583,No,49.55,Neutral,Downtrend,Hold,Uptrend (HH+HL),Bullish,48.13,Neutral,Bearish majority,"Neutral - majority agree, 1 dissenting, trending ADX",44.7701,Neutral,-67.9508,-18.1553,bearish fading,Neutral,-2.1221,-0.6507,full,61.33,Positive accelerating,46.27,Neutral,Bearish majority,None,"Neutral - majority agree, 1 dissenting",Lower Half,Trending,Bearish,Yes,Yes,Inside,33.17,Low,Expanding,28.05,No,Squeeze releasing - expanding 6 bars after compression,Normal vol,Normal,Rising,Weak Down,0.0408,Neutral,49.6754,Neutral,2 - Advancing,early,64.0,16.0,3 - Topping,19.0,,,,,,"2 - Advancing, but trend score 52 does not confirm long - no directional edge","2 - Advancing, trend 70 but ADX shows no trend, this is a range - wait for alignment"
2023-01-02,15479.9501953125,15536.349609375,15433.2998046875,15523.650390625,2100336300,15526.2598,15042.098,No,53.51,Neutral,Downtrend,Hold,Range,Bearish,40.22,Neutral,Mixed,"Neutral - components mixed, low conviction",47.5573,Neutral,-63.2821,-27.1807,bearish fading,Neutral,-0.7206,-0.2702,full,62.62,Positive accelerating,49.11,Neutral,Bearish majority,None,"Neutral - majority agree, 1 dissenting",Lower Half,Trending,Bearish,Yes,Yes,Inside,27.86,Low,Expanding,22.26,No,Squeeze releasing - expanding 7 bars after compression,Normal vol,High,Rising,Confirmed Up,0.6098,Accumulation,93.0146,Overbought,2 - Advancing,early,64.0,17.0,3 - Topping,19.0,,,,,,"2 - Advancing, but trend score 47 does not confirm long - no directional edge","2 - Advancing, trend 67 but ADX shows no trend, this is a range - wait for alignment"
2023-01-03,15515.75,15575.7001953125,15500.75,15557.7998046875,20771100,15527.4966,15047.2294,No,54.84,Neutral,Downtrend,Hold,Range,Bearish,41.09,Neutral,Mixed,"Neutral - components mixed, low conviction",48.8267,Neutral,-56.179,-32.9804,bearish fading,Neutral,-1.2528,-0.4154,full,59.82,Positive fading,50.2,Neutral,Mixed,None,"Neutral - components mixed, low conviction",Lower Half,Trending,Bearish,Yes,Yes,Inside,23.93,Low,Stable,18.73,No,"Low volatility, stable",Low vol - tight stops,Dry-up,Rising,Weak Up,0.6106,Accumulation,92.9719,Overbought,2 - Advancing,early,64.0,18.0,3 - Topping,19.0,,,,,,"2 - Advancing, but trend score 50 does not confirm long - no directional edge","2 - Advancing, trend 68 but ADX shows no trend, this is a range - wait for alignment"
2023-01-04,15563.150390625,15574.5,15375.7998046875,15393.0,21390500,15522.2223,15050.6699,No,52.81,Neutral,Downtrend,Hold,Range,Bearish,37.81,Bear,Mixed,"Bear - components mixed, low conviction",43.3709,Neutral,-63.1201,-39.0083,bearish accelerating,Neutral,-2.1186,-0.6496,full,60.31,Positive accelerating,48.44,Neutral,Bearish majority,None,"Neutral - majority agree, 1 dissenting",Lower Half,Trending,Bearish,Yes,Yes,Inside,24.76,Low,Stable,19.52,No,"Low volatility, stable",Low vol - tight stops,Dry-up,Rising,Weak Down,0.5999,Accumulation,92.0254,Overbought,2 - Advancing,early,64.0,19.0,3 - Topping,19.0,,,,,,"2 - Advancing, but trend score 49 does not confirm long - no directional edge","2 - Advancing, trend 67 but ADX shows no trend, this is a range - wait for alignment"
2023-01-05,15446.5,15462.150390625,15286.400390625,15386.2001953125,17566700,15516.8881,15054.0085,No,52.03,Neutral,Downtrend,Hold,Range,Bearish,36.88,Bear,Mixed,"Bear - components mixed, low conviction",43.1566,Neutral,-68.3813,-44.8829,bearish fading,Neutral,-0.9102,-0.3196,full,55.62,Positive fading,46.82,Neutral,Bearish majority,None,"Neutral - majority agree, 1 dissenting",Lower Half,Trending,Bearish,Yes,Yes,Inside,24.92,Low,Stable,18.37,No,"Low volatility, stable",Low vol - tight stops,Dry-up,Rising,Weak Down,0.6056,Accumulation,92.6598,Overbought,2 - Advancing,mid,64.0,20.0,3 - Topping,19.0,,,,,,"2 - Advancing, but trend score 49 does not confirm long - no directional edge","2 - Advancing, but trend score 54 does not confirm long - no directional edge"
2023-01-06,15401.349609375,15419.400390625,15219.849609375,15272.0,17314600,15507.2846,15056.1776,No,49.84,Neutral,Downtrend,Hold,Range,Bearish,33.94,Bear,Bearish confirmed,"Bear - all 4 components agree, trending ADX",39.6166,Neutral,-80.8341,-52.0732,bearish accelerating,Neutral,-1.0335,-0.3498,full,52.91,Positive fading,43.51,Neutral,Bearish majority,None,"Neutral - majority agree, 1 dissenting",Lower Half,Trending,Bearish,Yes,Yes,Inside,26.15,Low,Stable,16.86,No,"Low volatility, stable",Normal vol,Dry-up,Rising,Weak Down,0.5974,Accumulation,93.1236,Overbought,2 - Advancing,mid,64.0,21.0,3 - Topping,19.0,,,,,,"2 - Advancing, but trend score 48 does not confirm long - no directional edge","2 - Advancing, but trend score 52 does not confirm long - no directional edge"
2023-01-09,15360.400390625,15472.150390625,15353.349609375,15450.099609375,16224900,15505.0421,15060.0972,No,52.63,Neutral,Downtrend,Hold,Range,Bearish,36.94,Bear,Mixed,"Bear - components mixed, low conviction",46.9281,Neutral,-75.4621,-56.7509,bearish fading,Neutral,2.6859,0.6722,full,55.5,Positive accelerating,48.1,Neutral,Bearish majority,None,"Neutral - majority agree, 1 dissenting",Lower Half,Trending,Bearish,Yes,No,Inside,26.11,Low,Stable,1.95,No,"Low volatility, stable",Vol contracting,Dry-up,Rising,Weak Up,0.6102,Accumulation,93.0962,Overbought,2 - Advancing,mid,64.0,22.0,3 - Topping,19.0,,,,,,"2 - Advancing, but trend score 40 does not confirm long - no directional edge","2 - Advancing, but trend score 47 does not confirm long - no directional edge"
2023-01-10,15470.0,15472.4501953125,15262.099609375,15325.25,16031600,15497.9914,15062.7355,No,50.25,Neutral,Downtrend,Hold,Range,Bearish,34.33,Bear,Mixed,"Bear - components mixed, low conviction",42.9976,Neutral,-80.3527,-61.4713,bearish accelerating,Neutral,-0.6037,-0.2236,full,55.0,Positive fading,46.48,Neutral,Bearish majority,None,"Neutral - majority agree, 1 dissenting",Lower Half,Trending,Bearish,Yes,No,Inside,27.74,Low,Stable,-7.46,No,"Low volatility, stable",Vol contracting,Dry-up,Rising,Weak Down,0.601,Accumulation,93.3948,Overbought,2 - Advancing,mid,64.0,23.0,3 - Topping,19.0,,,,,,"2 - Advancing, but trend score 41 does not confirm long - no directional edge","2 - Advancing, but trend score 50 does not confirm long - no directional edge"
2023-01-11,15342.75,15375.099609375,15257.0,15301.349609375,16188500,15490.2799,15065.1098,No,43.28,Neutral,Downtrend,Hold,Range,Bearish,31.58,Bear,Bearish confirmed,"Bear - all 4 components agree, trending ADX",42.2678,Neutral,-85.1753,-66.2121,bearish accelerating,Neutral,-0.8516,-0.2864,full,57.87,Positive accelerating,47.7,Neutral,Bearish majority,None,"Neutral - majority agree, 1 dissenting",Lower Half,Trending,Bearish,Yes,No,Inside,24.4,Low,Stable,-9.8,No,"Low volatility, stable",Vol contracting,Dry-up,Rising,Weak Down,0.5932,Accumulation,93.9798,Overbought,2 - Advancing,mid,50.0,24.0,3 - Topping,19.0,,,,,,"2 - Advancing, but trend score 38 does not confirm long - no directional edge","2 - Advancing, but trend score 49 does not confirm long - no directional edge"
2023-01-12,15329.7001953125,15347.2001953125,15203.5498046875,15279.599609375,15254100,15482.018,15067.244,No,42.68,Neutral,Downtrend,Hold,Range,Bearish,31.08,Bear,Bearish confirmed,"Bear - all 4 components agree, trending ADX",41.5762,Neutral,-89.718,-70.9133,bearish fading,Neutral,-1.3276,-0.4131,full,56.06,Positive fading,46.68,Neutral,Bearish majority,None,"Neutral - majority agree, 1 dissenting",Lower Half,Trending,Bearish,Yes,No,Inside,21.86,Low,Stable,-12.66,Partial,"Low volatility, stable",Low vol - tight stops,Dry-up,Rising,Weak Down,0.6034,Accumulation,94.4774,Overbought,2 - Advancing,mid,50.0,25.0,3 - Topping,19.0,,,,,,"2 - Advancing, but trend score 37 does not confirm long - no directional edge","2 - Advancing, but trend score 49 does not confirm long - no directional edge"
2023-01-13,15295.900390625,15370.0498046875,15215.0,15346.099609375,16543300,15476.6878,15070.0187,No,44.4,Neutral,Downtrend,Hold,Range,Bearish,32.56,Bear,Bearish confirmed,"Bear - all 4 components agree, trending ADX",44.5629,Neutral,-86.9499,-74.1206,bearish fading,Neutral,-0.665,-0.2245,full,58.36,Positive accelerating,48.87,Neutral,Bearish majority,None,"Neutral - majority agree, 1 dissenting",Lower Half,Trending,Bearish,Yes,No,Inside,19.17,Very Low,Stable,-14.01,Partial,"Very Low volatility, stable",Low vol - tight stops,Dry-up,Rising,Weak Up,0.6221,Accumulation,95.6231,Overbought,2 - Advancing,mid,50.0,26.0,3 - Topping,19.0,,,,,,"2 - Advancing, but trend score 34 does not confirm long - no directional edge","2 - Advancing, but trend score 48 does not confirm long - no directional edge"
2023-01-16,15398.150390625,15421.25,15276.5,15305.4501953125,18627400,15469.9726,15072.3613,No,43.14,Neutral,Downtrend,Hold,Range,Bearish,31.58,Bear,Bearish confirmed,"Bear - all 4 components agree, trending ADX",43.1121,Neutral,-87.0329,-76.7031,bearish fading,Neutral,-1.4056,-0.4244,full,56.62,Positive fading,47.45,Neutral,Bearish majority,None,"Neutral - majority agree, 1 dissenting",Lower Half,Trending,Bearish,Yes,No,Inside,15.68,Very Low,Stable,-12.18,Partial,"Very Low volatility, stable",Low vol - tight stops,Dry-up,Rising,Weak Down,0.6301,Accumulation,95.6102,Overbought,2 - Advancing,mid,50.0,27.0,3 - Topping,19.0,,,,,,"2 - Advancing, but trend score 37 does not confirm long - no directional edge","2 - Advancing, but trend score 40 does not confirm long - no directional edge"
2023-01-17,15328.849609375,15411.0,15291.599609375,15396.150390625,16620100,15467.0777,15075.5831,No,44.94,Neutral,Downtrend,Hold,Range,Bearish,33.41,Bear,Bearish confirmed,"Bear - all 4 components agree, trending ADX",47.2397,Neutral,-78.8708,-77.1366,bearish fading,Neutral,-1.039,-0.317,full,56.57,Positive fading,49.79,Neutral,Mixed,Bullish divergence,Neutral - bullish divergence vs price over 21 bars,Lower Half,Trending,Bearish,Yes,No,Inside,13.02,Very Low,Stable,-10.91,Confirmed,"Very Low volatility, squeeze confirmed - expansion pending",Coiled - low vol squeeze,Dry-up,Rising,Weak Up,0.6283,Accumulation,95.5969,Overbought,2 - Advancing,mid,50.0,28.0,3 - Topping,19.0,,,,,,"2 - Advancing, but trend score 34 does not confirm long - no directional edge","2 - Advancing, but trend score 41 does not confirm long - no directional edge"
2023-01-18,15416.599609375,15479.650390625,15376.5,15466.349609375,14567100,15467.0491,15079.4713,No,47.45,Neutral,Downtrend,Hold,Range,Bearish,35.22,Bear,Bearish confirmed,"Bear - all 4 components agree, trending ADX",50.2485,Neutral,-65.9773,-74.9048,Bullish crossover,Neutral,0.4765,0.1125,full,55.44,Positive fading,52.77,Neutral,Bullish majority,Bullish divergence,Neutral - bullish divergence vs price over 21 bars,Upper Half,Trending,Bearish,Yes,No,Inside,11.15,Very Low,Stable,-13.61,Confirmed,"Very Low volatility, squeeze confirmed - expansion pending",Coiled - low vol squeeze,Dry-up,Rising,Weak Up,0.6272,Accumulation,95.5844,Overbought,2 - Advancing,mid,50.0,29.0,3 - Topping,19.0,,,,,,"2 - Advancing, but trend score 32 does not confirm long - no directional edge","2 - Advancing, but trend score 38 does not confirm long - no directional edge"
2023-01-19,15427.150390625,15455.150390625,15387.25,15419.7001953125,13979400,15465.1923,15082.8567,No,48.24,Neutral,Downtrend,Hold,Uptrend (HH+HL),Bearish,44.88,Neutral,Bearish majority,"Neutral - majority agree, 1 dissenting, trending ADX",48.2782,Neutral,-58.8449,-71.6928,bearish accelerating,Neutral,0.2177,0.0465,full,54.66,Positive fading,53.64,Neutral,Bullish majority,Bullish divergence,Neutral - bullish divergence vs price over 21 bars,Upper Half,Trending,Bearish,No,No,Inside,9.6,Very Low,Stable,-15.32,Confirmed,"Very Low volatility, squeeze confirmed - expansion pending",Coiled - low vol squeeze,Dry-up,Rising,Weak Down,0.6412,Accumulation,94.9705,Overbought,2 - Advancing,mid,50.0,30.0,3 - Topping,19.0,,,,,,"2 - Advancing, but trend score 31 does not confirm long - no directional edge","2 - Advancing, but trend score 37 does not confirm long - no directional edge"
2023-01-20,15428.2001953125,15443.4501953125,15336.7001953125,15347.900390625,14565800,15460.5926,15085.4939,No,47.82,Neutral,Downtrend,Hold,Uptrend (HH+HL),Bearish,43.78,Neutral,Bearish majority,"Neutral - majority agree, 1 dissenting, trending ADX",45.3319,Neutral,-58.3139,-69.017,bearish fading,Neutral,0.497,0.1307,full,53.12,Positive fading,51.62,Neutral,Bullish majority,Bullish divergence,Neutral - bullish divergence vs price over 21 bars,Lower Half,Trending,Bearish,No,No,Inside,7.38,Very Low,Stable,-18.77,Confirmed,"Very Low volatility, squeeze confirmed - expansion pending",Coiled - low vol squeeze,Dry-up,Rising,Weak Down,0.6459,Accumulation,43.9339,Neutral,2 - Advancing,mid,50.0,31.0,3 - Topping,19.0,,,,,,"2 - Advancing, but trend score 33 does not confirm long - no directional edge","2 - Advancing, but trend score 34 does not confirm long - no directional edge"
2023-01-23,15411.5,15427.5,15364.25,15403.2001953125,17463500,15458.3419,15088.6552,No,49.05,Neutral,Downtrend,Hold,Uptrend (HH+HL),Bearish,44.94,Neutral,Bearish majority,"Neutral - majority agree, 1 dissenting, trending ADX",47.9658,Neutral,-52.822,-65.778,bearish accelerating,Neutral,-0.3036,-0.0917,full,54.27,Positive accelerating,52.4,Neutral,Bullish majority,Bullish divergence,Neutral - bullish divergence vs price over 21 bars,Upper Half,Trending,Bearish,No,No,Inside,5.99,Very Low,Contracting,-20.12,Confirmed,"Very Low volatility, squeeze confirmed - expansion pending",Coiled - low vol squeeze,Dry-up,Rising,Weak Up,0.66,Accumulation,43.0864,Neutral,2 - Advancing,mid,50.0,32.0,3 - Topping,19.0,,,,,,"2 - Advancing, but trend score 32 does not confirm long - no directional edge","2 - Advancing, but trend score 37 does not confirm long - no directional edge"
2023-01-24,15451.2001953125,15459.2998046875,15364.2001953125,15388.5498046875,13851600,15455.605,15091.6392,No,49.15,Neutral,Downtrend,Hold,Uptrend (HH+HL),Bearish,44.78,Neutral,Bearish majority,"Neutral - majority agree, 1 dissenting, trending ADX",47.3154,Neutral,-49.0859,-62.4396,bearish accelerating,Neutral,0.413,0.1133,full,52.5,Positive fading,52.1,Neutral,Bullish majority,None,"Neutral - majority agree, 1 dissenting",Lower Half,Trending,Bearish,No,No,Inside,4.68,Very Low,Contracting,-23.05,Confirmed,"Very Low volatility, squeeze confirmed - expansion pending",Coiled - low vol squeeze,Dry-up,Rising,Weak Down,0.652,Accumulation,50.7253,Neutral,2 - Advancing,mid,50.0,33.0,3 - Topping,19.0,,,,,,"2 - Advancing, but trend score 33 does not confirm long - no directional edge","2 - Advancing, but trend score 34 does not confirm long - no directional edge"
2023-01-25,15364.400390625,15368.7001953125,15146.400390625,15171.9501953125,17964600,15444.4813,15092.4383,No,44.78,Neutral,Downtrend,Hold,Range,Bearish,31.22,Bear,Bearish confirmed,"Bear - all 4 components agree, trending ADX",38.9141,Neutral,-62.878,-62.5273,Bearish crossover,Neutral,-0.8457,-0.2428,full,50.18,Positive fading,46.2,Neutral,Mixed,Bullish divergence,Neutral - bullish divergence vs price over 21 bars,Below Lower,Trending,Bearish,No,No,Breakout Down,6.47,Very Low,Stable,-17.94,Confirmed,"Very Low volatility, squeeze confirmed - expansion pending",Coiled - low vol squeeze,Dry-up,Rising,Weak Down,0.6447,Accumulation,50.6749,Neutral,2 - Advancing,mid,50.0,34.0,3 - Topping,19.0,,,,,,"2 - Advancing, but trend score 35 does not confirm long - no directional edge","2 - Advancing, but trend score 32 does not confirm long - no directional edge"
2023-01-27,15160.150390625,15165.400390625,14779.099609375,14874.75,23619800,15422.1389,15090.2723,Yes,37.79,Bear,Downtrend,Hold,Range,Bearish,27.52,Bear,Bearish confirmed,"Bear - all 4 components agree, trending ADX",30.8261,Oversold,-96.6755,-69.3569,bearish accelerating,Neutral,-2.6496,-0.7508,full,45.15,Negative accelerating,37.83,Bearish,Bearish confirmed,None,Bearish - all 4 components agree incl. MACD acceleration,Below Lower,Trending,Bearish,Yes,No,Breakout Down,14.8,Very Low,Stable,-7.06,Partial,"Very Low volatility, stable",Vol contracting,Dry-up,Rising,Weak Down,0.6331,Accumulation,49.4184,Neutral,2 - Advancing,mid,50.0,35.0,3 - Topping,19.0,,,,,,"2 - Advancing, but trend score 45 does not confirm long - no directional edge","2 - Advancing, but trend score 31 does not confirm long - no directional edge"
2023-01-30,14807.5,14955.150390625,14675.0498046875,14854.2001953125,21766700,15399.8667,15087.9233,Yes,36.36,Bear,Downtrend,Hold,Range,Bearish,28.36,Bear,Bearish confirmed,"Bear - all 4 components agree, trending ADX",30.3563,Oversold,-123.6926,-80.224,bearish accelerating,Oversold,-3.2054,-0.9048,full,44.92,Negative accelerating,34.24,Bearish,Bearish confirmed,None,Bearish - all 4 components agree incl. MACD acceleration,Below Lower,Trending,Bearish,Yes,Yes,Near Lower,26.78,Low,Stable,7.62,Partial,"Low volatility, stable",Normal vol,Dry-up,Rising,Weak Down,0.6417,Accumulation,41.5093,Neutral,2 - Advancing,mid,50.0,36.0,3 - Topping,19.0,,,,,,"2 - Advancing, but trend score 44 does not confirm long - no directional edge","2 - Advancing, but trend score 33 does not confirm long - no directional edge"
2023-01-31,14906.4501953125,14962.9501953125,14787.849609375,14935.5,21357100,15381.6563,15086.4067,Yes,36.75,Bear,Downtrend,Hold,Range,Bearish,29.6,Bear,Bearish confirmed,"Bear - all 4 components agree, trending ADX",34.6028,Oversold,-136.9647,-91.5722,bearish accelerating,Neutral,-2.4171,-0.6866,full,43.67,Negative accelerating,35.93,Bearish,Bearish confirmed,None,Bearish - all 4 components agree incl. MACD acceleration,At Lower,Trending,Bearish,Yes,Yes,Inside,28.73,Low,Stable,13.06,No,"Low volatility, stable",Normal vol,Normal,Falling,Confirmed Up,-0.0238,Neutral,49.3223,Neutral,2 - Advancing,mid,50.0,37.0,3 - Topping,19.0,,,,,,"2 - Advancing, but trend score 45 does not confirm long - no directional edge","2 - Advancing, but trend score 32 does not confirm long - no directional edge"
2023-02-01,15054.7998046875,15154.099609375,14622.650390625,14847.650390625,26382500,15360.7149,15084.031,Yes,28.74,Bear,Downtrend,Hold,Range,Bearish,25.61,Bear,Bearish confirmed,"Bear - all 4 components agree, trending ADX",32.3102,Oversold,-152.8103,-103.8198,bearish accelerating,Neutral,-3.5626,-1.0145,full,41.12,Negative accelerating,34.61,Bearish,Bearish confirmed,None,Bearish - all 4 components agree incl. MACD acceleration,At Lower,Trending,Bearish,Yes,Yes,Inside,38.22,Low,Expanding,25.2,Partial,Squeeze releasing - expanding 4 bars after compression,Normal vol,Normal,Falling,Confirmed Down,-0.0651,Distribution,47.4624,Neutral,2 - Advancing,mid,40.0,38.0,3 - Topping,19.0,,,,,,"2 - Advancing, but trend score 45 does not confirm long - no directional edge","2 - Advancing, but trend score 33 does not confirm long - no directional edge"
2023-02-02,14760.349609375,14887.4501953125,14698.400390625,14839.400390625,20569100,15340.2712,15081.5968,Yes,28.69,Bear,Downtrend,Hold,Range,Bearish,25.48,Bear,Bearish confirmed,"Bear - all 4 components agree, trending ADX",32.0952,Oversold,-164.1416,-115.8841,bearish fading,Neutral,-4.0536,-1.1611,full,41.51,Negative fading,34.81,Bearish,Bearish confirmed,None,Bearish - all 4 components agree incl. MACD acceleration,Lower Half,Trending,Bearish,Yes,Yes,Inside,40.95,Normal,Expanding,29.8,No,Squeeze releasing - expanding 5 bars after compression,Normal vol,Normal,Falling,Confirmed Down,0.0127,Neutral,46.5927,Neutral,2 - Advancing,mid,40.0,39.0,3 - Topping,19.0,,,,,,"2 - Advancing, but trend score 31 does not confirm long - no directional edge","2 - Advancing, but trend score 35 does not confirm long - no directional edge"
2023-02-03,14904.099609375,14972.150390625,14746.4501953125,14962.349609375,20226200,15325.4507,15080.4103,Yes,29.95,Bear,Downtrend,Hold,Range,Bearish,27.59,Bear,Bearish confirmed,"Bear - all 4 components agree, trending ADX",38.6489,Neutral,-161.3409,-124.9755,bearish fading,Neutral,-2.966,-0.8587,full,43.25,Negative fading,38.68,Bearish,Bearish confirmed,None,Bearish - all 4 components agree incl. MACD acceleration,Lower Half,Trending,Bearish,Yes,Yes,Inside,39.32,Low,Expanding,29.72,No,Squeeze releasing - expanding 6 bars after compression,Normal vol,Normal,Falling,Confirmed Up,0.0574,Accumulation,47.2406,Neutral,2 - Advancing,mid,40.0,40.0,3 - Topping,19.0,,,,,,"2 - Advancing, but trend score 28 does not confirm long - no directional edge","2 - Advancing, but trend score 45 does not confirm long - no directional edge"
2023-02-06,14939.400390625,14954.2998046875,14870.5498046875,14934.150390625,21782900,15310.1056,15078.955,Yes,29.66,Bear,Downtrend,Hold,Range,Bearish,27.1,Bear,Bearish confirmed,"Bear - all 4 components agree, trending ADX",37.749,Neutral,-159.5575,-131.8919,bearish fading,Neutral,-2.6958,-0.7864,full,42.32,Negative accelerating,39.38,Bearish,Bearish confirmed,None,Bearish - all 4 components agree incl. MACD acceleration,Lower Half,Trending,Bearish,Yes,Yes,Inside,38.59,Low,Expanding,31.21,No,Squeeze releasing - expanding 7 bars after compression,Normal vol,Normal,Falling,Confirmed Down,0.1106,Accumulation,47.7606,Neutral,2 - Advancing,mid,40.0,41.0,3 - Topping,19.0,,,,,,"2 - Advancing, but trend score 28 does not confirm long - no directional edge","2 - Advancing, but trend score 44 does not confirm long - no directional edge"
2023-02-07,14950.150390625,14970.7998046875,14845.9501953125,14902.2001953125,16800000,15294.1093,15077.1962,Yes,29.54,Bear,Downtrend,Hold,Range,Bearish,26.63,Bear,Bearish confirmed,"Bear - all 4 components agree, trending ADX",36.7062,Neutral,-158.8906,-137.2916,bearish fading,Neutral,-3.2526,-0.949,full,40.87,Negative accelerating,39.54,Bearish,Bearish confirmed,None,Bearish - all 4 components agree incl. MACD acceleration,Lower Half,Trending,Bearish,No,Yes,Inside,37.54,Low,Expanding,31.55,No,Squeeze releasing - expanding 8 bars after compression,Normal vol,Normal,Falling,Weak Down,0.0778,Accumulation,41.4157,Neutral,2 - Advancing,mid,40.0,42.0,3 - Topping,19.0,,,,,,"2 - Advancing, but trend score 30 does not confirm long - no directional edge","2 - Advancing, but trend score 45 does not confirm long - no directional edge"
2023-02-08,14927.5498046875,15046.7001953125,14924.0498046875,15028.2998046875,17301500,15283.6854,15076.7097,Yes,32.99,Bear,Downtrend,Hold,Downtrend (LH+LL),Bearish,19.54,Strong Bear,Bearish confirmed,"Strong Bear - all 4 components agree, trending ADX",43.3571,Neutral,-146.4982,-139.133,bearish fading,Neutral,-2.341,-0.6853,full,43.08,Negative fading,44.07,Neutral,Bearish confirmed,None,Neutral - all 4 components agree incl. MACD acceleration,Lower Half,Trending,Bearish,No,Yes,Inside,35.87,Low,Expanding,31.19,No,Squeeze releasing - expanding 9 bars after compression,Normal vol,Normal,Falling,Weak Up,0.1282,Accumulation,41.9195,Neutral,2 - Advancing,mid,40.0,43.0,3 - Topping,19.0,,,,,,2 - Advancing but stage confidence only 40 - regime not established,"2 - Advancing, but trend score 45 does not confirm long - no directional edge"
2023-02-09,15036.849609375,15054.75,14956.900390625,15030.099609375,15692900,15273.7409,15076.2459,Yes,34.85,Bear,Downtrend,Hold,Downtrend (LH+LL),Bearish,20.22,Strong Bear,Bearish confirmed,"Strong Bear - all 4 components agree, trending ADX",43.4484,Neutral,-134.976,-138.3016,Bullish crossover,Neutral,-0.935,-0.2816,full,44.69,Negative fading,46.23,Neutral,Bearish majority,None,Neutral - price momentum agrees but MACD shows deceleration,Lower Half,Trending,Bearish,No,Yes,Inside,33.37,Low,Expanding,26.9,No,Squeeze releasing - expanding 10 bars after compression,Normal vol,Normal,Falling,Weak Up,0.1608,Accumulation,47.5402,Neutral,3 - Topping,early,60.0,1.0,2 - Advancing,43.0,,,,,,2 - Advancing but stage confidence only 40 - regime not established,"2 - Advancing, but trend score 31 does not confirm long - no directional edge"
2023-02-10,14992.650390625,15031.099609375,14969.5498046875,15015.849609375,15674600,15263.6275,15075.6449,Yes,35.23,Bear,Downtrend,Hold,Downtrend (LH+LL),Bearish,20.16,Strong Bear,Bearish confirmed,"Strong Bear - all 4 components agree, trending ADX",42.8591,Neutral,-125.5472,-135.7507,bearish accelerating,Neutral,0.9486,0.2587,full,41.91,Negative accelerating,46.53,Neutral,Bearish majority,None,Neutral - price momentum agrees but MACD shows deceleration,Lower Half,Trending,Bearish,No,Yes,Inside,28.37,Low,Stable,13.57,No,"Low volatility, stable",Normal vol,Normal,Falling,Weak Down,0.1798,Accumulation,47.4084,Neutral,3 - Topping,early,60.0,2.0,2 - Advancing,43.0,,,,,,2 - Advancing but stage confidence only 40 - regime not established,"2 - Advancing, but trend score 28 does not confirm long - no directional edge"
2023-02-13,15011.349609375,15022.5498046875,14875.849609375,14900.5,13892400,15249.3872,15073.9022,Yes,33.93,Bear,Downtrend,Hold,Downtrend (LH+LL),Bearish,18.14,Strong Bear,Bearish confirmed,"Strong Bear - all 4 components agree, trending ADX",38.3275,Neutral,-125.9309,-133.7867,bearish fading,Neutral,0.3117,0.0723,full,40.42,Negative accelerating,43.84,Neutral,Bearish majority,None,Neutral - price momentum agrees but MACD shows deceleration,Lower Half,Trending,Bearish,No,No,Inside,27.66,Low,Stable,0.87,No,"Low volatility, stable",Vol contracting,Normal,Falling,Weak Down,0.1241,Accumulation,41.4023,Neutral,3 - Topping,early,60.0,3.0,2 - Advancing,43.0,,,,,,2 - Advancing but stage confidence only 40 - regime not established,"2 - Advancing, but trend score 28 does not confirm long - no directional edge"
2023-02-14,14936.2001953125,14988.0,14879.349609375,14968.900390625,13173500,15238.3877,15072.8574,Yes,35.17,Bear,Downtrend,Hold,Downtrend (LH+LL),Bearish,19.5,Strong Bear,Bearish confirmed,"Strong Bear - all 4 components agree, trending ADX",42.2283,Neutral,-119.34,-130.8974,bearish accelerating,Neutral,0.2236,0.0477,full,40.76,Negative fading,45.41,Neutral,Bearish majority,None,Neutral - price momentum agrees but MACD shows deceleration,Lower Half,Trending,Bearish,No,No,Inside,25.0,Low,Stable,-3.73,No,"Low volatility, stable",Low vol - tight stops,Normal,Falling,Weak Up,0.1812,Accumulation,41.1593,Neutral,3 - Topping,early,60.0,4.0,2 - Advancing,43.0,,,,,,2 - Advancing but stage confidence only 40 - regime not established,"2 - Advancing, but trend score 30 does not confirm long - no directional edge"
2023-02-15,14939.0,15053.5498046875,14923.25,15039.650390625,12612200,15230.5941,15072.527,Yes,29.81,Bear,Downtrend,Hold,Downtrend (LH+LL),Bearish,18.99,Strong Bear,Bearish confirmed,"Strong Bear - all 4 components agree, trending ADX",46.0307,Neutral,-107.1722,-126.1524,bearish accelerating,Neutral,1.2931,0.3566,full,42.04,Negative fading,48.9,Neutral,Mixed,Bullish divergence,Neutral - bullish divergence vs price over 21 bars,Lower Half,Trending,Bearish,No,No,Inside,22.5,Low,Stable,-15.72,No,"Low volatility, stable",Low vol - tight stops,Normal,Falling,Weak Up,0.176,Accumulation,46.9146,Neutral,3 - Topping,early,40.0,5.0,2 - Advancing,43.0,,,,,,2 - Advancing but stage confidence only 40 - regime not established,2 - Advancing but stage confidence only 40 - regime not established
2023-02-16,15098.4501953125,15135.349609375,15060.0,15083.75,12628100,15224.8355,15072.6387,No,38.15,Bear,Downtrend,Hold,Downtrend (LH+LL),Bearish,23.55,Strong Bear,Bearish confirmed,"Strong Bear - all 4 components agree, trending ADX",48.3143,Neutral,-92.8999,-119.5019,bearish accelerating,Neutral,1.6466,0.4606,full,43.42,Negative fading,52.92,Neutral,Mixed,Bullish divergence,Neutral - bullish divergence vs price over 21 bars,Upper Half,Trending,Bearish,No,No,Inside,19.84,Very Low,Contracting,-21.11,No,"Very Low volatility, contracting - coiling, watch for breakout",Low vol - tight stops,Normal,Falling,Weak Up,0.1329,Accumulation,54.0673,Neutral,3 - Topping,early,60.0,6.0,2 - Advancing,43.0,,,,,,3 - Topping - no new positions in a basing/topping stage,2 - Advancing but stage confidence only 40 - regime not established
2023-02-17,15036.25,15077.0,14966.2998046875,15003.9501953125,11788700,15216.1733,15071.9552,Yes,30.8,Bear,Downtrend,Hold,Downtrend (LH+LL),Bearish,20.46,Strong Bear,Bearish confirmed,"Strong Bear - all 4 components agree, trending ADX",44.634,Neutral,-87.0249,-113.0065,bearish fading,Neutral,0.278,0.066,full,42.97,Negative accelerating,52.61,Neutral,Mixed,None,"Neutral - components mixed, low conviction",Lower Half,Trending,Bearish,No,No,Inside,16.98,Very Low,Contracting,-22.34,No,"Very Low volatility, contracting - coiling, watch for breakout",Low vol - tight stops,Normal,Falling,Weak Down,0.1247,Accumulation,56.2663,Neutral,3 - Topping,mid,40.0,7.0,2 - Advancing,43.0,,,,,,3 - Topping - no new positions in a basing/topping stage,2 - Advancing but stage confidence only 40 - regime not established
2023-02-20,15023.4501953125,15036.4501953125,14920.7001953125,14938.650390625,14870400,15205.2901,15070.6288,Yes,30.59,Bear,Downtrend,Hold,Downtrend (LH+LL),Bearish,19.85,Strong Bear,Bearish confirmed,"Strong Bear - all 4 components agree, trending ADX",41.8263,Neutral,-86.6394,-107.7331,bearish fading,Neutral,0.0301,-0.0098,full,43.33,Negative fading,50.65,Neutral,Mixed,None,"Neutral - components mixed, low conviction",Lower Half,Trending,Bearish,No,No,Inside,14.64,Very Low,Contracting,-23.95,No,"Very Low volatility, contracting - coiling, watch for breakout",Low vol - tight stops,Normal,Falling,Weak Down,0.1282,Accumulation,48.6872,Neutral,3 - Topping,mid,40.0,8.0,2 - Advancing,43.0,,,,,,3 - Topping - no new positions in a basing/topping stage,2 - Advancing but stage confidence only 40 - regime not established
2023-02-21,14982.0,14992.7001953125,14894.150390625,14913.9501953125,13621400,15193.865,15069.0698,Yes,30.14,Bear,Downtrend,Hold,Downtrend (LH+LL),Bearish,19.57,Strong Bear,Bearish confirmed,"Strong Bear - all 4 components agree, trending ADX",40.7813,Neutral,-87.3204,-103.6505,bearish fading,Neutral,0.0788,0.0019,full,42.32,Negative accelerating,48.0,Neutral,Mixed,None,"Neutral - components mixed, low conviction",Lower Half,Trending,Bearish,No,No,Inside,12.03,Very Low,Contracting,-25.51,Partial,"Very Low volatility, contracting - coiling, watch for breakout",Low vol - tight stops,Normal,Falling,Weak Down,0.0943,Accumulation,51.477,Neutral,3 - Topping,mid,40.0,9.0,2 - Advancing,43.0,,,,,,3 - Topping - no new positions in a basing/topping stage,2 - Advancing but stage confidence only 40 - regime not established
2023-02-22,14854.150390625,14861.0498046875,14674.25,14701.900390625,14453300,15174.5723,15065.4164,Yes,25.11,Bear,Downtrend,Hold,Downtrend (LH+LL),Bearish,16.3,Strong Bear,Bearish confirmed,"Strong Bear - all 4 components agree, trending ADX",33.1289,Oversold,-103.7745,-103.6753,Bearish crossover,Neutral,-2.1719,-0.6528,full,39.24,Negative accelerating,40.35,Bearish,Bearish majority,None,Bearish - price momentum agrees but MACD shows deceleration,Below Lower,Trending,Bearish,No,No,Near Lower,14.17,Very Low,Contracting,-21.71,Confirmed,"Very Low volatility, squeeze confirmed - expansion pending",Coiled - low vol squeeze,Normal,Falling,Weak Down,0.0843,Accumulation,52.9451,Neutral,3 - Topping,mid,40.0,10.0,2 - Advancing,43.0,,,,,,3 - Topping but stage confidence only 40 - regime not established,2 - Advancing but stage confidence only 40 - regime not established
2023-02-23,14715.2001953125,14740.7998046875,14599.099609375,14666.75,17382800,15154.6577,15061.4495,Yes,21.81,Bear,Downtrend,Hold,Downtrend (LH+LL),Bearish,15.34,Strong Bear,Bearish confirmed,"Strong Bear - all 4 components agree, trending ADX",32.0551,Oversold,-118.2873,-106.5977,bearish accelerating,Neutral,-2.4175,-0.7241,full,37.07,Negative accelerating,36.23,Bearish,Bearish confirmed,None,Bearish - all 4 components agree incl. MACD acceleration,Below Lower,Trending,Bearish,Yes,No,Near Lower,13.01,Very Low,Contracting,-20.36,Confirmed,"Very Low volatility, squeeze confirmed - expansion pending",Coiled - low vol squeeze,Normal,Falling,Confirmed Down,0.1222,Accumulation,44.1899,Neutral,3 - Topping,mid,40.0,11.0,2 - Advancing,43.0,,,,,,3 - Topping - no new positions in a basing/topping stage,3 - Topping - no new positions in a basing/topping stage
2023-02-24,14723.400390625,14741.9501953125,14598.9501953125,14630.4501953125,14434600,15134.1005,15057.161,Yes,20.54,Bear,Downtrend,Hold,Downtrend (LH+LL),Bearish,13.82,Strong Bear,Bearish confirmed,"Strong Bear - all 4 components agree, trending ADX",30.9399,Oversold,-131.2055,-111.5193,bearish accelerating,Oversold,-2.5666,-0.7672,full,36.05,Negative accelerating,32.98,Bearish,Bearish confirmed,None,Bearish - all 4 components agree incl. MACD acceleration,Below Lower,Trending,Bearish,Yes,No,Near Lower,11.97,Very Low,Stable,-16.41,Partial,"Very Low volatility, stable",Low vol - tight stops,Normal,Falling,Weak Down,0.137,Accumulation,35.1707,Neutral,3 - Topping,mid,40.0,12.0,2 - Advancing,43.0,,,,,,3 - Topping but stage confidence only 40 - regime not established,3 - Topping - no new positions in a basing/topping stage
2023-02-27,14600.900390625,14609.400390625,14465.7001953125,14548.7001953125,13597900,15111.1436,15052.1017,Yes,19.52,Strong Bear,Downtrend,Hold,Downtrend (LH+LL),Bearish,13.22,Strong Bear,Bearish confirmed,"Strong Bear - all 4 components agree, trending ADX",28.5323,Oversold,-146.3526,-118.486,bearish accelerating,Oversold,-2.361,-0.7066,full,34.34,Negative accelerating,31.14,Bearish,Bearish confirmed,None,Bearish but oversold on RSI and Stochastic - stretched,Below Lower,Trending,Bearish,Yes,No,Breakout Down,14.32,Very Low,Stable,-13.33,Partial,"Very Low volatility, stable",Low vol - tight stops,Normal,Falling,Weak Down,0.1283,Accumulation,35.7895,Neutral,3 - Topping,mid,40.0,13.0,2 - Advancing,43.0,,,,,,3 - Topping but stage confidence only 40 - regime not established,3 - Topping - no new positions in a basing/topping stage
2023-02-28,14550.0,14584.4501953125,14476.0,14518.75,20385500,15087.9125,15046.7947,Yes,19.32,Strong Bear,Downtrend,Hold,Downtrend (LH+LL),Bearish,13.0,Strong Bear,Bearish confirmed,"Strong Bear - all 4 components agree, trending ADX",27.6824,Oversold,-158.9415,-126.5771,bearish accelerating,Oversold,-3.0072,-0.8931,full,33.64,Negative accelerating,30.02,Bearish,Bearish confirmed,None,Bearish but oversold on RSI and Stochastic - stretched,Below Lower,Trending,Bearish,Yes,No,Near Lower,17.02,Very Low,Stable,-7.98,No,"Very Low volatility, stable",Low vol - tight stops,Normal,Falling,Confirmed Down,0.0707,Accumulation,26.7966,Neutral,3 - Topping,mid,40.0,14.0,2 - Advancing,43.0,,,,,,3 - Topping but stage confidence only 40 - regime not established,3 - Topping - no new positions in a basing/topping stage
2023-03-01,14557.0,14675.0498046875,14550.099609375,14664.849609375,16097000,15071.3218,15042.9942,Yes,20.97,Bear,Downtrend,Hold,Downtrend (LH+LL),Bearish,15.61,Strong Bear,Bearish confirmed,"Strong Bear - all 4 components agree, trending ADX",37.4676,Neutral,-155.3385,-132.3293,bearish fading,Oversold,-2.4921,-0.7454,full,33.93,Negative fading,34.96,Bearish,Bearish confirmed,None,Bearish - all 4 components agree incl. MACD acceleration,Lower Half,Trending,Bearish,Yes,No,Inside,17.7,Very Low,Stable,-4.8,No,"Very Low volatility, stable",Low vol - tight stops,Normal,Falling,Confirmed Up,0.1282,Accumulation,26.7939,Neutral,3 - Topping,mid,40.0,15.0,2 - Advancing,43.0,,,,,,3 - Topping but stage confidence only 40 - regime not established,3 - Topping but stage confidence only 40 - regime not established
2023-03-02,14654.7998046875,14668.400390625,14575.9501953125,14587.25,15599200,15052.3386,15038.4595,Yes,20.35,Bear,Downtrend,Hold,Downtrend (LH+LL),Bearish,14.32,Strong Bear,Bearish confirmed,"Strong Bear - all 4 components agree, trending ADX",34.776,Neutral,-156.9357,-137.2506,bearish fading,Oversold,-3.2916,-0.9954,full,32.3,Negative accelerating,34.21,Bearish,Bearish confirmed,None,Bearish - all 4 components agree incl. MACD acceleration,Lower Half,Trending,Bearish,Yes,No,Near Lower,16.87,Very Low,Stable,-2.98,No,"Very Low volatility, stable",Low vol - tight stops,Normal,Falling,Weak Down,0.0601,Accumulation,26.8585,Neutral,3 - Topping,mid,40.0,16.0,2 - Advancing,43.0,,,,,,3 - Topping but stage confidence only 40 - regime not established,3 - Topping - no new positions in a basing/topping stage
2023-03-03,14686.25,14813.0498046875,14676.0498046875,14774.75,18314000,15041.4528,15035.8355,Yes,23.31,Bear,Downtrend,Hold,Downtrend (LH+LL),Bearish,17.96,Strong Bear,Bearish confirmed,"Strong Bear - all 4 components agree, trending ADX",45.0481,Neutral,-141.4414,-138.0888,bearish fading,Neutral,-1.5276,-0.4828,full,35.11,Negative fading,41.42,Bearish,Bearish confirmed,Bullish divergence,Bearish - bullish divergence vs price over 21 bars,Lower Half,Trending,Bearish,Yes,No,Inside,19.4,Very Low,Stable,2.42,No,"Very Low volatility, stable",Low vol - tight stops,Normal,Falling,Confirmed Up,0.027,Neutral,35.0662,Neutral,3 - Topping,mid,40.0,17.0,2 - Advancing,43.0,,,,,,3 - Topping but stage confidence only 40 - regime not established,3 - Topping but stage confidence only 40 - regime not established
2023-03-06,14848.349609375,14942.0498046875,14843.7001953125,14881.0,16186000,15035.1605,15034.2949,Yes,27.58,Bear,Downtrend,Hold,Downtrend (LH+LL),Bearish,21.81,Strong Bear,Bearish confirmed,"Strong Bear - all 4 components agree, trending ADX",49.8663,Neutral,-119.2143,-134.3139,Bullish crossover,Neutral,-0.3859,-0.1466,full,36.39,Negative fading,46.54,Neutral,Bearish majority,Bullish divergence,Neutral - bullish divergence vs price over 21 bars,Upper Half,Trending,Bearish,No,Yes,Inside,19.68,Very Low,Stable,5.04,No,"Very Low volatility, stable",Low vol - tight stops,Normal,Falling,Confirmed Up,-0.0225,Neutral,35.9809,Neutral,3 - Topping,mid,40.0,18.0,2 - Advancing,43.0,,,,,,3 - Topping but stage confidence only 40 - regime not established,3 - Topping but stage confidence only 40 - regime not established
2023-03-08,14843.099609375,14932.400390625,14791.25,14921.9501953125,13836400,15030.7209,15033.177,Yes,24.38,Bear,Downtrend,Hold,Downtrend (LH+LL),Bearish,22.24,Strong Bear,Bearish confirmed,"Strong Bear - all 4 components agree, trending ADX",51.6268,Neutral,-97.1747,-126.8861,bearish accelerating,Neutral,0.0536,-0.022,full,37.43,Negative fading,50.91,Neutral,Bullish majority,Bullish divergence,Neutral - bullish divergence vs price over 21 bars,Upper Half,Trending,Bearish,No,Yes,Inside,19.4,Very Low,Stable,7.38,No,"Very Low volatility, stable",Low vol - tight stops,Normal,Falling,Weak Up,0.0219,Neutral,29.778,Neutral,3 - Topping,mid,20.0,19.0,2 - Advancing,43.0,,,,,,3 - Topping but stage confidence only 40 - regime not established,3 - Topping but stage confidence only 40 - regime not established
2023-03-09,14947.0498046875,14952.849609375,14788.900390625,14803.9501953125,13376000,15021.8279,15030.8961,Yes,23.95,Bear,Downtrend,Hold,Downtrend (LH+LL),Bearish,21.45,Strong Bear,Bearish confirmed,"Strong Bear - all 4 components agree, trending ADX",46.5538,Neutral,-88.2129,-119.1514,bearish accelerating,Neutral,0.6941,0.1619,full,36.66,Negative accelerating,49.62,Neutral,Mixed,Bullish divergence,Neutral - bullish divergence vs price over 21 bars,Lower Half,Trending,Bearish,No,No,Inside,20.16,Low,Stable,5.99,No,"Low volatility, stable",Low vol - tight stops,Normal,Falling,Weak Down,-0.0552,Distribution,23.6625,Neutral,3 - Topping,late,20.0,20.0,2 - Advancing,43.0,,,,,,3 - Topping but stage confidence only 40 - regime not established,3 - Topping but stage confidence only 40 - regime not established
2023-03-10,14695.0498046875,14699.349609375,14593.400390625,14679.849609375,12540400,15008.417,15027.4031,Yes,23.34,Bear,Downtrend,Hold,Downtrend (LH+LL),Bearish,19.73,Strong Bear,Bearish confirmed,"Strong Bear - all 4 components agree, trending ADX",41.8916,Neutral,-90.086,-113.3383,bearish fading,Neutral,0.0893,-0.0248,full,34.52,Negative accelerating,45.76,Neutral,Mixed,Bullish divergence,Neutral - bullish divergence vs price over 21 bars,Lower Half,Trending,Bearish,No,Yes,Inside,22.58,Low,Stable,9.57,No,"Low volatility, stable",Normal vol,Normal,Falling,Weak Down,-0.0553,Distribution,23.6117,Neutral,3 - Topping,late,20.0,21.0,2 - Advancing,43.0,,,,,,3 - Topping but stage confidence only 40 - regime not established,3 - Topping but stage confidence only 40 - regime not established
2023-03-13,14681.5498046875,14752.849609375,14420.5,14454.4501953125,18200100,14986.6928,15021.7021,Yes,18.29,Strong Bear,Downtrend,Hold,Downtrend (LH+LL),Bearish,14.54,Strong Bear,Bearish confirmed,"Strong Bear - all 4 components agree, trending ADX",35.0299,Neutral,-108.5075,-112.3722,bearish fading,Neutral,-1.203,-0.4232,full,32.82,Negative accelerating,38.54,Bearish,Bearish majority,None,Bearish - price momentum agrees but MACD shows deceleration,Lower Half,Trending,Bearish,No,Yes,Breakout Down,32.7,Low,Expanding,20.73,No,Squeeze releasing - expanding 11 bars after compression,Normal vol,Normal,Falling,Confirmed Down,-0.1303,Distribution,23.3012,Neutral,3 - Topping,late,20.0,22.0,2 - Advancing,43.0,,,,,,3 - Topping but stage confidence only 40 - regime not established,3 - Topping but stage confidence only 40 - regime not established
2023-03-14,14462.0,14499.2001953125,14306.7998046875,14358.5498046875,15415200,14962.0598,15015.1036,Yes,13.73,Strong Bear,Downtrend,Hold,Downtrend (LH+LL),Bearish,11.55,Strong Bear,Bearish confirmed,"Strong Bear - all 4 components agree, trending ADX",32.5843,Oversold,-129.354,-115.7685,Bearish crossover,Oversold,-1.307,-0.4635,full,31.43,Negative accelerating,33.52,Bearish,Bearish confirmed,None,Bearish - all 4 components agree incl. MACD acceleration,At Lower,Trending,Bearish,No,Yes,Breakout Down,36.63,Low,Expanding,22.3,No,Squeeze releasing - expanding 12 bars after compression,Normal vol,Normal,Falling,Confirmed Down,-0.1226,Distribution,23.1683,Neutral,3 - Topping,late,20.0,23.0,2 - Advancing,43.0,,,,,,3 - Topping but stage confidence only 40 - regime not established,3 - Topping but stage confidence only 40 - regime not established
2023-03-15,14458.150390625,14494.349609375,14298.150390625,14320.2998046875,13865700,14936.8927,15008.1901,Yes,12.02,Strong Bear,Downtrend,Hold,Downtrend (LH+LL),Bearish,9.93,Strong Bear,Bearish confirmed,"Strong Bear - all 4 components agree, trending ADX",31.6357,Oversold,-147.2638,-122.0676,bearish accelerating,Oversold,-1.3669,-0.4854,full,30.08,Negative accelerating,30.19,Bearish,Bearish confirmed,None,Bearish - all 4 components agree incl. MACD acceleration,At Lower,Trending,Bearish,Yes,Yes,Near Lower,41.11,Normal,Expanding,24.09,No,Squeeze releasing - expanding 13 bars after compression,Normal vol,Normal,Falling,Weak Down,-0.1867,Distribution,23.2684,Neutral,3 - Topping,late,20.0,24.0,2 - Advancing,43.0,,,,,,3 - Topping but stage confidence only 20 - regime not established,3 - Topping but stage confidence only 40 - regime not established
2023-03-16,14328.5,14387.650390625,14189.0,14330.349609375,21668100,14913.1067,15001.4454,Yes,11.93,Strong Bear,Downtrend,Hold,Downtrend (LH+LL),Bearish,10.71,Strong Bear,Bearish confirmed,"Strong Bear - all 4 components agree, trending ADX",32.1943,Oversold,-158.8158,-129.4172,bearish accelerating,Oversold,-2.281,-0.7637,full,29.54,Negative accelerating,30.27,Bearish,Bearish confirmed,None,Bearish - all 4 components agree incl. MACD acceleration,Lower Half,Trending,Bearish,Yes,Yes,Near Lower,43.49,Normal,Expanding,25.79,No,Squeeze releasing - expanding 14 bars after compression,Normal vol,Normal,Falling,Confirmed Up,-0.1837,Distribution,22.8769,Neutral,3 - Topping,late,20.0,25.0,2 - Advancing,43.0,,,,,,3 - Topping but stage confidence only 20 - regime not established,3 - Topping but stage confidence only 40 - regime not established
2023-03-17,14436.25,14464.900390625,14327.75,14420.849609375,23358000,14893.8025,14995.6684,Yes,12.93,Strong Bear,Downtrend,Hold,Downtrend (LH+LL),Bearish,12.09,Strong Bear,Bearish confirmed,"Strong Bear - all 4 components agree, trending ADX",37.1724,Neutral,-158.8373,-135.3012,bearish fading,Oversold,-1.1407,-0.4115,full,32.73,Negative fading,34.24,Bearish,Bearish confirmed,None,Bearish - all 4 components agree incl. MACD acceleration,Lower Half,Trending,Bearish,Yes,Yes,Inside,43.57,Normal,Expanding,26.71,No,Squeeze releasing - expanding 15 bars after compression,Normal vol,Normal,Falling,Confirmed Up,-0.1367,Distribution,31.9621,Neutral,1 - Basing,early,20.0,1.0,3 - Topping,25.0,,,,,,3 - Topping but stage confidence only 20 - regime not established,3 - Topping but stage confidence only 40 - regime not established
2023-03-20,14389.849609375,14393.599609375,14196.5,14317.099609375,16179700,14871.1867,14988.9164,Yes,11.89,Strong Bear,Downtrend,Hold,Downtrend (LH+LL),Bearish,9.75,Strong Bear,Bearish confirmed,"Strong Bear - all 4 components agree, trending ADX",34.0831,Neutral,-165.3203,-141.3051,bearish accelerating,Neutral,-3.0975,-1.0014,full,33.13,Negative fading,33.95,Bearish,Bearish confirmed,None,Bearish - all 4 components agree incl. MACD acceleration,Lower Half,Trending,Bearish,Yes,Yes,Near Lower,43.53,Normal,Expanding,24.13,No,"Normal volatility, expanding - range widening",Normal vol,Normal,Falling,Confirmed Down,-0.112,Distribution,31.6476,Neutral,1 - Basing,early,20.0,2.0,3 - Topping,25.0,,,,,,3 - Topping but stage confidence only 20 - regime not established,3 - Topping but stage confidence only 40 - regime not established
2023-03-21,14379.0498046875,14428.150390625,14339.9501953125,14411.2998046875,13293900,14853.1519,14983.169,Yes,12.9,Strong Bear,Downtrend,Hold,Downtrend (LH+LL),Bearish,11.12,Strong Bear,Bearish confirmed,"Strong Bear - all 4 components agree, trending ADX",39.0371,Neutral,-161.0011,-145.2443,bearish fading,Neutral,-3.1564,-1.0144,full,32.94,Negative accelerating,36.72,Bearish,Bearish confirmed,None,Bearish - all 4 components agree incl. MACD acceleration,Lower Half,Trending,Bearish,Yes,Yes,Inside,39.36,Low,Stable,19.68,No,"Low volatility, stable",Normal vol,Normal,Falling,Weak Up,-0.0551,Distribution,38.4142,Neutral,1 - Basing,early,20.0,3.0,3 - Topping,25.0,,,,,,3 - Topping but stage confidence only 20 - regime not established,3 - Topping but stage confidence only 40 - regime not established
2023-03-22,14470.0498046875,14497.150390625,14432.2001953125,14460.0,0,14837.7342,14977.9633,Yes,14.55,Strong Bear,Downtrend,Hold,Downtrend (LH+LL),Bearish,12.45,Strong Bear,Bearish confirmed,"Strong Bear - all 4 components agree, trending ADX",41.4856,Neutral,-151.8974,-146.5749,bearish fading,Neutral,-3.0958,-0.9885,full,33.9,Negative fading,39.14,Bearish,Bearish confirmed,None,Bearish - all 4 components agree incl. MACD acceleration,Lower Half,Trending,Bearish,Yes,Yes,Inside,31.9,Low,Stable,12.5,No,"Low volatility, stable",Normal vol,Dry-up,Falling,Weak Up,-0.0311,Neutral,33.7088,Neutral,1 - Basing,early,20.0,4.0,3 - Topping,25.0,,,,,,3 - Topping but stage confidence only 20 - regime not established,3 - Topping but stage confidence only 20 - regime not established
2023-03-23,14422.9501953125,14490.650390625,14388.2998046875,14403.599609375,11622300,14820.7093,14972.2483,Yes,15.33,Strong Bear,Downtrend,Hold,Downtrend (LH+LL),Bearish,11.88,Strong Bear,Bearish confirmed,"Strong Bear - all 4 components agree, trending ADX",39.5066,Neutral,-147.5331,-146.7665,bearish fading,Neutral,-2.7043,-0.8626,full,35.52,Negative fading,40.04,Bearish,Bearish confirmed,None,Bearish - all 4 components agree incl. MACD acceleration,Lower Half,Trending,Bearish,Yes,Yes,Inside,29.09,Low,Stable,8.93,No,"Low volatility, stable",Normal vol,Normal,Falling,Weak Down,-0.0247,Neutral,34.3806,Neutral,1 - Basing,early,20.0,5.0,3 - Topping,25.0,,,,,,3 - Topping but stage confidence only 20 - regime not established,3 - Topping but stage confidence only 20 - regime not established
2023-03-24,14409.0,14434.099609375,14257.5,14279.0,13960500,14799.4658,14965.3503,Yes,13.72,Strong Bear,Downtrend,Hold,Downtrend (LH+LL),Bearish,9.58,Strong Bear,Bearish confirmed,"Strong Bear - all 4 components agree, trending ADX",35.4801,Neutral,-152.372,-147.8876,bearish accelerating,Neutral,-2.7306,-0.8638,full,35.06,Negative accelerating,37.62,Bearish,Bearish confirmed,None,Bearish - all 4 components agree incl. MACD acceleration,Lower Half,Trending,Bearish,Yes,Yes,Near Lower,32.06,Low,Stable,9.48,No,"Low volatility, stable",Normal vol,Normal,Falling,Weak Down,-0.0574,Distribution,26.0447,Neutral,1 - Basing,mid,20.0,6.0,3 - Topping,25.0,,,,,,1 - Basing but stage confidence only 20 - regime not established,3 - Topping but stage confidence only 20 - regime not established
2023-03-27,14306.599609375,14348.9501953125,14238.900390625,14262.7001953125,14815600,14778.4162,14958.3587,Yes,13.98,Strong Bear,Downtrend,Hold,Downtrend (LH+LL),Bearish,10.36,Strong Bear,Bearish confirmed,"Strong Bear - all 4 components agree, trending ADX",34.9778,Neutral,-155.727,-149.4555,bearish accelerating,Oversold,-1.3266,-0.4293,full,39.59,Negative fading,37.64,Bearish,Bearish confirmed,Bullish divergence,Bearish - bullish divergence vs price over 21 bars,Lower Half,Trending,Bearish,Yes,No,Near Lower,30.48,Low,Stable,-2.22,No,"Low volatility, stable",Vol contracting,Normal,Falling,Weak Down,-0.0584,Distribution,18.0602,Oversold,1 - Basing,mid,20.0,7.0,3 - Topping,25.0,,,,,,1 - Basing but stage confidence only 20 - regime not established,3 - Topping but stage confidence only 20 - regime not established
2023-03-28,14289.9501953125,14300.2001953125,14177.5,14211.7998046875,14615200,14756.1959,14950.9303,Yes,12.81,Strong Bear,Downtrend,Hold,Downtrend (LH+LL),Bearish,10.11,Strong Bear,Bearish confirmed,"Strong Bear - all 4 components agree, trending ADX",33.3884,Oversold,-160.6413,-151.6927,bearish accelerating,Oversold,-1.022,-0.3282,full,34.35,Negative accelerating,34.38,Bearish,Bearish confirmed,Bullish divergence,Bearish - bullish divergence vs price over 21 bars,Lower Half,Trending,Bearish,Yes,No,Near Lower,30.99,Low,Stable,-5.63,No,"Low volatility, stable",Vol contracting,Normal,Falling,Weak Down,-0.0864,Distribution,18.0475,Oversold,1 - Basing,mid,20.0,8.0,3 - Topping,25.0,,,,,,1 - Basing but stage confidence only 20 - regime not established,3 - Topping but stage confidence only 20 - regime not established
2023-03-29,14218.599609375,14377.2998046875,14218.599609375,14345.599609375,19557100,14740.0941,14944.9071,Yes,14.32,Strong Bear,Downtrend,Hold,Downtrend (LH+LL),Bearish,12.54,Strong Bear,Bearish confirmed,"Strong Bear - all 4 components agree, trending ADX",40.9805,Neutral,-151.9874,-151.7516,bearish fading,Oversold,0.1767,0.0522,full,35.91,Negative fading,38.88,Bearish,Bearish majority,Bullish divergence,Bearish - bullish divergence vs price over 21 bars,Lower Half,Trending,Bearish,Yes,No,Inside,31.63,Low,Stable,-9.48,No,"Low volatility, stable",Vol contracting,Normal,Falling,Confirmed Up,-0.0336,Neutral,26.8723,Neutral,1 - Basing,mid,20.0,9.0,3 - Topping,25.0,,,,,,1 - Basing but stage confidence only 20 - regime not established,3 - Topping but stage confidence only 20 - regime not established
2023-03-31,14442.2998046875,14577.150390625,14438.7998046875,14557.849609375,17405600,14732.9473,14941.0558,Yes,18.5,Strong Bear,Downtrend,Hold,Downtrend (LH+LL),Bearish,17.01,Strong Bear,Bearish confirmed,"Strong Bear - all 4 components agree, trending ADX",50.5994,Neutral,-126.5436,-146.71,Bullish crossover,Neutral,1.5875,0.4975,full,38.02,Negative fading,47.06,Neutral,Mixed,None,"Neutral - components mixed, low conviction",Upper Half,Trending,Bearish,Yes,No,Inside,34.13,Low,Stable,-9.36,No,"Low volatility, stable",Vol contracting,Normal,Falling,Confirmed Up,-0.0365,Neutral,34.4912,Neutral,1 - Basing,mid,20.0,10.0,3 - Topping,25.0,,,,,,1 - Basing but stage confidence only 20 - regime not established,3 - Topping but stage confidence only 20 - regime not established
2023-04-03,14621.0498046875,14621.0498046875,14541.599609375,14601.9501953125,13824900,14727.8101,14937.6816,Yes,22.21,Bear,Downtrend,Hold,Downtrend (LH+LL),Bearish,19.65,Strong Bear,Bearish confirmed,"Strong Bear - all 4 components agree, trending ADX",52.3376,Neutral,-101.6489,-137.6978,bearish accelerating,Neutral,1.2558,0.3962,full,39.04,Negative fading,53.31,Neutral,Bullish majority,Bullish divergence,Neutral - bullish divergence vs price over 21 bars,Upper Half,Trending,Bearish,No,No,Inside,30.79,Low,Stable,-12.78,No,"Low volatility, stable",Vol contracting,Normal,Falling,Weak Up,0.0261,Neutral,41.9089,Neutral,1 - Basing,mid,20.0,11.0,3 - Topping,25.0,,,,,,1 - Basing but stage confidence only 20 - regime not established,1 - Basing but stage confidence only 20 - regime not established
2023-04-05,14620.7001953125,14718.900390625,14611.25,14709.400390625,13452400,14727.0882,14935.4101,Yes,27.78,Bear,Uptrend,Buy,Downtrend (LH+LL),Bearish,47.49,Neutral,Mixed,"Neutral - components mixed, low conviction",56.3659,Neutral,-72.4146,-124.6412,bearish accelerating,Overbought,2.7401,0.863,full,39.51,Negative fading,59.04,Bullish,Bullish majority,None,"Bullish - majority agree, 1 dissenting",Upper Half,Trending,Bullish,No,No,Inside,28.29,Low,Stable,-15.24,No,"Low volatility, stable",Low vol - tight stops,Normal,Falling,Weak Up,0.0366,Neutral,48.8602,Neutral,1 - Basing,mid,20.0,12.0,3 - Topping,25.0,,,,,,1 - Basing but stage confidence only 20 - regime not established,1 - Basing but stage confidence only 20 - regime not established
2023-04-06,14701.099609375,14786.0,14673.7001953125,14759.2001953125,13016900,14728.3475,14933.6568,Yes,37.38,Bear,Uptrend,Hold,Downtrend (LH+LL),Bearish,49.51,Neutral,Mixed,"Neutral - components mixed, low conviction",58.1321,Neutral,-44.7124,-108.6554,bearish accelerating,Overbought,2.4141,0.766,full,39.73,Negative fading,61.85,Bullish,Bullish majority,Bullish divergence,Bullish - bullish divergence vs price over 21 bars,Upper Half,Trending,Bullish,No,No,Inside,24.48,Low,Stable,-14.88,No,"Low volatility, stable",Low vol - tight stops,Normal,Falling,Weak Up,0.0735,Accumulation,55.4196,Neutral,1 - Basing,mid,40.0,13.0,3 - Topping,25.0,,,,,,1 - Basing but stage confidence only 20 - regime not established,1 - Basing but stage confidence only 20 - regime not established
2023-04-10,14797.349609375,14833.4501953125,14767.0,14790.5498046875,12063200,14730.7868,14932.2329,Yes,38.54,Bear,Uptrend,Hold,Downtrend (LH+LL),Bearish,48.32,Neutral,Mixed,"Neutral - components mixed, low conviction",59.2503,Neutral,-19.998,-90.9239,bearish accelerating,Overbought,2.286,0.7267,full,42.17,Negative fading,63.39,Bullish,Bullish majority,Bullish divergence,Bullish - bullish divergence vs price over 21 bars,Upper Half,Trending,Bullish,No,No,Inside,20.87,Low,Stable,-11.03,No,"Low volatility, stable",Low vol - tight stops,Normal,Falling,Weak Up,0.0216,Neutral,64.242,Neutral,1 - Basing,mid,40.0,14.0,3 - Topping,25.0,,,,,,1 - Basing but stage confidence only 20 - regime not established,1 - Basing but stage confidence only 20 - regime not established
2023-04-11,14854.650390625,14893.599609375,14814.349609375,14867.25,12444900,14736.1383,14931.5863,Yes,40.41,Neutral,Uptrend,Hold,Downtrend (LH+LL),Bearish,48.69,Neutral,Mixed,"Neutral - components mixed, low conviction",61.9294,Neutral,5.7116,-71.5968,bullish accelerating,Overbought,3.219,1.0196,full,43.25,Negative fading,64.91,Bullish,Bullish majority,Bullish divergence,Bullish - bullish divergence vs price over 21 bars,Above Upper,Trending,Bullish,No,No,Near Upper,20.95,Low,Stable,-8.14,No,"Low volatility, stable",Low vol - tight stops,Normal,Falling,Weak Up,0.0734,Accumulation,62.2328,Neutral,1 - Basing,mid,40.0,15.0,3 - Topping,25.0,,,,,,1 - Basing but stage confidence only 20 - regime not established,1 - Basing but stage confidence only 20 - regime not established
2023-04-12,14902.2001953125,14949.900390625,14871.900390625,14941.5498046875,11965900,14744.1936,14931.6854,No,42.7,Neutral,Uptrend,Hold,Downtrend (LH+LL),Bearish,49.27,Neutral,Mixed,"No clear trend - ADX emerging, price ranging",64.3729,Neutral,31.7164,-50.9342,bullish accelerating,Overbought,4.64,1.471,full,45.67,Negative fading,66.89,Bullish,Bullish majority,None,"Bullish - majority agree, 1 dissenting",Above Upper,Emerging,Bullish,No,No,Breakout Up,21.83,Low,Stable,-10.24,No,"Low volatility, stable",Low vol - tight stops,Normal,Falling,Weak Up,0.0787,Accumulation,70.229,Neutral,1 - Basing,mid,40.0,16.0,3 - Topping,25.0,,,,,,1 - Basing but stage confidence only 20 - regime not established,1 - Basing but stage confidence only 20 - regime not established
2023-04-13,14946.4501953125,14965.7001953125,14885.25,14954.25,12962500,14752.4311,14931.9099,No,51.02,Neutral,Uptrend,Hold,Downtrend (LH+LL),Bearish,51.78,Neutral,Bullish majority,"No clear trend - ADX emerging, price ranging",64.7889,Neutral,52.7422,-30.1989,bullish accelerating,Overbought,4.8487,1.5355,full,43.58,Negative accelerating,66.64,Bullish,Bullish majority,None,"Bullish - majority agree, 1 dissenting",At Upper,Emerging,Bullish,No,No,Breakout Up,26.75,Low,Stable,-3.73,No,"Low volatility, stable",Low vol - tight stops,Normal,Falling,Weak Up,0.1633,Accumulation,70.2544,Neutral,1 - Basing,late,60.0,17.0,3 - Topping,25.0,,,,,,1 - Basing but stage confidence only 20 - regime not established,1 - Basing but stage confidence only 20 - regime not established
2023-04-17,14970.349609375,14970.349609375,14794.4501953125,14904.2998046875,13960200,14758.3868,14931.6352,Yes,51.82,Neutral,Uptrend,Hold,Downtrend (LH+LL),Bearish,50.76,Neutral,Bullish majority,"No clear trend - ADX emerging, price ranging",61.7356,Neutral,64.6297,-11.2332,bullish fading,Overbought,4.8727,1.5408,full,44.51,Negative fading,65.35,Bullish,Bullish majority,None,"Bullish - majority agree, 1 dissenting",Upper Half,Emerging,Bullish,No,No,Near Upper,29.37,Low,Stable,-1.63,No,"Low volatility, stable",Low vol - tight stops,Normal,Falling,Weak Down,0.2015,Accumulation,65.1383,Neutral,1 - Basing,late,60.0,18.0,3 - Topping,25.0,,,,,,1 - Basing but stage confidence only 40 - regime not established,1 - Basing but stage confidence only 20 - regime not established
2023-04-18,14949.099609375,14949.099609375,14852.650390625,14897.0,15883500,14763.8226,14931.2906,Yes,51.92,Neutral,Uptrend,Hold,Downtrend (LH+LL),Bearish,50.15,Neutral,Bullish majority,"No clear trend - ADX emerging, price ranging",61.281,Neutral,72.6244,5.5383,bullish fading,Overbought,3.8437,1.2149,full,44.71,Negative fading,64.3,Bullish,Bullish majority,None,"Bullish - majority agree, 1 dissenting",Upper Half,Emerging,Bullish,No,No,Near Upper,29.6,Low,Stable,-2.02,No,"Low volatility, stable",Low vol - tight stops,Normal,Falling,Confirmed Down,0.2331,Accumulation,71.6967,Neutral,4 - Declining,early,64.0,1.0,1 - Basing,18.0,,,,,,1 - Basing but stage confidence only 40 - regime not established,1 - Basing but stage confidence only 20 - regime not established
2023-04-19,14901.25,14905.599609375,14832.900390625,14856.900390625,14657200,14767.4727,14930.5504,Yes,51.72,Neutral,Uptrend,Hold,Downtrend (LH+LL),Bearish,48.9,Neutral,Bullish majority,"No clear trend - ADX emerging, price ranging",58.7233,Neutral,74.8617,19.403,bullish fading,Overbought,2.0542,0.6564,full,44.47,Negative accelerating,61.98,Bullish,Bullish majority,None,"Bullish - majority agree, 1 dissenting",Upper Half,Emerging,Bullish,No,No,Near Upper,28.85,Low,Stable,-5.28,No,"Low volatility, stable",Low vol - tight stops,Normal,Falling,Confirmed Down,0.1883,Accumulation,71.2599,Neutral,4 - Declining,early,64.0,2.0,1 - Basing,18.0,,,,,,1 - Basing but stage confidence only 40 - regime not established,1 - Basing but stage confidence only 20 - regime not established
2023-04-20,14878.5498046875,14905.7998046875,14835.900390625,14861.75,11133000,14771.1698,14929.8658,Yes,51.05,Neutral,Uptrend,Hold,Downtrend (LH+LL),Bearish,48.18,Neutral,Bullish majority,"No clear trend - ADX emerging, price ranging",58.9465,Neutral,76.1482,30.752,bullish fading,Overbought,1.7792,0.5746,full,43.69,Negative accelerating,60.66,Bullish,Bullish majority,None,"Bullish - majority agree, 1 dissenting",Upper Half,Emerging,Bullish,No,No,Near Upper,27.74,Low,Stable,-3.06,No,"Low volatility, stable",Low vol - tight stops,Normal,Falling,Weak Up,0.1547,Accumulation,78.1116,Neutral,4 - Declining,early,64.0,3.0,1 - Basing,18.0,,,,,,1 - Basing but stage confidence only 40 - regime not established,1 - Basing but stage confidence only 20 - regime not established
2023-04-21,14879.599609375,14888.650390625,14789.9501953125,14847.099609375,14464900,14774.1475,14929.0422,Yes,49.45,Neutral,Uptrend,Hold,Downtrend (LH+LL),Bearish,46.64,Neutral,Mixed,"No clear trend - ADX no trend, price ranging",57.9276,Neutral,75.1197,39.6256,bullish fading,Overbought,0.9361,0.3096,full,44.01,Negative fading,59.16,Bullish,Bullish majority,None,"Bullish - majority agree, 1 dissenting",Upper Half,No Trend,Bullish,No,No,Near Upper,27.02,Low,Stable,-1.27,No,"Low volatility, stable",Low vol - tight stops,Normal,Falling,Confirmed Down,0.1507,Accumulation,77.9309,Neutral,4 - Declining,early,64.0,4.0,1 - Basing,18.0,,,,,,1 - Basing - no new positions in a basing/topping stage,1 - Basing but stage confidence only 20 - regime not established
2023-04-24,14903.9501953125,14937.2001953125,14841.599609375,14930.150390625,15603800,14780.2652,14929.0533,No,50.14,Neutral,Uptrend,Hold,Range,Bullish,57.58,Neutral,Bullish confirmed,"No clear trend - ADX no trend, price ranging",61.9435,Neutral,80.083,47.7171,bullish fading,Overbought,1.1583,0.3809,full,43.95,Negative accelerating,60.27,Bullish,Bullish majority,None,"Bullish - majority agree, 1 dissenting",Upper Half,No Trend,Bullish,No,No,Near Upper,26.74,Low,Stable,2.26,No,"Low volatility, stable",Low vol - tight stops,Normal,Falling,Confirmed Up,0.1684,Accumulation,77.5645,Neutral,4 - Declining,early,64.0,5.0,1 - Basing,18.0,,,,,,1 - Basing - no new positions in a basing/topping stage,1 - Basing but stage confidence only 40 - regime not established
2023-04-25,14945.7998046875,14981.2998046875,14916.349609375,14955.7001953125,19990300,14787.145,14929.3184,No,50.49,Neutral,Uptrend,Hold,Range,Bullish,56.76,Neutral,Bullish confirmed,"No clear trend - ADX no trend, price ranging",63.1101,Neutral,85.0971,55.1931,bullish fading,Overbought,1.1166,0.3665,full,43.4,Negative accelerating,60.48,Bullish,Bullish majority,None,"Bullish - majority agree, 1 dissenting",Upper Half,No Trend,Bullish,No,No,Near Upper,26.19,Low,Stable,5.32,No,"Low volatility, stable",Low vol - tight stops,Normal,Falling,Confirmed Up,0.1714,Accumulation,77.9208,Neutral,4 - Declining,early,64.0,6.0,1 - Basing,18.0,,,,,,"4 - Declining, but trend score 50 does not confirm short - no directional edge",1 - Basing but stage confidence only 40 - regime not established
2023-04-26,14954.2001953125,15003.099609375,14918.5498046875,14994.400390625,21127900,14795.2727,14929.966,No,51.51,Neutral,Uptrend,Hold,Range,Bullish,57.28,Neutral,Bullish confirmed,"No clear trend - ADX no trend, price ranging",64.8669,Neutral,91.143,62.3831,bullish fading,Overbought,0.8552,0.2796,full,44.48,Negative fading,61.75,Bullish,Bullish majority,None,"Bullish - majority agree, 1 dissenting",Upper Half,No Trend,Bullish,No,No,Breakout Up,26.19,Low,Stable,5.24,No,"Low volatility, stable",Low vol - tight stops,Normal,Rising,Confirmed Up,0.2499,Accumulation,78.7603,Neutral,4 - Declining,early,64.0,7.0,1 - Basing,18.0,,,,,,"4 - Declining, but trend score 49 does not confirm short - no directional edge",1 - Basing but stage confidence only 40 - regime not established
2023-04-27,14999.900390625,15085.849609375,14989.2001953125,15075.0498046875,19847000,14806.2444,14931.4096,No,66.73,Bull,Uptrend,Hold,Range,Bullish,62.86,Bull,Bullish confirmed,"Range with bullish lean - ADX no trend, direction not confirmed",68.2593,Overbought,101.2747,70.1614,bullish accelerating,Overbought,0.8935,0.2869,full,46.44,Negative fading,63.78,Bullish,Bullish majority,None,"Bullish - majority agree, 1 dissenting",Upper Half,No Trend,Bullish,No,No,Breakout Up,25.24,Low,Stable,3.41,No,"Low volatility, stable",Low vol - tight stops,Normal,Rising,Confirmed Up,0.3308,Accumulation,79.4501,Neutral,4 - Declining,early,40.0,8.0,1 - Basing,18.0,,,,,,"4 - Declining, but trend score 48 does not confirm short - no directional edge",1 - Basing but stage confidence only 40 - regime not established
2023-04-28,15111.0498046875,15235.4501953125,15077.4501953125,15219.5498046875,22144800,14822.4524,14934.2767,No,69.84,Bull,Uptrend,Hold,Uptrend (HH+HL),Bullish,75.29,Strong Bull,Bullish confirmed,"Range with bullish lean - ADX no trend, direction not confirmed",73.2442,Overbought,119.5856,80.0462,bullish accelerating,Overbought,1.7741,0.5629,full,47.62,Negative fading,66.59,Bullish,Bullish majority,None,Bullish but overbought on RSI and Stochastic - stretched,Upper Half,No Trend,Bullish,Yes,No,Breakout Up,27.3,Low,Stable,0.56,No,"Low volatility, stable",Low vol - tight stops,Normal,Rising,Confirmed Up,0.4071,Accumulation,80.3592,Overbought,4 - Declining,early,40.0,9.0,1 - Basing,18.0,,,,,,"4 - Declining, but trend score 47 does not confirm short - no directional edge",1 - Basing - no new positions in a basing/topping stage
2023-05-02,15276.2001953125,15327.75,15261.150390625,15300.75,21880900,14841.2092,14937.9232,No,70.75,Bull,Uptrend,Hold,Uptrend (HH+HL),Bullish,75.75,Strong Bull,Bullish confirmed,"Range with bullish lean - ADX emerging, direction not confirmed",75.5664,Overbought,139.0464,91.8463,bullish accelerating,Overbought,2.66,0.8387,full,48.86,Negative fading,68.28,Bullish,Bullish majority,None,Bullish but overbought on RSI and Stochastic - stretched,Above Upper,Emerging,Bullish,Yes,No,Breakout Up,25.91,Low,Stable,-3.45,No,"Low volatility, stable",Low vol - tight stops,Normal,Rising,Confirmed Up,0.4312,Accumulation,81.257,Overbought,4 - Declining,early,40.0,10.0,1 - Basing,18.0,,,,,,"4 - Declining, but trend score 58 does not confirm short - no directional edge",1 - Basing - no new positions in a basing/topping stage
2023-05-03,15277.75,15305.0498046875,15239.5,15276.400390625,21733900,14858.2755,14941.2911,No,70.65,Bull,Uptrend,Hold,Uptrend (HH+HL),Bullish,76.15,Strong Bull,Bullish confirmed,"Range with bullish lean - ADX emerging, direction not confirmed",73.5061,Overbought,150.7665,103.6303,bullish fading,Overbought,2.5468,0.796,full,51.38,Positive accelerating,68.1,Bullish,Bullish confirmed,None,Bullish but overbought on RSI and Stochastic - stretched,At Upper,Emerging,Bullish,Yes,No,Near Upper,23.33,Low,Stable,-6.27,No,"Low volatility, stable",Low vol - tight stops,Normal,Rising,Confirmed Down,0.4,Accumulation,72.7161,Neutral,4 - Declining,early,40.0,11.0,1 - Basing,18.0,,,,,,"4 - Declining, but trend score 57 does not confirm short - no directional edge","4 - Declining, but trend score 50 does not confirm short - no directional edge"
2023-05-04,15282.25,15414.7001953125,15272.7001953125,15405.5,22255200,14879.7353,14945.9101,No,78.71,Bull,Uptrend,Hold,Uptrend (HH+HL),Bullish,81.04,Strong Bull,Bullish confirmed,"Range with bullish lean - ADX emerging, direction not confirmed",77.0749,Overbought,168.5294,116.6101,bullish accelerating,Overbought,3.6926,1.1527,full,57.14,Positive accelerating,71.4,Strong Bullish,Bullish confirmed,None,Strong Bullish but overbought on RSI and Stochastic - stretched,Above Upper,Emerging,Bullish,Yes,No,Breakout Up,20.95,Low,Stable,-7.9,No,"Low volatility, stable",Low vol - tight stops,Normal,Rising,Confirmed Up,0.4151,Accumulation,73.9121,Neutral,4 - Declining,early,30.0,12.0,1 - Basing,18.0,,,,,,"4 - Declining, but trend score 57 does not confirm short - no directional edge","4 - Declining, but trend score 49 does not confirm short - no directional edge"
2023-05-05,15330.349609375,15394.900390625,15265.849609375,15278.599609375,21111500,14895.377,14949.2205,No,77.46,Bull,Uptrend,Hold,Uptrend (HH+HL),Bullish,79.74,Strong Bull,Bullish confirmed,"Strong Bull - all 4 components agree, trending ADX",67.4561,Neutral,170.4024,127.3686,bullish fading,Overbought,2.8048,0.8623,full,55.71,Positive fading,66.5,Bullish,Bullish confirmed,None,Bullish - all 4 components agree incl. MACD acceleration,Upper Half,Trending,Bullish,Yes,No,Near Upper,20.04,Low,Stable,-7.7,No,"Low volatility, stable",Low vol - tight stops,Normal,Rising,Confirmed Down,0.3333,Accumulation,66.4076,Neutral,4 - Declining,early,30.0,13.0,1 - Basing,18.0,,,,,,4 - Declining but stage confidence only 40 - regime not established,"4 - Declining, but trend score 48 does not confirm short - no directional edge"
2023-05-08,15321.900390625,15440.849609375,15310.75,15427.099609375,17561300,14916.2289,14953.9755,No,78.98,Bull,Uptrend,Hold,Uptrend (HH+HL),Bullish,83.17,Strong Bull,Bullish confirmed,"Strong Bull - all 4 components agree, trending ADX",71.8788,Overbought,181.7742,138.2497,bullish accelerating,Overbought,3.9065,1.2047,full,56.58,Positive accelerating,68.4,Bullish,Bullish confirmed,None,Bullish but overbought on RSI and Stochastic - stretched,At Upper,Trending,Bullish,Yes,No,Breakout Up,19.88,Very Low,Stable,-7.14,No,"Very Low volatility, stable",Low vol - tight stops,Normal,Rising,Confirmed Up,0.3374,Accumulation,72.2462,Neutral,4 - Declining,early,30.0,14.0,1 - Basing,18.0,,,,,,4 - Declining but stage confidence only 40 - regime not established,"4 - Declining, but trend score 47 does not confirm short - no directional edge"
2023-05-09,15462.75,15502.7001953125,15393.9501953125,15420.599609375,18148500,14936.0081,14958.6185,No,78.88,Bull,Uptrend,Hold,Uptrend (HH+HL),Bullish,83.03,Strong Bull,Bullish confirmed,"Strong Bull - all 4 components agree, trending ADX",71.4213,Overbought,188.0937,148.2185,bullish fading,Overbought,3.285,0.9986,full,57.72,Positive accelerating,67.79,Bullish,Bullish confirmed,None,Bullish but overbought on RSI and Stochastic - stretched,Upper Half,Trending,Bullish,Yes,No,Near Upper,19.21,Very Low,Stable,-7.54,No,"Very Low volatility, stable",Low vol - tight stops,Normal,Rising,Confirmed Down,0.2853,Accumulation,72.5511,Neutral,4 - Declining,mid,30.0,15.0,1 - Basing,18.0,,,,,,4 - Declining but stage confidence only 40 - regime not established,"4 - Declining, but trend score 58 does not confirm short - no directional edge"
2023-05-10,15458.0498046875,15476.099609375,15372.4501953125,15466.0498046875,16332600,14956.7941,14963.6676,No,79.29,Bull,Uptrend,Hold,Uptrend (HH+HL),Bullish,84.6,Strong Bull,Bullish confirmed,"Strong Bull - all 4 components agree, trending ADX",72.7285,Overbought,194.527,157.4802,bullish fading,Overbought,3.4124,1.0315,full,58.45,Positive accelerating,68.73,Bullish,Bullish confirmed,None,Bullish but overbought on RSI and Stochastic - stretched,Upper Half,Trending,Bullish,Yes,No,Near Upper,19.84,Very Low,Stable,-6.35,No,"Very Low volatility, stable",Low vol - tight stops,Normal,Rising,Weak Up,0.33,Accumulation,71.9292,Neutral,4 - Declining,mid,30.0,16.0,1 - Basing,18.0,,,,,,4 - Declining but stage confidence only 40 - regime not established,"4 - Declining, but trend score 57 does not confirm short - no directional edge"
2023-05-11,15512.349609375,15526.75,15461.849609375,15484.0498046875,15978800,14977.4708,14968.8455,No,86.09,Strong Bull,Uptrend,Hold,Uptrend (HH+HL),Bullish,87.03,Strong Bull,Bullish confirmed,"Strong Bull - all 4 components agree, trending ADX",73.2503,Overbought,198.7864,165.7414,bullish fading,Overbought,3.2655,0.9771,full,56.97,Positive fading,67.82,Bullish,Bullish confirmed,None,Bullish but overbought on RSI and Stochastic - stretched,Upper Half,Trending,Bullish,Yes,No,Near Upper,20.32,Low,Stable,-5.87,No,"Low volatility, stable",Low vol - tight stops,Normal,Rising,Weak Up,0.3003,Accumulation,72.4935,Neutral,4 - Declining,mid,20.0,17.0,1 - Basing,18.0,,,,,,4 - Declining but stage confidence only 30 - regime not established,"4 - Declining, but trend score 57 does not confirm short - no directional edge"
2023-05-12,15475.0498046875,15506.150390625,15401.650390625,15477.349609375,13497800,14997.0739,14973.9052,No,85.96,Strong Bull,Uptrend,Hold,Uptrend (HH+HL),Bullish,86.89,Strong Bull,Bullish confirmed,"Strong Bull - all 4 components agree, trending ADX",72.6927,Overbought,199.3236,172.4579,bullish fading,Overbought,2.6686,0.7808,full,57.27,Positive accelerating,67.18,Bullish,Bullish confirmed,None,Bullish but overbought on RSI and Stochastic - stretched,Upper Half,Trending,Bullish,Yes,No,Near Upper,21.55,Low,Stable,-3.69,No,"Low volatility, stable",Low vol - tight stops,Normal,Rising,Weak Down,0.2894,Accumulation,72.6001,Neutral,3 - Topping,early,20.0,1.0,4 - Declining,17.0,,,,,,4 - Declining but stage confidence only 30 - regime not established,4 - Declining but stage confidence only 40 - regime not established
2023-05-15,15495.849609375,15591.9501953125,15464.650390625,15549.7001953125,13567700,15018.7455,14979.6345,No,86.59,Strong Bull,Uptrend,Hold,Uptrend (HH+HL),Bullish,87.68,Strong Bull,Bullish confirmed,"Strong Bull - all 4 components agree, trending ADX",74.9134,Overbought,203.2446,178.6152,bullish fading,Overbought,2.1693,0.6159,full,58.69,Positive accelerating,67.93,Bullish,Bullish confirmed,None,Bullish but overbought on RSI and Stochastic - stretched,Upper Half,Trending,Bullish,Yes,No,Breakout Up,23.57,Low,Stable,-3.73,No,"Low volatility, stable",Low vol - tight stops,Normal,Rising,Weak Up,0.2755,Accumulation,72.4529,Neutral,3 - Topping,early,20.0,2.0,4 - Declining,17.0,,,,,,4 - Declining but stage confidence only 30 - regime not established,4 - Declining but stage confidence only 40 - regime not established
2023-05-16,15584.400390625,15592.25,15476.650390625,15492.400390625,17817900,15037.3202,14984.7367,No,85.96,Strong Bull,Uptrend,Hold,Uptrend (HH+HL),Bullish,86.6,Strong Bull,Bullish confirmed,"Strong Bull - all 4 components agree, trending ADX",70.0545,Neutral,199.4295,182.7781,bullish fading,Overbought,1.2526,0.3153,full,56.18,Positive fading,64.36,Bullish,Bullish confirmed,Bearish divergence,"Bullish but overbought on RSI and Stochastic - stretched, bearish divergence",Upper Half,Trending,Bullish,Yes,No,Near Upper,25.79,Low,Stable,-0.12,No,"Low volatility, stable",Low vol - tight stops,Normal,Rising,Confirmed Down,0.2261,Accumulation,65.4368,Neutral,3 - Topping,early,20.0,3.0,4 - Declining,17.0,,,,,,4 - Declining but stage confidence only 30 - regime not established,4 - Declining but stage confidence only 40 - regime not established
2023-05-17,15508.25,15512.849609375,15367.0,15426.349609375,17073900,15052.5762,14989.1308,No,84.04,Strong Bull,Uptrend,Hold,Uptrend (HH+HL),Bullish,85.03,Strong Bull,Bullish confirmed,"Strong Bull - all 4 components agree, trending ADX",64.8342,Neutral,188.8988,184.0022,bullish fading,Overbought,0.9816,0.2209,full,55.27,Positive fading,60.2,Bullish,Bullish confirmed,Bearish divergence,Bullish - bearish divergence vs price over 21 bars,Upper Half,Trending,Bullish,Yes,Yes,Inside,25.63,Low,Stable,2.3,No,"Low volatility, stable",Low vol - tight stops,Normal,Rising,Weak Down,0.22,Accumulation,58.3504,Neutral,3 - Topping,early,20.0,4.0,4 - Declining,17.0,,,,,,4 - Declining but stage confidence only 30 - regime not established,4 - Declining but stage confidence only 40 - regime not established
2023-05-18,15506.650390625,15514.900390625,15346.849609375,15361.599609375,15928500,15064.6948,14992.837,No,81.83,Strong Bull,Uptrend,Hold,Uptrend (HH+HL),Bullish,83.37,Strong Bull,Bullish confirmed,"Strong Bull - all 4 components agree, trending ADX",60.1057,Neutral,173.3303,181.8678,Bearish crossover,Neutral,-0.285,-0.2033,full,54.61,Positive fading,55.27,Neutral,Bullish majority,Bearish divergence,Neutral - bearish divergence vs price over 21 bars,Upper Half,Trending,Bullish,Yes,Yes,Inside,25.4,Low,Stable,4.45,No,"Low volatility, stable",Low vol - tight stops,Normal,Rising,Weak Down,0.1964,Accumulation,51.529,Neutral,3 - Topping,early,20.0,5.0,4 - Declining,17.0,,,,,,4 - Declining but stage confidence only 20 - regime not established,4 - Declining but stage confidence only 30 - regime not established
2023-05-19,15399.5,15418.7998046875,15278.7001953125,15407.5498046875,13957600,15078.1401,14996.9635,No,81.44,Strong Bull,Uptrend,Hold,Uptrend (HH+HL),Bullish,83.86,Strong Bull,Bullish confirmed,"Strong Bull - all 4 components agree, trending ADX",62.2119,Neutral,162.823,178.0589,bullish accelerating,Neutral,0.844,0.1593,full,56.81,Positive accelerating,54.11,Neutral,Bullish majority,Bearish divergence,Neutral - bearish divergence vs price over 21 bars,Upper Half,Trending,Bullish,No,Yes,Inside,22.5,Low,Stable,2.46,No,"Low volatility, stable",Low vol - tight stops,Normal,Rising,Weak Up,0.2355,Accumulation,44.336,Neutral,3 - Topping,early,20.0,6.0,4 - Declining,17.0,,,,,,3 - Topping but stage confidence only 20 - regime not established,4 - Declining but stage confidence only 30 - regime not established
2023-05-22,15409.0498046875,15517.650390625,15386.900390625,15504.0,16992200,15094.8405,15002.0086,No,81.86,Strong Bull,Uptrend,Hold,Uptrend (HH+HL),Bullish,84.98,Strong Bull,Bullish confirmed,"Strong Bull - all 4 components agree, trending ADX",66.2408,Neutral,160.4293,174.533,bullish fading,Neutral,0.4985,0.0304,full,57.15,Positive accelerating,55.55,Neutral,Bullish majority,Bearish divergence,Neutral - bearish divergence vs price over 21 bars,Upper Half,Trending,Bullish,No,Yes,Near Upper,19.21,Very Low,Stable,-0.67,No,"Very Low volatility, stable",Low vol - tight stops,Normal,Rising,Weak Up,0.2646,Accumulation,43.2639,Neutral,3 - Topping,early,20.0,7.0,4 - Declining,17.0,,,,,,3 - Topping but stage confidence only 20 - regime not established,4 - Declining but stage confidence only 30 - regime not established
2023-05-23,15551.0498046875,15595.650390625,15528.75,15544.75,14883100,15112.484,15007.4091,No,82.48,Strong Bull,Uptrend,Hold,Uptrend (HH+HL),Bullish,85.68,Strong Bull,Bullish confirmed,"Strong Bull - all 4 components agree, trending ADX",67.8027,Neutral,159.9763,171.6216,bullish fading,Neutral,0.8051,0.1257,full,56.72,Positive fading,57.28,Neutral,Bullish majority,Bearish divergence,Neutral - bearish divergence vs price over 21 bars,Upper Half,Trending,Bullish,No,Yes,Near Upper,13.73,Very Low,Stable,-5.48,No,"Very Low volatility, stable",Low vol - tight stops,Normal,Rising,Weak Up,0.2069,Accumulation,50.8405,Neutral,3 - Topping,mid,20.0,8.0,4 - Declining,17.0,,,,,,3 - Topping but stage confidence only 20 - regime not established,4 - Declining but stage confidence only 30 - regime not established
2023-05-24,15517.2001953125,15591.400390625,15493.2998046875,15515.9501953125,17595700,15128.3062,15012.4692,No,82.61,Strong Bull,Uptrend,Hold,Uptrend (HH+HL),Bullish,85.06,Strong Bull,Bullish confirmed,"Strong Bull - all 4 components agree, trending ADX",65.4964,Neutral,155.501,168.3975,bullish accelerating,Neutral,0.3226,-0.0516,full,55.73,Positive fading,57.19,Neutral,Bullish majority,Bearish divergence,Neutral - bearish divergence vs price over 21 bars,Upper Half,Trending,Bullish,No,Yes,Near Upper,9.25,Very Low,Stable,-10.59,No,"Very Low volatility, stable",Low vol - tight stops,Normal,Rising,Weak Down,0.1702,Accumulation,42.217,Neutral,3 - Topping,mid,20.0,9.0,4 - Declining,17.0,,,,,,3 - Topping but stage confidence only 20 - regime not established,4 - Declining but stage confidence only 30 - regime not established
2023-05-25,15510.2001953125,15568.5498046875,15474.150390625,15555.25,17916200,15145.0491,15017.87,No,84.04,Strong Bull,Uptrend,Hold,Uptrend (HH+HL),Bullish,85.72,Strong Bull,Bullish confirmed,"Strong Bull - all 4 components agree, trending ADX",67.139,Neutral,153.3575,165.3895,bullish fading,Overbought,0.4598,-0.0085,full,57.35,Positive accelerating,58.74,Bullish,Bullish majority,Bearish divergence,Bullish - bearish divergence vs price over 21 bars,Upper Half,Trending,Bullish,No,Yes,Near Upper,6.47,Very Low,Stable,-13.85,No,"Very Low volatility, stable",Low vol - tight stops,Normal,Rising,Confirmed Up,0.1607,Accumulation,42.7573,Neutral,3 - Topping,mid,20.0,10.0,4 - Declining,17.0,,,,,,3 - Topping but stage confidence only 20 - regime not established,4 - Declining but stage confidence only 20 - regime not established
2023-05-26,15589.5,15704.0,15567.849609375,15696.75,15551800,15166.6844,15024.625,No,86.86,Strong Bull,Uptrend,Hold,Uptrend (HH+HL),Bullish,87.71,Strong Bull,Bullish confirmed,"Strong Bull - all 4 components agree, trending ADX",72.2599,Overbought,161.2183,164.5553,bullish fading,Overbought,1.4176,0.3238,full,60.15,Positive accelerating,62.8,Bullish,Bullish majority,None,Bullish but overbought on RSI and Stochastic - stretched,Above Upper,Trending,Bullish,No,Yes,Breakout Up,6.35,Very Low,Stable,-15.2,Confirmed,"Very Low volatility, squeeze confirmed - expansion pending",Coiled - low vol squeeze,Normal,Rising,Weak Up,0.1584,Accumulation,42.317,Neutral,3 - Topping,mid,20.0,11.0,4 - Declining,17.0,,,,,,3 - Topping but stage confidence only 20 - regime not established,3 - Topping but stage confidence only 20 - regime not established
2023-05-29,15791.75,15805.75,15758.150390625,15772.349609375,17560100,15190.436,15032.065,No,88.38,Strong Bull,Uptrend,Hold,Uptrend (HH+HL),Bullish,87.66,Strong Bull,Bullish confirmed,"Strong Bull - all 4 components agree, trending ADX",74.5425,Overbought,171.5705,165.9583,Bullish crossover,Overbought,1.4319,0.3247,full,61.51,Positive accelerating,65.81,Bullish,Bullish majority,None,Bullish but overbought on RSI and Stochastic - stretched,Above Upper,Trending,Bullish,No,Yes,Breakout Up,6.35,Very Low,Stable,-17.22,No,"Very Low volatility, stable",Low vol - tight stops,Normal,Rising,Confirmed Up,0.0892,Accumulation,42.2654,Neutral,3 - Topping,mid,20.0,12.0,4 - Declining,17.0,,,,,,3 - Topping but stage confidence only 20 - regime not established,3 - Topping but stage confidence only 20 - regime not established
2023-05-30,15784.25,15823.900390625,15759.349609375,15799.4501953125,16359800,15214.3189,15039.7007,No,88.68,Strong Bull,Uptrend,Hold,Uptrend (HH+HL),Bullish,88.19,Strong Bull,Bullish confirmed,"Strong Bull - all 4 components agree, trending ADX",75.3263,Overbought,179.8879,168.7442,bullish accelerating,Overbought,1.9819,0.5174,full,64.93,Positive accelerating,68.15,Bullish,Bullish confirmed,None,Bullish but overbought on RSI and Stochastic - stretched,Above Upper,Trending,Bullish,Yes,No,Near Upper,4.09,Very Low,Contracting,-21.7,No,"Very Low volatility, contracting - coiling, watch for breakout",Low vol - tight stops,Normal,Rising,Weak Up,0.0901,Accumulation,49.5894,Neutral,3 - Topping,mid,20.0,13.0,4 - Declining,17.0,,,,,,3 - Topping but stage confidence only 20 - regime not established,3 - Topping but stage confidence only 20 - regime not established
2023-05-31,15773.7998046875,15789.2001953125,15706.5,15766.400390625,34527400,15235.9692,15046.9316,No,88.15,Strong Bull,Uptrend,Hold,Uptrend (HH+HL),Bullish,87.56,Strong Bull,Bullish confirmed,"Strong Bull - all 4 components agree, trending ADX",72.3988,Overbought,181.7179,171.339,bullish fading,Overbought,2.2044,0.5927,full,65.0,Positive accelerating,66.83,Bullish,Bullish confirmed,Bearish divergence,"Bullish but overbought on RSI and Stochastic - stretched, bearish divergence",Upper Half,Trending,Bullish,Yes,No,Near Upper,4.68,Very Low,Contracting,-20.95,No,"Very Low volatility, contracting - coiling, watch for breakout",Low vol - tight stops,Normal,Rising,Confirmed Down,0.1228,Accumulation,39.1755,Neutral,3 - Topping,mid,20.0,14.0,4 - Declining,17.0,,,,,,3 - Topping but stage confidence only 20 - regime not established,3 - Topping but stage confidence only 20 - regime not established
2023-06-01,15801.9501953125,15823.9501953125,15743.400390625,15760.349609375,17566700,15256.5331,15054.0302,No,87.94,Strong Bull,Uptrend,Hold,Uptrend (HH+HL),Bullish,87.31,Strong Bull,Bullish confirmed,"Strong Bull - all 4 components agree, trending ADX",71.8483,Neutral,180.5981,173.1908,bullish fading,Overbought,2.5958,0.7271,full,65.45,Positive accelerating,66.17,Bullish,Bullish confirmed,Bearish divergence,"Bullish but overbought on RSI and Stochastic - stretched, bearish divergence",Upper Half,Trending,Bullish,Yes,No,Near Upper,4.68,Very Low,Contracting,-20.71,No,"Very Low volatility, contracting - coiling, watch for breakout",Low vol - tight stops,Normal,Rising,Confirmed Down,0.04,Neutral,45.6659,Neutral,3 - Topping,mid,20.0,15.0,4 - Declining,17.0,,,,,,3 - Topping but stage confidence only 20 - regime not established,3 - Topping but stage confidence only 20 - regime not established
2023-06-02,15816.7998046875,15838.4501953125,15774.650390625,15811.2001953125,18505700,15278.2848,15061.5643,No,88.26,Strong Bull,Uptrend,Hold,Uptrend (HH+HL),Bullish,87.67,Strong Bull,Bullish confirmed,"Strong Bull - all 4 components agree, trending ADX",73.661,Overbought,181.7191,174.8964,bullish fading,Overbought,2.6198,0.7343,full,67.36,Positive accelerating,67.19,Bullish,Bullish majority,Bearish divergence,"Bullish but overbought on RSI and Stochastic - stretched, bearish divergence",Upper Half,Trending,Bullish,Yes,No,Near Upper,4.64,Very Low,Stable,-17.86,No,"Very Low volatility, stable",Low vol - tight stops,Normal,Rising,Confirmed Up,0.0969,Accumulation,46.7938,Neutral,3 - Topping,mid,20.0,16.0,4 - Declining,17.0,,,,,,3 - Topping but stage confidence only 20 - regime not established,3 - Topping but stage confidence only 20 - regime not established
2023-06-05,15877.4501953125,15899.150390625,15851.75,15859.5,17899700,15301.0775,15069.5039,No,88.53,Strong Bull,Uptrend,Hold,Uptrend (HH+HL),Bullish,87.41,Strong Bull,Bullish confirmed,"Strong Bull - all 4 components agree, trending ADX",75.2886,Overbought,184.3795,176.7931,bullish accelerating,Overbought,2.293,0.6188,full,68.47,Positive accelerating,68.29,Bullish,Bullish confirmed,None,Bullish but overbought on RSI and Stochastic - stretched,Upper Half,Trending,Bullish,Yes,No,Breakout Up,5.68,Very Low,Stable,-13.53,No,"Very Low volatility, stable",Low vol - tight stops,Normal,Rising,Confirmed Up,0.0223,Neutral,53.9032,Neutral,3 - Topping,mid,20.0,17.0,4 - Declining,17.0,,,,,,3 - Topping but stage confidence only 20 - regime not established,3 - Topping but stage confidence only 20 - regime not established
2023-06-06,15873.75,15895.7001953125,15816.7001953125,15878.400390625,17273800,15323.7176,15077.5526,No,88.0,Strong Bull,Uptrend,Hold,Uptrend (HH+HL),Bullish,87.47,Strong Bull,Bullish confirmed,"Strong Bull - all 4 components agree, trending ADX",75.9158,Overbought,185.8704,178.6085,bullish fading,Overbought,2.1464,0.571,full,66.55,Positive fading,68.22,Bullish,Bullish confirmed,Bearish divergence,"Bullish but overbought on RSI and Stochastic - stretched, bearish divergence",Upper Half,Trending,Bullish,Yes,No,Near Upper,8.18,Very Low,Stable,-5.55,No,"Very Low volatility, stable",Low vol - tight stops,Normal,Rising,Weak Up,0.077,Accumulation,53.7604,Neutral,3 - Topping,mid,20.0,18.0,4 - Declining,17.0,,,,,,3 - Topping but stage confidence only 20 - regime not established,3 - Topping but stage confidence only 20 - regime not established
2023-06-07,15938.2998046875,16016.0,15920.25,16006.7001953125,31132700,15350.5013,15086.7979,No,89.49,Strong Bull,Uptrend,Hold,Uptrend (HH+HL),Bullish,88.5,Strong Bull,Bullish confirmed,"Strong Bull - all 4 components agree, trending ADX",79.685,Overbought,195.155,181.9178,bullish accelerating,Overbought,3.1629,0.9321,full,69.46,Positive accelerating,71.23,Strong Bullish,Bullish confirmed,None,Strong Bullish but overbought on RSI and Stochastic - stretched,Above Upper,Trending,Bullish,Yes,No,Breakout Up,10.75,Very Low,Stable,1.51,No,"Very Low volatility, stable",Low vol - tight stops,Normal,Rising,Confirmed Up,0.1068,Accumulation,62.3616,Neutral,3 - Topping,mid,20.0,19.0,4 - Declining,17.0,,,,,,3 - Topping but stage confidence only 20 - regime not established,3 - Topping but stage confidence only 20 - regime not established
2023-06-08,16021.7001953125,16048.7998046875,15906.150390625,15921.0498046875,23687500,15372.8757,15095.0989,No,88.46,Strong Bull,Uptrend,Hold,Uptrend (HH+HL),Bullish,87.0,Strong Bull,Bullish confirmed,"Strong Bull - all 4 components agree, trending ADX",71.626,Neutral,193.3728,184.2088,bullish fading,Overbought,2.3516,0.6391,full,65.52,Positive fading,66.59,Bullish,Bullish confirmed,Bearish divergence,"Bullish but overbought on RSI and Stochastic - stretched, bearish divergence",Upper Half,Trending,Bullish,Yes,No,Near Upper,14.24,Very Low,Stable,7.78,No,"Very Low volatility, stable",Low vol - tight stops,Normal,Rising,Confirmed Down,0.0675,Accumulation,60.0293,Neutral,3 - Topping,mid,20.0,20.0,4 - Declining,17.0,,,,,,3 - Topping but stage confidence only 20 - regime not established,3 - Topping but stage confidence only 20 - regime not established
2023-06-09,15947.9501953125,15961.7001953125,15866.7998046875,15877.400390625,18992700,15392.661,15102.883,No,87.4,Strong Bull,Uptrend,Hold,Uptrend (HH+HL),Bullish,86.05,Strong Bull,Bullish confirmed,"Strong Bull - all 4 components agree, trending ADX",67.8595,Neutral,186.2908,184.6252,bullish fading,Overbought,1.1509,0.2145,full,63.39,Positive fading,62.76,Bullish,Bullish majority,Bearish divergence,Bullish - bearish divergence vs price over 21 bars,Upper Half,Trending,Bullish,Yes,No,Inside,15.0,Very Low,Stable,8.65,No,"Very Low volatility, stable",Low vol - tight stops,Normal,Rising,Confirmed Down,0.011,Neutral,53.5377,Neutral,3 - Topping,mid,20.0,21.0,4 - Declining,17.0,,,,,,3 - Topping but stage confidence only 20 - regime not established,3 - Topping but stage confidence only 20 - regime not established
2023-06-12,15913.2001953125,15946.150390625,15874.400390625,15929.099609375,17248900,15413.6978,15111.1041,No,87.27,Strong Bull,Uptrend,Hold,Uptrend (HH+HL),Bullish,86.69,Strong Bull,Bullish confirmed,"Strong Bull - all 4 components agree, trending ADX",69.8798,Neutral,182.7434,184.2489,Bearish crossover,Neutral,0.9938,0.1584,full,63.5,Positive accelerating,62.21,Bullish,Bullish majority,Bearish divergence,Bullish - bearish divergence vs price over 21 bars,Upper Half,Trending,Bullish,Yes,No,Near Upper,15.75,Very Low,Stable,9.4,No,"Very Low volatility, stable",Low vol - tight stops,Normal,Rising,Weak Up,0.0228,Neutral,53.9864,Neutral,3 - Topping,mid,20.0,22.0,4 - Declining,17.0,,,,,,3 - Topping but stage confidence only 20 - regime not established,3 - Topping but stage confidence only 20 - regime not established
2023-06-13,15964.7998046875,16057.5,15964.2998046875,16048.2001953125,19119800,15438.5802,15120.4284,No,88.48,Strong Bull,Uptrend,Hold,Uptrend (HH+HL),Bullish,88.18,Strong Bull,Bullish confirmed,"Strong Bull - all 4 components agree, trending ADX",73.9433,Overbought,187.3825,184.8756,Bullish crossover,Overbought,1.5744,0.3674,full,66.81,Positive accelerating,65.73,Bullish,Bullish majority,Bearish divergence,"Bullish but overbought on RSI and Stochastic - stretched, bearish divergence",Upper Half,Trending,Bullish,Yes,No,Near Upper,17.58,Very Low,Stable,13.49,No,"Very Low volatility, stable",Low vol - tight stops,Normal,Rising,Confirmed Up,0.0971,Accumulation,60.4161,Neutral,3 - Topping,late,20.0,23.0,4 - Declining,17.0,,,,,,3 - Topping but stage confidence only 20 - regime not established,3 - Topping but stage confidence only 20 - regime not established
2023-06-14,16082.150390625,16094.099609375,16035.150390625,16084.0498046875,20155200,15463.8928,15130.0167,No,88.18,Strong Bull,Uptrend,Hold,Uptrend (HH+HL),Bullish,87.63,Strong Bull,Bullish confirmed,"Strong Bull - all 4 components agree, trending ADX",75.0351,Overbought,191.7415,186.2488,bullish accelerating,Overbought,2.0147,0.5247,full,69.13,Positive accelerating,68.33,Bullish,Bullish confirmed,None,Bullish but overbought on RSI and Stochastic - stretched,Upper Half,Trending,Bullish,Yes,No,Breakout Up,17.86,Very Low,Stable,13.17,No,"Very Low volatility, stable",Low vol - tight stops,Normal,Rising,Confirmed Up,0.1393,Accumulation,66.9536,Neutral,3 - Topping,late,20.0,24.0,4 - Declining,17.0,,,,,,3 - Topping but stage confidence only 20 - regime not established,3 - Topping but stage confidence only 20 - regime not established
2023-06-15,16106.849609375,16138.7001953125,16039.0498046875,16058.25,17043200,15487.2009,15139.2528,No,87.81,Strong Bull,Uptrend,Hold,Uptrend (HH+HL),Bullish,86.83,Strong Bull,Bullish confirmed,"Strong Bull - all 4 components agree, trending ADX",72.6751,Neutral,190.9134,187.1817,bullish fading,Overbought,1.8902,0.4804,full,72.19,Positive accelerating,68.4,Bullish,Bullish majority,None,Bullish but overbought on RSI and Stochastic - stretched,Upper Half,Trending,Bullish,Yes,No,Near Upper,17.06,Very Low,Stable,12.38,No,"Very Low volatility, stable",Low vol - tight stops,Normal,Rising,Weak Down,0.1459,Accumulation,67.1748,Neutral,3 - Topping,late,20.0,25.0,4 - Declining,17.0,,,,,,3 - Topping but stage confidence only 20 - regime not established,3 - Topping but stage confidence only 20 - regime not established
2023-06-16,16100.900390625,16211.25,16091.7998046875,16181.4501953125,20414800,15514.4264,15149.623,No,89.78,Strong Bull,Uptrend,Hold,Uptrend (HH+HL),Bullish,88.51,Strong Bull,Bullish confirmed,"Strong Bull - all 4 components agree, strong ADX",76.4794,Overbought,197.917,189.3288,bullish accelerating,Overbought,2.3417,0.6419,full,75.39,Positive accelerating,71.04,Strong Bullish,Bullish confirmed,None,Strong Bullish but overbought on RSI and Stochastic - stretched,Upper Half,Strong,Bullish,Yes,No,Breakout Up,19.17,Very Low,Stable,14.52,No,"Very Low volatility, stable",Low vol - tight stops,Normal,Rising,Confirmed Up,0.1396,Accumulation,67.5506,Neutral,3 - Topping,late,20.0,26.0,4 - Declining,17.0,,,,,,3 - Topping but stage confidence only 20 - regime not established,3 - Topping but stage confidence only 20 - regime not established
2023-06-19,16231.0498046875,16244.9501953125,16117.849609375,16142.150390625,17333000,15539.043,15159.4988,No,89.19,Strong Bull,Uptrend,Hold,Uptrend (HH+HL),Bullish,87.47,Strong Bull,Bullish confirmed,"Strong Bull - all 4 components agree, strong ADX",72.9885,Neutral,198.0136,191.0657,bullish fading,Overbought,1.7822,0.4372,full,75.44,Positive accelerating,69.09,Bullish,Bullish confirmed,None,Bullish but overbought on RSI and Stochastic - stretched,Upper Half,Strong,Bullish,Yes,No,Near Upper,17.34,Very Low,Stable,11.66,No,"Very Low volatility, stable",Low vol - tight stops,Normal,Rising,Weak Down,0.0777,Accumulation,67.7035,Neutral,3 - Topping,late,20.0,27.0,4 - Declining,17.0,,,,,,3 - Topping but stage confidence only 20 - regime not established,3 - Topping but stage confidence only 20 - regime not established
2023-06-20,16147.5498046875,16215.599609375,16080.9501953125,16199.9501953125,16932200,15564.9609,15169.8516,No,89.52,Strong Bull,Uptrend,Hold,Uptrend (HH+HL),Bullish,88.34,Strong Bull,Bullish confirmed,"Strong Bull - all 4 components agree, strong ADX",74.8097,Overbought,200.4435,192.9413,bullish accelerating,Overbought,2.0251,0.5185,full,76.09,Positive accelerating,70.29,Strong Bullish,Bullish confirmed,None,Strong Bullish but overbought on RSI and Stochastic - stretched,Upper Half,Strong,Bullish,Yes,Yes,Near Upper,15.71,Very Low,Stable,7.54,No,"Very Low volatility, stable",Low vol - tight stops,Normal,Rising,Weak Up,0.1302,Accumulation,71.892,Neutral,3 - Topping,late,20.0,28.0,4 - Declining,17.0,,,,,,3 - Topping but stage confidence only 20 - regime not established,3 - Topping but stage confidence only 20 - regime not established
2023-06-21,16244.5498046875,16277.349609375,16201.400390625,16240.9501953125,18561500,15591.4703,15180.5093,No,89.68,Strong Bull,Uptrend,Hold,Uptrend (HH+HL),Bullish,88.13,Strong Bull,Bullish confirmed,"Strong Bull - all 4 components agree, strong ADX",76.0435,Overbought,203.3337,195.0198,bullish accelerating,Overbought,1.4634,0.3079,full,75.24,Positive fading,70.45,Strong Bullish,Bullish confirmed,None,Strong Bullish but overbought on RSI and Stochastic - stretched,Upper Half,Strong,Bullish,Yes,No,Near Upper,14.01,Very Low,Stable,3.25,No,"Very Low volatility, stable",Low vol - tight stops,Normal,Rising,Weak Up,0.1558,Accumulation,72.0475,Neutral,3 - Topping,late,20.0,29.0,4 - Declining,17.0,,,,,,3 - Topping but stage confidence only 20 - regime not established,3 - Topping but stage confidence only 20 - regime not established
2023-06-22,16252.75,16264.150390625,16128.7998046875,16140.7998046875,17972000,15613.0126,15190.0644,No,88.24,Strong Bull,Uptrend,Hold,Uptrend (HH+HL),Bullish,86.32,Strong Bull,Bullish confirmed,"Strong Bull - all 4 components agree, strong ADX",67.3637,Neutral,195.2917,195.0742,bullish fading,Overbought,1.3802,0.2705,full,75.48,Positive accelerating,66.31,Bullish,Bullish majority,None,Bullish - price momentum agrees but MACD shows deceleration,Upper Half,Strong,Bullish,Yes,No,Near Upper,14.29,Very Low,Stable,0.04,No,"Very Low volatility, stable",Low vol - tight stops,Normal,Rising,Weak Down,0.0856,Accumulation,65.414,Neutral,3 - Topping,late,20.0,30.0,4 - Declining,17.0,,,,,,3 - Topping but stage confidence only 20 - regime not established,3 - Topping but stage confidence only 20 - regime not established
2023-06-23,16126.7001953125,16133.9501953125,15999.400390625,16011.7998046875,15066500,15628.6514,15198.2409,No,84.89,Strong Bull,Uptrend,Hold,Uptrend (HH+HL),Bullish,83.46,Strong Bull,Bullish confirmed,"Strong Bull - all 4 components agree, strong ADX",58.1558,Neutral,176.4749,191.3543,Bearish crossover,Neutral,0.8465,0.0624,full,72.21,Positive fading,58.47,Bullish,Bullish majority,Bearish divergence,Bullish - bearish divergence vs price over 21 bars,Upper Half,Strong,Bullish,Yes,Yes,Inside,11.35,Very Low,Stable,-3.65,No,"Very Low volatility, stable",Low vol - tight stops,Normal,Rising,Weak Down,0.0191,Neutral,59.5172,Neutral,3 - Topping,late,20.0,31.0,4 - Declining,17.0,,,,,,3 - Topping but stage confidence only 20 - regime not established,3 - Topping but stage confidence only 20 - regime not established
2023-06-26,16017.5,16079.0,15995.099609375,16066.150390625,13334300,15645.8082,15206.8768,No,84.33,Strong Bull,Uptrend,Hold,Uptrend (HH+HL),Bullish,83.97,Strong Bull,Bullish confirmed,"Strong Bull - all 4 components agree, strong ADX",60.5995,Neutral,164.0568,185.8948,bullish accelerating,Neutral,0.8604,0.056,full,72.22,Positive accelerating,56.46,Neutral,Bullish majority,Bearish divergence,Neutral - bearish divergence vs price over 21 bars,Upper Half,Strong,Bullish,No,Yes,Inside,7.34,Very Low,Stable,-8.41,No,"Very Low volatility, stable",Low vol - tight stops,Normal,Rising,Weak Up,0.0613,Accumulation,60.3506,Neutral,3 - Topping,late,20.0,32.0,4 - Declining,17.0,,,,,,3 - Topping but stage confidence only 20 - regime not established,3 - Topping but stage confidence only 20 - regime not established
2023-06-27,16118.650390625,16171.2001953125,16104.2001953125,16163.5,14832100,15666.1098,15216.3955,No,84.57,Strong Bull,Uptrend,Hold,Uptrend (HH+HL),Bullish,85.33,Strong Bull,Bullish confirmed,"Strong Bull - all 4 components agree, trending ADX",64.5884,Neutral,160.2238,180.7606,bullish fading,Neutral,0.7185,-0.0117,full,74.44,Positive accelerating,58.5,Bullish,Bullish majority,Bearish divergence,Bullish - bearish divergence vs price over 21 bars,Upper Half,Trending,Bullish,No,Yes,Near Upper,6.51,Very Low,Stable,-11.07,No,"Very Low volatility, stable",Low vol - tight stops,Normal,Rising,Weak Up,0.0808,Accumulation,57.812,Neutral,3 - Topping,late,20.0,33.0,4 - Declining,17.0,,,,,,3 - Topping but stage confidence only 20 - regime not established,3 - Topping but stage confidence only 20 - regime not established
2023-06-28,16239.849609375,16296.0,16210.4501953125,16277.2001953125,20741900,15690.0741,15226.9507,No,85.45,Strong Bull,Uptrend,Hold,Uptrend (HH+HL),Bullish,87.13,Strong Bull,Bullish confirmed,"Strong Bull - all 4 components agree, trending ADX",68.5884,Neutral,164.4649,177.5015,bullish fading,Neutral,1.2009,0.1695,full,77.99,Positive accelerating,63.88,Bullish,Bullish majority,Bearish divergence,Bullish - bearish divergence vs price over 21 bars,Upper Half,Trending,Bullish,No,Yes,Near Upper,7.68,Very Low,Stable,-10.18,No,"Very Low volatility, stable",Low vol - tight stops,Normal,Rising,Confirmed Up,0.0735,Accumulation,66.8566,Neutral,3 - Topping,late,20.0,34.0,4 - Declining,17.0,,,,,,3 - Topping but stage confidence only 20 - regime not established,3 - Topping but stage confidence only 20 - regime not established
2023-06-30,16354.9501953125,16437.44921875,16326.0,16430.0,21663000,15719.0908,15238.9214,No,88.24,Strong Bull,Uptrend,Hold,Uptrend (HH+HL),Bullish,88.57,Strong Bull,Bullish confirmed,"Strong Bull - all 4 components agree, trending ADX",73.002,Neutral,178.1027,177.6217,Bullish crossover,Overbought,2.315,0.6061,full,80.39,Positive accelerating,69.83,Bullish,Bullish majority,None,Bullish but overbought on RSI and Stochastic - stretched,Above Upper,Trending,Bullish,No,Yes,Breakout Up,9.96,Very Low,Stable,-7.1,No,"Very Low volatility, stable",Low vol - tight stops,Normal,Rising,Confirmed Up,0.1492,Accumulation,74.7636,Neutral,3 - Topping,late,20.0,35.0,4 - Declining,17.0,,,,,,3 - Topping but stage confidence only 20 - regime not established,3 - Topping but stage confidence only 20 - regime not established
2023-07-03,16490.94921875,16541.900390625,16485.30078125,16527.94921875,22143300,15750.8108,15251.7475,No,91.15,Strong Bull,Uptrend,Hold,Uptrend (HH+HL),Bullish,89.09,Strong Bull,Bullish confirmed,"Strong Bull - all 4 components agree, strong ADX",75.3892,Overbought,194.5714,181.0117,bullish accelerating,Overbought,2.1413,0.5309,full,82.59,Positive accelerating,74.11,Strong Bullish,Bullish confirmed,None,Strong Bullish but overbought on RSI and Stochastic - stretched,Above Upper,Strong,Bullish,No,Yes,Breakout Up,14.8,Very Low,Stable,-4.37,No,"Very Low volatility, stable",Low vol - tight stops,Normal,Rising,Confirmed Up,0.1702,Accumulation,75.3205,Neutral,3 - Topping,late,20.0,36.0,4 - Declining,17.0,,,,,,3 - Topping but stage confidence only 20 - regime not established,3 - Topping but stage confidence only 20 - regime not established
2023-07-04,16597.5,16599.25,16499.150390625,16556.05078125,28937900,15782.3888,15264.7257,No,91.03,Strong Bull,Uptrend,Hold,Uptrend (HH+HL),Bullish,88.88,Strong Bull,Bullish confirmed,"Strong Bull - all 4 components agree, strong ADX",76.0437,Overbought,207.4987,186.3091,bullish accelerating,Overbought,2.5641,0.6968,full,80.82,Positive fading,74.75,Strong Bullish,Bullish confirmed,None,Strong Bullish but overbought on RSI and Stochastic - stretched,Above Upper,Strong,Bullish,Yes,Yes,Breakout Up,17.86,Very Low,Stable,0.52,No,"Very Low volatility, stable",Low vol - tight stops,Normal,Rising,Confirmed Up,0.2062,Accumulation,76.3097,Neutral,3 - Topping,late,20.0,37.0,4 - Declining,17.0,,,,,,3 - Topping but stage confidence only 20 - regime not established,3 - Topping but stage confidence only 20 - regime not established
2023-07-05,16580.19921875,16611.150390625,16540.19921875,16597.19921875,23384400,15814.3422,15277.9841,No,91.03,Strong Bull,Uptrend,Hold,Uptrend (HH+HL),Bullish,88.89,Strong Bull,Bullish confirmed,"Strong Bull - all 4 components agree, strong ADX",77.0079,Overbought,218.5448,192.7562,bullish accelerating,Overbought,2.4522,0.6469,full,78.02,Positive fading,74.8,Strong Bullish,Bullish confirmed,None,Strong Bullish but overbought on RSI and Stochastic - stretched,Above Upper,Strong,Bullish,Yes,No,Near Upper,19.92,Very Low,Stable,4.21,No,"Very Low volatility, stable",Low vol - tight stops,Normal,Rising,Confirmed Up,0.2142,Accumulation,76.6558,Neutral,3 - Topping,late,20.0,38.0,4 - Declining,17.0,,,,,,3 - Topping but stage confidence only 20 - regime not established,3 - Topping but stage confidence only 20 - regime not established
2023-07-06,16600.75,16703.30078125,16590.69921875,16695.05078125,24845700,15848.8798,15292.0843,No,91.45,Strong Bull,Uptrend,Hold,Uptrend (HH+HL),Bullish,89.36,Strong Bull,Bullish confirmed,"Strong Bull - all 4 components agree, strong ADX",79.1563,Overbought,232.5143,200.7078,bullish accelerating,Overbought,2.796,0.7829,full,78.67,Positive accelerating,76.52,Strong Bullish,Bullish confirmed,None,Strong Bullish but overbought on RSI and Stochastic - stretched,Above Upper,Strong,Bullish,Yes,No,Breakout Up,22.97,Low,Stable,8.97,No,"Low volatility, stable",Low vol - tight stops,Normal,Rising,Confirmed Up,0.2078,Accumulation,77.3803,Neutral,3 - Topping,late,20.0,39.0,4 - Declining,17.0,,,,,,3 - Topping but stage confidence only 20 - regime not established,3 - Topping but stage confidence only 20 - regime not established
2023-07-07,16653.30078125,16718.19921875,16541.599609375,16564.900390625,21794000,15876.959,15304.7491,No,90.15,Strong Bull,Uptrend,Hold,Uptrend (HH+HL),Bullish,87.24,Strong Bull,Bullish confirmed,"Strong Bull - all 4 components agree, strong ADX",69.8124,Neutral,230.4271,206.6517,bullish fading,Overbought,2.6275,0.7097,full,75.23,Positive fading,71.02,Strong Bullish,Bullish confirmed,Bearish divergence,Strong Bullish - bearish divergence vs price over 21 bars,Upper Half,Strong,Bullish,Yes,Yes,Near Upper,29.41,Low,Stable,15.12,No,"Low volatility, stable",Low vol - tight stops,Normal,Rising,Confirmed Down,0.2157,Accumulation,69.5713,Neutral,3 - Topping,late,20.0,40.0,4 - Declining,17.0,,,,,,3 - Topping but stage confidence only 20 - regime not established,3 - Topping but stage confidence only 20 - regime not established
2023-07-10,16620.900390625,16623.94921875,16530.75,16553.75,17837500,15903.4998,15317.177,No,89.89,Strong Bull,Uptrend,Hold,Uptrend (HH+HL),Bullish,87.01,Strong Bull,Bullish confirmed,"Strong Bull - all 4 components agree, strong ADX",69.0603,Neutral,225.2763,210.3766,bullish fading,Overbought,3.3847,1.0153,full,74.32,Positive fading,68.44,Bullish,Bullish confirmed,None,Bullish - all 4 components agree incl. MACD acceleration,Upper Half,Strong,Bullish,Yes,No,Near Upper,28.13,Low,Stable,16.78,No,"Low volatility, stable",Low vol - tight stops,Normal,Rising,Weak Down,0.231,Accumulation,63.1887,Neutral,3 - Topping,late,20.0,41.0,4 - Declining,17.0,,,,,,3 - Topping but stage confidence only 20 - regime not established,3 - Topping but stage confidence only 20 - regime not established
2023-07-11,16610.94921875,16698.80078125,16597.55078125,16648.0,19751600,15932.6959,15330.419,No,90.43,Strong Bull,Uptrend,Hold,Uptrend (HH+HL),Bullish,88.4,Strong Bull,Bullish confirmed,"Strong Bull - all 4 components agree, strong ADX",71.8236,Neutral,226.1921,213.5397,bullish fading,Overbought,3.6216,1.11,full,75.12,Positive accelerating,68.85,Bullish,Bullish confirmed,None,Bullish but overbought on RSI and Stochastic - stretched,Upper Half,Strong,Bullish,Yes,Yes,Near Upper,28.93,Low,Expanding,21.59,No,"Low volatility, expanding - range widening",Low vol - tight stops,Normal,Rising,Confirmed Up,0.2063,Accumulation,69.5623,Neutral,3 - Topping,late,20.0,42.0,4 - Declining,17.0,,,,,,3 - Topping but stage confidence only 20 - regime not established,3 - Topping but stage confidence only 20 - regime not established
2023-07-12,16697.099609375,16703.25,16627.30078125,16641.05078125,21120500,15960.4745,15343.4601,No,90.17,Strong Bull,Uptrend,Hold,Uptrend (HH+HL),Bullish,88.1,Strong Bull,Bullish confirmed,"Strong Bull - all 4 components agree, strong ADX",71.3178,Neutral,223.7775,215.5873,bullish fading,Overbought,2.9545,0.8418,full,73.86,Positive fading,68.11,Bullish,Bullish confirmed,None,Bullish but overbought on RSI and Stochastic - stretched,Upper Half,Strong,Bullish,Yes,Yes,Near Upper,24.29,Low,Stable,17.78,No,"Low volatility, stable",Low vol - tight stops,Normal,Rising,Confirmed Down,0.1322,Accumulation,69.8911,Neutral,3 - Topping,late,20.0,43.0,4 - Declining,17.0,,,,,,3 - Topping but stage confidence only 20 - regime not established,3 - Topping but stage confidence only 20 - regime not established
2023-07-13,16726.94921875,16774.5,16596.44921875,16623.900390625,21563600,15986.4912,15356.2008,No,88.38,Strong Bull,Uptrend,Hold,Uptrend (HH+HL),Bullish,87.25,Strong Bull,Bullish confirmed,"Strong Bull - all 4 components agree, strong ADX",70.0076,Neutral,217.9675,216.0633,bullish fading,Overbought,2.13,0.5047,full,72.52,Positive fading,66.55,Bullish,Bullish majority,None,Bullish but overbought on RSI and Stochastic - stretched,Upper Half,Strong,Bullish,Yes,Yes,Near Upper,26.98,Low,Stable,19.3,No,"Low volatility, stable",Low vol - tight stops,Normal,Rising,Confirmed Down,0.0603,Accumulation,76.4723,Neutral,3 - Topping,late,20.0,44.0,4 - Declining,17.0,,,,,,3 - Topping but stage confidence only 20 - regime not established,3 - Topping but stage confidence only 20 - regime not established
2023-07-14,16695.69921875,16786.0,16655.05078125,16765.44921875,16827100,16017.0386,15370.2232,No,89.81,Strong Bull,Uptrend,Hold,Uptrend (HH+HL),Bullish,89.26,Strong Bull,Bullish confirmed,"Strong Bull - all 4 components agree, strong ADX",74.2177,Neutral,222.2231,217.2953,bullish accelerating,Overbought,2.0417,0.4744,full,74.22,Positive accelerating,69.09,Bullish,Bullish majority,None,Bullish but overbought on RSI and Stochastic - stretched,Upper Half,Strong,Bullish,Yes,Yes,Near Upper,30.68,Low,Expanding,20.71,No,"Low volatility, expanding - range widening",Low vol - tight stops,Normal,Rising,Weak Up,0.1161,Accumulation,81.7359,Overbought,3 - Topping,late,20.0,45.0,4 - Declining,17.0,,,,,,3 - Topping but stage confidence only 20 - regime not established,3 - Topping but stage confidence only 20 - regime not established
2023-07-17,16811.650390625,16884.94921875,16784.349609375,16872.05078125,20461300,16050.5685,15385.1667,No,91.32,Strong Bull,Uptrend,Hold,Uptrend (HH+HL),Bullish,89.64,Strong Bull,Bullish confirmed,"Strong Bull - all 4 components agree, strong ADX",76.8529,Overbought,231.5287,220.142,bullish accelerating,Overbought,2.0819,0.4966,full,76.41,Positive accelerating,71.9,Strong Bullish,Bullish confirmed,None,Strong Bullish but overbought on RSI and Stochastic - stretched,Upper Half,Strong,Bullish,Yes,Yes,Breakout Up,34.29,Low,Stable,19.48,No,"Low volatility, stable",Low vol - tight stops,Normal,Rising,Confirmed Up,0.1287,Accumulation,86.5877,Overbought,3 - Topping,late,20.0,46.0,4 - Declining,17.0,,,,,,3 - Topping but stage confidence only 20 - regime not established,3 - Topping but stage confidence only 20 - regime not established
2023-07-18,16932.94921875,16940.150390625,16818.30078125,16872.0,19999200,16082.7815,15399.9611,No,91.03,Strong Bull,Uptrend,Hold,Uptrend (HH+HL),Bullish,88.95,Strong Bull,Bullish confirmed,"Strong Bull - all 4 components agree, extreme ADX",76.8489,Overbought,236.1769,223.3489,bullish accelerating,Overbought,1.9084,0.4295,full,76.52,Positive accelerating,72.6,Strong Bullish,Bullish confirmed,None,Strong Bullish but overbought on RSI and Stochastic - stretched,Upper Half,Extreme,Bullish,Yes,Yes,Near Upper,39.33,Low,Expanding,21.47,No,"Low volatility, expanding - range widening",Low vol - tight stops,Normal,Rising,Confirmed Down,0.1488,Accumulation,86.8507,Overbought,3 - Topping,late,20.0,47.0,4 - Declining,17.0,,,,,,3 - Topping but stage confidence only 20 - regime not established,3 - Topping but stage confidence only 20 - regime not established
2023-07-19,16919.05078125,16964.25,16877.44921875,16953.5,19868200,16116.9273,15415.4192,No,91.38,Strong Bull,Uptrend,Hold,Uptrend (HH+HL),Bullish,89.44,Strong Bull,Bullish confirmed,"Strong Bull - all 4 components agree, extreme ADX",78.7725,Overbought,243.6285,227.4049,bullish accelerating,Overbought,2.1468,0.5303,full,78.22,Positive accelerating,74.29,Strong Bullish,Bullish confirmed,None,Strong Bullish but overbought on RSI and Stochastic - stretched,Upper Half,Extreme,Bullish,Yes,Yes,Breakout Up,41.55,Normal,Expanding,21.63,No,"Normal volatility, expanding - range widening",Low vol - tight stops,Normal,Rising,Weak Up,0.1526,Accumulation,86.8483,Overbought,3 - Topping,late,20.0,48.0,4 - Declining,17.0,,,,,,3 - Topping but stage confidence only 20 - regime not established,3 - Topping but stage confidence only 20 - regime not established
2023-07-20,16965.44921875,17051.0,16912.69921875,17042.55078125,21616500,16153.2263,15431.6096,No,91.75,Strong Bull,Uptrend,Hold,Uptrend (HH+HL),Bullish,89.97,Strong Bull,Bullish confirmed,"Strong Bull - all 4 components agree, extreme ADX",80.6632,Overbought,253.7941,232.6827,bullish accelerating,Overbought,2.0815,0.5039,full,79.35,Positive accelerating,75.99,Strong Bullish,Bullish confirmed,None,Strong Bullish but overbought on RSI and Stochastic - stretched,Upper Half,Extreme,Bullish,Yes,Yes,Breakout Up,44.48,Normal,Expanding,21.51,No,"Normal volatility, expanding - range widening",Low vol - tight stops,Normal,Rising,Confirmed Up,0.1965,Accumulation,86.8806,Overbought,3 - Topping,late,20.0,49.0,4 - Declining,17.0,,,,,,3 - Topping but stage confidence only 20 - regime not established,3 - Topping but stage confidence only 20 - regime not established
2023-07-21,16931.94921875,16991.400390625,16874.94921875,16904.30078125,23571800,16182.6802,15446.2632,No,90.43,Strong Bull,Uptrend,Hold,Uptrend (HH+HL),Bullish,87.78,Strong Bull,Bullish confirmed,"Strong Bull - all 4 components agree, extreme ADX",70.2084,Neutral,247.8378,235.7137,bullish fading,Overbought,2.0489,0.491,full,77.71,Positive fading,70.36,Strong Bullish,Bullish confirmed,Bearish divergence,"Strong Bullish but overbought on RSI and Stochastic - stretched, bearish divergence",Upper Half,Extreme,Bullish,Yes,Yes,Near Upper,47.7,Normal,Stable,18.29,No,"Normal volatility, stable",Low vol - tight stops,Normal,Rising,Confirmed Down,0.2014,Accumulation,79.0595,Neutral,3 - Topping,late,20.0,50.0,4 - Declining,17.0,,,,,,3 - Topping but stage confidence only 20 - regime not established,3 - Topping but stage confidence only 20 - regime not established
2023-07-24,16921.75,16948.400390625,16852.19921875,16865.150390625,28840000,16209.4437,15460.3815,No,90.0,Strong Bull,Uptrend,Hold,Uptrend (HH+HL),Bullish,87.14,Strong Bull,Bullish confirmed,"Strong Bull - all 4 components agree, extreme ADX",67.5388,Neutral,237.2238,236.0157,bullish fading,Neutral,1.8811,0.4227,full,75.92,Positive fading,66.01,Bullish,Bullish majority,Bearish divergence,Bullish - bearish divergence vs price over 21 bars,Upper Half,Extreme,Bullish,Yes,Yes,Inside,44.13,Normal,Stable,15.99,No,"Normal volatility, stable",Low vol - tight stops,Normal,Rising,Confirmed Down,0.1741,Accumulation,69.4541,Neutral,3 - Topping,late,20.0,51.0,4 - Declining,17.0,,,,,,3 - Topping but stage confidence only 20 - regime not established,3 - Topping but stage confidence only 20 - regime not established
2023-07-25,16918.80078125,16918.849609375,16832.44921875,16896.900390625,22880300,16236.4028,15474.6752,No,89.58,Strong Bull,Uptrend,Hold,Uptrend (HH+HL),Bullish,87.39,Strong Bull,Bullish confirmed,"Strong Bull - all 4 components agree, extreme ADX",68.5821,Neutral,228.7373,234.56,Bearish crossover,Neutral,1.4951,0.2662,full,75.96,Positive accelerating,64.16,Bullish,Bullish majority,None,Bullish - price momentum agrees but MACD shows deceleration,Upper Half,Extreme,Bullish,Yes,Yes,Near Upper,36.11,Low,Stable,7.18,No,"Low volatility, stable",Low vol - tight stops,Normal,Rising,Confirmed Up,0.1749,Accumulation,61.7982,Neutral,3 - Topping,late,20.0,52.0,4 - Declining,17.0,,,,,,3 - Topping but stage confidence only 20 - regime not established,3 - Topping but stage confidence only 20 - regime not established
2023-07-26,16950.69921875,17011.0,16931.599609375,16975.0,23136100,16265.3674,15489.6038,No,89.2,Strong Bull,Uptrend,Hold,Uptrend (HH+HL),Bullish,88.23,Strong Bull,Bullish confirmed,"Strong Bull - all 4 components agree, extreme ADX",71.0473,Neutral,225.7118,232.7904,bullish accelerating,Neutral,2.0068,0.4818,full,76.42,Positive accelerating,65.36,Bullish,Bullish majority,None,Bullish - price momentum agrees but MACD shows deceleration,Upper Half,Extreme,Bullish,Yes,Yes,Near Upper,27.97,Low,Stable,3.69,No,"Low volatility, stable",Low vol - tight stops,Normal,Rising,Confirmed Up,0.1506,Accumulation,61.6362,Neutral,3 - Topping,late,20.0,53.0,4 - Declining,17.0,,,,,,3 - Topping but stage confidence only 20 - regime not established,3 - Topping but stage confidence only 20 - regime not established
2023-07-27,17038.349609375,17056.19921875,16873.0,16919.19921875,24802600,16291.0079,15503.8286,No,87.07,Strong Bull,Uptrend,Hold,Uptrend (HH+HL),Bullish,86.79,Strong Bull,Bullish confirmed,"Strong Bull - all 4 components agree, extreme ADX",67.0022,Neutral,216.3178,229.4959,bullish accelerating,Neutral,1.7764,0.3922,full,74.47,Positive fading,63.05,Bullish,Bullish majority,None,Bullish - price momentum agrees but MACD shows deceleration,Upper Half,Extreme,Bullish,Yes,Yes,Near Upper,23.29,Low,Stable,-3.69,No,"Low volatility, stable",Low vol - tight stops,Normal,Rising,Confirmed Down,0.0955,Accumulation,60.9285,Neutral,2 - Advancing,early,84.0,1.0,3 - Topping,53.0,,,,,,3 - Topping but stage confidence only 20 - regime not established,3 - Topping but stage confidence only 20 - regime not established
2023-07-28,16935.05078125,16960.5,16880.599609375,16948.349609375,20685400,16316.786,15518.202,No,86.98,Strong Bull,Uptrend,Hold,Uptrend (HH+HL),Bullish,87.12,Strong Bull,Bullish confirmed,"Strong Bull - all 4 components agree, extreme ADX",68.0263,Neutral,208.8181,225.3603,bullish accelerating,Neutral,1.0909,0.1121,full,72.72,Positive fading,62.62,Bullish,Bullish majority,Bearish divergence,Bullish - bearish divergence vs price over 21 bars,Upper Half,Extreme,Bullish,No,No,Near Upper,16.03,Very Low,Stable,-14.64,No,"Very Low volatility, stable",Low vol - tight stops,Normal,Rising,Weak Up,0.0858,Accumulation,60.2812,Neutral,2 - Advancing,early,84.0,2.0,3 - Topping,53.0,,,,,,3 - Topping but stage confidence only 20 - regime not established,3 - Topping but stage confidence only 20 - regime not established
2023-07-31,16972.5,17072.80078125,16939.0,17059.0,24434300,16345.8924,15533.5333,No,88.43,Strong Bull,Uptrend,Hold,Uptrend (HH+HL),Bullish,88.72,Strong Bull,Bullish confirmed,"Strong Bull - all 4 components agree, extreme ADX",71.6262,Neutral,209.3894,222.1661,bullish fading,Overbought,1.108,0.1238,full,72.98,Positive accelerating,64.85,Bullish,Bullish majority,Bearish divergence,"Bullish but overbought on RSI and Stochastic - stretched, bearish divergence",Upper Half,Extreme,Bullish,No,No,Breakout Up,13.69,Very Low,Contracting,-20.59,No,"Very Low volatility, contracting - coiling, watch for breakout",Low vol - tight stops,Normal,Rising,Confirmed Up,0.1037,Accumulation,60.9429,Neutral,2 - Advancing,early,84.0,3.0,3 - Topping,53.0,,,,,,3 - Topping but stage confidence only 20 - regime not established,3 - Topping but stage confidence only 20 - regime not established
2023-08-01,17096.599609375,17102.099609375,17026.30078125,17051.150390625,23309200,16373.5496,15548.634,No,88.56,Strong Bull,Uptrend,Hold,Uptrend (HH+HL),Bullish,87.74,Strong Bull,Bullish confirmed,"Strong Bull - all 4 components agree, extreme ADX",71.0154,Neutral,206.8246,219.0978,bullish fading,Overbought,1.0618,0.1091,full,73.24,Positive accelerating,65.5,Bullish,Bullish majority,Bearish divergence,"Bullish but overbought on RSI and Stochastic - stretched, bearish divergence",Upper Half,Extreme,Bullish,No,No,Near Upper,10.44,Very Low,Contracting,-28.89,No,"Very Low volatility, contracting - coiling, watch for breakout",Low vol - tight stops,Normal,Rising,Confirmed Down,0.0778,Accumulation,61.2822,Neutral,2 - Advancing,early,84.0,4.0,3 - Topping,53.0,,,,,,3 - Topping but stage confidence only 20 - regime not established,3 - Topping but stage confidence only 20 - regime not established
2023-08-02,17005.599609375,17018.849609375,16755.900390625,16858.94921875,24246300,16392.5849,15561.6719,No,85.64,Strong Bull,Uptrend,Hold,Uptrend (HH+HL),Bullish,84.32,Strong Bull,Bullish confirmed,"Strong Bull - all 4 components agree, extreme ADX",57.9774,Neutral,187.1259,212.7034,bullish accelerating,Neutral,-0.5577,-0.5654,full,68.87,Positive fading,57.09,Neutral,Bullish majority,Bearish divergence,Neutral - bearish divergence vs price over 21 bars,Upper Half,Extreme,Bullish,No,Yes,Inside,19.56,Very Low,Contracting,-21.98,No,"Very Low volatility, contracting - coiling, watch for breakout",Normal vol,Normal,Rising,Confirmed Down,0.0336,Neutral,53.9614,Neutral,2 - Advancing,early,84.0,5.0,3 - Topping,53.0,,,,,,3 - Topping but stage confidence only 20 - regime not established,3 - Topping but stage confidence only 20 - regime not established
2023-08-03,16818.349609375,16878.75,16691.650390625,16772.30078125,25498600,16407.4757,15573.718,No,83.67,Strong Bull,Uptrend,Hold,Uptrend (HH+HL),Bullish,82.55,Strong Bull,Bullish confirmed,"Strong Bull - all 4 components agree, strong ADX",53.2326,Neutral,162.6478,202.6923,bullish accelerating,Neutral,-1.5857,-0.9894,full,69.55,Positive accelerating,50.88,Neutral,Bullish majority,Bearish divergence,Neutral - bearish divergence vs price over 21 bars,Lower Half,Strong,Bullish,No,Yes,Inside,20.87,Low,Contracting,-23.61,No,"Low volatility, contracting - coiling, watch for breakout",Normal vol,Normal,Rising,Confirmed Down,-0.0223,Neutral,47.373,Neutral,2 - Advancing,early,84.0,6.0,3 - Topping,53.0,,,,,,"2 - Advancing, trend 87 with bullish confirmed, momentum and volume confirm; early in the stage",3 - Topping but stage confidence only 20 - regime not established
2023-08-04,16847.400390625,16914.44921875,16836.55078125,16890.599609375,26290700,16426.4217,15586.8213,No,84.02,Strong Bull,Uptrend,Hold,Uptrend (HH+HL),Bullish,84.15,Strong Bull,Bullish confirmed,"Strong Bull - all 4 components agree, strong ADX",58.2556,Neutral,151.0532,192.3645,bullish accelerating,Neutral,-0.0811,-0.3524,full,68.97,Positive fading,50.44,Neutral,Mixed,Bearish divergence,Neutral - bearish divergence vs price over 21 bars,Upper Half,Strong,Bullish,No,Yes,Inside,19.56,Very Low,Contracting,-28.13,Confirmed,"Very Low volatility, squeeze confirmed - expansion pending",Normal vol,Normal,Rising,Confirmed Up,0.0366,Neutral,48.309,Neutral,2 - Advancing,early,84.0,7.0,3 - Topping,53.0,,,,,,"2 - Advancing, trend 87 long but momentum diverging - trend tiring, tighten stop",3 - Topping but stage confidence only 20 - regime not established
2023-08-07,16948.349609375,16970.05078125,16897.5,16956.349609375,22503500,16447.2032,15600.4484,No,83.55,Strong Bull,Uptrend,Hold,Uptrend (HH+HL),Bullish,84.8,Strong Bull,Bullish confirmed,"Strong Bull - all 4 components agree, strong ADX",60.7771,Neutral,145.4927,182.9901,bullish fading,Neutral,0.5408,-0.0828,full,69.92,Positive accelerating,52.75,Neutral,Mixed,Bearish divergence,Neutral - bearish divergence vs price over 21 bars,Upper Half,Strong,Bullish,No,Yes,Near Upper,16.59,Very Low,Contracting,-27.54,Confirmed,"Very Low volatility, squeeze confirmed - expansion pending",Normal vol,Normal,Rising,Weak Up,0.0873,Accumulation,48.7114,Neutral,2 - Advancing,early,84.0,8.0,3 - Topping,53.0,,,,,,"2 - Advancing, trend 89 long but momentum overextended - hold existing, do not add",3 - Topping but stage confidence only 20 - regime not established
2023-08-08,16991.849609375,16998.150390625,16889.849609375,16949.25,23945400,16466.8913,15613.8693,No,82.59,Strong Bull,Uptrend,Hold,Uptrend (HH+HL),Bullish,84.38,Strong Bull,Bullish confirmed,"Strong Bull - all 4 components agree, strong ADX",60.3532,Neutral,138.9119,174.1745,bullish fading,Neutral,0.3098,-0.1727,full,69.18,Positive fading,54.45,Neutral,Bullish majority,Bearish divergence,Neutral - bearish divergence vs price over 21 bars,Upper Half,Strong,Bullish,No,Yes,Near Upper,14.5,Very Low,Contracting,-21.61,Confirmed,"Very Low volatility, squeeze confirmed - expansion pending",Coiled - low vol squeeze,Normal,Rising,Confirmed Down,0.0917,Accumulation,49.3373,Neutral,2 - Advancing,early,84.0,9.0,3 - Topping,53.0,,,,,,"2 - Advancing, trend 88 long but momentum overextended - hold existing, do not add",3 - Topping but stage confidence only 20 - regime not established
2023-08-09,16966.849609375,17011.94921875,16881.75,17003.849609375,21148900,16487.9485,15627.7,No,83.69,Strong Bull,Uptrend,Hold,Uptrend (HH+HL),Bullish,85.45,Strong Bull,Bullish confirmed,"Strong Bull - all 4 components agree, trending ADX",62.5185,Neutral,136.5284,166.6453,bullish fading,Neutral,0.17,-0.225,full,69.63,Positive accelerating,57.07,Neutral,Bullish majority,Bearish divergence,Neutral - bearish divergence vs price over 21 bars,Upper Half,Trending,Bullish,No,Yes,Near Upper,13.93,Very Low,Stable,-14.05,Confirmed,"Very Low volatility, squeeze confirmed - expansion pending",Coiled - low vol squeeze,Normal,Rising,Weak Up,0.162,Accumulation,49.2595,Neutral,2 - Advancing,early,84.0,10.0,3 - Topping,53.0,,,,,,"2 - Advancing, trend 84 long but momentum diverging - trend tiring, tighten stop",3 - Topping but stage confidence only 20 - regime not established
2023-08-10,16999.5,17013.44921875,16901.55078125,16939.849609375,23453800,16505.6701,15640.7562,No,83.84,Strong Bull,Uptrend,Hold,Uptrend (HH+HL),Bullish,84.7,Strong Bull,Bullish confirmed,"Strong Bull - all 4 components agree, trending ADX",58.4864,Neutral,127.9997,158.9162,bullish accelerating,Neutral,0.1221,-0.2383,full,68.9,Positive fading,55.39,Neutral,Bullish majority,Bearish divergence,Neutral - bearish divergence vs price over 21 bars,Upper Half,Trending,Bullish,No,Yes,Near Upper,12.7,Very Low,Stable,-10.6,Confirmed,"Very Low volatility, squeeze confirmed - expansion pending",Coiled - low vol squeeze,Normal,Rising,Confirmed Down,0.1777,Accumulation,49.2711,Neutral,2 - Advancing,mid,84.0,11.0,3 - Topping,53.0,,,,,,"2 - Advancing, trend 83 long but momentum diverging - trend tiring, tighten stop","2 - Advancing, trend 87 with bullish confirmed, momentum and volume confirm; early in the stage"
2023-08-11,16970.05078125,16972.05078125,16845.80078125,16860.150390625,22768800,16519.5713,15652.8895,No,82.24,Strong Bull,Uptrend,Hold,Uptrend (HH+HL),Bullish,83.15,Strong Bull,Bullish confirmed,"Strong Bull - all 4 components agree, trending ADX",53.8305,Neutral,113.5012,149.8332,bullish accelerating,Neutral,-0.5204,-0.5139,full,66.85,Positive fading,51.79,Neutral,Bullish majority,Bearish divergence,Neutral - bearish divergence vs price over 21 bars,Lower Half,Trending,Bullish,No,Yes,Inside,12.9,Very Low,Stable,-3.14,Confirmed,"Very Low volatility, squeeze confirmed - expansion pending",Coiled - low vol squeeze,Normal,Rising,Weak Down,0.1126,Accumulation,50.1769,Neutral,2 - Advancing,mid,84.0,12.0,3 - Topping,53.0,,,,,,"2 - Advancing, trend 84 long but momentum diverging - trend tiring, tighten stop","2 - Advancing, trend 87 long but momentum diverging - trend tiring, tighten stop"
2023-08-14,16827.75,16854.099609375,16661.0,16825.55078125,20268700,16531.5705,15664.5578,No,80.2,Strong Bull,Uptrend,Hold,Uptrend (HH+HL),Bullish,62.0,Bull,Bullish majority,"Bull - majority agree, 1 dissenting, trending ADX",51.8989,Neutral,98.0885,139.4842,bullish accelerating,Neutral,-1.3685,-0.8818,full,67.21,Positive accelerating,49.13,Neutral,Mixed,Bearish divergence,Neutral - bearish divergence vs price over 21 bars,Lower Half,Trending,Bearish,No,Yes,Near Lower,17.14,Very Low,Stable,3.45,Confirmed,"Very Low volatility, squeeze confirmed - expansion pending",Normal vol,Normal,Rising,Weak Down,0.1106,Accumulation,50.5961,Neutral,2 - Advancing,mid,84.0,13.0,3 - Topping,53.0,,,,,,"2 - Advancing, trend 85 long but momentum diverging - trend tiring, tighten stop","2 - Advancing, trend 89 long but momentum overextended - hold existing, do not add"
2023-08-16,16779.599609375,16867.80078125,16732.75,16853.05078125,0,16544.1776,15676.3836,No,79.26,Bull,Uptrend,Hold,Uptrend (HH+HL),Bullish,62.01,Bull,Bullish majority,"Bull - majority agree, 1 dissenting, trending ADX",53.3322,Neutral,87.0889,129.0052,bullish accelerating,Neutral,-1.1618,-0.7837,full,68.5,Positive accelerating,49.23,Neutral,Mixed,None,"Neutral - components mixed, low conviction",Lower Half,Trending,Bearish,No,Yes,Inside,17.5,Very Low,Stable,7.07,Confirmed,"Very Low volatility, squeeze confirmed - expansion pending",Normal vol,Dry-up,Rising,Weak Up,0.1209,Accumulation,46.8169,Neutral,2 - Advancing,mid,84.0,14.0,3 - Topping,53.0,,,,,,"2 - Advancing, trend 84 long but momentum diverging - trend tiring, tighten stop","2 - Advancing, trend 88 long but momentum overextended - hold existing, do not add"
2023-08-17,16858.849609375,16869.400390625,16781.599609375,16802.25,20478700,16554.2981,15687.5862,No,77.46,Bull,Uptrend,Hold,Uptrend (HH+HL),Bullish,61.47,Bull,Bullish majority,"Bull - majority agree, 1 dissenting, trending ADX",50.3476,Neutral,73.426,117.8893,bullish accelerating,Neutral,-0.3363,-0.4101,full,68.76,Positive accelerating,47.77,Neutral,Mixed,None,"Neutral - components mixed, low conviction",Lower Half,Trending,Bearish,No,No,Near Lower,15.36,Very Low,Stable,-4.21,Confirmed,"Very Low volatility, squeeze confirmed - expansion pending",Vol contracting,Normal,Rising,Weak Down,0.0626,Accumulation,47.5203,Neutral,2 - Advancing,mid,84.0,15.0,3 - Topping,53.0,,,,,,"2 - Advancing, trend 85 long but momentum diverging - trend tiring, tighten stop","2 - Advancing, trend 84 long but momentum diverging - trend tiring, tighten stop"
2023-08-18,16768.0,16803.25,16722.05078125,16757.69921875,19005500,16562.2746,15698.2341,No,76.21,Bull,Uptrend,Hold,Range,Bullish,51.06,Neutral,Mixed,"Neutral - components mixed, low conviction",47.8201,Neutral,58.3308,105.9776,bullish accelerating,Neutral,-0.0871,-0.2911,full,67.53,Positive fading,45.68,Neutral,Bearish majority,None,"Neutral - majority agree, 1 dissenting",Lower Half,Trending,Bearish,No,No,Near Lower,12.22,Very Low,Stable,-8.65,Confirmed,"Very Low volatility, squeeze confirmed - expansion pending",Coiled - low vol squeeze,Normal,Rising,Weak Down,0.0148,Neutral,47.8196,Neutral,2 - Advancing,mid,84.0,16.0,3 - Topping,53.0,,,,,,"2 - Advancing, trend 85 long but momentum diverging - trend tiring, tighten stop","2 - Advancing, trend 83 long but momentum diverging - trend tiring, tighten stop"
2023-08-21,16780.75,16872.55078125,16766.69921875,16852.05078125,17652800,16573.6383,15709.7149,No,77.34,Bull,Uptrend,Hold,Range,Bullish,53.6,Neutral,Mixed,"Neutral - components mixed, low conviction",53.1807,Neutral,53.366,95.4553,bullish fading,Neutral,-0.2282,-0.3481,full,67.39,Positive fading,47.97,Neutral,Mixed,None,"Neutral - components mixed, low conviction",Lower Half,Trending,Bearish,No,No,Inside,11.67,Very Low,Stable,-7.9,Confirmed,"Very Low volatility, squeeze confirmed - expansion pending",Coiled - low vol squeeze,Normal,Rising,Weak Up,0.0667,Accumulation,46.5556,Neutral,2 - Advancing,mid,84.0,17.0,3 - Topping,53.0,,,,,,"2 - Advancing, trend 83 long but momentum diverging - trend tiring, tighten stop","2 - Advancing, trend 84 long but momentum diverging - trend tiring, tighten stop"
2023-08-22,16886.94921875,16925.44921875,16874.80078125,16905.25,22516400,16586.6427,15721.6107,No,78.43,Bull,Uptrend,Hold,Range,Bullish,68.93,Bull,Bullish confirmed,"Bull - all 4 components agree, trending ADX",55.9298,Neutral,53.1118,86.9866,bullish fading,Neutral,-0.3014,-0.3752,full,67.5,Positive accelerating,51.44,Neutral,Mixed,Bearish divergence,Neutral - bearish divergence vs price over 21 bars,Upper Half,Trending,Bullish,No,No,Inside,8.83,Very Low,Stable,-7.76,Confirmed,"Very Low volatility, squeeze confirmed - expansion pending",Coiled - low vol squeeze,Normal,Rising,Confirmed Up,0.1274,Accumulation,46.3689,Neutral,2 - Advancing,mid,84.0,18.0,3 - Topping,53.0,,,,,,"2 - Advancing, trend 62 long but momentum diverging - trend tiring, tighten stop","2 - Advancing, trend 85 long but momentum diverging - trend tiring, tighten stop"
2023-08-23,16950.900390625,16981.849609375,16912.150390625,16950.25,22837200,16600.9018,15733.836,No,79.38,Bull,Uptrend,Hold,Range,Bullish,69.03,Bull,Bullish confirmed,"Range with bullish lean - ADX emerging, direction not confirmed",58.1673,Neutral,55.8971,80.7687,bullish fading,Neutral,0.0059,-0.227,full,68.49,Positive accelerating,56.21,Neutral,Bullish majority,Bearish divergence,Neutral - bearish divergence vs price over 21 bars,Upper Half,Emerging,Bullish,No,No,Near Upper,6.35,Very Low,Stable,-8.15,Confirmed,"Very Low volatility, squeeze confirmed - expansion pending",Coiled - low vol squeeze,Normal,Rising,Confirmed Up,0.1061,Accumulation,54.5318,Neutral,2 - Advancing,mid,84.0,19.0,3 - Topping,53.0,,,,,,"2 - Advancing, trend 62 long confirmed but participation is thin - reduce size, breakouts without volume fail more often","2 - Advancing, trend 84 long but momentum diverging - trend tiring, tighten stop"
2023-08-24,17039.25,17074.25,16916.400390625,16930.150390625,24143400,16613.8135,15745.7396,No,79.6,Bull,Uptrend,Hold,Range,Bullish,68.54,Bull,Bullish confirmed,"Range with bullish lean - ADX emerging, direction not confirmed",56.7806,Neutral,55.839,75.7827,bullish fading,Neutral,-0.4334,-0.4251,full,67.68,Positive fading,57.24,Neutral,Bullish majority,Bearish divergence,Neutral - bearish divergence vs price over 21 bars,Upper Half,Emerging,Bullish,No,No,Inside,8.57,Very Low,Stable,-5.36,Confirmed,"Very Low volatility, squeeze confirmed - expansion pending",Coiled - low vol squeeze,Normal,Rising,Confirmed Down,0.0545,Accumulation,63.1858,Neutral,2 - Advancing,mid,84.0,20.0,3 - Topping,53.0,,,,,,"2 - Advancing, trend 61 long confirmed but participation is thin - reduce size, breakouts without volume fail more often","2 - Advancing, trend 85 long but momentum diverging - trend tiring, tighten stop"
2023-08-25,16871.0,16905.69921875,16785.25,16820.849609375,25050200,16621.9326,15756.4372,No,78.38,Bull,Uptrend,Hold,Range,Bullish,65.75,Bull,Bullish confirmed,"Range with bullish lean - ADX emerging, direction not confirmed",49.8244,Neutral,46.4379,69.9138,bullish accelerating,Neutral,-0.7025,-0.5446,full,64.32,Positive fading,52.43,Neutral,Mixed,None,"Neutral - components mixed, low conviction",Lower Half,Emerging,Bullish,No,No,Near Lower,11.13,Very Low,Stable,-1.57,Confirmed,"Very Low volatility, squeeze confirmed - expansion pending",Coiled - low vol squeeze,Normal,Rising,Confirmed Down,0.0592,Accumulation,54.2807,Neutral,2 - Advancing,mid,84.0,21.0,3 - Topping,53.0,,,,,,"2 - Advancing, but trend score 51 does not confirm long - no directional edge","2 - Advancing, trend 85 long but momentum diverging - trend tiring, tighten stop"
2023-08-28,16866.400390625,16918.25,16823.400390625,16875.30078125,24426100,16631.8686,15767.5702,No,78.69,Bull,Uptrend,Hold,Range,Bullish,65.67,Bull,Bullish confirmed,"Range with bullish lean - ADX emerging, direction not confirmed",52.9189,Neutral,42.8869,64.5084,bullish fading,Neutral,0.0899,-0.17,full,63.99,Positive fading,52.37,Neutral,Bullish majority,None,Neutral - price momentum agrees but MACD shows deceleration,Lower Half,Emerging,Bullish,No,No,Inside,9.44,Very Low,Stable,-3.45,Confirmed,"Very Low volatility, squeeze confirmed - expansion pending",Coiled - low vol squeeze,Normal,Rising,Confirmed Up,0.0309,Neutral,54.5713,Neutral,2 - Advancing,mid,84.0,22.0,3 - Topping,53.0,,,,,,"2 - Advancing, but trend score 54 does not confirm long - no directional edge","2 - Advancing, trend 83 long but momentum diverging - trend tiring, tighten stop"
2023-08-29,16933.849609375,16938.80078125,16898.05078125,16927.30078125,25140300,16643.4542,15779.1098,No,79.13,Bull,Uptrend,Hold,Range,Bullish,65.77,Bull,Bullish confirmed,"Range with bullish lean - ADX no trend, direction not confirmed",55.727,Neutral,43.7642,60.3596,bullish fading,Neutral,0.6047,0.0714,full,64.28,Positive accelerating,54.11,Neutral,Bullish majority,None,Neutral - price momentum agrees but MACD shows deceleration,Upper Half,No Trend,Bullish,No,No,Inside,4.76,Very Low,Stable,-12.38,Confirmed,"Very Low volatility, squeeze confirmed - expansion pending",Coiled - low vol squeeze,Normal,Rising,Confirmed Up,0.0114,Neutral,54.7542,Neutral,2 - Advancing,mid,84.0,23.0,3 - Topping,53.0,,,,,,"2 - Advancing, trend 69 long but momentum diverging - trend tiring, tighten stop","2 - Advancing, trend 62 long but momentum diverging - trend tiring, tighten stop"
2023-08-30,17010.150390625,17035.599609375,16959.099609375,16968.94921875,22475100,16656.2187,15790.949,No,79.41,Bull,Uptrend,Hold,Range,Bullish,66.19,Bull,Bullish confirmed,"Range with bullish lean - ADX no trend, direction not confirmed",57.8932,Neutral,47.2751,57.7427,bullish fading,Neutral,0.6877,0.1114,full,65.25,Positive accelerating,57.52,Neutral,Bullish majority,None,Neutral - price momentum agrees but MACD shows deceleration,Upper Half,No Trend,Bullish,No,No,Near Upper,4.19,Very Low,Stable,-13.32,Confirmed,"Very Low volatility, squeeze confirmed - expansion pending",Coiled - low vol squeeze,Normal,Rising,Confirmed Up,-0.0086,Neutral,54.9665,Neutral,2 - Advancing,mid,84.0,24.0,3 - Topping,53.0,,,,,,"2 - Advancing, trend 69 but ADX shows no trend, this is a range - wait for alignment","2 - Advancing, trend 62 long confirmed but participation is thin - reduce size, breakouts without volume fail more often"
2023-08-31,17001.349609375,17011.80078125,16904.69921875,16924.30078125,38895000,16666.7317,15802.2261,No,78.77,Bull,Uptrend,Hold,Range,Bullish,64.92,Bull,Bullish confirmed,"Range with bullish lean - ADX no trend, direction not confirmed",54.7978,Neutral,45.9254,55.3792,bullish fading,Neutral,0.7264,0.13,full,64.77,Positive fading,57.08,Neutral,Bullish majority,None,Neutral - price momentum agrees but MACD shows deceleration,Upper Half,No Trend,Bullish,No,No,Near Upper,3.09,Very Low,Stable,-12.26,Confirmed,"Very Low volatility, squeeze confirmed - expansion pending",Coiled - low vol squeeze,Normal,Rising,Confirmed Down,-0.0516,Distribution,52.1815,Neutral,2 - Advancing,mid,84.0,25.0,3 - Topping,53.0,,,,,,"2 - Advancing, trend 69 but ADX shows no trend, this is a range - wait for alignment","2 - Advancing, trend 61 long confirmed but participation is thin - reduce size, breakouts without volume fail more often"
2023-09-01,16940.19921875,17088.099609375,16931.5,17074.55078125,39465900,16682.7246,15814.8861,No,82.02,Strong Bull,Uptrend,Hold,Range,Bullish,67.81,Bull,Bullish confirmed,"Range with bullish lean - ADX no trend, direction not confirmed",62.1349,Neutral,56.3304,55.5695,Bullish crossover,Neutral,1.8908,0.673,full,65.98,Positive accelerating,62.67,Bullish,Bullish confirmed,None,Bullish - all 4 components agree incl. MACD acceleration,Above Upper,No Trend,Bullish,No,No,Breakout Up,6.43,Very Low,Stable,-5.79,Confirmed,"Very Low volatility, squeeze confirmed - expansion pending",Coiled - low vol squeeze,Normal,Rising,Confirmed Up,0.0282,Neutral,61.7616,Neutral,2 - Advancing,mid,84.0,26.0,3 - Topping,53.0,,,,,,"2 - Advancing, trend 66 but ADX shows no trend, this is a range - wait for alignment","2 - Advancing, but trend score 51 does not confirm long - no directional edge"
2023-09-04,17157.900390625,17191.19921875,17074.55078125,17180.94921875,4456715100,16702.2628,15828.4788,No,84.75,Strong Bull,Uptrend,Hold,Range,Bullish,69.52,Bull,Bullish confirmed,"Range with bullish lean - ADX no trend, direction not confirmed",66.3057,Neutral,72.3281,58.9212,bullish accelerating,Overbought,1.9517,0.6978,full,66.66,Positive accelerating,67.16,Bullish,Bullish confirmed,None,Bullish - all 4 components agree incl. MACD acceleration,Above Upper,No Trend,Bullish,No,No,Breakout Up,8.06,Very Low,Stable,-3.61,Partial,"Very Low volatility, stable",Low vol - tight stops,High,Rising,Confirmed Up,0.7514,Accumulation,97.8613,Overbought,2 - Advancing,mid,84.0,27.0,3 - Topping,53.0,,,,,,"2 - Advancing, trend 66 but ADX shows no trend, this is a range - wait for alignment","2 - Advancing, but trend score 54 does not confirm long - no directional edge"
2023-09-05,17228.19921875,17264.900390625,17180.94921875,17252.099609375,37702500,16723.8251,15842.6441,No,86.94,Strong Bull,Uptrend,Hold,Range,Bullish,70.42,Bull,Bullish confirmed,"Range with bullish lean - ADX no trend, direction not confirmed",68.7821,Neutral,89.7135,65.0796,bullish accelerating,Overbought,2.0517,0.7388,full,67.3,Positive accelerating,71.18,Strong Bullish,Bullish confirmed,None,Strong Bullish - all 4 components agree incl. MACD acceleration,Above Upper,No Trend,Bullish,Yes,No,Breakout Up,7.7,Very Low,Stable,-1.13,No,"Very Low volatility, stable",Low vol - tight stops,Dry-up,Rising,Weak Up,0.7515,Accumulation,97.8782,Overbought,2 - Advancing,mid,84.0,28.0,3 - Topping,53.0,,,,,,"2 - Advancing, trend 66 but ADX shows no trend, this is a range - wait for alignment","2 - Advancing, trend 69 long but momentum diverging - trend tiring, tighten stop"
2023-09-06,17274.19921875,17298.80078125,17198.75,17284.599609375,30486500,16745.8162,15856.992,No,87.84,Strong Bull,Uptrend,Hold,Range,Bullish,71.35,Bull,Bullish confirmed,"Range with bullish lean - ADX emerging, direction not confirmed",69.8713,Neutral,104.9047,73.0447,bullish accelerating,Overbought,1.9725,0.6979,full,65.97,Positive fading,72.13,Strong Bullish,Bullish confirmed,None,Strong Bullish - all 4 components agree incl. MACD acceleration,Above Upper,Emerging,Bullish,Yes,No,Breakout Up,9.4,Very Low,Stable,3.06,No,"Very Low volatility, stable",Low vol - tight stops,Dry-up,Rising,Weak Up,0.7545,Accumulation,98.301,Overbought,2 - Advancing,mid,84.0,29.0,3 - Topping,53.0,,,,,,"2 - Advancing, trend 66 but ADX shows no trend, this is a range - wait for alignment","2 - Advancing, trend 69 but ADX shows no trend, this is a range - wait for alignment"
2023-09-07,17292.349609375,17395.0,17269.099609375,17385.5,27654800,16770.9019,15872.201,No,89.08,Strong Bull,Uptrend,Hold,Range,Bullish,72.87,Bull,Bullish confirmed,"Range with bullish lean - ADX emerging, direction not confirmed",73.0189,Neutral,123.6602,83.1678,bullish accelerating,Overbought,2.6896,1.0249,full,68.4,Positive accelerating,74.92,Strong Bullish,Bullish confirmed,None,Strong Bullish but overbought on RSI and Stochastic - stretched,Above Upper,Emerging,Bullish,Yes,No,Breakout Up,14.56,Very Low,Stable,5.99,No,"Very Low volatility, stable",Low vol - tight stops,Dry-up,Rising,Weak Up,0.7545,Accumulation,98.6903,Overbought,2 - Advancing,mid,84.0,30.0,3 - Topping,53.0,,,,,,"2 - Advancing, trend 65 but ADX shows no trend, this is a range - wait for alignment","2 - Advancing, trend 69 but ADX shows no trend, this is a range - wait for alignment"
2023-09-08,17437.650390625,17519.599609375,17385.5,17487.44921875,29913900,16799.0018,15888.2731,No,90.63,Strong Bull,Uptrend,Hold,Range,Bullish,74.33,Bull,Bullish confirmed,"Range with bullish lean - ADX emerging, direction not confirmed",75.773,Overbought,145.0782,95.5498,bullish accelerating,Overbought,3.9629,1.6035,full,70.28,Positive accelerating,77.22,Strong Bullish,Bullish confirmed,None,Strong Bullish but overbought on RSI and Stochastic - stretched,Above Upper,Emerging,Bullish,Yes,No,Breakout Up,22.62,Low,Stable,11.49,No,"Low volatility, stable",Low vol - tight stops,Dry-up,Rising,Weak Up,0.7582,Accumulation,98.6938,Overbought,2 - Advancing,late,84.0,31.0,3 - Topping,53.0,,,,,,"2 - Advancing, trend 68 but ADX shows no trend, this is a range - wait for alignment","2 - Advancing, trend 66 but ADX shows no trend, this is a range - wait for alignment"
2023-09-11,17567.19921875,17660.80078125,17550.19921875,17653.349609375,37172200,16832.5056,15905.8361,No,91.62,Strong Bull,Uptrend,Hold,Range,Bullish,76.31,Strong Bull,Bullish confirmed,"Strong Bull - all 4 components agree, trending ADX",79.4491,Overbought,173.4395,111.1278,bullish accelerating,Overbought,4.6106,1.8834,full,71.65,Positive accelerating,79.96,Strong Bullish,Bullish confirmed,None,Strong Bullish but overbought on RSI and Stochastic - stretched,Above Upper,Trending,Bullish,Yes,No,Breakout Up,37.42,Low,Expanding,27.98,No,Squeeze releasing - expanding 6 bars after compression,Low vol - tight stops,Dry-up,Rising,Weak Up,0.766,Accumulation,98.6982,Overbought,2 - Advancing,late,84.0,32.0,3 - Topping,53.0,,,,,,"2 - Advancing, trend 70 but ADX shows no trend, this is a range - wait for alignment","2 - Advancing, trend 66 but ADX shows no trend, this is a range - wait for alignment"
2023-09-12,17753.94921875,17754.05078125,17422.05078125,17460.55078125,44340200,16857.1348,15921.3059,No,89.96,Strong Bull,Uptrend,Hold,Range,Bullish,73.86,Bull,Bullish confirmed,"Bull - all 4 components agree, trending ADX",66.7693,Neutral,178.3035,124.5629,bullish fading,Overbought,3.1502,1.2049,full,67.6,Positive fading,72.94,Strong Bullish,Bullish confirmed,None,Strong Bullish - all 4 components agree incl. MACD acceleration,Upper Half,Trending,Bullish,Yes,Yes,Inside,59.01,Normal,Expanding,54.25,No,Squeeze releasing - expanding 7 bars after compression,Normal vol,Dry-up,Rising,Weak Down,0.7526,Accumulation,97.7717,Overbought,2 - Advancing,late,84.0,33.0,3 - Topping,53.0,,,,,,"2 - Advancing, trend 70 but ADX shows no trend, this is a range - wait for alignment","2 - Advancing, trend 66 but ADX shows no trend, this is a range - wait for alignment"
2023-09-13,17458.400390625,17540.849609375,17364.349609375,17526.75,34773200,16883.3942,15937.2804,No,90.36,Strong Bull,Uptrend,Hold,Range,Bullish,74.92,Bull,Bullish confirmed,"Bull - all 4 components agree, trending ADX",68.6211,Neutral,185.3632,136.723,bullish fading,Overbought,3.2872,1.2612,full,67.94,Positive accelerating,72.25,Strong Bullish,Bullish confirmed,None,Strong Bullish - all 4 components agree incl. MACD acceleration,Upper Half,Trending,Bullish,Yes,Yes,Inside,62.94,High,Expanding,58.75,No,Squeeze releasing - expanding 8 bars after compression,Normal vol,Dry-up,Rising,Weak Up,0.7532,Accumulation,97.0501,Overbought,2 - Advancing,late,84.0,34.0,3 - Topping,53.0,,,,,,"2 - Advancing, trend 71 but ADX shows no trend, this is a range - wait for alignment","2 - Advancing, trend 66 but ADX shows no trend, this is a range - wait for alignment"
2023-09-14,17593.25,17648.55078125,17546.0,17603.5,29508800,16911.6337,15953.8597,No,90.81,Strong Bull,Uptrend,Hold,Range,Bullish,76.4,Strong Bull,Bullish confirmed,"Strong Bull - all 4 components agree, trending ADX",70.6624,Neutral,194.9044,148.3592,bullish fading,Neutral,4.0132,1.5846,full,69.25,Positive accelerating,72.36,Strong Bullish,Bullish confirmed,None,Strong Bullish - all 4 components agree incl. MACD acceleration,Upper Half,Trending,Bullish,Yes,Yes,Near Upper,62.94,High,Expanding,59.84,No,Squeeze releasing - expanding 9 bars after compression,Normal vol,Dry-up,Rising,Weak Up,0.7547,Accumulation,97.5574,Overbought,2 - Advancing,late,84.0,35.0,3 - Topping,53.0,,,,,,"2 - Advancing, trend 73 but ADX shows no trend, this is a range - wait for alignment","2 - Advancing, trend 65 but ADX shows no trend, this is a range - wait for alignment"
2023-09-15,17662.80078125,17691.849609375,17620.900390625,17665.80078125,41392000,16941.2089,15970.894,No,91.18,Strong Bull,Uptrend,Hold,Range,Bullish,77.73,Strong Bull,Bullish confirmed,"Strong Bull - all 4 components agree, trending ADX",72.2409,Neutral,205.1284,159.7131,bullish fading,Overbought,3.4628,1.328,full,68.35,Positive fading,73.19,Strong Bullish,Bullish confirmed,None,Strong Bullish but overbought on RSI and Stochastic - stretched,Upper Half,Trending,Bullish,Yes,Yes,Near Upper,60.08,High,Expanding,53.65,No,Squeeze releasing - expanding 10 bars after compression,Normal vol,Dry-up,Rising,Weak Up,0.754,Accumulation,97.5667,Overbought,2 - Advancing,late,84.0,36.0,3 - Topping,53.0,,,,,,"2 - Advancing, trend 74 but ADX shows no trend, this is a range - wait for alignment","2 - Advancing, trend 68 but ADX shows no trend, this is a range - wait for alignment"
2023-09-18,17666.849609375,17671.599609375,17601.55078125,17613.599609375,44639200,16967.5771,15987.2393,No,90.71,Strong Bull,Uptrend,Hold,Range,Bullish,77.26,Strong Bull,Bullish confirmed,"Strong Bull - all 4 components agree, trending ADX",68.8959,Neutral,206.6368,169.0978,bullish fading,Overbought,2.5182,0.8977,full,68.23,Positive fading,71.42,Strong Bullish,Bullish confirmed,None,Strong Bullish - all 4 components agree incl. MACD acceleration,Upper Half,Trending,Bullish,Yes,Yes,Near Upper,55.63,Normal,Expanding,47.58,No,Squeeze releasing - expanding 11 bars after compression,Normal vol,Dry-up,Rising,Weak Down,0.7421,Accumulation,96.6447,Overbought,2 - Advancing,late,84.0,37.0,3 - Topping,53.0,,,,,,"2 - Advancing, trend 76 long but momentum overextended - hold existing, do not add","2 - Advancing, trend 70 but ADX shows no trend, this is a range - wait for alignment"
2023-09-20,17513.19921875,17571.150390625,17419.75,17449.349609375,30967800,16986.4702,16001.7877,No,88.81,Strong Bull,Uptrend,Hold,Uptrend (HH+HL),Bullish,83.98,Strong Bull,Bullish confirmed,"Strong Bull - all 4 components agree, trending ADX",59.5521,Neutral,192.3612,173.7505,bullish fading,Neutral,1.1433,0.2777,full,65.42,Positive fading,64.21,Bullish,Bullish confirmed,None,Bullish - all 4 components agree incl. MACD acceleration,Upper Half,Trending,Bullish,Yes,Yes,Inside,58.05,Normal,Expanding,50.36,No,Squeeze releasing - expanding 12 bars after compression,Normal vol,Dry-up,Rising,Weak Down,0.7362,Accumulation,96.0108,Overbought,2 - Advancing,late,84.0,38.0,3 - Topping,53.0,,,,,,"2 - Advancing, trend 74 long confirmed but participation is thin - reduce size, breakouts without volume fail more often","2 - Advancing, trend 70 but ADX shows no trend, this is a range - wait for alignment"
2023-09-21,17409.099609375,17422.75,17273.099609375,17303.5,28822700,16998.9027,16014.74,No,85.46,Strong Bull,Uptrend,Hold,Uptrend (HH+HL),Bullish,79.88,Strong Bull,Bullish confirmed,"Strong Bull - all 4 components agree, trending ADX",52.7154,Neutral,167.3498,172.4704,Bearish crossover,Neutral,0.1093,-0.1948,full,63.08,Positive fading,55.72,Neutral,Bullish majority,None,Neutral - price momentum agrees but MACD shows deceleration,Upper Half,Trending,Bullish,No,Yes,Inside,60.24,High,Expanding,50.83,No,Squeeze releasing - expanding 13 bars after compression,Normal vol,Dry-up,Rising,Weak Down,0.7315,Accumulation,96.1923,Overbought,2 - Advancing,late,84.0,39.0,3 - Topping,53.0,,,,,,"2 - Advancing, trend 75 long confirmed but participation is thin - reduce size, breakouts without volume fail more often","2 - Advancing, trend 71 but ADX shows no trend, this is a range - wait for alignment"
2023-09-22,17314.400390625,17361.80078125,17226.05078125,17260.80078125,30348000,17009.1732,16027.1386,No,82.58,Strong Bull,Uptrend,Hold,Uptrend (HH+HL),Bullish,65.87,Bull,Bullish majority,"Range with bullish lean - ADX emerging, direction not confirmed",50.874,Neutral,142.4406,166.4644,bullish accelerating,Neutral,-0.7173,-0.5703,full,63.88,Positive accelerating,50.09,Neutral,Mixed,Bearish divergence,Neutral - bearish divergence vs price over 21 bars,Lower Half,Emerging,Bearish,No,Yes,Inside,59.21,Normal,Expanding,44.64,No,Squeeze releasing - expanding 14 bars after compression,Normal vol,Dry-up,Rising,Weak Down,0.7317,Accumulation,95.5631,Overbought,2 - Advancing,late,84.0,40.0,3 - Topping,53.0,,,,,,"2 - Advancing, trend 76 long confirmed but participation is thin - reduce size, breakouts without volume fail more often","2 - Advancing, trend 73 but ADX shows no trend, this is a range - wait for alignment"
2023-09-25,17276.349609375,17308.19921875,17198.19921875,17272.55078125,23415700,17019.5018,16039.5308,No,80.38,Strong Bull,Uptrend,Hold,Uptrend (HH+HL),Bullish,66.03,Bull,Bullish majority,"Range with bullish lean - ADX emerging, direction not confirmed",51.3773,Neutral,122.2389,157.6193,bullish accelerating,Neutral,-1.2289,-0.8024,full,65.75,Positive accelerating,47.23,Neutral,Mixed,Bearish divergence,Neutral - bearish divergence vs price over 21 bars,Lower Half,Emerging,Bearish,No,Yes,Inside,53.02,Normal,Expanding,30.4,No,Squeeze releasing - expanding 15 bars after compression,Normal vol,Dry-up,Rising,Weak Up,0.7355,Accumulation,49.6431,Neutral,2 - Advancing,late,84.0,41.0,3 - Topping,53.0,,,,,,"2 - Advancing, trend 78 long but momentum overextended - hold existing, do not add","2 - Advancing, trend 74 but ADX shows no trend, this is a range - wait for alignment"
2023-09-26,17284.900390625,17312.349609375,17250.30078125,17276.75,23871700,17029.5899,16051.8414,No,78.38,Bull,Uptrend,Hold,Uptrend (HH+HL),Bullish,66.13,Bull,Bullish majority,"Range with bullish lean - ADX emerging, direction not confirmed",51.5683,Neutral,105.3534,147.1661,bullish accelerating,Oversold,-2.1333,-1.2114,full,65.07,Positive fading,44.99,Neutral,Mixed,Bearish divergence,Neutral - bearish divergence vs price over 21 bars,Lower Half,Emerging,Bearish,No,Yes,Inside,42.82,Normal,Stable,5.4,No,"Normal volatility, stable",Normal vol,Dry-up,Rising,Weak Up,0.7345,Accumulation,48.1477,Neutral,2 - Advancing,late,84.0,42.0,3 - Topping,53.0,,,,,,"2 - Advancing, trend 77 long confirmed but participation is thin - reduce size, breakouts without volume fail more often","2 - Advancing, trend 76 long but momentum overextended - hold existing, do not add"
2023-09-27,17270.400390625,17352.099609375,17217.44921875,17341.599609375,24176400,17041.8256,16064.6749,No,78.45,Bull,Uptrend,Hold,Uptrend (HH+HL),Bullish,67.82,Bull,Bullish majority,"Range with bullish lean - ADX emerging, direction not confirmed",54.538,Neutral,96.0965,136.9522,bullish fading,Oversold,-0.6813,-0.5414,full,64.58,Positive fading,45.8,Neutral,Mixed,Bearish divergence,Neutral - bearish divergence vs price over 21 bars,Lower Half,Emerging,Bearish,No,No,Inside,36.55,Low,Contracting,-22.46,No,"Low volatility, contracting - coiling, watch for breakout",Vol contracting,Dry-up,Rising,Weak Up,0.7365,Accumulation,47.4379,Neutral,2 - Advancing,late,84.0,43.0,3 - Topping,53.0,,,,,,"2 - Advancing, trend 84 long confirmed but participation is thin - reduce size, breakouts without volume fail more often","2 - Advancing, trend 74 long confirmed but participation is thin - reduce size, breakouts without volume fail more often"
2023-09-28,17384.05078125,17389.19921875,17147.0,17170.44921875,29247500,17046.8697,16075.6776,No,75.78,Bull,Downtrend,Sell,Uptrend (HH+HL),Bullish,60.04,Bull,Mixed,"Range with bullish lean - ADX no trend, direction not confirmed",46.4439,Neutral,74.0958,124.3809,bullish accelerating,Oversold,-2.0329,-1.1544,full,60.98,Positive fading,40.68,Bearish,Bearish majority,Bearish divergence,Bearish - bearish divergence vs price over 21 bars,Lower Half,No Trend,Bearish,No,Yes,Inside,42.3,Normal,Contracting,-20.64,No,"Normal volatility, contracting - move losing energy",Normal vol,Dry-up,Rising,Weak Down,0.7341,Accumulation,41.2224,Neutral,2 - Advancing,late,84.0,44.0,3 - Topping,53.0,,,,,,"2 - Advancing, trend 80 long confirmed but participation is thin - reduce size, breakouts without volume fail more often","2 - Advancing, trend 75 long confirmed but participation is thin - reduce size, breakouts without volume fail more often"
2023-09-29,17227.55078125,17357.150390625,17205.19921875,17292.599609375,20880800,17056.5061,16087.7863,No,76.89,Bull,Downtrend,Hold,Uptrend (HH+HL),Bullish,62.34,Bull,Mixed,"Range with bullish lean - ADX no trend, direction not confirmed",51.9275,Neutral,65.7586,112.6565,bullish fading,Oversold,-1.7661,-1.0287,full,60.5,Positive fading,42.97,Neutral,Mixed,Bearish divergence,Neutral - bearish divergence vs price over 21 bars,Lower Half,No Trend,Bearish,No,Yes,Inside,40.36,Normal,Contracting,-22.58,No,"Normal volatility, contracting - move losing energy",Normal vol,Dry-up,Rising,Weak Up,0.7422,Accumulation,39.9965,Neutral,2 - Advancing,late,84.0,45.0,3 - Topping,53.0,,,,,,"2 - Advancing, trend 66 but ADX shows no trend, this is a range - wait for alignment","2 - Advancing, trend 76 long confirmed but participation is thin - reduce size, breakouts without volume fail more often"
2023-10-03,17294.5,17295.44921875,17201.69921875,17254.400390625,24738400,17064.2667,16099.3944,No,75.94,Bull,Downtrend,Hold,Uptrend (HH+HL),Bullish,62.25,Bull,Mixed,"Range with bullish lean - ADX no trend, direction not confirmed",50.1966,Neutral,55.43,101.2112,bullish fading,Oversold,-2.3288,-1.2874,full,58.79,Positive fading,41.72,Bearish,Mixed,Bearish divergence,Bearish - bearish divergence vs price over 21 bars,Lower Half,No Trend,Bearish,No,Yes,Inside,36.15,Low,Contracting,-23.93,No,"Low volatility, contracting - coiling, watch for breakout",Normal vol,Dry-up,Rising,Weak Down,0.7385,Accumulation,32.4953,Neutral,2 - Advancing,late,84.0,46.0,3 - Topping,53.0,,,,,,"2 - Advancing, trend 66 but ADX shows no trend, this is a range - wait for alignment","2 - Advancing, trend 78 long but momentum overextended - hold existing, do not add"
2023-10-04,17195.55078125,17200.69921875,17032.599609375,17123.099609375,29957400,17066.5739,16109.5805,No,66.51,Bull,Downtrend,Hold,Uptrend (HH+HL),Bullish,58.36,Neutral,Mixed,"No clear trend - ADX no trend, price ranging",44.6831,Neutral,36.232,88.2153,bullish accelerating,Oversold,-2.7848,-1.5166,full,56.85,Positive fading,39.09,Bearish,Bearish majority,Bearish divergence,Bearish - bearish divergence vs price over 21 bars,Lower Half,No Trend,Bearish,No,Yes,Near Lower,37.22,Low,Stable,-18.41,No,"Low volatility, stable",Normal vol,Normal,Falling,Weak Down,0.0945,Accumulation,33.6837,Neutral,2 - Advancing,late,74.0,47.0,3 - Topping,53.0,,,,,,"2 - Advancing, trend 66 but ADX shows no trend, this is a range - wait for alignment","2 - Advancing, trend 77 long confirmed but participation is thin - reduce size, breakouts without volume fail more often"
2023-10-05,17202.25,17234.0,17154.30078125,17195.80078125,24783900,17071.6416,16120.3886,No,66.25,Bull,Downtrend,Hold,Uptrend (HH+HL),Bullish,59.07,Neutral,Mixed,"No clear trend - ADX no trend, price ranging",48.0834,Neutral,26.5774,75.8878,bullish fading,Oversold,-1.4531,-0.9249,full,57.21,Positive accelerating,40.43,Bearish,Bearish majority,Bearish divergence,Bearish - bearish divergence vs price over 21 bars,Lower Half,No Trend,Bearish,No,Yes,Near Lower,37.34,Low,Contracting,-20.71,No,"Low volatility, contracting - coiling, watch for breakout",Normal vol,Normal,Falling,Weak Up,0.0553,Accumulation,40.578,Neutral,2 - Advancing,late,74.0,48.0,3 - Topping,53.0,,,,,,"2 - Advancing, trend 68 but ADX shows no trend, this is a range - wait for alignment","2 - Advancing, trend 84 long confirmed but participation is thin - reduce size, breakouts without volume fail more often"
2023-10-06,17263.349609375,17310.099609375,17237.099609375,17293.599609375,22409800,17080.3458,16132.0624,No,68.39,Bull,Downtrend,Hold,Uptrend (HH+HL),Bullish,61.33,Bull,Mixed,"Range with bullish lean - ADX no trend, direction not confirmed",52.3286,Neutral,26.512,66.0126,bullish fading,Neutral,-0.0572,-0.2872,full,57.17,Positive fading,43.61,Neutral,Mixed,Bearish divergence,Neutral - bearish divergence vs price over 21 bars,Lower Half,No Trend,Bearish,No,Yes,Inside,35.91,Low,Contracting,-24.33,No,"Low volatility, contracting - coiling, watch for breakout",Normal vol,Normal,Falling,Weak Up,0.0402,Neutral,39.4465,Neutral,2 - Advancing,late,74.0,49.0,3 - Topping,53.0,,,,,,"2 - Advancing, trend 60 but components disagree - wait for alignment","2 - Advancing, trend 80 long confirmed but participation is thin - reduce size, breakouts without volume fail more often"
2023-10-09,17170.5,17206.849609375,17096.650390625,17127.69921875,23369400,17082.2028,16141.9692,No,65.92,Bull,Downtrend,Hold,Uptrend (HH+HL),Bullish,58.3,Neutral,Mixed,"No clear trend - ADX no trend, price ranging",45.5278,Neutral,12.9245,55.395,bullish accelerating,Neutral,-0.7711,-0.6541,full,56.8,Positive fading,40.95,Bearish,Bearish majority,None,"Bearish - majority agree, 1 dissenting",Lower Half,No Trend,Bearish,No,Yes,Near Lower,39.76,Low,Stable,-19.45,No,"Low volatility, stable",Normal vol,Normal,Falling,Weak Down,-0.0158,Neutral,30.3538,Neutral,2 - Advancing,late,74.0,50.0,3 - Topping,53.0,,,,,,"2 - Advancing, trend 62 but components disagree - wait for alignment","2 - Advancing, trend 66 but ADX shows no trend, this is a range - wait for alignment"
2023-10-10,17184.55078125,17319.30078125,17184.55078125,17303.349609375,20047300,17090.8752,16153.5252,No,68.21,Bull,Downtrend,Hold,Uptrend (HH+HL),Bullish,61.56,Bull,Mixed,"Range with bullish lean - ADX no trend, direction not confirmed",52.558,Neutral,16.1436,47.5447,bullish fading,Neutral,0.1783,-0.1951,full,59.06,Positive accelerating,46.15,Neutral,Mixed,None,"Neutral - components mixed, low conviction",Lower Half,No Trend,Bearish,No,Yes,Inside,40.99,Normal,Stable,-12.03,No,"Normal volatility, stable",Normal vol,Normal,Falling,Weak Up,-0.0165,Neutral,38.139,Neutral,2 - Advancing,late,74.0,51.0,3 - Topping,53.0,,,,,,"2 - Advancing, trend 62 but components disagree - wait for alignment","2 - Advancing, trend 66 but ADX shows no trend, this is a range - wait for alignment"
2023-10-11,17380.650390625,17447.80078125,17375.5,17407.349609375,21946300,17103.286,16166.0011,No,77.91,Bull,Downtrend,Hold,Uptrend (HH+HL),Bullish,69.0,Bull,Bullish majority,"Range with bullish lean - ADX no trend, direction not confirmed",56.1653,Neutral,26.7781,43.3914,bullish fading,Neutral,0.7559,0.0807,full,59.12,Positive accelerating,51.57,Neutral,Bullish majority,None,Neutral - price momentum agrees but MACD shows deceleration,Upper Half,No Trend,Bullish,No,Yes,Inside,38.45,Low,Stable,-4.36,No,"Low volatility, stable",Normal vol,Normal,Falling,Weak Up,-0.0775,Distribution,45.512,Neutral,2 - Advancing,late,84.0,52.0,3 - Topping,53.0,,,,,,"2 - Advancing, but trend score 58 does not confirm long - no directional edge","2 - Advancing, trend 66 but ADX shows no trend, this is a range - wait for alignment"
2023-10-12,17438.30078125,17457.849609375,17402.44921875,17419.69921875,21367300,17115.6944,16178.4757,No,79.14,Bull,Downtrend,Hold,Uptrend (HH+HL),Bullish,69.03,Bull,Bullish majority,"Range with bullish lean - ADX no trend, direction not confirmed",56.5874,Neutral,35.7899,41.8711,bullish fading,Neutral,0.4504,-0.0796,full,59.36,Positive accelerating,56.68,Neutral,Bullish majority,None,Neutral - price momentum agrees but MACD shows deceleration,Upper Half,No Trend,Bullish,No,Yes,Inside,35.04,Low,Stable,-1.51,No,"Low volatility, stable",Normal vol,Normal,Falling,Weak Up,-0.0336,Neutral,52.8309,Neutral,2 - Advancing,late,84.0,53.0,3 - Topping,53.0,,,,,,"2 - Advancing, but trend score 59 does not confirm long - no directional edge","2 - Advancing, trend 68 but ADX shows no trend, this is a range - wait for alignment"
2023-10-13,17323.05078125,17436.5,17306.55078125,17390.349609375,22759700,17126.4652,16190.5342,No,79.38,Bull,Downtrend,Hold,Uptrend (HH+HL),Bullish,68.11,Bull,Mixed,"Range with bullish lean - ADX no trend, direction not confirmed",55.2263,Neutral,40.1014,41.5172,bullish fading,Overbought,1.2807,0.3321,full,59.22,Positive fading,58.44,Bullish,Bullish majority,None,Bullish - price momentum agrees but MACD shows deceleration,Upper Half,No Trend,Bearish,No,No,Inside,32.42,Low,Stable,-9.88,No,"Low volatility, stable",Vol contracting,Normal,Falling,Weak Down,-0.0763,Distribution,54.0161,Neutral,2 - Advancing,late,84.0,54.0,3 - Topping,53.0,,,,,,"2 - Advancing, trend 61 but components disagree - wait for alignment","2 - Advancing, trend 60 but components disagree - wait for alignment"
2023-10-16,17390.349609375,17431.5,17353.150390625,17393.0,21609200,17136.9175,16202.499,No,80.57,Strong Bull,Downtrend,Hold,Uptrend (HH+HL),Bullish,68.67,Bull,Mixed,"Range with bullish lean - ADX no trend, direction not confirmed",55.3308,Neutral,43.2337,41.8605,Bullish crossover,Overbought,0.5806,-0.0259,full,57.49,Positive fading,58.25,Bullish,Bullish confirmed,None,Bullish - all 4 components agree incl. MACD acceleration,Upper Half,No Trend,Bearish,No,No,Inside,27.54,Low,Stable,-12.82,No,"Low volatility, stable",Vol contracting,Normal,Falling,Weak Up,-0.0835,Distribution,60.8522,Neutral,2 - Advancing,late,84.0,55.0,3 - Topping,53.0,,,,,,"2 - Advancing, but trend score 58 does not confirm long - no directional edge","2 - Advancing, trend 62 but components disagree - wait for alignment"
2023-10-17,17490.05078125,17494.5,17437.94921875,17467.69921875,21889100,17149.8893,16215.0881,No,81.73,Strong Bull,Downtrend,Hold,Uptrend (HH+HL),Bullish,69.96,Bull,Mixed,"Range with bullish lean - ADX no trend, direction not confirmed",58.2856,Neutral,51.154,43.7192,bullish accelerating,Overbought,1.2362,0.302,full,57.06,Positive fading,60.28,Bullish,Bullish confirmed,None,Bullish - all 4 components agree incl. MACD acceleration,Upper Half,No Trend,Bullish,No,No,Inside,23.41,Low,Stable,-12.74,Partial,"Low volatility, stable",Vol contracting,Normal,Falling,Weak Up,-0.106,Distribution,60.6447,Neutral,2 - Advancing,late,84.0,56.0,3 - Topping,53.0,,,,,,"2 - Advancing, trend 62 but components disagree - wait for alignment","2 - Advancing, trend 62 but components disagree - wait for alignment"
2023-10-18,17484.349609375,17492.400390625,17332.30078125,17344.0,23155700,17157.5015,16226.321,No,79.66,Bull,Downtrend,Hold,Uptrend (HH+HL),Bullish,67.77,Bull,Mixed,"Range with bullish lean - ADX no trend, direction not confirmed",52.1354,Neutral,46.9087,44.3571,bullish fading,Overbought,1.2901,0.3266,full,55.6,Positive fading,56.37,Neutral,Bullish confirmed,None,Neutral - all 4 components agree incl. MACD acceleration,Upper Half,No Trend,Bearish,No,No,Inside,25.24,Low,Stable,-11.98,Partial,"Low volatility, stable",Vol contracting,Normal,Falling,Weak Down,-0.0912,Distribution,53.4414,Neutral,2 - Advancing,late,84.0,57.0,3 - Topping,53.0,,,,,,"2 - Advancing, trend 69 but ADX shows no trend, this is a range - wait for alignment","2 - Advancing, but trend score 58 does not confirm long - no directional edge"
2023-10-19,17251.19921875,17344.599609375,17202.25,17310.5,20476800,17163.5015,16237.1089,No,78.15,Bull,Downtrend,Hold,Uptrend (HH+HL),Bullish,66.84,Bull,Mixed,"Range with bullish lean - ADX no trend, direction not confirmed",50.5788,Neutral,40.3756,43.5608,Bearish crossover,Neutral,0.667,0.0113,full,54.21,Positive fading,53.38,Neutral,Bullish majority,None,Neutral - price momentum agrees but MACD shows deceleration,Upper Half,No Trend,Bearish,No,No,Inside,23.89,Low,Stable,-13.45,Partial,"Low volatility, stable",Vol contracting,Normal,Falling,Weak Down,-0.0316,Neutral,54.8935,Neutral,2 - Advancing,late,84.0,58.0,3 - Topping,53.0,,,,,,"2 - Advancing, trend 69 but ADX shows no trend, this is a range - wait for alignment","2 - Advancing, but trend score 59 does not confirm long - no directional edge"
2023-10-20,17258.30078125,17295.05078125,17190.599609375,17208.75,25928300,17165.2759,16246.7769,No,75.48,Bull,Downtrend,Hold,Uptrend (HH+HL),Bullish,64.7,Bull,Mixed,"Range with bullish lean - ADX no trend, direction not confirmed",46.0788,Neutral,26.6802,40.1847,bullish accelerating,Neutral,-0.4906,-0.5718,full,51.95,Positive fading,47.15,Neutral,Mixed,None,"Neutral - components mixed, low conviction",Lower Half,No Trend,Bearish,No,No,Inside,22.94,Low,Stable,-12.98,Partial,"Low volatility, stable",Vol contracting,Normal,Falling,Confirmed Down,-0.0314,Neutral,47.6215,Neutral,2 - Advancing,late,84.0,59.0,3 - Topping,53.0,,,,,,"2 - Advancing, trend 68 but components disagree - wait for alignment","2 - Advancing, trend 61 but components disagree - wait for alignment"
2023-10-23,17204.75,17224.80078125,16859.849609375,16888.69921875,25439800,17154.4298,16253.1642,No,62.38,Bull,Downtrend,Hold,Uptrend (HH+HL),Bullish,56.18,Neutral,Mixed,"No clear trend - ADX no trend, price ranging",35.4078,Oversold,-9.885,30.1707,bearish accelerating,Neutral,-1.3954,-1.0219,full,49.82,Negative accelerating,36.59,Bearish,Bearish confirmed,None,Bearish - all 4 components agree incl. MACD acceleration,Below Lower,No Trend,Bearish,Yes,Yes,Breakout Down,36.43,Low,Stable,-3.33,Partial,"Low volatility, stable",Normal vol,Normal,Falling,Confirmed Down,-0.0457,Neutral,47.5749,Neutral,2 - Advancing,late,74.0,60.0,3 - Topping,53.0,,,,,,"2 - Advancing, trend 69 but components disagree - wait for alignment","2 - Advancing, but trend score 58 does not confirm long - no directional edge"
2023-10-25,16912.400390625,16967.099609375,16677.150390625,16760.80078125,24536000,17138.9933,16258.2153,No,58.04,Neutral,Downtrend,Hold,Range,Bullish,43.81,Neutral,Mixed,"No clear trend - ADX no trend, price ranging",32.1987,Oversold,-48.623,14.412,bearish accelerating,Oversold,-3.1355,-1.8799,full,48.76,Negative accelerating,30.95,Bearish,Bearish confirmed,None,Bearish - all 4 components agree incl. MACD acceleration,Below Lower,No Trend,Bearish,Yes,Yes,Breakout Down,46.79,Normal,Stable,5.8,No,"Normal volatility, stable",Normal vol,Normal,Falling,Confirmed Down,-0.085,Distribution,48.4424,Neutral,2 - Advancing,late,74.0,61.0,3 - Topping,53.0,,,,,,"2 - Advancing, trend 70 but components disagree - wait for alignment","2 - Advancing, trend 62 but components disagree - wait for alignment"
2023-10-26,16678.69921875,16689.099609375,16466.25,16555.44921875,25590800,17116.1092,16261.1729,No,47.93,Neutral,Downtrend,Hold,Range,Bullish,38.6,Bear,Bearish confirmed,"Range with bearish lean - ADX emerging, direction not confirmed",27.8365,Oversold,-94.8005,-7.4305,bearish accelerating,Oversold,-4.8939,-2.7122,full,45.96,Negative accelerating,26.19,Strong Bearish,Bearish confirmed,None,Strong Bearish but oversold on RSI and Stochastic - stretched,Below Lower,Emerging,Bearish,Yes,Yes,Breakout Down,64.28,High,Expanding,25.83,No,High volatility and still expanding - move may be extended,Normal vol,Normal,Falling,Confirmed Down,-0.088,Distribution,40.7326,Neutral,2 - Advancing,late,64.0,62.0,3 - Topping,53.0,,,,,,"2 - Advancing, trend 68 but components disagree - wait for alignment","2 - Advancing, trend 69 but ADX shows no trend, this is a range - wait for alignment"
2023-10-27,16636.05078125,16793.099609375,16634.599609375,16765.44921875,21446600,17102.3579,16266.1906,No,48.71,Neutral,Downtrend,Hold,Range,Bullish,40.41,Neutral,Bearish confirmed,"No clear trend - ADX emerging, price ranging",37.2056,Oversold,-113.147,-28.5738,bearish fading,Oversold,-3.7558,-2.1206,full,47.53,Negative fading,30.66,Bearish,Bearish confirmed,None,Bearish - all 4 components agree incl. MACD acceleration,Lower Half,Emerging,Bearish,Yes,Yes,Inside,77.46,High,Expanding,42.42,No,High volatility and still expanding - move may be extended,Normal vol,Normal,Falling,Weak Up,-0.1022,Distribution,40.4255,Neutral,2 - Advancing,late,64.0,63.0,3 - Topping,53.0,,,,,,"2 - Advancing, trend 67 but components disagree - wait for alignment","2 - Advancing, trend 69 but ADX shows no trend, this is a range - wait for alignment"
2023-10-30,16784.94921875,16837.80078125,16661.94921875,16826.099609375,20563300,17091.5242,16271.7618,No,48.33,Neutral,Downtrend,Hold,Range,Bullish,40.25,Neutral,Bearish confirmed,"No clear trend - ADX emerging, price ranging",39.6429,Neutral,-121.3933,-47.1377,bearish fading,Neutral,-3.2446,-1.8499,full,48.9,Negative fading,33.46,Bearish,Bearish confirmed,None,Bearish - all 4 components agree incl. MACD acceleration,Lower Half,Emerging,Bearish,Yes,Yes,Inside,80.2,Very High,Expanding,47.78,No,Very High volatility and still expanding - move may be extended,Normal vol,Normal,Falling,Weak Up,-0.0146,Neutral,47.1928,Neutral,2 - Advancing,late,64.0,64.0,3 - Topping,53.0,,,,,,"2 - Advancing, trend 65 but components disagree - wait for alignment","2 - Advancing, trend 68 but components disagree - wait for alignment"
2023-10-31,16909.69921875,16910.0,16785.55078125,16801.099609375,18455500,17080.135,16277.0288,No,41.13,Neutral,Downtrend,Hold,Range,Bullish,37.04,Bear,Bearish confirmed,"Bear - all 4 components agree, trending ADX",38.9714,Neutral,-128.4651,-63.4032,bearish fading,Neutral,-3.4031,-1.906,full,48.26,Negative accelerating,34.76,Bearish,Bearish confirmed,None,Bearish - all 4 components agree incl. MACD acceleration,Lower Half,Trending,Bearish,Yes,Yes,Inside,79.88,High,Expanding,52.34,No,High volatility and still expanding - move may be extended,Normal vol,Normal,Falling,Weak Down,-0.0516,Distribution,46.8448,Neutral,2 - Advancing,late,50.0,65.0,3 - Topping,53.0,,,,,,"2 - Advancing, but trend score 56 does not confirm long - no directional edge","2 - Advancing, trend 69 but components disagree - wait for alignment"
2023-11-01,16808.5,16834.099609375,16719.099609375,16732.94921875,23946000,17066.5199,16281.5654,No,40.46,Neutral,Downtrend,Hold,Range,Bullish,35.47,Bear,Bearish confirmed,"Bear - all 4 components agree, trending ADX",37.1254,Oversold,-137.9781,-78.3182,bearish fading,Neutral,-4.2063,-2.2613,full,46.18,Negative accelerating,33.98,Bearish,Bearish confirmed,None,Bearish - all 4 components agree incl. MACD acceleration,Lower Half,Trending,Bearish,Yes,Yes,Inside,80.16,Very High,Expanding,56.74,No,Very High volatility and still expanding - move may be extended,Normal vol,Normal,Falling,Confirmed Down,-0.0979,Distribution,39.6201,Neutral,2 - Advancing,late,50.0,66.0,3 - Topping,53.0,,,,,,"2 - Advancing, but trend score 44 does not confirm long - no directional edge","2 - Advancing, trend 70 but components disagree - wait for alignment"
2023-11-02,16849.94921875,16903.75,16823.0,16890.80078125,22356100,17059.6289,16287.6274,No,42.64,Neutral,Downtrend,Hold,Downtrend (LH+LL),Bearish,27.99,Bear,Bearish confirmed,"Bear - all 4 components agree, trending ADX",43.7694,Neutral,-131.2668,-88.9079,bearish fading,Neutral,-2.613,-1.4848,full,48.12,Negative fading,38.78,Bearish,Bearish confirmed,None,Bearish - all 4 components agree incl. MACD acceleration,Lower Half,Trending,Bearish,Yes,Yes,Inside,80.24,Very High,Expanding,55.0,No,Very High volatility and still expanding - move may be extended,Normal vol,Normal,Falling,Weak Up,-0.0711,Distribution,39.6741,Neutral,2 - Advancing,late,50.0,67.0,3 - Topping,53.0,,,,,,"2 - Advancing, but trend score 39 does not confirm long - no directional edge","2 - Advancing, trend 68 but components disagree - wait for alignment"
2023-11-03,16990.349609375,17027.44921875,16983.05078125,17000.94921875,24482900,17057.3278,16294.7251,No,45.84,Neutral,Downtrend,Hold,Downtrend (LH+LL),Bearish,30.8,Bear,Bearish confirmed,"Bear - all 4 components agree, trending ADX",47.9062,Neutral,-115.726,-94.2715,bearish fading,Neutral,-1.7882,-1.0817,full,51.68,Positive accelerating,45.03,Neutral,Bearish majority,Bullish divergence,Neutral - bullish divergence vs price over 21 bars,Lower Half,Trending,Bearish,Yes,Yes,Inside,79.29,High,Expanding,55.4,No,High volatility and still expanding - move may be extended,Normal vol,Normal,Falling,Confirmed Up,-0.0839,Distribution,47.1759,Neutral,2 - Advancing,late,50.0,68.0,3 - Topping,53.0,,,,,,"2 - Advancing, but trend score 40 does not confirm long - no directional edge","2 - Advancing, trend 67 but components disagree - wait for alignment"
2023-11-06,17105.349609375,17168.75,17080.94921875,17159.400390625,18888700,17061.3306,16303.3289,No,49.53,Neutral,Uptrend,Buy,Downtrend (LH+LL),Bearish,41.23,Neutral,Bearish majority,"No clear trend - ADX emerging, price ranging",53.2359,Neutral,-89.5913,-93.3355,Bullish crossover,Neutral,-0.2868,-0.3577,full,54.62,Positive accelerating,53.74,Neutral,Bullish confirmed,Bullish divergence,Neutral - bullish divergence vs price over 21 bars,Upper Half,Emerging,Bearish,No,Yes,Inside,78.57,High,Expanding,55.63,No,High volatility and still expanding - move may be extended,Normal vol,Normal,Falling,Weak Up,-0.0788,Distribution,46.6645,Neutral,2 - Advancing,late,50.0,69.0,3 - Topping,53.0,,,,,,"2 - Advancing, but trend score 40 does not confirm long - no directional edge","2 - Advancing, trend 65 but components disagree - wait for alignment"
2023-11-07,17170.349609375,17200.599609375,17120.75,17187.80078125,21619300,17066.2902,16312.1296,No,51.84,Neutral,Uptrend,Hold,Downtrend (LH+LL),Bearish,42.46,Neutral,Mixed,"No clear trend - ADX emerging, price ranging",54.1415,Neutral,-65.8289,-87.8342,bearish accelerating,Neutral,1.771,0.6384,full,53.52,Positive fading,58.1,Bullish,Bullish confirmed,Bullish divergence,Bullish - bullish divergence vs price over 21 bars,Upper Half,Emerging,Bearish,No,Yes,Inside,76.23,High,Expanding,39.8,No,High volatility and still expanding - move may be extended,Normal vol,Normal,Falling,Weak Up,-0.0233,Neutral,46.554,Neutral,2 - Advancing,late,50.0,70.0,3 - Topping,53.0,,,,,,"2 - Advancing, but trend score 37 does not confirm long - no directional edge","2 - Advancing, but trend score 56 does not confirm long - no directional edge"
2023-11-08,17242.650390625,17269.25,17215.0,17259.69921875,23112000,17073.8749,16321.5581,No,56.05,Neutral,Uptrend,Hold,Downtrend (LH+LL),Bearish,51.7,Neutral,Bullish majority,"No clear trend - ADX emerging, price ranging",56.4413,Neutral,-40.726,-78.4125,bearish accelerating,Neutral,2.9766,1.2275,full,53.58,Positive accelerating,62.74,Bullish,Bullish confirmed,None,Bullish - all 4 components agree incl. MACD acceleration,Upper Half,Emerging,Bullish,No,No,Inside,74.84,High,Expanding,28.06,No,High volatility and still expanding - move may be extended,Vol contracting,Normal,Falling,Confirmed Up,-0.0239,Neutral,54.0094,Neutral,2 - Advancing,late,50.0,71.0,3 - Topping,53.0,,,,,,"2 - Advancing, but trend score 35 does not confirm long - no directional edge","2 - Advancing, but trend score 44 does not confirm long - no directional edge"
2023-11-09,17284.94921875,17288.599609375,17209.55078125,17218.900390625,21496900,17079.5622,16330.4869,No,77.21,Bull,Uptrend,Hold,Downtrend (LH+LL),Bearish,57.49,Neutral,Bullish majority,"No clear trend - ADX no trend, price ranging",54.763,Neutral,-23.8489,-67.4998,bearish accelerating,Overbought,4.0074,1.7197,full,53.18,Positive fading,63.86,Bullish,Bullish confirmed,Bullish divergence,Bullish - bullish divergence vs price over 21 bars,Upper Half,No Trend,Bullish,No,No,Inside,72.14,High,Stable,7.86,No,"High volatility, stable",Vol contracting,Normal,Falling,Weak Down,-0.0547,Distribution,53.8428,Neutral,2 - Advancing,late,84.0,72.0,3 - Topping,53.0,,,,,,"2 - Advancing, but trend score 28 does not confirm long - no directional edge","2 - Advancing, but trend score 39 does not confirm long - no directional edge"
2023-11-10,17189.69921875,17274.900390625,17156.849609375,17256.599609375,16533000,17086.5048,16339.702,No,78.53,Bull,Uptrend,Hold,Downtrend (LH+LL),Bearish,53.35,Neutral,Mixed,"No clear trend - ADX no trend, price ranging",56.0631,Neutral,-7.347,-55.4693,bearish accelerating,Overbought,2.9295,1.1982,full,52.97,Positive fading,65.76,Bullish,Bullish confirmed,Bullish divergence,Bullish - bullish divergence vs price over 21 bars,Upper Half,No Trend,Bearish,No,No,Inside,69.76,High,Stable,-7.7,No,"High volatility, stable",Vol contracting,Normal,Falling,Weak Up,-0.0114,Neutral,55.5108,Neutral,2 - Advancing,late,84.0,73.0,3 - Topping,53.0,,,,,,"2 - Advancing, but trend score 31 does not confirm long - no directional edge","2 - Advancing, but trend score 40 does not confirm long - no directional edge"
2023-11-13,17335.0,17339.150390625,17278.650390625,17318.599609375,22743900,17095.6066,16349.4422,No,79.95,Bull,Uptrend,Hold,Downtrend (LH+LL),Bearish,57.2,Neutral,Bullish majority,"No clear trend - ADX no trend, price ranging",58.1912,Neutral,10.6114,-42.2531,bullish accelerating,Overbought,2.927,1.1962,full,54.47,Positive accelerating,67.65,Bullish,Bullish confirmed,Bullish divergence,Bullish - bullish divergence vs price over 21 bars,Upper Half,No Trend,Bullish,No,No,Inside,66.11,High,Stable,-14.09,No,"High volatility, stable",Vol contracting,Normal,Falling,Confirmed Up,-0.0099,Neutral,63.5119,Neutral,2 - Advancing,late,84.0,74.0,3 - Topping,53.0,,,,,,"2 - Advancing, but trend score 41 does not confirm long - no directional edge","2 - Advancing, but trend score 40 does not confirm long - no directional edge"
2023-11-15,17493.30078125,17518.900390625,17448.30078125,17508.05078125,27787100,17111.7809,16360.9707,No,82.85,Strong Bull,Uptrend,Hold,Downtrend (LH+LL),Bearish,58.6,Neutral,Bullish majority,"No clear trend - ADX no trend, price ranging",63.9388,Neutral,39.6734,-25.8678,bullish accelerating,Overbought,4.2078,1.8095,full,57.69,Positive accelerating,71.79,Strong Bullish,Bullish confirmed,None,Strong Bullish - all 4 components agree incl. MACD acceleration,Upper Half,No Trend,Bullish,No,No,Breakout Up,70.16,High,Stable,-9.72,No,"High volatility, stable",Vol contracting,Normal,Falling,Confirmed Up,0.0322,Neutral,71.8579,Neutral,2 - Advancing,late,84.0,75.0,3 - Topping,53.0,,,,,,"2 - Advancing, but trend score 42 does not confirm long - no directional edge","2 - Advancing, but trend score 37 does not confirm long - no directional edge"
2023-11-16,17518.099609375,17668.650390625,17486.5,17593.099609375,22354800,17130.6561,16373.2307,No,84.99,Strong Bull,Uptrend,Hold,Downtrend (LH+LL),Bearish,59.76,Neutral,Bullish majority,"No clear trend - ADX no trend, price ranging",66.1862,Neutral,68.7752,-6.9392,bullish accelerating,Overbought,5.1405,2.235,full,59.12,Positive accelerating,73.42,Strong Bullish,Bullish confirmed,None,Strong Bullish - all 4 components agree incl. MACD acceleration,Upper Half,No Trend,Bullish,No,No,Breakout Up,73.81,High,Stable,-6.35,No,"High volatility, stable",Vol contracting,Normal,Falling,Weak Up,0.0381,Neutral,79.7974,Neutral,2 - Advancing,late,84.0,76.0,3 - Topping,53.0,,,,,,"2 - Advancing, but trend score 52 does not confirm long - no directional edge","2 - Advancing, but trend score 35 does not confirm long - no directional edge"
2023-11-17,17537.44921875,17649.05078125,17528.849609375,17600.5,29718400,17149.0814,16385.4423,No,85.97,Strong Bull,Uptrend,Hold,Downtrend (LH+LL),Bearish,60.33,Bull,Bullish majority,"Range with bullish lean - ADX no trend, direction not confirmed",66.3825,Neutral,91.3823,12.7251,bullish accelerating,Overbought,4.2017,1.7724,full,58.87,Positive fading,73.35,Strong Bullish,Bullish confirmed,None,Strong Bullish - all 4 components agree incl. MACD acceleration,Upper Half,No Trend,Bullish,No,No,Near Upper,76.91,High,Stable,-3.33,No,"High volatility, stable",Vol contracting,Normal,Falling,Confirmed Up,0.0932,Accumulation,80.4115,Overbought,2 - Advancing,late,84.0,77.0,3 - Topping,53.0,,,,,,"2 - Advancing, but trend score 57 does not confirm long - no directional edge","2 - Advancing, but trend score 28 does not confirm long - no directional edge"
2023-11-20,17618.55078125,17636.400390625,17556.099609375,17573.650390625,21843200,17165.7311,16397.2653,No,85.55,Strong Bull,Uptrend,Hold,Downtrend (LH+LL),Bearish,59.87,Neutral,Bullish majority,"No clear trend - ADX no trend, price ranging",64.91,Neutral,105.9111,31.3623,bullish fading,Overbought,3.3686,1.3729,full,59.18,Positive accelerating,72.34,Strong Bullish,Bullish confirmed,None,Strong Bullish - all 4 components agree incl. MACD acceleration,Upper Half,No Trend,Bullish,Yes,No,Near Upper,73.49,High,Stable,-5.79,No,"High volatility, stable",Vol contracting,Normal,Falling,Weak Down,0.0429,Neutral,73.4832,Neutral,2 - Advancing,late,84.0,78.0,3 - Topping,53.0,,,,,,"2 - Advancing, but trend score 53 does not confirm long - no directional edge","2 - Advancing, but trend score 31 does not confirm long - no directional edge"
2023-11-21,17644.5,17665.0,17617.19921875,17627.599609375,20175000,17183.8436,16409.5074,No,85.85,Strong Bull,Uptrend,Hold,Downtrend (LH+LL),Bearish,60.31,Bull,Bullish majority,"Range with bullish lean - ADX emerging, direction not confirmed",66.5171,Neutral,120.3908,49.168,bullish fading,Overbought,2.7285,1.0691,full,60.38,Positive accelerating,73.03,Strong Bullish,Bullish confirmed,None,Strong Bullish - all 4 components agree incl. MACD acceleration,Upper Half,Emerging,Bullish,Yes,No,Near Upper,69.52,High,Stable,-9.05,No,"High volatility, stable",Vol contracting,Normal,Falling,Weak Up,0.0556,Accumulation,73.7018,Neutral,2 - Advancing,late,84.0,79.0,3 - Topping,53.0,,,,,,"2 - Advancing, but trend score 57 does not confirm long - no directional edge","2 - Advancing, but trend score 41 does not confirm long - no directional edge"
2023-11-22,17637.44921875,17654.599609375,17533.75,17627.69921875,18139100,17201.2497,16421.6287,No,85.75,Strong Bull,Uptrend,Hold,Downtrend (LH+LL),Bearish,60.24,Bull,Bullish majority,"Range with bullish lean - ADX emerging, direction not confirmed",66.5202,Neutral,130.3713,65.4087,bullish fading,Overbought,2.5594,0.9861,full,59.21,Positive fading,72.25,Strong Bullish,Bullish confirmed,None,Strong Bullish - all 4 components agree incl. MACD acceleration,Upper Half,Emerging,Bullish,Yes,No,Near Upper,68.14,High,Stable,-8.1,No,"High volatility, stable",Vol contracting,Normal,Falling,Weak Up,0.1272,Accumulation,74.8221,Neutral,2 - Advancing,late,84.0,80.0,3 - Topping,53.0,,,,,,"2 - Advancing, but trend score 59 does not confirm long - no directional edge","2 - Advancing, but trend score 42 does not confirm long - no directional edge"
2023-11-23,17654.150390625,17693.25,17627.349609375,17639.400390625,16889200,17218.4321,16433.7458,No,85.89,Strong Bull,Uptrend,Hold,Downtrend (LH+LL),Bearish,59.99,Neutral,Bullish majority,"No clear trend - ADX emerging, price ranging",66.9015,Neutral,137.6385,79.8546,bullish fading,Overbought,2.1999,0.8121,full,58.69,Positive fading,71.63,Strong Bullish,Bullish confirmed,None,Strong Bullish - all 4 components agree incl. MACD acceleration,Upper Half,Emerging,Bullish,Yes,No,Near Upper,61.94,High,Stable,-12.9,No,"High volatility, stable",Vol contracting,Normal,Falling,Weak Up,0.1286,Accumulation,74.4478,Neutral,2 - Advancing,late,84.0,81.0,3 - Topping,53.0,,,,,,"2 - Advancing, but trend score 60 does not confirm long - no directional edge","2 - Advancing, but trend score 52 does not confirm long - no directional edge"
2023-11-24,17661.30078125,17684.150390625,17631.75,17643.5,18055700,17235.1014,16445.7832,No,86.04,Strong Bull,Uptrend,Hold,Downtrend (LH+LL),Bearish,59.93,Neutral,Bullish majority,"No clear trend - ADX emerging, price ranging",67.0431,Neutral,142.0906,92.3018,bullish fading,Overbought,2.4659,0.9329,full,58.18,Positive fading,70.52,Strong Bullish,Bullish confirmed,None,Strong Bullish - all 4 components agree incl. MACD acceleration,Upper Half,Emerging,Bullish,Yes,No,Near Upper,56.67,Normal,Stable,-15.48,No,"Normal volatility, stable",Low vol - tight stops,Normal,Falling,Weak Up,0.1196,Accumulation,67.8652,Neutral,2 - Advancing,late,84.0,82.0,3 - Topping,53.0,,,,,,"2 - Advancing, trend 60 but ADX shows no trend, this is a range - wait for alignment","2 - Advancing, but trend score 57 does not confirm long - no directional edge"
2023-11-28,17701.05078125,17760.0,17665.650390625,17741.80078125,22613200,17254.972,16458.6789,No,87.07,Strong Bull,Uptrend,Hold,Downtrend (LH+LL),Bearish,61.12,Bull,Bullish majority,"Range with bullish lean - ADX emerging, direction not confirmed",70.3221,Neutral,151.8012,104.2017,bullish fading,Overbought,2.8117,1.0892,full,59.59,Positive accelerating,71.71,Strong Bullish,Bullish confirmed,None,Strong Bullish but overbought on RSI and Stochastic - stretched,Upper Half,Emerging,Bullish,Yes,No,Breakout Up,54.05,Normal,Stable,-15.71,No,"Normal volatility, stable",Low vol - tight stops,Normal,Falling,Confirmed Up,0.1191,Accumulation,68.3328,Neutral,2 - Advancing,late,84.0,83.0,3 - Topping,53.0,,,,,,"2 - Advancing, but trend score 60 does not confirm long - no directional edge","2 - Advancing, but trend score 53 does not confirm long - no directional edge"
2023-11-29,17831.650390625,17911.349609375,17823.44921875,17904.099609375,22418200,17280.428,16473.0612,No,88.39,Strong Bull,Uptrend,Hold,Downtrend (LH+LL),Bearish,62.56,Bull,Bullish majority,"Range with bullish lean - ADX emerging, direction not confirmed",74.7831,Overbought,170.6261,117.4866,bullish accelerating,Overbought,3.3808,1.3459,full,62.88,Positive accelerating,74.86,Strong Bullish,Bullish confirmed,None,Strong Bullish but overbought on RSI and Stochastic - stretched,Upper Half,Emerging,Bullish,Yes,No,Breakout Up,57.66,Normal,Stable,-8.45,No,"Normal volatility, stable",Low vol - tight stops,Normal,Falling,Confirmed Up,0.1207,Accumulation,68.5089,Neutral,2 - Advancing,late,84.0,84.0,3 - Topping,53.0,,,,,,"2 - Advancing, trend 60 but ADX shows no trend, this is a range - wait for alignment","2 - Advancing, but trend score 57 does not confirm long - no directional edge"
2023-11-30,17926.900390625,18007.099609375,17845.900390625,17987.94921875,46145900,17308.1739,16488.1347,No,89.02,Strong Bull,Uptrend,Hold,Downtrend (LH+LL),Bearish,64.1,Bull,Bullish majority,"Range with bullish lean - ADX emerging, direction not confirmed",76.7292,Overbought,190.1195,132.0132,bullish accelerating,Overbought,2.741,1.0374,full,63.19,Positive accelerating,76.21,Strong Bullish,Bullish confirmed,None,Strong Bullish but overbought on RSI and Stochastic - stretched,Upper Half,Emerging,Bullish,Yes,No,Breakout Up,60.56,High,Stable,-9.6,No,"High volatility, stable",Low vol - tight stops,High,Falling,Confirmed Up,0.2197,Accumulation,70.8585,Neutral,2 - Advancing,late,84.0,85.0,3 - Topping,53.0,,,,,,"2 - Advancing, trend 60 but ADX shows no trend, this is a range - wait for alignment","2 - Advancing, but trend score 59 does not confirm long - no directional edge"
2023-12-01,18061.80078125,18141.650390625,18053.150390625,18115.349609375,24790000,17339.8279,16504.3259,No,89.98,Strong Bull,Uptrend,Hold,Downtrend (LH+LL),Bearish,65.09,Bull,Bullish majority,"Bull - majority agree, 1 dissenting, trending ADX",79.3384,Overbought,213.3884,148.2882,bullish accelerating,Overbought,2.9685,1.1355,full,64.04,Positive accelerating,77.82,Strong Bullish,Bullish confirmed,None,Strong Bullish but overbought on RSI and Stochastic - stretched,At Upper,Trending,Bullish,Yes,No,Breakout Up,62.14,High,Stable,-11.67,No,"High volatility, stable",Vol contracting,Normal,Falling,Confirmed Up,0.2804,Accumulation,77.5997,Neutral,2 - Advancing,late,84.0,86.0,3 - Topping,53.0,,,,,,"2 - Advancing, but trend score 60 does not confirm long - no directional edge","2 - Advancing, but trend score 60 does not confirm long - no directional edge"
2023-12-04,18422.349609375,18460.0,18315.44921875,18448.5,29478500,17383.3052,16523.6709,No,92.41,Strong Bull,Uptrend,Hold,Downtrend (LH+LL),Bearish,68.64,Bull,Bullish majority,"Bull - majority agree, 1 dissenting, trending ADX",84.2967,Overbought,255.7633,169.7832,bullish accelerating,Overbought,4.818,1.9802,full,67.44,Positive accelerating,81.67,Strong Bullish,Bullish confirmed,None,Strong Bullish but overbought on RSI and Stochastic - stretched,Above Upper,Trending,Bullish,Yes,No,Breakout Up,77.22,High,Stable,0.32,No,"High volatility, stable",Vol contracting,Normal,Falling,Confirmed Up,0.2966,Accumulation,83.2224,Overbought,2 - Advancing,late,84.0,87.0,3 - Topping,53.0,,,,,,"2 - Advancing, but trend score 60 does not confirm long - no directional edge","2 - Advancing, trend 60 but ADX shows no trend, this is a range - wait for alignment"
2023-12-05,18541.30078125,18594.900390625,18453.650390625,18588.55078125,28525000,17430.5697,16544.217,No,93.29,Strong Bull,Uptrend,Hold,Downtrend (LH+LL),Bearish,70.49,Bull,Bullish majority,"Bull - majority agree, 1 dissenting, trending ADX",85.8356,Overbought,297.2206,195.2707,bullish accelerating,Overbought,5.7751,2.3873,full,69.67,Positive accelerating,83.51,Strong Bullish,Bullish confirmed,None,Strong Bullish but overbought on RSI and Stochastic - stretched,Above Upper,Trending,Bullish,Yes,No,Breakout Up,76.47,High,Stable,2.98,No,"High volatility, stable",Vol contracting,Normal,Falling,Confirmed Up,0.3589,Accumulation,83.5868,Overbought,2 - Advancing,late,84.0,88.0,3 - Topping,53.0,,,,,,"2 - Advancing, trend 61 but ADX shows no trend, this is a range - wait for alignment","2 - Advancing, but trend score 60 does not confirm long - no directional edge"
2023-12-06,18677.25,18698.80078125,18594.400390625,18680.0,27288500,17479.567,16565.4686,No,93.8,Strong Bull,Uptrend,Hold,Downtrend (LH+LL),Bearish,70.74,Bull,Bullish majority,"Bull - majority agree, 1 dissenting, trending ADX",86.7488,Overbought,333.6092,222.9384,bullish accelerating,Overbought,5.9702,2.4381,full,68.81,Positive fading,83.8,Strong Bullish,Bullish confirmed,None,Strong Bullish but overbought on RSI and Stochastic - stretched,Above Upper,Trending,Bullish,Yes,No,Breakout Up,73.1,High,Stable,3.57,No,"High volatility, stable",Vol contracting,Normal,Rising,Confirmed Up,0.358,Accumulation,83.6474,Overbought,2 - Advancing,late,84.0,89.0,3 - Topping,53.0,,,,,,"2 - Advancing, trend 63 but ADX shows no trend, this is a range - wait for alignment","2 - Advancing, trend 60 but ADX shows no trend, this is a range - wait for alignment"
2023-12-07,18696.75,18721.80078125,18619.75,18703.849609375,32793000,17527.5781,16586.746,No,93.45,Strong Bull,Uptrend,Hold,Downtrend (LH+LL),Bearish,70.45,Bull,Bullish majority,"Bull - majority agree, 1 dissenting, trending ADX",86.9844,Overbought,360.2196,250.3946,bullish fading,Overbought,6.1049,2.4593,full,67.73,Positive fading,83.42,Strong Bullish,Bullish confirmed,None,Strong Bullish but overbought on RSI and Stochastic - stretched,At Upper,Trending,Bullish,Yes,No,Breakout Up,69.28,High,Stable,1.15,No,"High volatility, stable",Vol contracting,Normal,Rising,Confirmed Up,0.3632,Accumulation,84.2023,Overbought,2 - Advancing,late,84.0,90.0,3 - Topping,53.0,,,,,,"2 - Advancing, trend 64 but ADX shows no trend, this is a range - wait for alignment","2 - Advancing, trend 60 but ADX shows no trend, this is a range - wait for alignment"
2023-12-08,18752.25,18785.69921875,18588.150390625,18703.5,35541800,17573.6927,16607.8082,No,92.94,Strong Bull,Uptrend,Hold,Downtrend (LH+LL),Bearish,70.27,Bull,Bullish majority,"Bull - majority agree, 1 dissenting, trending ADX",86.96,Overbought,376.9352,275.7028,bullish fading,Overbought,6.0325,2.3929,full,66.83,Positive fading,82.51,Strong Bullish,Bullish confirmed,None,Strong Bullish but overbought on RSI and Stochastic - stretched,Upper Half,Trending,Bullish,Yes,Yes,Near Upper,73.85,High,Stable,11.9,No,"High volatility, stable",Normal vol,Normal,Rising,Confirmed Down,0.3365,Accumulation,84.5404,Overbought,2 - Advancing,late,84.0,91.0,3 - Topping,53.0,,,,,,"2 - Advancing, trend 65 long but momentum overextended - hold existing, do not add","2 - Advancing, but trend score 60 does not confirm long - no directional edge"
2023-12-11,18726.349609375,18780.44921875,18710.150390625,18770.19921875,29109900,17620.6145,16629.3245,No,92.95,Strong Bull,Uptrend,Hold,Downtrend (LH+LL),Bearish,70.11,Bull,Bullish majority,"Bull - majority agree, 1 dissenting, strong ADX",87.671,Overbought,391.0567,298.7736,bullish fading,Overbought,6.3859,2.5143,full,67.19,Positive accelerating,82.36,Strong Bullish,Bullish confirmed,None,Strong Bullish but overbought on RSI and Stochastic - stretched,Upper Half,Strong,Bullish,Yes,Yes,Near Upper,67.4,High,Stable,10.74,No,"High volatility, stable",Normal vol,Normal,Rising,Confirmed Up,0.4037,Accumulation,90.5808,Overbought,2 - Advancing,late,84.0,92.0,3 - Topping,53.0,,,,,,"2 - Advancing, trend 69 long but momentum overextended - hold existing, do not add","2 - Advancing, but trend score 60 does not confirm long - no directional edge"
2023-12-12,18809.900390625,18819.69921875,18635.349609375,18686.80078125,33150900,17662.4257,16649.7969,No,91.97,Strong Bull,Uptrend,Hold,Downtrend (LH+LL),Bearish,68.82,Bull,Bullish majority,"Bull - majority agree, 1 dissenting, strong ADX",81.6746,Overbought,391.0112,317.2211,bullish fading,Overbought,5.3264,2.0315,full,64.97,Positive fading,78.31,Strong Bullish,Bullish confirmed,None,Strong Bullish but overbought on RSI and Stochastic - stretched,Upper Half,Strong,Bullish,Yes,Yes,Near Upper,71.31,High,Stable,17.26,No,"High volatility, stable",Normal vol,Normal,Rising,Confirmed Down,0.3418,Accumulation,82.1212,Overbought,2 - Advancing,late,84.0,93.0,3 - Topping,53.0,,,,,,"2 - Advancing, trend 70 long but momentum overextended - hold existing, do not add","2 - Advancing, trend 61 but ADX shows no trend, this is a range - wait for alignment"
2023-12-13,18723.69921875,18770.44921875,18601.5,18751.44921875,29800900,17705.1325,16670.7089,No,92.08,Strong Bull,Uptrend,Hold,Downtrend (LH+LL),Bearish,69.59,Bull,Bullish majority,"Bull - majority agree, 1 dissenting, strong ADX",82.6644,Overbought,391.6767,332.1122,bullish fading,Overbought,4.7327,1.7643,full,64.46,Positive fading,77.21,Strong Bullish,Bullish confirmed,None,Strong Bullish but overbought on RSI and Stochastic - stretched,Upper Half,Strong,Bullish,Yes,Yes,Near Upper,72.74,High,Stable,15.08,No,"High volatility, stable",Normal vol,Normal,Rising,Confirmed Up,0.3668,Accumulation,79.4335,Neutral,2 - Advancing,late,84.0,94.0,3 - Topping,53.0,,,,,,"2 - Advancing, trend 71 long but momentum overextended - hold existing, do not add","2 - Advancing, trend 63 but ADX shows no trend, this is a range - wait for alignment"
2023-12-14,18906.400390625,18996.25,18893.75,18973.849609375,39641300,17754.8861,16693.6257,No,93.23,Strong Bull,Uptrend,Hold,Downtrend (LH+LL),Bearish,70.77,Bull,Bullish majority,"Bull - majority agree, 1 dissenting, strong ADX",85.555,Overbought,405.4759,346.7849,bullish fading,Overbought,5.4809,2.0692,full,64.96,Positive accelerating,78.09,Strong Bullish,Bullish confirmed,None,Strong Bullish but overbought on RSI and Stochastic - stretched,Upper Half,Strong,Bullish,Yes,Yes,Breakout Up,78.25,High,Stable,17.7,No,"High volatility, stable",Normal vol,Normal,Rising,Confirmed Up,0.3644,Accumulation,80.6393,Overbought,2 - Advancing,late,84.0,95.0,3 - Topping,53.0,,,,,,"2 - Advancing, trend 70 long but momentum overextended - hold existing, do not add","2 - Advancing, trend 64 but ADX shows no trend, this is a range - wait for alignment"
2023-12-15,19071.94921875,19165.099609375,19020.55078125,19145.05078125,40267000,17809.4024,16718.018,No,93.9,Strong Bull,Uptrend,Hold,Downtrend (LH+LL),Bearish,71.34,Bull,Bullish majority,"Bull - majority agree, 1 dissenting, strong ADX",87.3092,Overbought,425.3235,362.4927,bullish accelerating,Overbought,5.6841,2.1325,full,69.29,Positive accelerating,80.63,Strong Bullish,Bullish confirmed,None,Strong Bullish but overbought on RSI and Stochastic - stretched,Upper Half,Strong,Bullish,Yes,Yes,Breakout Up,79.01,High,Stable,16.86,No,"High volatility, stable",Normal vol,Normal,Rising,Confirmed Up,0.3976,Accumulation,85.6022,Overbought,2 - Advancing,late,84.0,96.0,3 - Topping,53.0,,,,,,"2 - Advancing, trend 70 long but momentum overextended - hold existing, do not add","2 - Advancing, trend 65 long but momentum overextended - hold existing, do not add"
2023-12-18,19149.150390625,19201.55078125,19073.099609375,19155.55078125,34119200,17862.1925,16742.2721,No,93.47,Strong Bull,Uptrend,Hold,Downtrend (LH+LL),Bearish,70.69,Bull,Bullish majority,"Bull - majority agree, 1 dissenting, strong ADX",87.4102,Overbought,436.8642,377.367,bullish fading,Overbought,3.8326,1.3333,full,68.59,Positive fading,80.18,Strong Bullish,Bullish confirmed,None,Strong Bullish but overbought on RSI and Stochastic - stretched,Upper Half,Strong,Bullish,Yes,Yes,Near Upper,77.58,High,Stable,0.36,No,"High volatility, stable",Normal vol,Normal,Rising,Confirmed Up,0.4015,Accumulation,86.0331,Overbought,2 - Advancing,late,84.0,97.0,3 - Topping,53.0,,,,,,"2 - Advancing, trend 70 long but momentum overextended - hold existing, do not add","2 - Advancing, trend 69 long but momentum overextended - hold existing, do not add"
2023-12-19,19212.55078125,19213.55078125,19067.19921875,19169.25,29523800,17913.4497,16766.4211,No,93.11,Strong Bull,Uptrend,Hold,Downtrend (LH+LL),Bearish,70.64,Bull,Bullish majority,"Bull - majority agree, 1 dissenting, strong ADX",87.5494,Overbought,442.0204,390.2977,bullish fading,Overbought,3.124,1.0252,full,67.79,Positive fading,79.05,Strong Bullish,Bullish confirmed,None,Strong Bullish but overbought on RSI and Stochastic - stretched,Upper Half,Strong,Bullish,Yes,Yes,Near Upper,76.9,High,Stable,0.44,No,"High volatility, stable",Normal vol,Normal,Rising,Confirmed Up,0.4375,Accumulation,86.3004,Overbought,2 - Advancing,late,84.0,98.0,3 - Topping,53.0,,,,,,"2 - Advancing, trend 69 long but momentum overextended - hold existing, do not add","2 - Advancing, trend 70 long but momentum overextended - hold existing, do not add"
2023-12-20,19264.400390625,19303.599609375,18727.099609375,18779.44921875,38696000,17947.4104,16786.4512,No,90.2,Strong Bull,Uptrend,Hold,Downtrend (LH+LL),Bearish,65.27,Bull,Bullish majority,"Bull - majority agree, 1 dissenting, strong ADX",65.3933,Neutral,409.9277,394.2237,bullish fading,Overbought,0.5324,-0.076,full,62.61,Positive fading,64.31,Bullish,Bullish confirmed,Bearish divergence,Bullish - bearish divergence vs price over 21 bars,Upper Half,Strong,Bullish,Yes,Yes,Inside,87.18,Very High,Stable,14.09,No,"Very High volatility, stable",Normal vol,Normal,Rising,Confirmed Down,0.39,Accumulation,77.5284,Neutral,2 - Advancing,late,84.0,99.0,3 - Topping,53.0,,,,,,"2 - Advancing, trend 70 long but momentum overextended - hold existing, do not add","2 - Advancing, trend 71 long but momentum overextended - hold existing, do not add"
2023-12-21,18647.849609375,18965.80078125,18582.94921875,18941.80078125,30612700,17986.4061,16807.8975,No,91.2,Strong Bull,Uptrend,Hold,Downtrend (LH+LL),Bearish,67.43,Bull,Bullish majority,"Bull - majority agree, 1 dissenting, strong ADX",68.9211,Neutral,393.0634,393.9916,Bearish crossover,Neutral,1.2722,0.237,full,65.08,Positive accelerating,62.15,Bullish,Bullish majority,Bearish divergence,Bullish - bearish divergence vs price over 21 bars,Upper Half,Strong,Bullish,Yes,Yes,Inside,90.59,Very High,Expanding,21.31,No,Very High volatility and still expanding - move may be extended,Vol expanding,Normal,Rising,Confirmed Up,0.4094,Accumulation,71.1815,Neutral,2 - Advancing,late,84.0,100.0,3 - Topping,53.0,,,,,,"2 - Advancing, trend 71 long but momentum overextended - hold existing, do not add","2 - Advancing, trend 70 long but momentum overextended - hold existing, do not add"
2023-12-22,19011.25,19089.94921875,18934.75,19054.69921875,26069600,18028.3,16830.2537,No,91.6,Strong Bull,Uptrend,Hold,Downtrend (LH+LL),Bearish,68.83,Bull,Bullish majority,"Bull - majority agree, 1 dissenting, strong ADX",71.1254,Neutral,384.3774,392.0688,bullish accelerating,Neutral,1.8777,0.4911,full,68.4,Positive accelerating,61.7,Bullish,Bullish majority,Bearish divergence,Bullish - bearish divergence vs price over 21 bars,Upper Half,Strong,Bullish,No,Yes,Inside,88.0,Very High,Stable,14.15,No,"Very High volatility, stable",Normal vol,Normal,Rising,Weak Up,0.4437,Accumulation,71.0249,Neutral,2 - Advancing,late,84.0,101.0,3 - Topping,53.0,,,,,,"2 - Advancing, trend 71 long but momentum overextended - hold existing, do not add","2 - Advancing, trend 70 long but momentum overextended - hold existing, do not add"
2023-12-26,19095.0,19173.80078125,19059.400390625,19148.849609375,22132200,18072.2431,16853.3243,No,90.92,Strong Bull,Uptrend,Hold,Downtrend (LH+LL),Bearish,69.65,Bull,Bullish majority,"Bull - majority agree, 1 dissenting, strong ADX",72.8545,Neutral,380.7023,389.7955,bullish accelerating,Neutral,2.0173,0.5452,full,71.33,Positive accelerating,63.69,Bullish,Bullish majority,Bearish divergence,Bullish - bearish divergence vs price over 21 bars,Upper Half,Strong,Bullish,No,Yes,Near Upper,85.4,Very High,Stable,17.99,No,"Very High volatility, stable",Normal vol,Normal,Rising,Weak Up,0.4768,Accumulation,70.6637,Neutral,2 - Advancing,late,84.0,102.0,3 - Topping,53.0,,,,,,"2 - Advancing, trend 71 long but momentum overextended - hold existing, do not add","2 - Advancing, trend 70 long but momentum overextended - hold existing, do not add"
2023-12-27,19219.400390625,19312.30078125,19189.80078125,19296.94921875,20854200,18120.2708,16877.639,No,91.52,Strong Bull,Uptrend,Hold,Downtrend (LH+LL),Bearish,71.51,Bull,Bullish majority,"Bull - majority agree, 1 dissenting, strong ADX",75.3547,Neutral,385.2987,388.8961,bullish fading,Overbought,3.2651,1.0671,full,73.59,Positive accelerating,67.33,Bullish,Bullish majority,Bearish divergence,"Bullish but overbought on RSI and Stochastic - stretched, bearish divergence",Upper Half,Strong,Bullish,No,Yes,Near Upper,83.65,Very High,Stable,12.34,No,"Very High volatility, stable",Normal vol,Normal,Rising,Weak Up,0.4809,Accumulation,70.2875,Neutral,2 - Advancing,late,84.0,103.0,3 - Topping,53.0,,,,,,"2 - Advancing, trend 71 long but momentum overextended - hold existing, do not add","2 - Advancing, trend 69 long but momentum overextended - hold existing, do not add"
2023-12-28,19358.349609375,19414.55078125,19313.099609375,19399.25,32391400,18170.4268,16902.7297,No,93.22,Strong Bull,Uptrend,Hold,Downtrend (LH+LL),Bearish,71.82,Bull,Bullish majority,"Bull - majority agree, 1 dissenting, strong ADX",76.9349,Overbought,392.6698,389.6509,Bullish crossover,Overbought,3.4547,1.1384,full,74.63,Positive accelerating,70.23,Strong Bullish,Bullish majority,Bearish divergence,"Strong Bullish but overbought on RSI and Stochastic - stretched, bearish divergence",Upper Half,Strong,Bullish,No,Yes,Breakout Up,80.91,Very High,Stable,8.18,No,"Very High volatility, stable",Normal vol,Normal,Rising,Confirmed Up,0.4795,Accumulation,70.3405,Neutral,2 - Advancing,late,84.0,104.0,3 - Topping,53.0,,,,,,"2 - Advancing, trend 65 long but momentum diverging - trend tiring, tighten stop","2 - Advancing, trend 70 long but momentum overextended - hold existing, do not add"
2023-12-29,19394.5,19450.099609375,19338.349609375,19429.150390625,42430900,18219.7886,16927.8682,No,93.06,Strong Bull,Uptrend,Hold,Range,Bearish,81.49,Strong Bull,Bullish confirmed,"Strong Bull - all 4 components agree, strong ADX",77.3912,Overbought,396.3552,390.9917,bullish accelerating,Overbought,2.3996,0.6845,full,74.92,Positive accelerating,71.56,Strong Bullish,Bullish confirmed,Bearish divergence,"Strong Bullish but overbought on RSI and Stochastic - stretched, bearish divergence",Upper Half,Strong,Bullish,No,Yes,Breakout Up,77.74,High,Stable,-0.52,No,"High volatility, stable",Normal vol,Normal,Rising,Confirmed Up,0.4686,Accumulation,70.8926,Neutral,2 - Advancing,late,84.0,105.0,3 - Topping,53.0,,,,,,"2 - Advancing, trend 67 long but momentum diverging - trend tiring, tighten stop","2 - Advancing, trend 71 long but momentum overextended - hold existing, do not add"
2024-01-02,19496.80078125,19499.80078125,19271.650390625,19418.400390625,40598500,18266.7929,16952.6496,No,92.68,Strong Bull,Uptrend,Hold,Range,Bearish,81.23,Strong Bull,Bullish confirmed,"Strong Bull - all 4 components agree, strong ADX",76.8029,Overbought,393.8682,391.567,bullish fading,Overbought,1.4278,0.2663,full,73.95,Positive fading,70.3,Strong Bullish,Bullish majority,Bearish divergence,"Strong Bullish but overbought on RSI and Stochastic - stretched, bearish divergence",Upper Half,Strong,Bullish,No,Yes,Near Upper,73.77,High,Stable,-5.24,No,"High volatility, stable",Normal vol,Normal,Rising,Confirmed Down,0.4595,Accumulation,62.7302,Neutral,2 - Advancing,late,84.0,106.0,3 - Topping,53.0,,,,,,"2 - Advancing, trend 69 long but momentum diverging - trend tiring, tighten stop","2 - Advancing, trend 71 long but momentum overextended - hold existing, do not add"
2024-01-03,19434.30078125,19442.19921875,19343.150390625,19367.150390625,36356200,18309.9442,16976.6745,No,92.1,Strong Bull,Uptrend,Hold,Range,Bearish,80.34,Strong Bull,Bullish confirmed,"Strong Bull - all 4 components agree, strong ADX",73.9181,Neutral,383.3428,389.9222,Bearish crossover,Overbought,1.1046,0.1222,full,75.59,Positive accelerating,67.96,Bullish,Bullish majority,Bearish divergence,"Bullish but overbought on RSI and Stochastic - stretched, bearish divergence",Upper Half,Strong,Bullish,No,Yes,Near Upper,68.05,High,Stable,-9.52,No,"High volatility, stable",Normal vol,Normal,Rising,Confirmed Down,0.3876,Accumulation,62.1337,Neutral,2 - Advancing,late,84.0,107.0,3 - Topping,53.0,,,,,,"2 - Advancing, trend 70 long but momentum diverging - trend tiring, tighten stop","2 - Advancing, trend 71 long but momentum overextended - hold existing, do not add"
2024-01-04,19451.80078125,19560.400390625,19433.5,19541.25,32459600,18358.2307,17002.1926,No,93.02,Strong Bull,Uptrend,Hold,Range,Bearish,81.45,Strong Bull,Bullish confirmed,"Strong Bull - all 4 components agree, strong ADX",77.0691,Overbought,384.6162,388.861,bullish fading,Overbought,1.9406,0.4743,full,76.01,Positive accelerating,69.34,Bullish,Bullish majority,Bearish divergence,"Bullish but overbought on RSI and Stochastic - stretched, bearish divergence",Upper Half,Strong,Bullish,No,Yes,Breakout Up,64.09,High,Stable,-12.82,No,"High volatility, stable",Normal vol,Normal,Rising,Weak Up,0.3803,Accumulation,68.6864,Neutral,2 - Advancing,late,84.0,108.0,3 - Topping,53.0,,,,,,"2 - Advancing, trend 72 long but momentum overextended - hold existing, do not add","2 - Advancing, trend 71 long but momentum overextended - hold existing, do not add"
2024-01-05,19602.099609375,19637.099609375,19490.94921875,19590.599609375,40342900,18406.5589,17027.9479,No,93.05,Strong Bull,Uptrend,Hold,Range,Bearish,81.14,Strong Bull,Bullish confirmed,"Strong Bull - all 4 components agree, strong ADX",77.8847,Overbought,385.1674,388.1223,bullish fading,Overbought,4.3194,1.4935,full,77.08,Positive accelerating,70.23,Strong Bullish,Bullish majority,Bearish divergence,"Strong Bullish but overbought on RSI and Stochastic - stretched, bearish divergence",Upper Half,Strong,Bullish,No,No,Breakout Up,61.98,High,Contracting,-25.2,No,"High volatility, contracting - move losing energy",Vol contracting,Normal,Rising,Confirmed Up,0.3686,Accumulation,68.8196,Neutral,2 - Advancing,late,84.0,109.0,3 - Topping,53.0,,,,,,"2 - Advancing, trend 72 long but momentum overextended - hold existing, do not add","2 - Advancing, trend 65 long but momentum diverging - trend tiring, tighten stop"
2024-01-08,19636.0,19641.849609375,19400.599609375,19417.69921875,35203500,18446.2115,17051.7266,No,91.68,Strong Bull,Uptrend,Hold,Range,Bearish,78.76,Strong Bull,Bullish confirmed,"Strong Bull - all 4 components agree, strong ADX",68.6693,Neutral,367.4173,383.9813,bullish accelerating,Overbought,2.5124,0.7041,full,76.8,Positive fading,64.89,Bullish,Bullish majority,Bearish divergence,Bullish - bearish divergence vs price over 21 bars,Upper Half,Strong,Bullish,No,No,Inside,65.63,High,Contracting,-24.96,No,"High volatility, contracting - move losing energy",Vol contracting,Normal,Rising,Confirmed Down,0.2904,Accumulation,60.8202,Neutral,2 - Advancing,late,84.0,110.0,3 - Topping,53.0,,,,,,"2 - Advancing, trend 81 long but momentum overextended - hold existing, do not add","2 - Advancing, trend 67 long but momentum diverging - trend tiring, tighten stop"
2024-01-09,19549.5,19596.05078125,19439.099609375,19459.55078125,37052500,18485.9503,17075.685,No,91.29,Strong Bull,Uptrend,Hold,Range,Bearish,79.09,Strong Bull,Bullish confirmed,"Strong Bull - all 4 components agree, strong ADX",69.6067,Neutral,352.6621,377.7174,bullish accelerating,Overbought,2.1247,0.5291,full,76.33,Positive fading,63.13,Bullish,Bullish majority,Bearish divergence,Bullish - bearish divergence vs price over 21 bars,Upper Half,Strong,Bullish,No,No,Near Upper,63.29,High,Contracting,-24.7,No,"High volatility, contracting - move losing energy",Vol contracting,Normal,Rising,Confirmed Up,0.24,Accumulation,61.1228,Neutral,2 - Advancing,late,84.0,111.0,3 - Topping,53.0,,,,,,"2 - Advancing, trend 81 long but momentum overextended - hold existing, do not add","2 - Advancing, trend 69 long but momentum diverging - trend tiring, tighten stop"
2024-01-10,19463.55078125,19532.30078125,19354.099609375,19517.849609375,36103400,18526.4169,17099.9852,No,91.39,Strong Bull,Uptrend,Hold,Range,Bearish,79.76,Strong Bull,Bullish confirmed,"Strong Bull - all 4 components agree, trending ADX",70.9123,Neutral,341.7334,370.5206,bullish accelerating,Overbought,1.927,0.4369,full,75.72,Positive fading,62.51,Bullish,Bullish majority,Bearish divergence,"Bullish but overbought on RSI and Stochastic - stretched, bearish divergence",Upper Half,Trending,Bullish,No,No,Near Upper,61.63,High,Contracting,-23.77,No,"High volatility, contracting - move losing energy",Vol contracting,Normal,Rising,Confirmed Up,0.2518,Accumulation,53.9926,Neutral,2 - Advancing,late,84.0,112.0,3 - Topping,53.0,,,,,,"2 - Advancing, trend 80 long but momentum overextended - hold existing, do not add","2 - Advancing, trend 70 long but momentum diverging - trend tiring, tighten stop"
2024-01-11,19589.75,19626.5,19532.30078125,19584.349609375,33718400,18567.9045,17124.7052,No,90.94,Strong Bull,Uptrend,Hold,Range,Bearish,80.1,Strong Bull,Bullish confirmed,"Strong Bull - all 4 components agree, trending ADX",72.3703,Neutral,334.5814,363.3328,bullish fading,Overbought,1.4894,0.2411,full,78.69,Positive accelerating,64.46,Bullish,Bullish majority,Bearish divergence,"Bullish but overbought on RSI and Stochastic - stretched, bearish divergence",Upper Half,Trending,Bullish,No,No,Near Upper,58.09,Normal,Contracting,-25.56,No,"Normal volatility, contracting - move losing energy",Vol contracting,Normal,Rising,Weak Up,0.2784,Accumulation,61.7334,Neutral,2 - Advancing,late,84.0,113.0,3 - Topping,53.0,,,,,,"2 - Advancing, trend 81 long but momentum overextended - hold existing, do not add","2 - Advancing, trend 72 long but momentum overextended - hold existing, do not add"
2024-01-12,19691.25,19775.900390625,19635.75,19745.599609375,31008900,18614.0886,17150.7838,No,91.82,Strong Bull,Uptrend,Hold,Range,Bearish,80.81,Strong Bull,Bullish confirmed,"Strong Bull - all 4 components agree, trending ADX",75.5682,Neutral,338.0284,358.2719,bullish fading,Overbought,1.7854,0.3665,full,78.23,Positive fading,67.04,Bullish,Bullish majority,Bearish divergence,"Bullish but overbought on RSI and Stochastic - stretched, bearish divergence",Upper Half,Trending,Bullish,No,No,Breakout Up,57.5,Normal,Contracting,-23.42,No,"Normal volatility, contracting - move losing energy",Vol contracting,Normal,Rising,Weak Up,0.2698,Accumulation,68.2364,Neutral,2 - Advancing,late,84.0,114.0,3 - Topping,53.0,,,,,,"2 - Advancing, trend 81 long but momentum overextended - hold existing, do not add","2 - Advancing, trend 72 long but momentum overextended - hold existing, do not add"
2024-01-15,19876.5,19896.900390625,19763.80078125,19885.55078125,35121900,18663.9498,17177.9954,No,93.66,Strong Bull,Uptrend,Hold,Range,Bearish,81.5,Strong Bull,Bullish confirmed,"Strong Bull - all 4 components agree, trending ADX",77.9533,Overbought,348.041,356.2257,bullish fading,Overbought,2.349,0.6086,full,78.47,Positive accelerating,70.11,Strong Bullish,Bullish majority,Bearish divergence,"Strong Bullish but overbought on RSI and Stochastic - stretched, bearish divergence",At Upper,Trending,Bullish,No,No,Breakout Up,63.61,High,Stable,-14.13,No,"High volatility, stable",Vol contracting,Normal,Rising,Confirmed Up,0.2817,Accumulation,68.9254,Neutral,2 - Advancing,late,84.0,115.0,3 - Topping,53.0,,,,,,"2 - Advancing, trend 79 long but momentum diverging - trend tiring, tighten stop","2 - Advancing, trend 81 long but momentum overextended - hold existing, do not add"
2024-01-16,19894.30078125,19923.30078125,19736.19921875,19827.55078125,41454800,18709.5813,17204.3591,No,92.9,Strong Bull,Uptrend,Hold,Range,Bearish,80.6,Strong Bull,Bullish confirmed,"Strong Bull - all 4 components agree, trending ADX",74.6987,Neutral,347.2926,354.4391,bullish fading,Overbought,2.107,0.4969,full,77.65,Positive fading,68.74,Bullish,Bullish majority,Bearish divergence,"Bullish but overbought on RSI and Stochastic - stretched, bearish divergence",Upper Half,Trending,Bullish,No,No,Near Upper,67.46,High,Stable,-6.31,No,"High volatility, stable",Vol contracting,Normal,Rising,Confirmed Down,0.2367,Accumulation,61.706,Neutral,2 - Advancing,late,84.0,116.0,3 - Topping,53.0,,,,,,"2 - Advancing, trend 79 long but momentum diverging - trend tiring, tighten stop","2 - Advancing, trend 81 long but momentum overextended - hold existing, do not add"
2024-01-17,19556.400390625,19707.69921875,19470.05078125,19487.599609375,41490700,18740.0918,17227.0779,No,90.31,Strong Bull,Uptrend,Hold,Range,Bearish,76.03,Strong Bull,Bullish confirmed,"Strong Bull - all 4 components agree, trending ADX",59.1191,Neutral,315.6299,346.6773,bullish accelerating,Neutral,0.6219,-0.1625,full,74.12,Positive fading,56.91,Neutral,Bullish majority,Bearish divergence,Neutral - bearish divergence vs price over 21 bars,Upper Half,Trending,Bullish,No,Yes,Inside,71.51,High,Stable,3.45,No,"High volatility, stable",Normal vol,Normal,Rising,Confirmed Down,0.1683,Accumulation,55.2126,Neutral,2 - Advancing,late,84.0,117.0,3 - Topping,53.0,,,,,,"2 - Advancing, trend 80 long but momentum overextended - hold existing, do not add","2 - Advancing, trend 80 long but momentum overextended - hold existing, do not add"
2024-01-18,19388.400390625,19468.650390625,19143.5,19414.80078125,37178000,18766.551,17248.8463,No,87.9,Strong Bull,Uptrend,Hold,Range,Bearish,54.4,Neutral,Mixed,"Neutral - components mixed, low conviction",56.406,Neutral,281.4187,333.6256,bullish accelerating,Neutral,-0.6471,-0.7183,full,73.25,Positive fading,50.9,Neutral,Bullish majority,Bearish divergence,Neutral - bearish divergence vs price over 21 bars,Lower Half,Trending,Bearish,No,Yes,Inside,74.8,High,Stable,10.71,No,"High volatility, stable",Vol expanding,Normal,Rising,Confirmed Down,0.1855,Accumulation,48.5455,Neutral,2 - Advancing,late,84.0,118.0,3 - Topping,53.0,,,,,,"2 - Advancing, trend 80 long but momentum overextended - hold existing, do not add","2 - Advancing, trend 81 long but momentum overextended - hold existing, do not add"
2024-01-19,19555.94921875,19618.94921875,19537.150390625,19606.400390625,37538800,18799.4862,17272.3045,No,87.73,Strong Bull,Uptrend,Hold,Range,Bearish,76.41,Strong Bull,Bullish confirmed,"Strong Bull - all 4 components agree, trending ADX",61.4238,Neutral,266.6923,320.2389,bullish accelerating,Neutral,0.0807,-0.3977,full,74.49,Positive accelerating,51.59,Neutral,Mixed,Bearish divergence,Neutral - bearish divergence vs price over 21 bars,Upper Half,Trending,Bullish,No,Yes,Inside,68.85,High,Stable,6.87,No,"High volatility, stable",Vol expanding,Normal,Rising,Confirmed Up,0.2694,Accumulation,48.0959,Neutral,2 - Advancing,late,84.0,119.0,3 - Topping,53.0,,,,,,"2 - Advancing, trend 81 long but momentum overextended - hold existing, do not add","2 - Advancing, trend 81 long but momentum overextended - hold existing, do not add"
2024-01-23,19743.5,19752.349609375,19158.75,19206.44921875,44759000,18815.4456,17291.5498,No,81.13,Strong Bull,Downtrend,Sell,Range,Bearish,40.95,Neutral,Mixed,"Neutral - components mixed, low conviction",48.7974,Neutral,220.2104,300.2332,bullish accelerating,Neutral,-1.0879,-0.9145,full,71.48,Positive fading,44.01,Neutral,Bearish majority,Bearish divergence,Neutral - bearish divergence vs price over 21 bars,Lower Half,Trending,Bearish,No,Yes,Inside,74.92,High,Stable,9.29,Partial,"High volatility, stable",Extreme vol - reduce size,Normal,Rising,Confirmed Down,0.1727,Accumulation,47.7191,Neutral,2 - Advancing,late,84.0,120.0,3 - Topping,53.0,,,,,,"2 - Advancing, trend 82 long but momentum overextended - hold existing, do not add","2 - Advancing, trend 79 long but momentum diverging - trend tiring, tighten stop"
2024-01-24,19193.150390625,19470.650390625,19080.5,19451.0,41769400,18840.3693,17313.0368,No,81.26,Strong Bull,Downtrend,Hold,Uptrend (HH+HL),Bullish,55.31,Neutral,Mixed,"Neutral - components mixed, low conviction",54.9019,Neutral,200.7917,280.3449,bullish fading,Neutral,-0.0439,-0.4553,full,74.73,Positive accelerating,47.26,Neutral,Mixed,Bearish divergence,Neutral - bearish divergence vs price over 21 bars,Lower Half,Trending,Bearish,No,Yes,Inside,64.25,High,Stable,0.95,Partial,"High volatility, stable",Extreme vol - reduce size,Normal,Rising,Confirmed Up,0.2013,Accumulation,47.241,Neutral,2 - Advancing,late,84.0,121.0,3 - Topping,53.0,,,,,,"2 - Advancing, trend 81 long but momentum overextended - hold existing, do not add","2 - Advancing, trend 79 long but momentum diverging - trend tiring, tighten stop"
2024-01-25,19479.650390625,19480.05078125,19289.80078125,19393.0,38563500,18862.0411,17333.733,No,81.11,Strong Bull,Downtrend,Hold,Uptrend (HH+HL),Bullish,55.07,Neutral,Mixed,"Neutral - components mixed, low conviction",53.2795,Neutral,178.6626,260.0085,bullish accelerating,Neutral,-0.6397,-0.7196,full,75.39,Positive accelerating,46.04,Neutral,Mixed,Bearish divergence,Neutral - bearish divergence vs price over 21 bars,Lower Half,Trending,Bearish,No,Yes,Inside,58.93,Normal,Stable,-2.7,Partial,"Normal volatility, stable",Extreme vol - reduce size,Normal,Rising,Confirmed Down,0.1843,Accumulation,47.822,Neutral,2 - Advancing,late,84.0,122.0,3 - Topping,53.0,,,,,,"2 - Advancing, trend 76 long but momentum diverging - trend tiring, tighten stop","2 - Advancing, trend 80 long but momentum overextended - hold existing, do not add"
2024-01-29,19475.400390625,19728.900390625,19470.05078125,19711.650390625,41540400,18895.3591,17357.3939,No,85.29,Strong Bull,Downtrend,Hold,Uptrend (HH+HL),Bullish,60.9,Bull,Mixed,"Bull - components mixed, low conviction",60.2325,Neutral,184.7084,244.9484,bullish fading,Neutral,0.65,-0.1515,full,83.43,Positive accelerating,54.73,Neutral,Bullish majority,Bearish divergence,Neutral - bearish divergence vs price over 21 bars,Upper Half,Trending,Bearish,No,Yes,Inside,59.17,Normal,Stable,1.07,Partial,"Normal volatility, stable",Extreme vol - reduce size,Normal,Rising,Confirmed Up,0.2062,Accumulation,47.9529,Neutral,2 - Advancing,late,84.0,123.0,3 - Topping,53.0,,,,,,"2 - Advancing, but trend score 54 does not confirm long - no directional edge","2 - Advancing, trend 80 long but momentum overextended - hold existing, do not add"
2024-01-30,19770.25,19799.25,19558.80078125,19574.19921875,39664800,18921.9803,17379.4516,No,83.5,Strong Bull,Downtrend,Hold,Uptrend (HH+HL),Bullish,59.99,Neutral,Mixed,"Neutral - components mixed, low conviction",56.3377,Neutral,176.3754,231.2338,bullish fading,Neutral,-0.868,-0.8268,full,83.57,Positive accelerating,54.72,Neutral,Bullish majority,Bearish divergence,Neutral - bearish divergence vs price over 21 bars,Upper Half,Trending,Bearish,No,Yes,Inside,59.05,Normal,Stable,1.55,Partial,"Normal volatility, stable",Extreme vol - reduce size,Normal,Rising,Confirmed Down,0.1294,Accumulation,54.9487,Neutral,2 - Advancing,late,84.0,124.0,3 - Topping,53.0,,,,,,"2 - Advancing, trend 76 long but momentum diverging - trend tiring, tighten stop","2 - Advancing, trend 81 long but momentum overextended - hold existing, do not add"
2024-01-31,19574.150390625,19813.30078125,19546.400390625,19802.099609375,35992100,18956.4947,17403.5576,No,87.7,Strong Bull,Downtrend,Hold,Uptrend (HH+HL),Bullish,64.94,Bull,Mixed,"Range with bullish lean - ADX emerging, direction not confirmed",60.8571,Neutral,186.0169,222.1904,bullish fading,Neutral,-0.4197,-0.6254,full,89.22,Positive accelerating,61.77,Bullish,Bullish majority,Bearish divergence,Bullish - bearish divergence vs price over 21 bars,Upper Half,Emerging,Bearish,No,Yes,Near Upper,59.56,Normal,Stable,-4.05,Partial,"Normal volatility, stable",Extreme vol - reduce size,Normal,Rising,Weak Up,0.139,Accumulation,54.8942,Neutral,2 - Advancing,late,84.0,125.0,3 - Topping,53.0,,,,,,"2 - Advancing, but trend score 41 does not confirm long - no directional edge","2 - Advancing, trend 82 long but momentum overextended - hold existing, do not add"
2024-02-01,19869.94921875,19871.25,19703.75,19777.349609375,42128500,18988.6851,17427.1774,No,88.17,Strong Bull,Downtrend,Hold,Uptrend (HH+HL),Bullish,75.16,Strong Bull,Bullish majority,"Range with bullish lean - ADX emerging, direction not confirmed",60.1292,Neutral,189.4765,215.6477,bullish fading,Neutral,-0.2532,-0.5504,full,85.93,Positive fading,62.21,Bullish,Bullish majority,Bearish divergence,Bullish - bearish divergence vs price over 21 bars,Upper Half,Emerging,Bullish,No,Yes,Near Upper,58.69,Normal,Stable,-8.77,Partial,"Normal volatility, stable",Extreme vol - reduce size,Normal,Rising,Confirmed Down,0.1167,Accumulation,62.0693,Neutral,2 - Advancing,late,84.0,126.0,3 - Topping,53.0,,,,,,"2 - Advancing, but trend score 55 does not confirm long - no directional edge","2 - Advancing, trend 81 long but momentum overextended - hold existing, do not add"
2024-02-02,19884.650390625,20101.150390625,19874.80078125,19910.80078125,49946000,19024.8465,17451.8901,No,90.99,Strong Bull,Downtrend,Hold,Uptrend (HH+HL),Bullish,77.24,Strong Bull,Bullish majority,"Range with bullish lean - ADX emerging, direction not confirmed",62.7186,Neutral,200.6734,212.6528,bullish fading,Overbought,2.1716,0.5233,full,86.67,Positive accelerating,66.21,Bullish,Bullish majority,Bearish divergence,Bullish - bearish divergence vs price over 21 bars,Upper Half,Emerging,Bullish,No,Yes,Near Upper,60.63,High,Stable,-10.87,Partial,"High volatility, stable",Extreme vol - reduce size,Normal,Rising,Confirmed Up,0.0948,Accumulation,63.2355,Neutral,2 - Advancing,late,84.0,127.0,3 - Topping,53.0,,,,,,"2 - Advancing, but trend score 55 does not confirm long - no directional edge","2 - Advancing, trend 76 long but momentum diverging - trend tiring, tighten stop"
2024-02-05,19989.650390625,20044.0,19805.75,19853.5,51778800,19057.3427,17475.7867,No,90.88,Strong Bull,Downtrend,Hold,Uptrend (HH+HL),Bullish,76.14,Strong Bull,Bullish majority,"Range with bullish lean - ADX emerging, direction not confirmed",60.89,Neutral,202.588,210.6398,bullish fading,Neutral,2.2596,0.5579,full,86.34,Positive fading,65.78,Bullish,Bullish majority,Bearish divergence,Bullish - bearish divergence vs price over 21 bars,Upper Half,Emerging,Bullish,No,Yes,Inside,65.52,High,Stable,-9.29,Partial,"High volatility, stable",Extreme vol - reduce size,Normal,Rising,Confirmed Down,0.0247,Neutral,55.5293,Neutral,2 - Advancing,late,84.0,128.0,3 - Topping,53.0,,,,,,"2 - Advancing, trend 61 but components disagree - wait for alignment","2 - Advancing, but trend score 54 does not confirm long - no directional edge"
2024-02-06,19923.19921875,20044.44921875,19824.849609375,20033.75,45963000,19095.6332,17501.239,No,92.21,Strong Bull,Downtrend,Hold,Uptrend (HH+HL),Bullish,78.04,Strong Bull,Bullish majority,"Range with bullish lean - ADX emerging, direction not confirmed",64.4056,Neutral,216.1583,211.7435,Bullish crossover,Overbought,2.1796,0.5191,full,89.45,Positive accelerating,70.19,Strong Bullish,Bullish confirmed,None,Strong Bullish - all 4 components agree incl. MACD acceleration,At Upper,Emerging,Bullish,No,Yes,Near Upper,66.27,High,Stable,-2.58,Partial,"High volatility, stable",Extreme vol - reduce size,Normal,Rising,Confirmed Up,0.0582,Accumulation,56.3757,Neutral,2 - Advancing,late,84.0,129.0,3 - Topping,53.0,,,,,,"2 - Advancing, but trend score 60 does not confirm long - no directional edge","2 - Advancing, trend 76 long but momentum diverging - trend tiring, tighten stop"
2024-02-07,20157.19921875,20169.900390625,20011.44921875,20109.55078125,58018300,19135.3947,17527.1924,No,92.72,Strong Bull,Uptrend,Buy,Uptrend (HH+HL),Bullish,86.43,Strong Bull,Bullish confirmed,"Range with bullish lean - ADX emerging, direction not confirmed",65.7979,Neutral,230.3738,215.4696,bullish accelerating,Overbought,4.7021,1.6223,full,88.11,Positive fading,72.39,Strong Bullish,Bullish confirmed,None,Strong Bullish - all 4 components agree incl. MACD acceleration,At Upper,Emerging,Bullish,No,No,Breakout Up,65.75,High,Stable,-9.17,Partial,"High volatility, stable",Vol contracting,Normal,Rising,Confirmed Up,0.1102,Accumulation,64.5186,Neutral,2 - Advancing,late,84.0,130.0,3 - Topping,53.0,,,,,,"2 - Advancing, trend 65 but components disagree - wait for alignment","2 - Advancing, but trend score 41 does not confirm long - no directional edge"
2024-02-08,20207.55078125,20209.05078125,19949.349609375,19987.55078125,55978000,19168.8126,17551.6736,No,91.65,Strong Bull,Uptrend,Hold,Uptrend (HH+HL),Bullish,84.44,Strong Bull,Bullish confirmed,"Range with bullish lean - ADX emerging, direction not confirmed",61.6201,Neutral,229.1537,218.2064,bullish fading,Overbought,2.7585,0.7568,full,85.13,Positive fading,69.78,Bullish,Bullish confirmed,None,Bullish - all 4 components agree incl. MACD acceleration,Upper Half,Emerging,Bullish,No,No,Near Upper,70.2,High,Stable,5.95,Partial,"High volatility, stable",Extreme vol - reduce size,Normal,Rising,Confirmed Down,0.0933,Accumulation,62.8808,Neutral,2 - Advancing,late,84.0,131.0,3 - Topping,53.0,,,,,,"2 - Advancing, trend 75 but ADX shows no trend, this is a range - wait for alignment","2 - Advancing, but trend score 55 does not confirm long - no directional edge"
2024-02-09,20015.0,20040.650390625,19745.44921875,19961.5,54127000,19199.8984,17575.652,No,91.3,Strong Bull,Uptrend,Hold,Uptrend (HH+HL),Bullish,78.64,Strong Bull,Bullish majority,"Range with bullish lean - ADX no trend, direction not confirmed",60.7333,Neutral,223.5082,219.2668,bullish fading,Overbought,2.9315,0.8276,full,82.66,Positive fading,67.05,Bullish,Bullish majority,None,Bullish - price momentum agrees but MACD shows deceleration,Upper Half,No Trend,Bearish,No,No,Inside,73.37,High,Stable,14.44,Partial,"High volatility, stable",Extreme vol - reduce size,Normal,Rising,Confirmed Down,0.0853,Accumulation,61.0909,Neutral,2 - Advancing,late,84.0,132.0,3 - Topping,53.0,,,,,,"2 - Advancing, trend 77 but ADX shows no trend, this is a range - wait for alignment","2 - Advancing, but trend score 55 does not confirm long - no directional edge"
2024-02-12,19999.94921875,20015.0,19634.599609375,19675.19921875,40401200,19218.5376,17596.543,No,87.69,Strong Bull,Uptrend,Hold,Uptrend (HH+HL),Bullish,74.77,Bull,Bullish majority,"Range with bullish lean - ADX no trend, direction not confirmed",51.8944,Neutral,193.6992,214.1532,Bearish crossover,Neutral,-0.1849,-0.5702,full,78.94,Positive fading,57.75,Neutral,Bullish majority,Bearish divergence,Neutral - bearish divergence vs price over 21 bars,Lower Half,No Trend,Bearish,No,Yes,Inside,74.92,High,Stable,15.75,Partial,"High volatility, stable",Extreme vol - reduce size,Normal,Rising,Weak Down,0.0438,Neutral,54.9811,Neutral,2 - Advancing,late,84.0,133.0,3 - Topping,53.0,,,,,,"2 - Advancing, trend 76 but ADX shows no trend, this is a range - wait for alignment","2 - Advancing, trend 61 but components disagree - wait for alignment"
2024-02-13,19709.80078125,19796.05078125,19508.75,19782.900390625,39268800,19240.6695,17618.2978,No,86.37,Strong Bull,Uptrend,Hold,Uptrend (HH+HL),Bullish,75.62,Strong Bull,Bullish majority,"Range with bullish lean - ADX no trend, direction not confirmed",54.5728,Neutral,176.7287,206.6683,bullish accelerating,Neutral,1.0662,-0.0176,full,79.24,Positive accelerating,56.58,Neutral,Bullish majority,Bearish divergence,Neutral - bearish divergence vs price over 21 bars,Upper Half,No Trend,Bearish,No,Yes,Inside,75.6,High,Stable,16.55,Partial,"High volatility, stable",Extreme vol - reduce size,Normal,Rising,Weak Up,0.0641,Accumulation,55.3905,Neutral,2 - Advancing,late,84.0,134.0,3 - Topping,53.0,,,,,,"2 - Advancing, trend 78 but ADX shows no trend, this is a range - wait for alignment","2 - Advancing, but trend score 60 does not confirm long - no directional edge"
2024-02-14,19618.099609375,19943.75,19579.19921875,19922.30078125,34524400,19267.4001,17641.2232,No,85.9,Strong Bull,Uptrend,Hold,Uptrend (HH+HL),Bullish,77.52,Strong Bull,Bullish majority,"Range with bullish lean - ADX no trend, direction not confirmed",57.8444,Neutral,172.539,199.8425,bullish fading,Neutral,0.607,-0.2362,full,81.4,Positive accelerating,58.17,Bullish,Bullish majority,Bearish divergence,Bullish - bearish divergence vs price over 21 bars,Upper Half,No Trend,Bearish,No,Yes,Inside,76.51,High,Stable,16.94,Partial,"High volatility, stable",Extreme vol - reduce size,Normal,Rising,Weak Up,0.0657,Accumulation,61.4328,Neutral,2 - Advancing,late,84.0,135.0,3 - Topping,53.0,,,,,,"2 - Advancing, trend 86 but ADX shows no trend, this is a range - wait for alignment","2 - Advancing, trend 65 but components disagree - wait for alignment"
2024-02-15,20011.69921875,20065.75,19952.0,20037.0,35406900,19297.5805,17665.0617,No,86.69,Strong Bull,Uptrend,Hold,Uptrend (HH+HL),Bullish,80.64,Strong Bull,Bullish confirmed,"Range with bullish lean - ADX no trend, direction not confirmed",60.3731,Neutral,176.44,195.162,bullish fading,Neutral,1.3129,0.0794,full,82.22,Positive accelerating,61.34,Bullish,Bullish majority,Bearish divergence,Bullish - bearish divergence vs price over 21 bars,Upper Half,No Trend,Bullish,No,Yes,Near Upper,76.87,High,Stable,18.18,Partial,"High volatility, stable",Extreme vol - reduce size,Normal,Rising,Weak Up,0.0875,Accumulation,61.312,Neutral,2 - Advancing,late,84.0,136.0,3 - Topping,53.0,,,,,,"2 - Advancing, trend 84 but ADX shows no trend, this is a range - wait for alignment","2 - Advancing, trend 75 but ADX shows no trend, this is a range - wait for alignment"
2024-02-16,20136.849609375,20191.44921875,20098.099609375,20164.900390625,31059200,19331.5931,17689.9358,No,88.25,Strong Bull,Uptrend,Hold,Uptrend (HH+HL),Bullish,82.0,Strong Bull,Bullish confirmed,"Range with bullish lean - ADX no trend, direction not confirmed",63.0359,Neutral,187.6885,193.6673,bullish fading,Neutral,1.2762,0.0556,full,82.87,Positive accelerating,65.54,Bullish,Bullish majority,Bearish divergence,Bullish - bearish divergence vs price over 21 bars,Upper Half,No Trend,Bullish,No,No,Near Upper,76.39,High,Stable,15.75,No,"High volatility, stable",Extreme vol - reduce size,Normal,Rising,Weak Up,0.1455,Accumulation,60.7113,Neutral,2 - Advancing,late,84.0,137.0,3 - Topping,53.0,,,,,,"2 - Advancing, trend 79 but ADX shows no trend, this is a range - wait for alignment","2 - Advancing, trend 77 but ADX shows no trend, this is a range - wait for alignment"
2024-02-20,20242.650390625,20285.80078125,20190.69921875,20271.900390625,26832800,19368.4679,17715.627,No,91.51,Strong Bull,Uptrend,Hold,Uptrend (HH+HL),Bullish,82.82,Strong Bull,Bullish confirmed,"Range with bullish lean - ADX no trend, direction not confirmed",65.1459,Neutral,202.8982,195.5135,Bullish crossover,Overbought,2.1074,0.4344,full,81.57,Positive fading,69.1,Bullish,Bullish confirmed,None,Bullish - all 4 components agree incl. MACD acceleration,Upper Half,No Trend,Bullish,No,No,Breakout Up,75.04,High,Stable,9.53,No,"High volatility, stable",Vol contracting,Normal,Rising,Weak Up,0.1404,Accumulation,59.9385,Neutral,2 - Advancing,late,84.0,138.0,3 - Topping,53.0,,,,,,"2 - Advancing, trend 75 but ADX shows no trend, this is a range - wait for alignment","2 - Advancing, trend 76 but ADX shows no trend, this is a range - wait for alignment"
2024-02-21,20329.099609375,20342.30078125,20077.80078125,20128.30078125,31364400,19398.2652,17739.6337,No,91.31,Strong Bull,Uptrend,Hold,Uptrend (HH+HL),Bullish,80.92,Strong Bull,Bullish confirmed,"Range with bullish lean - ADX no trend, direction not confirmed",60.1809,Neutral,201.0471,196.6202,bullish fading,Overbought,0.472,-0.3366,full,78.82,Positive fading,66.2,Bullish,Bullish majority,None,Bullish - price momentum agrees but MACD shows deceleration,Upper Half,No Trend,Bullish,No,No,Near Upper,78.21,High,Stable,11.94,No,"High volatility, stable",Extreme vol - reduce size,Normal,Rising,Weak Down,0.0873,Accumulation,54.3664,Neutral,2 - Advancing,late,84.0,139.0,3 - Topping,53.0,,,,,,"2 - Advancing, trend 76 but ADX shows no trend, this is a range - wait for alignment","2 - Advancing, trend 78 but ADX shows no trend, this is a range - wait for alignment"
2024-02-22,20179.25,20308.900390625,20004.099609375,20283.94921875,31743900,19432.9979,17764.9502,No,92.08,Strong Bull,Uptrend,Hold,Uptrend (HH+HL),Bullish,82.85,Strong Bull,Bullish confirmed,"Range with bullish lean - ADX no trend, direction not confirmed",63.4339,Neutral,209.7221,199.2406,bullish accelerating,Overbought,0.8672,-0.1546,full,80.49,Positive accelerating,68.63,Bullish,Bullish confirmed,None,Bullish - all 4 components agree incl. MACD acceleration,Upper Half,No Trend,Bullish,No,Yes,Near Upper,76.75,High,Stable,10.99,Partial,"High volatility, stable",Extreme vol - reduce size,Normal,Rising,Weak Up,0.1663,Accumulation,53.6177,Neutral,2 - Advancing,late,84.0,140.0,3 - Topping,53.0,,,,,,"2 - Advancing, trend 78 but ADX shows no trend, this is a range - wait for alignment","2 - Advancing, trend 86 but ADX shows no trend, this is a range - wait for alignment"
2024-02-23,20358.69921875,20365.650390625,20280.150390625,20313.5,39835600,19467.5274,17790.3089,No,92.0,Strong Bull,Uptrend,Hold,Uptrend (HH+HL),Bullish,81.96,Strong Bull,Bullish confirmed,"Range with bullish lean - ADX no trend, direction not confirmed",64.0347,Neutral,216.4861,202.6897,bullish accelerating,Overbought,1.6308,0.2033,full,81.18,Positive accelerating,69.38,Bullish,Bullish confirmed,None,Bullish - all 4 components agree incl. MACD acceleration,Upper Half,No Trend,Bullish,No,No,Near Upper,73.14,High,Stable,2.94,No,"High volatility, stable",Vol contracting,Normal,Rising,Weak Up,0.1104,Accumulation,52.8633,Neutral,2 - Advancing,late,84.0,141.0,3 - Topping,53.0,,,,,,"2 - Advancing, trend 81 but ADX shows no trend, this is a range - wait for alignment","2 - Advancing, trend 84 but ADX shows no trend, this is a range - wait for alignment"
2024-02-26,20299.5,20335.75,20210.349609375,20255.80078125,28150900,19498.4401,17814.8412,No,91.41,Strong Bull,Uptrend,Hold,Uptrend (HH+HL),Bullish,81.14,Strong Bull,Bullish confirmed,"Range with bullish lean - ADX no trend, direction not confirmed",61.8964,Neutral,214.7156,205.0949,bullish fading,Overbought,1.4743,0.1276,full,79.82,Positive fading,68.17,Bullish,Bullish confirmed,None,Bullish - all 4 components agree incl. MACD acceleration,Upper Half,No Trend,Bullish,No,No,Near Upper,64.17,High,Stable,-9.21,Partial,"High volatility, stable",Vol contracting,Normal,Rising,Weak Down,0.0983,Accumulation,55.059,Neutral,2 - Advancing,late,84.0,142.0,3 - Topping,53.0,,,,,,"2 - Advancing, trend 82 but ADX shows no trend, this is a range - wait for alignment","2 - Advancing, trend 79 but ADX shows no trend, this is a range - wait for alignment"
2024-02-27,20249.25,20329.099609375,20234.94921875,20292.849609375,28512700,19529.5934,17839.498,No,90.74,Strong Bull,Uptrend,Hold,Uptrend (HH+HL),Bullish,80.99,Strong Bull,Bullish confirmed,"Range with bullish lean - ADX no trend, direction not confirmed",62.7564,Neutral,213.8371,206.8433,bullish fading,Overbought,3.1392,0.9046,full,80.24,Positive accelerating,68.07,Bullish,Bullish confirmed,None,Bullish - all 4 components agree incl. MACD acceleration,Upper Half,No Trend,Bullish,No,No,Near Upper,56.51,Normal,Stable,-18.41,No,"Normal volatility, stable",Vol contracting,Normal,Rising,Weak Up,0.0631,Accumulation,53.638,Neutral,2 - Advancing,late,84.0,143.0,3 - Topping,53.0,,,,,,"2 - Advancing, trend 83 but ADX shows no trend, this is a range - wait for alignment","2 - Advancing, trend 75 but ADX shows no trend, this is a range - wait for alignment"
2024-02-28,20323.5,20335.650390625,19987.349609375,20020.400390625,38512900,19548.8407,17861.1985,No,87.46,Strong Bull,Uptrend,Hold,Uptrend (HH+HL),Bullish,76.95,Strong Bull,Bullish confirmed,"Range with bullish lean - ADX no trend, direction not confirmed",53.2402,Neutral,188.978,203.2703,Bearish crossover,Neutral,1.2005,-0.0065,full,77.0,Positive fading,59.5,Bullish,Bullish majority,None,Bullish - price momentum agrees but MACD shows deceleration,Lower Half,No Trend,Bearish,No,No,Inside,55.6,Normal,Stable,-20.0,Partial,"Normal volatility, stable",Vol contracting,Normal,Rising,Weak Down,0.0675,Accumulation,44.3933,Neutral,2 - Advancing,late,84.0,144.0,3 - Topping,53.0,,,,,,"2 - Advancing, trend 81 but ADX shows no trend, this is a range - wait for alignment","2 - Advancing, trend 76 but ADX shows no trend, this is a range - wait for alignment"
2024-02-29,20009.25,20160.05078125,19901.30078125,20090.05078125,48948700,19570.0647,17883.3761,No,86.27,Strong Bull,Uptrend,Hold,Uptrend (HH+HL),Bullish,77.27,Strong Bull,Bullish confirmed,"Range with bullish lean - ADX no trend, direction not confirmed",55.1141,Neutral,172.9041,197.197,bullish accelerating,Neutral,0.842,-0.1735,full,77.73,Positive accelerating,58.07,Bullish,Bullish majority,None,Bullish - price momentum agrees but MACD shows deceleration,Upper Half,No Trend,Bearish,No,No,Inside,54.52,Normal,Contracting,-21.98,Partial,"Normal volatility, contracting - move losing energy",Vol contracting,Normal,Rising,Confirmed Up,0.0535,Accumulation,45.0062,Neutral,2 - Advancing,late,84.0,145.0,3 - Topping,53.0,,,,,,"2 - Advancing, trend 83 but ADX shows no trend, this is a range - wait for alignment","2 - Advancing, trend 78 but ADX shows no trend, this is a range - wait for alignment"
2024-03-01,20171.900390625,20360.19921875,20171.0,20349.80078125,28202800,19600.6426,17907.9177,No,87.7,Strong Bull,Uptrend,Hold,Uptrend (HH+HL),Bullish,80.52,Strong Bull,Bullish confirmed,"Range with bullish lean - ADX no trend, direction not confirmed",61.3368,Neutral,179.061,193.5698,bullish fading,Neutral,1.5611,0.1621,full,79.4,Positive accelerating,62.16,Bullish,Bullish majority,None,Bullish - price momentum agrees but MACD shows deceleration,Upper Half,No Trend,Bearish,No,No,Near Upper,54.96,Normal,Contracting,-21.91,Partial,"Normal volatility, contracting - move losing energy",Vol contracting,Normal,Rising,Weak Up,0.0922,Accumulation,53.2565,Neutral,2 - Advancing,late,84.0,146.0,3 - Topping,53.0,,,,,,"2 - Advancing, trend 82 but ADX shows no trend, this is a range - wait for alignment","2 - Advancing, trend 81 but ADX shows no trend, this is a range - wait for alignment"
2024-03-04,20456.75,20482.599609375,20383.150390625,20432.05078125,25412600,19633.2468,17933.0334,No,88.63,Strong Bull,Uptrend,Hold,Uptrend (HH+HL),Bullish,80.48,Strong Bull,Bullish confirmed,"Range with bullish lean - ADX no trend, direction not confirmed",63.0821,Neutral,188.4054,192.5369,bullish fading,Overbought,1.3248,0.0487,full,78.24,Positive fading,65.39,Bullish,Bullish majority,None,Bullish - price momentum agrees but MACD shows deceleration,Upper Half,No Trend,Bullish,No,No,Breakout Up,55.44,Normal,Contracting,-20.95,Partial,"Normal volatility, contracting - move losing energy",Vol contracting,Normal,Rising,Weak Up,0.1386,Accumulation,60.353,Neutral,2 - Advancing,late,84.0,147.0,3 - Topping,53.0,,,,,,"2 - Advancing, trend 81 but ADX shows no trend, this is a range - wait for alignment","2 - Advancing, trend 82 but ADX shows no trend, this is a range - wait for alignment"
2024-03-05,20422.30078125,20440.400390625,20328.0,20382.0,27107000,19662.6097,17957.4013,No,88.15,Strong Bull,Uptrend,Hold,Uptrend (HH+HL),Bullish,79.78,Strong Bull,Bullish confirmed,"Range with bullish lean - ADX no trend, direction not confirmed",61.2696,Neutral,189.5868,191.9469,bullish fading,Overbought,0.5431,-0.3201,full,76.62,Positive fading,65.5,Bullish,Bullish majority,Bearish divergence,Bullish - bearish divergence vs price over 21 bars,Upper Half,No Trend,Bearish,No,No,Near Upper,56.9,Normal,Stable,-18.14,Partial,"Normal volatility, stable",Vol contracting,Normal,Rising,Weak Down,0.1831,Accumulation,61.8029,Neutral,2 - Advancing,late,84.0,148.0,3 - Topping,53.0,,,,,,"2 - Advancing, trend 81 but ADX shows no trend, this is a range - wait for alignment","2 - Advancing, trend 83 but ADX shows no trend, this is a range - wait for alignment"
2024-03-06,20368.75,20396.75,20139.349609375,20379.55078125,35547900,19690.725,17981.5023,No,89.43,Strong Bull,Uptrend,Hold,Uptrend (HH+HL),Bullish,80.21,Strong Bull,Bullish confirmed,"Range with bullish lean - ADX no trend, direction not confirmed",61.177,Neutral,188.1565,191.1888,bullish accelerating,Overbought,1.2482,0.0054,full,75.0,Positive fading,64.24,Bullish,Bullish majority,Bearish divergence,Bullish - bearish divergence vs price over 21 bars,Upper Half,No Trend,Bearish,No,No,Near Upper,58.61,Normal,Stable,-19.6,Partial,"Normal volatility, stable",Vol contracting,Normal,Falling,Weak Down,0.1713,Accumulation,54.1409,Neutral,2 - Advancing,late,84.0,149.0,3 - Topping,53.0,,,,,,"2 - Advancing, trend 77 but ADX shows no trend, this is a range - wait for alignment","2 - Advancing, trend 81 but ADX shows no trend, this is a range - wait for alignment"
2024-03-07,20413.650390625,20471.349609375,20384.5,20434.80078125,24346300,19719.9045,18005.9132,No,90.7,Strong Bull,Uptrend,Hold,Uptrend (HH+HL),Bullish,80.69,Strong Bull,Bullish confirmed,"Range with bullish lean - ADX no trend, direction not confirmed",62.5524,Neutral,189.2991,190.8109,bullish fading,Overbought,0.7437,-0.2407,full,71.53,Positive fading,63.73,Bullish,Bullish majority,Bearish divergence,Bullish - bearish divergence vs price over 21 bars,Upper Half,No Trend,Bearish,No,No,Near Upper,55.59,Normal,Contracting,-21.15,No,"Normal volatility, contracting - move losing energy",Vol contracting,Normal,Falling,Weak Up,0.1653,Accumulation,53.0663,Neutral,2 - Advancing,late,84.0,150.0,3 - Topping,53.0,,,,,,"2 - Advancing, trend 77 but ADX shows no trend, this is a range - wait for alignment","2 - Advancing, trend 83 but ADX shows no trend, this is a range - wait for alignment"
2024-03-11,20478.75,20483.25,20264.30078125,20288.75,22816800,19742.2121,18028.628,No,88.21,Strong Bull,Uptrend,Hold,Uptrend (HH+HL),Bullish,78.28,Strong Bull,Bullish confirmed,"Range with bullish lean - ADX no trend, direction not confirmed",56.8216,Neutral,176.3862,187.926,bullish accelerating,Overbought,-0.1218,-0.661,full,68.29,Positive fading,58.55,Bullish,Bullish majority,Bearish divergence,Bullish - bearish divergence vs price over 21 bars,Upper Half,No Trend,Bearish,No,No,Near Upper,56.03,Normal,Stable,-17.1,No,"Normal volatility, stable",Vol contracting,Normal,Falling,Weak Down,0.2059,Accumulation,46.9702,Neutral,2 - Advancing,late,84.0,151.0,3 - Topping,53.0,,,,,,"2 - Advancing, trend 81 but ADX shows no trend, this is a range - wait for alignment","2 - Advancing, trend 82 but ADX shows no trend, this is a range - wait for alignment"
2024-03-12,20299.80078125,20326.25,20135.30078125,20171.400390625,24347400,19759.043,18049.9491,No,84.84,Strong Bull,Uptrend,Hold,Uptrend (HH+HL),Bullish,75.87,Strong Bull,Bullish confirmed,"Range with bullish lean - ADX no trend, direction not confirmed",52.648,Neutral,154.898,181.3204,bullish accelerating,Neutral,-0.4167,-0.8096,full,65.97,Positive fading,52.96,Neutral,Bullish majority,Bearish divergence,Neutral - bearish divergence vs price over 21 bars,Lower Half,No Trend,Bearish,No,No,Inside,55.56,Normal,Stable,-8.61,No,"Normal volatility, stable",Vol contracting,Normal,Falling,Weak Down,0.1528,Accumulation,41.075,Neutral,2 - Advancing,late,84.0,152.0,3 - Topping,53.0,,,,,,"2 - Advancing, trend 80 but ADX shows no trend, this is a range - wait for alignment","2 - Advancing, trend 81 but ADX shows no trend, this is a range - wait for alignment"
2024-03-13,20236.80078125,20247.900390625,19549.5,19646.30078125,41486300,19754.6218,18065.8332,No,76.08,Bull,Downtrend,Sell,Uptrend (HH+HL),Bullish,58.95,Neutral,Mixed,"No clear trend - ADX no trend, price ranging",38.8848,Oversold,94.409,163.9381,bullish accelerating,Neutral,-3.1861,-2.1396,full,60.08,Positive fading,39.32,Bearish,Bearish majority,None,"Bearish - majority agree, 1 dissenting",Below Lower,No Trend,Bearish,Yes,Yes,Near Lower,65.63,High,Stable,9.13,Partial,"High volatility, stable",Extreme vol - reduce size,Normal,Falling,Confirmed Down,0.1553,Accumulation,40.2121,Neutral,2 - Advancing,late,84.0,153.0,3 - Topping,53.0,,,,,,"2 - Advancing, trend 80 but ADX shows no trend, this is a range - wait for alignment","2 - Advancing, trend 81 but ADX shows no trend, this is a range - wait for alignment"
2024-03-14,19598.400390625,19933.900390625,19514.69921875,19916.349609375,38249400,19760.964,18084.2463,No,75.8,Bull,Downtrend,Hold,Uptrend (HH+HL),Bullish,62.31,Bull,Mixed,"Range with bullish lean - ADX no trend, direction not confirmed",46.6143,Neutral,67.4838,144.6472,bullish accelerating,Neutral,-0.5197,-0.8664,full,62.97,Positive accelerating,41.04,Bearish,Bearish majority,Bearish divergence,Bearish - bearish divergence vs price over 21 bars,Lower Half,No Trend,Bearish,Yes,Yes,Inside,65.55,High,Stable,9.96,Partial,"High volatility, stable",Extreme vol - reduce size,Normal,Falling,Confirmed Up,0.1546,Accumulation,32.6656,Neutral,2 - Advancing,late,84.0,154.0,3 - Topping,53.0,,,,,,"2 - Advancing, trend 80 but ADX shows no trend, this is a range - wait for alignment","2 - Advancing, trend 77 but ADX shows no trend, this is a range - wait for alignment"
2024-03-15,19867.75,19942.400390625,19671.150390625,19825.19921875,41574600,19763.4831,18101.5692,No,67.39,Bull,Downtrend,Hold,Uptrend (HH+HL),Bullish,57.29,Neutral,Mixed,"No clear trend - ADX no trend, price ranging",44.5655,Oversold,38.3482,123.3874,bullish accelerating,Neutral,-1.3183,-1.2642,full,61.24,Positive fading,38.94,Bearish,Bearish majority,Bearish divergence,Bearish - bearish divergence vs price over 21 bars,Lower Half,No Trend,Bearish,Yes,Yes,Inside,66.03,High,Stable,11.51,Partial,"High volatility, stable",Extreme vol - reduce size,Normal,Falling,Confirmed Down,0.1147,Accumulation,32.7708,Neutral,2 - Advancing,late,74.0,155.0,3 - Topping,53.0,,,,,,"2 - Advancing, trend 81 but ADX shows no trend, this is a range - wait for alignment","2 - Advancing, trend 77 but ADX shows no trend, this is a range - wait for alignment"
2024-03-18,19804.30078125,19894.44921875,19709.19921875,19843.099609375,22428300,19766.6053,18118.8979,No,66.59,Bull,Downtrend,Hold,Uptrend (HH+HL),Bullish,56.12,Neutral,Mixed,"No clear trend - ADX no trend, price ranging",45.076,Oversold,16.5121,102.0124,bullish accelerating,Neutral,-2.49,-1.8266,full,62.38,Positive accelerating,40.42,Bearish,Bearish majority,None,"Bearish - majority agree, 1 dissenting",Lower Half,No Trend,Bearish,Yes,Yes,Inside,65.87,High,Stable,10.91,Partial,"High volatility, stable",Extreme vol - reduce size,Normal,Falling,Weak Up,0.1052,Accumulation,38.1674,Neutral,2 - Advancing,late,74.0,156.0,3 - Topping,53.0,,,,,,"2 - Advancing, trend 78 but ADX shows no trend, this is a range - wait for alignment","2 - Advancing, trend 81 but ADX shows no trend, this is a range - wait for alignment"
2024-03-19,19785.80078125,19798.94921875,19594.099609375,19610.55078125,21287100,19760.4855,18133.7402,No,63.57,Bull,Downtrend,Hold,Uptrend (HH+HL),Bullish,52.09,Neutral,Mixed,"No clear trend - ADX emerging, price ranging",39.9309,Oversold,-19.335,77.7429,bearish accelerating,Neutral,-4.0206,-2.5319,full,59.16,Positive fading,36.16,Bearish,Bearish majority,None,"Bearish - majority agree, 1 dissenting",Below Lower,Emerging,Bearish,Yes,Yes,Near Lower,69.68,High,Stable,14.25,No,"High volatility, stable",Extreme vol - reduce size,Normal,Falling,Weak Down,0.057,Accumulation,32.315,Neutral,2 - Advancing,late,74.0,157.0,3 - Topping,53.0,,,,,,"2 - Advancing, trend 76 but ADX shows no trend, this is a range - wait for alignment","2 - Advancing, trend 80 but ADX shows no trend, this is a range - wait for alignment"
2024-03-20,19651.69921875,19697.44921875,19465.849609375,19632.05078125,21521000,19755.4488,18148.6488,No,62.35,Bull,Downtrend,Hold,Uptrend (HH+HL),Bullish,51.85,Neutral,Mixed,"No clear trend - ADX emerging, price ranging",40.6059,Oversold,-45.4849,53.0973,bearish accelerating,Neutral,-3.6795,-2.337,full,56.94,Positive fading,35.08,Bearish,Bearish majority,None,"Bearish - majority agree, 1 dissenting",Lower Half,Emerging,Bearish,Yes,Yes,Near Lower,71.67,High,Stable,14.76,No,"High volatility, stable",Extreme vol - reduce size,Normal,Falling,Weak Up,0.042,Neutral,33.6584,Neutral,2 - Advancing,late,74.0,158.0,3 - Topping,53.0,,,,,,"2 - Advancing, but trend score 59 does not confirm long - no directional edge","2 - Advancing, trend 80 but ADX shows no trend, this is a range - wait for alignment"
2024-03-21,19790.849609375,19916.44921875,19790.849609375,19897.400390625,22056500,19761.0156,18166.0493,No,63.22,Bull,Downtrend,Hold,Uptrend (HH+HL),Bullish,54.48,Neutral,Mixed,"No clear trend - ADX emerging, price ranging",48.3239,Neutral,-44.2868,33.6205,bearish fading,Neutral,-2.3659,-1.6986,full,57.86,Positive accelerating,39.18,Bearish,Bearish majority,None,"Bearish - majority agree, 1 dissenting",Lower Half,Emerging,Bearish,Yes,Yes,Inside,74.19,High,Stable,15.57,No,"High volatility, stable",Extreme vol - reduce size,Normal,Falling,Weak Up,0.0994,Accumulation,41.4751,Neutral,2 - Advancing,late,74.0,159.0,3 - Topping,53.0,,,,,,"2 - Advancing, trend 62 but components disagree - wait for alignment","2 - Advancing, trend 80 but ADX shows no trend, this is a range - wait for alignment"
2024-03-22,19855.0,20048.599609375,19806.69921875,19994.599609375,26015800,19770.1757,18184.2438,No,64.38,Bull,Downtrend,Hold,Uptrend (HH+HL),Bullish,55.94,Neutral,Mixed,"No clear trend - ADX emerging, price ranging",50.8437,Neutral,-35.0897,19.8785,bearish fading,Neutral,-2.1542,-1.5875,full,58.76,Positive accelerating,43.8,Neutral,Mixed,None,"Neutral - components mixed, low conviction",Lower Half,Emerging,Bearish,Yes,Yes,Inside,73.33,High,Stable,17.74,No,"High volatility, stable",Extreme vol - reduce size,Normal,Falling,Weak Up,0.0803,Accumulation,41.0797,Neutral,2 - Advancing,late,74.0,160.0,3 - Topping,53.0,,,,,,"2 - Advancing, but trend score 57 does not confirm long - no directional edge","2 - Advancing, trend 81 but ADX shows no trend, this is a range - wait for alignment"
2024-03-26,19895.55078125,20044.5,19895.30078125,20005.25,23428500,19779.3943,18202.3633,No,65.6,Bull,Downtrend,Hold,Uptrend (HH+HL),Bullish,56.53,Neutral,Mixed,"No clear trend - ADX emerging, price ranging",51.125,Neutral,-26.6345,10.5759,bearish fading,Neutral,-1.3973,-1.2313,full,58.72,Positive fading,47.31,Neutral,Mixed,None,"Neutral - components mixed, low conviction",Lower Half,Emerging,Bearish,Yes,Yes,Inside,70.5,High,Stable,14.46,No,"High volatility, stable",Extreme vol - reduce size,Normal,Falling,Weak Up,0.1162,Accumulation,40.6957,Neutral,2 - Advancing,late,74.0,161.0,3 - Topping,53.0,,,,,,"2 - Advancing, but trend score 56 does not confirm long - no directional edge","2 - Advancing, trend 78 but ADX shows no trend, this is a range - wait for alignment"
2024-03-27,20063.0,20174.400390625,20063.0,20087.80078125,28219300,19791.4887,18221.1238,No,68.99,Bull,Downtrend,Hold,Uptrend (HH+HL),Bullish,59.0,Neutral,Mixed,"No clear trend - ADX emerging, price ranging",53.3526,Neutral,-13.1213,5.8364,bearish fading,Neutral,-0.4144,-0.7731,full,63.93,Positive accelerating,52.72,Neutral,Bullish majority,None,Neutral - price momentum agrees but MACD shows deceleration,Upper Half,Emerging,Bearish,Yes,Yes,Inside,68.49,High,Stable,12.94,No,"High volatility, stable",Vol expanding,Normal,Falling,Weak Up,0.1028,Accumulation,47.8416,Neutral,2 - Advancing,late,74.0,162.0,3 - Topping,53.0,,,,,,"2 - Advancing, but trend score 52 does not confirm long - no directional edge","2 - Advancing, trend 76 but ADX shows no trend, this is a range - wait for alignment"
2024-03-28,20150.349609375,20380.5,20146.150390625,20255.150390625,26471400,19809.6715,18241.3629,No,81.05,Strong Bull,Downtrend,Hold,Range,Bearish,55.9,Neutral,Mixed,"No clear trend - ADX emerging, price ranging",57.5742,Neutral,10.9653,6.8622,Bullish crossover,Neutral,3.0991,0.8712,full,63.87,Positive fading,58.41,Bullish,Bullish confirmed,None,Bullish - all 4 components agree incl. MACD acceleration,Upper Half,Emerging,Bearish,No,No,Inside,69.09,High,Stable,3.45,No,"High volatility, stable",Vol contracting,Normal,Falling,Weak Up,0.0888,Accumulation,55.9907,Neutral,2 - Advancing,late,84.0,163.0,3 - Topping,53.0,,,,,,"2 - Advancing, but trend score 52 does not confirm long - no directional edge","2 - Advancing, but trend score 59 does not confirm long - no directional edge"
2024-04-01,20392.25,20504.5,20387.05078125,20492.55078125,24756300,19836.4511,18263.7628,No,84.9,Strong Bull,Uptrend,Buy,Range,Bearish,73.82,Bull,Bullish confirmed,"Range with bullish lean - ADX emerging, direction not confirmed",62.7274,Neutral,48.6496,15.2197,bullish accelerating,Neutral,2.8931,0.7679,full,65.09,Positive accelerating,66.36,Bullish,Bullish confirmed,Bearish divergence,Bullish - bearish divergence vs price over 21 bars,Upper Half,Emerging,Bullish,No,No,Breakout Up,70.79,High,Stable,5.24,No,"High volatility, stable",Vol contracting,Normal,Falling,Weak Up,0.1797,Accumulation,56.0431,Neutral,2 - Advancing,late,84.0,164.0,3 - Topping,53.0,,,,,,"2 - Advancing, but trend score 54 does not confirm long - no directional edge","2 - Advancing, trend 62 but components disagree - wait for alignment"
2024-04-02,20524.150390625,20579.25,20481.849609375,20569.75,28128700,19865.2079,18286.7079,No,86.55,Strong Bull,Uptrend,Hold,Range,Bearish,73.38,Bull,Bullish confirmed,"Range with bullish lean - ADX no trend, direction not confirmed",64.2482,Neutral,83.7782,28.9314,bullish accelerating,Overbought,3.7556,1.1663,full,64.84,Positive fading,70.76,Strong Bullish,Bullish confirmed,None,Strong Bullish - all 4 components agree incl. MACD acceleration,Upper Half,No Trend,Bullish,No,No,Breakout Up,73.01,High,Stable,6.98,No,"High volatility, stable",Vol contracting,Normal,Falling,Confirmed Up,0.1867,Accumulation,62.6409,Neutral,2 - Advancing,late,84.0,165.0,3 - Topping,53.0,,,,,,"2 - Advancing, but trend score 56 does not confirm long - no directional edge","2 - Advancing, but trend score 57 does not confirm long - no directional edge"
2024-04-03,20528.19921875,20657.900390625,20496.55078125,20605.69921875,30258700,19894.2468,18309.7825,No,87.84,Strong Bull,Uptrend,Hold,Range,Bearish,73.26,Bull,Bullish confirmed,"Range with bullish lean - ADX no trend, direction not confirmed",64.965,Neutral,113.2136,45.7878,bullish accelerating,Overbought,3.8431,1.2016,full,63.56,Positive fading,72.45,Strong Bullish,Bullish confirmed,None,Strong Bullish - all 4 components agree incl. MACD acceleration,Upper Half,No Trend,Bullish,No,No,Breakout Up,77.02,High,Stable,11.15,No,"High volatility, stable",Vol contracting,Normal,Falling,Confirmed Up,0.1601,Accumulation,69.4678,Neutral,2 - Advancing,late,84.0,166.0,3 - Topping,53.0,,,,,,"2 - Advancing, but trend score 57 does not confirm long - no directional edge","2 - Advancing, but trend score 56 does not confirm long - no directional edge"
2024-04-04,20755.349609375,20772.400390625,20537.5,20664.650390625,33121800,19924.4587,18333.214,No,89.64,Strong Bull,Uptrend,Hold,Range,Bearish,73.75,Bull,Bullish confirmed,"Range with bullish lean - ADX no trend, direction not confirmed",66.1632,Neutral,139.6881,64.5679,bullish accelerating,Overbought,5.3752,1.9171,full,63.05,Positive fading,72.94,Strong Bullish,Bullish confirmed,None,Strong Bullish - all 4 components agree incl. MACD acceleration,Upper Half,No Trend,Bullish,No,No,Breakout Up,80.0,High,Stable,10.32,No,"High volatility, stable",Vol contracting,Normal,Falling,Confirmed Up,0.1635,Accumulation,79.485,Neutral,2 - Advancing,late,84.0,167.0,3 - Topping,53.0,,,,,,"2 - Advancing, but trend score 59 does not confirm long - no directional edge","2 - Advancing, but trend score 52 does not confirm long - no directional edge"
2024-04-05,20654.75,20730.150390625,20609.900390625,20715.099609375,28297700,19955.4642,18356.9143,No,90.83,Strong Bull,Uptrend,Hold,Range,Bearish,74.24,Bull,Bullish confirmed,"Range with bullish lean - ADX no trend, direction not confirmed",67.1971,Neutral,162.8627,84.2268,bullish accelerating,Overbought,5.5167,1.9707,full,63.24,Positive accelerating,73.37,Strong Bullish,Bullish confirmed,None,Strong Bullish - all 4 components agree incl. MACD acceleration,Upper Half,No Trend,Bullish,No,No,Near Upper,83.14,Very High,Stable,11.47,No,"Very High volatility, stable",Vol contracting,Normal,Falling,Confirmed Up,0.2026,Accumulation,88.9627,Overbought,2 - Advancing,late,84.0,168.0,3 - Topping,53.0,,,,,,"2 - Advancing, but trend score 56 does not confirm long - no directional edge","2 - Advancing, but trend score 52 does not confirm long - no directional edge"
2024-04-08,20806.849609375,20866.099609375,20768.5,20819.099609375,27481500,19989.3323,18381.4137,No,91.16,Strong Bull,Uptrend,Hold,Range,Bearish,73.98,Bull,Bullish confirmed,"Range with bullish lean - ADX emerging, direction not confirmed",69.2809,Neutral,187.4598,104.8734,bullish accelerating,Overbought,4.6323,1.5395,full,64.43,Positive accelerating,74.61,Strong Bullish,Bullish confirmed,None,Strong Bullish - all 4 components agree incl. MACD acceleration,Upper Half,Emerging,Bullish,No,No,Breakout Up,82.58,Very High,Stable,8.39,No,"Very High volatility, stable",Vol contracting,Normal,Falling,Weak Up,0.152,Accumulation,88.5856,Overbought,2 - Advancing,late,84.0,169.0,3 - Topping,53.0,,,,,,"2 - Advancing, trend 74 but ADX shows no trend, this is a range - wait for alignment","2 - Advancing, but trend score 54 does not confirm long - no directional edge"
2024-04-09,20912.75,20912.75,20741.5,20790.69921875,22792400,20020.7584,18405.3867,No,90.68,Strong Bull,Uptrend,Hold,Range,Bearish,73.7,Bull,Bullish confirmed,"Range with bullish lean - ADX emerging, direction not confirmed",68.0103,Neutral,202.3291,124.3646,bullish fading,Overbought,3.9816,1.2216,full,64.7,Positive accelerating,73.92,Strong Bullish,Bullish confirmed,None,Strong Bullish - all 4 components agree incl. MACD acceleration,Upper Half,Emerging,Bullish,Yes,No,Near Upper,82.3,Very High,Stable,8.97,No,"Very High volatility, stable",Vol contracting,Normal,Falling,Weak Down,0.128,Accumulation,82.2147,Overbought,2 - Advancing,late,84.0,170.0,3 - Topping,53.0,,,,,,"2 - Advancing, trend 73 but ADX shows no trend, this is a range - wait for alignment","2 - Advancing, but trend score 56 does not confirm long - no directional edge"
2024-04-10,20864.55078125,20933.849609375,20822.849609375,20915.19921875,25719500,20055.8345,18430.3599,No,91.18,Strong Bull,Uptrend,Hold,Range,Bearish,74.83,Bull,Bullish confirmed,"Range with bullish lean - ADX emerging, direction not confirmed",70.5593,Neutral,221.6048,143.8126,bullish fading,Overbought,4.5486,1.4816,full,64.06,Positive fading,74.54,Strong Bullish,Bullish confirmed,None,Strong Bullish but overbought on RSI and Stochastic - stretched,Upper Half,Emerging,Bullish,Yes,No,Breakout Up,82.3,Very High,Stable,11.81,No,"Very High volatility, stable",Vol contracting,Normal,Falling,Weak Up,0.1897,Accumulation,88.0692,Overbought,2 - Advancing,late,84.0,171.0,3 - Topping,53.0,,,,,,"2 - Advancing, trend 73 but ADX shows no trend, this is a range - wait for alignment","2 - Advancing, but trend score 57 does not confirm long - no directional edge"
2024-04-12,20873.19921875,20931.400390625,20735.150390625,20745.5,32597400,20082.8802,18453.3962,No,89.91,Strong Bull,Uptrend,Hold,Range,Bearish,72.69,Bull,Bullish confirmed,"Range with bullish lean - ADX emerging, direction not confirmed",63.1707,Neutral,220.6441,159.1789,bullish fading,Overbought,3.2741,0.8627,full,61.79,Positive fading,69.67,Bullish,Bullish confirmed,None,Bullish - all 4 components agree incl. MACD acceleration,Upper Half,Emerging,Bullish,Yes,No,Near Upper,82.7,Very High,Stable,14.21,No,"Very High volatility, stable",Vol contracting,Normal,Falling,Confirmed Down,0.1622,Accumulation,85.1626,Overbought,2 - Advancing,late,84.0,172.0,3 - Topping,53.0,,,,,,"2 - Advancing, trend 74 but ADX shows no trend, this is a range - wait for alignment","2 - Advancing, but trend score 59 does not confirm long - no directional edge"
2024-04-15,20493.30078125,20623.80078125,20362.30078125,20478.75,31952800,20098.4045,18473.5489,No,87.83,Strong Bull,Uptrend,Hold,Range,Bearish,61.98,Bull,Mixed,"Range with bullish lean - ADX emerging, direction not confirmed",53.659,Neutral,196.0978,166.5627,bullish fading,Overbought,1.1039,-0.1826,full,60.93,Positive fading,61.53,Bullish,Bullish confirmed,None,Bullish - all 4 components agree incl. MACD acceleration,Upper Half,Emerging,Bearish,Yes,No,Inside,86.67,Very High,Stable,17.58,No,"Very High volatility, stable",Vol contracting,Normal,Falling,Confirmed Down,0.2126,Accumulation,77.3656,Neutral,2 - Advancing,late,84.0,173.0,3 - Topping,53.0,,,,,,"2 - Advancing, trend 74 but ADX shows no trend, this is a range - wait for alignment","2 - Advancing, but trend score 56 does not confirm long - no directional edge"
2024-04-16,20361.25,20495.19921875,20326.25,20423.0,31141100,20111.1338,18492.9465,No,84.67,Strong Bull,Uptrend,Hold,Range,Bearish,60.89,Bull,Mixed,"Range with bullish lean - ADX no trend, direction not confirmed",51.9001,Neutral,170.1843,167.287,bullish fading,Neutral,-0.3394,-0.872,full,59.9,Positive fading,54.99,Neutral,Bullish majority,None,Neutral - price momentum agrees but MACD shows deceleration,Upper Half,No Trend,Bearish,No,No,Inside,85.52,Very High,Stable,14.72,No,"Very High volatility, stable",Vol contracting,Normal,Falling,Confirmed Down,0.1598,Accumulation,69.8443,Neutral,2 - Advancing,late,84.0,174.0,3 - Topping,53.0,,,,,,"2 - Advancing, trend 74 but ADX shows no trend, this is a range - wait for alignment","2 - Advancing, trend 74 but ADX shows no trend, this is a range - wait for alignment"
2024-04-18,20515.150390625,20617.099609375,20291.150390625,20324.69921875,29636300,20119.5089,18511.1729,No,81.41,Strong Bull,Uptrend,Hold,Range,Bearish,63.32,Bull,Bullish confirmed,"Range with bullish lean - ADX no trend, direction not confirmed",48.859,Oversold,140.1007,161.8497,Bearish crossover,Neutral,-1.1913,-1.2725,full,58.27,Positive fading,48.01,Neutral,Bearish majority,None,"Neutral - majority agree, 1 dissenting",Lower Half,No Trend,Bullish,No,No,Inside,86.83,Very High,Stable,13.81,No,"Very High volatility, stable",Vol contracting,Normal,Falling,Confirmed Down,0.109,Accumulation,63.002,Neutral,2 - Advancing,late,84.0,175.0,3 - Topping,53.0,,,,,,"2 - Advancing, trend 74 but ADX shows no trend, this is a range - wait for alignment","2 - Advancing, trend 73 but ADX shows no trend, this is a range - wait for alignment"
2024-04-19,20178.25,20428.400390625,20038.349609375,20385.19921875,27183000,20129.9281,18529.8199,No,79.42,Bull,Uptrend,Hold,Range,Bullish,59.63,Neutral,Mixed,"No clear trend - ADX no trend, price ranging",50.7709,Neutral,119.7605,153.4319,bullish accelerating,Neutral,-1.0701,-1.2046,full,58.18,Positive fading,46.25,Neutral,Mixed,None,"Neutral - components mixed, low conviction",Upper Half,No Trend,Bearish,No,Yes,Inside,87.97,Very High,Stable,10.95,No,"Very High volatility, stable",Vol expanding,Normal,Falling,Confirmed Up,0.1287,Accumulation,56.2235,Neutral,2 - Advancing,late,84.0,176.0,3 - Topping,53.0,,,,,,"2 - Advancing, trend 75 but ADX shows no trend, this is a range - wait for alignment","2 - Advancing, trend 73 but ADX shows no trend, this is a range - wait for alignment"
2024-04-22,20566.19921875,20604.099609375,20468.099609375,20574.849609375,36990800,20147.376,18550.1684,No,80.38,Strong Bull,Uptrend,Hold,Range,Bullish,62.57,Bull,Mixed,"Range with bullish lean - ADX no trend, direction not confirmed",56.2877,Neutral,117.5884,146.2632,bullish fading,Neutral,-0.4346,-0.8945,full,58.4,Positive accelerating,48.98,Neutral,Mixed,None,"Neutral - components mixed, low conviction",Upper Half,No Trend,Bearish,No,Yes,Inside,84.68,Very High,Stable,4.68,No,"Very High volatility, stable",Vol expanding,Normal,Falling,Confirmed Up,0.1949,Accumulation,57.3835,Neutral,2 - Advancing,late,84.0,177.0,3 - Topping,53.0,,,,,,"2 - Advancing, trend 73 but ADX shows no trend, this is a range - wait for alignment","2 - Advancing, trend 74 but ADX shows no trend, this is a range - wait for alignment"
2024-04-23,20687.900390625,20689.75,20621.55078125,20652.650390625,48926300,20167.1907,18571.0887,No,82.01,Strong Bull,Uptrend,Hold,Range,Bullish,65.44,Bull,Bullish confirmed,"Range with bullish lean - ADX no trend, direction not confirmed",58.3498,Neutral,120.753,141.1612,bullish fading,Neutral,-0.3015,-0.8252,full,57.72,Positive fading,52.06,Neutral,Bullish majority,None,Neutral - price momentum agrees but MACD shows deceleration,Upper Half,No Trend,Bullish,No,Yes,Inside,76.59,High,Stable,-6.55,No,"High volatility, stable",Vol expanding,Normal,Falling,Confirmed Up,0.1624,Accumulation,59.7835,Neutral,2 - Advancing,late,84.0,178.0,3 - Topping,53.0,,,,,,"2 - Advancing, trend 62 but components disagree - wait for alignment","2 - Advancing, trend 74 but ADX shows no trend, this is a range - wait for alignment"
2024-04-24,20723.19921875,20772.55078125,20710.19921875,20730.650390625,36984300,20189.2872,18592.5768,No,83.97,Strong Bull,Uptrend,Hold,Range,Bullish,66.58,Bull,Bullish confirmed,"Range with bullish lean - ADX no trend, direction not confirmed",60.3683,Neutral,128.0785,138.5446,bullish fading,Neutral,-0.4248,-0.8771,full,59.11,Positive accelerating,56.05,Neutral,Bullish majority,None,Neutral - price momentum agrees but MACD shows deceleration,Upper Half,No Trend,Bullish,No,Yes,Near Upper,66.07,High,Stable,-16.51,No,"High volatility, stable",Vol expanding,Normal,Falling,Confirmed Up,0.1115,Accumulation,60.6157,Neutral,2 - Advancing,late,84.0,179.0,3 - Topping,53.0,,,,,,"2 - Advancing, trend 61 but components disagree - wait for alignment","2 - Advancing, trend 74 but ADX shows no trend, this is a range - wait for alignment"
2024-04-25,20690.849609375,20894.0,20686.69921875,20867.900390625,107777900,20215.8994,18615.2169,No,87.36,Strong Bull,Uptrend,Hold,Range,Bullish,69.13,Bull,Bullish confirmed,"Range with bullish lean - ADX no trend, direction not confirmed",63.7018,Neutral,143.3069,139.4971,Bullish crossover,Neutral,0.3713,-0.4915,full,64.17,Positive accelerating,62.02,Bullish,Bullish confirmed,None,Bullish - all 4 components agree incl. MACD acceleration,Upper Half,No Trend,Bullish,No,Yes,Near Upper,62.38,High,Stable,-19.92,No,"High volatility, stable",Vol expanding,High,Rising,Confirmed Up,0.1953,Accumulation,66.5478,Neutral,2 - Advancing,late,84.0,180.0,3 - Topping,53.0,,,,,,"2 - Advancing, trend 63 but ADX shows no trend, this is a range - wait for alignment","2 - Advancing, trend 74 but ADX shows no trend, this is a range - wait for alignment"
2024-04-26,20926.400390625,20941.099609375,20814.5,20839.349609375,66099300,20240.3485,18637.3475,No,88.39,Strong Bull,Uptrend,Hold,Uptrend (HH+HL),Bullish,79.26,Strong Bull,Bullish confirmed,"Range with bullish lean - ADX no trend, direction not confirmed",62.5237,Neutral,151.3274,141.8631,bullish accelerating,Overbought,-0.3627,-0.8365,full,64.67,Positive accelerating,63.51,Bullish,Bullish confirmed,None,Bullish - all 4 components agree incl. MACD acceleration,Upper Half,No Trend,Bullish,No,Yes,Near Upper,55.0,Normal,Contracting,-27.3,No,"Normal volatility, contracting - move losing energy",Normal vol,Normal,Rising,Confirmed Down,0.1131,Accumulation,68.5773,Neutral,2 - Advancing,late,84.0,181.0,3 - Topping,53.0,,,,,,"2 - Advancing, but trend score 60 does not confirm long - no directional edge","2 - Advancing, trend 75 but ADX shows no trend, this is a range - wait for alignment"
2024-04-29,20911.099609375,21002.099609375,20847.849609375,20992.19921875,41065400,20269.8328,18660.7789,No,90.14,Strong Bull,Uptrend,Hold,Uptrend (HH+HL),Bullish,81.24,Strong Bull,Bullish confirmed,"Range with bullish lean - ADX no trend, direction not confirmed",66.1347,Neutral,168.0798,147.1065,bullish accelerating,Overbought,1.1892,-0.0839,full,64.14,Positive fading,67.04,Bullish,Bullish confirmed,None,Bullish - all 4 components agree incl. MACD acceleration,Upper Half,No Trend,Bullish,No,No,Breakout Up,48.02,Normal,Contracting,-34.68,No,"Normal volatility, contracting - move losing energy",Vol contracting,Normal,Rising,Confirmed Up,0.1809,Accumulation,69.3137,Neutral,2 - Advancing,late,84.0,182.0,3 - Topping,53.0,,,,,,"2 - Advancing, trend 63 but components disagree - wait for alignment","2 - Advancing, trend 73 but ADX shows no trend, this is a range - wait for alignment"
2024-04-30,21052.349609375,21146.5,20971.849609375,20997.19921875,36823500,20298.357,18684.0269,No,90.61,Strong Bull,Uptrend,Hold,Uptrend (HH+HL),Bullish,80.44,Strong Bull,Bullish confirmed,"Range with bullish lean - ADX no trend, direction not confirmed",66.2493,Neutral,179.6884,153.6228,bullish accelerating,Overbought,2.5316,0.5689,full,68.65,Positive accelerating,68.94,Bullish,Bullish confirmed,None,Bullish - all 4 components agree incl. MACD acceleration,Upper Half,No Trend,Bullish,Yes,No,Near Upper,47.18,Normal,Contracting,-39.49,Partial,"Normal volatility, contracting - move losing energy",Vol contracting,Normal,Rising,Weak Up,0.1459,Accumulation,69.8348,Neutral,2 - Advancing,late,84.0,183.0,3 - Topping,53.0,,,,,,"2 - Advancing, trend 65 but ADX shows no trend, this is a range - wait for alignment","2 - Advancing, trend 62 but components disagree - wait for alignment"
2024-05-02,21010.44921875,21126.099609375,21009.349609375,21083.599609375,32855900,20329.1508,18707.9032,No,91.72,Strong Bull,Uptrend,Hold,Uptrend (HH+HL),Bullish,81.85,Strong Bull,Bullish confirmed,"Range with bullish lean - ADX no trend, direction not confirmed",68.2482,Neutral,193.628,161.6239,bullish accelerating,Overbought,3.2346,0.906,full,66.79,Positive fading,70.04,Strong Bullish,Bullish confirmed,None,Strong Bullish - all 4 components agree incl. MACD acceleration,Upper Half,No Trend,Bullish,Yes,No,Near Upper,53.18,Normal,Contracting,-32.34,No,"Normal volatility, contracting - move losing energy",Vol contracting,Normal,Rising,Weak Up,0.1301,Accumulation,74.2807,Neutral,2 - Advancing,late,84.0,184.0,3 - Topping,53.0,,,,,,"2 - Advancing, trend 67 but ADX shows no trend, this is a range - wait for alignment","2 - Advancing, trend 61 but components disagree - wait for alignment"
2024-05-03,21193.44921875,21208.69921875,20830.650390625,20959.55078125,40630500,20353.8724,18730.3077,No,90.96,Strong Bull,Uptrend,Hold,Uptrend (HH+HL),Bullish,80.13,Strong Bull,Bullish confirmed,"Range with bullish lean - ADX no trend, direction not confirmed",62.5227,Neutral,192.4471,167.7885,bullish fading,Overbought,3.1235,0.8485,full,66.16,Positive fading,66.33,Bullish,Bullish confirmed,Bearish divergence,Bullish - bearish divergence vs price over 21 bars,Upper Half,No Trend,Bullish,Yes,No,Near Upper,57.1,Normal,Contracting,-29.72,No,"Normal volatility, contracting - move losing energy",Vol contracting,Normal,Rising,Confirmed Down,0.0816,Accumulation,68.0879,Neutral,2 - Advancing,late,84.0,185.0,3 - Topping,53.0,,,,,,"2 - Advancing, trend 69 but ADX shows no trend, this is a range - wait for alignment","2 - Advancing, trend 63 but ADX shows no trend, this is a range - wait for alignment"
2024-05-06,21044.099609375,21048.94921875,20805.05078125,20864.94921875,30888200,20373.9146,18751.5479,No,89.9,Strong Bull,Uptrend,Hold,Uptrend (HH+HL),Bullish,78.53,Strong Bull,Bullish confirmed,"Range with bullish lean - ADX no trend, direction not confirmed",58.4927,Neutral,181.7822,170.5873,bullish fading,Overbought,2.3534,0.4735,full,61.7,Positive fading,61.19,Bullish,Bullish confirmed,Bearish divergence,Bullish - bearish divergence vs price over 21 bars,Upper Half,No Trend,Bullish,Yes,No,Inside,59.98,Normal,Contracting,-28.0,No,"Normal volatility, contracting - move losing energy",Vol contracting,Normal,Rising,Weak Down,0.0473,Neutral,68.2653,Neutral,2 - Advancing,late,84.0,186.0,3 - Topping,53.0,,,,,,"2 - Advancing, trend 79 but ADX shows no trend, this is a range - wait for alignment","2 - Advancing, but trend score 60 does not confirm long - no directional edge"
2024-05-07,20911.349609375,20914.900390625,20548.80078125,20636.05078125,37453900,20384.1945,18770.2992,No,85.61,Strong Bull,Uptrend,Hold,Uptrend (HH+HL),Bullish,73.53,Bull,Bullish majority,"Range with bullish lean - ADX no trend, direction not confirmed",50.0812,Oversold,153.0953,167.0889,Bearish crossover,Neutral,0.2975,-0.5177,full,60.85,Positive fading,52.9,Neutral,Bullish majority,Bearish divergence,Neutral - bearish divergence vs price over 21 bars,Lower Half,No Trend,Bearish,Yes,No,Inside,63.81,High,Contracting,-20.87,Partial,"High volatility, contracting - move losing energy",Vol contracting,Normal,Rising,Weak Down,0.0181,Neutral,67.6094,Neutral,2 - Advancing,late,84.0,187.0,3 - Topping,53.0,,,,,,"2 - Advancing, trend 81 but ADX shows no trend, this is a range - wait for alignment","2 - Advancing, trend 63 but components disagree - wait for alignment"
2024-05-08,20586.80078125,20768.75,20516.25,20704.900390625,27005200,20396.7712,18789.5489,No,84.03,Strong Bull,Uptrend,Hold,Uptrend (HH+HL),Bullish,73.96,Bull,Bullish majority,"Range with bullish lean - ADX no trend, direction not confirmed",52.303,Neutral,134.3673,160.5446,bullish accelerating,Neutral,0.253,-0.5372,full,59.12,Positive fading,50.48,Neutral,Bullish majority,Bearish divergence,Neutral - bearish divergence vs price over 21 bars,Lower Half,No Trend,Bearish,No,Yes,Inside,64.37,High,Stable,-12.22,Partial,"High volatility, stable",Vol expanding,Normal,Rising,Weak Up,0.0079,Neutral,68.0305,Neutral,2 - Advancing,late,84.0,188.0,3 - Topping,53.0,,,,,,"2 - Advancing, trend 80 but ADX shows no trend, this is a range - wait for alignment","2 - Advancing, trend 65 but ADX shows no trend, this is a range - wait for alignment"
2024-05-09,20681.099609375,20736.25,20318.900390625,20344.80078125,26295900,20394.7331,18805.0241,No,76.8,Bull,Downtrend,Sell,Uptrend (HH+HL),Bullish,59.96,Neutral,Mixed,"No clear trend - ADX no trend, price ranging",41.8191,Oversold,89.4373,146.3231,bullish accelerating,Neutral,-1.8613,-1.5449,full,55.74,Positive fading,41.02,Bearish,Bearish majority,None,"Bearish - majority agree, 1 dissenting",Lower Half,No Trend,Bearish,No,Yes,Inside,68.45,High,Stable,2.38,Partial,"High volatility, stable",Vol expanding,Normal,Rising,Weak Down,-0.0232,Neutral,68.3963,Neutral,2 - Advancing,late,84.0,189.0,3 - Topping,53.0,,,,,,"2 - Advancing, trend 82 but ADX shows no trend, this is a range - wait for alignment","2 - Advancing, trend 67 but ADX shows no trend, this is a range - wait for alignment"
2024-05-10,20398.0,20482.05078125,20299.099609375,20469.099609375,22511100,20397.6494,18821.582,No,74.73,Bull,Downtrend,Hold,Uptrend (HH+HL),Bullish,61.72,Bull,Mixed,"Range with bullish lean - ADX no trend, direction not confirmed",45.8537,Oversold,63.1321,129.6849,bullish accelerating,Neutral,-1.9111,-1.556,full,55.61,Positive fading,40.09,Bearish,Bearish majority,None,"Bearish - majority agree, 1 dissenting",Lower Half,No Trend,Bearish,No,Yes,Inside,68.06,High,Stable,5.68,No,"High volatility, stable",Vol expanding,Normal,Rising,Weak Up,0.0144,Neutral,68.9059,Neutral,2 - Advancing,late,84.0,190.0,3 - Topping,53.0,,,,,,"2 - Advancing, trend 80 but ADX shows no trend, this is a range - wait for alignment","2 - Advancing, trend 69 but ADX shows no trend, this is a range - wait for alignment"
2024-05-13,20471.650390625,20540.25,20184.099609375,20511.0,24038600,20402.0946,18838.3922,No,67.33,Bull,Downtrend,Hold,Uptrend (HH+HL),Bullish,59.09,Neutral,Mixed,"No clear trend - ADX no trend, price ranging",47.1833,Oversold,45.1456,112.777,bullish accelerating,Neutral,-1.5756,-1.3841,full,56.62,Positive accelerating,39.76,Bearish,Bearish majority,None,"Bearish - majority agree, 1 dissenting",Lower Half,No Trend,Bearish,Yes,Yes,Inside,69.4,High,Stable,14.4,Partial,"High volatility, stable",Vol expanding,Normal,Rising,Weak Up,0.0184,Neutral,64.1379,Neutral,2 - Advancing,late,74.0,191.0,3 - Topping,53.0,,,,,,"2 - Advancing, trend 79 but ADX shows no trend, this is a range - wait for alignment","2 - Advancing, trend 79 but ADX shows no trend, this is a range - wait for alignment"
2024-05-14,20544.349609375,20709.75,20508.0,20683.80078125,26136600,20413.1419,18856.7544,No,74.78,Bull,Downtrend,Hold,Uptrend (HH+HL),Bullish,63.54,Bull,Mixed,"Range with bullish lean - ADX no trend, direction not confirmed",52.377,Neutral,44.3238,99.0864,bullish fading,Neutral,-1.4691,-1.322,full,56.49,Positive fading,43.39,Neutral,Mixed,None,"Neutral - components mixed, low conviction",Upper Half,No Trend,Bearish,Yes,Yes,Inside,67.98,High,Stable,19.96,Partial,"High volatility, stable",Vol expanding,Normal,Rising,Weak Up,0.0822,Accumulation,62.6781,Neutral,2 - Advancing,late,84.0,192.0,3 - Topping,53.0,,,,,,"2 - Advancing, trend 74 but ADX shows no trend, this is a range - wait for alignment","2 - Advancing, trend 81 but ADX shows no trend, this is a range - wait for alignment"
2024-05-15,20744.5,20811.25,20681.900390625,20741.849609375,21688100,20426.0324,18875.5116,No,75.46,Bull,Downtrend,Hold,Uptrend (HH+HL),Bullish,64.78,Bull,Mixed,"Range with bullish lean - ADX no trend, direction not confirmed",54.013,Neutral,47.8055,88.8302,bullish fading,Neutral,-1.2161,-1.1922,full,56.29,Positive fading,46.8,Neutral,Mixed,None,"Neutral - components mixed, low conviction",Upper Half,No Trend,Bearish,Yes,Yes,Inside,66.19,High,Stable,19.01,No,"High volatility, stable",Vol expanding,Normal,Rising,Weak Up,0.0859,Accumulation,61.6272,Neutral,2 - Advancing,late,84.0,193.0,3 - Topping,53.0,,,,,,"2 - Advancing, trend 74 but ADX shows no trend, this is a range - wait for alignment","2 - Advancing, trend 80 but ADX shows no trend, this is a range - wait for alignment"
2024-05-16,20846.849609375,20950.55078125,20667.80078125,20929.05078125,24680000,20445.7586,18895.9448,No,79.8,Bull,Downtrend,Hold,Uptrend (HH+HL),Bullish,68.55,Bull,Mixed,"Range with bullish lean - ADX no trend, direction not confirmed",58.9147,Neutral,64.922,84.0485,bullish fading,Neutral,-0.733,-0.9557,full,59.42,Positive accelerating,53.77,Neutral,Bullish majority,Bearish divergence,Neutral - bearish divergence vs price over 21 bars,Upper Half,No Trend,Bullish,No,Yes,Inside,66.59,High,Stable,13.41,Partial,"High volatility, stable",Vol expanding,Normal,Rising,Weak Up,0.1086,Accumulation,54.6662,Neutral,2 - Advancing,late,84.0,194.0,3 - Topping,53.0,,,,,,"2 - Advancing, but trend score 60 does not confirm long - no directional edge","2 - Advancing, trend 82 but ADX shows no trend, this is a range - wait for alignment"
2024-05-17,20967.400390625,21078.650390625,20934.44921875,21064.55078125,26742600,20470.0249,18917.523,No,83.65,Strong Bull,Downtrend,Hold,Uptrend (HH+HL),Bullish,71.23,Bull,Mixed,"Range with bullish lean - ADX no trend, direction not confirmed",62.0664,Neutral,88.4016,84.9192,Bullish crossover,Neutral,0.501,-0.3664,full,61.05,Positive accelerating,60.09,Bullish,Bullish confirmed,None,Bullish - all 4 components agree incl. MACD acceleration,Upper Half,No Trend,Bullish,No,Yes,Near Upper,63.65,High,Stable,6.55,No,"High volatility, stable",Vol expanding,Normal,Rising,Weak Up,0.1697,Accumulation,50.4166,Neutral,2 - Advancing,late,84.0,195.0,3 - Topping,53.0,,,,,,"2 - Advancing, trend 62 but components disagree - wait for alignment","2 - Advancing, trend 80 but ADX shows no trend, this is a range - wait for alignment"
2024-05-21,21114.650390625,21224.69921875,21068.849609375,21187.650390625,35418000,20498.1671,18940.1113,No,86.91,Strong Bull,Uptrend,Buy,Uptrend (HH+HL),Bullish,80.21,Strong Bull,Bullish confirmed,"Range with bullish lean - ADX no trend, direction not confirmed",64.7147,Neutral,115.6098,91.0573,bullish accelerating,Overbought,1.5466,0.1347,full,65.37,Positive accelerating,66.95,Bullish,Bullish confirmed,None,Bullish - all 4 components agree incl. MACD acceleration,Upper Half,No Trend,Bullish,No,Yes,Near Upper,62.54,High,Stable,2.56,No,"High volatility, stable",Vol expanding,Normal,Rising,Weak Up,0.1644,Accumulation,49.7783,Neutral,2 - Advancing,late,84.0,196.0,3 - Topping,53.0,,,,,,"2 - Advancing, but trend score 59 does not confirm long - no directional edge","2 - Advancing, trend 79 but ADX shows no trend, this is a range - wait for alignment"
2024-05-22,21255.19921875,21261.75,21103.19921875,21237.75,29683000,20527.1704,18962.9734,No,88.05,Strong Bull,Uptrend,Hold,Uptrend (HH+HL),Bullish,80.64,Strong Bull,Bullish confirmed,"Range with bullish lean - ADX no trend, direction not confirmed",65.7623,Neutral,139.6058,100.767,bullish accelerating,Overbought,2.9158,0.7876,full,64.71,Positive fading,69.93,Bullish,Bullish confirmed,None,Bullish - all 4 components agree incl. MACD acceleration,Upper Half,No Trend,Bullish,No,No,Breakout Up,58.33,Normal,Stable,-5.48,No,"Normal volatility, stable",Vol contracting,Normal,Rising,Weak Up,0.1655,Accumulation,48.9149,Neutral,2 - Advancing,late,84.0,197.0,3 - Topping,53.0,,,,,,"2 - Advancing, trend 64 but components disagree - wait for alignment","2 - Advancing, trend 74 but ADX shows no trend, this is a range - wait for alignment"
2024-05-23,21280.05078125,21505.25,21249.150390625,21489.55078125,34296400,20564.9108,18988.1135,No,90.61,Strong Bull,Uptrend,Hold,Uptrend (HH+HL),Bullish,82.9,Strong Bull,Bullish confirmed,"Range with bullish lean - ADX no trend, direction not confirmed",70.5026,Neutral,176.9018,115.9939,bullish accelerating,Overbought,3.7897,1.2023,full,65.73,Positive accelerating,74.49,Strong Bullish,Bullish confirmed,None,Strong Bullish but overbought on RSI and Stochastic - stretched,Above Upper,No Trend,Bullish,Yes,No,Breakout Up,64.25,High,Stable,-0.12,No,"High volatility, stable",Vol contracting,Normal,Rising,Weak Up,0.216,Accumulation,49.1677,Neutral,2 - Advancing,late,84.0,198.0,3 - Topping,53.0,,,,,,"2 - Advancing, trend 65 but components disagree - wait for alignment","2 - Advancing, trend 74 but ADX shows no trend, this is a range - wait for alignment"
2024-05-24,21483.0,21567.44921875,21444.94921875,21483.75,52358500,20600.9437,19012.9457,No,92.03,Strong Bull,Uptrend,Hold,Uptrend (HH+HL),Bullish,82.44,Strong Bull,Bullish confirmed,"Range with bullish lean - ADX no trend, direction not confirmed",70.2612,Neutral,203.6436,133.5239,bullish accelerating,Overbought,5.5982,2.0451,full,64.44,Positive fading,74.68,Strong Bullish,Bullish confirmed,None,Strong Bullish but overbought on RSI and Stochastic - stretched,At Upper,No Trend,Bullish,Yes,No,Near Upper,70.08,High,Stable,1.63,No,"High volatility, stable",Vol contracting,Normal,Rising,Confirmed Down,0.2029,Accumulation,60.4725,Neutral,2 - Advancing,late,84.0,199.0,3 - Topping,53.0,,,,,,"2 - Advancing, trend 69 but components disagree - wait for alignment","2 - Advancing, but trend score 60 does not confirm long - no directional edge"
2024-05-27,21573.80078125,21613.599609375,21439.150390625,21493.0,35971800,20635.9263,19037.6228,No,91.86,Strong Bull,Uptrend,Hold,Uptrend (HH+HL),Bullish,82.93,Strong Bull,Bullish confirmed,"Range with bullish lean - ADX no trend, direction not confirmed",70.435,Neutral,223.0123,151.4216,bullish accelerating,Overbought,5.0022,1.7496,full,63.17,Positive fading,74.17,Strong Bullish,Bullish confirmed,None,Strong Bullish but overbought on RSI and Stochastic - stretched,Upper Half,No Trend,Bullish,Yes,No,Near Upper,71.87,High,Stable,3.81,No,"High volatility, stable",Vol contracting,Normal,Rising,Confirmed Up,0.0842,Accumulation,68.2969,Neutral,2 - Advancing,late,84.0,200.0,3 - Topping,53.0,,,,,,"2 - Advancing, trend 71 but components disagree - wait for alignment","2 - Advancing, trend 62 but components disagree - wait for alignment"
2024-05-28,21542.5,21558.150390625,21345.349609375,21387.349609375,28460800,20665.3939,19061.0032,No,90.98,Strong Bull,Uptrend,Hold,Uptrend (HH+HL),Bullish,81.96,Strong Bull,Bullish confirmed,"Range with bullish lean - ADX no trend, direction not confirmed",65.7114,Neutral,227.2179,166.5808,bullish fading,Overbought,4.2726,1.3975,full,61.0,Positive fading,70.56,Strong Bullish,Bullish confirmed,None,Strong Bullish - all 4 components agree incl. MACD acceleration,Upper Half,No Trend,Bullish,Yes,No,Inside,72.98,High,Stable,3.57,No,"High volatility, stable",Vol contracting,Normal,Falling,Weak Down,0.1253,Accumulation,69.5899,Neutral,2 - Advancing,late,84.0,201.0,3 - Topping,53.0,,,,,,"2 - Advancing, trend 80 but ADX shows no trend, this is a range - wait for alignment","2 - Advancing, but trend score 59 does not confirm long - no directional edge"
2024-05-29,21288.349609375,21356.150390625,21243.19921875,21256.30078125,25281000,20688.5667,19082.847,No,90.03,Strong Bull,Uptrend,Hold,Uptrend (HH+HL),Bullish,80.32,Strong Bull,Bullish confirmed,"Range with bullish lean - ADX no trend, direction not confirmed",60.3088,Neutral,217.4694,176.7585,bullish fading,Overbought,2.7679,0.6889,full,61.21,Positive accelerating,66.13,Bullish,Bullish confirmed,None,Bullish - all 4 components agree incl. MACD acceleration,Upper Half,No Trend,Bullish,Yes,No,Inside,72.3,High,Stable,4.33,No,"High volatility, stable",Vol contracting,Normal,Falling,Weak Down,0.0393,Neutral,69.7488,Neutral,2 - Advancing,late,84.0,202.0,3 - Topping,53.0,,,,,,"2 - Advancing, trend 81 but ADX shows no trend, this is a range - wait for alignment","2 - Advancing, trend 64 but components disagree - wait for alignment"
2024-05-30,21201.80078125,21262.849609375,20983.94921875,21038.55078125,35289300,20702.2916,19102.3067,No,87.18,Strong Bull,Uptrend,Hold,Uptrend (HH+HL),Bullish,76.38,Strong Bull,Bullish confirmed,"Range with bullish lean - ADX no trend, direction not confirmed",52.574,Neutral,189.983,179.4034,bullish fading,Neutral,1.4304,0.0618,full,57.44,Positive fading,57.34,Neutral,Bullish confirmed,Bearish divergence,Neutral - bearish divergence vs price over 21 bars,Upper Half,No Trend,Bullish,Yes,No,Inside,74.56,High,Stable,8.37,No,"High volatility, stable",Vol contracting,Normal,Falling,Confirmed Down,0.0469,Neutral,68.1364,Neutral,2 - Advancing,late,84.0,203.0,3 - Topping,53.0,,,,,,"2 - Advancing, trend 83 but ADX shows no trend, this is a range - wait for alignment","2 - Advancing, trend 65 but components disagree - wait for alignment"
2024-05-31,21129.349609375,21177.25,21003.0,21103.30078125,64228200,20718.0174,19122.2171,No,84.82,Strong Bull,Uptrend,Hold,Uptrend (HH+HL),Bullish,75.49,Strong Bull,Bullish confirmed,"Range with bullish lean - ADX no trend, direction not confirmed",54.4449,Neutral,171.4483,177.8124,Bearish crossover,Neutral,0.8326,-0.2204,full,57.78,Positive accelerating,54.69,Neutral,Bullish majority,Bearish divergence,Neutral - bearish divergence vs price over 21 bars,Upper Half,No Trend,Bullish,No,No,Inside,73.1,High,Stable,6.51,No,"High volatility, stable",Vol contracting,Normal,Falling,Confirmed Up,0.0459,Neutral,61.9226,Neutral,2 - Advancing,late,84.0,204.0,3 - Topping,53.0,,,,,,"2 - Advancing, trend 82 but ADX shows no trend, this is a range - wait for alignment","2 - Advancing, trend 69 but components disagree - wait for alignment"
2024-06-03,21926.599609375,21926.599609375,21629.30078125,21797.400390625,52059200,20760.3461,19148.8358,No,90.13,Strong Bull,Uptrend,Hold,Uptrend (HH+HL),Bullish,84.24,Strong Bull,Bullish confirmed,"Range with bullish lean - ADX no trend, direction not confirmed",68.6999,Neutral,210.3428,184.3185,Bullish crossover,Neutral,3.4791,1.0131,full,65.22,Positive accelerating,66.52,Bullish,Bullish confirmed,Bearish divergence,Bullish - bearish divergence vs price over 21 bars,At Upper,No Trend,Bullish,No,Yes,Breakout Up,86.9,Very High,Expanding,23.25,No,Very High volatility and still expanding - move may be extended,Vol expanding,Normal,Falling,Confirmed Up,0.0749,Accumulation,68.9556,Neutral,2 - Advancing,late,84.0,205.0,3 - Topping,53.0,,,,,,"2 - Advancing, trend 83 but ADX shows no trend, this is a range - wait for alignment","2 - Advancing, trend 71 but components disagree - wait for alignment"
2024-06-04,21753.349609375,21753.349609375,19624.25,20323.849609375,92929300,20743.2286,19160.5275,No,74.77,Bull,Downtrend,Sell,Uptrend (HH+HL),Bullish,53.61,Neutral,Mixed,"No clear trend - ADX no trend, price ranging",40.0486,Oversold,120.8704,171.6289,Bearish crossover,Neutral,-4.0769,-2.4825,full,50.31,Positive fading,41.79,Bearish,Mixed,None,"Bearish - components mixed, low conviction",Lower Half,No Trend,Bearish,No,Yes,Near Lower,96.11,Very High,Expanding,33.57,Partial,Very High volatility and still expanding - move may be extended,Extreme vol - reduce size,High,Rising,Confirmed Down,0.0462,Neutral,56.4021,Neutral,2 - Advancing,late,84.0,206.0,3 - Topping,53.0,,,,,,"2 - Advancing, trend 82 but ADX shows no trend, this is a range - wait for alignment","2 - Advancing, trend 80 but ADX shows no trend, this is a range - wait for alignment"
2024-06-05,20570.75,21092.150390625,20116.599609375,21054.400390625,55213500,20755.4315,19179.372,No,79.27,Bull,Downtrend,Hold,Uptrend (HH+HL),Bullish,57.61,Neutral,Mixed,"No clear trend - ADX emerging, price ranging",50.9667,Neutral,107.671,158.8373,bullish accelerating,Neutral,-0.8633,-0.9925,full,60.33,Positive accelerating,47.97,Neutral,Bullish majority,Bearish divergence,Neutral - bearish divergence vs price over 21 bars,Upper Half,Emerging,Bearish,Yes,Yes,Inside,97.02,Very High,Expanding,38.69,Partial,Very High volatility and still expanding - move may be extended,Extreme vol - reduce size,Normal,Rising,Confirmed Up,0.1404,Accumulation,58.8241,Neutral,2 - Advancing,late,84.0,207.0,3 - Topping,53.0,,,,,,"2 - Advancing, trend 80 but ADX shows no trend, this is a range - wait for alignment","2 - Advancing, trend 81 but ADX shows no trend, this is a range - wait for alignment"
2024-06-06,21253.69921875,21462.80078125,21193.19921875,21365.0,38366900,20779.3361,19201.1196,No,82.82,Strong Bull,Downtrend,Hold,Uptrend (HH+HL),Bullish,61.83,Bull,Mixed,"Range with bullish lean - ADX emerging, direction not confirmed",54.7407,Neutral,120.8798,151.2458,bullish fading,Neutral,-0.5796,-0.8591,full,62.69,Positive accelerating,51.68,Neutral,Bullish majority,Bearish divergence,Neutral - bearish divergence vs price over 21 bars,Upper Half,Emerging,Bearish,Yes,Yes,Inside,96.67,Very High,Expanding,32.42,Partial,Very High volatility and still expanding - move may be extended,Extreme vol - reduce size,Normal,Rising,Confirmed Up,0.1345,Accumulation,59.8002,Neutral,2 - Advancing,late,84.0,208.0,3 - Topping,53.0,,,,,,"2 - Advancing, trend 76 but ADX shows no trend, this is a range - wait for alignment","2 - Advancing, trend 83 but ADX shows no trend, this is a range - wait for alignment"
2024-06-07,21390.19921875,21781.349609375,21333.5,21764.150390625,37282200,20817.9563,19226.6224,No,88.73,Strong Bull,Downtrend,Hold,Uptrend (HH+HL),Bullish,68.11,Bull,Mixed,"Range with bullish lean - ADX no trend, direction not confirmed",59.0975,Neutral,161.6921,153.335,Bullish crossover,Neutral,1.3052,0.0078,full,63.9,Positive accelerating,61.39,Bullish,Bullish confirmed,None,Bullish - all 4 components agree incl. MACD acceleration,Upper Half,No Trend,Bearish,Yes,Yes,Near Upper,96.07,Very High,Expanding,25.99,Partial,Very High volatility and still expanding - move may be extended,Extreme vol - reduce size,Normal,Rising,Weak Up,0.2079,Accumulation,60.5503,Neutral,2 - Advancing,late,84.0,209.0,3 - Topping,53.0,,,,,,"2 - Advancing, trend 75 but ADX shows no trend, this is a range - wait for alignment","2 - Advancing, trend 82 but ADX shows no trend, this is a range - wait for alignment"
2024-06-10,21844.30078125,21930.5,21758.30078125,21808.25,37085600,20856.7913,19252.3102,No,88.63,Strong Bull,Downtrend,Hold,Uptrend (HH+HL),Bullish,69.09,Bull,Mixed,"Range with bullish lean - ADX no trend, direction not confirmed",59.5607,Neutral,195.3428,161.7366,bullish accelerating,Overbought,1.4668,0.0822,full,63.47,Positive fading,66.17,Bullish,Bullish confirmed,None,Bullish - all 4 components agree incl. MACD acceleration,Upper Half,No Trend,Bearish,No,Yes,Near Upper,95.48,Very High,Expanding,23.61,Partial,Very High volatility and still expanding - move may be extended,Extreme vol - reduce size,Normal,Rising,Weak Up,0.1591,Accumulation,60.7311,Neutral,2 - Advancing,late,84.0,210.0,3 - Topping,53.0,,,,,,"2 - Advancing, trend 84 but ADX shows no trend, this is a range - wait for alignment","2 - Advancing, trend 83 but ADX shows no trend, this is a range - wait for alignment"
2024-06-11,21856.349609375,21961.44921875,21782.349609375,21852.0,44745100,20895.8191,19278.1777,No,92.6,Strong Bull,Downtrend,Hold,Range,Bearish,61.49,Bull,Mixed,"Range with bullish lean - ADX no trend, direction not confirmed",60.0441,Neutral,222.9712,173.9835,bullish accelerating,Overbought,2.1725,0.406,full,64.42,Positive accelerating,69.16,Bullish,Bullish confirmed,None,Bullish - all 4 components agree incl. MACD acceleration,Upper Half,No Trend,Bearish,No,Yes,Near Upper,94.96,Very High,Expanding,21.99,No,Very High volatility and still expanding - move may be extended,Extreme vol - reduce size,Normal,Rising,Confirmed Up,0.1173,Accumulation,61.7475,Neutral,2 - Advancing,late,84.0,211.0,3 - Topping,53.0,,,,,,"2 - Advancing, but trend score 54 does not confirm long - no directional edge","2 - Advancing, trend 82 but ADX shows no trend, this is a range - wait for alignment"
2024-06-12,21935.19921875,22023.900390625,21904.69921875,21960.94921875,35472600,20937.5889,19304.872,No,93.11,Strong Bull,Downtrend,Hold,Range,Bearish,63.33,Bull,Mixed,"Range with bullish lean - ADX no trend, direction not confirmed",61.2852,Neutral,250.7675,189.3403,bullish accelerating,Overbought,3.315,0.9285,full,65.52,Positive accelerating,71.23,Strong Bullish,Bullish confirmed,None,Strong Bullish - all 4 components agree incl. MACD acceleration,Upper Half,No Trend,Bearish,No,Yes,Near Upper,95.0,Very High,Expanding,22.7,No,Very High volatility and still expanding - move may be extended,Extreme vol - reduce size,Normal,Rising,Weak Up,0.0894,Accumulation,61.8738,Neutral,2 - Advancing,late,84.0,212.0,3 - Topping,53.0,,,,,,"2 - Advancing, but trend score 58 does not confirm long - no directional edge","2 - Advancing, trend 80 but ADX shows no trend, this is a range - wait for alignment"
2024-06-13,22120.75,22120.80078125,21992.150390625,22074.30078125,31190000,20982.1659,19332.4285,No,93.35,Strong Bull,Uptrend,Buy,Range,Bearish,76.93,Strong Bull,Bullish confirmed,"Range with bullish lean - ADX no trend, direction not confirmed",62.5873,Neutral,278.7298,207.2182,bullish accelerating,Overbought,4.9231,1.6547,full,66.05,Positive accelerating,72.73,Strong Bullish,Bullish confirmed,None,Strong Bullish - all 4 components agree incl. MACD acceleration,Upper Half,No Trend,Bullish,No,Yes,Breakout Up,95.16,Very High,Expanding,20.59,No,Very High volatility and still expanding - move may be extended,Extreme vol - reduce size,Normal,Rising,Weak Up,0.1009,Accumulation,60.5997,Neutral,2 - Advancing,late,84.0,213.0,3 - Topping,53.0,,,,,,"2 - Advancing, trend 62 but components disagree - wait for alignment","2 - Advancing, trend 76 but ADX shows no trend, this is a range - wait for alignment"
2024-06-14,22148.25,22229.400390625,22054.150390625,22214.30078125,34231400,21030.4849,19361.1038,No,93.72,Strong Bull,Uptrend,Hold,Range,Bearish,76.79,Strong Bull,Mixed,"Range with bullish lean - ADX no trend, direction not confirmed",64.1893,Neutral,308.6292,227.5004,bullish accelerating,Overbought,5.2646,1.7957,full,68.98,Positive accelerating,74.89,Strong Bullish,Bullish confirmed,None,Strong Bullish - all 4 components agree incl. MACD acceleration,Upper Half,No Trend,Bullish,No,Yes,Breakout Up,96.15,Very High,Expanding,23.06,No,Very High volatility and still expanding - move may be extended,Extreme vol - reduce size,Normal,Rising,Weak Up,0.1087,Accumulation,60.554,Neutral,2 - Advancing,late,84.0,214.0,3 - Topping,53.0,,,,,,"2 - Advancing, trend 68 but components disagree - wait for alignment","2 - Advancing, trend 75 but ADX shows no trend, this is a range - wait for alignment"
2024-06-18,22323.55078125,22338.150390625,22253.349609375,22329.599609375,32391200,21081.4305,19390.6411,No,93.93,Strong Bull,Uptrend,Hold,Range,Bearish,75.66,Strong Bull,Mixed,"Range with bullish lean - ADX no trend, direction not confirmed",65.4995,Neutral,337.7352,249.5473,bullish accelerating,Overbought,2.4416,0.5116,full,71.4,Positive accelerating,76.49,Strong Bullish,Bullish confirmed,None,Strong Bullish - all 4 components agree incl. MACD acceleration,Upper Half,No Trend,Bullish,No,Yes,Breakout Up,96.31,Very High,Stable,9.41,No,"Very High volatility, stable",Extreme vol - reduce size,Normal,Rising,Weak Up,0.1132,Accumulation,65.5149,Neutral,2 - Advancing,late,84.0,215.0,3 - Topping,53.0,,,,,,"2 - Advancing, trend 69 but components disagree - wait for alignment","2 - Advancing, trend 84 but ADX shows no trend, this is a range - wait for alignment"
2024-06-19,22406.30078125,22406.30078125,22127.25,22224.900390625,52210600,21126.2725,19418.8427,No,92.91,Strong Bull,Uptrend,Hold,Range,Bearish,74.28,Bull,Mixed,"Range with bullish lean - ADX no trend, direction not confirmed",63.2369,Neutral,348.3381,269.3055,bullish fading,Overbought,9.3538,3.5528,full,76.25,Positive accelerating,76.43,Strong Bullish,Bullish confirmed,None,Strong Bullish - all 4 components agree incl. MACD acceleration,Upper Half,No Trend,Bullish,No,No,Near Upper,96.35,Very High,Stable,0.24,No,"Very High volatility, stable",Extreme vol - reduce size,Normal,Rising,Confirmed Down,0.0706,Accumulation,62.5568,Neutral,2 - Advancing,late,84.0,216.0,3 - Topping,53.0,,,,,,"2 - Advancing, trend 61 but components disagree - wait for alignment","2 - Advancing, but trend score 54 does not confirm long - no directional edge"
2024-06-20,22293.55078125,22333.599609375,22182.19921875,22305.099609375,34702700,21172.501,19447.5617,No,93.04,Strong Bull,Uptrend,Hold,Range,Bearish,74.75,Bull,Mixed,"Range with bullish lean - ADX no trend, direction not confirmed",64.2555,Neutral,359.0732,287.259,bullish fading,Overbought,5.9403,2.0157,full,73.99,Positive fading,75.34,Strong Bullish,Bullish confirmed,None,Strong Bullish - all 4 components agree incl. MACD acceleration,Upper Half,No Trend,Bullish,No,No,Near Upper,96.27,Very High,Stable,-0.76,No,"Very High volatility, stable",Extreme vol - reduce size,Normal,Rising,Weak Up,0.0713,Accumulation,68.0118,Neutral,2 - Advancing,late,84.0,217.0,3 - Topping,53.0,,,,,,"2 - Advancing, trend 63 but components disagree - wait for alignment","2 - Advancing, but trend score 58 does not confirm long - no directional edge"
2024-06-21,22392.599609375,22393.30078125,22186.19921875,22236.19921875,48207200,21214.2147,19475.3093,No,92.31,Strong Bull,Uptrend,Hold,Range,Bearish,73.17,Bull,Mixed,"Range with bullish lean - ADX no trend, direction not confirmed",62.6495,Neutral,357.8956,301.3864,bullish fading,Overbought,4.0777,1.1924,full,74.32,Positive accelerating,73.33,Strong Bullish,Bullish confirmed,None,Strong Bullish - all 4 components agree incl. MACD acceleration,Upper Half,No Trend,Bullish,No,No,Near Upper,96.03,Very High,Stable,-0.63,No,"Very High volatility, stable",Extreme vol - reduce size,Normal,Rising,Confirmed Down,0.0067,Neutral,69.422,Neutral,2 - Advancing,late,84.0,218.0,3 - Topping,53.0,,,,,,"2 - Advancing, trend 77 but ADX shows no trend, this is a range - wait for alignment","2 - Advancing, trend 62 but components disagree - wait for alignment"
2024-06-24,22150.650390625,22309.099609375,22073.650390625,22289.099609375,32202800,21256.367,19503.3072,No,92.35,Strong Bull,Uptrend,Hold,Range,Bearish,73.7,Bull,Mixed,"Range with bullish lean - ADX no trend, direction not confirmed",63.4058,Neutral,357.1144,312.532,bullish fading,Overbought,2.412,0.4603,full,74.65,Positive accelerating,72.46,Strong Bullish,Bullish confirmed,Bearish divergence,Strong Bullish - bearish divergence vs price over 21 bars,Upper Half,No Trend,Bullish,No,No,Near Upper,95.83,Very High,Stable,-0.24,No,"Very High volatility, stable",Extreme vol - reduce size,Normal,Rising,Weak Up,0.0611,Accumulation,63.0033,Neutral,2 - Advancing,late,84.0,219.0,3 - Topping,53.0,,,,,,"2 - Advancing, trend 77 but components disagree - wait for alignment","2 - Advancing, trend 68 but components disagree - wait for alignment"
2024-06-25,22349.75,22391.75,22287.099609375,22370.650390625,26474200,21300.0644,19531.838,No,92.53,Strong Bull,Uptrend,Hold,Range,Bearish,73.26,Bull,Mixed,"Range with bullish lean - ADX no trend, direction not confirmed",64.5958,Neutral,358.9381,321.8132,bullish fading,Overbought,2.5788,0.5309,full,78.15,Positive accelerating,73.05,Strong Bullish,Bullish confirmed,Bearish divergence,Strong Bullish - bearish divergence vs price over 21 bars,Upper Half,No Trend,Bullish,No,No,Near Upper,94.01,Very High,Stable,-1.47,No,"Very High volatility, stable",Extreme vol - reduce size,Normal,Rising,Weak Up,0.0971,Accumulation,75.0395,Neutral,2 - Advancing,late,84.0,220.0,3 - Topping,53.0,,,,,,"2 - Advancing, trend 76 but components disagree - wait for alignment","2 - Advancing, trend 69 but components disagree - wait for alignment"
2024-06-26,22379.5,22464.849609375,22309.5,22436.80078125,38300800,21344.6423,19560.7431,No,92.61,Strong Bull,Uptrend,Hold,Range,Bearish,73.08,Bull,Mixed,"Range with bullish lean - ADX no trend, direction not confirmed",65.5738,Neutral,361.5534,329.7612,bullish fading,Overbought,2.6762,0.5704,full,78.57,Positive accelerating,72.94,Strong Bullish,Bullish confirmed,Bearish divergence,Strong Bullish - bearish divergence vs price over 21 bars,Upper Half,No Trend,Bullish,No,No,Breakout Up,91.82,Very High,Stable,-3.14,No,"Very High volatility, stable",Vol contracting,Normal,Rising,Weak Up,0.1451,Accumulation,74.4166,Neutral,2 - Advancing,late,84.0,221.0,3 - Topping,53.0,,,,,,"2 - Advancing, trend 74 but components disagree - wait for alignment","2 - Advancing, trend 61 but components disagree - wait for alignment"
2024-06-27,22459.900390625,22571.650390625,22395.900390625,22537.400390625,42989900,21391.4171,19590.3616,No,92.87,Strong Bull,Uptrend,Hold,Range,Bearish,72.9,Bull,Mixed,"Range with bullish lean - ADX no trend, direction not confirmed",67.0639,Neutral,367.5072,337.3104,bullish fading,Overbought,2.6249,0.5457,full,76.54,Positive fading,72.62,Strong Bullish,Bullish confirmed,None,Strong Bullish - all 4 components agree incl. MACD acceleration,Upper Half,No Trend,Bullish,No,No,Breakout Up,90.08,Very High,Stable,-4.92,No,"Very High volatility, stable",Vol contracting,Normal,Rising,Weak Up,0.1949,Accumulation,74.742,Neutral,2 - Advancing,late,84.0,222.0,3 - Topping,53.0,,,,,,"2 - Advancing, trend 75 but components disagree - wait for alignment","2 - Advancing, trend 63 but components disagree - wait for alignment"
2024-06-28,22592.25,22673.650390625,22537.69921875,22559.69921875,43007900,21437.2321,19619.9072,No,92.67,Strong Bull,Uptrend,Hold,Range,Bearish,71.49,Bull,Mixed,"Range with bullish lean - ADX no trend, direction not confirmed",67.4007,Neutral,369.7626,343.8009,bullish fading,Overbought,2.1989,0.3585,full,75.66,Positive fading,71.46,Strong Bullish,Bullish confirmed,None,Strong Bullish - all 4 components agree incl. MACD acceleration,Upper Half,No Trend,Bullish,No,No,Near Upper,86.75,Very High,Stable,-8.41,No,"Very High volatility, stable",Vol contracting,Normal,Rising,Weak Up,0.1844,Accumulation,75.0943,Neutral,2 - Advancing,late,84.0,223.0,3 - Topping,53.0,,,,,,"2 - Advancing, trend 73 but components disagree - wait for alignment","2 - Advancing, trend 77 but ADX shows no trend, this is a range - wait for alignment"
2024-07-01,22580.400390625,22739.69921875,22570.400390625,22727.599609375,0,21487.8348,19650.8295,No,93.28,Strong Bull,Uptrend,Hold,Range,Bearish,72.62,Bull,Mixed,"Range with bullish lean - ADX no trend, direction not confirmed",69.8969,Neutral,380.7096,351.1826,bullish accelerating,Overbought,2.3107,0.4067,full,77.22,Positive accelerating,73.16,Strong Bullish,Bullish confirmed,None,Strong Bullish - all 4 components agree incl. MACD acceleration,Upper Half,No Trend,Bullish,Yes,No,Breakout Up,84.72,Very High,Stable,-11.43,No,"Very High volatility, stable",Vol contracting,Dry-up,Rising,Weak Up,0.1871,Accumulation,73.2677,Neutral,2 - Advancing,late,84.0,224.0,3 - Topping,53.0,,,,,,"2 - Advancing, trend 74 but components disagree - wait for alignment","2 - Advancing, trend 77 but components disagree - wait for alignment"
2024-07-02,22806.30078125,22810.650390625,22592.19921875,22677.80078125,0,21534.5001,19680.9487,No,92.64,Strong Bull,Uptrend,Hold,Range,Bearish,71.41,Bull,Mixed,"Range with bullish lean - ADX no trend, direction not confirmed",68.2282,Neutral,380.9751,357.1411,bullish fading,Overbought,1.5594,0.0786,full,75.79,Positive fading,71.0,Strong Bullish,Bullish confirmed,None,Strong Bullish - all 4 components agree incl. MACD acceleration,Upper Half,No Trend,Bullish,Yes,No,Near Upper,83.85,Very High,Stable,-12.46,No,"Very High volatility, stable",Vol contracting,Dry-up,Falling,Weak Down,0.1909,Accumulation,70.6682,Neutral,2 - Advancing,late,84.0,225.0,3 - Topping,53.0,,,,,,"2 - Advancing, trend 73 but components disagree - wait for alignment","2 - Advancing, trend 76 but components disagree - wait for alignment"
2024-07-03,22820.55078125,22871.650390625,22764.099609375,22851.19921875,0,21586.1354,19712.4934,No,93.29,Strong Bull,Uptrend,Hold,Range,Bearish,72.02,Bull,Mixed,"Range with bullish lean - ADX no trend, direction not confirmed",70.8389,Neutral,390.674,363.8477,bullish accelerating,Overbought,2.818,0.6285,full,75.63,Positive fading,72.52,Strong Bullish,Bullish confirmed,None,Strong Bullish but overbought on RSI and Stochastic - stretched,Upper Half,No Trend,Bullish,Yes,No,Breakout Up,79.56,High,Stable,-16.79,No,"High volatility, stable",Vol contracting,Dry-up,Falling,Weak Up,0.2656,Accumulation,68.2063,Neutral,2 - Advancing,late,84.0,226.0,3 - Topping,53.0,,,,,,"2 - Advancing, trend 73 but components disagree - wait for alignment","2 - Advancing, trend 74 but components disagree - wait for alignment"
2024-07-04,22937.599609375,22962.80078125,22866.69921875,22914.19921875,30704400,21638.2163,19744.3512,No,93.26,Strong Bull,Uptrend,Hold,Range,Bearish,71.31,Bull,Mixed,"Range with bullish lean - ADX no trend, direction not confirmed",71.7472,Neutral,398.8463,370.8474,bullish accelerating,Overbought,2.7308,0.5887,full,73.63,Positive fading,72.17,Strong Bullish,Bullish confirmed,None,Strong Bullish but overbought on RSI and Stochastic - stretched,Upper Half,No Trend,Bullish,Yes,No,Breakout Up,72.46,High,Contracting,-23.81,No,"High volatility, contracting - move losing energy",Vol contracting,Normal,Falling,Weak Up,0.1956,Accumulation,68.2591,Neutral,2 - Advancing,late,84.0,227.0,3 - Topping,53.0,,,,,,"2 - Advancing, trend 73 but components disagree - wait for alignment","2 - Advancing, trend 75 but components disagree - wait for alignment"
2024-07-05,22878.5,23011.80078125,22838.19921875,22987.650390625,41259000,21691.1353,19776.6228,No,93.3,Strong Bull,Uptrend,Hold,Range,Bearish,71.8,Bull,Bullish confirmed,"Range with bullish lean - ADX no trend, direction not confirmed",72.8106,Neutral,406.5632,377.9906,bullish accelerating,Overbought,3.3794,0.8682,full,73.51,Positive fading,73.0,Strong Bullish,Bullish confirmed,None,Strong Bullish but overbought on RSI and Stochastic - stretched,Upper Half,No Trend,Bullish,Yes,No,Breakout Up,65.24,High,Contracting,-30.79,No,"High volatility, contracting - move losing energy",Vol contracting,Normal,Falling,Confirmed Up,0.2247,Accumulation,68.8881,Neutral,2 - Advancing,late,84.0,228.0,3 - Topping,53.0,,,,,,"2 - Advancing, trend 71 but components disagree - wait for alignment","2 - Advancing, trend 73 but components disagree - wait for alignment"
2024-07-08,23029.349609375,23040.75,22897.94921875,22971.150390625,37034300,21741.3319,19808.4092,No,92.85,Strong Bull,Uptrend,Hold,Range,Bearish,71.5,Bull,Bullish confirmed,"Range with bullish lean - ADX no trend, direction not confirmed",72.1536,Neutral,406.6597,383.7244,bullish fading,Overbought,3.06,0.7248,full,72.96,Positive fading,71.69,Strong Bullish,Bullish confirmed,None,Strong Bullish but overbought on RSI and Stochastic - stretched,Upper Half,No Trend,Bullish,Yes,No,Near Upper,62.14,High,Contracting,-33.69,No,"High volatility, contracting - move losing energy",Vol contracting,Normal,Falling,Confirmed Down,0.1726,Accumulation,69.3027,Neutral,2 - Advancing,late,84.0,229.0,3 - Topping,53.0,,,,,,"2 - Advancing, trend 73 but components disagree - wait for alignment","2 - Advancing, trend 74 but components disagree - wait for alignment"
2024-07-09,23035.05078125,23082.349609375,22974.94921875,23067.349609375,32561800,21793.3326,19840.8365,No,93.06,Strong Bull,Uptrend,Hold,Range,Bearish,72.31,Bull,Bullish confirmed,"Range with bullish lean - ADX no trend, direction not confirmed",73.6466,Neutral,409.7751,388.9345,bullish fading,Overbought,3.1143,0.7439,full,73.25,Positive accelerating,72.08,Strong Bullish,Bullish confirmed,None,Strong Bullish but overbought on RSI and Stochastic - stretched,Upper Half,No Trend,Bullish,Yes,No,Breakout Up,53.61,Normal,Contracting,-40.4,No,"Normal volatility, contracting - move losing energy",Vol contracting,Normal,Falling,Confirmed Up,0.2351,Accumulation,80.5554,Overbought,2 - Advancing,late,84.0,230.0,3 - Topping,53.0,,,,,,"2 - Advancing, trend 71 but components disagree - wait for alignment","2 - Advancing, trend 73 but components disagree - wait for alignment"
2024-07-10,23124.150390625,23125.30078125,22685.650390625,22977.650390625,32958800,21839.7765,19872.0485,No,92.25,Strong Bull,Uptrend,Hold,Range,Bearish,70.93,Bull,Bullish confirmed,"Range with bullish lean - ADX no trend, direction not confirmed",69.8841,Neutral,400.3906,391.2258,bullish fading,Overbought,2.4105,0.4338,full,71.84,Positive fading,68.44,Bullish,Bullish confirmed,None,Bullish - all 4 components agree incl. MACD acceleration,Upper Half,No Trend,Bullish,Yes,No,Near Upper,58.69,Normal,Contracting,-33.13,No,"Normal volatility, contracting - move losing energy",Vol contracting,Normal,Falling,Confirmed Down,0.2727,Accumulation,72.291,Neutral,2 - Advancing,late,84.0,231.0,3 - Topping,53.0,,,,,,"2 - Advancing, trend 72 but components disagree - wait for alignment","2 - Advancing, trend 73 but components disagree - wait for alignment"
2024-07-11,23059.94921875,23063.099609375,22904.30078125,23005.25,33766300,21885.4813,19903.2247,No,92.17,Strong Bull,Uptrend,Hold,Range,Bearish,70.91,Bull,Bullish confirmed,"Range with bullish lean - ADX no trend, direction not confirmed",70.3854,Neutral,390.677,391.116,Bearish crossover,Overbought,2.0759,0.2854,full,71.0,Positive fading,66.81,Bullish,Bullish majority,Bearish divergence,"Bullish but overbought on RSI and Stochastic - stretched, bearish divergence",Upper Half,No Trend,Bullish,Yes,No,Near Upper,51.75,Normal,Contracting,-38.33,No,"Normal volatility, contracting - move losing energy",Vol contracting,Normal,Falling,Confirmed Up,0.2913,Accumulation,83.4444,Overbought,2 - Advancing,late,84.0,232.0,3 - Topping,53.0,,,,,,"2 - Advancing, trend 71 but components disagree - wait for alignment","2 - Advancing, trend 73 but components disagree - wait for alignment"
2024-07-12,23086.25,23189.400390625,23021.400390625,23095.44921875,35369700,21932.931,19934.9881,No,92.42,Strong Bull,Uptrend,Hold,Range,Bearish,71.57,Bull,Bullish confirmed,"Range with bullish lean - ADX no trend, direction not confirmed",72.0245,Neutral,385.8097,390.0547,bullish accelerating,Overbought,2.3748,0.4137,full,72.17,Positive accelerating,66.75,Bullish,Bullish majority,Bearish divergence,"Bullish but overbought on RSI and Stochastic - stretched, bearish divergence",Upper Half,No Trend,Bullish,Yes,No,Near Upper,46.9,Normal,Contracting,-39.84,No,"Normal volatility, contracting - move losing energy",Vol contracting,Normal,Falling,Confirmed Up,0.2689,Accumulation,91.5928,Overbought,2 - Advancing,late,84.0,233.0,3 - Topping,53.0,,,,,,"2 - Advancing, trend 72 but ADX shows no trend, this is a range - wait for alignment","2 - Advancing, trend 71 but components disagree - wait for alignment"
2024-07-15,23188.80078125,23234.30078125,23081.30078125,23209.849609375,34314300,21983.0063,19967.5738,No,92.77,Strong Bull,Uptrend,Hold,Range,Bearish,72.23,Bull,Bullish confirmed,"Range with bullish lean - ADX no trend, direction not confirmed",73.9907,Neutral,386.7256,389.3889,bullish fading,Overbought,2.1219,0.3038,full,71.94,Positive fading,67.95,Bullish,Bullish majority,Bearish divergence,"Bullish but overbought on RSI and Stochastic - stretched, bearish divergence",Upper Half,No Trend,Bullish,Yes,No,Breakout Up,46.29,Normal,Contracting,-38.43,No,"Normal volatility, contracting - move losing energy",Vol contracting,Normal,Falling,Confirmed Up,0.261,Accumulation,91.779,Overbought,2 - Advancing,late,84.0,234.0,3 - Topping,53.0,,,,,,"2 - Advancing, trend 72 but ADX shows no trend, this is a range - wait for alignment","2 - Advancing, trend 73 but components disagree - wait for alignment"
2024-07-16,23258.19921875,23288.05078125,23181.349609375,23204.25,34335200,22030.8982,19999.7795,No,92.06,Strong Bull,Uptrend,Hold,Range,Bearish,71.17,Bull,Bullish confirmed,"Range with bullish lean - ADX no trend, direction not confirmed",73.7176,Neutral,382.5894,388.029,bullish accelerating,Overbought,2.3214,0.3905,full,73.7,Positive accelerating,68.1,Bullish,Bullish majority,Bearish divergence,"Bullish but overbought on RSI and Stochastic - stretched, bearish divergence",Upper Half,No Trend,Bullish,No,No,Near Upper,46.87,Normal,Contracting,-36.98,No,"Normal volatility, contracting - move losing energy",Vol contracting,Normal,Falling,Confirmed Down,0.1881,Accumulation,91.7244,Overbought,2 - Advancing,late,84.0,235.0,3 - Topping,53.0,,,,,,"2 - Advancing, trend 72 but ADX shows no trend, this is a range - wait for alignment","2 - Advancing, trend 71 but components disagree - wait for alignment"
2024-07-18,23167.650390625,23233.849609375,22993.55078125,23210.05078125,35622300,22077.1395,20031.7225,No,91.92,Strong Bull,Uptrend,Hold,Uptrend (HH+HL),Bearish,80.81,Strong Bull,Bullish confirmed,"Range with bullish lean - ADX no trend, direction not confirmed",73.8254,Neutral,375.4515,385.5135,bullish accelerating,Overbought,1.5704,0.0645,full,76.67,Positive accelerating,68.4,Bullish,Bullish majority,Bearish divergence,"Bullish but overbought on RSI and Stochastic - stretched, bearish divergence",Upper Half,No Trend,Bullish,No,No,Near Upper,46.83,Normal,Contracting,-32.74,No,"Normal volatility, contracting - move losing energy",Vol contracting,Normal,Falling,Confirmed Up,0.2652,Accumulation,82.4206,Overbought,2 - Advancing,late,84.0,236.0,3 - Topping,53.0,,,,,,"2 - Advancing, trend 71 but ADX shows no trend, this is a range - wait for alignment","2 - Advancing, trend 72 but components disagree - wait for alignment"
2024-07-19,23232.5,23232.5,22833.0,22853.599609375,30218600,22107.5889,20059.8009,No,88.12,Strong Bull,Uptrend,Hold,Uptrend (HH+HL),Bearish,74.95,Bull,Bullish majority,"Range with bullish lean - ADX no trend, direction not confirmed",58.0668,Neutral,337.1457,375.84,bullish accelerating,Neutral,-0.2645,-0.7312,full,73.8,Positive fading,56.89,Neutral,Bullish majority,Bearish divergence,Neutral - bearish divergence vs price over 21 bars,Upper Half,No Trend,Bearish,No,No,Inside,49.17,Normal,Contracting,-23.29,No,"Normal volatility, contracting - move losing energy",Vol contracting,Normal,Falling,Weak Down,0.1872,Accumulation,73.8923,Neutral,2 - Advancing,late,84.0,237.0,3 - Topping,53.0,,,,,,"2 - Advancing, trend 71 but ADX shows no trend, this is a range - wait for alignment","2 - Advancing, trend 71 but components disagree - wait for alignment"
2024-07-22,22761.5,23001.05078125,22667.75,22942.650390625,29609000,22140.3364,20088.486,No,87.24,Strong Bull,Uptrend,Hold,Uptrend (HH+HL),Bearish,75.63,Strong Bull,Bullish majority,"Range with bullish lean - ADX no trend, direction not confirmed",60.3442,Neutral,310.3956,362.7511,bullish accelerating,Neutral,-0.1958,-0.6959,full,75.76,Positive accelerating,55.15,Neutral,Bullish majority,Bearish divergence,Neutral - bearish divergence vs price over 21 bars,Upper Half,No Trend,Bearish,No,Yes,Inside,50.87,Normal,Stable,-14.37,No,"Normal volatility, stable",Normal vol,Normal,Falling,Confirmed Up,0.2678,Accumulation,68.5629,Neutral,2 - Advancing,late,84.0,238.0,3 - Topping,53.0,,,,,,"2 - Advancing, trend 72 but ADX shows no trend, this is a range - wait for alignment","2 - Advancing, trend 72 but ADX shows no trend, this is a range - wait for alignment"
2024-07-23,23022.80078125,23031.94921875,22307.19921875,22865.19921875,45631600,22168.7624,20116.115,No,84.82,Strong Bull,Uptrend,Hold,Uptrend (HH+HL),Bearish,73.54,Bull,Bullish majority,"Range with bullish lean - ADX no trend, direction not confirmed",57.4232,Neutral,279.7219,346.1452,bullish accelerating,Neutral,-0.4612,-0.8057,full,74.33,Positive fading,51.32,Neutral,Mixed,Bearish divergence,Neutral - bearish divergence vs price over 21 bars,Lower Half,No Trend,Bearish,No,Yes,Inside,58.45,Normal,Stable,-3.69,Partial,"Normal volatility, stable",Vol expanding,Normal,Falling,Confirmed Down,0.2584,Accumulation,61.7409,Neutral,2 - Advancing,late,84.0,239.0,3 - Topping,53.0,,,,,,"2 - Advancing, trend 72 but ADX shows no trend, this is a range - wait for alignment","2 - Advancing, trend 72 but ADX shows no trend, this is a range - wait for alignment"
2024-07-24,22856.849609375,22965.44921875,22816.75,22921.44921875,31512400,22198.2795,20144.0287,No,83.83,Strong Bull,Uptrend,Hold,Uptrend (HH+HL),Bullish,73.22,Bull,Bullish majority,"Range with bullish lean - ADX no trend, direction not confirmed",58.9763,Neutral,256.9892,328.314,bullish accelerating,Neutral,-0.6325,-0.8734,full,72.81,Positive fading,51.93,Neutral,Bullish majority,Bearish divergence,Neutral - bearish divergence vs price over 21 bars,Upper Half,No Trend,Bearish,No,Yes,Inside,48.81,Normal,Stable,-4.8,Confirmed,"Normal volatility, squeeze confirmed - expansion pending",Vol expanding,Normal,Falling,Confirmed Up,0.2515,Accumulation,64.2176,Neutral,2 - Advancing,late,84.0,240.0,3 - Topping,53.0,,,,,,"2 - Advancing, trend 71 but ADX shows no trend, this is a range - wait for alignment","2 - Advancing, trend 72 but ADX shows no trend, this is a range - wait for alignment"
2024-07-25,22753.19921875,22938.650390625,22732.19921875,22917.25,34439400,22226.4744,20171.623,No,82.69,Strong Bull,Uptrend,Hold,Uptrend (HH+HL),Bullish,72.18,Bull,Bullish majority,"Range with bullish lean - ADX no trend, direction not confirmed",58.8039,Neutral,235.9151,309.8342,bullish accelerating,Neutral,-0.2629,-0.7063,full,71.93,Positive fading,51.95,Neutral,Bullish majority,Bearish divergence,Neutral - bearish divergence vs price over 21 bars,Lower Half,No Trend,Bearish,Yes,Yes,Inside,44.25,Normal,Stable,-14.44,Confirmed,"Normal volatility, squeeze confirmed - expansion pending",Normal vol,Normal,Falling,Confirmed Down,0.2577,Accumulation,57.4743,Neutral,2 - Advancing,late,84.0,241.0,3 - Topping,53.0,,,,,,"2 - Advancing, trend 81 but ADX shows no trend, this is a range - wait for alignment","2 - Advancing, trend 71 but ADX shows no trend, this is a range - wait for alignment"
2024-07-26,22970.400390625,23306.75,22965.5,23292.05078125,34525200,22268.2617,20202.672,No,87.09,Strong Bull,Uptrend,Hold,Uptrend (HH+HL),Bullish,77.62,Strong Bull,Bullish majority,"Range with bullish lean - ADX no trend, direction not confirmed",67.8426,Neutral,246.6142,297.1902,bullish fading,Neutral,1.2467,-0.0449,full,74.71,Positive accelerating,59.23,Bullish,Bullish majority,Bearish divergence,Bullish - bearish divergence vs price over 21 bars,Upper Half,No Trend,Bearish,Yes,Yes,Breakout Up,46.03,Normal,Stable,-5.72,Confirmed,"Normal volatility, squeeze confirmed - expansion pending",Vol expanding,Normal,Falling,Confirmed Up,0.2703,Accumulation,56.9137,Neutral,2 - Advancing,late,84.0,242.0,3 - Topping,53.0,,,,,,"2 - Advancing, trend 75 but ADX shows no trend, this is a range - wait for alignment","2 - Advancing, trend 71 but ADX shows no trend, this is a range - wait for alignment"
2024-07-29,23423.150390625,23496.400390625,23326.05078125,23394.19921875,36107300,22312.4162,20234.4285,No,89.39,Strong Bull,Uptrend,Hold,Uptrend (HH+HL),Bullish,81.4,Strong Bull,Bullish confirmed,"Range with bullish lean - ADX no trend, direction not confirmed",69.7881,Neutral,260.3348,289.8191,bullish fading,Overbought,1.2935,-0.023,full,74.21,Positive fading,63.21,Bullish,Bullish majority,Bearish divergence,Bullish - bearish divergence vs price over 21 bars,Above Upper,No Trend,Bullish,Yes,Yes,Breakout Up,44.72,Normal,Stable,-2.18,Confirmed,"Normal volatility, squeeze confirmed - expansion pending",Normal vol,Normal,Falling,Confirmed Up,0.3105,Accumulation,56.892,Neutral,2 - Advancing,late,84.0,243.0,3 - Topping,53.0,,,,,,"2 - Advancing, trend 76 but ADX shows no trend, this is a range - wait for alignment","2 - Advancing, trend 72 but ADX shows no trend, this is a range - wait for alignment"
2024-07-30,23421.19921875,23530.0,23381.349609375,23440.900390625,29987100,22356.6704,20266.3337,No,91.53,Strong Bull,Uptrend,Hold,Range,Bearish,71.66,Bull,Bullish confirmed,"Range with bullish lean - ADX no trend, direction not confirmed",70.662,Neutral,271.8433,286.224,bullish fading,Overbought,0.9955,-0.1514,full,74.97,Positive accelerating,66.88,Bullish,Bullish majority,Bearish divergence,"Bullish but overbought on RSI and Stochastic - stretched, bearish divergence",Above Upper,No Trend,Bullish,No,Yes,Near Upper,45.87,Normal,Stable,-0.42,Confirmed,"Normal volatility, squeeze confirmed - expansion pending",Normal vol,Normal,Falling,Weak Up,0.2859,Accumulation,56.7082,Neutral,2 - Advancing,late,84.0,244.0,3 - Topping,53.0,,,,,,"2 - Advancing, trend 74 but ADX shows no trend, this is a range - wait for alignment","2 - Advancing, trend 72 but ADX shows no trend, this is a range - wait for alignment"
2024-07-31,23495.849609375,23556.0,23459.599609375,23530.80078125,32149100,22402.7148,20298.8159,No,92.63,Strong Bull,Uptrend,Hold,Range,Bearish,71.76,Bull,Mixed,"Range with bullish lean - ADX no trend, direction not confirmed",72.3218,Neutral,284.9335,285.9659,bullish fading,Overbought,1.4073,0.0297,full,74.19,Positive fading,68.95,Bullish,Bullish majority,Bearish divergence,"Bullish but overbought on RSI and Stochastic - stretched, bearish divergence",Above Upper,No Trend,Bullish,No,Yes,Breakout Up,43.18,Normal,Stable,-3.69,Confirmed,"Normal volatility, squeeze confirmed - expansion pending",Normal vol,Normal,Falling,Weak Up,0.2953,Accumulation,63.5588,Neutral,2 - Advancing,late,84.0,245.0,3 - Topping,53.0,,,,,,"2 - Advancing, trend 73 but ADX shows no trend, this is a range - wait for alignment","2 - Advancing, trend 71 but ADX shows no trend, this is a range - wait for alignment"
2024-08-01,23608.849609375,23637.75,23429.55078125,23506.599609375,29214900,22446.0044,20330.7342,No,92.19,Strong Bull,Uptrend,Hold,Range,Bearish,71.05,Bull,Mixed,"Range with bullish lean - ADX no trend, direction not confirmed",71.1548,Neutral,290.0117,286.775,Bullish crossover,Overbought,1.2777,-0.0259,full,73.9,Positive fading,69.06,Bullish,Bullish confirmed,Bearish divergence,"Bullish but overbought on RSI and Stochastic - stretched, bearish divergence",Upper Half,No Trend,Bullish,No,Yes,Near Upper,43.89,Normal,Stable,-2.94,No,"Normal volatility, stable",Normal vol,Normal,Falling,Weak Down,0.2715,Accumulation,63.2623,Neutral,2 - Advancing,late,84.0,246.0,3 - Topping,53.0,,,,,,"2 - Advancing, trend 72 but ADX shows no trend, this is a range - wait for alignment","2 - Advancing, trend 81 but ADX shows no trend, this is a range - wait for alignment"
2024-08-02,23296.099609375,23395.099609375,23225.650390625,23259.44921875,30923600,22477.9042,20359.8756,No,90.65,Strong Bull,Uptrend,Hold,Range,Bearish,68.25,Bull,Mixed,"Range with bullish lean - ADX no trend, direction not confirmed",60.4302,Neutral,270.9696,283.6139,Bearish crossover,Overbought,1.7759,0.1925,full,70.64,Positive fading,61.86,Bullish,Bullish majority,Bearish divergence,Bullish - bearish divergence vs price over 21 bars,Upper Half,No Trend,Bearish,No,Yes,Inside,48.33,Normal,Stable,-0.83,Partial,"Normal volatility, stable",Normal vol,Normal,Falling,Weak Down,0.2447,Accumulation,56.2941,Neutral,2 - Advancing,late,84.0,247.0,3 - Topping,53.0,,,,,,"2 - Advancing, trend 78 but ADX shows no trend, this is a range - wait for alignment","2 - Advancing, trend 75 but ADX shows no trend, this is a range - wait for alignment"
2024-08-05,22772.55078125,22868.349609375,22397.69921875,22542.44921875,40193400,22480.4353,20381.5928,No,82.06,Strong Bull,Downtrend,Sell,Range,Bearish,52.34,Neutral,Mixed,"No clear trend - ADX no trend, price ranging",41.0842,Oversold,195.7661,266.0444,bullish accelerating,Neutral,-1.7444,-1.3347,full,65.1,Positive fading,44.89,Neutral,Mixed,None,"Neutral - components mixed, low conviction",Below Lower,No Trend,Bearish,No,Yes,Inside,67.62,High,Stable,16.75,Partial,"High volatility, stable",Extreme vol - reduce size,Normal,Falling,Confirmed Down,0.1786,Accumulation,48.4571,Neutral,2 - Advancing,late,84.0,248.0,3 - Topping,53.0,,,,,,"2 - Advancing, trend 81 but ADX shows no trend, this is a range - wait for alignment","2 - Advancing, trend 76 but ADX shows no trend, this is a range - wait for alignment"
2024-08-06,22696.94921875,22910.75,22406.05078125,22443.30078125,27000600,22478.9791,20402.1073,No,76.1,Bull,Downtrend,Hold,Range,Bearish,48.72,Neutral,Mixed,"No clear trend - ADX no trend, price ranging",39.2147,Oversold,126.7057,238.1766,bullish accelerating,Neutral,-1.8452,-1.3671,full,65.13,Positive accelerating,38.82,Bearish,Bearish majority,None,"Bearish - majority agree, 1 dissenting",Below Lower,No Trend,Bearish,Yes,Yes,Near Lower,72.74,High,Stable,14.29,No,"High volatility, stable",Extreme vol - reduce size,Normal,Falling,Weak Down,0.1455,Accumulation,41.8989,Neutral,2 - Advancing,late,84.0,249.0,3 - Topping,53.0,,,,,,"2 - Advancing, trend 72 but ADX shows no trend, this is a range - wait for alignment","2 - Advancing, trend 74 but ADX shows no trend, this is a range - wait for alignment"
2024-08-07,22773.44921875,22870.849609375,22650.80078125,22848.900390625,24591600,22493.4858,20426.4535,No,76.7,Bull,Downtrend,Hold,Range,Bearish,51.87,Neutral,Mixed,"No clear trend - ADX no trend, price ranging",49.3656,Neutral,103.5102,211.2433,bullish fading,Neutral,-0.3165,-0.6992,full,71.45,Positive accelerating,42.76,Neutral,Bearish majority,None,"Neutral - majority agree, 1 dissenting",Lower Half,No Trend,Bearish,Yes,Yes,Inside,73.33,High,Expanding,24.52,No,Squeeze releasing - expanding 5 bars after compression,Extreme vol - reduce size,Normal,Falling,Weak Up,0.1416,Accumulation,48.2846,Neutral,2 - Advancing,late,84.0,250.0,3 - Topping,53.0,,,,,,"2 - Advancing, trend 72 but components disagree - wait for alignment","2 - Advancing, trend 73 but ADX shows no trend, this is a range - wait for alignment"
2024-08-08,22842.0,22905.599609375,22676.0,22705.69921875,24382600,22501.8079,20449.1326,No,68.73,Bull,Downtrend,Hold,Range,Bullish,47.3,Neutral,Mixed,"No clear trend - ADX no trend, price ranging",46.4182,Oversold,72.734,183.5415,bullish accelerating,Neutral,-0.9231,-0.9564,full,69.33,Positive fading,41.66,Bearish,Bearish majority,None,"Bearish - majority agree, 1 dissenting",Lower Half,No Trend,Bearish,Yes,Yes,Inside,73.45,High,Expanding,29.21,No,Squeeze releasing - expanding 6 bars after compression,Extreme vol - reduce size,Normal,Falling,Weak Down,0.0992,Accumulation,48.9328,Neutral,2 - Advancing,late,74.0,251.0,3 - Topping,53.0,,,,,,"2 - Advancing, trend 71 but components disagree - wait for alignment","2 - Advancing, trend 72 but ADX shows no trend, this is a range - wait for alignment"
2024-08-09,22948.150390625,22982.44921875,22869.400390625,22923.5,21118900,22518.3448,20473.7531,No,69.18,Bull,Downtrend,Hold,Range,Bullish,49.12,Neutral,Mixed,"No clear trend - ADX no trend, price ranging",51.1913,Neutral,65.1671,159.8666,bullish fading,Neutral,-1.5823,-1.232,full,75.35,Positive accelerating,47.2,Neutral,Mixed,None,"Neutral - components mixed, low conviction",Lower Half,No Trend,Bearish,Yes,Yes,Inside,72.97,High,Expanding,26.94,No,Squeeze releasing - expanding 7 bars after compression,Extreme vol - reduce size,Normal,Falling,Weak Up,0.0855,Accumulation,54.6182,Neutral,2 - Advancing,late,74.0,252.0,3 - Topping,53.0,,,,,,"2 - Advancing, trend 68 but components disagree - wait for alignment","2 - Advancing, trend 78 but ADX shows no trend, this is a range - wait for alignment"
2024-08-12,22862.900390625,22993.25,22753.75,22915.849609375,25324300,22533.9333,20498.0526,No,68.46,Bull,Downtrend,Hold,Range,Bullish,48.37,Neutral,Mixed,"No clear trend - ADX no trend, price ranging",51.0194,Neutral,57.8857,139.4704,bullish fading,Neutral,-2.0447,-1.4195,full,73.91,Positive fading,47.63,Neutral,Mixed,None,"Neutral - components mixed, low conviction",Lower Half,No Trend,Bearish,Yes,Yes,Inside,72.66,High,Expanding,27.94,No,Squeeze releasing - expanding 8 bars after compression,Extreme vol - reduce size,Normal,Falling,Weak Down,0.1077,Accumulation,57.191,Neutral,2 - Advancing,late,74.0,253.0,3 - Topping,53.0,,,,,,"2 - Advancing, but trend score 52 does not confirm long - no directional edge","2 - Advancing, trend 81 but ADX shows no trend, this is a range - wait for alignment"
2024-08-13,22952.69921875,22962.75,22684.44921875,22705.80078125,27582500,22540.6732,20520.0202,No,68.27,Bull,Downtrend,Hold,Range,Bullish,45.94,Neutral,Mixed,"No clear trend - ADX emerging, price ranging",46.4108,Oversold,34.7652,118.5294,bullish accelerating,Neutral,-3.136,-1.8682,full,71.4,Positive fading,45.19,Neutral,Bearish majority,None,"Neutral - majority agree, 1 dissenting",Lower Half,Emerging,Bearish,Yes,Yes,Inside,73.21,High,Expanding,27.34,No,Squeeze releasing - expanding 9 bars after compression,Extreme vol - reduce size,Normal,Falling,Weak Down,0.034,Neutral,50.2476,Neutral,2 - Advancing,late,74.0,254.0,3 - Topping,53.0,,,,,,"2 - Advancing, but trend score 49 does not confirm long - no directional edge","2 - Advancing, trend 72 but ADX shows no trend, this is a range - wait for alignment"
2024-08-14,22765.650390625,22778.94921875,22599.94921875,22672.650390625,23576200,22545.8487,20541.4394,No,66.63,Bull,Downtrend,Hold,Range,Bullish,44.47,Neutral,Mixed,"No clear trend - ADX emerging, price ranging",45.709,Oversold,13.6102,97.5455,bullish accelerating,Neutral,-3.6469,-2.0606,full,69.23,Positive fading,43.4,Neutral,Bearish majority,None,"Neutral - majority agree, 1 dissenting",Lower Half,Emerging,Bearish,Yes,Yes,Inside,71.31,High,Expanding,28.13,No,Squeeze releasing - expanding 10 bars after compression,Vol expanding,Normal,Falling,Weak Down,0.0594,Accumulation,51.6016,Neutral,2 - Advancing,late,74.0,255.0,3 - Topping,53.0,,,,,,"2 - Advancing, but trend score 52 does not confirm long - no directional edge","2 - Advancing, trend 72 but components disagree - wait for alignment"
2024-08-16,22846.099609375,23071.75,22750.30078125,23056.5,20454900,22565.8743,20566.4649,No,70.27,Bull,Downtrend,Hold,Range,Bullish,49.39,Neutral,Mixed,"No clear trend - ADX emerging, price ranging",54.3217,Neutral,27.5011,83.5367,bullish fading,Neutral,-1.9148,-1.3178,full,72.32,Positive accelerating,49.68,Neutral,Mixed,None,"Neutral - components mixed, low conviction",Upper Half,Emerging,Bearish,Yes,Yes,Inside,72.18,High,Expanding,28.29,No,Squeeze releasing - expanding 11 bars after compression,Extreme vol - reduce size,Normal,Falling,Weak Up,0.0441,Neutral,49.8303,Neutral,2 - Advancing,late,74.0,256.0,3 - Topping,53.0,,,,,,"2 - Advancing, but trend score 47 does not confirm long - no directional edge","2 - Advancing, trend 71 but components disagree - wait for alignment"
2024-08-19,23174.19921875,23195.599609375,23104.099609375,23139.75,21337100,22588.3792,20592.0697,No,78.24,Bull,Downtrend,Hold,Range,Bullish,53.45,Neutral,Mixed,"No clear trend - ADX no trend, price ranging",55.9537,Neutral,44.712,75.7717,bullish fading,Neutral,-0.5146,-0.7274,full,71.13,Positive fading,53.91,Neutral,Mixed,None,"Neutral - components mixed, low conviction",Upper Half,No Trend,Bearish,Yes,Yes,Inside,68.77,High,Expanding,20.44,No,Squeeze releasing - expanding 12 bars after compression,Vol expanding,Normal,Falling,Weak Up,0.0827,Accumulation,47.8028,Neutral,2 - Advancing,late,84.0,257.0,3 - Topping,53.0,,,,,,"2 - Advancing, but trend score 49 does not confirm long - no directional edge","2 - Advancing, trend 68 but components disagree - wait for alignment"
2024-08-20,23223.599609375,23292.69921875,23175.400390625,23280.349609375,21727000,22615.5153,20618.8188,No,81.79,Strong Bull,Downtrend,Hold,Range,Bullish,56.65,Neutral,Mixed,"No clear trend - ADX no trend, price ranging",58.6413,Neutral,68.9026,74.3979,bullish fading,Neutral,3.2734,0.8635,full,71.04,Positive fading,59.82,Bullish,Bullish majority,None,Bullish - price momentum agrees but MACD shows deceleration,Upper Half,No Trend,Bearish,No,No,Inside,65.79,High,Stable,-1.82,No,"High volatility, stable",Vol contracting,Normal,Falling,Weak Up,0.0802,Accumulation,46.5855,Neutral,2 - Advancing,late,84.0,258.0,3 - Topping,53.0,,,,,,"2 - Advancing, but trend score 48 does not confirm long - no directional edge","2 - Advancing, but trend score 52 does not confirm long - no directional edge"
2024-08-21,23283.75,23383.19921875,23256.25,23368.650390625,22340700,22645.05,20646.1803,No,86.23,Strong Bull,Downtrend,Hold,Range,Bullish,62.53,Bull,Mixed,"Range with bullish lean - ADX no trend, direction not confirmed",60.2805,Neutral,94.1142,78.3412,Bullish crossover,Neutral,4.1231,1.2125,full,70.59,Positive fading,63.89,Bullish,Bullish confirmed,None,Bullish - all 4 components agree incl. MACD acceleration,Upper Half,No Trend,Bullish,No,No,Inside,63.25,High,Stable,-9.48,No,"High volatility, stable",Vol contracting,Normal,Falling,Weak Up,0.0703,Accumulation,45.0677,Neutral,2 - Advancing,late,84.0,259.0,3 - Topping,53.0,,,,,,"2 - Advancing, but trend score 46 does not confirm long - no directional edge","2 - Advancing, but trend score 49 does not confirm long - no directional edge"
2024-08-22,23467.150390625,23474.849609375,23408.94921875,23440.69921875,21863200,22676.2519,20673.9865,No,87.95,Strong Bull,Downtrend,Hold,Uptrend (HH+HL),Bullish,73.33,Bull,Bullish majority,"Range with bullish lean - ADX no trend, direction not confirmed",61.6173,Neutral,118.5417,86.3813,bullish accelerating,Overbought,2.5901,0.5628,full,70.75,Positive accelerating,67.76,Bullish,Bullish confirmed,None,Bullish - all 4 components agree incl. MACD acceleration,Upper Half,No Trend,Bullish,No,No,Near Upper,56.15,Normal,Stable,-17.18,No,"Normal volatility, stable",Vol contracting,Normal,Falling,Weak Up,0.0467,Neutral,43.8801,Neutral,2 - Advancing,late,84.0,260.0,3 - Topping,53.0,,,,,,"2 - Advancing, but trend score 44 does not confirm long - no directional edge","2 - Advancing, but trend score 52 does not confirm long - no directional edge"
2024-08-23,23485.30078125,23496.849609375,23401.0,23418.650390625,23411800,22705.3656,20701.2966,No,88.59,Strong Bull,Downtrend,Hold,Uptrend (HH+HL),Bullish,72.99,Bull,Bullish majority,"Range with bullish lean - ADX no trend, direction not confirmed",60.9413,Neutral,134.5704,96.0191,bullish accelerating,Overbought,3.14,0.789,full,67.95,Positive fading,68.26,Bullish,Bullish confirmed,None,Bullish - all 4 components agree incl. MACD acceleration,Upper Half,No Trend,Bullish,No,No,Near Upper,51.71,Normal,Contracting,-21.75,No,"Normal volatility, contracting - move losing energy",Vol contracting,Normal,Falling,Weak Down,-0.0306,Neutral,44.8316,Neutral,2 - Advancing,late,84.0,261.0,3 - Topping,53.0,,,,,,"2 - Advancing, but trend score 49 does not confirm long - no directional edge","2 - Advancing, but trend score 47 does not confirm long - no directional edge"
2024-08-26,23514.30078125,23579.75,23466.75,23561.75,19994300,22738.9493,20729.7588,No,89.96,Strong Bull,Uptrend,Buy,Uptrend (HH+HL),Bullish,80.91,Strong Bull,Bullish confirmed,"Range with bullish lean - ADX no trend, direction not confirmed",63.7228,Neutral,157.0102,108.2173,bullish accelerating,Overbought,2.7843,0.6347,full,69.34,Positive accelerating,71.36,Strong Bullish,Bullish confirmed,None,Strong Bullish - all 4 components agree incl. MACD acceleration,Upper Half,No Trend,Bullish,No,No,Near Upper,48.97,Normal,Contracting,-24.01,No,"Normal volatility, contracting - move losing energy",Vol contracting,Normal,Falling,Weak Up,-0.0657,Distribution,53.7544,Neutral,2 - Advancing,late,84.0,262.0,3 - Topping,53.0,,,,,,"2 - Advancing, but trend score 53 does not confirm long - no directional edge","2 - Advancing, but trend score 49 does not confirm long - no directional edge"
2024-08-27,23592.0,23633.19921875,23555.55078125,23604.849609375,22130300,22772.9062,20758.3666,No,90.67,Strong Bull,Uptrend,Hold,Uptrend (HH+HL),Bullish,80.46,Strong Bull,Bullish confirmed,"Range with bullish lean - ADX no trend, direction not confirmed",64.5418,Neutral,176.2401,121.8219,bullish accelerating,Overbought,3.0067,0.723,full,69.65,Positive accelerating,72.22,Strong Bullish,Bullish confirmed,None,Strong Bullish - all 4 components agree incl. MACD acceleration,Upper Half,No Trend,Bullish,No,No,Near Upper,45.91,Normal,Contracting,-26.75,No,"Normal volatility, contracting - move losing energy",Vol contracting,Normal,Falling,Weak Up,-0.0417,Neutral,61.4621,Neutral,2 - Advancing,late,84.0,263.0,3 - Topping,53.0,,,,,,"2 - Advancing, but trend score 57 does not confirm long - no directional edge","2 - Advancing, but trend score 48 does not confirm long - no directional edge"
2024-08-28,23646.80078125,23679.349609375,23547.25,23615.94921875,24488600,22805.9667,20786.8003,No,91.19,Strong Bull,Uptrend,Hold,Uptrend (HH+HL),Bullish,80.44,Strong Bull,Bullish confirmed,"Range with bullish lean - ADX no trend, direction not confirmed",64.7624,Neutral,190.1833,135.4942,bullish accelerating,Overbought,4.0084,1.135,full,70.84,Positive accelerating,72.68,Strong Bullish,Bullish confirmed,None,Strong Bullish - all 4 components agree incl. MACD acceleration,Upper Half,No Trend,Bullish,No,No,Near Upper,44.8,Normal,Contracting,-28.41,No,"Normal volatility, contracting - move losing energy",Vol contracting,Normal,Falling,Weak Up,-0.0283,Neutral,61.5549,Neutral,2 - Advancing,late,84.0,264.0,3 - Topping,53.0,,,,,,"2 - Advancing, trend 63 but components disagree - wait for alignment","2 - Advancing, but trend score 46 does not confirm long - no directional edge"
2024-08-29,23618.25,23664.349609375,23494.44921875,23631.400390625,29804300,22838.3366,20815.1048,No,90.94,Strong Bull,Uptrend,Hold,Uptrend (HH+HL),Bullish,80.4,Strong Bull,Bullish confirmed,"Range with bullish lean - ADX no trend, direction not confirmed",65.0881,Neutral,200.1727,148.4299,bullish fading,Overbought,4.2287,1.2175,full,72.35,Positive accelerating,72.79,Strong Bullish,Bullish confirmed,None,Strong Bullish - all 4 components agree incl. MACD acceleration,Upper Half,No Trend,Bullish,No,No,Near Upper,45.16,Normal,Contracting,-26.15,No,"Normal volatility, contracting - move losing energy",Vol contracting,Normal,Falling,Confirmed Up,-0.0227,Neutral,60.3465,Neutral,2 - Advancing,late,84.0,265.0,3 - Topping,53.0,,,,,,"2 - Advancing, trend 73 but ADX shows no trend, this is a range - wait for alignment","2 - Advancing, but trend score 44 does not confirm long - no directional edge"
2024-08-30,23728.55078125,23766.400390625,23673.94921875,23734.55078125,70150200,22873.4823,20844.154,No,91.17,Strong Bull,Uptrend,Hold,Uptrend (HH+HL),Bullish,80.32,Strong Bull,Bullish confirmed,"Range with bullish lean - ADX no trend, direction not confirmed",67.2632,Neutral,213.9465,161.5332,bullish accelerating,Overbought,2.9408,0.6712,full,75.63,Positive accelerating,74.45,Strong Bullish,Bullish confirmed,None,Strong Bullish - all 4 components agree incl. MACD acceleration,Upper Half,No Trend,Bullish,No,No,Breakout Up,44.52,Normal,Contracting,-27.66,No,"Normal volatility, contracting - move losing energy",Vol contracting,High,Falling,Confirmed Up,0.0333,Neutral,65.7053,Neutral,2 - Advancing,late,84.0,266.0,3 - Topping,53.0,,,,,,"2 - Advancing, trend 73 but ADX shows no trend, this is a range - wait for alignment","2 - Advancing, but trend score 49 does not confirm long - no directional edge"
2024-09-02,23835.19921875,23835.19921875,23693.650390625,23760.69921875,25228700,22908.2751,20873.1743,No,90.99,Strong Bull,Uptrend,Hold,Uptrend (HH+HL),Bullish,80.25,Strong Bull,Bullish confirmed,"Range with bullish lean - ADX no trend, direction not confirmed",67.8107,Neutral,224.3857,174.1037,bullish fading,Overbought,2.6835,0.5582,full,75.18,Positive fading,74.22,Strong Bullish,Bullish confirmed,None,Strong Bullish - all 4 components agree incl. MACD acceleration,Upper Half,No Trend,Bullish,Yes,No,Near Upper,47.02,Normal,Contracting,-21.75,No,"Normal volatility, contracting - move losing energy",Vol contracting,Normal,Falling,Weak Up,0.0658,Accumulation,72.4053,Neutral,2 - Advancing,late,84.0,267.0,3 - Topping,53.0,,,,,,"2 - Advancing, trend 81 but ADX shows no trend, this is a range - wait for alignment","2 - Advancing, but trend score 53 does not confirm long - no directional edge"
2024-09-03,23817.0,23817.55078125,23771.19921875,23788.44921875,18146200,22942.7918,20902.1821,No,90.92,Strong Bull,Uptrend,Hold,Uptrend (HH+HL),Bullish,80.12,Strong Bull,Bullish confirmed,"Range with bullish lean - ADX no trend, direction not confirmed",68.4145,Neutral,232.2211,185.7272,bullish fading,Overbought,2.1825,0.3441,full,68.27,Positive fading,71.93,Strong Bullish,Bullish confirmed,None,Strong Bullish - all 4 components agree incl. MACD acceleration,Upper Half,No Trend,Bullish,Yes,No,Near Upper,45.52,Normal,Contracting,-20.28,No,"Normal volatility, contracting - move losing energy",Low vol - tight stops,Normal,Falling,Weak Up,0.0896,Accumulation,79.1161,Neutral,2 - Advancing,late,84.0,268.0,3 - Topping,53.0,,,,,,"2 - Advancing, trend 80 but ADX shows no trend, this is a range - wait for alignment","2 - Advancing, but trend score 57 does not confirm long - no directional edge"
2024-09-04,23611.80078125,23761.400390625,23605.349609375,23748.900390625,20620200,22974.4039,20930.5076,No,90.71,Strong Bull,Uptrend,Hold,Uptrend (HH+HL),Bullish,79.36,Strong Bull,Bullish confirmed,"Range with bullish lean - ADX no trend, direction not confirmed",66.5002,Neutral,232.5587,195.0935,bullish fading,Overbought,1.6272,0.1075,full,83.7,Positive accelerating,74.77,Strong Bullish,Bullish confirmed,None,Strong Bullish - all 4 components agree incl. MACD acceleration,Upper Half,No Trend,Bullish,Yes,No,Near Upper,43.18,Normal,Contracting,-20.08,No,"Normal volatility, contracting - move losing energy",Low vol - tight stops,Normal,Falling,Weak Down,0.1701,Accumulation,79.5436,Neutral,2 - Advancing,late,84.0,269.0,3 - Topping,53.0,,,,,,"2 - Advancing, trend 80 but ADX shows no trend, this is a range - wait for alignment","2 - Advancing, trend 63 but components disagree - wait for alignment"
2024-09-05,23821.0,23836.349609375,23749.05078125,23762.80078125,23179400,23005.3214,20958.6896,No,90.4,Strong Bull,Uptrend,Hold,Uptrend (HH+HL),Bullish,79.07,Strong Bull,Bullish confirmed,"Range with bullish lean - ADX no trend, direction not confirmed",66.8512,Neutral,231.2818,202.3312,bullish fading,Overbought,1.3741,-0.0018,full,75.73,Positive fading,71.31,Strong Bullish,Bullish confirmed,None,Strong Bullish - all 4 components agree incl. MACD acceleration,Upper Half,No Trend,Bullish,Yes,No,Near Upper,32.68,Low,Contracting,-23.47,No,"Low volatility, contracting - coiling, watch for breakout",Low vol - tight stops,Normal,Falling,Weak Up,0.1004,Accumulation,79.738,Neutral,2 - Advancing,late,84.0,270.0,3 - Topping,53.0,,,,,,"2 - Advancing, trend 80 but ADX shows no trend, this is a range - wait for alignment","2 - Advancing, trend 73 but ADX shows no trend, this is a range - wait for alignment"
2024-09-06,23746.0,23794.349609375,23434.900390625,23477.69921875,38704200,23023.846,20983.7544,No,86.7,Strong Bull,Uptrend,Hold,Uptrend (HH+HL),Bullish,74.07,Bull,Bullish majority,"Range with bullish lean - ADX no trend, direction not confirmed",54.285,Neutral,204.9026,202.8454,bullish fading,Neutral,0.2521,-0.475,full,69.78,Positive fading,60.34,Bullish,Bullish confirmed,None,Bullish - all 4 components agree incl. MACD acceleration,Upper Half,No Trend,Bearish,No,No,Inside,35.04,Low,Stable,-16.67,No,"Low volatility, stable",Vol contracting,Normal,Falling,Confirmed Down,0.0758,Accumulation,70.5543,Neutral,2 - Advancing,late,84.0,271.0,3 - Topping,53.0,,,,,,"2 - Advancing, trend 80 but ADX shows no trend, this is a range - wait for alignment","2 - Advancing, trend 73 but ADX shows no trend, this is a range - wait for alignment"
2024-09-09,23452.849609375,23526.55078125,23294.44921875,23502.150390625,23648800,23042.603,21008.8131,No,85.24,Strong Bull,Uptrend,Hold,Uptrend (HH+HL),Bullish,73.77,Bull,Bullish majority,"Range with bullish lean - ADX no trend, direction not confirmed",55.0652,Neutral,183.8505,199.0465,Bearish crossover,Neutral,-0.253,-0.6883,full,65.97,Positive fading,55.25,Neutral,Bullish majority,None,Neutral - price momentum agrees but MACD shows deceleration,Upper Half,No Trend,Bearish,No,No,Inside,34.56,Low,Stable,-14.4,No,"Low volatility, stable",Vol contracting,Normal,Falling,Weak Up,0.1128,Accumulation,64.595,Neutral,2 - Advancing,late,84.0,272.0,3 - Topping,53.0,,,,,,"2 - Advancing, trend 80 but ADX shows no trend, this is a range - wait for alignment","2 - Advancing, trend 81 but ADX shows no trend, this is a range - wait for alignment"
2024-09-10,23591.849609375,23712.94921875,23531.650390625,23643.650390625,22265300,23066.1735,21035.0304,No,85.18,Strong Bull,Uptrend,Hold,Uptrend (HH+HL),Bullish,75.43,Strong Bull,Bullish confirmed,"Range with bullish lean - ADX no trend, direction not confirmed",59.3847,Neutral,176.5494,194.547,bullish accelerating,Neutral,0.1644,-0.5143,full,66.83,Positive accelerating,55.43,Neutral,Bullish majority,None,Neutral - price momentum agrees but MACD shows deceleration,Upper Half,No Trend,Bearish,No,No,Near Upper,32.78,Low,Stable,-13.13,No,"Low volatility, stable",Vol contracting,Normal,Falling,Weak Up,0.1063,Accumulation,64.6136,Neutral,2 - Advancing,late,84.0,273.0,3 - Topping,53.0,,,,,,"2 - Advancing, trend 80 but ADX shows no trend, this is a range - wait for alignment","2 - Advancing, trend 80 but ADX shows no trend, this is a range - wait for alignment"
2024-09-11,23665.099609375,23723.05078125,23498.150390625,23531.25,23090100,23084.4118,21059.8684,No,83.38,Strong Bull,Uptrend,Hold,Uptrend (HH+HL),Bullish,73.8,Bull,Bullish confirmed,"Range with bullish lean - ADX no trend, direction not confirmed",54.8723,Neutral,159.8507,187.6078,bullish accelerating,Neutral,-0.3587,-0.7339,full,65.37,Positive fading,52.38,Neutral,Bullish majority,None,Neutral - price momentum agrees but MACD shows deceleration,Upper Half,No Trend,Bearish,No,No,Inside,28.57,Low,Stable,-16.23,No,"Low volatility, stable",Vol contracting,Normal,Falling,Weak Down,0.1209,Accumulation,58.7515,Neutral,2 - Advancing,late,84.0,274.0,3 - Topping,53.0,,,,,,"2 - Advancing, trend 79 but ADX shows no trend, this is a range - wait for alignment","2 - Advancing, trend 80 but ADX shows no trend, this is a range - wait for alignment"
2024-09-12,23680.0,23934.599609375,23593.599609375,23907.349609375,23740100,23116.6839,21088.2015,No,86.23,Strong Bull,Uptrend,Hold,Uptrend (HH+HL),Bullish,78.16,Strong Bull,Bullish confirmed,"Range with bullish lean - ADX no trend, direction not confirmed",64.5727,Neutral,174.9483,185.0759,bullish fading,Neutral,1.1677,-0.0912,full,67.73,Positive accelerating,60.29,Bullish,Bullish majority,None,Bullish - price momentum agrees but MACD shows deceleration,Upper Half,No Trend,Bullish,No,No,Breakout Up,26.27,Low,Stable,-18.89,Partial,"Low volatility, stable",Vol contracting,Normal,Falling,Weak Up,0.1681,Accumulation,64.8483,Neutral,2 - Advancing,late,84.0,275.0,3 - Topping,53.0,,,,,,"2 - Advancing, trend 79 but ADX shows no trend, this is a range - wait for alignment","2 - Advancing, trend 80 but ADX shows no trend, this is a range - wait for alignment"
2024-09-13,23966.5,23966.55078125,23885.19921875,23928.19921875,20577800,23148.508,21116.4602,No,87.98,Strong Bull,Uptrend,Hold,Uptrend (HH+HL),Bullish,78.75,Strong Bull,Bullish confirmed,"Range with bullish lean - ADX no trend, direction not confirmed",65.0215,Neutral,186.4464,185.35,Bullish crossover,Neutral,0.8159,-0.2398,full,66.8,Positive fading,62.78,Bullish,Bullish majority,None,Bullish - price momentum agrees but MACD shows deceleration,Upper Half,No Trend,Bullish,No,No,Near Upper,20.75,Low,Contracting,-23.77,Partial,"Low volatility, contracting - coiling, watch for breakout",Vol contracting,Normal,Falling,Weak Up,0.1345,Accumulation,64.9321,Neutral,2 - Advancing,late,84.0,276.0,3 - Topping,53.0,,,,,,"2 - Advancing, trend 74 but ADX shows no trend, this is a range - wait for alignment","2 - Advancing, trend 80 but ADX shows no trend, this is a range - wait for alignment"
2024-09-16,24006.150390625,24026.0,23917.5,23968.19921875,17209800,23180.6528,21144.8357,No,89.55,Strong Bull,Uptrend,Hold,Uptrend (HH+HL),Bullish,78.97,Strong Bull,Bullish confirmed,"Range with bullish lean - ADX no trend, direction not confirmed",65.9138,Neutral,196.521,187.5842,bullish accelerating,Overbought,0.8733,-0.2159,full,65.79,Positive fading,65.68,Bullish,Bullish confirmed,None,Bullish - all 4 components agree incl. MACD acceleration,Upper Half,No Trend,Bullish,No,No,Breakout Up,12.22,Very Low,Contracting,-34.8,Partial,"Very Low volatility, contracting - coiling, watch for breakout",Coiled - low vol squeeze,Normal,Falling,Weak Up,0.1425,Accumulation,64.5058,Neutral,2 - Advancing,late,84.0,277.0,3 - Topping,53.0,,,,,,"2 - Advancing, trend 74 but ADX shows no trend, this is a range - wait for alignment","2 - Advancing, trend 80 but ADX shows no trend, this is a range - wait for alignment"
2024-09-17,24008.25,24008.25,23912.55078125,23969.900390625,16183800,23211.6037,21172.9458,No,89.93,Strong Bull,Uptrend,Hold,Uptrend (HH+HL),Bullish,78.96,Strong Bull,Bullish confirmed,"Range with bullish lean - ADX no trend, direction not confirmed",65.9536,Neutral,202.3104,190.5294,bullish accelerating,Overbought,0.7628,-0.2606,full,64.69,Positive fading,65.58,Bullish,Bullish confirmed,None,Bullish - all 4 components agree incl. MACD acceleration,Upper Half,No Trend,Bullish,No,No,Near Upper,8.97,Very Low,Contracting,-36.55,Partial,"Very Low volatility, contracting - coiling, watch for breakout",Coiled - low vol squeeze,Normal,Falling,Weak Up,0.1166,Accumulation,59.3506,Neutral,2 - Advancing,late,84.0,278.0,3 - Topping,53.0,,,,,,"2 - Advancing, trend 75 but ADX shows no trend, this is a range - wait for alignment","2 - Advancing, trend 80 but ADX shows no trend, this is a range - wait for alignment"
2024-09-18,23972.55078125,24000.30078125,23800.849609375,23898.650390625,18564600,23238.5467,21200.0672,No,89.98,Strong Bull,Uptrend,Hold,Uptrend (HH+HL),Bullish,78.34,Strong Bull,Bullish confirmed,"Range with bullish lean - ADX no trend, direction not confirmed",62.6556,Neutral,198.8569,192.1949,bullish fading,Overbought,0.6306,-0.3141,full,65.06,Positive accelerating,63.58,Bullish,Bullish confirmed,None,Bullish - all 4 components agree incl. MACD acceleration,Upper Half,No Trend,Bullish,No,No,Near Upper,9.09,Very Low,Contracting,-34.09,Partial,"Very Low volatility, contracting - coiling, watch for breakout",Coiled - low vol squeeze,Normal,Falling,Weak Down,0.0825,Accumulation,61.1474,Neutral,2 - Advancing,late,84.0,279.0,3 - Topping,53.0,,,,,,"2 - Advancing, trend 74 but ADX shows no trend, this is a range - wait for alignment","2 - Advancing, trend 79 but ADX shows no trend, this is a range - wait for alignment"
2024-09-19,24012.30078125,24078.0,23702.0,23853.94921875,45138100,23262.6801,21226.474,No,88.12,Strong Bull,Uptrend,Hold,Uptrend (HH+HL),Bullish,77.29,Strong Bull,Bullish confirmed,"Range with bullish lean - ADX no trend, direction not confirmed",60.6079,Neutral,190.3191,191.8197,Bearish crossover,Overbought,0.3836,-0.4154,full,63.89,Positive fading,60.75,Bullish,Bullish majority,Bearish divergence,Bullish - bearish divergence vs price over 21 bars,Upper Half,No Trend,Bearish,No,Yes,Near Upper,14.64,Very Low,Stable,-18.03,Confirmed,"Very Low volatility, squeeze confirmed - expansion pending",Normal vol,Normal,Falling,Confirmed Down,0.0639,Accumulation,44.802,Neutral,2 - Advancing,late,84.0,280.0,3 - Topping,53.0,,,,,,"2 - Advancing, trend 78 but ADX shows no trend, this is a range - wait for alignment","2 - Advancing, trend 79 but ADX shows no trend, this is a range - wait for alignment"
2024-09-20,23956.55078125,24243.150390625,23885.0,24193.80078125,42372300,23299.1946,21255.9997,No,90.92,Strong Bull,Uptrend,Hold,Uptrend (HH+HL),Bullish,81.3,Strong Bull,Bullish confirmed,"Range with bullish lean - ADX no trend, direction not confirmed",68.9235,Neutral,208.5717,195.1701,Bullish crossover,Overbought,3.0501,0.7067,full,67.61,Positive accelerating,66.38,Bullish,Bullish confirmed,Bearish divergence,Bullish - bearish divergence vs price over 21 bars,Above Upper,No Trend,Bullish,No,Yes,Breakout Up,18.33,Very Low,Stable,-16.71,Confirmed,"Very Low volatility, squeeze confirmed - expansion pending",Normal vol,Normal,Falling,Confirmed Up,0.1451,Accumulation,47.5716,Neutral,2 - Advancing,late,84.0,281.0,3 - Topping,53.0,,,,,,"2 - Advancing, trend 79 but ADX shows no trend, this is a range - wait for alignment","2 - Advancing, trend 74 but ADX shows no trend, this is a range - wait for alignment"
2024-09-23,24294.80078125,24393.69921875,24262.30078125,24379.19921875,35691300,23341.5478,21287.0763,No,92.68,Strong Bull,Uptrend,Hold,Uptrend (HH+HL),Bullish,81.21,Strong Bull,Bullish confirmed,"Range with bullish lean - ADX no trend, direction not confirmed",72.3523,Neutral,235.285,203.1931,bullish accelerating,Overbought,3.7318,0.9908,full,68.75,Positive accelerating,70.7,Strong Bullish,Bullish confirmed,None,Strong Bullish but overbought on RSI and Stochastic - stretched,Above Upper,No Trend,Bullish,No,Yes,Breakout Up,21.9,Low,Stable,-12.66,No,"Low volatility, stable",Normal vol,Normal,Falling,Confirmed Up,0.1664,Accumulation,50.1622,Neutral,2 - Advancing,late,84.0,282.0,3 - Topping,53.0,,,,,,"2 - Advancing, trend 79 but ADX shows no trend, this is a range - wait for alignment","2 - Advancing, trend 74 but ADX shows no trend, this is a range - wait for alignment"
2024-09-24,24390.05078125,24429.0,24353.75,24389.69921875,26025400,23382.6517,21317.9482,No,92.42,Strong Bull,Uptrend,Hold,Uptrend (HH+HL),Bullish,80.24,Strong Bull,Bullish confirmed,"Range with bullish lean - ADX no trend, direction not confirmed",72.5371,Neutral,254.3705,213.4286,bullish accelerating,Overbought,3.1554,0.7505,full,68.05,Positive fading,72.56,Strong Bullish,Bullish confirmed,None,Strong Bullish but overbought on RSI and Stochastic - stretched,Above Upper,No Trend,Bullish,No,Yes,Near Upper,23.57,Low,Stable,-9.21,No,"Low volatility, stable",Normal vol,Normal,Falling,Weak Up,0.1526,Accumulation,56.4064,Neutral,2 - Advancing,late,84.0,283.0,3 - Topping,53.0,,,,,,"2 - Advancing, trend 79 but ADX shows no trend, this is a range - wait for alignment","2 - Advancing, trend 75 but ADX shows no trend, this is a range - wait for alignment"
2024-09-25,24377.25,24394.349609375,24268.5,24371.25,29281600,23421.4203,21348.3293,No,92.02,Strong Bull,Uptrend,Hold,Uptrend (HH+HL),Bullish,79.94,Strong Bull,Bullish confirmed,"Range with bullish lean - ADX no trend, direction not confirmed",71.6311,Neutral,264.9529,223.7334,bullish accelerating,Overbought,3.5697,0.9287,full,67.24,Positive fading,72.1,Strong Bullish,Bullish confirmed,Bearish divergence,"Strong Bullish but overbought on RSI and Stochastic - stretched, bearish divergence",Upper Half,No Trend,Bullish,No,No,Near Upper,22.5,Low,Stable,-6.07,No,"Low volatility, stable",Low vol - tight stops,Normal,Rising,Confirmed Down,0.1821,Accumulation,49.3892,Neutral,2 - Advancing,late,84.0,284.0,3 - Topping,53.0,,,,,,"2 - Advancing, trend 78 but ADX shows no trend, this is a range - wait for alignment","2 - Advancing, trend 74 but ADX shows no trend, this is a range - wait for alignment"
2024-09-26,24399.150390625,24512.650390625,24338.400390625,24496.900390625,30998100,23463.596,21379.6583,No,92.39,Strong Bull,Uptrend,Hold,Uptrend (HH+HL),Bullish,80.59,Strong Bull,Bullish confirmed,"Range with bullish lean - ADX no trend, direction not confirmed",74.0119,Overbought,280.248,235.0364,bullish accelerating,Overbought,2.466,0.4642,full,67.39,Positive accelerating,73.3,Strong Bullish,Bullish confirmed,None,Strong Bullish but overbought on RSI and Stochastic - stretched,At Upper,No Trend,Bullish,Yes,No,Breakout Up,23.25,Low,Stable,-3.02,No,"Low volatility, stable",Low vol - tight stops,Normal,Rising,Confirmed Up,0.1943,Accumulation,58.6566,Neutral,2 - Advancing,late,84.0,285.0,3 - Topping,53.0,,,,,,"2 - Advancing, trend 77 but ADX shows no trend, this is a range - wait for alignment","2 - Advancing, trend 78 but ADX shows no trend, this is a range - wait for alignment"
2024-09-27,24529.55078125,24573.400390625,24469.0,24489.55078125,41993700,23503.8295,21410.6025,No,92.06,Strong Bull,Uptrend,Hold,Uptrend (HH+HL),Bullish,79.31,Strong Bull,Bullish confirmed,"Range with bullish lean - ADX no trend, direction not confirmed",73.6227,Neutral,288.4513,245.7194,bullish fading,Overbought,2.346,0.4155,full,67.11,Positive fading,72.66,Strong Bullish,Bullish confirmed,Bearish divergence,"Strong Bullish but overbought on RSI and Stochastic - stretched, bearish divergence",Upper Half,No Trend,Bullish,Yes,No,Near Upper,23.93,Low,Stable,3.18,No,"Low volatility, stable",Low vol - tight stops,Normal,Falling,Confirmed Down,0.1172,Accumulation,66.5793,Neutral,2 - Advancing,late,84.0,286.0,3 - Topping,53.0,,,,,,"2 - Advancing, trend 81 but ADX shows no trend, this is a range - wait for alignment","2 - Advancing, trend 79 but ADX shows no trend, this is a range - wait for alignment"
2024-09-30,24410.0,24456.099609375,24217.400390625,24245.19921875,26120900,23532.9028,21438.8075,No,90.59,Strong Bull,Uptrend,Hold,Uptrend (HH+HL),Bullish,76.67,Strong Bull,Bullish confirmed,"Range with bullish lean - ADX no trend, direction not confirmed",61.9571,Neutral,272.0988,250.9952,bullish fading,Overbought,1.1557,-0.0832,full,63.35,Positive fading,64.5,Bullish,Bullish confirmed,Bearish divergence,Bullish - bearish divergence vs price over 21 bars,Upper Half,No Trend,Bullish,Yes,No,Inside,29.36,Low,Stable,17.14,No,"Low volatility, stable",Low vol - tight stops,Normal,Falling,Weak Down,0.0826,Accumulation,60.3342,Neutral,2 - Advancing,late,84.0,287.0,3 - Topping,53.0,,,,,,"2 - Advancing, trend 81 but ADX shows no trend, this is a range - wait for alignment","2 - Advancing, trend 79 but ADX shows no trend, this is a range - wait for alignment"
2024-10-01,24248.5,24329.44921875,24191.05078125,24271.30078125,22116800,23561.8596,21466.9915,No,89.47,Strong Bull,Uptrend,Hold,Uptrend (HH+HL),Bullish,76.5,Strong Bull,Bullish confirmed,"Range with bullish lean - ADX no trend, direction not confirmed",62.6381,Neutral,258.2683,252.4499,bullish fading,Neutral,1.2574,-0.0364,full,64.05,Positive accelerating,61.8,Bullish,Bullish confirmed,Bearish divergence,Bullish - bearish divergence vs price over 21 bars,Upper Half,No Trend,Bullish,No,No,Inside,27.1,Low,Stable,18.14,No,"Low volatility, stable",Low vol - tight stops,Normal,Falling,Weak Up,0.097,Accumulation,60.3841,Neutral,2 - Advancing,late,84.0,288.0,3 - Topping,53.0,,,,,,"2 - Advancing, trend 80 but ADX shows no trend, this is a range - wait for alignment","2 - Advancing, trend 79 but ADX shows no trend, this is a range - wait for alignment"
2024-10-03,23931.849609375,24122.0,23713.0,23755.44921875,27320600,23569.4514,21489.7622,No,83.31,Strong Bull,Downtrend,Sell,Uptrend (HH+HL),Bullish,64.54,Bull,Mixed,"Range with bullish lean - ADX no trend, direction not confirmed",45.357,Oversold,203.3387,242.6276,Bearish crossover,Neutral,-0.5992,-0.8188,full,57.91,Positive fading,45.81,Neutral,Bearish majority,None,"Neutral - majority agree, 1 dissenting",Lower Half,No Trend,Bearish,Yes,Yes,Inside,39.25,Low,Expanding,30.16,No,Squeeze releasing - expanding 8 bars after compression,Normal vol,Normal,Falling,Weak Down,0.0255,Neutral,53.9923,Neutral,2 - Advancing,late,84.0,289.0,3 - Topping,53.0,,,,,,"2 - Advancing, trend 80 but ADX shows no trend, this is a range - wait for alignment","2 - Advancing, trend 78 but ADX shows no trend, this is a range - wait for alignment"
2024-10-04,23704.94921875,23920.30078125,23483.400390625,23534.94921875,26223100,23568.0983,21510.1123,No,78.13,Bull,Downtrend,Hold,Uptrend (HH+HL),Bullish,62.1,Bull,Mixed,"Range with bullish lean - ADX no trend, direction not confirmed",40.2458,Oversold,140.3957,222.1813,bullish accelerating,Neutral,-1.3373,-1.1249,full,55.42,Positive fading,37.24,Bearish,Bearish majority,None,"Bearish - majority agree, 1 dissenting",Lower Half,No Trend,Bearish,Yes,Yes,Inside,47.22,Normal,Expanding,32.58,No,Squeeze releasing - expanding 9 bars after compression,Normal vol,Normal,Rising,Weak Down,0.0179,Neutral,48.2591,Neutral,2 - Advancing,late,84.0,290.0,3 - Topping,53.0,,,,,,"2 - Advancing, trend 81 but ADX shows no trend, this is a range - wait for alignment","2 - Advancing, trend 77 but ADX shows no trend, this is a range - wait for alignment"
2024-10-07,23616.349609375,23659.650390625,23089.5,23181.94921875,30375500,23552.9552,21526.7475,No,66.37,Bull,Downtrend,Hold,Uptrend (HH+HL),Bullish,55.92,Neutral,Mixed,"No clear trend - ADX no trend, price ranging",33.6988,Oversold,61.3219,190.0094,bullish accelerating,Oversold,-4.1823,-2.2981,full,51.69,Positive fading,29.48,Strong Bearish,Bearish majority,None,"Strong Bearish - majority agree, 1 dissenting",Below Lower,No Trend,Bearish,Yes,Yes,Breakout Down,60.08,High,Expanding,41.75,No,Squeeze releasing - expanding 10 bars after compression,Normal vol,Normal,Falling,Confirmed Down,0.0345,Neutral,42.7551,Neutral,2 - Advancing,late,74.0,291.0,3 - Topping,53.0,,,,,,"2 - Advancing, trend 79 but ADX shows no trend, this is a range - wait for alignment","2 - Advancing, trend 81 but ADX shows no trend, this is a range - wait for alignment"
2024-10-08,23175.19921875,23544.80078125,23106.5,23512.55078125,25631100,23551.3707,21546.5068,No,66.75,Bull,Downtrend,Hold,Uptrend (HH+HL),Bullish,57.7,Neutral,Mixed,"No clear trend - ADX no trend, price ranging",43.0438,Oversold,25.0434,157.0162,bullish accelerating,Oversold,-3.5549,-2.0169,full,54.71,Positive accelerating,34.06,Bearish,Bearish majority,Bearish divergence,Bearish - bearish divergence vs price over 21 bars,Lower Half,No Trend,Bearish,Yes,Yes,Inside,70.2,High,Expanding,48.29,No,Squeeze releasing - expanding 11 bars after compression,Normal vol,Normal,Rising,Weak Up,0.0401,Neutral,47.6976,Neutral,2 - Advancing,late,74.0,292.0,3 - Topping,53.0,,,,,,"2 - Advancing, trend 77 but ADX shows no trend, this is a range - wait for alignment","2 - Advancing, trend 81 but ADX shows no trend, this is a range - wait for alignment"
2024-10-09,23600.099609375,23797.44921875,23570.69921875,23599.599609375,25890900,23553.2621,21566.9355,No,65.89,Bull,Downtrend,Hold,Uptrend (HH+HL),Bullish,57.74,Neutral,Mixed,"No clear trend - ADX no trend, price ranging",45.2326,Oversold,3.2788,126.2687,bullish fading,Neutral,-3.2395,-1.8732,full,54.61,Positive fading,36.23,Bearish,Bearish majority,Bearish divergence,Bearish - bearish divergence vs price over 21 bars,Lower Half,No Trend,Bearish,Yes,Yes,Inside,70.16,High,Expanding,46.59,No,Squeeze releasing - expanding 12 bars after compression,Normal vol,Normal,Rising,Weak Up,-0.0044,Neutral,52.7801,Neutral,2 - Advancing,late,74.0,293.0,3 - Topping,53.0,,,,,,"2 - Advancing, trend 76 but ADX shows no trend, this is a range - wait for alignment","2 - Advancing, trend 80 but ADX shows no trend, this is a range - wait for alignment"
2024-10-10,23695.55078125,23755.5,23580.599609375,23598.150390625,19427900,23555.0224,21587.1466,No,64.62,Bull,Downtrend,Hold,Uptrend (HH+HL),Bullish,56.91,Neutral,Mixed,"No clear trend - ADX no trend, price ranging",45.2015,Oversold,-13.9263,98.2297,bearish fading,Neutral,-3.1722,-1.8385,full,55.4,Positive accelerating,38.07,Bearish,Bearish majority,None,"Bearish - majority agree, 1 dissenting",Lower Half,No Trend,Bearish,Yes,Yes,Inside,66.95,High,Expanding,44.44,No,Squeeze releasing - expanding 13 bars after compression,Normal vol,Normal,Rising,Weak Down,-0.003,Neutral,56.0946,Neutral,2 - Advancing,late,74.0,294.0,3 - Topping,53.0,,,,,,"2 - Advancing, trend 65 but components disagree - wait for alignment","2 - Advancing, trend 80 but ADX shows no trend, this is a range - wait for alignment"
2024-10-11,23608.30078125,23654.0,23546.30078125,23611.25,17121900,23557.2274,21607.287,No,63.4,Bull,Downtrend,Hold,Uptrend (HH+HL),Bullish,56.19,Neutral,Mixed,"No clear trend - ADX emerging, price ranging",45.5663,Oversold,-26.2023,73.3433,bearish fading,Neutral,-3.6154,-2.0031,full,55.27,Positive fading,39.07,Bearish,Bearish majority,Bearish divergence,Bearish - bearish divergence vs price over 21 bars,Lower Half,Emerging,Bearish,Yes,Yes,Inside,63.93,High,Expanding,40.68,No,Squeeze releasing - expanding 14 bars after compression,Normal vol,Normal,Rising,Weak Up,-0.0332,Neutral,48.7801,Neutral,2 - Advancing,late,74.0,295.0,3 - Topping,53.0,,,,,,"2 - Advancing, trend 62 but components disagree - wait for alignment","2 - Advancing, trend 81 but ADX shows no trend, this is a range - wait for alignment"
2024-10-14,23670.5,23740.19921875,23646.099609375,23727.05078125,16763300,23563.8871,21628.3791,No,64.67,Bull,Downtrend,Hold,Range,Bearish,47.51,Neutral,Mixed,"No clear trend - ADX emerging, price ranging",48.8109,Neutral,-26.284,53.4178,bearish fading,Neutral,-3.1136,-1.7906,full,55.47,Positive accelerating,41.71,Bearish,Bearish majority,None,"Bearish - majority agree, 1 dissenting",Lower Half,Emerging,Bearish,Yes,Yes,Inside,60.16,High,Expanding,36.23,No,Squeeze releasing - expanding 15 bars after compression,Normal vol,Normal,Rising,Weak Up,-0.0133,Neutral,46.0227,Neutral,2 - Advancing,late,74.0,296.0,3 - Topping,53.0,,,,,,"2 - Advancing, but trend score 56 does not confirm long - no directional edge","2 - Advancing, trend 79 but ADX shows no trend, this is a range - wait for alignment"
2024-10-15,23800.400390625,23814.94921875,23662.30078125,23735.69921875,17789200,23570.6249,21649.3475,No,65.71,Bull,Downtrend,Hold,Range,Bearish,48.05,Neutral,Mixed,"No clear trend - ADX emerging, price ranging",49.0552,Neutral,-25.3586,37.6625,bearish fading,Neutral,-2.1014,-1.3751,full,54.53,Positive fading,43.2,Neutral,Bearish majority,None,"Neutral - majority agree, 1 dissenting",Lower Half,Emerging,Bearish,Yes,Yes,Inside,56.47,Normal,Expanding,27.1,No,"Normal volatility, expanding - range widening",Normal vol,Normal,Rising,Weak Up,-0.0124,Neutral,44.6806,Neutral,2 - Advancing,late,74.0,297.0,3 - Topping,53.0,,,,,,"2 - Advancing, but trend score 58 does not confirm long - no directional edge","2 - Advancing, trend 77 but ADX shows no trend, this is a range - wait for alignment"
2024-10-16,23702.849609375,23768.150390625,23588.80078125,23673.150390625,17373100,23574.6455,21669.4848,No,65.29,Bull,Downtrend,Hold,Range,Bearish,47.31,Neutral,Mixed,"No clear trend - ADX emerging, price ranging",47.2975,Neutral,-29.3342,24.2632,bearish fading,Neutral,-2.4644,-1.5227,full,54.04,Positive fading,43.56,Neutral,Bearish majority,None,"Neutral - majority agree, 1 dissenting",Lower Half,Emerging,Bearish,Yes,Yes,Inside,54.17,Normal,Expanding,27.06,No,"Normal volatility, expanding - range widening",Normal vol,Normal,Rising,Weak Down,-0.0202,Neutral,46.3145,Neutral,2 - Advancing,late,74.0,298.0,3 - Topping,53.0,,,,,,"2 - Advancing, but trend score 58 does not confirm long - no directional edge","2 - Advancing, trend 76 but ADX shows no trend, this is a range - wait for alignment"
2024-10-17,23717.30078125,23720.150390625,23366.0,23377.0,17807000,23566.8947,21686.475,No,62.55,Bull,Downtrend,Hold,Range,Bearish,43.36,Neutral,Mixed,"No clear trend - ADX emerging, price ranging",39.9914,Oversold,-55.7393,8.2627,bearish accelerating,Neutral,-1.5931,-1.1719,full,51.44,Positive fading,38.71,Bearish,Bearish majority,None,"Bearish - majority agree, 1 dissenting",Lower Half,Emerging,Bearish,Yes,Yes,Inside,62.24,High,Expanding,23.0,No,High volatility and still expanding - move may be extended,Normal vol,Normal,Rising,Weak Down,-0.0505,Distribution,38.7176,Neutral,2 - Advancing,late,74.0,299.0,3 - Topping,53.0,,,,,,"2 - Advancing, but trend score 57 does not confirm long - no directional edge","2 - Advancing, trend 65 but components disagree - wait for alignment"
2024-10-18,23285.650390625,23471.19921875,23120.94921875,23440.69921875,19475900,23561.9458,21703.93,No,62.76,Bull,Downtrend,Hold,Range,Bearish,44.41,Neutral,Mixed,"No clear trend - ADX emerging, price ranging",42.0644,Oversold,-70.7104,-7.5319,bearish fading,Neutral,-0.4005,-0.6861,full,55.14,Positive accelerating,39.81,Bearish,Bearish majority,None,"Bearish - majority agree, 1 dissenting",Lower Half,Emerging,Bearish,Yes,Yes,Inside,65.99,High,Stable,18.77,No,"High volatility, stable",Normal vol,Normal,Rising,Weak Up,-0.005,Neutral,27.7122,Neutral,2 - Advancing,late,74.0,300.0,3 - Topping,53.0,,,,,,"2 - Advancing, but trend score 56 does not confirm long - no directional edge","2 - Advancing, trend 62 but components disagree - wait for alignment"
2024-10-21,23527.599609375,23559.05078125,23224.55078125,23263.25,20166200,23550.2323,21719.4456,No,53.79,Neutral,Downtrend,Hold,Range,Bearish,39.29,Bear,Mixed,"Range with bearish lean - ADX emerging, direction not confirmed",38.1143,Oversold,-95.7895,-25.1834,bearish accelerating,Oversold,0.3507,-0.3787,full,52.79,Positive fading,36.31,Bearish,Bearish majority,None,"Bearish - majority agree, 1 dissenting",Lower Half,Emerging,Bearish,Yes,No,Near Lower,68.73,High,Stable,8.65,No,"High volatility, stable",Vol contracting,Normal,Falling,Weak Down,-0.0988,Distribution,34.9164,Neutral,2 - Advancing,late,64.0,301.0,3 - Topping,53.0,,,,,,"2 - Advancing, but trend score 48 does not confirm long - no directional edge","2 - Advancing, but trend score 56 does not confirm long - no directional edge"
2024-10-22,23277.099609375,23306.19921875,22789.69921875,22814.44921875,24168100,23521.378,21730.3412,No,48.69,Neutral,Downtrend,Hold,Downtrend (LH+LL),Bearish,23.89,Strong Bear,Bearish confirmed,"Strong Bear - all 4 components agree, trending ADX",30.3513,Oversold,-150.1486,-50.1765,bearish accelerating,Oversold,-2.9691,-1.7296,full,49.56,Negative accelerating,30.4,Bearish,Bearish confirmed,None,Bearish - all 4 components agree incl. MACD acceleration,At Lower,Trending,Bearish,Yes,Yes,Breakout Down,77.9,High,Stable,7.7,No,"High volatility, stable",Vol expanding,Normal,Falling,Confirmed Down,-0.2042,Distribution,34.8265,Neutral,2 - Advancing,late,64.0,302.0,3 - Topping,53.0,,,,,,"2 - Advancing, but trend score 48 does not confirm long - no directional edge","2 - Advancing, but trend score 58 does not confirm long - no directional edge"
2024-10-23,22751.80078125,22989.05078125,22673.30078125,22841.099609375,26061900,23494.7005,21741.3935,No,48.43,Neutral,Downtrend,Hold,Downtrend (LH+LL),Bearish,24.76,Strong Bear,Bearish confirmed,"Strong Bear - all 4 components agree, trending ADX",31.2468,Oversold,-188.9006,-77.9213,bearish accelerating,Oversold,-3.214,-1.8129,full,49.3,Negative accelerating,29.6,Strong Bearish,Bearish confirmed,None,Strong Bearish - all 4 components agree incl. MACD acceleration,Lower Half,Trending,Bearish,Yes,Yes,Near Lower,83.33,Very High,Stable,13.17,No,"Very High volatility, stable",Vol expanding,Normal,Falling,Confirmed Up,-0.1984,Distribution,35.1042,Neutral,2 - Advancing,late,64.0,303.0,3 - Topping,53.0,,,,,,"2 - Advancing, but trend score 47 does not confirm long - no directional edge","2 - Advancing, but trend score 58 does not confirm long - no directional edge"
2024-10-24,22841.849609375,22893.19921875,22747.55078125,22787.849609375,19531500,23466.9808,21751.806,No,41.24,Neutral,Downtrend,Hold,Downtrend (LH+LL),Bearish,21.3,Strong Bear,Bearish confirmed,"Strong Bear - all 4 components agree, trending ADX",30.4056,Oversold,-221.3569,-106.6084,bearish accelerating,Oversold,-3.4337,-1.882,full,48.87,Negative accelerating,28.95,Strong Bearish,Bearish confirmed,None,Strong Bearish - all 4 components agree incl. MACD acceleration,Lower Half,Trending,Bearish,Yes,Yes,Near Lower,80.36,Very High,Stable,13.41,No,"Very High volatility, stable",Normal vol,Normal,Falling,Weak Down,-0.2602,Distribution,35.9855,Neutral,2 - Advancing,late,50.0,304.0,3 - Topping,53.0,,,,,,"2 - Advancing, but trend score 43 does not confirm long - no directional edge","2 - Advancing, but trend score 57 does not confirm long - no directional edge"
2024-10-25,22819.80078125,22839.19921875,22362.80078125,22499.05078125,26167800,23429.0228,21759.2413,No,39.2,Bear,Downtrend,Hold,Downtrend (LH+LL),Bearish,18.15,Strong Bear,Bearish confirmed,"Strong Bear - all 4 components agree, trending ADX",26.2742,Oversold,-267.3012,-138.747,bearish accelerating,Oversold,-4.7105,-2.3621,full,43.19,Negative accelerating,25.82,Strong Bearish,Bearish confirmed,None,Strong Bearish but oversold on RSI and Stochastic - stretched,At Lower,Trending,Bearish,Yes,Yes,Breakout Down,86.27,Very High,Expanding,22.34,No,Very High volatility and still expanding - move may be extended,Vol expanding,Normal,Falling,Confirmed Down,-0.3411,Distribution,36.6042,Neutral,2 - Advancing,late,50.0,305.0,3 - Topping,53.0,,,,,,"2 - Advancing, but trend score 44 does not confirm long - no directional edge","2 - Advancing, but trend score 56 does not confirm long - no directional edge"
2024-10-28,22548.69921875,22756.05078125,22407.0,22649.94921875,29092800,23398.4709,21768.1041,No,39.99,Bear,Downtrend,Hold,Downtrend (LH+LL),Bearish,19.04,Strong Bear,Bearish confirmed,"Strong Bear - all 4 components agree, trending ADX",31.5107,Oversold,-288.2138,-168.6403,bearish fading,Oversold,-4.5396,-2.2613,full,43.64,Negative fading,28.2,Strong Bearish,Bearish confirmed,None,Strong Bearish - all 4 components agree incl. MACD acceleration,Lower Half,Trending,Bearish,Yes,Yes,Inside,87.98,Very High,Expanding,27.82,No,Very High volatility and still expanding - move may be extended,Vol expanding,Normal,Falling,Confirmed Up,-0.2697,Distribution,37.139,Neutral,2 - Advancing,late,50.0,306.0,3 - Topping,53.0,,,,,,"2 - Advancing, but trend score 39 does not confirm long - no directional edge","2 - Advancing, but trend score 48 does not confirm long - no directional edge"
2024-10-29,22670.80078125,22808.80078125,22450.0,22795.05078125,23194400,23374.8073,21778.3224,No,40.66,Neutral,Downtrend,Hold,Downtrend (LH+LL),Bearish,20.56,Strong Bear,Bearish confirmed,"Strong Bear - all 4 components agree, trending ADX",36.203,Oversold,-289.7387,-192.86,bearish fading,Oversold,-3.963,-2.0105,full,44.49,Negative fading,31.86,Bearish,Bearish confirmed,None,Bearish - all 4 components agree incl. MACD acceleration,Lower Half,Trending,Bearish,Yes,Yes,Inside,86.93,Very High,Expanding,30.46,No,Very High volatility and still expanding - move may be extended,Extreme vol - reduce size,Normal,Falling,Confirmed Up,-0.1797,Distribution,36.342,Neutral,2 - Advancing,late,50.0,307.0,3 - Topping,53.0,,,,,,"2 - Advancing, but trend score 24 does not confirm long - no directional edge","2 - Advancing, but trend score 48 does not confirm long - no directional edge"
2024-10-30,22731.150390625,22896.55078125,22685.400390625,22749.80078125,27854400,23350.2973,21787.9889,No,40.12,Neutral,Downtrend,Hold,Downtrend (LH+LL),Bearish,19.97,Strong Bear,Bearish confirmed,"Strong Bear - all 4 components agree, trending ADX",35.3888,Oversold,-291.2413,-212.5363,bearish fading,Neutral,-3.9004,-1.9627,full,43.36,Negative accelerating,33.23,Bearish,Bearish confirmed,None,Bearish - all 4 components agree incl. MACD acceleration,Lower Half,Trending,Bearish,Yes,Yes,Inside,81.71,Very High,Expanding,27.54,No,Very High volatility and still expanding - move may be extended,Vol expanding,Normal,Falling,Confirmed Down,-0.2089,Distribution,44.516,Neutral,2 - Advancing,late,50.0,308.0,3 - Topping,53.0,,,,,,"2 - Advancing, but trend score 25 does not confirm long - no directional edge","2 - Advancing, but trend score 47 does not confirm long - no directional edge"
2024-10-31,22758.599609375,22779.5,22621.099609375,22689.349609375,24362900,23324.3778,21796.9576,No,39.48,Bear,Downtrend,Hold,Downtrend (LH+LL),Bearish,19.21,Strong Bear,Bearish confirmed,"Strong Bear - all 4 components agree, trending ADX",34.2795,Oversold,-293.9219,-228.8134,bearish fading,Neutral,-2.9416,-1.5759,full,43.05,Negative accelerating,34.03,Bearish,Bearish confirmed,None,Bearish - all 4 components agree incl. MACD acceleration,Lower Half,Trending,Bearish,Yes,Yes,Inside,77.82,High,Stable,15.57,No,"High volatility, stable",Vol expanding,Normal,Falling,Confirmed Down,-0.1701,Distribution,43.5872,Neutral,2 - Advancing,late,50.0,309.0,3 - Topping,53.0,,,,,,"2 - Advancing, but trend score 21 does not confirm long - no directional edge","2 - Advancing, but trend score 43 does not confirm long - no directional edge"
2024-11-01,22806.94921875,22881.5,22799.69921875,22823.55078125,6042900,23304.7375,21807.1725,No,41.01,Neutral,Downtrend,Hold,Downtrend (LH+LL),Bearish,20.94,Strong Bear,Bearish confirmed,"Strong Bear - all 4 components agree, trending ADX",38.8611,Oversold,-281.967,-239.4441,bearish fading,Neutral,-2.6328,-1.4455,full,46.25,Negative fading,38.58,Bearish,Bearish confirmed,None,Bearish - all 4 components agree incl. MACD acceleration,Lower Half,Trending,Bearish,Yes,Yes,Inside,73.09,High,Stable,7.1,No,"High volatility, stable",Vol expanding,Dry-up,Falling,Weak Up,-0.1376,Distribution,41.4582,Neutral,2 - Advancing,late,50.0,310.0,3 - Topping,53.0,,,,,,"2 - Advancing, but trend score 18 does not confirm long - no directional edge","2 - Advancing, but trend score 44 does not confirm long - no directional edge"
2024-11-04,22831.80078125,22832.650390625,22362.650390625,22518.30078125,22594400,23273.8968,21814.2484,No,39.23,Bear,Downtrend,Hold,Downtrend (LH+LL),Bearish,17.67,Strong Bear,Bearish confirmed,"Strong Bear - all 4 components agree, trending ADX",33.1929,Oversold,-293.7378,-250.3029,bearish accelerating,Neutral,-3.2023,-1.6527,full,49.79,Negative fading,37.24,Bearish,Bearish confirmed,None,Bearish - all 4 components agree incl. MACD acceleration,Lower Half,Trending,Bearish,Yes,Yes,Near Lower,79.41,High,Stable,10.67,No,"High volatility, stable",Vol expanding,Normal,Falling,Confirmed Down,-0.1099,Distribution,34.8691,Neutral,2 - Advancing,late,50.0,311.0,3 - Topping,53.0,,,,,,"2 - Advancing, but trend score 19 does not confirm long - no directional edge","2 - Advancing, but trend score 39 does not confirm long - no directional edge"
2024-11-05,22458.30078125,22697.5,22343.94921875,22679.849609375,21434200,23250.6009,21822.8614,No,40.67,Neutral,Downtrend,Hold,Downtrend (LH+LL),Bearish,20.12,Strong Bear,Bearish confirmed,"Strong Bear - all 4 components agree, trending ADX",38.3204,Oversold,-286.7254,-257.5874,bearish fading,Neutral,-0.59,-0.6538,full,52.11,Positive accelerating,41.05,Bearish,Bearish majority,Bullish divergence,Bearish - bullish divergence vs price over 21 bars,Lower Half,Trending,Bearish,Yes,Yes,Inside,81.03,Very High,Stable,3.13,No,"Very High volatility, stable",Vol expanding,Normal,Falling,Confirmed Up,-0.1171,Distribution,41.3892,Neutral,2 - Advancing,late,50.0,312.0,3 - Topping,53.0,,,,,,"2 - Advancing, but trend score 21 does not confirm long - no directional edge","2 - Advancing, but trend score 24 does not confirm long - no directional edge"
2024-11-06,22782.19921875,23052.19921875,22720.30078125,23031.19921875,21578000,23241.9969,21834.8846,No,44.92,Neutral,Downtrend,Hold,Downtrend (LH+LL),Bearish,24.73,Strong Bear,Bearish confirmed,"Strong Bear - all 4 components agree, trending ADX",47.7186,Neutral,-249.9359,-256.0571,Bullish crossover,Neutral,0.8323,-0.1151,full,51.6,Positive fading,48.67,Neutral,Mixed,Bullish divergence,Neutral - bullish divergence vs price over 21 bars,Lower Half,Trending,Bearish,Yes,Yes,Inside,80.95,Very High,Stable,-2.38,No,"Very High volatility, stable",Extreme vol - reduce size,Normal,Falling,Confirmed Up,-0.027,Neutral,47.9038,Neutral,2 - Advancing,late,50.0,313.0,3 - Topping,53.0,,,,,,"2 - Advancing, but trend score 20 does not confirm long - no directional edge","2 - Advancing, but trend score 25 does not confirm long - no directional edge"
2024-11-07,23067.150390625,23073.55078125,22793.900390625,22806.25,20350800,23224.9088,21844.5499,No,44.16,Neutral,Downtrend,Hold,Downtrend (LH+LL),Bearish,22.47,Strong Bear,Bearish confirmed,"Strong Bear - all 4 components agree, trending ADX",43.182,Neutral,-236.2086,-252.0874,bearish accelerating,Neutral,0.0807,-0.4168,full,50.89,Positive fading,49.24,Neutral,Mixed,Bullish divergence,Neutral - bullish divergence vs price over 21 bars,Lower Half,Trending,Bearish,Yes,Yes,Inside,79.6,High,Stable,-0.75,No,"High volatility, stable",Extreme vol - reduce size,Normal,Falling,Weak Down,-0.0342,Neutral,47.8284,Neutral,2 - Advancing,late,50.0,314.0,3 - Topping,53.0,,,,,,"2 - Advancing, but trend score 19 does not confirm long - no directional edge","2 - Advancing, but trend score 21 does not confirm long - no directional edge"
2024-11-08,22821.900390625,22857.099609375,22600.25,22645.650390625,19203600,23202.1927,21852.5211,No,42.37,Neutral,Downtrend,Hold,Downtrend (LH+LL),Bearish,20.41,Strong Bear,Bearish confirmed,"Strong Bear - all 4 components agree, trending ADX",40.2405,Oversold,-235.5732,-248.7845,bearish fading,Neutral,0.6516,-0.2027,full,47.58,Negative accelerating,47.3,Neutral,Bearish majority,Bullish divergence,Neutral - bullish divergence vs price over 21 bars,Lower Half,Trending,Bearish,Yes,Yes,Inside,78.14,High,Stable,-8.13,No,"High volatility, stable",Extreme vol - reduce size,Normal,Falling,Weak Down,-0.0719,Distribution,41.4191,Neutral,2 - Advancing,late,50.0,315.0,3 - Topping,53.0,,,,,,"2 - Advancing, but trend score 21 does not confirm long - no directional edge","2 - Advancing, but trend score 18 does not confirm long - no directional edge"
2024-11-11,22590.099609375,22770.55078125,22478.69921875,22591.400390625,20059500,23178.2401,21859.8731,No,42.59,Neutral,Downtrend,Hold,Downtrend (LH+LL),Bearish,20.01,Strong Bear,Bearish confirmed,"Strong Bear - all 4 components agree, trending ADX",39.2675,Oversold,-236.7184,-246.3713,bearish fading,Neutral,-0.2585,-0.5676,full,47.17,Negative accelerating,45.55,Neutral,Bearish majority,Bullish divergence,Neutral - bullish divergence vs price over 21 bars,Lower Half,Trending,Bearish,No,Yes,Inside,75.2,High,Stable,-12.78,No,"High volatility, stable",Extreme vol - reduce size,Normal,Falling,Weak Down,-0.1106,Distribution,42.0212,Neutral,2 - Advancing,late,50.0,316.0,3 - Topping,53.0,,,,,,"2 - Advancing, but trend score 18 does not confirm long - no directional edge","2 - Advancing, but trend score 19 does not confirm long - no directional edge"
2024-11-12,22664.19921875,22721.900390625,22286.849609375,22331.05078125,17128100,23145.017,21864.5615,No,39.38,Bear,Downtrend,Hold,Downtrend (LH+LL),Bearish,16.57,Strong Bear,Bearish confirmed,"Strong Bear - all 4 components agree, trending ADX",34.9054,Oversold,-255.6866,-248.2344,Bearish crossover,Neutral,-2.0355,-1.2751,full,46.7,Negative accelerating,40.79,Bearish,Bearish confirmed,None,Bearish - all 4 components agree incl. MACD acceleration,Lower Half,Trending,Bearish,No,Yes,Breakout Down,74.64,High,Stable,-12.28,No,"High volatility, stable",Extreme vol - reduce size,Normal,Falling,Weak Down,-0.1414,Distribution,43.3279,Neutral,2 - Advancing,late,50.0,317.0,3 - Topping,53.0,,,,,,"2 - Advancing, but trend score 20 does not confirm long - no directional edge","2 - Advancing, but trend score 21 does not confirm long - no directional edge"
2024-11-13,22263.0,22309.80078125,21867.69921875,21914.94921875,23256700,23096.779,21865.0628,No,33.73,Bear,Downtrend,Hold,Downtrend (LH+LL),Bearish,13.85,Strong Bear,Bearish confirmed,"Strong Bear - all 4 components agree, trending ADX",29.3026,Oversold,-300.8272,-258.7529,bearish accelerating,Oversold,-3.6697,-1.9262,full,43.32,Negative accelerating,33.15,Bearish,Bearish confirmed,None,Bearish but oversold on RSI and Stochastic - stretched,Below Lower,Trending,Bearish,Yes,Yes,Breakout Down,76.51,High,Stable,-5.2,No,"High volatility, stable",Extreme vol - reduce size,Normal,Falling,Confirmed Down,-0.1796,Distribution,42.9045,Neutral,2 - Advancing,late,50.0,318.0,3 - Topping,53.0,,,,,,"2 - Advancing, but trend score 25 does not confirm long - no directional edge","2 - Advancing, but trend score 20 does not confirm long - no directional edge"
2024-11-14,21924.099609375,22096.849609375,21907.55078125,21963.099609375,19082200,23052.321,21866.0383,No,34.11,Bear,Downtrend,Hold,Downtrend (LH+LL),Bearish,15.52,Strong Bear,Bearish confirmed,"Strong Bear - all 4 components agree, trending ADX",30.6891,Oversold,-328.9245,-272.7872,bearish accelerating,Oversold,-3.2008,-1.7367,full,40.52,Negative accelerating,30.32,Bearish,Bearish confirmed,None,Bearish - all 4 components agree incl. MACD acceleration,Below Lower,Trending,Bearish,Yes,Yes,Near Lower,80.47,Very High,Stable,2.66,No,"Very High volatility, stable",Extreme vol - reduce size,Normal,Falling,Weak Up,-0.1586,Distribution,44.004,Neutral,2 - Advancing,late,50.0,319.0,3 - Topping,53.0,,,,,,"2 - Advancing, but trend score 22 does not confirm long - no directional edge","2 - Advancing, but trend score 19 does not confirm long - no directional edge"
2024-11-18,22045.900390625,22049.150390625,21787.349609375,21899.400390625,20564200,23007.1085,21866.3703,No,33.77,Bear,Downtrend,Hold,Downtrend (LH+LL),Bearish,15.69,Strong Bear,Bearish confirmed,"Strong Bear - all 4 components agree, strong ADX",29.8549,Oversold,-352.271,-288.684,bearish accelerating,Oversold,-4.0491,-2.0572,full,39.28,Negative accelerating,29.19,Strong Bearish,Bearish confirmed,None,Strong Bearish but oversold on RSI and Stochastic - stretched,Below Lower,Strong,Bearish,Yes,Yes,Near Lower,78.97,High,Stable,5.87,No,"High volatility, stable",Extreme vol - reduce size,Normal,Falling,Weak Down,-0.2023,Distribution,35.2379,Neutral,2 - Advancing,late,50.0,320.0,3 - Topping,53.0,,,,,,"2 - Advancing, but trend score 20 does not confirm long - no directional edge","2 - Advancing, but trend score 21 does not confirm long - no directional edge"
2024-11-19,21977.650390625,22233.400390625,21948.44921875,22004.349609375,19033700,22967.7846,21867.7432,No,34.5,Bear,Downtrend,Hold,Downtrend (LH+LL),Bearish,16.91,Strong Bear,Bearish confirmed,"Strong Bear - all 4 components agree, strong ADX",33.0821,Oversold,-358.1759,-302.5824,bearish fading,Oversold,-2.2824,-1.3544,full,39.04,Negative accelerating,31.35,Bearish,Bearish confirmed,None,Bearish - all 4 components agree incl. MACD acceleration,Lower Half,Strong,Bearish,Yes,Yes,Near Lower,78.57,High,Stable,-0.83,No,"High volatility, stable",Extreme vol - reduce size,Normal,Falling,Weak Up,-0.1937,Distribution,34.1556,Neutral,2 - Advancing,late,50.0,321.0,3 - Topping,53.0,,,,,,"2 - Advancing, but trend score 20 does not confirm long - no directional edge","2 - Advancing, but trend score 18 does not confirm long - no directional edge"
2024-11-21,21947.75,21954.19921875,21692.80078125,21820.849609375,26353500,22922.8067,21867.2766,Yes,33.55,Bear,Downtrend,Hold,Downtrend (LH+LL),Bearish,15.66,Strong Bear,Bearish confirmed,"Strong Bear - all 4 components agree, strong ADX",30.4447,Oversold,-373.3587,-316.7376,bearish accelerating,Oversold,-3.7875,-1.9224,full,36.75,Negative accelerating,29.86,Strong Bearish,Bearish confirmed,None,Strong Bearish - all 4 components agree incl. MACD acceleration,At Lower,Strong,Bearish,Yes,Yes,Near Lower,79.68,High,Stable,-1.35,No,"High volatility, stable",Extreme vol - reduce size,Normal,Falling,Confirmed Down,-0.1435,Distribution,24.4023,Neutral,2 - Advancing,late,50.0,322.0,3 - Topping,53.0,,,,,,"2 - Advancing, but trend score 17 does not confirm long - no directional edge","2 - Advancing, but trend score 20 does not confirm long - no directional edge"
2024-11-22,21864.650390625,22260.150390625,21819.19921875,22225.55078125,23049700,22895.4634,21870.8415,No,36.35,Bear,Downtrend,Hold,Downtrend (LH+LL),Bearish,20.35,Strong Bear,Bearish confirmed,"Strong Bear - all 4 components agree, strong ADX",41.5181,Neutral,-348.7154,-323.1332,bearish fading,Neutral,-3.4981,-1.7898,full,39.63,Negative fading,38.45,Bearish,Bearish confirmed,Bullish divergence,Bearish - bullish divergence vs price over 21 bars,Lower Half,Strong,Bearish,Yes,Yes,Inside,77.3,High,Stable,-3.65,No,"High volatility, stable",Extreme vol - reduce size,Normal,Falling,Confirmed Up,-0.1031,Distribution,32.7184,Neutral,2 - Advancing,late,50.0,323.0,3 - Topping,53.0,,,,,,"2 - Advancing, but trend score 14 does not confirm long - no directional edge","2 - Advancing, but trend score 25 does not confirm long - no directional edge"
2024-11-25,22578.650390625,22676.25,22510.80078125,22553.5,37062000,22882.053,21877.6341,No,40.02,Neutral,Downtrend,Hold,Downtrend (LH+LL),Bearish,24.64,Strong Bear,Bearish confirmed,"Strong Bear - all 4 components agree, trending ADX",48.6521,Neutral,-299.2728,-318.3611,Bullish crossover,Neutral,-1.1082,-0.8567,full,42.61,Negative fading,48.42,Neutral,Bearish majority,Bullish divergence,Neutral - bullish divergence vs price over 21 bars,Upper Half,Trending,Bearish,No,Yes,Inside,77.3,High,Stable,-2.3,No,"High volatility, stable",Extreme vol - reduce size,Normal,Falling,Confirmed Up,-0.1196,Distribution,39.4817,Neutral,2 - Advancing,late,50.0,324.0,3 - Topping,53.0,,,,,,"2 - Advancing, but trend score 16 does not confirm long - no directional edge","2 - Advancing, but trend score 22 does not confirm long - no directional edge"
2024-11-26,22649.30078125,22675.69921875,22523.0,22562.44921875,32509700,22869.5196,21884.4482,No,43.69,Neutral,Downtrend,Hold,Downtrend (LH+LL),Bearish,26.0,Bear,Bearish confirmed,"Bear - all 4 components agree, trending ADX",48.8355,Neutral,-256.4113,-305.9712,bearish accelerating,Neutral,-0.3674,-0.5645,full,41.52,Negative accelerating,53.41,Neutral,Mixed,Bullish divergence,Neutral - bullish divergence vs price over 21 bars,Upper Half,Trending,Bearish,No,Yes,Inside,75.91,High,Stable,-2.22,No,"High volatility, stable",Extreme vol - reduce size,Normal,Falling,Confirmed Up,-0.1279,Distribution,48.4792,Neutral,2 - Advancing,late,50.0,325.0,3 - Topping,53.0,,,,,,"2 - Advancing, but trend score 16 does not confirm long - no directional edge","2 - Advancing, but trend score 20 does not confirm long - no directional edge"
2024-11-27,22594.19921875,22732.099609375,22526.099609375,22691.69921875,27765700,22862.5462,21892.4806,No,47.67,Neutral,Downtrend,Hold,Downtrend (LH+LL),Bearish,28.58,Bear,Bearish confirmed,"Bear - all 4 components agree, trending ADX",51.5285,Neutral,-209.5978,-286.6965,bearish accelerating,Neutral,0.444,-0.246,full,42.26,Negative fading,57.98,Neutral,Bullish majority,None,"Neutral - majority agree, 1 dissenting",Upper Half,Trending,Bearish,No,Yes,Inside,74.36,High,Stable,-0.84,No,"High volatility, stable",Vol expanding,Normal,Falling,Confirmed Up,-0.1162,Distribution,49.4998,Neutral,2 - Advancing,late,50.0,326.0,3 - Topping,53.0,,,,,,"2 - Advancing, but trend score 17 does not confirm long - no directional edge","2 - Advancing, but trend score 20 does not confirm long - no directional edge"
2024-11-28,22722.30078125,22821.75,22472.25,22514.349609375,30300900,22848.8914,21898.6683,No,48.25,Neutral,Downtrend,Hold,Downtrend (LH+LL),Bearish,27.16,Bear,Bearish confirmed,"Bear - all 4 components agree, trending ADX",47.81,Neutral,-184.6795,-266.2931,bearish accelerating,Neutral,0.8208,-0.0947,full,40.67,Negative accelerating,56.57,Neutral,Mixed,Bullish divergence,Neutral - bullish divergence vs price over 21 bars,Upper Half,Trending,Bearish,No,Yes,Inside,73.61,High,Stable,-1.03,No,"High volatility, stable",Extreme vol - reduce size,Normal,Falling,Confirmed Down,-0.211,Distribution,41.6597,Neutral,2 - Advancing,late,50.0,327.0,3 - Topping,53.0,,,,,,"2 - Advancing, but trend score 16 does not confirm long - no directional edge","2 - Advancing, but trend score 17 does not confirm long - no directional edge"
2024-11-29,22537.80078125,22733.75,22531.900390625,22687.0,24656200,22842.5428,21906.5124,No,49.47,Neutral,Downtrend,Hold,Downtrend (LH+LL),Bearish,30.18,Bear,Bearish confirmed,"Bear - all 4 components agree, trending ADX",51.4808,Neutral,-149.2793,-242.8903,bearish accelerating,Neutral,3.5229,0.9636,full,42.01,Negative fading,59.68,Bullish,Bullish majority,Bullish divergence,Bullish - bullish divergence vs price over 21 bars,Upper Half,Trending,Bearish,No,No,Inside,71.86,High,Stable,-4.64,No,"High volatility, stable",Vol contracting,Normal,Falling,Confirmed Up,-0.1597,Distribution,48.4964,Neutral,2 - Advancing,late,50.0,328.0,3 - Topping,53.0,,,,,,"2 - Advancing, but trend score 20 does not confirm long - no directional edge","2 - Advancing, but trend score 14 does not confirm long - no directional edge"
2024-12-02,22695.400390625,22843.5,22603.099609375,22835.849609375,18255400,22842.2803,21915.7596,No,52.21,Neutral,Uptrend,Buy,Downtrend (LH+LL),Bearish,58.11,Neutral,Bullish majority,"Neutral - majority agree, 1 dissenting, trending ADX",54.455,Neutral,-107.9689,-215.906,bearish accelerating,Overbought,3.9737,1.1406,full,42.43,Negative fading,62.49,Bullish,Bullish majority,None,"Bullish - majority agree, 1 dissenting",Upper Half,Trending,Bullish,No,No,Inside,71.35,High,Stable,-9.13,No,"High volatility, stable",Vol contracting,Normal,Falling,Weak Up,-0.1164,Distribution,54.1058,Neutral,3 - Topping,early,80.0,1.0,2 - Advancing,328.0,,,,,,"2 - Advancing, but trend score 25 does not confirm long - no directional edge","2 - Advancing, but trend score 16 does not confirm long - no directional edge"
2024-12-03,22922.599609375,23029.55078125,22876.80078125,23020.849609375,21659200,22849.283,21926.7555,No,62.09,Bull,Uptrend,Hold,Downtrend (LH+LL),Bearish,59.99,Neutral,Bullish majority,"Neutral - majority agree, 1 dissenting, trending ADX",57.9086,Neutral,-59.6149,-184.6478,bearish accelerating,Overbought,5.1209,1.5811,full,43.77,Negative fading,66.18,Bullish,Bullish majority,None,"Bullish - majority agree, 1 dissenting",Upper Half,Trending,Bullish,No,No,Near Upper,68.01,High,Stable,-10.95,No,"High volatility, stable",Vol contracting,Normal,Falling,Weak Up,-0.0659,Distribution,60.3173,Neutral,3 - Topping,early,60.0,2.0,2 - Advancing,328.0,,,,,,"2 - Advancing, but trend score 26 does not confirm long - no directional edge","2 - Advancing, but trend score 16 does not confirm long - no directional edge"
2024-12-04,23075.94921875,23149.900390625,22978.849609375,23099.5,26977000,22859.0954,21938.4246,No,64.33,Bull,Uptrend,Hold,Downtrend (LH+LL),Bearish,59.61,Neutral,Bullish majority,"Neutral - majority agree, 1 dissenting, trending ADX",59.3208,Neutral,-14.7773,-150.6737,bearish accelerating,Overbought,4.977,1.5158,full,44.21,Negative fading,67.5,Bullish,Bullish majority,None,"Bullish - majority agree, 1 dissenting",Upper Half,Trending,Bullish,No,No,Breakout Up,66.87,High,Stable,-11.71,No,"High volatility, stable",Vol contracting,Normal,Falling,Confirmed Up,-0.0255,Neutral,66.4059,Neutral,3 - Topping,early,60.0,3.0,2 - Advancing,328.0,,,,,,"2 - Advancing, but trend score 29 does not confirm long - no directional edge","2 - Advancing, but trend score 17 does not confirm long - no directional edge"
2024-12-05,23183.30078125,23357.099609375,22993.849609375,23277.94921875,27902600,22875.5211,21951.7532,No,67.76,Bull,Uptrend,Hold,Downtrend (LH+LL),Bearish,61.55,Bull,Bullish majority,"Bull - majority agree, 1 dissenting, trending ADX",62.4031,Neutral,34.7556,-113.5878,bullish accelerating,Overbought,6.6776,2.1509,full,46.03,Negative fading,69.11,Bullish,Bullish majority,None,"Bullish - majority agree, 1 dissenting",Upper Half,Trending,Bullish,No,No,Breakout Up,74.09,High,Stable,-5.59,No,"High volatility, stable",Vol contracting,Normal,Rising,Confirmed Up,-0.0326,Neutral,73.3772,Neutral,3 - Topping,early,60.0,4.0,2 - Advancing,328.0,,,,,,"2 - Advancing, but trend score 27 does not confirm long - no directional edge","2 - Advancing, but trend score 16 does not confirm long - no directional edge"
2024-12-06,23315.80078125,23358.19921875,23221.69921875,23312.099609375,24696700,22892.6418,21965.289,No,76.04,Bull,Uptrend,Hold,Downtrend (LH+LL),Bearish,63.14,Bull,Bullish majority,"Bull - majority agree, 1 dissenting, trending ADX",62.9812,Neutral,75.8916,-75.692,bullish accelerating,Overbought,4.8887,1.4527,full,46.21,Negative fading,69.27,Bullish,Bullish majority,None,"Bullish - majority agree, 1 dissenting",Upper Half,Trending,Bullish,No,No,Near Upper,72.46,High,Stable,-4.84,No,"High volatility, stable",Vol contracting,Normal,Rising,Confirmed Up,-0.055,Distribution,79.0295,Neutral,3 - Topping,early,40.0,5.0,2 - Advancing,328.0,,,,,,"2 - Advancing, but trend score 30 does not confirm long - no directional edge","2 - Advancing, but trend score 20 does not confirm long - no directional edge"
2024-12-09,23289.400390625,23351.900390625,23243.30078125,23292.0,22821900,22908.3029,21978.4901,No,75.8,Bull,Uptrend,Hold,Downtrend (LH+LL),Bearish,62.25,Bull,Bullish majority,"Bull - majority agree, 1 dissenting, trending ADX",62.3733,Neutral,105.6524,-39.4231,bullish fading,Overbought,3.2744,0.8319,full,48.42,Negative fading,69.5,Bullish,Bullish majority,None,"Bullish - majority agree, 1 dissenting",Upper Half,Trending,Bullish,No,No,Near Upper,69.01,High,Stable,-8.29,No,"High volatility, stable",Vol contracting,Normal,Rising,Weak Down,-0.0211,Neutral,78.252,Neutral,3 - Topping,early,40.0,6.0,2 - Advancing,328.0,,,,,,3 - Topping - no new positions in a basing/topping stage,"2 - Advancing, but trend score 25 does not confirm long - no directional edge"
2024-12-10,23328.80078125,23341.349609375,23216.25,23314.900390625,21731600,22924.2479,21991.7877,No,75.89,Bull,Uptrend,Hold,Downtrend (LH+LL),Bearish,62.14,Bull,Bullish majority,"Bull - majority agree, 1 dissenting, trending ADX",62.8137,Neutral,129.592,-5.6201,bullish fading,Overbought,3.335,0.8538,full,48.41,Negative accelerating,69.35,Bullish,Bullish majority,None,"Bullish - majority agree, 1 dissenting",Upper Half,Trending,Bullish,No,No,Near Upper,65.04,High,Stable,-10.87,No,"High volatility, stable",Vol contracting,Normal,Rising,Weak Up,0.0304,Neutral,72.397,Neutral,3 - Topping,early,40.0,7.0,2 - Advancing,328.0,,,,,,3 - Topping - no new positions in a basing/topping stage,"2 - Advancing, but trend score 26 does not confirm long - no directional edge"
2024-12-11,23326.69921875,23394.19921875,23301.150390625,23358.150390625,17613100,22941.2637,22005.3833,No,76.18,Bull,Uptrend,Hold,Downtrend (LH+LL),Bearish,61.52,Bull,Bullish majority,"Bull - majority agree, 1 dissenting, trending ADX",63.6783,Neutral,150.3215,25.5682,bullish fading,Overbought,2.937,0.7025,full,47.58,Negative accelerating,68.95,Bullish,Bullish majority,None,"Bullish - majority agree, 1 dissenting",Upper Half,Trending,Bullish,No,No,Near Upper,60.2,High,Stable,-14.17,No,"High volatility, stable",Vol contracting,Normal,Rising,Weak Up,0.0483,Neutral,78.8902,Neutral,3 - Topping,early,40.0,8.0,2 - Advancing,328.0,,,,,,3 - Topping - no new positions in a basing/topping stage,"2 - Advancing, but trend score 29 does not confirm long - no directional edge"
2024-12-12,23348.69921875,23386.25,23242.75,23256.400390625,19632100,22953.622,22017.8313,No,75.56,Bull,Uptrend,Hold,Downtrend (LH+LL),Bearish,60.13,Bull,Bullish majority,"Range with bullish lean - ADX emerging, direction not confirmed",60.1358,Neutral,156.7326,51.8011,bullish fading,Overbought,3.2959,0.8386,full,47.66,Negative fading,66.54,Bullish,Bullish majority,None,"Bullish - majority agree, 1 dissenting",Upper Half,Emerging,Bullish,No,No,Near Upper,57.66,Normal,Stable,-15.95,No,"Normal volatility, stable",Vol contracting,Normal,Rising,Weak Down,0.0434,Neutral,73.1144,Neutral,3 - Topping,mid,40.0,9.0,2 - Advancing,328.0,,,,,,3 - Topping - no new positions in a basing/topping stage,"2 - Advancing, but trend score 27 does not confirm long - no directional edge"
2024-12-13,23208.349609375,23378.55078125,22879.900390625,23358.94921875,21518400,22969.5172,22031.1757,No,83.04,Strong Bull,Uptrend,Hold,Downtrend (LH+LL),Bearish,52.95,Neutral,Mixed,"No clear trend - ADX emerging, price ranging",62.4058,Neutral,168.15,75.0709,bullish fading,Overbought,2.9618,0.7107,full,45.41,Negative accelerating,65.82,Bullish,Bullish majority,None,"Bullish - majority agree, 1 dissenting",Upper Half,Emerging,Bearish,No,No,Near Upper,66.11,High,Stable,-5.75,No,"High volatility, stable",Vol contracting,Normal,Rising,Weak Up,0.1224,Accumulation,65.5208,Neutral,3 - Topping,mid,20.0,10.0,2 - Advancing,328.0,,,,,,3 - Topping but stage confidence only 40 - regime not established,"2 - Advancing, but trend score 30 does not confirm long - no directional edge"
2024-12-16,23370.55078125,23417.650390625,23281.19921875,23352.44921875,14889800,22984.5341,22044.3227,No,83.0,Strong Bull,Uptrend,Hold,Downtrend (LH+LL),Bearish,53.81,Neutral,Mixed,"No clear trend - ADX emerging, price ranging",62.1641,Neutral,174.6605,94.9888,bullish fading,Overbought,2.2622,0.4485,full,45.19,Negative accelerating,64.65,Bullish,Bullish majority,None,"Bullish - majority agree, 1 dissenting",Upper Half,Emerging,Bearish,No,No,Near Upper,62.18,High,Stable,-9.17,No,"High volatility, stable",Vol contracting,Normal,Rising,Weak Down,0.1413,Accumulation,63.7156,Neutral,3 - Topping,mid,20.0,11.0,2 - Advancing,328.0,,,,,,3 - Topping but stage confidence only 40 - regime not established,3 - Topping - no new positions in a basing/topping stage
2024-12-17,23308.900390625,23349.099609375,23067.30078125,23095.75,19211800,22988.8955,22054.7847,No,79.59,Bull,Uptrend,Hold,Downtrend (LH+LL),Bearish,50.64,Neutral,Mixed,"No clear trend - ADX emerging, price ranging",53.375,Neutral,157.2934,107.4497,bullish fading,Overbought,0.3254,-0.2892,full,42.72,Negative accelerating,58.19,Bullish,Bullish majority,None,"Bullish - majority agree, 1 dissenting",Upper Half,Emerging,Bearish,No,No,Inside,63.09,High,Stable,-4.92,No,"High volatility, stable",Vol contracting,Normal,Rising,Weak Down,0.1158,Accumulation,56.6076,Neutral,3 - Topping,mid,20.0,12.0,2 - Advancing,328.0,,,,,,3 - Topping but stage confidence only 40 - regime not established,3 - Topping - no new positions in a basing/topping stage
2024-12-18,23076.94921875,23125.55078125,22876.69921875,22934.400390625,17807500,22986.7585,22063.5371,No,76.38,Bull,Uptrend,Hold,Downtrend (LH+LL),Bearish,48.03,Neutral,Mixed,"No clear trend - ADX emerging, price ranging",48.7129,Neutral,129.0231,111.7644,bullish fading,Neutral,-0.7147,-0.6853,full,41.36,Negative accelerating,51.23,Neutral,Mixed,None,"Neutral - components mixed, low conviction",Upper Half,Emerging,Bearish,No,No,Inside,60.48,High,Stable,-6.39,No,"High volatility, stable",Vol contracting,Normal,Rising,Weak Down,0.1204,Accumulation,58.8612,Neutral,3 - Topping,mid,20.0,13.0,2 - Advancing,328.0,,,,,,3 - Topping but stage confidence only 40 - regime not established,3 - Topping - no new positions in a basing/topping stage
2024-12-19,22594.94921875,22782.25,22590.0,22752.150390625,17201400,22977.5581,22070.389,No,73.18,Bull,Uptrend,Hold,Downtrend (LH+LL),Bearish,44.77,Neutral,Mixed,"No clear trend - ADX emerging, price ranging",44.0343,Neutral,90.8651,107.5845,Bearish crossover,Neutral,-2.2588,-1.2789,full,40.41,Negative accelerating,43.01,Neutral,Bearish confirmed,None,Neutral - all 4 components agree incl. MACD acceleration,Lower Half,Emerging,Bearish,No,No,Inside,57.18,Normal,Stable,-16.91,No,"Normal volatility, stable",Vol contracting,Normal,Rising,Weak Down,0.1492,Accumulation,52.0584,Neutral,2 - Advancing,early,84.0,1.0,3 - Topping,13.0,,,,,,3 - Topping but stage confidence only 40 - regime not established,3 - Topping - no new positions in a basing/topping stage
2024-12-20,22783.650390625,22855.0,22279.900390625,22319.400390625,25841100,22951.748,22072.8667,No,45.49,Neutral,Downtrend,Sell,Downtrend (LH+LL),Bearish,23.75,Strong Bear,Bearish confirmed,"Range with bearish lean - ADX emerging, direction not confirmed",35.3519,Oversold,25.4124,91.1501,bullish accelerating,Neutral,-4.2583,-2.0431,full,37.13,Negative accelerating,32.25,Bearish,Bearish confirmed,None,Bearish - all 4 components agree incl. MACD acceleration,At Lower,Emerging,Bearish,No,Yes,Inside,65.63,High,Stable,-6.83,No,"High volatility, stable",Vol expanding,Normal,Rising,Confirmed Down,0.0595,Accumulation,44.8114,Neutral,2 - Advancing,early,50.0,2.0,3 - Topping,13.0,,,,,,3 - Topping but stage confidence only 20 - regime not established,3 - Topping but stage confidence only 40 - regime not established
2024-12-23,22446.599609375,22535.19921875,22331.5,22412.30078125,15840200,22930.5932,22076.2441,No,44.81,Neutral,Downtrend,Hold,Range,Bullish,34.9,Bear,Bearish confirmed,"Range with bearish lean - ADX emerging, direction not confirmed",38.1704,Oversold,-18.747,69.1707,bearish accelerating,Oversold,-3.7768,-1.8433,full,35.27,Negative accelerating,29.59,Strong Bearish,Bearish confirmed,Bearish divergence,Strong Bearish - bearish divergence vs price over 21 bars,Lower Half,Emerging,Bearish,Yes,Yes,Near Lower,52.86,Normal,Stable,-16.15,No,"Normal volatility, stable",Normal vol,Normal,Rising,Weak Up,0.095,Accumulation,38.413,Neutral,2 - Advancing,early,50.0,3.0,3 - Topping,13.0,,,,,,3 - Topping but stage confidence only 20 - regime not established,3 - Topping but stage confidence only 40 - regime not established
2024-12-24,22431.599609375,22516.30078125,22340.099609375,22402.69921875,13500400,22909.8915,22079.4924,No,43.38,Neutral,Downtrend,Hold,Range,Bullish,33.9,Bear,Bearish confirmed,"Bear - all 4 components agree, trending ADX",37.9861,Oversold,-53.897,44.5571,bearish accelerating,Oversold,-3.9125,-1.8798,full,33.79,Negative accelerating,28.13,Strong Bearish,Bearish confirmed,None,Strong Bearish - all 4 components agree incl. MACD acceleration,Lower Half,Trending,Bearish,Yes,Yes,Near Lower,51.27,Normal,Stable,-13.77,No,"Normal volatility, stable",Normal vol,Normal,Falling,Weak Down,0.1266,Accumulation,30.6787,Neutral,2 - Advancing,early,50.0,4.0,3 - Topping,13.0,,,,,,3 - Topping but stage confidence only 20 - regime not established,3 - Topping but stage confidence only 40 - regime not established
2024-12-26,22444.69921875,22492.30078125,22324.599609375,22430.349609375,14200,22891.0859,22082.9836,No,42.28,Neutral,Downtrend,Hold,Range,Bullish,33.51,Bear,Bearish confirmed,"Bear - all 4 components agree, trending ADX",38.9011,Oversold,-78.6163,19.9224,bearish accelerating,Oversold,-3.9721,-1.8847,full,33.93,Negative fading,28.88,Strong Bearish,Bearish confirmed,None,Strong Bearish - all 4 components agree incl. MACD acceleration,Lower Half,Trending,Bearish,Yes,Yes,Near Lower,50.75,Normal,Stable,-9.44,No,"Normal volatility, stable",Normal vol,Dry-up,Falling,Weak Up,0.0934,Accumulation,22.9542,Neutral,2 - Advancing,early,50.0,5.0,3 - Topping,13.0,,,,,,3 - Topping but stage confidence only 20 - regime not established,3 - Topping but stage confidence only 40 - regime not established
2024-12-27,22473.900390625,22555.44921875,22435.55078125,22445.19921875,11665400,22873.6002,22086.5877,No,41.35,Neutral,Downtrend,Hold,Range,Bullish,32.9,Bear,Bearish confirmed,"Bear - all 4 components agree, trending ADX",39.4181,Neutral,-95.9028,-3.2426,bearish fading,Oversold,-3.4881,-1.6835,full,34.19,Negative fading,29.64,Strong Bearish,Bearish confirmed,None,Strong Bearish - all 4 components agree incl. MACD acceleration,Lower Half,Trending,Bearish,Yes,Yes,Near Lower,46.55,Normal,Stable,-11.11,No,"Normal volatility, stable",Normal vol,Normal,Falling,Weak Up,0.1324,Accumulation,18.5675,Oversold,2 - Advancing,early,50.0,6.0,3 - Topping,13.0,,,,,,"2 - Advancing, but trend score 45 does not confirm long - no directional edge",3 - Topping but stage confidence only 40 - regime not established
2024-12-30,22438.150390625,22522.400390625,22266.150390625,22357.150390625,30031300,22853.3473,22089.2799,No,39.57,Bear,Downtrend,Hold,Range,Bullish,31.28,Bear,Bearish confirmed,"Bear - all 4 components agree, trending ADX",37.3974,Oversold,-115.3773,-25.6695,bearish fading,Oversold,-4.2887,-1.9792,full,32.53,Negative accelerating,28.67,Strong Bearish,Bearish confirmed,None,Strong Bearish - all 4 components agree incl. MACD acceleration,Lower Half,Trending,Bearish,Yes,Yes,Near Lower,48.57,Normal,Stable,-17.54,No,"Normal volatility, stable",Normal vol,Normal,Falling,Confirmed Down,0.0742,Accumulation,18.105,Oversold,2 - Advancing,early,50.0,7.0,3 - Topping,13.0,,,,,,"2 - Advancing, but trend score 24 does not confirm long - no directional edge",3 - Topping but stage confidence only 20 - regime not established
2024-12-31,22273.69921875,22414.44921875,22160.150390625,22375.400390625,20703900,22834.6042,22092.1268,No,39.21,Bear,Downtrend,Hold,Range,Bullish,31.49,Bear,Bearish confirmed,"Bear - all 4 components agree, trending ADX",38.1057,Oversold,-127.8644,-46.1085,bearish fading,Oversold,-4.1839,-1.9171,full,32.73,Negative fading,29.69,Strong Bearish,Bearish confirmed,None,Strong Bearish - all 4 components agree incl. MACD acceleration,Lower Half,Trending,Bearish,Yes,Yes,Near Lower,50.28,Normal,Stable,-11.9,No,"Normal volatility, stable",Normal vol,Normal,Falling,Confirmed Up,0.0667,Accumulation,18.2477,Oversold,2 - Advancing,early,50.0,8.0,3 - Topping,13.0,,,,,,"2 - Advancing, but trend score 35 does not confirm long - no directional edge",3 - Topping but stage confidence only 20 - regime not established
2025-01-02,22521.75,22833.349609375,22482.69921875,22819.75,18525200,22834.0217,22099.3669,No,44.06,Neutral,Downtrend,Hold,Range,Bullish,37.78,Bear,Bearish confirmed,"Bear - all 4 components agree, trending ADX",52.2655,Neutral,-100.7439,-57.0356,bearish fading,Neutral,-1.195,-0.7505,full,38.24,Negative fading,40.41,Bearish,Bearish majority,None,"Bearish - majority agree, 1 dissenting",Lower Half,Trending,Bearish,Yes,Yes,Inside,59.52,Normal,Stable,-3.57,No,"Normal volatility, stable",Normal vol,Normal,Falling,Weak Up,0.0618,Accumulation,18.3856,Oversold,2 - Advancing,early,50.0,9.0,3 - Topping,13.0,,,,,,"2 - Advancing, but trend score 34 does not confirm long - no directional edge",3 - Topping but stage confidence only 20 - regime not established
2025-01-03,22850.099609375,22867.849609375,22681.30078125,22708.150390625,22010400,22829.0856,22105.4244,No,45.08,Neutral,Downtrend,Hold,Range,Bullish,37.74,Bear,Bearish confirmed,"Bear - all 4 components agree, trending ADX",49.2199,Neutral,-87.2501,-63.0785,bearish fading,Neutral,-0.9865,-0.6666,full,37.12,Negative accelerating,42.61,Neutral,Bearish confirmed,None,Neutral - all 4 components agree incl. MACD acceleration,Lower Half,Trending,Bearish,Yes,Yes,Inside,57.38,Normal,Stable,-3.1,No,"Normal volatility, stable",Normal vol,Normal,Falling,Confirmed Down,-0.0072,Neutral,27.1089,Neutral,2 - Advancing,early,50.0,10.0,3 - Topping,13.0,,,,,,"2 - Advancing, but trend score 34 does not confirm long - no directional edge",3 - Topping but stage confidence only 20 - regime not established
2025-01-06,22753.650390625,22757.400390625,22163.55078125,22225.400390625,24961500,22805.4117,22106.6182,No,41.03,Neutral,Downtrend,Hold,Range,Bullish,31.72,Bear,Bearish confirmed,"Bear - all 4 components agree, trending ADX",38.7115,Oversold,-114.1937,-73.3015,bearish accelerating,Neutral,-2.3152,-1.1736,full,37.12,Negative accelerating,37.27,Bearish,Bearish confirmed,None,Bearish - all 4 components agree incl. MACD acceleration,Lower Half,Trending,Bearish,Yes,Yes,Near Lower,70.64,High,Stable,13.45,No,"High volatility, stable",Vol expanding,Normal,Falling,Confirmed Down,-0.1007,Distribution,26.8271,Neutral,3 - Topping,early,80.0,1.0,2 - Advancing,10.0,,,,,,"2 - Advancing, but trend score 33 does not confirm long - no directional edge","2 - Advancing, but trend score 45 does not confirm long - no directional edge"
2025-01-07,22278.150390625,22435.5,22247.75,22341.650390625,19294300,22787.2249,22108.9568,No,42.09,Neutral,Downtrend,Hold,Range,Bullish,32.93,Bear,Bearish confirmed,"Bear - all 4 components agree, trending ADX",41.9268,Neutral,-124.7285,-83.5869,bearish accelerating,Neutral,0.0997,-0.2362,full,39.86,Negative fading,37.56,Bearish,Bearish confirmed,None,Bearish - all 4 components agree incl. MACD acceleration,Lower Half,Trending,Bearish,No,No,Near Lower,67.94,High,Stable,2.3,No,"High volatility, stable",Vol contracting,Normal,Falling,Confirmed Up,-0.1235,Distribution,20.438,Neutral,3 - Topping,early,80.0,2.0,2 - Advancing,10.0,,,,,,"2 - Advancing, but trend score 31 does not confirm long - no directional edge","2 - Advancing, but trend score 24 does not confirm long - no directional edge"
2025-01-08,22378.150390625,22384.25,22065.19921875,22231.80078125,19023200,22765.4436,22110.1792,No,40.94,Neutral,Downtrend,Hold,Range,Bullish,31.1,Bear,Bearish confirmed,"Bear - all 4 components agree, trending ADX",39.8019,Neutral,-140.3237,-94.9343,bearish accelerating,Oversold,-0.8054,-0.5822,full,41.8,Negative fading,35.99,Bearish,Bearish confirmed,None,Bearish - all 4 components agree incl. MACD acceleration,Lower Half,Trending,Bearish,No,Yes,Near Lower,69.25,High,Stable,16.39,No,"High volatility, stable",Vol expanding,Normal,Falling,Confirmed Down,-0.1161,Distribution,20.5171,Neutral,3 - Topping,early,80.0,3.0,2 - Advancing,10.0,,,,,,"2 - Advancing, but trend score 31 does not confirm long - no directional edge","2 - Advancing, but trend score 35 does not confirm long - no directional edge"
2025-01-09,22231.05078125,22239.19921875,22028.5,22046.55078125,16939500,22737.2517,22109.546,Yes,36.47,Bear,Downtrend,Hold,Range,Bullish,27.85,Bear,Bearish confirmed,"Bear - all 4 components agree, trending ADX",36.4471,Oversold,-165.7209,-109.0916,bearish accelerating,Oversold,-1.5898,-0.8788,full,37.53,Negative accelerating,32.55,Bearish,Bearish confirmed,None,Bearish - all 4 components agree incl. MACD acceleration,Lower Half,Trending,Bearish,Yes,Yes,Breakout Down,71.59,High,Expanding,20.32,No,High volatility and still expanding - move may be extended,Vol expanding,Normal,Falling,Weak Down,-0.1902,Distribution,20.6414,Neutral,3 - Topping,early,80.0,4.0,2 - Advancing,10.0,,,,,,"2 - Advancing, but trend score 38 does not confirm long - no directional edge","2 - Advancing, but trend score 34 does not confirm long - no directional edge"
2025-01-10,22049.400390625,22075.400390625,21738.44921875,21799.0,19746200,22700.4575,22106.456,Yes,34.79,Bear,Downtrend,Hold,Downtrend (LH+LL),Bullish,16.1,Strong Bear,Bearish confirmed,"Strong Bear - all 4 components agree, trending ADX",32.5045,Oversold,-203.4781,-127.9689,bearish accelerating,Oversold,-2.8147,-1.3418,full,34.74,Negative accelerating,28.57,Strong Bearish,Bearish confirmed,None,Strong Bearish - all 4 components agree incl. MACD acceleration,Lower Half,Trending,Bearish,Yes,Yes,Breakout Down,75.91,High,Expanding,25.16,No,High volatility and still expanding - move may be extended,Vol expanding,Normal,Falling,Confirmed Down,-0.2342,Distribution,20.494,Neutral,3 - Topping,early,80.0,5.0,2 - Advancing,10.0,,,,,,"2 - Advancing, but trend score 38 does not confirm long - no directional edge","2 - Advancing, but trend score 34 does not confirm long - no directional edge"
2025-01-13,21557.0,21630.55078125,21194.44921875,21243.44921875,26118000,22643.32,22097.8689,Yes,24.45,Bear,Downtrend,Hold,Downtrend (LH+LL),Bullish,10.61,Strong Bear,Bearish confirmed,"Strong Bear - all 4 components agree, trending ADX",25.7678,Oversold,-275.0585,-157.3868,bearish accelerating,Oversold,-5.3542,-2.2898,full,30.04,Negative accelerating,22.02,Strong Bearish,Bearish confirmed,None,Strong Bearish but oversold on RSI and Stochastic - stretched,Below Lower,Trending,Bearish,Yes,Yes,Breakout Down,92.02,Very High,Expanding,45.48,No,Very High volatility and still expanding - move may be extended,Extreme vol - reduce size,Normal,Falling,Confirmed Down,-0.2418,Distribution,20.5768,Neutral,3 - Topping,early,60.0,6.0,2 - Advancing,10.0,,,,,,3 - Topping - no new positions in a basing/topping stage,"2 - Advancing, but trend score 33 does not confirm long - no directional edge"
2025-01-14,21328.0,21528.69921875,21325.0,21481.05078125,25453100,22597.7408,22091.7314,Yes,26.17,Bear,Downtrend,Hold,Downtrend (LH+LL),Bullish,13.42,Strong Bear,Bearish confirmed,"Strong Bear - all 4 components agree, trending ADX",32.2364,Oversold,-309.0515,-187.7198,bearish accelerating,Oversold,-3.9187,-1.7218,full,31.96,Negative fading,25.02,Strong Bearish,Bearish confirmed,None,Strong Bearish - all 4 components agree incl. MACD acceleration,At Lower,Trending,Bearish,Yes,Yes,Inside,93.06,Very High,Expanding,44.48,No,Very High volatility and still expanding - move may be extended,Extreme vol - reduce size,Normal,Falling,Confirmed Up,-0.2558,Distribution,29.1008,Neutral,3 - Topping,early,60.0,7.0,2 - Advancing,10.0,,,,,,3 - Topping - no new positions in a basing/topping stage,"2 - Advancing, but trend score 31 does not confirm long - no directional edge"
2025-01-15,21572.44921875,21634.599609375,21445.400390625,21551.19921875,30942300,22556.6999,22086.353,Yes,26.62,Bear,Downtrend,Hold,Downtrend (LH+LL),Bullish,14.24,Strong Bear,Bearish confirmed,"Strong Bear - all 4 components agree, trending ADX",34.0632,Oversold,-326.5663,-215.4891,bearish fading,Oversold,-3.6835,-1.6167,full,31.66,Negative accelerating,26.69,Strong Bearish,Bearish confirmed,None,Strong Bearish - all 4 components agree incl. MACD acceleration,Lower Half,Trending,Bearish,Yes,Yes,Inside,90.28,Very High,Expanding,40.0,No,Very High volatility and still expanding - move may be extended,Vol expanding,Normal,Falling,Confirmed Up,-0.2378,Distribution,37.9904,Neutral,3 - Topping,mid,60.0,8.0,2 - Advancing,10.0,,,,,,3 - Topping - no new positions in a basing/topping stage,"2 - Advancing, but trend score 31 does not confirm long - no directional edge"
2025-01-16,21734.400390625,21776.349609375,21687.44921875,21714.55078125,22356500,22523.6745,22082.6534,Yes,27.63,Bear,Downtrend,Hold,Downtrend (LH+LL),Bullish,16.11,Strong Bear,Bearish confirmed,"Strong Bear - all 4 components agree, trending ADX",38.2387,Neutral,-323.5363,-237.0985,bearish fading,Neutral,-4.8432,-2.03,full,32.97,Negative fading,31.05,Bearish,Bearish confirmed,None,Bearish - all 4 components agree incl. MACD acceleration,Lower Half,Trending,Bearish,Yes,Yes,Inside,87.3,Very High,Expanding,27.78,No,Very High volatility and still expanding - move may be extended,Vol expanding,Normal,Falling,Confirmed Up,-0.2194,Distribution,42.4262,Neutral,3 - Topping,mid,60.0,9.0,2 - Advancing,10.0,,,,,,3 - Topping - no new positions in a basing/topping stage,"2 - Advancing, but trend score 38 does not confirm long - no directional edge"
2025-01-17,21699.44921875,21730.849609375,21563.80078125,21680.25,20140800,22490.599,22078.6494,Yes,27.32,Bear,Downtrend,Hold,Downtrend (LH+LL),Bullish,15.68,Strong Bear,Bearish confirmed,"Strong Bear - all 4 components agree, trending ADX",37.6989,Oversold,-320.2116,-253.7211,bearish fading,Neutral,-4.5266,-1.8917,full,33.16,Negative fading,33.01,Bearish,Bearish confirmed,None,Bearish - all 4 components agree incl. MACD acceleration,Lower Half,Trending,Bearish,Yes,Yes,Inside,83.05,Very High,Expanding,25.67,No,Very High volatility and still expanding - move may be extended,Vol expanding,Normal,Falling,Confirmed Down,-0.1744,Distribution,37.6027,Neutral,3 - Topping,mid,60.0,10.0,2 - Advancing,10.0,,,,,,3 - Topping - no new positions in a basing/topping stage,"2 - Advancing, but trend score 38 does not confirm long - no directional edge"
2025-01-20,21769.94921875,21848.94921875,21628.5,21809.0,35051300,22463.8696,22075.9664,Yes,28.14,Bear,Downtrend,Hold,Downtrend (LH+LL),Bearish,17.17,Strong Bear,Bearish confirmed,"Strong Bear - all 4 components agree, trending ADX",41.0624,Neutral,-303.687,-263.7143,bearish fading,Neutral,-1.8735,-0.8906,full,36.59,Negative fading,38.12,Bearish,Bearish confirmed,None,Bearish - all 4 components agree incl. MACD acceleration,Lower Half,Trending,Bearish,Yes,No,Inside,77.66,High,Stable,7.02,No,"High volatility, stable",Vol contracting,Normal,Falling,Confirmed Up,-0.1418,Distribution,47.9281,Neutral,3 - Topping,mid,60.0,11.0,2 - Advancing,10.0,,,,,,3 - Topping - no new positions in a basing/topping stage,3 - Topping - no new positions in a basing/topping stage
2025-01-21,21855.099609375,21863.05078125,21411.30078125,21433.19921875,23319600,22423.4512,22069.5707,Yes,19.21,Strong Bear,Downtrend,Hold,Downtrend (LH+LL),Bearish,10.54,Strong Bear,Bearish confirmed,"Strong Bear - all 4 components agree, trending ADX",35.1049,Oversold,-317.258,-274.423,bearish accelerating,Neutral,-4.0662,-1.6941,full,32.87,Negative accelerating,34.27,Bearish,Bearish confirmed,None,Bearish - all 4 components agree incl. MACD acceleration,Lower Half,Trending,Bearish,Yes,Yes,Inside,86.11,Very High,Stable,18.18,No,"Very High volatility, stable",Vol expanding,Normal,Falling,Confirmed Down,-0.1397,Distribution,47.6517,Neutral,3 - Topping,mid,40.0,12.0,2 - Advancing,10.0,,,,,,3 - Topping - no new positions in a basing/topping stage,3 - Topping - no new positions in a basing/topping stage
2025-01-22,21484.44921875,21500.30078125,21178.80078125,21396.55078125,20884100,22383.1806,22062.8739,Yes,19.41,Strong Bear,Downtrend,Hold,Downtrend (LH+LL),Bearish,11.51,Strong Bear,Bearish confirmed,"Strong Bear - all 4 components agree, trending ADX",34.5781,Oversold,-327.1985,-284.9781,bearish fading,Neutral,-3.757,-1.5637,full,33.95,Negative fading,33.86,Bearish,Bearish confirmed,Bullish divergence,Bearish - bullish divergence vs price over 21 bars,Lower Half,Trending,Bearish,Yes,Yes,Near Lower,88.26,Very High,Stable,19.01,No,"Very High volatility, stable",Vol expanding,Normal,Falling,Weak Down,-0.1126,Distribution,41.5761,Neutral,3 - Topping,mid,40.0,13.0,2 - Advancing,10.0,,,,,,3 - Topping - no new positions in a basing/topping stage,3 - Topping - no new positions in a basing/topping stage
2025-01-23,21377.80078125,21595.0,21338.94921875,21538.05078125,18373700,22350.0382,22057.6518,Yes,20.62,Bear,Downtrend,Hold,Downtrend (LH+LL),Bearish,13.26,Strong Bear,Bearish confirmed,"Strong Bear - all 4 components agree, trending ADX",38.4209,Neutral,-319.9702,-291.9765,bearish fading,Oversold,-2.3065,-1.018,full,38.81,Negative fading,37.33,Bearish,Bearish confirmed,Bullish divergence,Bearish - bullish divergence vs price over 21 bars,Lower Half,Trending,Bearish,Yes,Yes,Inside,87.02,Very High,Stable,15.43,No,"Very High volatility, stable",Vol expanding,Normal,Falling,Weak Up,-0.0782,Distribution,40.6943,Neutral,1 - Basing,early,40.0,1.0,3 - Topping,13.0,,,,,,3 - Topping - no new positions in a basing/topping stage,3 - Topping - no new positions in a basing/topping stage
2025-01-24,21533.05078125,21611.19921875,21279.0,21318.900390625,17534800,22309.6015,22050.3011,Yes,18.75,Strong Bear,Downtrend,Hold,Downtrend (LH+LL),Bearish,10.55,Strong Bear,Bearish confirmed,"Strong Bear - all 4 components agree, trending ADX",34.9926,Oversold,-328.1427,-299.2098,bearish accelerating,Oversold,-2.2024,-0.9722,full,36.67,Negative accelerating,35.45,Bearish,Bearish confirmed,Bullish divergence,Bearish - bullish divergence vs price over 21 bars,Lower Half,Trending,Bearish,Yes,Yes,Near Lower,89.33,Very High,Stable,13.41,No,"Very High volatility, stable",Extreme vol - reduce size,Normal,Rising,Weak Down,-0.1051,Distribution,41.7863,Neutral,1 - Basing,early,40.0,2.0,3 - Topping,13.0,,,,,,3 - Topping - no new positions in a basing/topping stage,3 - Topping - no new positions in a basing/topping stage
2025-01-27,21158.849609375,21163.0,20861.150390625,20910.94921875,23045500,22254.7524,22038.9642,Yes,16.39,Strong Bear,Downtrend,Hold,Downtrend (LH+LL),Bearish,8.39,Strong Bear,Bearish confirmed,"Strong Bear - all 4 components agree, strong ADX",29.683,Oversold,-363.3492,-312.0377,bearish accelerating,Oversold,-1.5652,-0.7308,full,33.53,Negative accelerating,30.35,Bearish,Bearish confirmed,Bullish divergence,"Bearish but oversold on RSI and Stochastic - stretched, bullish divergence",At Lower,Strong,Bearish,Yes,Yes,Breakout Down,93.21,Very High,Stable,1.19,No,"Very High volatility, stable",Extreme vol - reduce size,Normal,Rising,Confirmed Down,-0.1149,Distribution,41.4684,Neutral,1 - Basing,early,40.0,3.0,3 - Topping,13.0,,,,,,3 - Topping - no new positions in a basing/topping stage,3 - Topping - no new positions in a basing/topping stage
2025-01-28,21009.19921875,21100.44921875,20757.900390625,20924.75,24931900,22202.5954,22027.8775,Yes,16.94,Strong Bear,Downtrend,Hold,Downtrend (LH+LL),Bearish,9.38,Strong Bear,Bearish confirmed,"Strong Bear - all 4 components agree, strong ADX",30.0696,Oversold,-385.691,-326.7683,bearish accelerating,Oversold,-2.5897,-1.101,full,36.01,Negative fading,30.07,Bearish,Bearish confirmed,Bullish divergence,Bearish - bullish divergence vs price over 21 bars,Lower Half,Strong,Bearish,Yes,Yes,Near Lower,94.84,Very High,Stable,1.78,No,"Very High volatility, stable",Extreme vol - reduce size,Normal,Rising,Confirmed Up,-0.0983,Distribution,40.8811,Neutral,1 - Basing,early,40.0,4.0,3 - Topping,13.0,,,,,,3 - Topping but stage confidence only 40 - regime not established,3 - Topping - no new positions in a basing/topping stage
2025-01-29,20971.400390625,21259.849609375,20968.349609375,21245.5,18562800,22165.0622,22020.0927,Yes,19.41,Strong Bear,Downtrend,Hold,Downtrend (LH+LL),Bearish,13.3,Strong Bear,Bearish confirmed,"Strong Bear - all 4 components agree, strong ADX",38.5282,Neutral,-373.2131,-336.0573,bearish fading,Oversold,-1.4185,-0.6649,full,37.6,Negative fading,36.19,Bearish,Bearish confirmed,Bullish divergence,Bearish - bullish divergence vs price over 21 bars,Lower Half,Strong,Bearish,Yes,Yes,Inside,94.52,Very High,Stable,4.25,No,"Very High volatility, stable",Extreme vol - reduce size,Normal,Rising,Weak Up,-0.0934,Distribution,46.3817,Neutral,1 - Basing,early,40.0,5.0,3 - Topping,13.0,,,,,,3 - Topping but stage confidence only 40 - regime not established,3 - Topping - no new positions in a basing/topping stage
2025-01-30,21282.099609375,21404.19921875,21209.599609375,21297.5,19976300,22131.0402,22012.9027,Yes,19.88,Strong Bear,Downtrend,Hold,Downtrend (LH+LL),Bearish,13.96,Strong Bear,Bearish confirmed,"Strong Bear - all 4 components agree, strong ADX",39.7995,Neutral,-355.0356,-339.853,bearish fading,Neutral,-1.9206,-0.8473,full,36.86,Negative accelerating,40.41,Bearish,Bearish confirmed,Bullish divergence,Bearish - bullish divergence vs price over 21 bars,Lower Half,Strong,Bearish,Yes,Yes,Inside,91.15,Very High,Stable,3.85,No,"Very High volatility, stable",Extreme vol - reduce size,Normal,Rising,Weak Up,-0.1355,Distribution,52.505,Neutral,1 - Basing,mid,40.0,6.0,3 - Topping,13.0,,,,,,1 - Basing but stage confidence only 40 - regime not established,3 - Topping - no new positions in a basing/topping stage
2025-01-31,21339.349609375,21613.0,21310.30078125,21580.900390625,22528800,22109.4661,22008.6042,Yes,22.05,Bear,Downtrend,Hold,Downtrend (LH+LL),Bearish,17.42,Strong Bear,Bearish confirmed,"Strong Bear - all 4 components agree, strong ADX",46.3158,Neutral,-314.1406,-334.7105,Bullish crossover,Neutral,-0.4582,-0.3076,full,39.72,Negative fading,49.4,Neutral,Mixed,Bullish divergence,Neutral - bullish divergence vs price over 21 bars,Lower Half,Strong,Bearish,Yes,Yes,Inside,85.51,Very High,Stable,2.46,No,"Very High volatility, stable",Extreme vol - reduce size,Normal,Rising,Confirmed Up,-0.061,Distribution,60.0571,Neutral,1 - Basing,mid,40.0,7.0,3 - Topping,13.0,,,,,,1 - Basing but stage confidence only 40 - regime not established,3 - Topping - no new positions in a basing/topping stage
2025-02-03,21422.849609375,21445.94921875,21286.69921875,21402.55078125,22552300,22081.7439,22002.5738,Yes,24.17,Bear,Downtrend,Hold,Downtrend (LH+LL),Bearish,16.46,Strong Bear,Bearish confirmed,"Strong Bear - all 4 components agree, trending ADX",43.1503,Neutral,-292.7477,-326.3179,bearish accelerating,Neutral,-1.8637,-0.8237,full,38.66,Negative accelerating,50.18,Neutral,Mixed,Bullish divergence,Neutral - bullish divergence vs price over 21 bars,Lower Half,Trending,Bearish,No,Yes,Inside,83.14,Very High,Stable,5.48,No,"Very High volatility, stable",Extreme vol - reduce size,Normal,Rising,Confirmed Down,0.0059,Neutral,52.6587,Neutral,1 - Basing,mid,40.0,8.0,3 - Topping,13.0,,,,,,1 - Basing but stage confidence only 40 - regime not established,3 - Topping - no new positions in a basing/topping stage
2025-02-04,21551.400390625,21743.55078125,21474.44921875,21727.44921875,21541600,22067.85,21999.8362,Yes,30.56,Bear,Downtrend,Hold,Downtrend (LH+LL),Bearish,21.8,Strong Bear,Bearish confirmed,"Strong Bear - all 4 components agree, trending ADX",49.8717,Neutral,-246.7329,-310.4009,bearish accelerating,Neutral,1.3729,0.3658,full,40.39,Negative fading,56.73,Neutral,Mixed,Bullish divergence,Neutral - bullish divergence vs price over 21 bars,Upper Half,Trending,Bearish,No,Yes,Inside,77.3,High,Stable,-8.81,No,"High volatility, stable",Extreme vol - reduce size,Normal,Rising,Weak Up,0.0481,Neutral,51.2351,Neutral,1 - Basing,mid,40.0,9.0,3 - Topping,13.0,,,,,,1 - Basing but stage confidence only 40 - regime not established,3 - Topping but stage confidence only 40 - regime not established
2025-02-05,21797.69921875,21870.400390625,21763.69921875,21784.25,19686800,22056.7284,21997.6911,Yes,32.86,Bear,Downtrend,Hold,Downtrend (LH+LL),Bearish,23.14,Strong Bear,Bearish confirmed,"Strong Bear - all 4 components agree, trending ADX",50.9633,Neutral,-203.3385,-288.9884,bearish accelerating,Neutral,1.812,0.5237,full,43.48,Negative fading,60.1,Bullish,Bullish majority,Bullish divergence,Bullish - bullish divergence vs price over 21 bars,Upper Half,Trending,Bearish,No,No,Inside,67.5,High,Contracting,-20.76,No,"High volatility, contracting - move losing energy",Vol contracting,Normal,Rising,Weak Up,0.0192,Neutral,50.8185,Neutral,1 - Basing,mid,40.0,10.0,3 - Topping,13.0,,,,,,1 - Basing but stage confidence only 40 - regime not established,3 - Topping but stage confidence only 40 - regime not established
2025-02-06,21860.099609375,21870.900390625,21620.150390625,21672.44921875,15731100,22041.6587,21994.4549,Yes,32.42,Bear,Downtrend,Hold,Downtrend (LH+LL),Bearish,21.92,Strong Bear,Bearish confirmed,"Strong Bear - all 4 components agree, trending ADX",48.7147,Neutral,-175.9414,-266.379,bearish accelerating,Overbought,0.624,0.0866,full,41.12,Negative accelerating,59.89,Bullish,Mixed,Bullish divergence,Bullish - bullish divergence vs price over 21 bars,Upper Half,Trending,Bearish,No,No,Inside,62.58,High,Contracting,-24.44,Confirmed,"High volatility, squeeze confirmed - expansion pending",Vol contracting,Normal,Rising,Weak Down,0.0301,Neutral,51.5564,Neutral,1 - Basing,mid,40.0,11.0,3 - Topping,13.0,,,,,,1 - Basing but stage confidence only 40 - regime not established,1 - Basing but stage confidence only 40 - regime not established
2025-02-07,21703.75,21765.150390625,21521.75,21646.150390625,21144700,22026.1485,21990.9891,Yes,32.13,Bear,Downtrend,Hold,Downtrend (LH+LL),Bearish,21.79,Strong Bear,Bearish confirmed,"Strong Bear - all 4 components agree, trending ADX",48.1763,Neutral,-154.5693,-244.0171,bearish fading,Overbought,1.535,0.4184,full,37.97,Negative accelerating,58.35,Bullish,Mixed,Bullish divergence,Bullish - bullish divergence vs price over 21 bars,Upper Half,Trending,Bearish,No,No,Inside,57.18,Normal,Contracting,-32.14,Confirmed,"Normal volatility, squeeze confirmed - expansion pending",Vol contracting,Normal,Rising,Weak Down,0.0592,Accumulation,41.7973,Neutral,1 - Basing,mid,40.0,12.0,3 - Topping,13.0,,,,,,1 - Basing but stage confidence only 40 - regime not established,1 - Basing but stage confidence only 40 - regime not established
2025-02-10,21636.19921875,21659.25,21301.849609375,21371.30078125,14732900,22000.4682,21984.8231,Yes,30.34,Bear,Downtrend,Hold,Downtrend (LH+LL),Bearish,18.95,Strong Bear,Bearish confirmed,"Strong Bear - all 4 components agree, trending ADX",42.8461,Neutral,-157.9887,-226.8114,bearish fading,Neutral,2.2015,0.6593,full,37.42,Negative accelerating,53.73,Neutral,Mixed,Bullish divergence,Neutral - bullish divergence vs price over 21 bars,Lower Half,Trending,Bearish,No,No,Inside,53.73,Normal,Contracting,-39.48,Confirmed,"Normal volatility, squeeze confirmed - expansion pending",Vol contracting,Normal,Rising,Weak Down,0.0864,Accumulation,43.0966,Neutral,1 - Basing,mid,40.0,13.0,3 - Topping,13.0,,,,,,1 - Basing but stage confidence only 40 - regime not established,1 - Basing but stage confidence only 40 - regime not established
2025-02-11,21366.25,21376.44921875,20860.599609375,20950.44921875,17841200,21959.291,21974.5308,Yes,16.85,Strong Bear,Downtrend,Hold,Downtrend (LH+LL),Bearish,10.04,Strong Bear,Bearish confirmed,"Strong Bear - all 4 components agree, trending ADX",36.2352,Neutral,-192.4394,-219.937,bearish fading,Neutral,0.1228,-0.1057,full,35.03,Negative accelerating,44.94,Neutral,Mixed,Bullish divergence,Neutral - bullish divergence vs price over 21 bars,Lower Half,Trending,Bearish,No,Yes,Near Lower,61.15,High,Contracting,-33.69,Partial,"High volatility, contracting - move losing energy",Extreme vol - reduce size,Normal,Rising,Weak Down,0.0295,Neutral,43.6059,Neutral,1 - Basing,mid,20.0,14.0,3 - Topping,13.0,,,,,,1 - Basing but stage confidence only 40 - regime not established,1 - Basing but stage confidence only 40 - regime not established
2025-02-12,20924.150390625,21002.0,20545.75,20907.849609375,25437300,21918.058,21963.9171,Yes,12.5,Strong Bear,Downtrend,Hold,Downtrend (LH+LL),Bearish,8.75,Strong Bear,Bearish confirmed,"Strong Bear - all 4 components agree, trending ADX",35.6358,Oversold,-220.6359,-220.0768,Bearish crossover,Neutral,-1.5893,-0.7298,full,35.1,Negative fading,39.86,Bearish,Bearish majority,Bullish divergence,Bearish - bullish divergence vs price over 21 bars,Lower Half,Trending,Bearish,No,Yes,Near Lower,64.68,High,Contracting,-29.84,Partial,"High volatility, contracting - move losing energy",Extreme vol - reduce size,Normal,Rising,Confirmed Down,0.0564,Accumulation,36.1473,Neutral,1 - Basing,mid,20.0,15.0,3 - Topping,13.0,,,,,,1 - Basing but stage confidence only 40 - regime not established,1 - Basing but stage confidence only 40 - regime not established
2025-02-13,20926.0,21122.0,20866.5,20904.349609375,21300900,21878.3047,21953.3741,Yes,12.12,Strong Bear,Downtrend,Hold,Downtrend (LH+LL),Bearish,8.58,Strong Bear,Bearish confirmed,"Strong Bear - all 4 components agree, trending ADX",35.5838,Oversold,-240.4921,-224.1599,bearish accelerating,Neutral,-1.846,-0.8178,full,37.22,Negative fading,37.73,Bearish,Bearish confirmed,Bullish divergence,Bearish - bullish divergence vs price over 21 bars,Lower Half,Trending,Bearish,No,Yes,Inside,73.09,High,Stable,-18.06,No,"High volatility, stable",Extreme vol - reduce size,Normal,Rising,Confirmed Down,0.0418,Neutral,42.9864,Neutral,4 - Declining,early,84.0,1.0,1 - Basing,15.0,,,,,,1 - Basing but stage confidence only 40 - regime not established,1 - Basing but stage confidence only 40 - regime not established
2025-02-14,20964.599609375,20984.69921875,20476.650390625,20633.099609375,20478700,21829.4732,21940.237,Yes,9.41,Strong Bear,Downtrend,Hold,Downtrend (LH+LL),Bearish,5.11,Strong Bear,Bearish confirmed,"Strong Bear - all 4 components agree, trending ADX",31.7153,Oversold,-274.9464,-234.3172,bearish accelerating,Neutral,-4.3919,-1.735,full,38.3,Negative fading,34.25,Bearish,Bearish confirmed,Bullish divergence,Bearish - bullish divergence vs price over 21 bars,At Lower,Trending,Bearish,Yes,Yes,Near Lower,78.02,High,Stable,-7.5,No,"High volatility, stable",Extreme vol - reduce size,Normal,Rising,Weak Down,0.0045,Neutral,43.4067,Neutral,4 - Declining,early,84.0,2.0,1 - Basing,15.0,,,,,,1 - Basing but stage confidence only 40 - regime not established,1 - Basing but stage confidence only 40 - regime not established
2025-02-17,20511.05078125,20667.55078125,20339.0,20652.349609375,20032500,21783.3115,21927.4222,Yes,9.94,Strong Bear,Downtrend,Hold,Downtrend (LH+LL),Bearish,7.6,Strong Bear,Bearish confirmed,"Strong Bear - all 4 components agree, trending ADX",32.278,Oversold,-297.2716,-246.9081,bearish accelerating,Oversold,-3.5052,-1.4005,full,38.06,Negative accelerating,33.18,Bearish,Bearish confirmed,Bullish divergence,Bearish - bullish divergence vs price over 21 bars,Lower Half,Trending,Bearish,Yes,Yes,Near Lower,80.6,Very High,Stable,-2.54,No,"Very High volatility, stable",Extreme vol - reduce size,Normal,Falling,Weak Up,-0.0055,Neutral,44.205,Neutral,4 - Declining,early,84.0,3.0,1 - Basing,15.0,,,,,,1 - Basing but stage confidence only 40 - regime not established,1 - Basing but stage confidence only 40 - regime not established
2025-02-18,20663.599609375,20692.30078125,20466.75,20611.400390625,17246500,21737.3542,21914.3275,Yes,10.0,Strong Bear,Downtrend,Hold,Downtrend (LH+LL),Bearish,7.23,Strong Bear,Bearish confirmed,"Strong Bear - all 4 components agree, trending ADX",31.68,Oversold,-314.6418,-260.4548,bearish accelerating,Oversold,-5.1366,-1.9739,full,38.24,Negative fading,32.37,Bearish,Bearish confirmed,None,Bearish - all 4 components agree incl. MACD acceleration,Lower Half,Trending,Bearish,Yes,Yes,Inside,82.86,Very High,Stable,5.55,No,"Very High volatility, stable",Extreme vol - reduce size,Normal,Falling,Weak Down,0.0587,Accumulation,43.8518,Neutral,4 - Declining,early,84.0,4.0,1 - Basing,15.0,,,,,,1 - Basing but stage confidence only 20 - regime not established,1 - Basing but stage confidence only 40 - regime not established
2025-02-19,20511.19921875,20802.55078125,20459.19921875,20731.44921875,17911800,21697.9069,21902.5576,Yes,11.1,Strong Bear,Downtrend,Hold,Downtrend (LH+LL),Bearish,8.78,Strong Bear,Bearish confirmed,"Strong Bear - all 4 components agree, trending ADX",35.4554,Neutral,-315.0887,-271.3816,bearish fading,Neutral,-4.8329,-1.843,full,38.43,Negative fading,35.12,Bearish,Bearish confirmed,Bullish divergence,Bearish - bullish divergence vs price over 21 bars,Lower Half,Trending,Bearish,Yes,Yes,Inside,84.01,Very High,Stable,16.51,No,"Very High volatility, stable",Extreme vol - reduce size,Normal,Falling,Weak Up,0.0668,Accumulation,43.3234,Neutral,4 - Declining,early,84.0,5.0,1 - Basing,15.0,,,,,,1 - Basing but stage confidence only 20 - regime not established,1 - Basing but stage confidence only 40 - regime not established
2025-02-20,20645.69921875,20840.349609375,20630.19921875,20831.099609375,16457500,21663.9145,21891.8963,Yes,11.96,Strong Bear,Downtrend,Hold,Downtrend (LH+LL),Bearish,10.04,Strong Bear,Bearish confirmed,"Strong Bear - all 4 components agree, trending ADX",38.4938,Neutral,-303.8988,-277.885,bearish fading,Neutral,-3.8821,-1.4869,full,40.93,Negative fading,38.98,Bearish,Bearish confirmed,Bullish divergence,Bearish - bullish divergence vs price over 21 bars,Lower Half,Trending,Bearish,Yes,Yes,Inside,83.09,Very High,Expanding,20.51,No,Squeeze releasing - expanding 8 bars after compression,Extreme vol - reduce size,Normal,Falling,Weak Up,0.0792,Accumulation,41.917,Neutral,4 - Declining,early,84.0,6.0,1 - Basing,15.0,,,,,,"4 - Declining, trend 9 short but momentum diverging - trend tiring, tighten stop",1 - Basing but stage confidence only 40 - regime not established
2025-02-21,20792.05078125,20903.349609375,20616.599609375,20690.25,18388600,21625.7316,21879.9396,Yes,11.15,Strong Bear,Downtrend,Hold,Downtrend (LH+LL),Bearish,8.39,Strong Bear,Bearish confirmed,"Strong Bear - all 4 components agree, trending ADX",35.92,Neutral,-302.9043,-282.8889,bearish fading,Neutral,-4.416,-1.6626,full,36.18,Negative accelerating,37.6,Bearish,Bearish confirmed,Bullish divergence,Bearish - bullish divergence vs price over 21 bars,Lower Half,Trending,Bearish,Yes,Yes,Inside,84.32,Very High,Expanding,27.14,No,Squeeze releasing - expanding 9 bars after compression,Extreme vol - reduce size,Normal,Falling,Weak Down,0.09,Accumulation,42.6653,Neutral,4 - Declining,early,84.0,7.0,1 - Basing,15.0,,,,,,"4 - Declining, trend 5 short but momentum diverging - trend tiring, tighten stop",1 - Basing but stage confidence only 40 - regime not established
2025-02-24,20510.94921875,20546.05078125,20429.30078125,20468.44921875,14421900,21580.3479,21865.8949,Yes,9.87,Strong Bear,Downtrend,Hold,Downtrend (LH+LL),Bearish,6.77,Strong Bear,Bearish confirmed,"Strong Bear - all 4 components agree, trending ADX",32.2618,Oversold,-316.3668,-289.5845,bearish accelerating,Neutral,-4.2246,-1.5792,full,31.51,Negative accelerating,33.73,Bearish,Bearish confirmed,None,Bearish - all 4 components agree incl. MACD acceleration,Lower Half,Trending,Bearish,Yes,Yes,Near Lower,86.11,Very High,Expanding,32.38,No,Squeeze releasing - expanding 10 bars after compression,Extreme vol - reduce size,Normal,Falling,Weak Down,0.1193,Accumulation,35.481,Neutral,4 - Declining,early,84.0,8.0,1 - Basing,15.0,,,,,,"4 - Declining, trend 8 short but momentum diverging - trend tiring, tighten stop",1 - Basing but stage confidence only 40 - regime not established
2025-02-25,20445.55078125,20548.900390625,20388.75,20418.75,14456600,21534.7951,21851.4955,Yes,9.84,Strong Bear,Downtrend,Hold,Downtrend (LH+LL),Bearish,6.86,Strong Bear,Bearish confirmed,"Strong Bear - all 4 components agree, trending ADX",31.4879,Oversold,-327.2737,-297.1223,bearish accelerating,Oversold,-2.5379,-0.9706,full,31.0,Negative accelerating,31.93,Bearish,Bearish confirmed,Bullish divergence,Bearish - bullish divergence vs price over 21 bars,Lower Half,Trending,Bearish,Yes,No,Near Lower,85.6,Very High,Expanding,24.45,No,Squeeze releasing - expanding 11 bars after compression,Extreme vol - reduce size,Normal,Falling,Weak Down,0.1005,Accumulation,28.3326,Neutral,4 - Declining,early,84.0,9.0,1 - Basing,15.0,,,,,,"4 - Declining, trend 7 short confirmed but participation is thin - reduce size, breakouts without volume fail more often",1 - Basing but stage confidence only 20 - regime not established
2025-02-27,20436.5,20471.849609375,20278.650390625,20315.55078125,19186000,21486.9816,21836.2124,Yes,9.44,Strong Bear,Downtrend,Hold,Downtrend (LH+LL),Bearish,6.87,Strong Bear,Bearish confirmed,"Strong Bear - all 4 components agree, trending ADX",29.8849,Oversold,-340.3217,-305.7622,bearish accelerating,Oversold,-2.8329,-1.0677,full,29.06,Negative accelerating,29.63,Strong Bearish,Bearish confirmed,None,Strong Bearish but oversold on RSI and Stochastic - stretched,Lower Half,Trending,Bearish,Yes,No,Breakout Down,84.88,Very High,Expanding,20.2,No,Squeeze releasing - expanding 12 bars after compression,Vol contracting,Normal,Falling,Confirmed Down,0.0253,Neutral,28.0759,Neutral,4 - Declining,early,84.0,10.0,1 - Basing,15.0,,,,,,"4 - Declining, trend 9 short but momentum diverging - trend tiring, tighten stop",1 - Basing but stage confidence only 20 - regime not established
2025-02-28,20185.400390625,20197.849609375,19816.0,19880.900390625,30278900,21423.998,21816.7566,Yes,7.03,Strong Bear,Downtrend,Hold,Downtrend (LH+LL),Bearish,4.59,Strong Bear,Bearish confirmed,"Strong Bear - all 4 components agree, trending ADX",24.2789,Oversold,-381.3392,-320.8776,bearish accelerating,Oversold,-4.8959,-1.7814,full,26.61,Negative accelerating,24.64,Strong Bearish,Bearish confirmed,None,Strong Bearish but oversold on RSI and Stochastic - stretched,At Lower,Trending,Bearish,Yes,Yes,Breakout Down,92.02,Very High,Stable,18.93,No,"Very High volatility, stable",Extreme vol - reduce size,Normal,Falling,Confirmed Down,-0.0215,Neutral,27.3314,Neutral,4 - Declining,early,84.0,11.0,1 - Basing,15.0,,,,,,"4 - Declining, trend 10 short but momentum diverging - trend tiring, tighten stop","4 - Declining, trend 9 short but momentum diverging - trend tiring, tighten stop"
2025-03-03,19935.55078125,19997.05078125,19658.30078125,19896.94921875,23646800,21364.1137,21797.654,Yes,7.65,Strong Bear,Downtrend,Hold,Downtrend (LH+LL),Bearish,6.58,Strong Bear,Bearish confirmed,"Strong Bear - all 4 components agree, trending ADX",24.8395,Oversold,-407.8494,-338.272,bearish accelerating,Oversold,-3.5678,-1.3018,full,25.4,Negative accelerating,24.07,Strong Bearish,Bearish confirmed,None,Strong Bearish but oversold on RSI and Stochastic - stretched,Lower Half,Trending,Bearish,Yes,No,Near Lower,95.12,Very High,Stable,17.1,No,"Very High volatility, stable",Extreme vol - reduce size,Normal,Falling,Confirmed Up,-0.042,Neutral,26.5944,Neutral,4 - Declining,mid,84.0,12.0,1 - Basing,15.0,,,,,,"4 - Declining, trend 8 short but momentum diverging - trend tiring, tighten stop","4 - Declining, trend 5 short but momentum diverging - trend tiring, tighten stop"
2025-03-04,19736.05078125,19957.5,19681.650390625,19917.849609375,20948400,21307.3975,21778.9495,Yes,8.2,Strong Bear,Downtrend,Hold,Downtrend (LH+LL),Bearish,7.16,Strong Bear,Bearish confirmed,"Strong Bear - all 4 components agree, strong ADX",25.612,Oversold,-422.3044,-355.0785,bearish fading,Oversold,-3.5565,-1.2875,full,24.44,Negative accelerating,24.85,Strong Bearish,Bearish confirmed,None,Strong Bearish but oversold on RSI and Stochastic - stretched,Lower Half,Strong,Bearish,Yes,No,Inside,94.88,Very High,Stable,14.29,No,"Very High volatility, stable",Extreme vol - reduce size,Normal,Falling,Confirmed Up,-0.0302,Neutral,33.6643,Neutral,4 - Declining,mid,84.0,13.0,1 - Basing,15.0,,,,,,"4 - Declining, trend 7 short confirmed but participation is thin - reduce size, breakouts without volume fail more often","4 - Declining, trend 8 short but momentum diverging - trend tiring, tighten stop"
2025-03-05,19901.599609375,20265.05078125,19901.599609375,20256.5,21587800,21266.1858,21763.8008,Yes,10.74,Strong Bear,Downtrend,Hold,Downtrend (LH+LL),Bearish,11.45,Strong Bear,Bearish confirmed,"Strong Bear - all 4 components agree, strong ADX",36.9236,Neutral,-401.8021,-364.4232,bearish fading,Neutral,-1.7219,-0.6384,full,25.98,Negative fading,32.91,Bearish,Bearish confirmed,None,Bearish - all 4 components agree incl. MACD acceleration,Lower Half,Strong,Bearish,Yes,No,Inside,94.88,Very High,Stable,12.03,No,"Very High volatility, stable",Extreme vol - reduce size,Normal,Falling,Confirmed Up,-0.0261,Neutral,41.9441,Neutral,4 - Declining,mid,84.0,14.0,1 - Basing,15.0,,,,,,"4 - Declining, trend 7 short but momentum diverging - trend tiring, tighten stop","4 - Declining, trend 7 short confirmed but participation is thin - reduce size, breakouts without volume fail more often"
2025-03-06,20411.44921875,20467.150390625,20262.75,20447.099609375,20745100,21234.0648,21750.6993,Yes,12.14,Strong Bear,Downtrend,Hold,Downtrend (LH+LL),Bearish,13.85,Strong Bear,Bearish confirmed,"Strong Bear - all 4 components agree, trending ADX",42.2466,Neutral,-365.9556,-364.7297,bearish fading,Neutral,-1.3716,-0.5114,full,27.03,Negative fading,40.31,Bearish,Bearish majority,None,Bearish - price momentum agrees but MACD shows deceleration,Lower Half,Trending,Bearish,Yes,No,Inside,91.79,Very High,Stable,7.78,No,"Very High volatility, stable",Extreme vol - reduce size,Normal,Falling,Confirmed Up,0.0474,Neutral,41.7009,Neutral,4 - Declining,mid,84.0,15.0,1 - Basing,15.0,,,,,,"4 - Declining, trend 7 short but momentum overextended - hold existing, do not add","4 - Declining, trend 9 short but momentum diverging - trend tiring, tighten stop"
2025-03-07,20428.150390625,20549.19921875,20377.599609375,20443.400390625,20185700,21203.0583,21737.6913,Yes,13.68,Strong Bear,Downtrend,Hold,Downtrend (LH+LL),Bearish,14.36,Strong Bear,Bearish confirmed,"Strong Bear - all 4 components agree, trending ADX",42.1722,Neutral,-333.9954,-358.5828,Bullish crossover,Neutral,-1.8612,-0.6773,full,25.65,Negative accelerating,44.24,Neutral,Mixed,None,"Neutral - components mixed, low conviction",Lower Half,Trending,Bearish,Yes,No,Inside,87.42,Very High,Stable,4.33,No,"Very High volatility, stable",Vol contracting,Normal,Falling,Confirmed Down,0.0581,Accumulation,49.1532,Neutral,4 - Declining,mid,84.0,16.0,1 - Basing,15.0,,,,,,"4 - Declining, trend 5 short but momentum overextended - hold existing, do not add","4 - Declining, trend 10 short but momentum diverging - trend tiring, tighten stop"
2025-03-10,20434.94921875,20543.69921875,20230.650390625,20266.5,19956800,21166.3306,21723.0526,Yes,15.1,Strong Bear,Downtrend,Hold,Downtrend (LH+LL),Bearish,13.08,Strong Bear,Bearish confirmed,"Strong Bear - all 4 components agree, trending ADX",38.666,Neutral,-319.2608,-350.7184,bearish accelerating,Neutral,-2.0481,-0.7379,full,23.87,Negative accelerating,43.6,Neutral,Mixed,None,"Neutral - components mixed, low conviction",Lower Half,Trending,Bearish,No,No,Inside,81.94,Very High,Stable,-2.38,No,"Very High volatility, stable",Vol contracting,Normal,Falling,Confirmed Down,0.0182,Neutral,49.2029,Neutral,4 - Declining,mid,84.0,17.0,1 - Basing,15.0,,,,,,"4 - Declining, trend 7 short but momentum overextended - hold existing, do not add","4 - Declining, trend 8 short but momentum diverging - trend tiring, tighten stop"
2025-03-11,20122.55078125,20333.75,20073.400390625,20302.5,20069200,21132.4549,21708.9177,Yes,17.66,Strong Bear,Downtrend,Hold,Downtrend (LH+LL),Bearish,14.33,Strong Bear,Bearish confirmed,"Strong Bear - all 4 components agree, trending ADX",39.7636,Neutral,-301.2065,-340.816,bearish accelerating,Neutral,-0.8108,-0.3009,full,24.33,Negative fading,44.46,Neutral,Mixed,None,"Neutral - components mixed, low conviction",Lower Half,Trending,Bearish,No,No,Inside,75.16,High,Stable,-10.95,No,"High volatility, stable",Vol contracting,Normal,Falling,Confirmed Up,0.0785,Accumulation,42.4706,Neutral,4 - Declining,mid,84.0,18.0,1 - Basing,15.0,,,,,,"4 - Declining, trend 7 short but momentum overextended - hold existing, do not add","4 - Declining, trend 7 short confirmed but participation is thin - reduce size, breakouts without volume fail more often"
2025-03-12,20351.900390625,20397.94921875,20108.69921875,20264.349609375,21523800,21098.4115,21694.5439,Yes,17.3,Strong Bear,Downtrend,Hold,Downtrend (LH+LL),Bearish,13.82,Strong Bear,Bearish confirmed,"Strong Bear - all 4 components agree, trending ADX",38.9678,Neutral,-286.6722,-329.9873,bearish accelerating,Neutral,-0.7562,-0.2786,full,23.83,Negative accelerating,43.8,Neutral,Bearish majority,None,Neutral - price momentum agrees but MACD shows deceleration,Lower Half,Trending,Bearish,No,No,Inside,72.02,High,Stable,-13.57,No,"High volatility, stable",Vol contracting,Normal,Falling,Confirmed Down,0.1106,Accumulation,43.1339,Neutral,4 - Declining,mid,84.0,19.0,1 - Basing,15.0,,,,,,"4 - Declining, trend 11 with bearish confirmed, momentum and volume confirm","4 - Declining, trend 7 short but momentum diverging - trend tiring, tighten stop"
2025-03-13,20337.849609375,20357.30078125,20157.5,20176.05078125,17909600,21062.2405,21679.4346,Yes,15.23,Strong Bear,Downtrend,Hold,Downtrend (LH+LL),Bearish,12.21,Strong Bear,Bearish confirmed,"Strong Bear - all 4 components agree, trending ADX",37.1163,Neutral,-279.0618,-319.8022,bearish fading,Neutral,-0.6867,-0.2514,full,22.75,Negative accelerating,42.38,Neutral,Bearish majority,None,Neutral - price momentum agrees but MACD shows deceleration,Lower Half,Trending,Bearish,No,No,Inside,64.6,High,Contracting,-20.28,No,"High volatility, contracting - move losing energy",Vol contracting,Normal,Falling,Weak Down,0.0383,Neutral,37.0188,Neutral,4 - Declining,mid,84.0,20.0,1 - Basing,15.0,,,,,,"4 - Declining, trend 14 with bearish confirmed, momentum and volume confirm","4 - Declining, trend 7 short but momentum overextended - hold existing, do not add"
2025-03-17,20166.599609375,20358.25,20166.5,20288.30078125,16660700,21031.8899,21665.5924,Yes,15.48,Strong Bear,Downtrend,Hold,Downtrend (LH+LL),Bearish,13.43,Strong Bear,Bearish confirmed,"Strong Bear - all 4 components agree, trending ADX",40.9569,Neutral,-260.9646,-308.0347,bearish accelerating,Neutral,2.0492,0.7076,full,24.47,Negative fading,45.33,Neutral,Mixed,Bullish divergence,Neutral - bullish divergence vs price over 21 bars,Lower Half,Trending,Bearish,No,No,Inside,58.14,Normal,Contracting,-33.89,No,"Normal volatility, contracting - move losing energy",Vol contracting,Normal,Falling,Weak Up,0.0884,Accumulation,43.2375,Neutral,4 - Declining,mid,84.0,21.0,1 - Basing,15.0,,,,,,"4 - Declining, trend 14 short confirmed but money flow disagrees - reduce size, breakouts without volume fail more often","4 - Declining, trend 5 short but momentum overextended - hold existing, do not add"
2025-03-18,20418.55078125,20676.94921875,20370.19921875,20657.19921875,19459200,21017.1962,21655.5587,Yes,20.32,Bear,Downtrend,Hold,Downtrend (LH+LL),Bearish,18.83,Strong Bear,Bearish confirmed,"Strong Bear - all 4 components agree, trending ADX",51.4512,Neutral,-214.3842,-289.3046,bearish accelerating,Neutral,3.8209,1.3221,full,26.87,Negative fading,53.23,Neutral,Bullish majority,Bullish divergence,Neutral - bullish divergence vs price over 21 bars,Upper Half,Trending,Bearish,No,No,Inside,59.45,Normal,Contracting,-35.67,Partial,"Normal volatility, contracting - move losing energy",Vol contracting,Normal,Falling,Weak Up,0.1521,Accumulation,49.3615,Neutral,4 - Declining,mid,84.0,22.0,1 - Basing,15.0,,,,,,"4 - Declining, trend 13 with bearish confirmed, momentum and volume confirm","4 - Declining, trend 7 short but momentum overextended - hold existing, do not add"
2025-03-19,20713.25,20895.25,20664.0,20864.5,27508900,21011.2081,21647.6874,Yes,26.08,Bear,Uptrend,Buy,Downtrend (LH+LL),Bearish,50.52,Neutral,Mixed,"Neutral - components mixed, low conviction",56.166,Neutral,-158.9096,-263.2256,bearish accelerating,Overbought,4.7528,1.6342,full,28.69,Negative fading,59.06,Bullish,Bullish majority,None,"Bullish - majority agree, 1 dissenting",Upper Half,Trending,Bullish,No,No,Near Upper,56.31,Normal,Contracting,-38.57,No,"Normal volatility, contracting - move losing energy",Vol contracting,Normal,Falling,Confirmed Up,0.1543,Accumulation,56.5387,Neutral,4 - Declining,mid,84.0,23.0,1 - Basing,15.0,,,,,,"4 - Declining, trend 14 short confirmed but money flow disagrees - reduce size, breakouts without volume fail more often","4 - Declining, trend 7 short but momentum overextended - hold existing, do not add"
2025-03-20,20989.349609375,21092.19921875,20873.55078125,21070.05078125,23160400,21013.5156,21641.9398,Yes,37.14,Bear,Uptrend,Hold,Downtrend (LH+LL),Bearish,53.35,Neutral,Mixed,"Neutral - components mixed, low conviction",60.2847,Neutral,-97.2384,-230.0281,bearish accelerating,Overbought,4.0162,1.3668,full,32.46,Negative fading,63.65,Bullish,Bullish majority,None,"Bullish - majority agree, 1 dissenting",Above Upper,Trending,Bullish,No,No,Breakout Up,58.02,Normal,Contracting,-36.87,No,"Normal volatility, contracting - move losing energy",Vol contracting,Normal,Falling,Confirmed Up,0.1857,Accumulation,63.5475,Neutral,4 - Declining,mid,74.0,24.0,1 - Basing,15.0,,,,,,"4 - Declining, trend 14 short confirmed but money flow disagrees - reduce size, breakouts without volume fail more often","4 - Declining, trend 11 with bearish confirmed, momentum and volume confirm"
2025-03-21,21065.25,21297.0,21031.44921875,21273.900390625,35583500,21023.7268,21638.2777,Yes,39.73,Bear,Uptrend,Hold,Downtrend (LH+LL),Bearish,53.97,Neutral,Mixed,"Neutral - components mixed, low conviction",63.9066,Neutral,-31.5509,-190.3327,bearish accelerating,Overbought,4.0436,1.3651,full,35.52,Negative fading,66.38,Bullish,Bullish majority,None,"Bullish - majority agree, 1 dissenting",Above Upper,Trending,Bullish,No,No,Breakout Up,66.47,High,Contracting,-25.32,No,"High volatility, contracting - move losing energy",Vol contracting,Normal,Falling,Confirmed Up,0.2227,Accumulation,73.9804,Neutral,4 - Declining,mid,74.0,25.0,1 - Basing,15.0,,,,,,"4 - Declining, trend 12 short confirmed but participation is thin - reduce size, breakouts without volume fail more often","4 - Declining, trend 14 with bearish confirmed, momentum and volume confirm"
2025-03-24,21427.19921875,21595.849609375,21346.80078125,21538.099609375,26092800,21043.8983,21637.2809,Yes,43.0,Neutral,Uptrend,Hold,Downtrend (LH+LL),Bearish,54.75,Neutral,Mixed,"Neutral - components mixed, low conviction",67.9822,Neutral,41.3489,-143.9964,bullish accelerating,Overbought,5.3548,1.7996,full,39.33,Negative fading,69.22,Bullish,Bullish majority,None,"Bullish - majority agree, 1 dissenting",Above Upper,Trending,Bullish,No,No,Breakout Up,76.87,High,Stable,-10.55,No,"High volatility, stable",Vol contracting,Normal,Rising,Confirmed Up,0.2154,Accumulation,81.6753,Overbought,4 - Declining,mid,74.0,26.0,1 - Basing,15.0,,,,,,"4 - Declining, trend 13 short but momentum diverging - trend tiring, tighten stop","4 - Declining, trend 14 short confirmed but money flow disagrees - reduce size, breakouts without volume fail more often"
2025-03-25,21652.849609375,21674.05078125,21385.80078125,21437.75,24379900,21059.3435,21635.2955,Yes,43.71,Neutral,Uptrend,Hold,Downtrend (LH+LL),Bearish,53.55,Neutral,Mixed,"Neutral - components mixed, low conviction",64.9809,Neutral,89.9878,-97.1995,bullish accelerating,Overbought,5.7792,1.9229,full,42.1,Negative fading,68.64,Bullish,Bullish majority,None,"Bullish - majority agree, 1 dissenting",At Upper,Trending,Bullish,No,No,Near Upper,80.2,Very High,Stable,-1.75,No,"Very High volatility, stable",Vol contracting,Normal,Rising,Confirmed Down,0.1972,Accumulation,81.9797,Overbought,4 - Declining,mid,74.0,27.0,1 - Basing,15.0,,,,,,"4 - Declining, trend 19 short but momentum diverging - trend tiring, tighten stop","4 - Declining, trend 13 with bearish confirmed, momentum and volume confirm"
2025-03-26,21464.94921875,21525.599609375,21255.69921875,21275.44921875,24408400,21067.8182,21631.715,Yes,43.0,Neutral,Uptrend,Hold,Downtrend (LH+LL),Bearish,51.47,Neutral,Mixed,"Neutral - components mixed, low conviction",60.3409,Neutral,114.1227,-54.9351,bullish fading,Overbought,4.7923,1.5703,full,39.86,Negative accelerating,65.18,Bullish,Bullish majority,None,"Bullish - majority agree, 1 dissenting",Upper Half,Trending,Bullish,No,No,Inside,81.51,Very High,Stable,6.35,No,"Very High volatility, stable",Vol contracting,Normal,Rising,Confirmed Down,0.1569,Accumulation,74.3236,Neutral,4 - Declining,mid,74.0,28.0,1 - Basing,15.0,,,,,,"4 - Declining, but trend score 51 does not confirm short - no directional edge","4 - Declining, trend 14 short confirmed but money flow disagrees - reduce size, breakouts without volume fail more often"
2025-03-27,21218.400390625,21447.900390625,21195.69921875,21407.94921875,43467600,21081.1567,21629.4885,Yes,50.68,Neutral,Uptrend,Hold,Downtrend (LH+LL),Bearish,55.18,Neutral,Bullish majority,"Neutral - majority agree, 1 dissenting, trending ADX",62.6835,Neutral,142.301,-15.4879,bullish fading,Overbought,5.6434,1.8394,full,41.12,Negative fading,65.36,Bullish,Bullish majority,None,"Bullish - majority agree, 1 dissenting",Upper Half,Trending,Bullish,No,No,Inside,80.68,Very High,Stable,8.65,No,"Very High volatility, stable",Vol contracting,Normal,Rising,Confirmed Up,0.2286,Accumulation,63.0931,Neutral,4 - Declining,mid,64.0,29.0,1 - Basing,15.0,,,,,,"4 - Declining, but trend score 53 does not confirm short - no directional edge","4 - Declining, trend 14 short confirmed but money flow disagrees - reduce size, breakouts without volume fail more often"
2025-03-28,21439.19921875,21514.099609375,21277.900390625,21339.55078125,27734100,21091.2898,21626.6035,Yes,50.4,Neutral,Uptrend,Hold,Downtrend (LH+LL),Bearish,54.2,Neutral,Bullish majority,"Neutral - majority agree, 1 dissenting, trending ADX",60.6906,Neutral,157.3001,19.0697,bullish fading,Neutral,5.7667,1.8627,full,40.27,Negative accelerating,63.51,Bullish,Bullish majority,None,"Bullish - majority agree, 1 dissenting",Upper Half,Trending,Bullish,No,No,Inside,79.52,High,Stable,14.92,No,"High volatility, stable",Vol contracting,Normal,Rising,Confirmed Down,0.2217,Accumulation,64.0042,Neutral,4 - Declining,mid,64.0,30.0,1 - Basing,15.0,,,,,,"4 - Declining, but trend score 54 does not confirm short - no directional edge","4 - Declining, trend 12 short confirmed but participation is thin - reduce size, breakouts without volume fail more often"
2025-04-01,21227.099609375,21398.349609375,21042.44921875,21070.75,38874700,21090.4843,21621.0726,Yes,48.81,Neutral,Uptrend,Hold,Downtrend (LH+LL),Bearish,50.19,Neutral,Mixed,"Neutral - components mixed, low conviction",53.4925,Neutral,145.8162,44.419,bullish fading,Neutral,3.8567,1.2085,full,37.75,Negative accelerating,58.36,Bullish,Bullish majority,None,"Bullish - majority agree, 1 dissenting",Upper Half,Trending,Bullish,No,No,Inside,82.54,Very High,Expanding,24.4,No,Very High volatility and still expanding - move may be extended,Vol contracting,Normal,Rising,Confirmed Down,0.1921,Accumulation,60.5412,Neutral,4 - Declining,mid,64.0,31.0,1 - Basing,15.0,,,,,,"4 - Declining, but trend score 55 does not confirm short - no directional edge","4 - Declining, trend 13 short but momentum diverging - trend tiring, tighten stop"
2025-04-02,21101.849609375,21279.099609375,21007.150390625,21265.650390625,25689200,21097.3535,21617.5361,Yes,49.82,Neutral,Uptrend,Hold,Range,Bullish,61.73,Bull,Mixed,"Bull - components mixed, low conviction",57.4345,Neutral,150.7047,65.6761,bullish fading,Neutral,2.9455,0.8936,full,40.24,Negative fading,58.9,Bullish,Bullish majority,None,"Bullish - majority agree, 1 dissenting",Upper Half,Trending,Bullish,No,No,Inside,80.56,Very High,Expanding,21.11,No,Very High volatility and still expanding - move may be extended,Vol contracting,Normal,Rising,Confirmed Up,0.2185,Accumulation,66.4133,Neutral,4 - Declining,mid,64.0,32.0,1 - Basing,15.0,,,,,,"4 - Declining, but trend score 54 does not confirm short - no directional edge","4 - Declining, trend 19 short but momentum diverging - trend tiring, tighten stop"
2025-04-03,21100.55078125,21263.44921875,21096.75,21243.400390625,24356500,21103.0809,21613.8133,Yes,49.01,Neutral,Uptrend,Hold,Range,Bullish,60.51,Bull,Mixed,"Range with bullish lean - ADX emerging, direction not confirmed",56.8422,Neutral,151.0423,82.7494,bullish fading,Neutral,1.816,0.5072,full,39.88,Negative accelerating,57.12,Neutral,Bullish majority,None,"Neutral - majority agree, 1 dissenting",Upper Half,Emerging,Bullish,No,No,Inside,74.68,High,Stable,18.37,No,"High volatility, stable",Vol contracting,Normal,Rising,Weak Down,0.2242,Accumulation,66.754,Neutral,4 - Declining,mid,64.0,33.0,1 - Basing,15.0,,,,,,"4 - Declining, but trend score 51 does not confirm short - no directional edge","4 - Declining, but trend score 51 does not confirm short - no directional edge"
2025-04-04,21199.19921875,21212.099609375,20736.80078125,20805.349609375,25372000,21091.4051,21605.7689,Yes,42.7,Neutral,Uptrend,Hold,Range,Bullish,43.79,Neutral,Mixed,"No clear trend - ADX emerging, price ranging",46.6431,Neutral,114.6413,89.1278,bullish fading,Neutral,-1.2563,-0.5317,full,32.35,Negative accelerating,47.45,Neutral,Mixed,None,"Neutral - components mixed, low conviction",Lower Half,Emerging,Bearish,No,Yes,Inside,82.98,Very High,Expanding,24.96,No,Very High volatility and still expanding - move may be extended,Vol expanding,Normal,Rising,Confirmed Down,0.1457,Accumulation,65.3648,Neutral,4 - Declining,mid,64.0,34.0,1 - Basing,15.0,,,,,,"4 - Declining, but trend score 55 does not confirm short - no directional edge","4 - Declining, but trend score 53 does not confirm short - no directional edge"
2025-04-07,19524.25,20189.349609375,19519.849609375,20105.69921875,31899200,21052.75,21590.8429,Yes,26.66,Bear,Downtrend,Sell,Range,Bullish,27.04,Bear,Bearish confirmed,"Range with bearish lean - ADX emerging, direction not confirmed",35.6428,Neutral,29.003,77.1028,Bearish crossover,Neutral,-5.4912,-1.9422,full,27.08,Negative accelerating,34.07,Bearish,Bearish confirmed,Bullish divergence,Bearish - bullish divergence vs price over 21 bars,Lower Half,Emerging,Bearish,No,Yes,Near Lower,90.99,Very High,Expanding,24.53,No,Very High volatility and still expanding - move may be extended,Extreme vol - reduce size,Normal,Rising,Confirmed Down,0.1566,Accumulation,59.0164,Neutral,4 - Declining,mid,74.0,35.0,1 - Basing,15.0,,,,,,"4 - Declining, but trend score 54 does not confirm short - no directional edge","4 - Declining, but trend score 54 does not confirm short - no directional edge"
2025-04-08,20430.099609375,20588.400390625,20227.150390625,20480.80078125,24101600,21030.3206,21579.7977,Yes,21.0,Bear,Downtrend,Hold,Range,Bullish,28.66,Bear,Bearish confirmed,"Range with bearish lean - ADX emerging, direction not confirmed",43.3558,Neutral,-8.5004,59.9822,bearish accelerating,Neutral,-4.909,-1.7288,full,34.3,Negative fading,35.93,Bearish,Bearish confirmed,Bearish divergence,Bearish - bearish divergence vs price over 21 bars,Lower Half,Emerging,Bearish,No,Yes,Inside,93.73,Very High,Stable,16.86,No,"Very High volatility, stable",Extreme vol - reduce size,Normal,Rising,Weak Up,0.1833,Accumulation,59.4618,Neutral,4 - Declining,mid,84.0,36.0,1 - Basing,15.0,,,,,,"4 - Declining, but trend score 50 does not confirm short - no directional edge","4 - Declining, but trend score 55 does not confirm short - no directional edge"
2025-04-09,20422.94921875,20423.25,20252.349609375,20356.75,20686300,21003.9061,21567.628,Yes,18.29,Strong Bear,Downtrend,Hold,Range,Bullish,26.38,Bear,Bearish confirmed,"Range with bearish lean - ADX emerging, direction not confirmed",41.581,Neutral,-47.6823,38.4493,bearish accelerating,Neutral,-5.0425,-1.7547,full,32.23,Negative accelerating,33.49,Bearish,Bearish confirmed,None,Bearish - all 4 components agree incl. MACD acceleration,Lower Half,Emerging,Bearish,No,Yes,Inside,92.86,Very High,Stable,12.66,No,"Very High volatility, stable",Extreme vol - reduce size,Normal,Rising,Weak Down,0.2216,Accumulation,53.6733,Neutral,4 - Declining,late,84.0,37.0,1 - Basing,15.0,,,,,,"4 - Declining, but trend score 62 does not confirm short - no directional edge","4 - Declining, but trend score 54 does not confirm short - no directional edge"
2025-04-11,20684.849609375,20817.5,20629.0,20752.849609375,22159500,20994.0607,21559.5208,Yes,20.48,Bear,Downtrend,Hold,Range,Bullish,31.62,Bear,Bearish confirmed,"Range with bearish lean - ADX emerging, direction not confirmed",48.7897,Neutral,-46.2393,21.5116,bearish fading,Neutral,-2.4564,-0.8873,full,36.7,Negative fading,39.49,Bearish,Bearish confirmed,Bearish divergence,Bearish - bearish divergence vs price over 21 bars,Lower Half,Emerging,Bearish,No,Yes,Inside,92.18,Very High,Stable,10.68,No,"Very High volatility, stable",Extreme vol - reduce size,Normal,Rising,Weak Up,0.2048,Accumulation,53.5216,Neutral,4 - Declining,late,84.0,38.0,1 - Basing,15.0,,,,,,"4 - Declining, but trend score 61 does not confirm short - no directional edge","4 - Declining, but trend score 51 does not confirm short - no directional edge"
2025-04-15,21199.05078125,21302.75,21067.599609375,21279.400390625,23092700,21005.2505,21556.7335,Yes,24.18,Bear,Uptrend,Buy,Range,Bullish,57.92,Neutral,Mixed,"No clear trend - ADX emerging, price ranging",56.478,Neutral,-2.5778,16.6937,bearish fading,Neutral,-0.6005,-0.2642,full,43.04,Negative fading,49.23,Neutral,Mixed,None,"Neutral - components mixed, low conviction",Upper Half,Emerging,Bullish,No,Yes,Inside,91.35,Very High,Stable,10.68,No,"Very High volatility, stable",Extreme vol - reduce size,Normal,Rising,Weak Up,0.2364,Accumulation,51.9928,Neutral,4 - Declining,late,84.0,39.0,1 - Basing,15.0,,,,,,"4 - Declining, but trend score 44 does not confirm short - no directional edge","4 - Declining, but trend score 55 does not confirm short - no directional edge"
2025-04-16,21302.75,21414.849609375,21246.400390625,21404.349609375,23069300,21020.9015,21555.2173,Yes,38.34,Bear,Uptrend,Hold,Range,Bearish,62.2,Bull,Mixed,"Range with bullish lean - ADX emerging, direction not confirmed",58.0861,Neutral,41.6268,21.6803,Bullish crossover,Neutral,0.3037,0.0447,full,46.38,Negative fading,56.3,Neutral,Bullish majority,None,"Neutral - majority agree, 1 dissenting",Upper Half,Emerging,Bullish,No,Yes,Inside,88.21,Very High,Stable,8.69,No,"Very High volatility, stable",Extreme vol - reduce size,Normal,Rising,Weak Up,0.3,Accumulation,51.5822,Neutral,4 - Declining,late,74.0,40.0,1 - Basing,15.0,,,,,,"4 - Declining, trend 27 but ADX shows no trend, this is a range - wait for alignment","4 - Declining, but trend score 54 does not confirm short - no directional edge"
2025-04-17,21379.349609375,21704.099609375,21296.349609375,21681.55078125,24530900,21046.8093,21556.4743,No,52.18,Neutral,Uptrend,Hold,Range,Bearish,66.75,Bull,Bullish confirmed,"Range with bullish lean - ADX emerging, direction not confirmed",61.486,Neutral,97.8985,36.9239,bullish accelerating,Overbought,2.8988,0.9245,full,54.12,Positive accelerating,64.78,Bullish,Bullish confirmed,None,Bullish - all 4 components agree incl. MACD acceleration,Upper Half,Emerging,Bullish,No,Yes,Breakout Up,87.22,Very High,Stable,4.68,No,"Very High volatility, stable",Extreme vol - reduce size,Normal,Rising,Weak Up,0.3279,Accumulation,51.6111,Neutral,4 - Declining,late,64.0,41.0,1 - Basing,15.0,,,,,,"4 - Declining, trend 29 but ADX shows no trend, this is a range - wait for alignment","4 - Declining, but trend score 50 does not confirm short - no directional edge"
2025-04-21,21787.05078125,22033.75,21732.44921875,22005.75,33200,21084.4148,21560.9447,No,55.64,Neutral,Uptrend,Hold,Range,Bearish,68.02,Bull,Bullish confirmed,"Range with bullish lean - ADX emerging, direction not confirmed",65.0561,Neutral,166.7325,62.8857,bullish accelerating,Overbought,3.4803,1.1246,full,54.89,Positive accelerating,69.54,Bullish,Bullish confirmed,None,Bullish - all 4 components agree incl. MACD acceleration,At Upper,Emerging,Bullish,No,Yes,Breakout Up,90.0,Very High,Stable,9.44,No,"Very High volatility, stable",Extreme vol - reduce size,Dry-up,Rising,Weak Up,0.3075,Accumulation,55.2233,Neutral,4 - Declining,late,64.0,42.0,1 - Basing,15.0,,,,,,"4 - Declining, trend 26 but ADX shows no trend, this is a range - wait for alignment","4 - Declining, but trend score 62 does not confirm short - no directional edge"
2025-04-22,22072.0,22157.94921875,21953.400390625,22085.150390625,28400500,21123.6593,21566.1607,No,63.97,Bull,Uptrend,Hold,Range,Bearish,69.77,Bull,Bullish confirmed,"Range with bullish lean - ADX emerging, direction not confirmed",65.8901,Neutral,225.0961,95.3277,bullish accelerating,Overbought,3.9624,1.2878,full,54.96,Positive accelerating,71.38,Strong Bullish,Bullish confirmed,None,Strong Bullish - all 4 components agree incl. MACD acceleration,Upper Half,Emerging,Bullish,No,Yes,Breakout Up,92.46,Very High,Stable,17.78,No,"Very High volatility, stable",Extreme vol - reduce size,Normal,Rising,Confirmed Up,0.2837,Accumulation,66.3082,Neutral,4 - Declining,late,50.0,43.0,1 - Basing,15.0,,,,,,"4 - Declining, trend 32 but ADX shows no trend, this is a range - wait for alignment","4 - Declining, but trend score 61 does not confirm short - no directional edge"
2025-04-23,22238.599609375,22263.849609375,21988.349609375,22237.599609375,26262000,21167.3433,21572.8417,No,73.15,Bull,Uptrend,Hold,Range,Bearish,73.74,Bull,Bullish confirmed,"Range with bullish lean - ADX emerging, direction not confirmed",67.4941,Neutral,280.4185,132.3459,bullish accelerating,Overbought,6.884,2.2597,full,54.82,Positive fading,72.46,Strong Bullish,Bullish confirmed,None,Strong Bullish - all 4 components agree incl. MACD acceleration,Upper Half,Emerging,Bullish,No,Yes,Breakout Up,93.93,Very High,Stable,10.95,No,"Very High volatility, stable",Extreme vol - reduce size,Normal,Rising,Confirmed Up,0.2874,Accumulation,66.2572,Neutral,4 - Declining,late,40.0,44.0,1 - Basing,15.0,,,,,,"4 - Declining, but trend score 58 does not confirm short - no directional edge","4 - Declining, but trend score 44 does not confirm short - no directional edge"
2025-04-24,22217.650390625,22270.150390625,22155.400390625,22180.650390625,24349800,21207.0808,21578.8895,No,72.52,Bull,Uptrend,Hold,Range,Bearish,71.57,Bull,Bullish confirmed,"Range with bullish lean - ADX emerging, direction not confirmed",66.2409,Neutral,316.0237,169.0815,bullish fading,Overbought,10.3202,3.3364,full,54.62,Positive fading,71.85,Strong Bullish,Bullish confirmed,None,Strong Bullish - all 4 components agree incl. MACD acceleration,Upper Half,Emerging,Bullish,Yes,No,Near Upper,93.47,Very High,Stable,2.48,No,"Very High volatility, stable",Vol contracting,Normal,Rising,Weak Down,0.2092,Accumulation,76.8627,Neutral,4 - Declining,late,40.0,45.0,1 - Basing,15.0,,,,,,"4 - Declining, but trend score 62 does not confirm short - no directional edge","4 - Declining, trend 27 but ADX shows no trend, this is a range - wait for alignment"
2025-04-25,22220.30078125,22271.849609375,21661.599609375,21848.150390625,40982400,21232.2208,21581.5687,No,70.04,Bull,Uptrend,Hold,Range,Bearish,66.87,Bull,Bullish confirmed,"Range with bullish lean - ADX emerging, direction not confirmed",59.3162,Neutral,313.7939,198.024,bullish fading,Overbought,6.6763,2.11,full,50.36,Positive fading,66.67,Bullish,Bullish confirmed,None,Bullish - all 4 components agree incl. MACD acceleration,Upper Half,Emerging,Bullish,Yes,No,Inside,95.75,Very High,Stable,2.02,No,"Very High volatility, stable",Extreme vol - reduce size,Normal,Rising,Confirmed Down,0.1461,Accumulation,65.546,Neutral,4 - Declining,late,40.0,46.0,1 - Basing,15.0,,,,,,"4 - Declining, but trend score 67 does not confirm short - no directional edge","4 - Declining, trend 29 but ADX shows no trend, this is a range - wait for alignment"
2025-04-28,21843.44921875,22125.44921875,21841.400390625,22101.849609375,20254000,21266.3239,21586.7457,No,71.65,Bull,Uptrend,Hold,Range,Bearish,69.4,Bull,Bullish confirmed,"Range with bullish lean - ADX emerging, direction not confirmed",62.5344,Neutral,328.709,224.161,bullish fading,Overbought,8.5726,2.6786,full,56.24,Positive accelerating,68.57,Bullish,Bullish confirmed,Bearish divergence,Bullish - bearish divergence vs price over 21 bars,Upper Half,Emerging,Bullish,No,No,Near Upper,95.12,Very High,Stable,2.26,No,"Very High volatility, stable",Extreme vol - reduce size,Normal,Rising,Weak Up,0.2098,Accumulation,65.2068,Neutral,4 - Declining,late,40.0,47.0,1 - Basing,15.0,,,,,,"4 - Declining, but trend score 68 does not confirm short - no directional edge","4 - Declining, trend 26 but ADX shows no trend, this is a range - wait for alignment"
2025-04-29,22160.75,22255.900390625,22084.55078125,22112.400390625,21891800,21299.5034,21591.9761,No,71.57,Bull,Uptrend,Hold,Range,Bearish,69.15,Bull,Bullish confirmed,"Range with bullish lean - ADX no trend, direction not confirmed",62.6667,Neutral,337.4903,246.8268,bullish fading,Overbought,6.5512,2.0027,full,56.69,Positive accelerating,67.8,Bullish,Bullish confirmed,Bearish divergence,Bullish - bearish divergence vs price over 21 bars,Upper Half,No Trend,Bullish,No,No,Near Upper,93.53,Very High,Stable,1.35,No,"Very High volatility, stable",Vol contracting,Normal,Rising,Weak Up,0.2225,Accumulation,72.4576,Neutral,4 - Declining,late,40.0,48.0,1 - Basing,15.0,,,,,,"4 - Declining, but trend score 70 does not confirm short - no directional edge","4 - Declining, trend 32 but ADX shows no trend, this is a range - wait for alignment"
2025-04-30,22119.19921875,22175.0,21920.55078125,22030.05078125,21908500,21328.1523,21596.335,No,70.94,Bull,Uptrend,Hold,Range,Bearish,67.56,Bull,Bullish confirmed,"Range with bullish lean - ADX no trend, direction not confirmed",60.8607,Neutral,333.955,264.2525,bullish fading,Overbought,3.5276,1.0294,full,54.57,Positive fading,65.34,Bullish,Bullish confirmed,None,Bullish - all 4 components agree incl. MACD acceleration,Upper Half,No Trend,Bullish,No,No,Inside,92.34,Very High,Stable,0.99,No,"Very High volatility, stable",Vol contracting,Normal,Rising,Weak Down,0.1661,Accumulation,74.0546,Neutral,4 - Declining,late,40.0,49.0,1 - Basing,15.0,,,,,,4 - Declining but stage confidence only 40 - regime not established,"4 - Declining, but trend score 58 does not confirm short - no directional edge"
2025-05-02,22009.94921875,22238.900390625,21920.849609375,22006.0,21060500,21354.7345,21600.4113,No,70.52,Bull,Uptrend,Hold,Range,Bearish,66.75,Bull,Bullish confirmed,"Range with bullish lean - ADX no trend, direction not confirmed",60.314,Neutral,325.4608,276.4941,bullish fading,Overbought,2.8109,0.7958,full,56.45,Positive accelerating,63.86,Bullish,Bullish confirmed,Bearish divergence,Bullish - bearish divergence vs price over 21 bars,Upper Half,No Trend,Bullish,No,No,Inside,91.9,Very High,Stable,3.69,No,"Very High volatility, stable",Vol contracting,Normal,Rising,Weak Down,0.1755,Accumulation,73.9497,Neutral,4 - Declining,late,40.0,50.0,1 - Basing,15.0,,,,,,4 - Declining but stage confidence only 40 - regime not established,"4 - Declining, but trend score 62 does not confirm short - no directional edge"
2025-05-05,22086.25,22209.94921875,22070.94921875,22195.150390625,18176200,21387.692,21606.3291,No,78.68,Bull,Uptrend,Hold,Range,Bullish,71.06,Bull,Bullish confirmed,"Range with bullish lean - ADX no trend, direction not confirmed",63.1199,Neutral,330.1858,287.2325,bullish fading,Overbought,2.3688,0.6512,full,62.28,Positive accelerating,65.98,Bullish,Bullish confirmed,None,Bullish - all 4 components agree incl. MACD acceleration,Upper Half,No Trend,Bullish,No,No,Near Upper,89.52,Very High,Stable,2.3,No,"Very High volatility, stable",Vol contracting,Normal,Rising,Weak Up,0.2836,Accumulation,79.98,Neutral,4 - Declining,late,30.0,51.0,1 - Basing,15.0,,,,,,4 - Declining but stage confidence only 40 - regime not established,"4 - Declining, but trend score 67 does not confirm short - no directional edge"
2025-05-06,22235.599609375,22244.5,21916.900390625,21956.599609375,23813700,21410.0021,21609.8144,No,75.71,Bull,Uptrend,Hold,Range,Bullish,67.03,Bull,Bullish confirmed,"Range with bullish lean - ADX no trend, direction not confirmed",57.5898,Neutral,311.0953,292.005,bullish fading,Overbought,-0.2234,-0.174,full,59.86,Positive fading,60.96,Bullish,Bullish confirmed,None,Bullish - all 4 components agree incl. MACD acceleration,Upper Half,No Trend,Bullish,No,No,Inside,90.04,Very High,Stable,0.04,No,"Very High volatility, stable",Vol contracting,Normal,Rising,Confirmed Down,0.1965,Accumulation,72.6339,Neutral,4 - Declining,late,30.0,52.0,1 - Basing,15.0,,,,,,4 - Declining but stage confidence only 40 - regime not established,"4 - Declining, but trend score 68 does not confirm short - no directional edge"
2025-05-07,21756.80078125,22084.69921875,21752.900390625,22072.44921875,23862400,21435.9804,21614.4177,No,75.62,Bull,Uptrend,Hold,Range,Bullish,67.06,Bull,Mixed,"Range with bullish lean - ADX no trend, direction not confirmed",59.4479,Neutral,301.8346,293.971,bullish fading,Overbought,-0.0575,-0.1207,full,57.78,Positive fading,59.64,Bullish,Bullish confirmed,None,Bullish - all 4 components agree incl. MACD acceleration,Upper Half,No Trend,Bearish,No,No,Near Upper,90.12,Very High,Stable,-2.34,No,"Very High volatility, stable",Vol contracting,Normal,Rising,Confirmed Up,0.2044,Accumulation,65.2791,Neutral,4 - Declining,late,30.0,53.0,1 - Basing,15.0,,,,,,4 - Declining but stage confidence only 40 - regime not established,"4 - Declining, but trend score 70 does not confirm short - no directional edge"
2025-05-08,22109.349609375,22145.19921875,21730.55078125,21843.05078125,24556600,21451.944,21616.6926,No,72.66,Bull,Uptrend,Hold,Range,Bullish,64.06,Bull,Mixed,"Range with bullish lean - ADX no trend, direction not confirmed",54.3683,Neutral,272.8398,289.7447,Bearish crossover,Neutral,-1.7742,-0.6647,full,55.12,Positive fading,53.55,Neutral,Bullish majority,Bearish divergence,Neutral - bearish divergence vs price over 21 bars,Upper Half,No Trend,Bearish,No,No,Inside,91.59,Very High,Stable,-2.34,No,"Very High volatility, stable",Vol contracting,Normal,Falling,Confirmed Down,0.2194,Accumulation,57.8673,Neutral,4 - Declining,late,30.0,54.0,1 - Basing,15.0,,,,,,4 - Declining but stage confidence only 40 - regime not established,4 - Declining but stage confidence only 40 - regime not established
2025-05-09,21463.75,21716.05078125,21463.75,21675.55078125,28601400,21460.7129,21617.2783,No,69.95,Bull,Uptrend,Hold,Range,Bullish,61.47,Bull,Mixed,"Range with bullish lean - ADX no trend, direction not confirmed",50.9453,Neutral,233.6519,278.5262,bullish accelerating,Neutral,-2.2772,-0.8193,full,50.88,Positive fading,47.0,Neutral,Bullish majority,Bearish divergence,Neutral - bearish divergence vs price over 21 bars,Lower Half,No Trend,Bearish,No,Yes,Inside,90.91,Very High,Stable,-2.56,No,"Very High volatility, stable",Vol expanding,Normal,Falling,Confirmed Down,0.2112,Accumulation,49.7296,Neutral,4 - Declining,late,30.0,55.0,1 - Basing,15.0,,,,,,4 - Declining but stage confidence only 40 - regime not established,4 - Declining but stage confidence only 40 - regime not established
2025-05-12,22149.400390625,22525.0,22126.400390625,22511.400390625,29453500,21501.9163,21626.175,No,77.72,Bull,Uptrend,Hold,Range,Bullish,72.2,Bull,Mixed,"Range with bullish lean - ADX no trend, direction not confirmed",63.3468,Neutral,266.964,276.2137,bullish fading,Neutral,3.0357,0.8671,full,60.36,Positive accelerating,57.35,Neutral,Bullish majority,None,Neutral - price momentum agrees but MACD shows deceleration,Upper Half,No Trend,Bullish,No,Yes,Breakout Up,87.9,Very High,Stable,-7.86,No,"Very High volatility, stable",Extreme vol - reduce size,Normal,Falling,Confirmed Up,0.2467,Accumulation,53.978,Neutral,4 - Declining,late,30.0,56.0,1 - Basing,15.0,,,,,,4 - Declining but stage confidence only 30 - regime not established,4 - Declining but stage confidence only 40 - regime not established
2025-05-13,22491.5,22575.69921875,22317.5,22349.400390625,25880300,21535.151,21633.3713,No,78.38,Bull,Uptrend,Hold,Range,Bullish,69.84,Bull,Mixed,"Range with bullish lean - ADX no trend, direction not confirmed",60.1717,Neutral,277.0977,276.3905,Bullish crossover,Neutral,1.12,0.262,full,55.73,Positive fading,56.85,Neutral,Bullish majority,None,Neutral - price momentum agrees but MACD shows deceleration,Upper Half,No Trend,Bullish,No,Yes,Near Upper,80.79,Very High,Stable,-14.33,No,"Very High volatility, stable",Extreme vol - reduce size,Normal,Falling,Confirmed Down,0.193,Accumulation,53.7012,Neutral,4 - Declining,late,30.0,57.0,1 - Basing,15.0,,,,,,4 - Declining but stage confidence only 30 - regime not established,4 - Declining but stage confidence only 40 - regime not established
2025-05-14,22402.650390625,22544.900390625,22366.400390625,22499.5,25396000,21572.9686,21641.9895,No,80.79,Strong Bull,Uptrend,Hold,Range,Bullish,71.52,Bull,Bullish confirmed,"Range with bullish lean - ADX no trend, direction not confirmed",62.0687,Neutral,293.8532,279.8831,bullish accelerating,Overbought,1.7506,0.4648,full,56.57,Positive accelerating,61.54,Bullish,Bullish confirmed,None,Bullish - all 4 components agree incl. MACD acceleration,Upper Half,No Trend,Bullish,No,Yes,Near Upper,67.46,High,Contracting,-26.07,Confirmed,"High volatility, squeeze confirmed - expansion pending",Vol expanding,Normal,Falling,Confirmed Up,0.2033,Accumulation,53.633,Neutral,4 - Declining,late,30.0,58.0,1 - Basing,15.0,,,,,,4 - Declining but stage confidence only 30 - regime not established,4 - Declining but stage confidence only 40 - regime not established
2025-05-15,22547.05078125,22814.099609375,22408.650390625,22788.80078125,28758400,21620.6483,21653.4006,No,83.33,Strong Bull,Uptrend,Hold,Range,Bullish,74.24,Bull,Bullish confirmed,"Range with bullish lean - ADX no trend, direction not confirmed",65.4814,Neutral,326.7101,289.2485,bullish accelerating,Overbought,3.4442,1.0014,full,60.3,Positive accelerating,65.7,Bullish,Bullish confirmed,None,Bullish - all 4 components agree incl. MACD acceleration,Above Upper,No Trend,Bullish,Yes,Yes,Breakout Up,63.1,High,Contracting,-29.25,Confirmed,"High volatility, squeeze confirmed - expansion pending",Vol expanding,Normal,Falling,Confirmed Up,0.2148,Accumulation,54.291,Neutral,4 - Declining,late,30.0,59.0,1 - Basing,15.0,,,,,,4 - Declining but stage confidence only 30 - regime not established,4 - Declining but stage confidence only 40 - regime not established
2025-05-16,22825.55078125,22885.349609375,22750.349609375,22870.900390625,32136800,21669.6778,21665.515,No,90.09,Strong Bull,Uptrend,Hold,Uptrend (HH+HL),Bullish,85.13,Strong Bull,Bullish confirmed,"Range with bullish lean - ADX no trend, direction not confirmed",66.4051,Neutral,355.2788,302.4545,bullish accelerating,Overbought,3.9303,1.1483,full,61.32,Positive accelerating,68.28,Bullish,Bullish confirmed,None,Bullish - all 4 components agree incl. MACD acceleration,Above Upper,No Trend,Bullish,Yes,No,Breakout Up,60.52,High,Contracting,-31.39,Confirmed,"High volatility, squeeze confirmed - expansion pending",Vol contracting,Normal,Falling,Confirmed Up,0.2211,Accumulation,65.0078,Neutral,4 - Declining,late,20.0,60.0,1 - Basing,15.0,,,,,,4 - Declining but stage confidence only 30 - regime not established,4 - Declining but stage confidence only 40 - regime not established
2025-05-19,22896.25,22965.05078125,22827.650390625,22865.80078125,38611100,21716.5846,21677.4581,No,89.66,Strong Bull,Uptrend,Hold,Uptrend (HH+HL),Bullish,84.11,Strong Bull,Bullish confirmed,"Range with bullish lean - ADX no trend, direction not confirmed",66.2865,Neutral,373.2061,316.6048,bullish accelerating,Overbought,3.0216,0.8554,full,63.99,Positive accelerating,69.32,Bullish,Bullish confirmed,None,Bullish - all 4 components agree incl. MACD acceleration,At Upper,No Trend,Bullish,Yes,No,Near Upper,58.02,Normal,Contracting,-31.51,No,"Normal volatility, contracting - move losing energy",Vol contracting,Normal,Rising,Confirmed Down,0.1377,Accumulation,66.8936,Neutral,4 - Declining,late,20.0,61.0,1 - Basing,15.0,,,,,,4 - Declining but stage confidence only 30 - regime not established,4 - Declining but stage confidence only 30 - regime not established
2025-05-20,22942.650390625,22958.599609375,22565.55078125,22585.599609375,28729600,21750.6636,21686.4944,No,87.55,Strong Bull,Uptrend,Hold,Uptrend (HH+HL),Bullish,80.7,Strong Bull,Bullish confirmed,"Range with bullish lean - ADX no trend, direction not confirmed",59.9479,Neutral,360.6464,325.4132,bullish fading,Overbought,2.8647,0.7996,full,65.61,Positive accelerating,65.2,Bullish,Bullish confirmed,None,Bullish - all 4 components agree incl. MACD acceleration,Upper Half,No Trend,Bullish,Yes,No,Inside,59.64,Normal,Contracting,-30.4,No,"Normal volatility, contracting - move losing energy",Vol contracting,Normal,Rising,Confirmed Down,0.0818,Accumulation,59.6916,Neutral,4 - Declining,late,20.0,62.0,1 - Basing,15.0,,,,,,4 - Declining but stage confidence only 30 - regime not established,4 - Declining but stage confidence only 30 - regime not established
2025-05-21,22632.400390625,22811.94921875,22577.400390625,22730.650390625,24227900,21789.0944,21696.884,No,88.36,Strong Bull,Uptrend,Hold,Uptrend (HH+HL),Bullish,82.34,Strong Bull,Bullish confirmed,"Range with bullish lean - ADX no trend, direction not confirmed",61.975,Neutral,358.2672,331.984,bullish fading,Overbought,2.982,0.8302,full,67.44,Positive accelerating,64.98,Bullish,Bullish confirmed,Bearish divergence,Bullish - bearish divergence vs price over 21 bars,Upper Half,No Trend,Bullish,Yes,No,Inside,59.29,Normal,Contracting,-30.83,No,"Normal volatility, contracting - move losing energy",Vol contracting,Normal,Rising,Weak Up,0.081,Accumulation,65.796,Neutral,4 - Declining,late,20.0,63.0,1 - Basing,15.0,,,,,,4 - Declining but stage confidence only 30 - regime not established,4 - Declining but stage confidence only 30 - regime not established
2025-05-22,22674.0,22675.349609375,22464.44921875,22595.0,24519900,21820.6986,21705.8205,No,87.31,Strong Bull,Uptrend,Hold,Uptrend (HH+HL),Bullish,80.44,Strong Bull,Bullish confirmed,"Range with bullish lean - ADX no trend, direction not confirmed",58.9692,Neutral,341.4993,333.887,bullish fading,Neutral,3.4425,0.9686,full,66.18,Positive fading,61.29,Bullish,Bullish confirmed,Bearish divergence,Bullish - bearish divergence vs price over 21 bars,Upper Half,No Trend,Bullish,Yes,No,Inside,58.57,Normal,Contracting,-33.02,No,"Normal volatility, contracting - move losing energy",Vol contracting,Normal,Rising,Weak Down,0.052,Accumulation,59.6005,Neutral,4 - Declining,late,20.0,64.0,1 - Basing,15.0,,,,,,4 - Declining but stage confidence only 30 - regime not established,4 - Declining but stage confidence only 30 - regime not established
2025-05-23,22628.75,22813.25,22580.80078125,22781.05078125,25499400,21858.3594,21716.5193,No,87.82,Strong Bull,Uptrend,Hold,Uptrend (HH+HL),Bullish,82.37,Strong Bull,Bullish confirmed,"Range with bullish lean - ADX no trend, direction not confirmed",61.712,Neutral,339.312,334.972,bullish fading,Overbought,5.1002,1.4788,full,70.82,Positive accelerating,63.71,Bullish,Bullish confirmed,Bearish divergence,Bullish - bearish divergence vs price over 21 bars,Upper Half,No Trend,Bullish,Yes,No,Near Upper,56.79,Normal,Contracting,-34.13,No,"Normal volatility, contracting - move losing energy",Vol contracting,Normal,Rising,Weak Up,0.1126,Accumulation,60.4287,Neutral,4 - Declining,late,20.0,65.0,1 - Basing,15.0,,,,,,4 - Declining but stage confidence only 20 - regime not established,4 - Declining but stage confidence only 30 - regime not established
2025-05-26,22852.69921875,22970.69921875,22845.400390625,22908.30078125,24898200,21899.5336,21728.3778,No,87.67,Strong Bull,Uptrend,Hold,Uptrend (HH+HL),Bullish,82.89,Strong Bull,Bullish confirmed,"Range with bullish lean - ADX no trend, direction not confirmed",63.5088,Neutral,343.8824,336.7541,bullish accelerating,Overbought,1.7631,0.4242,full,71.85,Positive accelerating,65.25,Bullish,Bullish confirmed,Bearish divergence,Bullish - bearish divergence vs price over 21 bars,Upper Half,No Trend,Bullish,No,No,Near Upper,52.26,Normal,Contracting,-35.64,No,"Normal volatility, contracting - move losing energy",Vol contracting,Normal,Rising,Weak Up,0.1474,Accumulation,66.6929,Neutral,4 - Declining,late,20.0,66.0,1 - Basing,15.0,,,,,,4 - Declining but stage confidence only 20 - regime not established,4 - Declining but stage confidence only 30 - regime not established
2025-05-27,22895.05078125,22963.099609375,22721.80078125,22816.5,24659100,21935.4931,21739.2049,No,87.13,Strong Bull,Uptrend,Hold,Uptrend (HH+HL),Bullish,81.77,Strong Bull,Bullish confirmed,"Range with bullish lean - ADX no trend, direction not confirmed",61.2748,Neutral,336.2212,336.6475,Bearish crossover,Overbought,2.09,0.5235,full,71.4,Positive fading,64.34,Bullish,Bullish majority,Bearish divergence,Bullish - bearish divergence vs price over 21 bars,Upper Half,No Trend,Bullish,No,No,Near Upper,51.39,Normal,Contracting,-29.4,No,"Normal volatility, contracting - move losing energy",Vol contracting,Normal,Rising,Weak Down,0.1032,Accumulation,66.3956,Neutral,4 - Declining,late,20.0,67.0,1 - Basing,15.0,,,,,,4 - Declining but stage confidence only 20 - regime not established,4 - Declining but stage confidence only 30 - regime not established
2025-05-28,22843.25,22871.19921875,22765.69921875,22779.400390625,32991400,21968.5875,21749.5551,No,86.11,Strong Bull,Uptrend,Hold,Uptrend (HH+HL),Bullish,81.0,Strong Bull,Bullish confirmed,"Range with bullish lean - ADX no trend, direction not confirmed",60.3509,Neutral,323.4278,334.0036,bullish accelerating,Overbought,1.244,0.2562,full,69.76,Positive fading,62.64,Bullish,Bullish majority,Bearish divergence,Bullish - bearish divergence vs price over 21 bars,Upper Half,No Trend,Bullish,No,No,Near Upper,46.03,Normal,Contracting,-21.43,No,"Normal volatility, contracting - move losing energy",Vol contracting,Normal,Rising,Confirmed Down,0.0828,Accumulation,64.7993,Neutral,4 - Declining,late,20.0,68.0,1 - Basing,15.0,,,,,,4 - Declining but stage confidence only 20 - regime not established,4 - Declining but stage confidence only 30 - regime not established
2025-05-29,22859.44921875,22899.150390625,22750.150390625,22861.349609375,26181000,22003.5978,21760.6177,No,87.02,Strong Bull,Uptrend,Hold,Uptrend (HH+HL),Bullish,81.87,Strong Bull,Bullish confirmed,"Range with bullish lean - ADX no trend, direction not confirmed",61.7238,Neutral,316.2559,330.454,bullish accelerating,Overbought,0.3184,-0.0337,full,69.49,Positive fading,62.31,Bullish,Bullish majority,Bearish divergence,Bullish - bearish divergence vs price over 21 bars,Upper Half,No Trend,Bullish,Yes,No,Near Upper,43.41,Normal,Stable,-19.68,No,"Normal volatility, stable",Vol contracting,Normal,Rising,Weak Up,0.1121,Accumulation,71.6668,Neutral,3 - Topping,early,20.0,1.0,4 - Declining,68.0,,,,,,4 - Declining but stage confidence only 20 - regime not established,4 - Declining but stage confidence only 30 - regime not established
2025-05-30,22868.25,22912.30078125,22759.150390625,22801.94921875,52128200,22034.9057,21770.9792,No,85.76,Strong Bull,Uptrend,Hold,Uptrend (HH+HL),Bullish,80.47,Strong Bull,Bullish confirmed,"Range with bullish lean - ADX no trend, direction not confirmed",60.0993,Neutral,302.2944,324.8221,bullish accelerating,Overbought,-0.3015,-0.2252,full,70.41,Positive accelerating,60.77,Bullish,Bullish majority,Bearish divergence,Bullish - bearish divergence vs price over 21 bars,Upper Half,No Trend,Bullish,Yes,No,Near Upper,40.83,Normal,Stable,-19.68,No,"Normal volatility, stable",Vol contracting,Normal,Rising,Confirmed Down,0.0825,Accumulation,60.6424,Neutral,3 - Topping,early,20.0,2.0,4 - Declining,68.0,,,,,,4 - Declining but stage confidence only 20 - regime not established,4 - Declining but stage confidence only 20 - regime not established
2025-06-02,22758.599609375,22863.349609375,22664.150390625,22834.5,38899400,22066.2623,21781.5615,No,84.84,Strong Bull,Uptrend,Hold,Uptrend (HH+HL),Bullish,80.22,Strong Bull,Bullish confirmed,"Range with bullish lean - ADX no trend, direction not confirmed",60.7096,Neutral,290.5075,317.9592,bullish accelerating,Neutral,-0.1369,-0.1687,full,73.12,Positive accelerating,60.97,Bullish,Bullish majority,Bearish divergence,Bullish - bearish divergence vs price over 21 bars,Upper Half,No Trend,Bullish,No,No,Near Upper,38.57,Low,Stable,-19.44,No,"Low volatility, stable",Vol contracting,Normal,Rising,Confirmed Up,0.1024,Accumulation,52.7759,Neutral,3 - Topping,early,20.0,3.0,4 - Declining,68.0,,,,,,4 - Declining but stage confidence only 20 - regime not established,4 - Declining but stage confidence only 20 - regime not established
2025-06-03,22906.19921875,22946.150390625,22691.25,22711.30078125,45435500,22091.5579,21790.8126,No,83.0,Strong Bull,Uptrend,Hold,Uptrend (HH+HL),Bullish,78.36,Strong Bull,Bullish confirmed,"Range with bullish lean - ADX no trend, direction not confirmed",57.1472,Neutral,268.1343,307.9942,bullish accelerating,Neutral,0.5566,0.057,full,72.46,Positive fading,57.36,Neutral,Bullish majority,Bearish divergence,Neutral - bearish divergence vs price over 21 bars,Upper Half,No Trend,Bullish,No,No,Inside,34.45,Low,Contracting,-25.2,No,"Low volatility, contracting - coiling, watch for breakout",Vol contracting,Normal,Rising,Confirmed Down,0.0653,Accumulation,44.7779,Neutral,3 - Topping,early,20.0,4.0,4 - Declining,68.0,,,,,,4 - Declining but stage confidence only 20 - regime not established,4 - Declining but stage confidence only 20 - regime not established
2025-06-04,22742.19921875,22823.94921875,22667.900390625,22807.849609375,31514700,22119.6478,21800.9324,No,83.45,Strong Bull,Uptrend,Hold,Uptrend (HH+HL),Bullish,79.31,Strong Bull,Bullish confirmed,"Range with bullish lean - ADX no trend, direction not confirmed",59.1692,Neutral,255.2517,297.4457,bullish accelerating,Neutral,0.3396,-0.0061,full,74.54,Positive accelerating,58.18,Bullish,Bullish majority,Bearish divergence,Bullish - bearish divergence vs price over 21 bars,Upper Half,No Trend,Bullish,No,No,Near Upper,29.25,Low,Contracting,-30.04,No,"Low volatility, contracting - coiling, watch for breakout",Vol contracting,Normal,Rising,Confirmed Up,0.0692,Accumulation,38.1411,Neutral,3 - Topping,early,20.0,5.0,4 - Declining,68.0,,,,,,4 - Declining but stage confidence only 20 - regime not established,4 - Declining but stage confidence only 20 - regime not established
2025-06-05,22879.19921875,23026.30078125,22828.849609375,22934.5,25523800,22151.6028,21812.2117,No,84.25,Strong Bull,Uptrend,Hold,Uptrend (HH+HL),Bullish,79.81,Strong Bull,Bullish confirmed,"Range with bullish lean - ADX no trend, direction not confirmed",61.7209,Neutral,252.3528,288.4271,bullish fading,Neutral,1.5025,0.3696,full,80.72,Positive accelerating,61.59,Bullish,Bullish majority,None,Bullish - price momentum agrees but MACD shows deceleration,Upper Half,No Trend,Bullish,No,No,Near Upper,24.64,Low,Contracting,-33.93,Partial,"Low volatility, contracting - coiling, watch for breakout",Vol contracting,Normal,Rising,Weak Up,0.0903,Accumulation,37.2325,Neutral,3 - Topping,early,20.0,6.0,4 - Declining,68.0,,,,,,3 - Topping but stage confidence only 20 - regime not established,4 - Declining but stage confidence only 20 - regime not established
2025-06-06,22962.0,23180.349609375,22891.599609375,23165.099609375,29178900,22191.3478,21825.6733,No,86.95,Strong Bull,Uptrend,Hold,Uptrend (HH+HL),Bullish,82.58,Strong Bull,Bullish confirmed,"Range with bullish lean - ADX no trend, direction not confirmed",65.8996,Neutral,265.6012,283.862,bullish fading,Overbought,1.6858,0.4299,full,82.85,Positive accelerating,66.8,Bullish,Bullish majority,None,Bullish - price momentum agrees but MACD shows deceleration,Above Upper,No Trend,Bullish,Yes,No,Breakout Up,23.53,Low,Contracting,-33.25,Confirmed,"Low volatility, squeeze confirmed - expansion pending",Vol contracting,Normal,Rising,Weak Up,0.1011,Accumulation,35.9004,Neutral,3 - Topping,mid,20.0,7.0,4 - Declining,68.0,,,,,,3 - Topping but stage confidence only 20 - regime not established,4 - Declining but stage confidence only 20 - regime not established
2025-06-09,23308.650390625,23335.349609375,23254.55078125,23330.55078125,31805600,22236.0224,21840.6472,No,89.46,Strong Bull,Uptrend,Hold,Uptrend (HH+HL),Bullish,83.07,Strong Bull,Bullish confirmed,"Range with bullish lean - ADX no trend, direction not confirmed",68.5521,Overbought,286.1526,284.3201,Bullish crossover,Overbought,1.8432,0.4797,full,84.27,Positive accelerating,71.1,Strong Bullish,Bullish confirmed,None,Strong Bullish - all 4 components agree incl. MACD acceleration,Above Upper,No Trend,Bullish,Yes,No,Breakout Up,12.58,Very Low,Contracting,-39.68,Confirmed,"Very Low volatility, squeeze confirmed - expansion pending",Coiled - low vol squeeze,Normal,Rising,Confirmed Up,0.1016,Accumulation,42.9967,Neutral,3 - Topping,mid,20.0,8.0,4 - Declining,68.0,,,,,,3 - Topping but stage confidence only 20 - regime not established,4 - Declining but stage confidence only 20 - regime not established
2025-06-10,23422.30078125,23423.80078125,23287.349609375,23339.94921875,30820100,22279.3136,21855.5656,No,90.0,Strong Bull,Uptrend,Hold,Uptrend (HH+HL),Bullish,83.34,Strong Bull,Bullish confirmed,"Range with bullish lean - ADX emerging, direction not confirmed",68.701,Overbought,299.7428,287.4046,bullish accelerating,Overbought,2.2942,0.6218,full,80.44,Positive fading,71.24,Strong Bullish,Bullish confirmed,None,Strong Bullish - all 4 components agree incl. MACD acceleration,Above Upper,Emerging,Bullish,Yes,No,Breakout Up,10.75,Very Low,Contracting,-40.64,Confirmed,"Very Low volatility, squeeze confirmed - expansion pending",Coiled - low vol squeeze,Normal,Rising,Weak Up,0.1208,Accumulation,43.9473,Neutral,3 - Topping,mid,20.0,9.0,4 - Declining,68.0,,,,,,3 - Topping but stage confidence only 20 - regime not established,4 - Declining but stage confidence only 20 - regime not established
2025-06-11,23376.599609375,23423.599609375,23271.400390625,23337.849609375,35796300,22320.8249,21870.3147,No,89.73,Strong Bull,Uptrend,Hold,Uptrend (HH+HL),Bullish,83.84,Strong Bull,Bullish confirmed,"Range with bullish lean - ADX emerging, direction not confirmed",68.6228,Overbought,306.8071,291.2851,bullish accelerating,Overbought,2.4516,0.6742,full,78.28,Positive fading,70.54,Strong Bullish,Bullish confirmed,None,Strong Bullish - all 4 components agree incl. MACD acceleration,At Upper,Emerging,Bullish,Yes,No,Near Upper,10.12,Very Low,Contracting,-35.91,Confirmed,"Very Low volatility, squeeze confirmed - expansion pending",Coiled - low vol squeeze,Normal,Rising,Confirmed Down,0.0919,Accumulation,42.761,Neutral,3 - Topping,mid,20.0,10.0,4 - Declining,68.0,,,,,,3 - Topping but stage confidence only 20 - regime not established,4 - Declining but stage confidence only 20 - regime not established
2025-06-12,23363.5,23370.30078125,23009.650390625,23046.44921875,25762100,22349.2807,21882.0175,No,87.72,Strong Bull,Uptrend,Hold,Uptrend (HH+HL),Bullish,80.3,Strong Bull,Bullish confirmed,"Range with bullish lean - ADX emerging, direction not confirmed",58.6467,Neutral,285.5998,290.148,Bearish crossover,Neutral,0.8097,0.1426,full,75.47,Positive fading,62.91,Bullish,Bullish majority,None,Bullish - price momentum agrees but MACD shows deceleration,Upper Half,Emerging,Bullish,Yes,No,Inside,13.33,Very Low,Contracting,-30.08,Confirmed,"Very Low volatility, squeeze confirmed - expansion pending",Coiled - low vol squeeze,Normal,Rising,Weak Down,0.0198,Neutral,37.1549,Neutral,3 - Topping,mid,20.0,11.0,4 - Declining,68.0,,,,,,3 - Topping but stage confidence only 20 - regime not established,3 - Topping but stage confidence only 20 - regime not established
2025-06-13,22631.69921875,22932.25,22631.69921875,22906.19921875,25533300,22371.1207,21892.2084,No,85.67,Strong Bull,Uptrend,Hold,Uptrend (HH+HL),Bullish,71.17,Bull,Bullish majority,"Range with bullish lean - ADX emerging, direction not confirmed",54.5372,Neutral,254.5416,283.0268,bullish accelerating,Neutral,0.4572,0.0276,full,76.05,Positive accelerating,57.44,Neutral,Bullish majority,Bearish divergence,Neutral - bearish divergence vs price over 21 bars,Lower Half,Emerging,Bearish,Yes,No,Inside,17.18,Very Low,Contracting,-23.65,Confirmed,"Very Low volatility, squeeze confirmed - expansion pending",Vol contracting,Normal,Rising,Weak Down,0.0133,Neutral,31.6666,Neutral,3 - Topping,mid,20.0,12.0,4 - Declining,68.0,,,,,,3 - Topping but stage confidence only 20 - regime not established,3 - Topping but stage confidence only 20 - regime not established
2025-06-16,22914.849609375,23106.69921875,22789.400390625,23095.05078125,23518500,22399.5101,21904.177,No,84.99,Strong Bull,Uptrend,Hold,Uptrend (HH+HL),Bullish,78.38,Strong Bull,Bullish confirmed,"Range with bullish lean - ADX no trend, direction not confirmed",58.7307,Neutral,242.3726,274.8959,bullish accelerating,Neutral,1.141,0.2454,full,77.51,Positive accelerating,57.54,Neutral,Mixed,Bearish divergence,Neutral - bearish divergence vs price over 21 bars,Upper Half,No Trend,Bullish,No,No,Inside,18.53,Very Low,Contracting,-20.04,Confirmed,"Very Low volatility, squeeze confirmed - expansion pending",Vol contracting,Normal,Rising,Weak Up,0.0778,Accumulation,36.9075,Neutral,3 - Topping,mid,20.0,13.0,4 - Declining,68.0,,,,,,3 - Topping but stage confidence only 20 - regime not established,3 - Topping but stage confidence only 20 - regime not established
2025-06-17,23126.80078125,23128.5,22959.150390625,22981.5,29479900,22422.3332,21914.8966,No,82.14,Strong Bull,Uptrend,Hold,Uptrend (HH+HL),Bullish,75.79,Strong Bull,Bullish confirmed,"Range with bullish lean - ADX no trend, direction not confirmed",55.4206,Neutral,221.0183,264.1204,bullish accelerating,Neutral,1.1897,0.2612,full,76.82,Positive fading,55.23,Neutral,Mixed,Bearish divergence,Neutral - bearish divergence vs price over 21 bars,Upper Half,No Trend,Bullish,No,No,Inside,16.19,Very Low,Stable,-18.26,Confirmed,"Very Low volatility, squeeze confirmed - expansion pending",Vol contracting,Normal,Rising,Weak Down,0.0844,Accumulation,43.7077,Neutral,3 - Topping,mid,20.0,14.0,4 - Declining,68.0,,,,,,3 - Topping but stage confidence only 20 - regime not established,3 - Topping but stage confidence only 20 - regime not established
2025-06-18,22937.75,23066.849609375,22868.349609375,22925.19921875,19507700,22442.0534,21924.9494,No,79.89,Bull,Uptrend,Hold,Uptrend (HH+HL),Bullish,73.77,Bull,Bullish confirmed,"Range with bullish lean - ADX no trend, direction not confirmed",53.8015,Neutral,197.2777,250.7518,bullish accelerating,Neutral,0.5145,0.0452,full,77.25,Positive accelerating,54.17,Neutral,Mixed,Bearish divergence,Neutral - bearish divergence vs price over 21 bars,Lower Half,No Trend,Bullish,No,No,Inside,14.49,Very Low,Stable,-14.76,Confirmed,"Very Low volatility, squeeze confirmed - expansion pending",Coiled - low vol squeeze,Normal,Rising,Weak Down,0.0589,Accumulation,38.5048,Neutral,3 - Topping,mid,20.0,15.0,4 - Declining,68.0,,,,,,3 - Topping but stage confidence only 20 - regime not established,3 - Topping but stage confidence only 20 - regime not established
2025-06-19,22921.599609375,22973.150390625,22712.55078125,22763.5,23853000,22454.6592,21933.2932,No,77.92,Bull,Uptrend,Hold,Uptrend (HH+HL),Bullish,69.49,Bull,Bullish majority,"Range with bullish lean - ADX no trend, direction not confirmed",49.3428,Neutral,163.5302,233.3075,bullish accelerating,Neutral,-0.7456,-0.3567,full,74.4,Positive fading,49.14,Neutral,Bearish majority,Bearish divergence,Neutral - bearish divergence vs price over 21 bars,Lower Half,No Trend,Bearish,No,Yes,Inside,15.4,Very Low,Stable,-9.25,Confirmed,"Very Low volatility, squeeze confirmed - expansion pending",Normal vol,Normal,Rising,Weak Down,0.0252,Neutral,41.0982,Neutral,3 - Topping,mid,20.0,16.0,4 - Declining,68.0,,,,,,3 - Topping but stage confidence only 20 - regime not established,3 - Topping but stage confidence only 20 - regime not established
2025-06-20,22760.650390625,23064.69921875,22760.599609375,23041.099609375,32449300,22477.6569,21944.3161,No,80.24,Strong Bull,Uptrend,Hold,Uptrend (HH+HL),Bullish,73.46,Bull,Bullish majority,"Range with bullish lean - ADX no trend, direction not confirmed",56.0732,Neutral,157.371,218.1202,bullish fading,Neutral,-0.5353,-0.2845,full,73.08,Positive fading,51.75,Neutral,Mixed,Bearish divergence,Neutral - bearish divergence vs price over 21 bars,Upper Half,No Trend,Bearish,No,Yes,Inside,16.31,Very Low,Stable,-7.22,Confirmed,"Very Low volatility, squeeze confirmed - expansion pending",Normal vol,Normal,Rising,Confirmed Up,0.0397,Neutral,49.6022,Neutral,3 - Topping,mid,20.0,17.0,4 - Declining,68.0,,,,,,3 - Topping but stage confidence only 20 - regime not established,3 - Topping but stage confidence only 20 - regime not established
2025-06-23,22880.349609375,23063.349609375,22837.80078125,23001.5,20840000,22498.1997,21954.8353,No,78.87,Bull,Uptrend,Hold,Uptrend (HH+HL),Bullish,72.84,Bull,Bullish confirmed,"Range with bullish lean - ADX no trend, direction not confirmed",54.9516,Neutral,147.5931,204.0148,bullish fading,Neutral,-1.4104,-0.5607,full,70.48,Positive fading,51.39,Neutral,Mixed,Bearish divergence,Neutral - bearish divergence vs price over 21 bars,Upper Half,No Trend,Bearish,No,Yes,Inside,15.44,Very Low,Stable,2.86,Confirmed,"Very Low volatility, squeeze confirmed - expansion pending",Normal vol,Normal,Rising,Weak Down,0.0553,Accumulation,58.0943,Neutral,3 - Topping,mid,20.0,18.0,4 - Declining,68.0,,,,,,3 - Topping but stage confidence only 20 - regime not established,3 - Topping but stage confidence only 20 - regime not established
2025-06-24,23212.30078125,23307.94921875,23074.25,23113.19921875,31040600,22522.3173,21966.3614,No,79.76,Bull,Uptrend,Hold,Uptrend (HH+HL),Bullish,74.18,Bull,Bullish confirmed,"Range with bullish lean - ADX no trend, direction not confirmed",57.532,Neutral,147.1608,192.644,bullish fading,Neutral,-0.9715,-0.4126,full,69.39,Positive fading,54.5,Neutral,Bullish majority,Bearish divergence,Neutral - bearish divergence vs price over 21 bars,Upper Half,No Trend,Bullish,No,Yes,Inside,16.75,Very Low,Stable,5.99,Confirmed,"Very Low volatility, squeeze confirmed - expansion pending",Normal vol,Normal,Rising,Confirmed Up,0.0296,Neutral,66.1739,Neutral,3 - Topping,mid,20.0,19.0,4 - Declining,68.0,,,,,,3 - Topping but stage confidence only 20 - regime not established,3 - Topping but stage confidence only 20 - regime not established
2025-06-25,23216.150390625,23303.650390625,23190.849609375,23296.849609375,30406900,22552.6912,21979.6,No,82.32,Strong Bull,Uptrend,Hold,Uptrend (HH+HL),Bullish,76.76,Strong Bull,Bullish confirmed,"Range with bullish lean - ADX no trend, direction not confirmed",61.4425,Neutral,159.7953,186.0743,bullish fading,Neutral,-0.1757,-0.1505,full,69.02,Positive fading,58.52,Bullish,Bullish majority,Bearish divergence,Bullish - bearish divergence vs price over 21 bars,Upper Half,No Trend,Bullish,No,Yes,Near Upper,14.8,Very Low,Stable,4.68,Confirmed,"Very Low volatility, squeeze confirmed - expansion pending",Coiled - low vol squeeze,Normal,Rising,Weak Up,0.1136,Accumulation,66.6324,Neutral,3 - Topping,late,20.0,20.0,4 - Declining,68.0,,,,,,3 - Topping but stage confidence only 20 - regime not established,3 - Topping but stage confidence only 20 - regime not established
2025-06-26,23341.19921875,23529.650390625,23319.849609375,23517.55078125,29163000,22590.5288,21994.903,No,87.25,Strong Bull,Uptrend,Hold,Uptrend (HH+HL),Bullish,80.51,Strong Bull,Bullish confirmed,"Range with bullish lean - ADX no trend, direction not confirmed",65.5483,Neutral,185.4789,185.9552,bullish fading,Overbought,2.0441,0.5915,full,68.38,Positive fading,63.99,Bullish,Bullish confirmed,None,Bullish - all 4 components agree incl. MACD acceleration,Above Upper,No Trend,Bullish,No,Yes,Breakout Up,15.75,Very Low,Stable,2.42,Confirmed,"Very Low volatility, squeeze confirmed - expansion pending",Coiled - low vol squeeze,Normal,Rising,Weak Up,0.1341,Accumulation,66.6716,Neutral,3 - Topping,late,20.0,21.0,4 - Declining,68.0,,,,,,3 - Topping but stage confidence only 20 - regime not established,3 - Topping but stage confidence only 20 - regime not established
2025-06-27,23566.69921875,23644.349609375,23538.55078125,23620.150390625,34232800,22630.9061,22011.0747,No,89.39,Strong Bull,Uptrend,Hold,Uptrend (HH+HL),Bullish,80.72,Strong Bull,Bullish confirmed,"Range with bullish lean - ADX no trend, direction not confirmed",67.2919,Neutral,211.6722,191.0986,Bullish crossover,Overbought,3.1168,0.9554,full,70.36,Positive accelerating,68.51,Bullish,Bullish confirmed,None,Bullish - all 4 components agree incl. MACD acceleration,Above Upper,No Trend,Bullish,Yes,No,Breakout Up,13.53,Very Low,Stable,-3.65,No,"Very Low volatility, stable",Low vol - tight stops,Normal,Rising,Confirmed Up,0.2081,Accumulation,66.916,Neutral,3 - Topping,late,20.0,22.0,4 - Declining,68.0,,,,,,3 - Topping but stage confidence only 20 - regime not established,3 - Topping but stage confidence only 20 - regime not established
2025-06-30,23672.349609375,23677.55078125,23563.0,23617.19921875,24613500,22669.5843,22027.056,No,89.55,Strong Bull,Uptrend,Hold,Uptrend (HH+HL),Bullish,80.7,Strong Bull,Bullish confirmed,"Range with bullish lean - ADX no trend, direction not confirmed",67.1866,Neutral,229.5464,198.7881,bullish accelerating,Overbought,2.2609,0.6745,full,72.01,Positive accelerating,70.29,Strong Bullish,Bullish confirmed,None,Strong Bullish - all 4 components agree incl. MACD acceleration,At Upper,No Trend,Bullish,Yes,No,Near Upper,12.62,Very Low,Stable,-5.91,No,"Very Low volatility, stable",Low vol - tight stops,Normal,Rising,Weak Down,0.1633,Accumulation,66.4047,Neutral,3 - Topping,late,20.0,23.0,4 - Declining,68.0,,,,,,3 - Topping but stage confidence only 20 - regime not established,3 - Topping but stage confidence only 20 - regime not established
2025-07-01,23659.75,23669.94921875,23558.900390625,23615.44921875,25642800,22706.677,22042.8609,No,89.91,Strong Bull,Uptrend,Hold,Uptrend (HH+HL),Bullish,81.06,Strong Bull,Bullish confirmed,"Range with bullish lean - ADX no trend, direction not confirmed",67.1195,Neutral,240.7948,207.1895,bullish accelerating,Overbought,2.7585,0.8398,full,70.62,Positive fading,69.92,Bullish,Bullish confirmed,None,Bullish - all 4 components agree incl. MACD acceleration,Upper Half,No Trend,Bullish,Yes,No,Near Upper,12.1,Very Low,Stable,-4.09,No,"Very Low volatility, stable",Low vol - tight stops,Normal,Falling,Weak Down,0.2382,Accumulation,68.1571,Neutral,3 - Topping,late,20.0,24.0,4 - Declining,68.0,,,,,,3 - Topping but stage confidence only 20 - regime not established,3 - Topping but stage confidence only 20 - regime not established
2025-07-02,23653.05078125,23669.30078125,23463.849609375,23547.25,26194600,22739.6407,22057.8299,No,89.27,Strong Bull,Uptrend,Hold,Uptrend (HH+HL),Bullish,80.35,Strong Bull,Bullish confirmed,"Range with bullish lean - ADX no trend, direction not confirmed",64.4196,Neutral,241.4232,214.0362,bullish fading,Overbought,2.7134,0.8244,full,70.69,Positive accelerating,68.2,Bullish,Bullish confirmed,None,Bullish - all 4 components agree incl. MACD acceleration,Upper Half,No Trend,Bullish,Yes,No,Near Upper,11.91,Very Low,Stable,-2.58,No,"Very Low volatility, stable",Low vol - tight stops,Normal,Falling,Weak Down,0.1866,Accumulation,67.9936,Neutral,3 - Topping,late,20.0,25.0,4 - Declining,68.0,,,,,,3 - Topping but stage confidence only 20 - regime not established,3 - Topping but stage confidence only 20 - regime not established
2025-07-03,23591.80078125,23647.099609375,23503.55078125,23521.849609375,23572100,22770.3155,22072.3973,No,88.96,Strong Bull,Uptrend,Hold,Uptrend (HH+HL),Bullish,80.15,Strong Bull,Bullish confirmed,"Range with bullish lean - ADX no trend, direction not confirmed",63.3968,Neutral,237.1381,218.6566,bullish fading,Overbought,3.3314,1.0288,full,73.27,Positive accelerating,67.46,Bullish,Bullish confirmed,None,Bullish - all 4 components agree incl. MACD acceleration,Upper Half,No Trend,Bullish,Yes,No,Near Upper,11.35,Very Low,Stable,-4.05,No,"Very Low volatility, stable",Low vol - tight stops,Normal,Falling,Weak Down,0.1523,Accumulation,68.2079,Neutral,3 - Topping,late,20.0,26.0,4 - Declining,68.0,,,,,,3 - Topping but stage confidence only 20 - regime not established,3 - Topping but stage confidence only 20 - regime not established
2025-07-04,23553.44921875,23570.900390625,23448.900390625,23562.44921875,18787000,22801.3796,22087.2237,No,88.58,Strong Bull,Uptrend,Hold,Uptrend (HH+HL),Bullish,80.31,Strong Bull,Bullish confirmed,"Range with bullish lean - ADX no trend, direction not confirmed",64.3706,Neutral,234.3171,221.7887,bullish fading,Overbought,2.2627,0.6734,full,71.6,Positive fading,66.48,Bullish,Bullish confirmed,None,Bullish - all 4 components agree incl. MACD acceleration,Upper Half,No Trend,Bullish,Yes,No,Near Upper,11.27,Very Low,Stable,-5.04,No,"Very Low volatility, stable",Low vol - tight stops,Normal,Falling,Weak Up,0.1369,Accumulation,62.7118,Neutral,3 - Topping,late,20.0,27.0,4 - Declining,68.0,,,,,,3 - Topping but stage confidence only 20 - regime not established,3 - Topping but stage confidence only 20 - regime not established
2025-07-07,23561.599609375,23595.30078125,23506.5,23551.19921875,24223800,22830.7843,22101.7906,No,87.13,Strong Bull,Uptrend,Hold,Uptrend (HH+HL),Bullish,79.56,Strong Bull,Bullish confirmed,"Range with bullish lean - ADX no trend, direction not confirmed",63.8636,Neutral,228.5391,223.1388,bullish fading,Overbought,2.3898,0.7154,full,71.73,Positive accelerating,65.7,Bullish,Bullish confirmed,Bearish divergence,Bullish - bearish divergence vs price over 21 bars,Upper Half,No Trend,Bullish,Yes,No,Near Upper,9.82,Very Low,Stable,-5.62,No,"Very Low volatility, stable",Low vol - tight stops,Normal,Falling,Weak Down,0.0868,Accumulation,62.2374,Neutral,3 - Topping,late,20.0,28.0,4 - Declining,68.0,,,,,,3 - Topping but stage confidence only 20 - regime not established,3 - Topping but stage confidence only 20 - regime not established
2025-07-08,23540.599609375,23600.349609375,23469.94921875,23572.55078125,29300500,22859.8732,22116.425,No,86.25,Strong Bull,Uptrend,Hold,Uptrend (HH+HL),Bullish,79.3,Strong Bull,Bullish confirmed,"Range with bullish lean - ADX no trend, direction not confirmed",64.4361,Neutral,223.1111,223.1332,Bearish crossover,Overbought,1.9874,0.5819,full,76.6,Positive accelerating,67.06,Bullish,Bullish confirmed,Bearish divergence,Bullish - bearish divergence vs price over 21 bars,Upper Half,No Trend,Bullish,Yes,No,Near Upper,9.64,Very Low,Stable,-7.1,No,"Very Low volatility, stable",Low vol - tight stops,Normal,Falling,Confirmed Up,0.1318,Accumulation,60.5143,Neutral,3 - Topping,late,20.0,29.0,4 - Declining,68.0,,,,,,3 - Topping but stage confidence only 20 - regime not established,3 - Topping but stage confidence only 20 - regime not established
2025-07-09,23576.44921875,23613.900390625,23513.849609375,23557.44921875,23483000,22887.2291,22130.7636,No,85.56,Strong Bull,Uptrend,Hold,Uptrend (HH+HL),Bullish,78.34,Strong Bull,Bullish confirmed,"Range with bullish lean - ADX no trend, direction not confirmed",63.6678,Neutral,215.1111,221.5288,bullish accelerating,Overbought,1.1186,0.2929,full,84.34,Positive accelerating,68.53,Bullish,Bullish majority,Bearish divergence,Bullish - bearish divergence vs price over 21 bars,Upper Half,No Trend,Bullish,No,No,Near Upper,9.17,Very Low,Stable,-5.64,No,"Very Low volatility, stable",Low vol - tight stops,Normal,Falling,Weak Down,0.1378,Accumulation,66.77,Neutral,3 - Topping,late,20.0,30.0,4 - Declining,68.0,,,,,,3 - Topping but stage confidence only 20 - regime not established,3 - Topping but stage confidence only 20 - regime not established
2025-07-10,23595.849609375,23605.5,23444.94921875,23471.400390625,20223100,22910.1378,22144.1033,No,84.29,Strong Bull,Uptrend,Hold,Uptrend (HH+HL),Bullish,76.75,Strong Bull,Bullish confirmed,"Range with bullish lean - ADX no trend, direction not confirmed",59.3269,Neutral,199.5276,217.1286,bullish accelerating,Overbought,-0.1962,-0.1417,full,79.2,Positive fading,64.22,Bullish,Bullish majority,Bearish divergence,Bullish - bearish divergence vs price over 21 bars,Upper Half,No Trend,Bullish,No,No,Near Upper,8.85,Very Low,Stable,-6.91,No,"Very Low volatility, stable",Low vol - tight stops,Normal,Falling,Weak Down,0.1527,Accumulation,60.1139,Neutral,3 - Topping,late,20.0,31.0,4 - Declining,68.0,,,,,,3 - Topping but stage confidence only 20 - regime not established,3 - Topping but stage confidence only 20 - regime not established
2025-07-11,23408.80078125,23462.349609375,23256.30078125,23282.69921875,22318700,22924.748,22155.4326,No,81.54,Strong Bull,Uptrend,Hold,Uptrend (HH+HL),Bullish,72.59,Bull,Bullish majority,"Range with bullish lean - ADX no trend, direction not confirmed",51.0991,Neutral,169.9914,207.7011,bullish accelerating,Neutral,-1.4287,-0.5482,full,78.75,Positive fading,57.67,Neutral,Bullish majority,Bearish divergence,Neutral - bearish divergence vs price over 21 bars,Lower Half,No Trend,Bearish,No,No,Inside,9.09,Very Low,Stable,-4.45,No,"Very Low volatility, stable",Low vol - tight stops,Normal,Falling,Weak Down,0.0802,Accumulation,54.2054,Neutral,3 - Topping,late,20.0,32.0,4 - Declining,68.0,,,,,,3 - Topping but stage confidence only 20 - regime not established,3 - Topping but stage confidence only 20 - regime not established
2025-07-14,23290.150390625,23329.19921875,23200.099609375,23309.05078125,39977700,22939.8187,22166.9114,No,79.74,Bull,Uptrend,Hold,Uptrend (HH+HL),Bullish,72.39,Bull,Bullish majority,"Range with bullish lean - ADX no trend, direction not confirmed",52.0982,Neutral,147.0154,195.564,bullish accelerating,Neutral,-1.3048,-0.5014,full,74.63,Positive fading,53.35,Neutral,Mixed,Bearish divergence,Neutral - bearish divergence vs price over 21 bars,Lower Half,No Trend,Bearish,No,No,Inside,6.63,Very Low,Stable,-5.99,No,"Very Low volatility, stable",Low vol - tight stops,Normal,Falling,Confirmed Up,0.0885,Accumulation,44.6673,Neutral,3 - Topping,late,20.0,33.0,4 - Declining,68.0,,,,,,3 - Topping but stage confidence only 20 - regime not established,3 - Topping but stage confidence only 20 - regime not established
2025-07-15,23334.55078125,23469.44921875,23332.80078125,23449.150390625,27090700,22959.7925,22179.67,No,79.63,Bull,Uptrend,Hold,Uptrend (HH+HL),Bullish,73.98,Bull,Bullish confirmed,"Range with bullish lean - ADX no trend, direction not confirmed",57.1147,Neutral,138.5149,184.1542,bullish fading,Neutral,-0.7042,-0.2959,full,70.39,Positive fading,52.91,Neutral,Mixed,Bearish divergence,Neutral - bearish divergence vs price over 21 bars,Upper Half,No Trend,Bullish,No,No,Near Upper,5.64,Very Low,Stable,-6.47,No,"Very Low volatility, stable",Low vol - tight stops,Normal,Falling,Confirmed Up,0.1662,Accumulation,44.2013,Neutral,3 - Topping,late,20.0,34.0,4 - Declining,68.0,,,,,,3 - Topping but stage confidence only 20 - regime not established,3 - Topping but stage confidence only 20 - regime not established
2025-07-16,23458.900390625,23502.900390625,23403.5,23472.5,28588900,22979.8987,22192.5339,No,79.17,Bull,Uptrend,Hold,Uptrend (HH+HL),Bullish,74.03,Bull,Bullish confirmed,"Range with bullish lean - ADX no trend, direction not confirmed",57.906,Neutral,132.1391,173.7512,bullish fading,Neutral,-0.3174,-0.1619,full,69.32,Positive fading,54.09,Neutral,Mixed,Bearish divergence,Neutral - bearish divergence vs price over 21 bars,Upper Half,No Trend,Bullish,No,No,Near Upper,5.12,Very Low,Stable,-6.79,No,"Very Low volatility, stable",Low vol - tight stops,Normal,Falling,Confirmed Up,0.1996,Accumulation,44.1152,Neutral,3 - Topping,late,20.0,35.0,4 - Declining,68.0,,,,,,3 - Topping but stage confidence only 20 - regime not established,3 - Topping but stage confidence only 20 - regime not established
2025-07-17,23507.650390625,23514.69921875,23409.05078125,23419.69921875,21951000,22997.1458,22204.7445,No,78.41,Bull,Uptrend,Hold,Uptrend (HH+HL),Bullish,73.28,Bull,Bullish confirmed,"Range with bullish lean - ADX no trend, direction not confirmed",55.4161,Neutral,121.4259,163.2861,bullish accelerating,Neutral,-0.4343,-0.1976,full,66.03,Positive fading,53.22,Neutral,Bullish majority,Bearish divergence,Neutral - bearish divergence vs price over 21 bars,Lower Half,No Trend,Bullish,No,No,Inside,2.42,Very Low,Stable,-8.93,Partial,"Very Low volatility, stable",Coiled - low vol squeeze,Normal,Falling,Weak Down,0.1947,Accumulation,36.0,Neutral,3 - Topping,late,20.0,36.0,4 - Declining,68.0,,,,,,3 - Topping but stage confidence only 20 - regime not established,3 - Topping but stage confidence only 20 - regime not established
2025-07-18,23430.0,23449.44921875,23240.849609375,23275.150390625,19710600,23008.0479,22215.3953,No,77.06,Bull,Uptrend,Hold,Uptrend (HH+HL),Bullish,71.51,Bull,Bullish confirmed,"Range with bullish lean - ADX no trend, direction not confirmed",49.1814,Neutral,100.1177,150.6524,bullish accelerating,Neutral,-1.2193,-0.4574,full,61.54,Positive fading,47.86,Neutral,Bearish majority,Bearish divergence,Neutral - bearish divergence vs price over 21 bars,Lower Half,No Trend,Bearish,No,No,Inside,1.59,Very Low,Stable,-9.68,Partial,"Very Low volatility, stable",Coiled - low vol squeeze,Normal,Falling,Weak Down,0.1215,Accumulation,29.4764,Neutral,3 - Topping,late,20.0,37.0,4 - Declining,68.0,,,,,,3 - Topping but stage confidence only 20 - regime not established,3 - Topping but stage confidence only 20 - regime not established
2025-07-21,23296.75,23394.5,23184.900390625,23378.44921875,17595400,23022.5734,22226.968,No,77.78,Bull,Uptrend,Hold,Uptrend (HH+HL),Bullish,72.69,Bull,Bullish confirmed,"Range with bullish lean - ADX no trend, direction not confirmed",53.2309,Neutral,90.5226,138.6265,bullish fading,Neutral,-0.7335,-0.2901,full,61.71,Positive accelerating,48.66,Neutral,Mixed,Bearish divergence,Neutral - bearish divergence vs price over 21 bars,Lower Half,No Trend,Bearish,No,No,Inside,1.71,Very Low,Stable,-8.12,Confirmed,"Very Low volatility, squeeze confirmed - expansion pending",Coiled - low vol squeeze,Normal,Falling,Weak Up,0.1329,Accumulation,30.1917,Neutral,3 - Topping,late,20.0,38.0,4 - Declining,68.0,,,,,,3 - Topping but stage confidence only 20 - regime not established,3 - Topping but stage confidence only 20 - regime not established
2025-07-22,23449.75,23456.0,23306.400390625,23320.900390625,20318100,23034.2725,22237.8529,No,76.38,Bull,Uptrend,Hold,Uptrend (HH+HL),Bullish,71.68,Bull,Bullish confirmed,"Range with bullish lean - ADX no trend, direction not confirmed",50.8022,Neutral,77.3827,126.3777,bullish accelerating,Neutral,-1.0676,-0.3986,full,59.74,Positive fading,46.62,Neutral,Mixed,Bearish divergence,Neutral - bearish divergence vs price over 21 bars,Lower Half,No Trend,Bearish,No,No,Inside,0.87,Very Low,Stable,-8.77,Confirmed,"Very Low volatility, squeeze confirmed - expansion pending",Coiled - low vol squeeze,Normal,Falling,Weak Down,0.1442,Accumulation,36.7426,Neutral,3 - Topping,late,20.0,39.0,4 - Declining,68.0,,,,,,3 - Topping but stage confidence only 20 - regime not established,3 - Topping but stage confidence only 20 - regime not established
2025-07-23,23382.400390625,23435.55078125,23296.0,23428.400390625,19959600,23049.7285,22249.6992,No,76.71,Bull,Uptrend,Hold,Uptrend (HH+HL),Bullish,72.77,Bull,Bullish confirmed,"Range with bullish lean - ADX no trend, direction not confirmed",54.9382,Neutral,74.7816,116.0585,bullish fading,Neutral,-0.5478,-0.2198,full,61.25,Positive accelerating,50.6,Neutral,Mixed,Bearish divergence,Neutral - bearish divergence vs price over 21 bars,Lower Half,No Trend,Bearish,No,No,Inside,0.75,Very Low,Stable,-8.41,Confirmed,"Very Low volatility, squeeze confirmed - expansion pending",Coiled - low vol squeeze,Normal,Falling,Weak Up,0.1295,Accumulation,43.1327,Neutral,3 - Topping,late,20.0,40.0,4 - Declining,68.0,,,,,,3 - Topping but stage confidence only 20 - regime not established,3 - Topping but stage confidence only 20 - regime not established
2025-07-24,23447.349609375,23449.400390625,23257.599609375,23301.099609375,19690700,23059.5862,22260.1609,No,75.08,Bull,Uptrend,Hold,Uptrend (HH+HL),Bullish,71.05,Bull,Bullish confirmed,"Range with bullish lean - ADX no trend, direction not confirmed",49.6185,Neutral,61.7364,105.1941,bullish accelerating,Neutral,-0.7256,-0.2768,full,63.3,Positive accelerating,48.94,Neutral,Bearish majority,Bearish divergence,Neutral - bearish divergence vs price over 21 bars,Lower Half,No Trend,Bearish,No,No,Near Lower,1.27,Very Low,Stable,-7.58,Confirmed,"Very Low volatility, squeeze confirmed - expansion pending",Coiled - low vol squeeze,Normal,Falling,Weak Down,0.057,Accumulation,43.0364,Neutral,3 - Topping,late,20.0,41.0,4 - Declining,68.0,,,,,,3 - Topping but stage confidence only 20 - regime not established,3 - Topping but stage confidence only 20 - regime not established
2025-07-25,23255.25,23255.25,22993.0,23014.80078125,21958300,23057.8299,22267.6697,No,65.07,Bull,Downtrend,Sell,Uptrend (HH+HL),Bullish,59.57,Neutral,Mixed,"No clear trend - ADX no trend, price ranging",40.1923,Neutral,27.9736,89.75,bullish accelerating,Neutral,-1.1506,-0.4189,full,58.26,Positive fading,42.09,Neutral,Bearish majority,None,"Neutral - majority agree, 1 dissenting",Below Lower,No Trend,Bearish,Yes,No,Breakout Down,3.65,Very Low,Stable,-5.43,Confirmed,"Very Low volatility, squeeze confirmed - expansion pending",Coiled - low vol squeeze,Normal,Falling,Weak Down,-0.0192,Neutral,36.044,Neutral,3 - Topping,late,40.0,42.0,4 - Declining,68.0,,,,,,3 - Topping but stage confidence only 20 - regime not established,3 - Topping but stage confidence only 20 - regime not established
2025-07-28,22967.400390625,23094.849609375,22818.150390625,22846.94921875,20263600,23049.5601,22273.4337,No,61.21,Bull,Downtrend,Hold,Uptrend (HH+HL),Bullish,57.67,Neutral,Mixed,"No clear trend - ADX no trend, price ranging",35.8878,Neutral,-12.1874,69.3625,bearish accelerating,Oversold,-1.9825,-0.6965,full,56.64,Positive fading,36.77,Bearish,Bearish majority,None,"Bearish - majority agree, 1 dissenting",Below Lower,No Trend,Bearish,Yes,Yes,Breakout Down,7.42,Very Low,Stable,0.79,Partial,"Very Low volatility, stable",Coiled - low vol squeeze,Normal,Falling,Weak Down,-0.0506,Distribution,37.1217,Neutral,3 - Topping,late,40.0,43.0,4 - Declining,68.0,,,,,,3 - Topping but stage confidence only 20 - regime not established,3 - Topping but stage confidence only 20 - regime not established
2025-07-29,22793.0,23024.150390625,22777.69921875,23007.349609375,17358000,23047.9048,22280.7363,No,60.94,Bull,Downtrend,Hold,Uptrend (HH+HL),Bullish,58.24,Neutral,Mixed,"No clear trend - ADX no trend, price ranging",42.2525,Neutral,-30.7182,49.3463,bearish fading,Oversold,-1.8841,-0.6609,full,58.87,Positive accelerating,39.49,Bearish,Bearish majority,None,"Bearish - majority agree, 1 dissenting",Lower Half,No Trend,Bearish,Yes,Yes,Near Lower,10.16,Very Low,Stable,4.52,No,"Very Low volatility, stable",Low vol - tight stops,Normal,Falling,Weak Up,-0.0201,Neutral,35.8009,Neutral,3 - Topping,late,40.0,44.0,4 - Declining,68.0,,,,,,3 - Topping but stage confidence only 20 - regime not established,3 - Topping but stage confidence only 20 - regime not established
2025-07-30,23064.25,23070.349609375,22959.44921875,23033.55078125,16971600,23047.3419,22288.227,No,59.91,Neutral,Downtrend,Hold,Uptrend (HH+HL),Bullish,57.32,Neutral,Mixed,"No clear trend - ADX no trend, price ranging",43.2437,Neutral,-42.7965,30.9178,bearish fading,Neutral,-1.8701,-0.654,full,59.34,Positive accelerating,41.62,Bearish,Bearish majority,None,"Bearish - majority agree, 1 dissenting",Lower Half,No Trend,Bearish,Yes,Yes,Inside,9.01,Very Low,Stable,3.89,No,"Very Low volatility, stable",Low vol - tight stops,Normal,Falling,Weak Up,0.0029,Neutral,41.5665,Neutral,3 - Topping,late,40.0,45.0,4 - Declining,68.0,,,,,,3 - Topping but stage confidence only 20 - regime not established,3 - Topping but stage confidence only 20 - regime not established
2025-07-31,22804.19921875,23071.25,22802.150390625,22914.94921875,22141000,23042.15,22294.4631,No,58.37,Neutral,Downtrend,Hold,Uptrend (HH+HL),Bullish,54.67,Neutral,Mixed,"No clear trend - ADX emerging, price ranging",39.9048,Neutral,-61.2329,12.4877,bearish accelerating,Neutral,-2.1552,-0.7466,full,56.49,Positive fading,40.36,Bearish,Bearish majority,None,"Bearish - majority agree, 1 dissenting",Lower Half,Emerging,Bearish,Yes,Yes,Near Lower,12.1,Very Low,Stable,9.68,No,"Very Low volatility, stable",Low vol - tight stops,Normal,Falling,Weak Down,0.0339,Neutral,41.6411,Neutral,3 - Topping,late,40.0,46.0,4 - Declining,68.0,,,,,,3 - Topping but stage confidence only 20 - regime not established,3 - Topping but stage confidence only 20 - regime not established
2025-08-01,22901.599609375,22917.849609375,22646.75,22673.650390625,22209200,23027.6991,22298.2361,No,49.31,Neutral,Downtrend,Hold,Uptrend (HH+HL),Bullish,48.94,Neutral,Bearish majority,"No clear trend - ADX emerging, price ranging",34.1308,Neutral,-94.2284,-8.8556,bearish accelerating,Oversold,-2.5843,-0.8846,full,56.53,Positive accelerating,36.87,Bearish,Bearish majority,None,"Bearish - majority agree, 1 dissenting",Below Lower,Emerging,Bearish,Yes,Yes,Breakout Down,14.41,Very Low,Stable,12.82,No,"Very Low volatility, stable",Low vol - tight stops,Normal,Falling,Weak Down,-0.041,Neutral,44.2225,Neutral,3 - Topping,late,60.0,47.0,4 - Declining,68.0,,,,,,3 - Topping but stage confidence only 40 - regime not established,3 - Topping but stage confidence only 20 - regime not established
2025-08-04,22699.69921875,22871.599609375,22648.599609375,22860.400390625,18958000,23021.1383,22303.8298,No,49.98,Neutral,Downtrend,Hold,Uptrend (HH+HL),Bullish,49.82,Neutral,Bearish majority,"No clear trend - ADX emerging, price ranging",41.2196,Neutral,-104.1084,-27.9061,bearish fading,Oversold,-2.2159,-0.7557,full,57.14,Positive accelerating,39.43,Bearish,Bearish majority,None,"Bearish - majority agree, 1 dissenting",Lower Half,Emerging,Bearish,Yes,Yes,Near Lower,16.31,Very Low,Stable,14.6,No,"Very Low volatility, stable",Low vol - tight stops,Normal,Falling,Weak Up,-0.004,Neutral,42.5289,Neutral,3 - Topping,late,60.0,48.0,4 - Declining,68.0,,,,,,3 - Topping but stage confidence only 40 - regime not established,3 - Topping but stage confidence only 20 - regime not established
2025-08-05,22869.5,22878.099609375,22736.05078125,22798.5,17350900,23012.4074,22308.7518,No,49.02,Neutral,Downtrend,Hold,Uptrend (HH+HL),Bullish,47.89,Neutral,Bearish majority,"Neutral - majority agree, 1 dissenting, trending ADX",39.6947,Neutral,-115.6006,-45.445,bearish fading,Oversold,-2.2401,-0.7587,full,58.75,Positive accelerating,39.86,Bearish,Bearish majority,None,"Bearish - majority agree, 1 dissenting",Lower Half,Trending,Bearish,Yes,Yes,Near Lower,15.28,Very Low,Stable,14.41,No,"Very Low volatility, stable",Low vol - tight stops,Normal,Falling,Weak Down,-0.0472,Neutral,40.0541,Neutral,3 - Topping,late,60.0,49.0,4 - Declining,68.0,,,,,,3 - Topping but stage confidence only 40 - regime not established,3 - Topping but stage confidence only 20 - regime not established
2025-08-06,22807.55078125,22818.19921875,22622.349609375,22666.849609375,15763400,22998.8561,22312.315,No,47.37,Neutral,Downtrend,Hold,Uptrend (HH+HL),Bullish,45.49,Neutral,Bearish majority,"Neutral - majority agree, 1 dissenting, trending ADX",36.594,Neutral,-133.7891,-63.1138,bearish accelerating,Oversold,-3.2505,-1.0891,full,59.15,Positive accelerating,39.13,Bearish,Bearish majority,None,"Bearish - majority agree, 1 dissenting",Lower Half,Trending,Bearish,Yes,Yes,Near Lower,17.06,Very Low,Stable,16.31,No,"Very Low volatility, stable",Low vol - tight stops,Normal,Falling,Weak Down,-0.061,Distribution,41.0625,Neutral,3 - Topping,late,60.0,50.0,4 - Declining,68.0,,,,,,3 - Topping but stage confidence only 40 - regime not established,3 - Topping but stage confidence only 20 - regime not established
2025-08-07,22563.400390625,22726.900390625,22425.849609375,22694.099609375,20517000,22986.9049,22316.1139,No,47.41,Neutral,Downtrend,Hold,Uptrend (HH+HL),Bullish,45.37,Neutral,Bearish majority,"Neutral - majority agree, 1 dissenting, trending ADX",37.6792,Neutral,-144.3409,-79.3593,bearish fading,Oversold,-2.605,-0.867,full,51.62,Positive fading,37.71,Bearish,Bearish majority,None,"Bearish - majority agree, 1 dissenting",Lower Half,Trending,Bearish,Yes,Yes,Near Lower,19.13,Very Low,Stable,17.86,No,"Very Low volatility, stable",Low vol - tight stops,Normal,Falling,Weak Up,0.0077,Neutral,41.034,Neutral,3 - Topping,late,60.0,51.0,4 - Declining,68.0,,,,,,3 - Topping but stage confidence only 40 - regime not established,3 - Topping but stage confidence only 20 - regime not established
2025-08-08,22680.900390625,22690.349609375,22419.69921875,22443.150390625,17064600,22965.5812,22317.3779,No,45.66,Neutral,Downtrend,Hold,Uptrend (HH+HL),Bullish,41.69,Neutral,Bearish majority,"Neutral - majority agree, 1 dissenting, trending ADX",32.2118,Oversold,-170.9818,-97.6838,bearish accelerating,Oversold,-2.4838,-0.8204,full,50.84,Positive fading,34.64,Bearish,Bearish majority,None,"Bearish - majority agree, 1 dissenting",At Lower,Trending,Bearish,Yes,Yes,Near Lower,23.53,Low,Stable,19.88,No,"Low volatility, stable",Low vol - tight stops,Normal,Falling,Weak Down,0.0137,Neutral,41.2063,Neutral,3 - Topping,late,60.0,52.0,4 - Declining,68.0,,,,,,3 - Topping - no new positions in a basing/topping stage,3 - Topping but stage confidence only 40 - regime not established
2025-08-11,22447.55078125,22650.099609375,22406.0,22633.44921875,15385700,22952.5564,22320.5229,No,40.22,Neutral,Downtrend,Hold,Uptrend (HH+HL),Bullish,41.65,Neutral,Bearish majority,"Neutral - majority agree, 1 dissenting, trending ADX",39.3936,Neutral,-174.7253,-113.0921,bearish fading,Oversold,-0.9345,-0.3043,full,51.19,Positive accelerating,38.42,Bearish,Bearish majority,None,"Bearish - majority agree, 1 dissenting",Lower Half,Trending,Bearish,Yes,Yes,Near Lower,25.36,Low,Stable,17.94,No,"Low volatility, stable",Low vol - tight stops,Normal,Falling,Weak Up,-0.0209,Neutral,39.9734,Neutral,3 - Topping,late,80.0,53.0,4 - Declining,68.0,,,,,,3 - Topping - no new positions in a basing/topping stage,3 - Topping but stage confidence only 40 - regime not established
2025-08-12,22633.650390625,22730.25,22554.30078125,22568.599609375,15129600,22937.4993,22322.9913,No,39.7,Bear,Downtrend,Hold,Uptrend (HH+HL),Bullish,40.89,Neutral,Bearish majority,"Neutral - majority agree, 1 dissenting, trending ADX",37.9192,Neutral,-180.8402,-126.6417,bearish fading,Oversold,-1.907,-0.629,full,48.07,Negative accelerating,37.17,Bearish,Bearish confirmed,None,Bearish - all 4 components agree incl. MACD acceleration,Lower Half,Trending,Bearish,Yes,Yes,Near Lower,24.68,Low,Stable,14.53,No,"Low volatility, stable",Low vol - tight stops,Normal,Falling,Weak Down,-0.1031,Distribution,38.7177,Neutral,3 - Topping,late,80.0,54.0,4 - Declining,68.0,,,,,,3 - Topping - no new positions in a basing/topping stage,3 - Topping but stage confidence only 40 - regime not established
2025-08-13,22655.150390625,22733.80078125,22624.44921875,22698.099609375,20941400,22928.111,22326.7237,No,41.43,Neutral,Downtrend,Hold,Uptrend (HH+HL),Bullish,42.66,Neutral,Bearish majority,"Neutral - majority agree, 1 dissenting, trending ADX",42.5436,Neutral,-173.2398,-135.9613,bearish fading,Neutral,-1.4564,-0.4768,full,48.49,Negative fading,41.35,Bearish,Bearish confirmed,None,Bearish - all 4 components agree incl. MACD acceleration,Lower Half,Trending,Bearish,Yes,Yes,Inside,22.42,Low,Stable,13.41,No,"Low volatility, stable",Low vol - tight stops,Normal,Falling,Confirmed Up,-0.1152,Distribution,46.5724,Neutral,3 - Topping,late,80.0,55.0,4 - Declining,68.0,,,,,,3 - Topping - no new positions in a basing/topping stage,3 - Topping but stage confidence only 40 - regime not established
2025-08-14,22713.650390625,22754.150390625,22646.69921875,22680.25,20569500,22918.391,22330.2414,No,41.91,Neutral,Downtrend,Hold,Uptrend (HH+HL),Bullish,42.66,Neutral,Bearish majority,"Neutral - majority agree, 1 dissenting, trending ADX",42.0784,Neutral,-166.7347,-142.116,bearish fading,Neutral,-1.0242,-0.3324,full,48.38,Negative accelerating,42.97,Neutral,Bearish confirmed,None,Neutral - all 4 components agree incl. MACD acceleration,Lower Half,Trending,Bearish,Yes,Yes,Inside,20.36,Low,Stable,8.26,No,"Low volatility, stable",Low vol - tight stops,Normal,Falling,Confirmed Down,-0.0898,Distribution,54.758,Neutral,3 - Topping,late,80.0,56.0,4 - Declining,68.0,,,,,,3 - Topping - no new positions in a basing/topping stage,3 - Topping but stage confidence only 40 - regime not established
2025-08-18,22958.30078125,23040.849609375,22913.05078125,22931.5,23896800,22918.9051,22336.2241,No,46.3,Neutral,Downtrend,Hold,Uptrend (HH+HL),Bullish,46.46,Neutral,Bearish majority,"Neutral - majority agree, 1 dissenting, trending ADX",50.315,Neutral,-139.6953,-141.6319,Bullish crossover,Neutral,1.1372,0.3857,full,53.06,Positive accelerating,51.76,Neutral,Bullish confirmed,None,Neutral - all 4 components agree incl. MACD acceleration,Upper Half,Trending,Bearish,Yes,Yes,Inside,21.55,Low,Stable,7.14,No,"Low volatility, stable",Low vol - tight stops,Normal,Falling,Confirmed Up,-0.0987,Distribution,63.1125,Neutral,3 - Topping,late,80.0,57.0,4 - Declining,68.0,,,,,,3 - Topping - no new positions in a basing/topping stage,3 - Topping - no new positions in a basing/topping stage
2025-08-19,22959.5,23077.099609375,22908.150390625,23066.599609375,23250400,22924.697,22343.4915,No,49.8,Neutral,Downtrend,Hold,Range,Bearish,38.9,Bear,Bearish confirmed,"Bear - all 4 components agree, trending ADX",54.0951,Neutral,-106.1414,-134.5338,bearish accelerating,Neutral,0.902,0.3035,full,52.96,Positive fading,57.75,Neutral,Bullish confirmed,Bullish divergence,Neutral - bullish divergence vs price over 21 bars,Upper Half,Trending,Bearish,No,Yes,Inside,18.77,Very Low,Stable,2.46,No,"Very Low volatility, stable",Low vol - tight stops,Normal,Falling,Confirmed Up,-0.0832,Distribution,63.934,Neutral,3 - Topping,late,80.0,58.0,4 - Declining,68.0,,,,,,3 - Topping - no new positions in a basing/topping stage,3 - Topping - no new positions in a basing/topping stage
2025-08-20,23067.69921875,23171.150390625,23025.849609375,23143.150390625,29253300,22933.2638,22351.4483,No,53.32,Neutral,Downtrend,Hold,Range,Bearish,41.04,Neutral,Mixed,"Neutral - components mixed, low conviction",56.1317,Neutral,-72.5365,-122.1343,bearish accelerating,Overbought,1.5117,0.5019,full,54.85,Positive accelerating,62.92,Bullish,Bullish confirmed,Bullish divergence,Bullish - bullish divergence vs price over 21 bars,Upper Half,Trending,Bearish,No,Yes,Inside,17.38,Very Low,Stable,2.1,No,"Very Low volatility, stable",Low vol - tight stops,Normal,Falling,Confirmed Up,0.0048,Neutral,65.5331,Neutral,3 - Topping,late,80.0,59.0,4 - Declining,68.0,,,,,,3 - Topping - no new positions in a basing/topping stage,3 - Topping - no new positions in a basing/topping stage
2025-08-21,23221.75,23230.94921875,23126.75,23137.150390625,23429200,22941.2594,22359.2662,No,55.35,Neutral,Downtrend,Hold,Range,Bearish,60.1,Bull,Mixed,"Bull - components mixed, low conviction",55.9223,Neutral,-45.8599,-106.8794,bearish accelerating,Overbought,2.0748,0.6843,full,53.13,Positive fading,63.56,Bullish,Bullish confirmed,Bullish divergence,Bullish - bullish divergence vs price over 21 bars,Upper Half,Trending,Bullish,No,No,Inside,14.29,Very Low,Stable,-2.78,No,"Very Low volatility, stable",Low vol - tight stops,Normal,Falling,Confirmed Down,-0.0864,Distribution,73.5627,Neutral,3 - Topping,late,80.0,60.0,4 - Declining,68.0,,,,,,3 - Topping - no new positions in a basing/topping stage,3 - Topping - no new positions in a basing/topping stage
2025-08-22,23133.849609375,23144.55078125,22980.849609375,22991.30078125,32235300,22943.2218,22365.5551,No,54.95,Neutral,Downtrend,Hold,Range,Bearish,42.3,Neutral,Mixed,"Neutral - components mixed, low conviction",50.9465,Neutral,-36.0716,-92.7179,bearish fading,Overbought,1.3096,0.4235,full,50.72,Positive fading,59.88,Bullish,Bullish confirmed,Bullish divergence,Bullish - bullish divergence vs price over 21 bars,Upper Half,Trending,Bearish,No,No,Inside,12.66,Very Low,Stable,-6.47,Partial,"Very Low volatility, stable",Low vol - tight stops,Normal,Falling,Confirmed Down,-0.1257,Distribution,70.9593,Neutral,3 - Topping,late,80.0,61.0,4 - Declining,68.0,,,,,,3 - Topping - no new positions in a basing/topping stage,3 - Topping - no new positions in a basing/topping stage
2025-08-25,23069.30078125,23106.900390625,23022.099609375,23052.0,27455000,22947.4876,22372.3854,No,76.09,Bull,Downtrend,Hold,Range,Bearish,51.09,Neutral,Mixed,"Neutral - components mixed, low conviction",52.8276,Neutral,-23.1495,-78.8042,bearish fading,Neutral,2.7129,0.8888,full,52.06,Positive accelerating,60.02,Bullish,Bullish confirmed,Bullish divergence,Bullish - bullish divergence vs price over 21 bars,Upper Half,Trending,Bearish,No,No,Near Upper,8.41,Very Low,Stable,-15.12,No,"Very Low volatility, stable",Low vol - tight stops,Normal,Falling,Confirmed Up,-0.0997,Distribution,71.8038,Neutral,3 - Topping,late,20.0,62.0,4 - Declining,68.0,,,,,,3 - Topping - no new positions in a basing/topping stage,3 - Topping - no new positions in a basing/topping stage
2025-08-26,22994.849609375,23013.05078125,22746.75,22768.650390625,44479200,22940.4744,22376.3284,No,52.09,Neutral,Downtrend,Hold,Range,Bearish,40.13,Neutral,Mixed,"Neutral - components mixed, low conviction",44.2892,Neutral,-35.3649,-70.1163,bearish fading,Neutral,0.5974,0.1839,full,49.91,Negative accelerating,53.31,Neutral,Mixed,Bullish divergence,Neutral - bullish divergence vs price over 21 bars,Lower Half,Trending,Bearish,No,No,Inside,11.98,Very Low,Stable,-13.37,Partial,"Very Low volatility, stable",Low vol - tight stops,High,Falling,Confirmed Down,-0.1418,Distribution,60.6365,Neutral,3 - Topping,late,80.0,63.0,4 - Declining,68.0,,,,,,3 - Topping - no new positions in a basing/topping stage,3 - Topping - no new positions in a basing/topping stage
2025-08-28,22762.25,22762.25,22529.599609375,22541.650390625,29189400,22924.8342,22377.9734,No,47.4,Neutral,Downtrend,Hold,Range,Bearish,35.98,Bear,Bearish confirmed,"Bear - all 4 components agree, trending ADX",38.869,Neutral,-62.6406,-68.6212,bearish fading,Neutral,-0.1194,-0.0514,full,47.2,Negative accelerating,46.13,Neutral,Bearish majority,Bullish divergence,Neutral - bullish divergence vs price over 21 bars,Lower Half,Trending,Bearish,No,No,Near Lower,14.21,Very Low,Stable,-10.48,Partial,"Very Low volatility, stable",Low vol - tight stops,Normal,Falling,Confirmed Down,-0.2283,Distribution,58.2979,Neutral,3 - Topping,late,80.0,64.0,4 - Declining,68.0,,,,,,3 - Topping - no new positions in a basing/topping stage,3 - Topping - no new positions in a basing/topping stage
2025-08-29,22524.150390625,22624.69921875,22443.80078125,22462.94921875,28764200,22906.7211,22378.8189,No,43.67,Neutral,Downtrend,Hold,Downtrend (LH+LL),Bearish,23.85,Strong Bear,Bearish confirmed,"Strong Bear - all 4 components agree, trending ADX",37.1706,Neutral,-89.5748,-72.8119,Bearish crossover,Neutral,-1.036,-0.356,full,47.03,Negative accelerating,40.65,Bearish,Bearish confirmed,Bullish divergence,Bearish - bullish divergence vs price over 21 bars,Lower Half,Trending,Bearish,No,No,Near Lower,14.8,Very Low,Stable,-7.62,No,"Very Low volatility, stable",Low vol - tight stops,Normal,Falling,Confirmed Down,-0.2832,Distribution,56.9637,Neutral,3 - Topping,late,80.0,65.0,4 - Declining,68.0,,,,,,3 - Topping - no new positions in a basing/topping stage,3 - Topping - no new positions in a basing/topping stage
2025-09-01,22491.900390625,22720.55078125,22491.900390625,22713.55078125,27115300,22899.1458,22382.1496,No,44.92,Neutral,Downtrend,Hold,Downtrend (LH+LL),Bearish,26.39,Bear,Bearish confirmed,"Bear - all 4 components agree, trending ADX",45.3582,Neutral,-89.6652,-76.1826,bearish fading,Neutral,0.1468,0.0474,full,48.94,Negative fading,43.73,Neutral,Bearish confirmed,Bullish divergence,Neutral - bullish divergence vs price over 21 bars,Lower Half,Trending,Bearish,Yes,Yes,Inside,15.71,Very Low,Stable,-4.64,Partial,"Very Low volatility, stable",Low vol - tight stops,Normal,Falling,Confirmed Up,-0.2189,Distribution,62.8215,Neutral,3 - Topping,late,80.0,66.0,4 - Declining,68.0,,,,,,3 - Topping - no new positions in a basing/topping stage,3 - Topping - no new positions in a basing/topping stage
2025-09-02,22758.19921875,22858.19921875,22678.44921875,22724.400390625,27193100,22892.293,22385.555,No,44.04,Neutral,Downtrend,Hold,Downtrend (LH+LL),Bearish,26.56,Bear,Bearish confirmed,"Bear - all 4 components agree, trending ADX",45.6882,Neutral,-87.8488,-78.5158,bearish fading,Neutral,-0.9031,-0.3034,full,50.12,Positive accelerating,45.35,Neutral,Bearish majority,Bullish divergence,Neutral - bullish divergence vs price over 21 bars,Lower Half,Trending,Bearish,Yes,No,Inside,15.24,Very Low,Stable,-6.31,No,"Very Low volatility, stable",Low vol - tight stops,Normal,Falling,Confirmed Up,-0.2071,Distribution,64.0068,Neutral,3 - Topping,late,80.0,67.0,4 - Declining,68.0,,,,,,3 - Topping but stage confidence only 20 - regime not established,3 - Topping - no new positions in a basing/topping stage
2025-09-03,22764.0,22877.349609375,22709.19921875,22864.650390625,30994300,22891.209,22390.3222,No,46.14,Neutral,Downtrend,Hold,Downtrend (LH+LL),Bearish,28.98,Bear,Bearish confirmed,"Bear - all 4 components agree, trending ADX",49.9003,Neutral,-74.2365,-77.6599,Bullish crossover,Neutral,-0.8755,-0.2893,full,50.5,Positive accelerating,49.78,Neutral,Mixed,None,"Neutral - components mixed, low conviction",Upper Half,Trending,Bearish,Yes,No,Inside,14.24,Very Low,Stable,-4.52,No,"Very Low volatility, stable",Low vol - tight stops,Normal,Rising,Confirmed Up,-0.1832,Distribution,65.4856,Neutral,3 - Topping,late,80.0,68.0,4 - Declining,68.0,,,,,,3 - Topping - no new positions in a basing/topping stage,3 - Topping - no new positions in a basing/topping stage
2025-09-04,23116.900390625,23116.900390625,22795.0,22819.650390625,30118100,22888.4028,22394.5941,No,47.34,Neutral,Downtrend,Hold,Downtrend (LH+LL),Bearish,42.45,Neutral,Bearish majority,"Neutral - majority agree, 1 dissenting, trending ADX",48.598,Neutral,-66.3153,-75.391,bearish accelerating,Neutral,-1.3978,-0.4609,full,49.0,Negative accelerating,49.9,Neutral,Bearish majority,Bullish divergence,Neutral - bullish divergence vs price over 21 bars,Upper Half,Trending,Bullish,No,Yes,Inside,17.66,Very Low,Stable,0.28,Partial,"Very Low volatility, stable",Low vol - tight stops,Normal,Rising,Confirmed Down,-0.2251,Distribution,66.301,Neutral,3 - Topping,late,80.0,69.0,4 - Declining,68.0,,,,,,3 - Topping - no new positions in a basing/topping stage,3 - Topping - no new positions in a basing/topping stage
2025-09-05,22891.75,22916.0,22718.5,22829.150390625,34473200,22886.0791,22398.918,No,49.01,Neutral,Downtrend,Hold,Downtrend (LH+LL),Bearish,31.67,Bear,Bearish confirmed,"Range with bearish lean - ADX emerging, direction not confirmed",48.9012,Neutral,-58.5957,-72.032,bearish accelerating,Neutral,-1.3312,-0.4324,full,47.1,Negative accelerating,50.36,Neutral,Mixed,None,"Neutral - components mixed, low conviction",Upper Half,Emerging,Bearish,No,Yes,Inside,16.86,Very Low,Stable,2.58,Partial,"Very Low volatility, stable",Low vol - tight stops,Normal,Rising,Confirmed Up,-0.1925,Distribution,59.0929,Neutral,3 - Topping,late,80.0,70.0,4 - Declining,68.0,,,,,,3 - Topping - no new positions in a basing/topping stage,3 - Topping - no new positions in a basing/topping stage
2025-09-08,22892.80078125,22974.849609375,22835.900390625,22878.650390625,22996300,22885.7878,22403.6915,No,50.0,Neutral,Downtrend,Hold,Downtrend (LH+LL),Bearish,33.46,Bear,Bearish confirmed,"Range with bearish lean - ADX emerging, direction not confirmed",50.5382,Neutral,-47.9311,-67.2118,bearish accelerating,Neutral,-0.49,-0.1404,full,46.13,Negative accelerating,51.18,Neutral,Bullish majority,None,"Neutral - majority agree, 1 dissenting",Upper Half,Emerging,Bearish,No,Yes,Inside,15.51,Very Low,Stable,2.86,Partial,"Very Low volatility, stable",Low vol - tight stops,Normal,Rising,Weak Up,-0.2391,Distribution,58.9963,Neutral,3 - Topping,late,80.0,71.0,4 - Declining,68.0,,,,,,3 - Topping - no new positions in a basing/topping stage,3 - Topping - no new positions in a basing/topping stage
2025-09-09,22949.55078125,22964.05078125,22893.05078125,22949.099609375,20109300,22888.2706,22409.1184,No,51.27,Neutral,Downtrend,Hold,Downtrend (LH+LL),Bearish,35.45,Bear,Bearish majority,"Range with bearish lean - ADX emerging, direction not confirmed",52.8533,Neutral,-33.4096,-60.4513,bearish accelerating,Neutral,-0.4464,-0.1214,full,46.65,Negative fading,53.39,Neutral,Bullish majority,None,"Neutral - majority agree, 1 dissenting",Upper Half,Emerging,Bearish,No,Yes,Inside,10.36,Very Low,Stable,1.94,Partial,"Very Low volatility, stable",Low vol - tight stops,Normal,Rising,Weak Up,-0.1889,Distribution,58.6711,Neutral,3 - Topping,late,80.0,72.0,4 - Declining,68.0,,,,,,3 - Topping - no new positions in a basing/topping stage,3 - Topping but stage confidence only 20 - regime not established
2025-09-10,23056.80078125,23121.75,23027.05078125,23074.150390625,23676100,22895.56,22415.7357,No,60.04,Bull,Downtrend,Hold,Downtrend (LH+LL),Bearish,45.99,Neutral,Mixed,"No clear trend - ADX emerging, price ranging",56.7252,Neutral,-11.676,-50.6963,bearish accelerating,Neutral,1.3418,0.4939,full,47.74,Negative fading,57.15,Neutral,Bullish majority,None,"Neutral - majority agree, 1 dissenting",Upper Half,Emerging,Bullish,No,No,Near Upper,10.08,Very Low,Stable,-1.91,No,"Very Low volatility, stable",Low vol - tight stops,Normal,Rising,Weak Up,-0.211,Distribution,58.0874,Neutral,3 - Topping,late,60.0,73.0,4 - Declining,68.0,,,,,,3 - Topping - no new positions in a basing/topping stage,3 - Topping - no new positions in a basing/topping stage
2025-09-11,23073.44921875,23128.55078125,23065.69921875,23102.650390625,21459700,22903.6812,22422.5706,No,68.68,Bull,Downtrend,Hold,Downtrend (LH+LL),Bearish,48.91,Neutral,Mixed,"No clear trend - ADX no trend, price ranging",57.5803,Neutral,7.7583,-39.0054,bullish accelerating,Neutral,2.4887,0.8859,full,50.49,Positive accelerating,60.42,Bullish,Bullish confirmed,None,Bullish - all 4 components agree incl. MACD acceleration,Upper Half,No Trend,Bullish,No,No,Near Upper,5.87,Very Low,Stable,-8.33,No,"Very Low volatility, stable",Low vol - tight stops,Normal,Rising,Weak Up,-0.1782,Distribution,57.8718,Neutral,2 - Advancing,early,74.0,1.0,3 - Topping,73.0,,,,,,3 - Topping - no new positions in a basing/topping stage,3 - Topping - no new positions in a basing/topping stage
2025-09-12,23171.55078125,23210.400390625,23129.900390625,23190.25,25960500,22914.9192,22430.2092,No,78.11,Bull,Uptrend,Buy,Downtrend (LH+LL),Bearish,57.2,Neutral,Bullish majority,"No clear trend - ADX no trend, price ranging",60.1843,Neutral,29.8842,-25.2274,bullish accelerating,Overbought,3.2378,1.1381,full,52.48,Positive accelerating,63.77,Bullish,Bullish confirmed,None,Bullish - all 4 components agree incl. MACD acceleration,Upper Half,No Trend,Bullish,No,No,Near Upper,6.31,Very Low,Stable,-8.49,No,"Very Low volatility, stable",Low vol - tight stops,Normal,Rising,Weak Up,-0.1661,Distribution,65.4598,Neutral,2 - Advancing,early,84.0,2.0,3 - Topping,73.0,,,,,,3 - Topping - no new positions in a basing/topping stage,3 - Topping - no new positions in a basing/topping stage
2025-09-15,23213.150390625,23249.19921875,23182.05078125,23215.849609375,33099500,22926.7204,22438.0266,No,79.64,Bull,Uptrend,Hold,Downtrend (LH+LL),Bearish,57.26,Neutral,Bullish majority,"No clear trend - ADX no trend, price ranging",60.9389,Neutral,48.9209,-10.3978,bullish accelerating,Overbought,2.2115,0.783,full,51.05,Positive fading,64.49,Bullish,Bullish confirmed,None,Bullish - all 4 components agree incl. MACD acceleration,Upper Half,No Trend,Bullish,No,No,Near Upper,5.2,Very Low,Stable,-10.51,No,"Very Low volatility, stable",Low vol - tight stops,Normal,Rising,Confirmed Up,-0.1482,Distribution,65.9711,Neutral,2 - Advancing,early,84.0,3.0,3 - Topping,73.0,,,,,,3 - Topping - no new positions in a basing/topping stage,3 - Topping - no new positions in a basing/topping stage
2025-09-16,23240.25,23386.650390625,23217.30078125,23369.30078125,23720000,22944.0765,22447.293,No,81.72,Strong Bull,Uptrend,Hold,Downtrend (LH+LL),Bearish,58.99,Neutral,Bullish majority,"No clear trend - ADX no trend, price ranging",65.1971,Overbought,75.5193,6.7856,bullish accelerating,Overbought,2.8379,0.9912,full,53.37,Positive accelerating,67.28,Bullish,Bullish confirmed,None,Bullish - all 4 components agree incl. MACD acceleration,At Upper,No Trend,Bullish,No,No,Breakout Up,8.06,Very Low,Stable,-7.18,No,"Very Low volatility, stable",Low vol - tight stops,Normal,Rising,Weak Up,-0.0841,Distribution,75.8654,Neutral,2 - Advancing,early,84.0,4.0,3 - Topping,73.0,,,,,,3 - Topping - no new positions in a basing/topping stage,3 - Topping - no new positions in a basing/topping stage
2025-09-17,23419.099609375,23464.400390625,23395.75,23445.19921875,22655400,22963.7284,22457.2224,No,82.77,Strong Bull,Uptrend,Hold,Downtrend (LH+LL),Bearish,59.2,Neutral,Bullish majority,"No clear trend - ADX emerging, price ranging",67.1071,Overbought,101.5524,25.739,bullish accelerating,Overbought,2.5391,0.8845,full,54.54,Positive accelerating,68.68,Bullish,Bullish confirmed,None,Bullish - all 4 components agree incl. MACD acceleration,At Upper,Emerging,Bullish,Yes,No,Breakout Up,10.28,Very Low,Stable,-3.97,No,"Very Low volatility, stable",Low vol - tight stops,Normal,Rising,Weak Up,-0.1028,Distribution,83.222,Overbought,2 - Advancing,early,84.0,5.0,3 - Topping,73.0,,,,,,3 - Topping - no new positions in a basing/topping stage,3 - Topping - no new positions in a basing/topping stage
2025-09-18,23534.150390625,23538.900390625,23434.44921875,23518.900390625,21229100,22985.4998,22467.7863,No,83.92,Strong Bull,Uptrend,Hold,Downtrend (LH+LL),Bearish,60.27,Bull,Bullish majority,"Range with bullish lean - ADX emerging, direction not confirmed",68.8923,Overbought,126.6708,45.9254,bullish accelerating,Overbought,3.0642,1.0566,full,56.64,Positive accelerating,70.22,Strong Bullish,Bullish confirmed,None,Strong Bullish - all 4 components agree incl. MACD acceleration,At Upper,Emerging,Bullish,Yes,No,Breakout Up,13.69,Very Low,Stable,-3.97,No,"Very Low volatility, stable",Low vol - tight stops,Normal,Rising,Weak Up,-0.1132,Distribution,90.6337,Overbought,2 - Advancing,early,84.0,6.0,3 - Topping,73.0,,,,,,"2 - Advancing, but trend score 49 does not confirm long - no directional edge",3 - Topping - no new positions in a basing/topping stage
2025-09-19,23530.599609375,23541.30078125,23451.599609375,23486.650390625,49270900,23005.1528,22477.9243,No,84.22,Strong Bull,Uptrend,Hold,Downtrend (LH+LL),Bearish,60.44,Bull,Bullish majority,"Range with bullish lean - ADX emerging, direction not confirmed",67.1742,Overbought,142.3342,65.2071,bullish fading,Overbought,2.8801,0.99,full,53.87,Positive fading,68.42,Bullish,Bullish confirmed,None,Bullish - all 4 components agree incl. MACD acceleration,Upper Half,Emerging,Bullish,Yes,No,Near Upper,16.51,Very Low,Stable,-0.36,No,"Very Low volatility, stable",Low vol - tight stops,Normal,Rising,Confirmed Down,-0.0942,Distribution,78.2598,Neutral,2 - Advancing,early,84.0,7.0,3 - Topping,73.0,,,,,,"2 - Advancing, but trend score 57 does not confirm long - no directional edge",3 - Topping - no new positions in a basing/topping stage
2025-09-22,23434.75,23523.55078125,23335.099609375,23381.44921875,26249700,23019.9095,22486.9146,No,83.45,Strong Bull,Uptrend,Hold,Downtrend (LH+LL),Bearish,59.24,Neutral,Bullish majority,"No clear trend - ADX emerging, price ranging",61.7632,Neutral,144.592,81.0841,bullish fading,Overbought,2.1977,0.7557,full,53.3,Positive fading,64.95,Bullish,Bullish confirmed,None,Bullish - all 4 components agree incl. MACD acceleration,Upper Half,Emerging,Bullish,Yes,No,Near Upper,17.34,Very Low,Stable,1.83,No,"Very Low volatility, stable",Low vol - tight stops,Normal,Rising,Weak Down,-0.0693,Distribution,71.3742,Neutral,2 - Advancing,early,84.0,8.0,3 - Topping,73.0,,,,,,"2 - Advancing, but trend score 57 does not confirm long - no directional edge",3 - Topping - no new positions in a basing/topping stage
2025-09-23,23408.19921875,23434.30078125,23253.099609375,23325.25,29750900,23031.8837,22495.2562,No,82.66,Strong Bull,Uptrend,Hold,Downtrend (LH+LL),Bearish,58.12,Neutral,Bullish majority,"No clear trend - ADX emerging, price ranging",59.0278,Neutral,140.23,92.9133,bullish fading,Overbought,1.6391,0.5649,full,51.83,Positive fading,61.45,Bullish,Bullish confirmed,None,Bullish - all 4 components agree incl. MACD acceleration,Upper Half,Emerging,Bullish,Yes,No,Near Upper,18.29,Very Low,Stable,7.94,No,"Very Low volatility, stable",Low vol - tight stops,Normal,Rising,Confirmed Down,-0.0654,Distribution,63.5544,Neutral,2 - Advancing,early,84.0,9.0,3 - Topping,73.0,,,,,,"2 - Advancing, but trend score 59 does not confirm long - no directional edge",3 - Topping - no new positions in a basing/topping stage
2025-09-24,23293.400390625,23317.19921875,23165.94921875,23178.25,22385600,23037.6235,22502.0522,No,79.52,Bull,Uptrend,Hold,Downtrend (LH+LL),Bearish,55.03,Neutral,Bullish majority,"No clear trend - ADX emerging, price ranging",52.4804,Neutral,123.4879,99.0282,bullish fading,Neutral,0.4512,0.1625,full,48.98,Negative accelerating,55.19,Neutral,Bullish majority,Bearish divergence,Neutral - bearish divergence vs price over 21 bars,Upper Half,Emerging,Bullish,Yes,No,Inside,17.97,Very Low,Stable,7.9,No,"Very Low volatility, stable",Low vol - tight stops,Normal,Rising,Weak Down,-0.0346,Neutral,56.9092,Neutral,2 - Advancing,early,84.0,10.0,3 - Topping,73.0,,,,,,"2 - Advancing, but trend score 59 does not confirm long - no directional edge",3 - Topping - no new positions in a basing/topping stage
2025-09-25,23169.44921875,23235.55078125,23009.55078125,23022.400390625,23143600,23037.0265,22507.2298,No,75.42,Bull,Downtrend,Sell,Downtrend (LH+LL),Bearish,40.72,Neutral,Bearish majority,"No clear trend - ADX emerging, price ranging",46.5812,Neutral,96.5311,98.5288,Bearish crossover,Neutral,-0.3474,-0.1069,full,45.79,Negative accelerating,47.91,Neutral,Bearish majority,Bearish divergence,Neutral - bearish divergence vs price over 21 bars,Lower Half,Emerging,Bearish,No,No,Inside,16.87,Very Low,Stable,10.99,No,"Very Low volatility, stable",Low vol - tight stops,Normal,Rising,Weak Down,-0.0246,Neutral,58.5981,Neutral,2 - Advancing,mid,84.0,11.0,3 - Topping,73.0,,,,,,"2 - Advancing, trend 60 but ADX shows no trend, this is a range - wait for alignment","2 - Advancing, but trend score 49 does not confirm long - no directional edge"
2025-09-26,22965.900390625,22994.150390625,22692.69921875,22713.150390625,30633900,23024.3255,22509.2787,No,69.03,Bull,Downtrend,Hold,Range,Bullish,47.46,Neutral,Mixed,"No clear trend - ADX emerging, price ranging",37.5592,Neutral,49.6416,88.7513,bullish accelerating,Neutral,-2.0573,-0.683,full,42.32,Negative accelerating,38.02,Bearish,Bearish confirmed,Bearish divergence,Bearish - bearish divergence vs price over 21 bars,Lower Half,Emerging,Bearish,No,Yes,Inside,17.54,Very Low,Stable,11.23,No,"Very Low volatility, stable",Low vol - tight stops,Normal,Rising,Confirmed Down,-0.0315,Neutral,51.3676,Neutral,2 - Advancing,mid,84.0,12.0,3 - Topping,73.0,,,,,,"2 - Advancing, trend 60 but ADX shows no trend, this is a range - wait for alignment","2 - Advancing, but trend score 57 does not confirm long - no directional edge"
2025-09-29,22783.900390625,22865.099609375,22677.0,22739.099609375,27084600,23013.1402,22511.5655,No,60.1,Bull,Downtrend,Hold,Range,Bullish,44.9,Neutral,Mixed,"No clear trend - ADX emerging, price ranging",38.6333,Neutral,14.4091,73.8829,bullish accelerating,Oversold,-2.0536,-0.6757,full,42.56,Negative fading,34.85,Bearish,Bearish confirmed,Bearish divergence,Bearish - bearish divergence vs price over 21 bars,Lower Half,Emerging,Bearish,No,Yes,Inside,16.35,Very Low,Stable,11.15,No,"Very Low volatility, stable",Low vol - tight stops,Normal,Rising,Weak Up,-0.0949,Distribution,45.2417,Neutral,2 - Advancing,mid,74.0,13.0,3 - Topping,73.0,,,,,,"2 - Advancing, but trend score 59 does not confirm long - no directional edge","2 - Advancing, but trend score 57 does not confirm long - no directional edge"
2025-09-30,22793.650390625,22829.19921875,22669.30078125,22734.099609375,21800300,23002.1974,22513.7798,No,52.35,Neutral,Downtrend,Hold,Range,Bullish,42.11,Neutral,Mixed,"No clear trend - ADX emerging, price ranging",38.4958,Neutral,-13.7578,56.3548,bearish accelerating,Oversold,-2.7181,-0.894,full,42.54,Negative accelerating,33.29,Bearish,Bearish confirmed,Bearish divergence,Bearish - bearish divergence vs price over 21 bars,Lower Half,Emerging,Bearish,No,Yes,Near Lower,13.02,Very Low,Stable,4.96,No,"Very Low volatility, stable",Low vol - tight stops,Normal,Rising,Weak Down,-0.0789,Distribution,39.2797,Neutral,2 - Advancing,mid,64.0,14.0,3 - Topping,73.0,,,,,,"2 - Advancing, but trend score 58 does not confirm long - no directional edge","2 - Advancing, but trend score 59 does not confirm long - no directional edge"
2025-10-01,22745.94921875,22943.19921875,22726.25,22928.30078125,23002400,22999.2995,22517.9044,No,52.82,Neutral,Downtrend,Hold,Range,Bullish,44.22,Neutral,Mixed,"No clear trend - ADX emerging, price ranging",46.4607,Neutral,-20.1772,41.0484,bearish fading,Oversold,-2.2047,-0.7133,full,44.74,Negative fading,38.12,Bearish,Bearish confirmed,Bearish divergence,Bearish - bearish divergence vs price over 21 bars,Lower Half,Emerging,Bearish,No,Yes,Inside,13.73,Very Low,Stable,3.45,No,"Very Low volatility, stable",Low vol - tight stops,Normal,Rising,Weak Up,-0.0923,Distribution,39.4883,Neutral,2 - Advancing,mid,64.0,15.0,3 - Topping,73.0,,,,,,"2 - Advancing, but trend score 55 does not confirm long - no directional edge","2 - Advancing, but trend score 59 does not confirm long - no directional edge"
2025-10-03,22905.099609375,23037.5,22874.150390625,23027.69921875,24935400,23000.4132,22522.977,No,52.69,Neutral,Downtrend,Hold,Range,Bullish,45.61,Neutral,Mixed,"No clear trend - ADX emerging, price ranging",50.0278,Neutral,-17.0476,29.4292,bearish fading,Neutral,-2.0885,-0.6676,full,45.8,Negative fading,42.07,Neutral,Bearish majority,Bearish divergence,Neutral - bearish divergence vs price over 21 bars,Lower Half,Emerging,Bearish,Yes,Yes,Inside,12.98,Very Low,Stable,-0.72,No,"Very Low volatility, stable",Low vol - tight stops,Normal,Rising,Weak Up,-0.0033,Neutral,39.2908,Neutral,2 - Advancing,mid,64.0,16.0,3 - Topping,73.0,,,,,,"2 - Advancing, but trend score 41 does not confirm long - no directional edge","2 - Advancing, trend 60 but ADX shows no trend, this is a range - wait for alignment"
2025-10-06,23055.150390625,23177.25,23008.30078125,23169.650390625,26990400,23007.05,22529.4115,No,62.69,Bull,Downtrend,Hold,Range,Bullish,55.85,Neutral,Mixed,"No clear trend - ADX no trend, price ranging",54.6724,Neutral,-3.0775,22.9278,bearish fading,Neutral,-1.3497,-0.4109,full,46.67,Negative fading,47.49,Neutral,Bearish majority,Bearish divergence,Neutral - bearish divergence vs price over 21 bars,Upper Half,No Trend,Bullish,No,Yes,Inside,12.26,Very Low,Stable,-4.25,No,"Very Low volatility, stable",Low vol - tight stops,Normal,Rising,Confirmed Up,0.0359,Neutral,38.2754,Neutral,2 - Advancing,mid,74.0,17.0,3 - Topping,73.0,,,,,,"2 - Advancing, but trend score 47 does not confirm long - no directional edge","2 - Advancing, trend 60 but ADX shows no trend, this is a range - wait for alignment"
2025-10-07,23191.349609375,23275.099609375,23170.849609375,23209.5,29565400,23014.9892,22536.1786,No,72.02,Bull,Downtrend,Hold,Range,Bullish,59.08,Neutral,Mixed,"No clear trend - ADX no trend, price ranging",55.9112,Neutral,11.0816,20.5586,bullish fading,Neutral,-0.7354,-0.1972,full,47.1,Negative fading,50.78,Neutral,Mixed,None,"Neutral - components mixed, low conviction",Upper Half,No Trend,Bullish,No,Yes,Inside,11.23,Very Low,Stable,-6.11,No,"Very Low volatility, stable",Low vol - tight stops,Normal,Rising,Confirmed Up,0.0378,Neutral,39.2129,Neutral,2 - Advancing,mid,84.0,18.0,3 - Topping,73.0,,,,,,"2 - Advancing, but trend score 45 does not confirm long - no directional edge","2 - Advancing, but trend score 59 does not confirm long - no directional edge"
2025-10-08,23197.94921875,23265.19921875,23087.900390625,23109.349609375,25463900,23018.6896,22541.8818,No,72.77,Bull,Downtrend,Hold,Uptrend (HH+HL),Bullish,67.79,Bull,Bullish majority,"Range with bullish lean - ADX no trend, direction not confirmed",52.0602,Neutral,14.0595,19.2588,bullish fading,Neutral,-0.9256,-0.2595,full,46.07,Negative accelerating,50.09,Neutral,Mixed,Bearish divergence,Neutral - bearish divergence vs price over 21 bars,Lower Half,No Trend,Bullish,No,Yes,Inside,11.55,Very Low,Stable,-6.75,No,"Very Low volatility, stable",Low vol - tight stops,Normal,Rising,Weak Down,-0.0208,Neutral,32.939,Neutral,2 - Advancing,mid,84.0,19.0,3 - Topping,73.0,,,,,,"2 - Advancing, but trend score 42 does not confirm long - no directional edge","2 - Advancing, but trend score 58 does not confirm long - no directional edge"
2025-10-09,23144.30078125,23251.650390625,23101.849609375,23241.75,21819900,23027.4371,22548.8456,No,74.89,Bull,Downtrend,Hold,Uptrend (HH+HL),Bullish,69.12,Bull,Bullish majority,"Range with bullish lean - ADX no trend, direction not confirmed",56.3414,Neutral,26.7942,20.7659,Bullish crossover,Neutral,0.274,0.1522,full,47.32,Negative fading,53.1,Neutral,Bullish majority,Bearish divergence,Neutral - bearish divergence vs price over 21 bars,Upper Half,No Trend,Bullish,No,Yes,Inside,11.11,Very Low,Stable,-6.86,No,"Very Low volatility, stable",Low vol - tight stops,Normal,Rising,Weak Up,0.0151,Neutral,32.9949,Neutral,2 - Advancing,mid,84.0,20.0,3 - Topping,73.0,,,,,,"2 - Advancing, but trend score 44 does not confirm long - no directional edge","2 - Advancing, but trend score 55 does not confirm long - no directional edge"
2025-10-10,23247.44921875,23374.25,23220.05078125,23337.55078125,28175300,23039.5984,22556.6934,No,76.86,Bull,Uptrend,Buy,Uptrend (HH+HL),Bullish,74.9,Bull,Bullish confirmed,"Range with bullish lean - ADX no trend, direction not confirmed",59.1819,Neutral,44.1084,25.4344,bullish accelerating,Neutral,1.3689,0.524,full,48.86,Negative fading,56.18,Neutral,Bullish majority,Bearish divergence,Neutral - bearish divergence vs price over 21 bars,Upper Half,No Trend,Bullish,No,Yes,Near Upper,10.79,Very Low,Stable,-6.07,No,"Very Low volatility, stable",Low vol - tight stops,Normal,Rising,Confirmed Up,0.0354,Neutral,42.856,Neutral,2 - Advancing,mid,84.0,21.0,3 - Topping,73.0,,,,,,"2 - Advancing, but trend score 46 does not confirm long - no directional edge","2 - Advancing, but trend score 41 does not confirm long - no directional edge"
2025-10-13,23245.05078125,23315.650390625,23201.55078125,23294.80078125,26231000,23049.6063,22564.0378,No,77.28,Bull,Uptrend,Hold,Uptrend (HH+HL),Bullish,74.42,Bull,Bullish confirmed,"Range with bullish lean - ADX no trend, direction not confirmed",57.3876,Neutral,53.7608,31.0996,bullish accelerating,Neutral,2.5609,0.9252,full,50.1,Positive accelerating,57.59,Neutral,Bullish confirmed,Bearish divergence,Neutral - bearish divergence vs price over 21 bars,Upper Half,No Trend,Bullish,No,No,Inside,10.99,Very Low,Stable,-6.55,No,"Very Low volatility, stable",Low vol - tight stops,Normal,Rising,Weak Down,0.0422,Neutral,42.8775,Neutral,2 - Advancing,mid,84.0,22.0,3 - Topping,73.0,,,,,,"2 - Advancing, but trend score 56 does not confirm long - no directional edge","2 - Advancing, but trend score 47 does not confirm long - no directional edge"
2025-10-14,23349.75,23374.0,23121.5,23184.05078125,23464300,23054.8786,22570.2071,No,76.32,Bull,Uptrend,Hold,Uptrend (HH+HL),Bullish,72.76,Bull,Bullish confirmed,"Range with bullish lean - ADX no trend, direction not confirmed",52.9121,Neutral,51.8757,35.2549,bullish fading,Neutral,1.9568,0.7125,full,48.93,Negative accelerating,55.61,Neutral,Bullish majority,None,"Neutral - majority agree, 1 dissenting",Upper Half,No Trend,Bullish,No,No,Inside,13.09,Very Low,Stable,-3.25,No,"Very Low volatility, stable",Low vol - tight stops,Normal,Rising,Weak Down,0.0201,Neutral,43.66,Neutral,2 - Advancing,mid,84.0,23.0,3 - Topping,73.0,,,,,,"2 - Advancing, but trend score 59 does not confirm long - no directional edge","2 - Advancing, but trend score 45 does not confirm long - no directional edge"
2025-10-15,23227.55078125,23400.94921875,23224.150390625,23377.349609375,23139300,23067.5246,22578.2383,No,79.09,Bull,Uptrend,Hold,Uptrend (HH+HL),Bullish,75.5,Strong Bull,Bullish confirmed,"Range with bullish lean - ADX no trend, direction not confirmed",58.9321,Neutral,65.2275,41.2494,bullish accelerating,Overbought,2.8295,1.0035,full,49.39,Negative fading,58.92,Bullish,Bullish majority,Bearish divergence,Bullish - bearish divergence vs price over 21 bars,Upper Half,No Trend,Bullish,No,No,Near Upper,14.05,Very Low,Stable,1.03,No,"Very Low volatility, stable",Low vol - tight stops,Normal,Rising,Weak Up,0.0166,Neutral,50.1354,Neutral,2 - Advancing,mid,84.0,24.0,3 - Topping,73.0,,,,,,"2 - Advancing, trend 68 but ADX shows no trend, this is a range - wait for alignment","2 - Advancing, but trend score 42 does not confirm long - no directional edge"
2025-10-16,23443.30078125,23592.849609375,23428.150390625,23563.80078125,22457600,23086.9864,22588.0449,No,81.73,Strong Bull,Uptrend,Hold,Uptrend (HH+HL),Bullish,76.52,Strong Bull,Bullish confirmed,"Range with bullish lean - ADX no trend, direction not confirmed",63.7467,Neutral,89.8186,50.9632,bullish accelerating,Overbought,2.7717,0.9759,full,50.78,Positive accelerating,62.64,Bullish,Bullish confirmed,Bearish divergence,Bullish - bearish divergence vs price over 21 bars,Upper Half,No Trend,Bullish,No,No,Breakout Up,15.55,Very Low,Stable,1.83,No,"Very Low volatility, stable",Low vol - tight stops,Normal,Rising,Weak Up,0.0252,Neutral,56.6186,Neutral,2 - Advancing,mid,84.0,25.0,3 - Topping,73.0,,,,,,"2 - Advancing, trend 69 but ADX shows no trend, this is a range - wait for alignment","2 - Advancing, but trend score 44 does not confirm long - no directional edge"
2025-10-17,23547.0,23679.05078125,23515.849609375,23598.05078125,24249000,23107.0281,22598.0947,No,82.72,Strong Bull,Uptrend,Hold,Uptrend (HH+HL),Bullish,76.41,Strong Bull,Bullish confirmed,"Range with bullish lean - ADX no trend, direction not confirmed",64.5684,Overbought,110.7937,62.9293,bullish accelerating,Overbought,2.4768,0.8678,full,51.52,Positive accelerating,64.58,Bullish,Bullish confirmed,Bearish divergence,Bullish - bearish divergence vs price over 21 bars,Upper Half,No Trend,Bullish,No,No,Breakout Up,16.35,Very Low,Stable,3.37,No,"Very Low volatility, stable",Low vol - tight stops,Normal,Rising,Weak Up,0.0007,Neutral,64.5947,Neutral,2 - Advancing,mid,84.0,26.0,3 - Topping,73.0,,,,,,"2 - Advancing, trend 75 but ADX shows no trend, this is a range - wait for alignment","2 - Advancing, but trend score 46 does not confirm long - no directional edge"
2025-10-20,23699.349609375,23766.55078125,23654.75,23716.099609375,23663900,23130.9133,22609.2192,No,84.51,Strong Bull,Uptrend,Hold,Uptrend (HH+HL),Bullish,77.67,Strong Bull,Bullish confirmed,"Range with bullish lean - ADX no trend, direction not confirmed",67.3181,Overbought,135.3816,77.4198,bullish accelerating,Overbought,2.3585,0.8204,full,53.79,Positive accelerating,66.81,Bullish,Bullish confirmed,Bearish divergence,Bullish - bearish divergence vs price over 21 bars,At Upper,No Trend,Bullish,Yes,No,Breakout Up,18.73,Very Low,Stable,6.47,No,"Very Low volatility, stable",Low vol - tight stops,Normal,Falling,Weak Up,0.0266,Neutral,72.0417,Neutral,2 - Advancing,mid,84.0,27.0,3 - Topping,73.0,,,,,,"2 - Advancing, trend 74 but ADX shows no trend, this is a range - wait for alignment","2 - Advancing, but trend score 56 does not confirm long - no directional edge"
2025-10-21,23791.900390625,23818.349609375,23723.400390625,23759.19921875,5545000,23155.5519,22620.6618,No,85.07,Strong Bull,Uptrend,Hold,Uptrend (HH+HL),Bullish,78.21,Strong Bull,Bullish confirmed,"Range with bullish lean - ADX no trend, direction not confirmed",68.2857,Overbought,156.541,93.244,bullish accelerating,Overbought,2.3684,0.8171,full,53.26,Positive fading,67.22,Bullish,Bullish confirmed,Bearish divergence,Bullish - bearish divergence vs price over 21 bars,At Upper,No Trend,Bullish,Yes,No,Near Upper,20.44,Low,Stable,9.21,No,"Low volatility, stable",Low vol - tight stops,Dry-up,Falling,Weak Up,0.0525,Accumulation,77.1921,Neutral,2 - Advancing,mid,84.0,28.0,3 - Topping,73.0,,,,,,"2 - Advancing, trend 73 but ADX shows no trend, this is a range - wait for alignment","2 - Advancing, but trend score 59 does not confirm long - no directional edge"
2025-10-23,23899.75,23926.099609375,23727.599609375,23755.900390625,33809000,23179.095,22631.9577,No,85.23,Strong Bull,Uptrend,Hold,Uptrend (HH+HL),Bullish,78.71,Strong Bull,Bullish confirmed,"Range with bullish lean - ADX no trend, direction not confirmed",68.1195,Overbought,171.0717,108.8096,bullish fading,Overbought,2.7978,0.9573,full,53.73,Positive accelerating,66.87,Bullish,Bullish confirmed,None,Bullish - all 4 components agree incl. MACD acceleration,Upper Half,No Trend,Bullish,Yes,No,Near Upper,23.33,Low,Stable,11.78,No,"Low volatility, stable",Low vol - tight stops,Normal,Falling,Confirmed Down,0.015,Neutral,77.9939,Neutral,2 - Advancing,mid,84.0,29.0,3 - Topping,73.0,,,,,,"2 - Advancing, trend 76 but ADX shows no trend, this is a range - wait for alignment","2 - Advancing, trend 68 but ADX shows no trend, this is a range - wait for alignment"
2025-10-24,23796.19921875,23802.75,23622.80078125,23686.599609375,23861200,23198.9972,22642.4516,No,84.67,Strong Bull,Uptrend,Hold,Uptrend (HH+HL),Bullish,78.25,Strong Bull,Bullish confirmed,"Range with bullish lean - ADX no trend, direction not confirmed",64.5633,Overbought,174.9784,122.0433,bullish fading,Overbought,1.914,0.6479,full,52.2,Positive fading,63.71,Bullish,Bullish confirmed,None,Bullish - all 4 components agree incl. MACD acceleration,Upper Half,No Trend,Bullish,Yes,Yes,Inside,25.87,Low,Stable,14.76,No,"Low volatility, stable",Low vol - tight stops,Normal,Falling,Weak Down,0.039,Neutral,70.8339,Neutral,2 - Advancing,mid,84.0,30.0,3 - Topping,73.0,,,,,,"2 - Advancing, trend 77 but ADX shows no trend, this is a range - wait for alignment","2 - Advancing, trend 69 but ADX shows no trend, this is a range - wait for alignment"
2025-10-27,23742.69921875,23856.30078125,23723.400390625,23840.900390625,47146700,23224.1698,22654.3765,No,85.59,Strong Bull,Uptrend,Hold,Uptrend (HH+HL),Bullish,80.42,Strong Bull,Bullish confirmed,"Range with bullish lean - ADX emerging, direction not confirmed",68.5057,Overbought,188.3541,135.3055,bullish accelerating,Overbought,2.1568,0.726,full,54.63,Positive accelerating,65.41,Bullish,Bullish confirmed,None,Bullish - all 4 components agree incl. MACD acceleration,Upper Half,Emerging,Bullish,Yes,Yes,Near Upper,26.67,Low,Stable,15.87,No,"Low volatility, stable",Low vol - tight stops,Normal,Falling,Confirmed Up,0.1478,Accumulation,72.5603,Neutral,2 - Advancing,late,84.0,31.0,3 - Topping,73.0,,,,,,"2 - Advancing, trend 76 but ADX shows no trend, this is a range - wait for alignment","2 - Advancing, trend 75 but ADX shows no trend, this is a range - wait for alignment"
2025-10-28,23844.75,23907.55078125,23717.05078125,23812.55078125,33996800,23247.2436,22665.9006,No,85.39,Strong Bull,Uptrend,Hold,Uptrend (HH+HL),Bullish,80.65,Strong Bull,Bullish confirmed,"Range with bullish lean - ADX emerging, direction not confirmed",67.0302,Overbought,194.4256,147.1295,bullish fading,Overbought,2.2226,0.7443,full,56.93,Positive accelerating,65.25,Bullish,Bullish confirmed,None,Bullish - all 4 components agree incl. MACD acceleration,Upper Half,Emerging,Bullish,Yes,Yes,Near Upper,26.59,Low,Stable,15.6,No,"Low volatility, stable",Low vol - tight stops,Normal,Falling,Confirmed Down,0.1983,Accumulation,72.9556,Neutral,2 - Advancing,late,84.0,32.0,3 - Topping,73.0,,,,,,"2 - Advancing, trend 78 but ADX shows no trend, this is a range - wait for alignment","2 - Advancing, trend 74 but ADX shows no trend, this is a range - wait for alignment"
2025-10-29,23851.55078125,23971.55078125,23821.30078125,23952.400390625,30359000,23274.8968,22678.7016,No,86.27,Strong Bull,Uptrend,Hold,Uptrend (HH+HL),Bullish,82.25,Strong Bull,Bullish confirmed,"Range with bullish lean - ADX emerging, direction not confirmed",70.4154,Overbought,208.1228,159.3282,bullish accelerating,Overbought,3.3141,1.1124,full,59.68,Positive accelerating,68.14,Bullish,Bullish confirmed,None,Bullish but overbought on RSI and Stochastic - stretched,Upper Half,Emerging,Bullish,Yes,No,Breakout Up,25.04,Low,Stable,11.95,No,"Low volatility, stable",Low vol - tight stops,Normal,Falling,Confirmed Up,0.2583,Accumulation,80.1731,Overbought,2 - Advancing,late,84.0,33.0,3 - Topping,73.0,,,,,,"2 - Advancing, trend 78 but ADX shows no trend, this is a range - wait for alignment","2 - Advancing, trend 73 but ADX shows no trend, this is a range - wait for alignment"
2025-10-30,23933.650390625,23949.75,23804.44921875,23841.30078125,47770900,23297.1087,22690.2697,No,84.98,Strong Bull,Uptrend,Hold,Uptrend (HH+HL),Bullish,81.35,Strong Bull,Bullish confirmed,"Range with bullish lean - ADX emerging, direction not confirmed",64.7294,Neutral,207.6199,168.9865,bullish fading,Overbought,1.9846,0.651,full,57.25,Positive fading,64.6,Bullish,Bullish confirmed,None,Bullish - all 4 components agree incl. MACD acceleration,Upper Half,Emerging,Bullish,Yes,No,Near Upper,22.9,Low,Stable,8.85,No,"Low volatility, stable",Low vol - tight stops,Normal,Falling,Confirmed Down,0.2104,Accumulation,69.2823,Neutral,2 - Advancing,late,84.0,34.0,3 - Topping,73.0,,,,,,"2 - Advancing, trend 79 but ADX shows no trend, this is a range - wait for alignment","2 - Advancing, trend 76 but ADX shows no trend, this is a range - wait for alignment"
2025-10-31,23847.599609375,23913.44921875,23698.05078125,23710.400390625,32133500,23313.3162,22700.4203,No,83.48,Strong Bull,Uptrend,Hold,Uptrend (HH+HL),Bullish,79.62,Strong Bull,Bullish confirmed,"Range with bullish lean - ADX emerging, direction not confirmed",58.7137,Neutral,194.4176,174.0727,bullish fading,Overbought,0.6221,0.1787,full,55.88,Positive fading,59.99,Bullish,Bullish confirmed,None,Bullish - all 4 components agree incl. MACD acceleration,Upper Half,Emerging,Bullish,Yes,No,Inside,23.69,Low,Stable,8.14,No,"Low volatility, stable",Low vol - tight stops,Normal,Falling,Confirmed Down,0.1199,Accumulation,61.5229,Neutral,2 - Advancing,late,84.0,35.0,3 - Topping,73.0,,,,,,"2 - Advancing, trend 78 but ADX shows no trend, this is a range - wait for alignment","2 - Advancing, trend 77 but ADX shows no trend, this is a range - wait for alignment"
2025-11-03,23711.94921875,23840.099609375,23695.150390625,23810.69921875,3860300,23332.8215,22711.4679,No,83.33,Strong Bull,Uptrend,Hold,Uptrend (HH+HL),Bullish,80.41,Strong Bull,Bullish confirmed,"Range with bullish lean - ADX emerging, direction not confirmed",61.6543,Neutral,189.8594,177.2301,bullish fading,Neutral,0.9011,0.2695,full,57.82,Positive accelerating,60.02,Bullish,Bullish confirmed,None,Bullish - all 4 components agree incl. MACD acceleration,Upper Half,Emerging,Bullish,Yes,No,Near Upper,18.61,Very Low,Stable,2.26,No,"Very Low volatility, stable",Low vol - tight stops,Dry-up,Falling,Weak Up,0.0878,Accumulation,66.1381,Neutral,2 - Advancing,late,84.0,36.0,3 - Topping,73.0,,,,,,"2 - Advancing, trend 80 but ADX shows no trend, this is a range - wait for alignment","2 - Advancing, trend 76 but ADX shows no trend, this is a range - wait for alignment"
2025-11-04,23811.30078125,23829.69921875,23660.19921875,23675.44921875,31284700,23346.2578,22721.0597,No,81.35,Strong Bull,Uptrend,Hold,Uptrend (HH+HL),Bullish,78.28,Strong Bull,Bullish confirmed,"Range with bullish lean - ADX emerging, direction not confirmed",55.875,Neutral,173.3354,176.4511,Bearish crossover,Neutral,-0.1714,-0.1073,full,58.84,Positive accelerating,56.06,Neutral,Bullish majority,None,Neutral - price momentum agrees but MACD shows deceleration,Upper Half,Emerging,Bullish,Yes,No,Inside,14.25,Very Low,Stable,-4.48,No,"Very Low volatility, stable",Low vol - tight stops,Normal,Falling,Confirmed Down,-0.0062,Neutral,64.7053,Neutral,2 - Advancing,late,84.0,37.0,3 - Topping,73.0,,,,,,"2 - Advancing, trend 81 but ADX shows no trend, this is a range - wait for alignment","2 - Advancing, trend 78 but ADX shows no trend, this is a range - wait for alignment"
2025-11-06,23683.349609375,23713.400390625,23501.05078125,23513.150390625,26246000,23352.8026,22728.9412,No,77.84,Bull,Uptrend,Hold,Uptrend (HH+HL),Bullish,74.68,Bull,Bullish confirmed,"Range with bullish lean - ADX emerging, direction not confirmed",49.8378,Neutral,145.467,170.2543,bullish accelerating,Neutral,-1.0356,-0.4139,full,55.71,Positive fading,49.07,Neutral,Mixed,None,"Neutral - components mixed, low conviction",Lower Half,Emerging,Bullish,No,Yes,Inside,14.68,Very Low,Stable,-5.75,No,"Very Low volatility, stable",Low vol - tight stops,Normal,Falling,Weak Down,-0.0355,Neutral,58.267,Neutral,2 - Advancing,late,84.0,38.0,3 - Topping,73.0,,,,,,"2 - Advancing, trend 82 but ADX shows no trend, this is a range - wait for alignment","2 - Advancing, trend 78 but ADX shows no trend, this is a range - wait for alignment"
2025-11-07,23441.05078125,23570.099609375,23291.19921875,23521.5,28762600,23359.4182,22736.8274,No,75.88,Bull,Uptrend,Hold,Uptrend (HH+HL),Bullish,66.86,Bull,Bullish majority,"Range with bullish lean - ADX emerging, direction not confirmed",50.1363,Neutral,122.641,160.7317,bullish accelerating,Neutral,-0.9867,-0.4025,full,56.34,Positive accelerating,46.23,Neutral,Mixed,Bearish divergence,Neutral - bearish divergence vs price over 21 bars,Lower Half,Emerging,Bearish,No,Yes,Inside,15.95,Very Low,Stable,-7.38,No,"Very Low volatility, stable",Low vol - tight stops,Normal,Falling,Confirmed Up,0.0355,Neutral,51.6858,Neutral,2 - Advancing,late,84.0,39.0,3 - Topping,73.0,,,,,,"2 - Advancing, trend 81 but ADX shows no trend, this is a range - wait for alignment","2 - Advancing, trend 79 but ADX shows no trend, this is a range - wait for alignment"
2025-11-10,23545.349609375,23658.849609375,23542.099609375,23596.900390625,20824200,23368.7313,22745.3853,No,75.82,Bull,Uptrend,Hold,Uptrend (HH+HL),Bullish,68.05,Bull,Bullish majority,"Range with bullish lean - ADX emerging, direction not confirmed",52.864,Neutral,109.3747,150.4603,bullish accelerating,Neutral,-0.3787,-0.1954,full,58.21,Positive accelerating,46.71,Neutral,Mixed,Bearish divergence,Neutral - bearish divergence vs price over 21 bars,Lower Half,Emerging,Bearish,No,Yes,Inside,12.54,Very Low,Stable,-13.33,No,"Very Low volatility, stable",Low vol - tight stops,Normal,Rising,Weak Up,-0.0021,Neutral,51.2636,Neutral,2 - Advancing,late,84.0,40.0,3 - Topping,73.0,,,,,,"2 - Advancing, trend 80 but ADX shows no trend, this is a range - wait for alignment","2 - Advancing, trend 78 but ADX shows no trend, this is a range - wait for alignment"
2025-11-11,23634.650390625,23693.80078125,23476.30078125,23682.650390625,36093900,23381.0418,22754.7113,No,75.64,Bull,Uptrend,Hold,Uptrend (HH+HL),Bullish,69.05,Bull,Bullish majority,"Range with bullish lean - ADX no trend, direction not confirmed",55.8238,Neutral,104.5749,141.2832,bullish fading,Neutral,-0.6638,-0.2994,full,58.71,Positive accelerating,49.79,Neutral,Mixed,Bearish divergence,Neutral - bearish divergence vs price over 21 bars,Upper Half,No Trend,Bearish,No,Yes,Inside,11.43,Very Low,Stable,-15.24,Confirmed,"Very Low volatility, squeeze confirmed - expansion pending",Coiled - low vol squeeze,Normal,Rising,Confirmed Up,0.0303,Neutral,52.7525,Neutral,2 - Advancing,late,84.0,41.0,3 - Topping,73.0,,,,,,"2 - Advancing, trend 80 but ADX shows no trend, this is a range - wait for alignment","2 - Advancing, trend 80 but ADX shows no trend, this is a range - wait for alignment"
2025-11-12,23796.94921875,23874.849609375,23766.19921875,23836.900390625,27828600,23398.9186,22765.4794,No,77.49,Bull,Uptrend,Hold,Uptrend (HH+HL),Bullish,75.69,Strong Bull,Bullish confirmed,"Range with bullish lean - ADX no trend, direction not confirmed",60.6147,Neutral,111.9274,135.412,bullish fading,Neutral,0.1023,-0.0336,full,62.42,Positive accelerating,55.38,Neutral,Bullish majority,Bearish divergence,Neutral - bearish divergence vs price over 21 bars,Upper Half,No Trend,Bullish,No,Yes,Near Upper,11.31,Very Low,Stable,-15.28,Confirmed,"Very Low volatility, squeeze confirmed - expansion pending",Coiled - low vol squeeze,Normal,Rising,Confirmed Up,0.0151,Neutral,55.2459,Neutral,2 - Advancing,late,84.0,42.0,3 - Topping,73.0,,,,,,"2 - Advancing, trend 78 but ADX shows no trend, this is a range - wait for alignment","2 - Advancing, trend 81 but ADX shows no trend, this is a range - wait for alignment"
2025-11-13,23867.650390625,23935.099609375,23793.650390625,23816.0,30243400,23415.2747,22775.9323,No,78.37,Bull,Uptrend,Hold,Uptrend (HH+HL),Bullish,75.35,Strong Bull,Bullish confirmed,"Range with bullish lean - ADX no trend, direction not confirmed",59.6704,Neutral,114.7452,131.2787,bullish fading,Neutral,-0.5695,-0.275,full,60.45,Positive fading,56.44,Neutral,Bullish majority,Bearish divergence,Neutral - bearish divergence vs price over 21 bars,Upper Half,No Trend,Bullish,No,Yes,Near Upper,9.53,Very Low,Stable,-15.52,Confirmed,"Very Low volatility, squeeze confirmed - expansion pending",Coiled - low vol squeeze,Normal,Rising,Confirmed Down,-0.0011,Neutral,54.8715,Neutral,2 - Advancing,late,84.0,43.0,3 - Topping,73.0,,,,,,"2 - Advancing, trend 75 but ADX shows no trend, this is a range - wait for alignment","2 - Advancing, trend 82 but ADX shows no trend, this is a range - wait for alignment"
2025-11-14,23751.25,23858.30078125,23717.0,23836.349609375,39640500,23431.7875,22786.4837,No,79.56,Bull,Uptrend,Hold,Uptrend (HH+HL),Bullish,75.24,Strong Bull,Bullish confirmed,"Range with bullish lean - ADX no trend, direction not confirmed",60.3186,Neutral,117.2685,128.4766,bullish fading,Neutral,-0.0208,-0.0817,full,61.23,Positive accelerating,58.27,Bullish,Bullish majority,None,Bullish - price momentum agrees but MACD shows deceleration,Upper Half,No Trend,Bullish,No,Yes,Near Upper,7.22,Very Low,Stable,-15.67,Confirmed,"Very Low volatility, squeeze confirmed - expansion pending",Coiled - low vol squeeze,Normal,Rising,Confirmed Up,0.0171,Neutral,52.8698,Neutral,2 - Advancing,late,84.0,44.0,3 - Topping,73.0,,,,,,"2 - Advancing, trend 67 but ADX shows no trend, this is a range - wait for alignment","2 - Advancing, trend 81 but ADX shows no trend, this is a range - wait for alignment"
2025-11-17,23889.55078125,23964.75,23863.55078125,23954.55078125,26483000,23452.288,22798.1063,No,81.65,Strong Bull,Uptrend,Hold,Uptrend (HH+HL),Bullish,76.53,Strong Bull,Bullish confirmed,"Range with bullish lean - ADX no trend, direction not confirmed",63.9435,Neutral,127.3383,128.249,bullish fading,Overbought,1.0297,0.2897,full,61.07,Positive fading,61.01,Bullish,Bullish majority,None,Bullish - price momentum agrees but MACD shows deceleration,Upper Half,No Trend,Bullish,No,No,Near Upper,4.03,Very Low,Stable,-19.66,Confirmed,"Very Low volatility, squeeze confirmed - expansion pending",Coiled - low vol squeeze,Normal,Rising,Weak Up,0.0285,Neutral,50.5366,Neutral,2 - Advancing,late,84.0,45.0,3 - Topping,73.0,,,,,,"2 - Advancing, trend 68 but ADX shows no trend, this is a range - wait for alignment","2 - Advancing, trend 80 but ADX shows no trend, this is a range - wait for alignment"
2025-11-18,23970.44921875,23973.05078125,23800.94921875,23824.650390625,21125900,23466.8905,22808.3207,No,80.53,Strong Bull,Uptrend,Hold,Uptrend (HH+HL),Bullish,74.5,Bull,Bullish confirmed,"Range with bullish lean - ADX no trend, direction not confirmed",57.7047,Neutral,123.4141,127.282,bullish accelerating,Overbought,0.0586,-0.0539,full,60.09,Positive fading,58.6,Bullish,Bullish majority,Bearish divergence,Bullish - bearish divergence vs price over 21 bars,Upper Half,No Trend,Bullish,No,Yes,Near Upper,4.48,Very Low,Stable,-14.13,Confirmed,"Very Low volatility, squeeze confirmed - expansion pending",Coiled - low vol squeeze,Normal,Rising,Weak Down,0.0015,Neutral,43.6878,Neutral,2 - Advancing,late,84.0,46.0,3 - Topping,73.0,,,,,,"2 - Advancing, trend 69 but ADX shows no trend, this is a range - wait for alignment","2 - Advancing, trend 80 but ADX shows no trend, this is a range - wait for alignment"
2025-11-19,23832.55078125,23924.30078125,23766.599609375,23906.30078125,25934900,23484.1222,22819.2458,No,80.8,Strong Bull,Uptrend,Hold,Uptrend (HH+HL),Bullish,75.32,Strong Bull,Bullish confirmed,"Range with bullish lean - ADX no trend, direction not confirmed",60.325,Neutral,125.4466,126.9149,bullish fading,Overbought,0.9751,0.2699,full,58.5,Positive fading,59.56,Bullish,Bullish majority,Bearish divergence,Bullish - bearish divergence vs price over 21 bars,Upper Half,No Trend,Bullish,No,No,Near Upper,3.89,Very Low,Stable,-10.36,Confirmed,"Very Low volatility, squeeze confirmed - expansion pending",Coiled - low vol squeeze,Normal,Rising,Weak Up,0.0324,Neutral,36.5076,Neutral,2 - Advancing,late,84.0,47.0,3 - Topping,73.0,,,,,,"2 - Advancing, trend 76 but ADX shows no trend, this is a range - wait for alignment","2 - Advancing, trend 78 but ADX shows no trend, this is a range - wait for alignment"
2025-11-20,23984.400390625,24032.099609375,23918.80078125,23975.44921875,29557000,23503.39,22830.7503,No,81.75,Strong Bull,Uptrend,Hold,Uptrend (HH+HL),Bullish,75.54,Strong Bull,Bullish confirmed,"Range with bullish lean - ADX no trend, direction not confirmed",62.4469,Neutral,131.1255,127.757,Bullish crossover,Overbought,1.9661,0.617,full,57.88,Positive fading,60.28,Bullish,Bullish majority,Bearish divergence,Bullish - bearish divergence vs price over 21 bars,Upper Half,No Trend,Bullish,No,No,Breakout Up,3.49,Very Low,Stable,-11.19,Confirmed,"Very Low volatility, squeeze confirmed - expansion pending",Coiled - low vol squeeze,Normal,Rising,Weak Up,0.0334,Neutral,46.1009,Neutral,2 - Advancing,late,84.0,48.0,3 - Topping,73.0,,,,,,"2 - Advancing, trend 75 but ADX shows no trend, this is a range - wait for alignment","2 - Advancing, trend 75 but ADX shows no trend, this is a range - wait for alignment"
2025-11-21,23917.5,23938.30078125,23776.30078125,23790.25,22985900,23514.6394,22840.2976,No,79.81,Bull,Uptrend,Hold,Uptrend (HH+HL),Bullish,73.22,Bull,Bullish confirmed,"Range with bullish lean - ADX no trend, direction not confirmed",54.1014,Neutral,119.3068,126.067,Bearish crossover,Overbought,1.1426,0.3217,full,55.59,Positive fading,55.66,Neutral,Bullish majority,Bearish divergence,Neutral - bearish divergence vs price over 21 bars,Upper Half,No Trend,Bearish,No,No,Inside,4.44,Very Low,Stable,-11.51,Confirmed,"Very Low volatility, squeeze confirmed - expansion pending",Coiled - low vol squeeze,Normal,Rising,Weak Down,0.0428,Neutral,47.2312,Neutral,2 - Advancing,late,84.0,49.0,3 - Topping,73.0,,,,,,"2 - Advancing, trend 75 but ADX shows no trend, this is a range - wait for alignment","2 - Advancing, trend 67 but ADX shows no trend, this is a range - wait for alignment"
2025-11-24,23827.25,23835.19921875,23642.55078125,23674.55078125,29594500,23520.9104,22848.5986,No,77.18,Bull,Uptrend,Hold,Uptrend (HH+HL),Bullish,71.27,Bull,Bullish confirmed,"Range with bullish lean - ADX no trend, direction not confirmed",49.6384,Neutral,99.4579,120.7452,bullish accelerating,Neutral,0.3291,0.0283,full,54.65,Positive fading,51.1,Neutral,Mixed,None,"Neutral - components mixed, low conviction",Lower Half,No Trend,Bearish,No,No,Inside,6.47,Very Low,Stable,-6.07,Confirmed,"Very Low volatility, squeeze confirmed - expansion pending",Coiled - low vol squeeze,Normal,Rising,Confirmed Down,0.0207,Neutral,43.1988,Neutral,2 - Advancing,late,84.0,50.0,3 - Topping,73.0,,,,,,"2 - Advancing, trend 77 but ADX shows no trend, this is a range - wait for alignment","2 - Advancing, trend 68 but ADX shows no trend, this is a range - wait for alignment"
2025-11-25,23700.55078125,23745.5,23635.80078125,23655.05078125,20539800,23526.1708,22856.623,No,75.88,Bull,Uptrend,Hold,Uptrend (HH+HL),Bullish,70.65,Bull,Bullish confirmed,"Range with bullish lean - ADX no trend, direction not confirmed",48.9061,Neutral,81.2178,112.8397,bullish accelerating,Neutral,-0.1165,-0.1348,full,55.77,Positive accelerating,48.53,Neutral,Mixed,None,"Neutral - components mixed, low conviction",Lower Half,No Trend,Bearish,No,No,Inside,4.17,Very Low,Stable,-7.26,Confirmed,"Very Low volatility, squeeze confirmed - expansion pending",Coiled - low vol squeeze,Normal,Rising,Weak Down,-0.066,Distribution,44.4041,Neutral,2 - Advancing,late,84.0,51.0,3 - Topping,73.0,,,,,,"2 - Advancing, trend 74 but ADX shows no trend, this is a range - wait for alignment","2 - Advancing, trend 69 but ADX shows no trend, this is a range - wait for alignment"
2025-11-26,23654.75,23965.349609375,23654.75,23955.19921875,18996600,23542.9955,22867.5541,No,77.91,Bull,Uptrend,Hold,Uptrend (HH+HL),Bullish,74.02,Bull,Bullish confirmed,"Range with bullish lean - ADX no trend, direction not confirmed",58.9455,Neutral,89.945,108.2608,bullish fading,Neutral,0.4963,0.0775,full,57.84,Positive accelerating,54.26,Neutral,Bullish majority,Bearish divergence,Neutral - bearish divergence vs price over 21 bars,Upper Half,No Trend,Bullish,No,No,Near Upper,10.44,Very Low,Stable,-0.87,Partial,"Very Low volatility, stable",Low vol - tight stops,Normal,Rising,Weak Up,-0.0356,Neutral,50.2558,Neutral,2 - Advancing,late,84.0,52.0,3 - Topping,73.0,,,,,,"2 - Advancing, trend 75 but ADX shows no trend, this is a range - wait for alignment","2 - Advancing, trend 76 but ADX shows no trend, this is a range - wait for alignment"
2025-11-27,24011.900390625,24026.25,23879.599609375,23947.75,19974200,23558.8682,22878.3024,No,77.57,Bull,Uptrend,Hold,Uptrend (HH+HL),Bullish,73.84,Bull,Bullish confirmed,"Range with bullish lean - ADX no trend, direction not confirmed",58.6375,Neutral,95.1634,105.6413,bullish fading,Neutral,0.5532,0.094,full,60.36,Positive accelerating,56.98,Neutral,Bullish majority,Bearish divergence,Neutral - bearish divergence vs price over 21 bars,Upper Half,No Trend,Bullish,No,No,Near Upper,9.2,Very Low,Stable,-0.32,Confirmed,"Very Low volatility, squeeze confirmed - expansion pending",Coiled - low vol squeeze,Normal,Rising,Weak Down,-0.0808,Distribution,56.8101,Neutral,2 - Advancing,late,84.0,53.0,3 - Topping,73.0,,,,,,"2 - Advancing, trend 76 but ADX shows no trend, this is a range - wait for alignment","2 - Advancing, trend 75 but ADX shows no trend, this is a range - wait for alignment"
2025-11-28,23968.80078125,23979.69921875,23907.75,23933.19921875,19209800,23573.5478,22888.7988,No,77.9,Bull,Uptrend,Hold,Uptrend (HH+HL),Bullish,73.82,Bull,Bullish confirmed,"Range with bullish lean - ADX no trend, direction not confirmed",58.0001,Neutral,97.0066,103.9143,bullish fading,Overbought,0.4063,0.0356,full,62.35,Positive accelerating,59.03,Bullish,Bullish majority,None,Bullish - price momentum agrees but MACD shows deceleration,Upper Half,No Trend,Bullish,No,No,Near Upper,4.92,Very Low,Stable,-2.3,Partial,"Very Low volatility, stable",Low vol - tight stops,Normal,Falling,Weak Down,-0.0503,Distribution,51.413,Neutral,2 - Advancing,late,84.0,54.0,3 - Topping,73.0,,,,,,"2 - Advancing, trend 73 but ADX shows no trend, this is a range - wait for alignment","2 - Advancing, trend 75 but ADX shows no trend, this is a range - wait for alignment"
2025-12-01,24034.94921875,24035.0,23871.75,23922.44921875,21160800,23587.2302,22899.0839,No,78.44,Bull,Uptrend,Hold,Uptrend (HH+HL),Bullish,73.92,Bull,Bullish confirmed,"Range with bullish lean - ADX no trend, direction not confirmed",57.5028,Neutral,96.4876,102.429,bullish fading,Neutral,-0.134,-0.1645,full,62.99,Positive accelerating,58.45,Bullish,Bullish majority,Bearish divergence,Bullish - bearish divergence vs price over 21 bars,Upper Half,No Trend,Bullish,No,No,Near Upper,4.92,Very Low,Stable,0.89,Partial,"Very Low volatility, stable",Low vol - tight stops,Normal,Falling,Weak Down,-0.0106,Neutral,49.4194,Neutral,2 - Advancing,late,84.0,55.0,3 - Topping,73.0,,,,,,"2 - Advancing, trend 71 but ADX shows no trend, this is a range - wait for alignment","2 - Advancing, trend 77 but ADX shows no trend, this is a range - wait for alignment"
2025-12-02,23870.599609375,23925.849609375,23782.75,23822.25,27952000,23596.4467,22908.2697,No,78.0,Bull,Uptrend,Hold,Uptrend (HH+HL),Bullish,72.87,Bull,Bullish confirmed,"Range with bullish lean - ADX no trend, direction not confirmed",52.9458,Neutral,86.9884,99.3409,bullish accelerating,Neutral,-0.0101,-0.1213,full,59.76,Positive fading,53.98,Neutral,Bullish majority,Bearish divergence,Neutral - bearish divergence vs price over 21 bars,Upper Half,No Trend,Bullish,No,No,Near Upper,4.92,Very Low,Stable,0.44,Partial,"Very Low volatility, stable",Low vol - tight stops,Normal,Falling,Confirmed Down,-0.0383,Neutral,41.535,Neutral,2 - Advancing,late,84.0,56.0,3 - Topping,73.0,,,,,,"2 - Advancing, trend 71 but ADX shows no trend, this is a range - wait for alignment","2 - Advancing, trend 74 but ADX shows no trend, this is a range - wait for alignment"
2025-12-03,23813.44921875,23845.80078125,23641.75,23716.30078125,28046000,23601.1469,22916.3098,No,75.36,Bull,Uptrend,Hold,Uptrend (HH+HL),Bullish,71.01,Bull,Bullish confirmed,"Range with bullish lean - ADX no trend, direction not confirmed",48.5634,Neutral,70.1028,93.4933,bullish accelerating,Neutral,-0.7948,-0.4044,full,58.73,Positive fading,48.85,Neutral,Bearish majority,None,"Neutral - majority agree, 1 dissenting",Lower Half,No Trend,Bearish,No,No,Inside,6.47,Very Low,Stable,2.58,Partial,"Very Low volatility, stable",Low vol - tight stops,Normal,Falling,Confirmed Down,-0.0039,Neutral,33.1993,Neutral,2 - Advancing,late,84.0,57.0,3 - Topping,73.0,,,,,,"2 - Advancing, trend 74 but ADX shows no trend, this is a range - wait for alignment","2 - Advancing, trend 75 but ADX shows no trend, this is a range - wait for alignment"
2025-12-04,23718.099609375,23820.44921875,23680.25,23741.099609375,26417400,23606.6352,22924.5166,No,74.01,Bull,Uptrend,Hold,Uptrend (HH+HL),Bullish,70.76,Bull,Bullish confirmed,"Range with bullish lean - ADX no trend, direction not confirmed",49.6147,Neutral,58.0528,86.4052,bullish accelerating,Neutral,-0.9775,-0.4682,full,57.67,Positive fading,46.6,Neutral,Bearish majority,Bearish divergence,Neutral - bearish divergence vs price over 21 bars,Lower Half,No Trend,Bearish,No,No,Inside,4.32,Very Low,Stable,0.83,Confirmed,"Very Low volatility, squeeze confirmed - expansion pending",Coiled - low vol squeeze,Normal,Falling,Confirmed Up,0.0341,Neutral,42.2861,Neutral,2 - Advancing,late,84.0,58.0,3 - Topping,73.0,,,,,,"2 - Advancing, trend 74 but ADX shows no trend, this is a range - wait for alignment","2 - Advancing, trend 76 but ADX shows no trend, this is a range - wait for alignment"
2025-12-05,23720.69921875,23848.44921875,23672.349609375,23835.25,23079200,23615.6005,22933.5787,No,74.28,Bull,Uptrend,Hold,Uptrend (HH+HL),Bullish,71.69,Bull,Bullish confirmed,"Range with bullish lean - ADX no trend, direction not confirmed",53.5003,Neutral,55.4609,80.2163,bullish fading,Neutral,0.1892,-0.0456,full,58.9,Positive accelerating,48.63,Neutral,Mixed,Bearish divergence,Neutral - bearish divergence vs price over 21 bars,Upper Half,No Trend,Bearish,No,No,Near Upper,3.93,Very Low,Stable,-0.52,Confirmed,"Very Low volatility, squeeze confirmed - expansion pending",Coiled - low vol squeeze,Normal,Falling,Weak Up,0.0362,Neutral,41.6729,Neutral,2 - Advancing,late,84.0,59.0,3 - Topping,73.0,,,,,,"2 - Advancing, trend 74 but ADX shows no trend, this is a range - wait for alignment","2 - Advancing, trend 73 but ADX shows no trend, this is a range - wait for alignment"
2025-12-08,23821.75,23833.150390625,23460.69921875,23526.19921875,24509100,23612.0946,22939.4754,No,63.79,Bull,Uptrend,Hold,Uptrend (HH+HL),Bullish,65.27,Bull,Bullish confirmed,"Range with bullish lean - ADX no trend, direction not confirmed",42.0397,Neutral,28.1445,69.802,bullish accelerating,Neutral,-0.6266,-0.3354,full,56.11,Positive fading,42.51,Neutral,Bearish majority,Bearish divergence,Neutral - bearish divergence vs price over 21 bars,Below Lower,No Trend,Bearish,No,Yes,Near Lower,14.01,Very Low,Stable,7.54,Confirmed,"Very Low volatility, squeeze confirmed - expansion pending",Normal vol,Normal,Falling,Weak Down,0.0078,Neutral,41.2878,Neutral,2 - Advancing,late,74.0,60.0,3 - Topping,73.0,,,,,,"2 - Advancing, trend 74 but ADX shows no trend, this is a range - wait for alignment","2 - Advancing, trend 71 but ADX shows no trend, this is a range - wait for alignment"
2025-12-09,23447.05078125,23556.349609375,23259.69921875,23516.25,26228000,23608.3359,22945.2144,No,62.65,Bull,Uptrend,Hold,Uptrend (HH+HL),Bullish,64.78,Bull,Bullish confirmed,"Range with bullish lean - ADX no trend, direction not confirmed",41.7298,Neutral,5.6284,56.9672,bullish accelerating,Neutral,-0.5868,-0.3155,full,55.57,Positive fading,41.74,Bearish,Bearish majority,None,"Bearish - majority agree, 1 dissenting",Below Lower,No Trend,Bearish,Yes,Yes,Near Lower,17.18,Very Low,Stable,13.02,Partial,"Very Low volatility, stable",Normal vol,Normal,Falling,Confirmed Down,-0.0181,Neutral,41.3087,Neutral,2 - Advancing,late,74.0,61.0,3 - Topping,73.0,,,,,,"2 - Advancing, trend 73 but ADX shows no trend, this is a range - wait for alignment","2 - Advancing, trend 71 but ADX shows no trend, this is a range - wait for alignment"
2025-12-10,23540.150390625,23628.30078125,23386.80078125,23408.80078125,19928500,23600.511,22949.8272,No,60.41,Bull,Downtrend,Sell,Uptrend (HH+HL),Bullish,57.55,Neutral,Mixed,"No clear trend - ADX no trend, price ranging",38.4345,Neutral,-20.648,41.4442,bearish accelerating,Neutral,-2.2809,-0.9249,full,54.01,Positive fading,38.23,Bearish,Bearish majority,None,"Bearish - majority agree, 1 dissenting",Below Lower,No Trend,Bearish,Yes,Yes,Near Lower,21.03,Low,Stable,10.6,Partial,"Low volatility, stable",Normal vol,Normal,Falling,Weak Down,-0.0676,Distribution,39.4975,Neutral,2 - Advancing,late,74.0,62.0,3 - Topping,73.0,,,,,,"2 - Advancing, trend 71 but ADX shows no trend, this is a range - wait for alignment","2 - Advancing, trend 74 but ADX shows no trend, this is a range - wait for alignment"
2025-12-11,23421.900390625,23562.150390625,23344.25,23550.849609375,24370000,23598.5635,22955.8075,No,60.67,Bull,Downtrend,Hold,Uptrend (HH+HL),Bullish,59.28,Neutral,Mixed,"No clear trend - ADX no trend, price ranging",44.6566,Neutral,-29.6681,27.2217,bearish fading,Neutral,-1.6574,-0.691,full,54.13,Positive accelerating,41.61,Bearish,Bearish majority,None,"Bearish - majority agree, 1 dissenting",Lower Half,No Trend,Bearish,Yes,Yes,Inside,21.79,Low,Stable,12.58,Partial,"Low volatility, stable",Normal vol,Normal,Falling,Weak Up,0.0174,Neutral,46.6851,Neutral,2 - Advancing,late,74.0,63.0,3 - Topping,73.0,,,,,,"2 - Advancing, trend 71 but ADX shows no trend, this is a range - wait for alignment","2 - Advancing, trend 74 but ADX shows no trend, this is a range - wait for alignment"
2025-12-12,23620.349609375,23737.69921875,23613.0,23726.19921875,26020800,23603.5689,22963.4731,No,61.79,Bull,Downtrend,Hold,Uptrend (HH+HL),Bullish,61.19,Bull,Mixed,"Range with bullish lean - ADX no trend, direction not confirmed",51.2115,Neutral,-22.4091,17.2956,bearish fading,Neutral,-0.8649,-0.3935,full,55.4,Positive accelerating,46.54,Neutral,Mixed,None,"Neutral - components mixed, low conviction",Lower Half,No Trend,Bearish,Yes,Yes,Inside,21.23,Low,Stable,16.31,Partial,"Low volatility, stable",Normal vol,Normal,Falling,Confirmed Up,0.0052,Neutral,55.1619,Neutral,2 - Advancing,late,74.0,64.0,3 - Topping,73.0,,,,,,"2 - Advancing, trend 72 but ADX shows no trend, this is a range - wait for alignment","2 - Advancing, trend 74 but ADX shows no trend, this is a range - wait for alignment"
2025-12-15,23654.0,23735.69921875,23591.30078125,23725.19921875,24287600,23608.3387,22971.0525,No,63.08,Bull,Downtrend,Hold,Uptrend (HH+HL),Bullish,61.64,Bull,Mixed,"Range with bullish lean - ADX no trend, direction not confirmed",51.1743,Neutral,-16.5461,10.5272,bearish fading,Neutral,-0.8245,-0.3722,full,54.61,Positive fading,49.15,Neutral,Bullish majority,None,Neutral - price momentum agrees but MACD shows deceleration,Lower Half,No Trend,Bearish,Yes,Yes,Inside,20.16,Low,Stable,15.24,Partial,"Low volatility, stable",Normal vol,Normal,Falling,Confirmed Down,0.0044,Neutral,54.536,Neutral,2 - Advancing,late,74.0,65.0,3 - Topping,73.0,,,,,,"2 - Advancing, trend 65 but ADX shows no trend, this is a range - wait for alignment","2 - Advancing, trend 74 but ADX shows no trend, this is a range - wait for alignment"
2025-12-16,23676.80078125,23687.349609375,23542.55078125,23570.150390625,20919100,23606.8411,22977.0137,No,62.35,Bull,Downtrend,Hold,Range,Bearish,50.04,Neutral,Mixed,"No clear trend - ADX no trend, price ranging",45.6354,Neutral,-24.1327,3.5952,bearish accelerating,Neutral,-1.0583,-0.4541,full,53.05,Positive fading,47.1,Neutral,Mixed,None,"Neutral - components mixed, low conviction",Lower Half,No Trend,Bearish,Yes,Yes,Inside,20.36,Low,Stable,15.44,Partial,"Low volatility, stable",Normal vol,Normal,Falling,Weak Down,0.0094,Neutral,48.4985,Neutral,2 - Advancing,late,74.0,66.0,3 - Topping,73.0,,,,,,"2 - Advancing, trend 65 but ADX shows no trend, this is a range - wait for alignment","2 - Advancing, trend 73 but ADX shows no trend, this is a range - wait for alignment"
2025-12-17,23597.599609375,23635.05078125,23449.5,23496.05078125,20646900,23602.4964,22982.1782,No,62.31,Bull,Downtrend,Hold,Range,Bearish,49.38,Neutral,Mixed,"No clear trend - ADX no trend, price ranging",43.2274,Neutral,-35.7127,-4.2663,bearish accelerating,Neutral,-0.9287,-0.4003,full,51.08,Positive fading,44.26,Neutral,Bearish majority,None,"Neutral - majority agree, 1 dissenting",Lower Half,No Trend,Bearish,Yes,Yes,Inside,20.99,Low,Stable,14.52,Partial,"Low volatility, stable",Normal vol,Normal,Falling,Weak Down,-0.0544,Distribution,42.3819,Neutral,2 - Advancing,late,74.0,67.0,3 - Topping,73.0,,,,,,"2 - Advancing, but trend score 58 does not confirm long - no directional edge","2 - Advancing, trend 71 but ADX shows no trend, this is a range - wait for alignment"
2025-12-18,23469.80078125,23553.25,23363.5,23491.5,23446500,23598.1436,22987.2461,No,55.22,Neutral,Downtrend,Hold,Range,Bearish,46.65,Neutral,Mixed,"No clear trend - ADX no trend, price ranging",43.0771,Neutral,-44.7413,-12.3613,bearish accelerating,Neutral,-1.0513,-0.4412,full,50.39,Positive fading,42.75,Neutral,Bearish majority,None,"Neutral - majority agree, 1 dissenting",Lower Half,No Trend,Bearish,Yes,Yes,Near Lower,21.03,Low,Stable,16.71,Partial,"Low volatility, stable",Normal vol,Normal,Falling,Confirmed Down,-0.0376,Neutral,41.9013,Neutral,2 - Advancing,late,64.0,68.0,3 - Topping,73.0,,,,,,"2 - Advancing, but trend score 59 does not confirm long - no directional edge","2 - Advancing, trend 71 but ADX shows no trend, this is a range - wait for alignment"
2025-12-19,23562.650390625,23688.349609375,23548.94921875,23677.55078125,31695900,23601.2576,22994.1148,No,62.85,Bull,Downtrend,Hold,Range,Bearish,50.99,Neutral,Mixed,"No clear trend - ADX no trend, price ranging",50.6357,Neutral,-36.4635,-17.1818,bearish fading,Neutral,-0.6616,-0.2896,full,51.35,Positive accelerating,47.58,Neutral,Mixed,None,"Neutral - components mixed, low conviction",Lower Half,No Trend,Bearish,Yes,Yes,Inside,20.64,Low,Stable,16.71,Partial,"Low volatility, stable",Normal vol,Normal,Falling,Confirmed Up,0.0591,Accumulation,43.6173,Neutral,2 - Advancing,late,74.0,69.0,3 - Topping,73.0,,,,,,"2 - Advancing, trend 61 but components disagree - wait for alignment","2 - Advancing, trend 72 but ADX shows no trend, this is a range - wait for alignment"
2025-12-22,23760.94921875,23878.650390625,23743.25,23867.650390625,25155300,23611.7044,23002.8067,No,65.47,Bull,Downtrend,Hold,Range,Bearish,53.93,Neutral,Mixed,"No clear trend - ADX no trend, price ranging",56.929,Neutral,-14.3979,-16.625,Bullish crossover,Neutral,1.4514,0.5097,full,53.24,Positive accelerating,55.08,Neutral,Bullish confirmed,Bearish divergence,Neutral - bearish divergence vs price over 21 bars,Upper Half,No Trend,Bullish,Yes,Yes,Near Upper,21.23,Low,Stable,7.22,Partial,"Low volatility, stable",Normal vol,Normal,Falling,Confirmed Up,0.146,Accumulation,51.3353,Neutral,2 - Advancing,late,74.0,70.0,3 - Topping,73.0,,,,,,"2 - Advancing, trend 62 but components disagree - wait for alignment","2 - Advancing, trend 65 but ADX shows no trend, this is a range - wait for alignment"
2025-12-23,23906.099609375,23929.25,23825.150390625,23895.150390625,26039700,23622.8199,23011.6857,No,74.36,Bull,Downtrend,Hold,Range,Bearish,57.28,Neutral,Mixed,"No clear trend - ADX no trend, price ranging",57.7678,Neutral,5.2478,-12.2504,bullish accelerating,Overbought,1.6112,0.5714,full,54.39,Positive accelerating,59.94,Bullish,Bullish confirmed,None,Bullish - all 4 components agree incl. MACD acceleration,Upper Half,No Trend,Bullish,No,No,Near Upper,19.68,Very Low,Stable,2.5,No,"Very Low volatility, stable",Vol contracting,Normal,Falling,Confirmed Up,0.191,Accumulation,59.2886,Neutral,2 - Advancing,late,84.0,71.0,3 - Topping,73.0,,,,,,"2 - Advancing, but trend score 50 does not confirm long - no directional edge","2 - Advancing, trend 65 but ADX shows no trend, this is a range - wait for alignment"
2025-12-24,23903.099609375,23956.80078125,23836.55078125,23850.25,19661100,23631.7387,23020.0297,No,76.03,Bull,Downtrend,Hold,Range,Bearish,57.47,Neutral,Mixed,"No clear trend - ADX no trend, price ranging",55.8552,Neutral,16.9981,-6.4007,bullish accelerating,Overbought,1.8858,0.6722,full,54.5,Positive accelerating,60.91,Bullish,Bullish confirmed,None,Bullish - all 4 components agree incl. MACD acceleration,Upper Half,No Trend,Bullish,No,No,Near Upper,16.91,Very Low,Stable,-4.13,No,"Very Low volatility, stable",Low vol - tight stops,Normal,Falling,Weak Down,0.122,Accumulation,52.5695,Neutral,2 - Advancing,late,84.0,72.0,3 - Topping,73.0,,,,,,"2 - Advancing, but trend score 49 does not confirm long - no directional edge","2 - Advancing, but trend score 58 does not confirm long - no directional edge"
2025-12-26,23841.94921875,23885.349609375,23752.55078125,23780.25,22264400,23637.5627,23027.594,No,76.54,Bull,Downtrend,Hold,Range,Bearish,57.04,Neutral,Mixed,"No clear trend - ADX no trend, price ranging",52.9139,Neutral,20.4265,-1.0353,bullish fading,Overbought,0.9741,0.3256,full,55.19,Positive accelerating,59.09,Bullish,Bullish confirmed,Bullish divergence,Bullish - bullish divergence vs price over 21 bars,Upper Half,No Trend,Bullish,No,No,Inside,13.81,Very Low,Stable,-7.98,No,"Very Low volatility, stable",Low vol - tight stops,Normal,Falling,Weak Down,0.0973,Accumulation,45.7684,Neutral,2 - Advancing,late,84.0,73.0,3 - Topping,73.0,,,,,,"2 - Advancing, but trend score 47 does not confirm long - no directional edge","2 - Advancing, but trend score 59 does not confirm long - no directional edge"
2025-12-29,23804.400390625,23826.75,23660.30078125,23682.099609375,24245800,23639.3092,23034.1065,No,75.04,Bull,Downtrend,Hold,Range,Bearish,55.67,Neutral,Mixed,"No clear trend - ADX no trend, price ranging",49.0163,Neutral,15.0501,2.1818,bullish fading,Neutral,-0.1859,-0.1154,full,55.73,Positive accelerating,55.79,Neutral,Bullish majority,None,"Neutral - majority agree, 1 dissenting",Lower Half,No Trend,Bearish,No,No,Inside,13.65,Very Low,Stable,-7.58,Partial,"Very Low volatility, stable",Low vol - tight stops,Normal,Falling,Weak Down,0.0711,Accumulation,45.788,Neutral,2 - Advancing,late,84.0,74.0,3 - Topping,73.0,,,,,,"2 - Advancing, but trend score 51 does not confirm long - no directional edge","2 - Advancing, trend 61 but components disagree - wait for alignment"
2025-12-30,23675.30078125,23704.19921875,23599.900390625,23668.80078125,33582300,23640.4658,23040.4219,No,73.32,Bull,Downtrend,Hold,Range,Bearish,54.95,Neutral,Mixed,"No clear trend - ADX no trend, price ranging",48.495,Neutral,9.6054,3.6665,bullish fading,Neutral,-0.2377,-0.1418,full,58.41,Positive accelerating,54.4,Neutral,Bullish majority,None,"Neutral - majority agree, 1 dissenting",Lower Half,No Trend,Bearish,No,No,Inside,8.97,Very Low,Stable,-11.19,Partial,"Very Low volatility, stable",Low vol - tight stops,Normal,Falling,Confirmed Down,0.107,Accumulation,44.773,Neutral,2 - Advancing,late,84.0,75.0,3 - Topping,73.0,,,,,,"2 - Advancing, but trend score 54 does not confirm long - no directional edge","2 - Advancing, trend 62 but components disagree - wait for alignment"
2025-12-31,23710.44921875,23921.44921875,23709.55078125,23871.55078125,52722700,23649.5279,23048.6918,No,74.59,Bull,Downtrend,Hold,Range,Bearish,57.15,Neutral,Mixed,"No clear trend - ADX no trend, price ranging",56.1507,Neutral,21.4039,7.214,bullish accelerating,Neutral,1.2787,0.4286,full,59.96,Positive accelerating,58.47,Bullish,Bullish confirmed,Bullish divergence,Bullish - bullish divergence vs price over 21 bars,Upper Half,No Trend,Bullish,No,No,Near Upper,12.46,Very Low,Stable,-7.9,Partial,"Very Low volatility, stable",Low vol - tight stops,High,Falling,Confirmed Up,0.1792,Accumulation,49.673,Neutral,2 - Advancing,late,84.0,76.0,3 - Topping,73.0,,,,,,"2 - Advancing, but trend score 57 does not confirm long - no directional edge","2 - Advancing, but trend score 50 does not confirm long - no directional edge"
2026-01-02,23935.94921875,24107.69921875,23921.44921875,24099.0,37097600,23667.1543,23059.1427,No,77.69,Bull,Uptrend,Buy,Range,Bearish,65.27,Bull,Mixed,"Range with bullish lean - ADX no trend, direction not confirmed",62.8262,Neutral,48.548,15.4808,bullish accelerating,Neutral,2.5662,0.913,full,62.01,Positive accelerating,64.54,Bullish,Bullish confirmed,None,Bullish - all 4 components agree incl. MACD acceleration,Above Upper,No Trend,Bullish,No,No,Breakout Up,16.94,Very Low,Stable,-4.05,No,"Very Low volatility, stable",Low vol - tight stops,Normal,Falling,Confirmed Up,0.2535,Accumulation,51.4194,Neutral,2 - Advancing,late,84.0,77.0,3 - Topping,73.0,,,,,,"2 - Advancing, but trend score 57 does not confirm long - no directional edge","2 - Advancing, but trend score 49 does not confirm long - no directional edge"
2026-01-05,24123.099609375,24144.19921875,23999.150390625,24058.44921875,31394300,23682.4992,23069.086,No,78.91,Bull,Uptrend,Hold,Range,Bearish,64.72,Bull,Mixed,"Range with bullish lean - ADX no trend, direction not confirmed",61.042,Neutral,66.0266,25.59,bullish accelerating,Overbought,2.4134,0.8479,full,59.86,Positive fading,65.5,Bullish,Bullish confirmed,None,Bullish - all 4 components agree incl. MACD acceleration,Upper Half,No Trend,Bullish,Yes,No,Near Upper,18.49,Very Low,Stable,-2.54,No,"Very Low volatility, stable",Low vol - tight stops,Normal,Falling,Confirmed Down,0.247,Accumulation,52.1421,Neutral,2 - Advancing,late,84.0,78.0,3 - Topping,73.0,,,,,,"2 - Advancing, but trend score 57 does not confirm long - no directional edge","2 - Advancing, but trend score 47 does not confirm long - no directional edge"
2026-01-06,24042.900390625,24089.75,23941.400390625,24010.5,26802900,23695.362,23078.4533,No,79.74,Bull,Uptrend,Hold,Range,Bearish,64.59,Bull,Mixed,"Range with bullish lean - ADX no trend, direction not confirmed",58.9115,Neutral,75.1433,35.5006,bullish fading,Overbought,1.4062,0.4551,full,58.54,Positive fading,64.22,Bullish,Bullish confirmed,None,Bullish - all 4 components agree incl. MACD acceleration,Upper Half,No Trend,Bullish,Yes,No,Near Upper,19.13,Very Low,Stable,-1.51,No,"Very Low volatility, stable",Low vol - tight stops,Normal,Falling,Weak Down,0.2056,Accumulation,51.7633,Neutral,2 - Advancing,late,84.0,79.0,3 - Topping,73.0,,,,,,"2 - Advancing, but trend score 56 does not confirm long - no directional edge","2 - Advancing, but trend score 51 does not confirm long - no directional edge"
2026-01-07,23995.849609375,24050.55078125,23942.25,24016.599609375,22658700,23707.9595,23087.7881,No,80.5,Strong Bull,Uptrend,Hold,Uptrend (HH+HL),Bearish,74.91,Bull,Bullish confirmed,"Range with bullish lean - ADX no trend, direction not confirmed",59.107,Neutral,81.9162,44.7837,bullish fading,Overbought,0.6241,0.1469,full,57.31,Positive fading,63.02,Bullish,Bullish confirmed,None,Bullish - all 4 components agree incl. MACD acceleration,Upper Half,No Trend,Bullish,Yes,No,Near Upper,15.87,Very Low,Stable,-5.36,No,"Very Low volatility, stable",Low vol - tight stops,Normal,Falling,Weak Up,0.2515,Accumulation,51.4889,Neutral,2 - Advancing,late,84.0,80.0,3 - Topping,73.0,,,,,,"2 - Advancing, but trend score 55 does not confirm long - no directional edge","2 - Advancing, but trend score 54 does not confirm long - no directional edge"
2026-01-08,23996.19921875,24010.44921875,23657.349609375,23680.099609375,27493200,23706.867,23093.6818,No,76.12,Bull,Uptrend,Hold,Uptrend (HH+HL),Bearish,70.4,Bull,Bullish confirmed,"Range with bullish lean - ADX no trend, direction not confirmed",46.0797,Neutral,59.4458,47.7161,bullish fading,Neutral,-0.9,-0.4519,full,54.06,Positive fading,53.47,Neutral,Bullish majority,None,"Neutral - majority agree, 1 dissenting",Lower Half,No Trend,Bearish,Yes,Yes,Inside,27.06,Low,Stable,7.38,No,"Low volatility, stable",Normal vol,Normal,Rising,Confirmed Down,0.1712,Accumulation,50.5906,Neutral,2 - Advancing,late,84.0,81.0,3 - Topping,73.0,,,,,,"2 - Advancing, but trend score 57 does not confirm long - no directional edge","2 - Advancing, but trend score 57 does not confirm long - no directional edge"
2026-01-09,23646.75,23741.75,23407.69921875,23467.349609375,44599100,23697.4741,23097.3998,No,70.8,Bull,Downtrend,Sell,Uptrend (HH+HL),Bearish,61.14,Bull,Mixed,"Range with bullish lean - ADX no trend, direction not confirmed",40.067,Neutral,24.1918,43.0113,Bearish crossover,Neutral,-1.6054,-0.7262,full,53.1,Positive fading,44.99,Neutral,Bearish majority,Bullish divergence,Neutral - bullish divergence vs price over 21 bars,Lower Half,No Trend,Bearish,Yes,Yes,Near Lower,28.81,Low,Stable,11.9,No,"Low volatility, stable",Normal vol,Normal,Rising,Confirmed Down,0.1418,Accumulation,48.0971,Neutral,2 - Advancing,late,84.0,82.0,3 - Topping,73.0,,,,,,"2 - Advancing, trend 65 but components disagree - wait for alignment","2 - Advancing, but trend score 57 does not confirm long - no directional edge"
2026-01-12,23459.400390625,23533.44921875,23199.5,23510.44921875,31293100,23690.1398,23101.5098,No,61.78,Bull,Downtrend,Hold,Uptrend (HH+HL),Bearish,59.77,Neutral,Mixed,"No clear trend - ADX no trend, price ranging",41.7259,Neutral,-0.2664,34.3557,bearish accelerating,Neutral,-1.1346,-0.5423,full,52.31,Positive fading,41.57,Bearish,Bearish majority,None,"Bearish - majority agree, 1 dissenting",Lower Half,No Trend,Bearish,Yes,Yes,Near Lower,32.1,Low,Stable,18.3,No,"Low volatility, stable",Normal vol,Normal,Rising,Confirmed Up,0.1491,Accumulation,40.7711,Neutral,2 - Advancing,late,74.0,83.0,3 - Topping,73.0,,,,,,"2 - Advancing, trend 65 but components disagree - wait for alignment","2 - Advancing, but trend score 57 does not confirm long - no directional edge"
2026-01-13,23603.44921875,23627.05078125,23336.05078125,23480.650390625,27943100,23681.9245,23105.2823,No,59.57,Neutral,Downtrend,Hold,Uptrend (HH+HL),Bearish,58.55,Neutral,Mixed,"No clear trend - ADX no trend, price ranging",40.8833,Neutral,-21.8029,23.124,bearish accelerating,Neutral,-0.8506,-0.4346,full,51.23,Positive fading,39.55,Bearish,Bearish majority,None,"Bearish - majority agree, 1 dissenting",Lower Half,No Trend,Bearish,Yes,Yes,Inside,39.68,Low,Expanding,26.03,No,"Low volatility, expanding - range widening",Normal vol,Normal,Rising,Weak Down,0.1113,Accumulation,41.1011,Neutral,2 - Advancing,late,74.0,84.0,3 - Topping,73.0,,,,,,"2 - Advancing, trend 65 but components disagree - wait for alignment","2 - Advancing, but trend score 56 does not confirm long - no directional edge"
2026-01-14,23422.099609375,23558.69921875,23399.900390625,23475.849609375,27359900,23673.8432,23108.9696,No,51.99,Neutral,Downtrend,Hold,Uptrend (HH+HL),Bearish,55.48,Neutral,Mixed,"No clear trend - ADX no trend, price ranging",40.7406,Neutral,-38.8107,10.7371,bearish accelerating,Neutral,-0.8152,-0.4192,full,51.55,Positive accelerating,40.03,Bearish,Bearish majority,None,"Bearish - majority agree, 1 dissenting",Lower Half,No Trend,Bearish,Yes,Yes,Inside,39.72,Low,Expanding,30.76,No,"Low volatility, expanding - range widening",Normal vol,Normal,Rising,Weak Down,0.0727,Accumulation,34.919,Neutral,2 - Advancing,late,64.0,85.0,3 - Topping,73.0,,,,,,"2 - Advancing, trend 75 but ADX shows no trend, this is a range - wait for alignment","2 - Advancing, but trend score 55 does not confirm long - no directional edge"
2026-01-16,23502.849609375,23652.69921875,23455.5,23485.30078125,29366800,23666.4494,23112.7142,No,51.46,Neutral,Downtrend,Hold,Uptrend (HH+HL),Bearish,55.35,Neutral,Mixed,"No clear trend - ADX no trend, price ranging",41.176,Neutral,-50.9396,-1.5983,bearish fading,Neutral,-1.618,-0.7308,full,52.6,Positive accelerating,40.39,Bearish,Bearish majority,None,"Bearish - majority agree, 1 dissenting",Lower Half,No Trend,Bearish,Yes,Yes,Inside,39.72,Low,Expanding,27.26,No,"Low volatility, expanding - range widening",Normal vol,Normal,Rising,Confirmed Up,0.0587,Accumulation,40.81,Neutral,2 - Advancing,late,64.0,86.0,3 - Topping,73.0,,,,,,"2 - Advancing, trend 70 but ADX shows no trend, this is a range - wait for alignment","2 - Advancing, but trend score 57 does not confirm long - no directional edge"
2026-01-19,23443.30078125,23443.349609375,23324.849609375,23373.75,27220400,23654.971,23115.3115,No,49.96,Neutral,Downtrend,Hold,Uptrend (HH+HL),Bearish,53.54,Neutral,Bearish majority,"No clear trend - ADX no trend, price ranging",37.6589,Neutral,-68.7605,-15.0307,bearish accelerating,Neutral,-3.0095,-1.2686,full,49.97,Negative accelerating,37.7,Bearish,Bearish confirmed,None,Bearish - all 4 components agree incl. MACD acceleration,Lower Half,No Trend,Bearish,Yes,Yes,Near Lower,40.12,Normal,Expanding,23.18,No,"Normal volatility, expanding - range widening",Normal vol,Normal,Rising,Weak Down,0.0674,Accumulation,40.3974,Neutral,2 - Advancing,late,64.0,87.0,3 - Topping,73.0,,,,,,"2 - Advancing, trend 61 but components disagree - wait for alignment","2 - Advancing, trend 65 but components disagree - wait for alignment"
2026-01-20,23365.650390625,23368.150390625,22888.650390625,22946.650390625,30410100,23627.1937,23113.6333,Yes,38.9,Bear,Downtrend,Hold,Uptrend (HH+HL),Bearish,46.36,Neutral,Bearish majority,"No clear trend - ADX no trend, price ranging",27.8502,Oversold,-116.0098,-35.2265,bearish accelerating,Oversold,-4.6212,-1.8851,full,44.76,Negative accelerating,30.09,Bearish,Bearish confirmed,None,Bearish but oversold on RSI and Stochastic - stretched,Below Lower,No Trend,Bearish,Yes,Yes,Breakout Down,50.28,Normal,Expanding,31.78,No,"Normal volatility, expanding - range widening",Normal vol,Normal,Rising,Confirmed Down,0.0145,Neutral,39.9183,Neutral,2 - Advancing,late,50.0,88.0,3 - Topping,73.0,,,,,,"2 - Advancing, but trend score 60 does not confirm long - no directional edge","2 - Advancing, trend 65 but components disagree - wait for alignment"
2026-01-21,22864.5,22981.80078125,22586.80078125,22835.150390625,35043900,23596.1332,23110.8623,Yes,36.86,Bear,Downtrend,Hold,Uptrend (HH+HL),Bearish,45.85,Neutral,Bearish majority,"No clear trend - ADX emerging, price ranging",25.95,Oversold,-160.601,-60.3014,bearish accelerating,Oversold,-4.8951,-1.9949,full,43.53,Negative accelerating,27.38,Strong Bearish,Bearish confirmed,None,Strong Bearish but oversold on RSI and Stochastic - stretched,Below Lower,Emerging,Bearish,Yes,Yes,Breakout Down,60.64,High,Expanding,41.51,No,High volatility and still expanding - move may be extended,Normal vol,Normal,Rising,Confirmed Down,-0.0151,Neutral,39.9012,Neutral,2 - Advancing,late,50.0,89.0,3 - Topping,73.0,,,,,,"2 - Advancing, but trend score 59 does not confirm long - no directional edge","2 - Advancing, trend 65 but components disagree - wait for alignment"
2026-01-22,23013.44921875,23144.55078125,22888.5,23008.75,24924100,23573.0985,23109.8463,Yes,37.98,Bear,Downtrend,Hold,Uptrend (HH+HL),Bearish,47.04,Neutral,Bearish majority,"No clear trend - ADX emerging, price ranging",33.5519,Oversold,-179.8585,-84.2128,bearish fading,Oversold,-4.1965,-1.7221,full,44.03,Negative fading,30.39,Bearish,Bearish confirmed,None,Bearish - all 4 components agree incl. MACD acceleration,Lower Half,Emerging,Bearish,Yes,Yes,Inside,64.09,High,Expanding,48.21,No,High volatility and still expanding - move may be extended,Normal vol,Normal,Rising,Weak Up,-0.0526,Distribution,35.7847,Neutral,2 - Advancing,late,50.0,90.0,3 - Topping,73.0,,,,,,"2 - Advancing, but trend score 55 does not confirm long - no directional edge","2 - Advancing, trend 75 but ADX shows no trend, this is a range - wait for alignment"
2026-01-23,23072.30078125,23073.349609375,22679.69921875,22706.19921875,24687600,23539.1025,23105.8299,Yes,36.05,Bear,Downtrend,Hold,Uptrend (HH+HL),Bearish,42.74,Neutral,Bearish majority,"No clear trend - ADX emerging, price ranging",28.1315,Oversold,-217.0317,-110.7766,bearish accelerating,Oversold,-4.1127,-1.6871,full,41.14,Negative accelerating,27.45,Strong Bearish,Bearish confirmed,None,Strong Bearish but oversold on RSI and Stochastic - stretched,Below Lower,Emerging,Bearish,Yes,Yes,Near Lower,67.78,High,Expanding,40.72,No,High volatility and still expanding - move may be extended,Normal vol,Normal,Rising,Weak Down,-0.1032,Distribution,27.7545,Neutral,2 - Advancing,late,50.0,91.0,3 - Topping,73.0,,,,,,"2 - Advancing, but trend score 55 does not confirm long - no directional edge","2 - Advancing, trend 70 but ADX shows no trend, this is a range - wait for alignment"
2026-01-27,22752.69921875,22886.94921875,22562.94921875,22819.25,29981800,23510.873,23102.9784,Yes,30.13,Bear,Downtrend,Hold,Uptrend (HH+HL),Bearish,40.66,Neutral,Bearish majority,"Neutral - majority agree, 1 dissenting, trending ADX",32.5184,Oversold,-234.6644,-135.5542,bearish fading,Oversold,-2.7617,-1.1728,full,42.11,Negative fading,29.47,Strong Bearish,Bearish confirmed,None,Strong Bearish - all 4 components agree incl. MACD acceleration,Lower Half,Trending,Bearish,Yes,Yes,Inside,68.97,High,Expanding,40.16,No,High volatility and still expanding - move may be extended,Normal vol,Normal,Rising,Weak Up,-0.0481,Neutral,20.0715,Neutral,2 - Advancing,late,40.0,92.0,3 - Topping,73.0,,,,,,"2 - Advancing, but trend score 54 does not confirm long - no directional edge","2 - Advancing, trend 61 but components disagree - wait for alignment"
2026-01-28,22899.599609375,23101.75,22884.5,23082.099609375,29783700,23494.0583,23102.7706,Yes,31.77,Bear,Downtrend,Hold,Uptrend (HH+HL),Bearish,43.24,Neutral,Bearish majority,"Neutral - majority agree, 1 dissenting, trending ADX",41.4649,Neutral,-224.837,-153.4107,bearish fading,Oversold,-1.822,-0.8155,full,44.9,Negative fading,35.1,Bearish,Bearish confirmed,None,Bearish - all 4 components agree incl. MACD acceleration,Lower Half,Trending,Bearish,Yes,Yes,Inside,70.2,High,Expanding,38.09,No,High volatility and still expanding - move may be extended,Normal vol,Normal,Rising,Weak Up,0.0129,Neutral,27.1177,Neutral,2 - Advancing,late,40.0,93.0,3 - Topping,73.0,,,,,,"2 - Advancing, but trend score 46 does not confirm long - no directional edge","2 - Advancing, but trend score 60 does not confirm long - no directional edge"
2026-01-29,23107.5,23158.599609375,22922.599609375,23134.80078125,34203300,23479.9698,23103.0893,No,32.12,Bear,Downtrend,Hold,Uptrend (HH+HL),Bearish,43.69,Neutral,Bearish majority,"Neutral - majority agree, 1 dissenting, trending ADX",43.0939,Neutral,-210.371,-164.8028,bearish fading,Neutral,-1.4729,-0.6798,full,44.08,Negative accelerating,38.81,Bearish,Bearish confirmed,None,Bearish - all 4 components agree incl. MACD acceleration,Lower Half,Trending,Bearish,Yes,Yes,Inside,70.16,High,Expanding,30.47,No,High volatility and still expanding - move may be extended,Normal vol,Normal,Rising,Confirmed Up,0.0846,Accumulation,34.4489,Neutral,2 - Advancing,late,40.0,94.0,3 - Topping,73.0,,,,,,"2 - Advancing, but trend score 46 does not confirm long - no directional edge","2 - Advancing, but trend score 59 does not confirm long - no directional edge"
2026-01-30,22994.30078125,23110.19921875,22916.0,23079.5,41570300,23464.2651,23102.8546,Yes,33.0,Bear,Downtrend,Hold,Uptrend (HH+HL),Bearish,43.37,Neutral,Bearish majority,"Neutral - majority agree, 1 dissenting, trending ADX",41.7799,Neutral,-201.0514,-172.0525,bearish fading,Neutral,-1.6883,-0.7714,full,43.84,Negative accelerating,41.06,Bearish,Bearish confirmed,None,Bearish - all 4 components agree incl. MACD acceleration,Lower Half,Trending,Bearish,Yes,Yes,Inside,69.76,High,Expanding,30.04,No,High volatility and still expanding - move may be extended,Normal vol,Normal,Rising,Confirmed Down,0.1113,Accumulation,33.4191,Neutral,2 - Advancing,late,40.0,95.0,3 - Topping,73.0,,,,,,"2 - Advancing, but trend score 47 does not confirm long - no directional edge","2 - Advancing, but trend score 55 does not confirm long - no directional edge"
2026-02-02,22595.44921875,22869.69921875,22408.5,22837.0,27016400,23439.6665,23100.2093,Yes,32.72,Bear,Downtrend,Hold,Uptrend (HH+HL),Bearish,40.34,Neutral,Bearish majority,"Neutral - majority agree, 1 dissenting, trending ADX",36.5214,Neutral,-210.8033,-179.8027,bearish accelerating,Neutral,-2.7605,-1.1976,full,40.69,Negative accelerating,38.31,Bearish,Bearish confirmed,None,Bearish - all 4 components agree incl. MACD acceleration,Lower Half,Trending,Bearish,Yes,Yes,Inside,72.78,High,Expanding,33.06,No,High volatility and still expanding - move may be extended,Normal vol,Normal,Rising,Weak Down,0.1083,Accumulation,34.9189,Neutral,2 - Advancing,late,40.0,96.0,3 - Topping,73.0,,,,,,"2 - Advancing, but trend score 43 does not confirm long - no directional edge","2 - Advancing, but trend score 55 does not confirm long - no directional edge"
2026-02-03,23870.19921875,23912.349609375,23355.5,23446.30078125,38335700,23439.9266,23103.653,No,46.51,Neutral,Downtrend,Hold,Uptrend (HH+HL),Bearish,64.27,Bull,Mixed,"Bull - components mixed, low conviction",52.6479,Neutral,-167.4361,-177.3294,Bullish crossover,Neutral,0.3104,0.0097,full,46.69,Negative fading,50.6,Neutral,Mixed,None,"Neutral - components mixed, low conviction",Upper Half,Trending,Bullish,Yes,Yes,Inside,83.13,Very High,Expanding,43.02,No,Very High volatility and still expanding - move may be extended,Vol expanding,Normal,Rising,Confirmed Up,0.0109,Neutral,43.4477,Neutral,2 - Advancing,late,50.0,97.0,3 - Topping,73.0,,,,,,2 - Advancing but stage confidence only 40 - regime not established,"2 - Advancing, but trend score 54 does not confirm long - no directional edge"
2026-02-04,23414.099609375,23562.69921875,23284.44921875,23534.94921875,28918200,23443.653,23107.9445,No,48.62,Neutral,Downtrend,Hold,Uptrend (HH+HL),Bearish,64.73,Bull,Mixed,"Range with bullish lean - ADX emerging, direction not confirmed",54.4606,Neutral,-124.4792,-166.7593,bearish accelerating,Neutral,2.5638,0.8933,full,48.52,Negative fading,56.35,Neutral,Bullish majority,None,"Neutral - majority agree, 1 dissenting",Upper Half,Emerging,Bullish,No,Yes,Inside,80.36,Very High,Expanding,30.08,No,Very High volatility and still expanding - move may be extended,Vol expanding,Normal,Rising,Weak Up,0.0583,Accumulation,36.7341,Neutral,2 - Advancing,late,50.0,98.0,3 - Topping,73.0,,,,,,2 - Advancing but stage confidence only 40 - regime not established,"2 - Advancing, but trend score 46 does not confirm long - no directional edge"
2026-02-05,23509.75,23509.94921875,23337.349609375,23411.69921875,25100,23442.3999,23110.9669,No,49.28,Neutral,Downtrend,Hold,Uptrend (HH+HL),Bearish,62.88,Bull,Mixed,"Range with bullish lean - ADX emerging, direction not confirmed",51.5083,Neutral,-99.2368,-153.2548,bearish accelerating,Neutral,2.5248,0.8711,full,46.65,Negative accelerating,57.27,Neutral,Bullish majority,None,"Neutral - majority agree, 1 dissenting",Upper Half,Emerging,Bullish,No,Yes,Inside,76.71,High,Stable,16.07,No,"High volatility, stable",Vol expanding,Dry-up,Rising,Weak Down,0.0641,Accumulation,39.2756,Neutral,2 - Advancing,late,50.0,99.0,3 - Topping,73.0,,,,,,2 - Advancing but stage confidence only 40 - regime not established,"2 - Advancing, but trend score 46 does not confirm long - no directional edge"
2026-02-06,23366.5,23447.0,23211.400390625,23434.0,22813300,23442.0705,23114.1812,No,51.15,Neutral,Downtrend,Hold,Uptrend (HH+HL),Bearish,55.93,Neutral,Mixed,"No clear trend - ADX emerging, price ranging",52.0152,Neutral,-76.5502,-137.9139,bearish accelerating,Neutral,1.8482,0.5979,full,47.96,Negative fading,58.4,Bullish,Bullish majority,None,"Bullish - majority agree, 1 dissenting",Upper Half,Emerging,Bearish,No,Yes,Inside,71.63,High,Stable,7.54,Partial,"High volatility, stable",Normal vol,Normal,Rising,Weak Up,0.0844,Accumulation,32.3773,Neutral,2 - Advancing,late,50.0,100.0,3 - Topping,73.0,,,,,,2 - Advancing but stage confidence only 40 - regime not established,"2 - Advancing, but trend score 47 does not confirm long - no directional edge"
2026-02-09,23600.849609375,23693.05078125,23535.400390625,23683.400390625,27270100,23451.5344,23119.8451,No,61.83,Bull,Uptrend,Buy,Range,Bearish,66.92,Bull,Bullish confirmed,"Range with bullish lean - ADX no trend, direction not confirmed",57.3806,Neutral,-38.0082,-117.9327,bearish accelerating,Neutral,4.3037,1.5553,full,51.45,Positive accelerating,62.87,Bullish,Bullish confirmed,None,Bullish - all 4 components agree incl. MACD acceleration,Upper Half,No Trend,Bullish,No,Yes,Inside,70.12,High,Stable,2.34,Partial,"High volatility, stable",Normal vol,Normal,Rising,Weak Up,0.1666,Accumulation,39.4117,Neutral,2 - Advancing,late,64.0,101.0,3 - Topping,73.0,,,,,,2 - Advancing but stage confidence only 40 - regime not established,"2 - Advancing, but trend score 43 does not confirm long - no directional edge"
2026-02-10,23752.599609375,23796.400390625,23691.5,23753.75,23665500,23463.386,23126.1526,No,63.69,Bull,Uptrend,Hold,Downtrend (LH+LL),Bearish,55.86,Neutral,Bullish majority,"No clear trend - ADX no trend, price ranging",58.7807,Neutral,-1.7664,-94.6995,bearish accelerating,Overbought,4.0952,1.4598,full,51.97,Positive accelerating,65.18,Bullish,Bullish confirmed,None,Bullish - all 4 components agree incl. MACD acceleration,Upper Half,No Trend,Bullish,No,Yes,Near Upper,66.59,High,Stable,-2.38,No,"High volatility, stable",Normal vol,Normal,Rising,Weak Up,0.2317,Accumulation,46.2773,Neutral,2 - Advancing,late,64.0,102.0,3 - Topping,73.0,,,,,,"2 - Advancing, trend 64 but components disagree - wait for alignment",2 - Advancing but stage confidence only 40 - regime not established
2026-02-11,23808.099609375,23811.150390625,23707.150390625,23783.05078125,26368100,23475.9219,23132.6889,No,71.52,Bull,Uptrend,Hold,Downtrend (LH+LL),Bearish,57.71,Neutral,Bullish majority,"No clear trend - ADX no trend, price ranging",59.3792,Neutral,28.9857,-69.9624,bullish accelerating,Overbought,3.0368,1.0358,full,51.58,Positive fading,66.49,Bullish,Bullish confirmed,None,Bullish - all 4 components agree incl. MACD acceleration,Upper Half,No Trend,Bullish,No,Yes,Near Upper,66.43,High,Stable,-3.77,No,"High volatility, stable",Normal vol,Normal,Rising,Weak Up,0.2071,Accumulation,54.2924,Neutral,2 - Advancing,late,74.0,103.0,3 - Topping,73.0,,,,,,"2 - Advancing, trend 65 but components disagree - wait for alignment",2 - Advancing but stage confidence only 40 - regime not established
2026-02-12,23753.80078125,23753.80078125,23589.05078125,23651.55078125,22693700,23482.8093,23137.8517,No,71.3,Bull,Uptrend,Hold,Downtrend (LH+LL),Bearish,55.83,Neutral,Bullish majority,"No clear trend - ADX no trend, price ranging",55.4852,Neutral,42.2589,-47.5182,bullish fading,Overbought,2.2336,0.7145,full,49.74,Negative accelerating,64.07,Bullish,Bullish majority,None,"Bullish - majority agree, 1 dissenting",Upper Half,No Trend,Bullish,No,Yes,Inside,67.18,High,Stable,-2.97,No,"High volatility, stable",Normal vol,Normal,Rising,Weak Down,0.1995,Accumulation,47.9836,Neutral,2 - Advancing,late,74.0,104.0,3 - Topping,73.0,,,,,,"2 - Advancing, trend 63 but components disagree - wait for alignment",2 - Advancing but stage confidence only 40 - regime not established
2026-02-13,23448.69921875,23464.05078125,23285.0,23313.150390625,22274400,23476.156,23139.5959,No,68.83,Bull,Uptrend,Hold,Downtrend (LH+LL),Bearish,49.54,Neutral,Mixed,"No clear trend - ADX no trend, price ranging",46.952,Neutral,25.1816,-32.9782,bullish fading,Neutral,1.0124,0.2352,full,45.61,Negative accelerating,56.66,Neutral,Mixed,Bullish divergence,Neutral - bullish divergence vs price over 21 bars,Upper Half,No Trend,Bearish,No,Yes,Inside,67.3,High,Stable,-2.46,No,"High volatility, stable",Normal vol,Normal,Falling,Weak Down,0.1755,Accumulation,48.2208,Neutral,2 - Advancing,late,74.0,105.0,3 - Topping,73.0,,,,,,"2 - Advancing, but trend score 56 does not confirm long - no directional edge",2 - Advancing but stage confidence only 40 - regime not established
2026-02-16,23248.55078125,23487.349609375,23190.19921875,23472.44921875,18203700,23476.0106,23142.9079,No,68.82,Bull,Uptrend,Hold,Downtrend (LH+LL),Bearish,51.19,Neutral,Mixed,"No clear trend - ADX no trend, price ranging",50.7888,Neutral,24.2226,-21.5381,bullish fading,Neutral,2.7825,0.9283,full,47.11,Negative fading,56.31,Neutral,Bullish majority,Bullish divergence,Neutral - bullish divergence vs price over 21 bars,Upper Half,No Trend,Bearish,No,No,Inside,67.3,High,Stable,-5.47,No,"High volatility, stable",Vol contracting,Normal,Falling,Weak Up,0.2481,Accumulation,54.7014,Neutral,2 - Advancing,late,74.0,106.0,3 - Topping,73.0,,,,,,"2 - Advancing, trend 67 but ADX shows no trend, this is a range - wait for alignment",2 - Advancing but stage confidence only 40 - regime not established
2026-02-17,23445.30078125,23563.25,23394.80078125,23540.05078125,19871600,23478.522,23146.8596,No,67.6,Bull,Uptrend,Hold,Downtrend (LH+LL),Bearish,51.71,Neutral,Mixed,"No clear trend - ADX no trend, price ranging",52.3634,Neutral,28.5879,-11.5129,bullish fading,Neutral,0.3998,-0.0067,full,47.51,Negative fading,56.08,Neutral,Bullish majority,None,"Neutral - majority agree, 1 dissenting",Upper Half,No Trend,Bearish,No,No,Inside,67.58,High,Stable,-15.55,No,"High volatility, stable",Vol contracting,Normal,Falling,Weak Up,0.2878,Accumulation,53.5017,Neutral,2 - Advancing,late,74.0,107.0,3 - Topping,73.0,,,,,,"2 - Advancing, but trend score 56 does not confirm long - no directional edge","2 - Advancing, trend 64 but components disagree - wait for alignment"
2026-02-18,23571.5,23657.75,23490.349609375,23645.80078125,19114900,23485.082,23151.8242,No,67.33,Bull,Uptrend,Hold,Downtrend (LH+LL),Bearish,53.03,Neutral,Mixed,"No clear trend - ADX no trend, price ranging",54.7998,Neutral,40.1181,-1.1867,bullish accelerating,Neutral,0.471,0.0229,full,47.42,Negative accelerating,57.83,Neutral,Bullish majority,None,"Neutral - majority agree, 1 dissenting",Upper Half,No Trend,Bearish,No,No,Inside,66.9,High,Stable,-13.45,No,"High volatility, stable",Vol contracting,Normal,Falling,Weak Up,0.3704,Accumulation,51.5171,Neutral,2 - Advancing,late,74.0,108.0,3 - Topping,73.0,,,,,,"2 - Advancing, but trend score 58 does not confirm long - no directional edge","2 - Advancing, trend 65 but components disagree - wait for alignment"
2026-02-19,23691.599609375,23697.900390625,23235.349609375,23297.44921875,18237200,23477.7238,23153.2732,No,63.17,Bull,Uptrend,Hold,Downtrend (LH+LL),Bearish,48.4,Neutral,Mixed,"No clear trend - ADX no trend, price ranging",46.3839,Neutral,20.9059,3.2318,bullish fading,Neutral,-0.488,-0.3497,full,45.57,Negative accelerating,51.81,Neutral,Mixed,None,"Neutral - components mixed, low conviction",Lower Half,No Trend,Bearish,No,No,Inside,65.91,High,Stable,-10.79,No,"High volatility, stable",Vol contracting,Normal,Falling,Weak Down,0.3381,Accumulation,55.2162,Neutral,2 - Advancing,late,74.0,109.0,3 - Topping,73.0,,,,,,"2 - Advancing, but trend score 56 does not confirm long - no directional edge","2 - Advancing, trend 63 but components disagree - wait for alignment"
2026-02-20,23252.75,23467.400390625,23221.150390625,23395.0,17831500,23474.4798,23155.6784,No,57.71,Neutral,Uptrend,Hold,Downtrend (LH+LL),Bearish,47.38,Neutral,Mixed,"No clear trend - ADX no trend, price ranging",48.7572,Neutral,13.3971,5.2649,bullish fading,Neutral,-0.1664,-0.2229,full,45.72,Negative fading,49.64,Neutral,Mixed,None,"Neutral - components mixed, low conviction",Upper Half,No Trend,Bearish,No,No,Inside,65.04,High,Stable,-6.59,No,"High volatility, stable",Vol contracting,Normal,Falling,Weak Up,0.361,Accumulation,56.7272,Neutral,2 - Advancing,late,64.0,110.0,3 - Topping,73.0,,,,,,"2 - Advancing, but trend score 50 does not confirm long - no directional edge","2 - Advancing, but trend score 56 does not confirm long - no directional edge"
2026-02-23,23493.30078125,23566.849609375,23394.25,23484.94921875,25462500,23474.8903,23158.9547,No,58.1,Neutral,Uptrend,Hold,Range,Bearish,58.33,Neutral,Mixed,"No clear trend - ADX no trend, price ranging",50.9147,Neutral,14.537,7.1193,bullish fading,Neutral,-0.8379,-0.4883,full,45.91,Negative fading,48.87,Neutral,Mixed,None,"Neutral - components mixed, low conviction",Upper Half,No Trend,Bearish,No,No,Inside,61.43,High,Stable,-8.69,No,"High volatility, stable",Vol contracting,Normal,Falling,Confirmed Up,0.4063,Accumulation,54.8065,Neutral,2 - Advancing,late,64.0,111.0,3 - Topping,73.0,,,,,,"2 - Advancing, but trend score 51 does not confirm long - no directional edge","2 - Advancing, trend 67 but ADX shows no trend, this is a range - wait for alignment"
2026-02-24,23418.099609375,23418.099609375,23168.05078125,23304.599609375,25350000,23468.2123,23160.4039,No,55.35,Neutral,Uptrend,Hold,Range,Bearish,55.73,Neutral,Mixed,"No clear trend - ADX no trend, price ranging",46.6717,Neutral,0.8775,5.8709,Bearish crossover,Neutral,-1.8909,-0.9022,full,45.92,Negative fading,44.69,Neutral,Bearish confirmed,None,Neutral - all 4 components agree incl. MACD acceleration,Lower Half,No Trend,Bearish,No,No,Inside,58.45,Normal,Stable,-8.14,Partial,"Normal volatility, stable",Vol contracting,Normal,Falling,Confirmed Down,0.3792,Accumulation,55.5147,Neutral,2 - Advancing,late,64.0,112.0,3 - Topping,73.0,,,,,,"2 - Advancing, but trend score 52 does not confirm long - no directional edge","2 - Advancing, but trend score 56 does not confirm long - no directional edge"
2026-02-25,23388.44921875,23500.099609375,23325.900390625,23403.80078125,22679300,23465.6863,23162.8258,No,48.06,Neutral,Uptrend,Hold,Range,Bearish,54.08,Neutral,Mixed,"No clear trend - ADX no trend, price ranging",49.1804,Neutral,-1.9209,4.3126,bearish accelerating,Neutral,-1.5946,-0.7948,full,47.71,Negative fading,46.16,Neutral,Bearish confirmed,None,Neutral - all 4 components agree incl. MACD acceleration,Lower Half,No Trend,Bearish,No,No,Inside,57.02,Normal,Stable,-9.4,Partial,"Normal volatility, stable",Vol contracting,Normal,Falling,Weak Up,0.3292,Accumulation,58.7412,Neutral,2 - Advancing,late,50.0,113.0,3 - Topping,73.0,,,,,,"2 - Advancing, but trend score 53 does not confirm long - no directional edge","2 - Advancing, but trend score 58 does not confirm long - no directional edge"
2026-02-26,23462.05078125,23502.94921875,23340.75,23448.5,25536400,23465.0123,23165.6683,No,55.88,Neutral,Uptrend,Hold,Range,Bearish,57.22,Neutral,Mixed,"No clear trend - ADX no trend, price ranging",50.3146,Neutral,-0.5258,3.3449,bearish fading,Neutral,-0.8585,-0.51,full,48.25,Negative fading,46.75,Neutral,Bearish majority,None,"Neutral - majority agree, 1 dissenting",Upper Half,No Trend,Bearish,No,No,Inside,55.2,Normal,Stable,-11.98,Partial,"Normal volatility, stable",Vol contracting,Normal,Falling,Confirmed Up,0.2953,Accumulation,66.3129,Neutral,2 - Advancing,late,64.0,114.0,3 - Topping,73.0,,,,,,"2 - Advancing, but trend score 48 does not confirm long - no directional edge","2 - Advancing, but trend score 56 does not confirm long - no directional edge"
2026-02-27,23423.94921875,23433.55078125,23136.75,23166.849609375,36885800,23453.3197,23165.6801,No,46.5,Neutral,Uptrend,Hold,Range,Bearish,51.26,Neutral,Mixed,"No clear trend - ADX no trend, price ranging",43.6969,Neutral,-21.8945,-1.703,bearish accelerating,Neutral,-0.6275,-0.4294,full,43.42,Negative accelerating,40.83,Bearish,Bearish confirmed,None,Bearish - all 4 components agree incl. MACD acceleration,Lower Half,No Trend,Bearish,Yes,No,Inside,54.64,Normal,Stable,-12.66,Partial,"Normal volatility, stable",Vol contracting,Normal,Falling,Confirmed Down,0.1748,Accumulation,55.9856,Neutral,2 - Advancing,late,50.0,115.0,3 - Topping,73.0,,,,,,"2 - Advancing, but trend score 47 does not confirm long - no directional edge","2 - Advancing, but trend score 50 does not confirm long - no directional edge"
2026-03-02,22547.0,22992.349609375,22539.650390625,22835.94921875,28882800,23429.1091,23162.3992,Yes,41.09,Neutral,Downtrend,Sell,Range,Bearish,38.39,Bear,Bearish confirmed,"Range with bearish lean - ADX no trend, direction not confirmed",37.4626,Oversold,-64.7836,-14.3191,bearish accelerating,Neutral,-2.7117,-1.2759,full,40.71,Negative accelerating,34.62,Bearish,Bearish confirmed,None,Bearish - all 4 components agree incl. MACD acceleration,Below Lower,No Trend,Bearish,Yes,Yes,Inside,58.49,Normal,Stable,-8.81,Partial,"Normal volatility, stable",Normal vol,Normal,Falling,Confirmed Down,0.1438,Accumulation,47.9921,Neutral,2 - Advancing,late,50.0,116.0,3 - Topping,73.0,,,,,,"2 - Advancing, but trend score 58 does not confirm long - no directional edge","2 - Advancing, but trend score 51 does not confirm long - no directional edge"
2026-03-04,22438.0,22517.400390625,22283.150390625,22409.80078125,32291200,23389.1362,23154.9106,Yes,29.55,Bear,Downtrend,Hold,Range,Bearish,31.81,Bear,Bearish confirmed,"Range with bearish lean - ADX no trend, direction not confirmed",31.2744,Oversold,-131.6425,-37.7838,bearish accelerating,Oversold,-4.8014,-2.1114,full,37.27,Negative accelerating,27.23,Strong Bearish,Bearish confirmed,None,Strong Bearish - all 4 components agree incl. MACD acceleration,Below Lower,No Trend,Bearish,Yes,Yes,Breakout Down,71.47,High,Stable,3.89,No,"High volatility, stable",Vol expanding,Normal,Falling,Confirmed Down,0.207,Accumulation,39.3637,Neutral,2 - Advancing,late,40.0,117.0,3 - Topping,73.0,,,,,,"2 - Advancing, but trend score 56 does not confirm long - no directional edge","2 - Advancing, but trend score 52 does not confirm long - no directional edge"
2026-03-05,22536.75,22760.849609375,22468.19921875,22697.80078125,27067700,23362.025,23150.3623,Yes,30.37,Bear,Downtrend,Hold,Range,Bearish,34.07,Bear,Bearish confirmed,"Range with bearish lean - ADX emerging, direction not confirmed",38.65,Neutral,-159.5504,-62.1371,bearish accelerating,Neutral,-4.0092,-1.7956,full,39.76,Negative fading,31.03,Bearish,Bearish confirmed,None,Bearish - all 4 components agree incl. MACD acceleration,At Lower,Emerging,Bearish,Yes,Yes,Inside,76.71,High,Stable,9.8,No,"High volatility, stable",Vol expanding,Normal,Falling,Confirmed Up,0.1911,Accumulation,46.7652,Neutral,2 - Advancing,late,40.0,118.0,3 - Topping,73.0,,,,,,"2 - Advancing, but trend score 54 does not confirm long - no directional edge","2 - Advancing, but trend score 53 does not confirm long - no directional edge"
2026-03-06,22621.55078125,22701.599609375,22456.44921875,22481.30078125,23202000,23327.4868,23143.705,Yes,28.38,Bear,Downtrend,Hold,Range,Bearish,30.89,Bear,Bearish confirmed,"Range with bearish lean - ADX emerging, direction not confirmed",35.5605,Oversold,-196.8679,-89.0833,bearish accelerating,Oversold,-3.5032,-1.5962,full,38.74,Negative accelerating,28.96,Strong Bearish,Bearish confirmed,None,Strong Bearish - all 4 components agree incl. MACD acceleration,Below Lower,Emerging,Bearish,Yes,Yes,Near Lower,77.98,High,Stable,12.07,No,"High volatility, stable",Vol expanding,Normal,Falling,Weak Down,0.1439,Accumulation,46.7478,Neutral,2 - Advancing,late,40.0,119.0,3 - Topping,73.0,,,,,,"2 - Advancing, but trend score 57 does not confirm long - no directional edge","2 - Advancing, but trend score 48 does not confirm long - no directional edge"
2026-03-09,21995.150390625,22090.69921875,21743.150390625,22056.55078125,25569200,23277.6462,23132.8875,Yes,19.1,Strong Bear,Downtrend,Hold,Range,Bearish,25.88,Bear,Bearish confirmed,"Range with bearish lean - ADX emerging, direction not confirmed",30.4223,Oversold,-257.745,-122.8156,bearish accelerating,Oversold,-5.7211,-2.4629,full,36.0,Negative accelerating,25.87,Strong Bearish,Bearish confirmed,None,Strong Bearish - all 4 components agree incl. MACD acceleration,Below Lower,Emerging,Bearish,Yes,Yes,Breakout Down,86.23,Very High,Expanding,21.19,No,Very High volatility and still expanding - move may be extended,Extreme vol - reduce size,Normal,Falling,Confirmed Down,0.1436,Accumulation,40.645,Neutral,2 - Advancing,late,30.0,120.0,3 - Topping,73.0,,,,,,"2 - Advancing, but trend score 51 does not confirm long - no directional edge","2 - Advancing, but trend score 47 does not confirm long - no directional edge"
2026-03-10,22310.80078125,22385.650390625,22141.849609375,22342.94921875,23891700,23240.9914,23125.0274,Yes,21.12,Bear,Downtrend,Hold,Range,Bearish,28.68,Bear,Bearish confirmed,"Range with bearish lean - ADX emerging, direction not confirmed",37.0292,Oversold,-279.6568,-154.1838,bearish fading,Neutral,-4.8627,-2.1049,full,38.22,Negative fading,28.97,Strong Bearish,Bearish confirmed,None,Strong Bearish - all 4 components agree incl. MACD acceleration,Lower Half,Emerging,Bearish,Yes,Yes,Inside,89.33,Very High,Expanding,27.9,No,Very High volatility and still expanding - move may be extended,Extreme vol - reduce size,Normal,Falling,Weak Up,0.1272,Accumulation,41.1266,Neutral,2 - Advancing,late,30.0,121.0,3 - Topping,73.0,,,,,,"2 - Advancing, but trend score 38 does not confirm long - no directional edge","2 - Advancing, but trend score 58 does not confirm long - no directional edge"
2026-03-11,22351.849609375,22440.900390625,22009.30078125,22042.30078125,23611300,23193.9839,23114.254,Yes,19.15,Strong Bear,Downtrend,Hold,Range,Bearish,24.68,Strong Bear,Bearish confirmed,"Range with bearish lean - ADX emerging, direction not confirmed",33.4395,Oversold,-317.6206,-186.8712,bearish accelerating,Neutral,-5.4165,-2.32,full,34.96,Negative accelerating,26.82,Strong Bearish,Bearish confirmed,None,Strong Bearish - all 4 components agree incl. MACD acceleration,At Lower,Emerging,Bearish,Yes,Yes,Inside,91.51,Very High,Expanding,33.06,No,Very High volatility and still expanding - move may be extended,Extreme vol - reduce size,Normal,Falling,Weak Down,0.0769,Accumulation,35.2301,Neutral,2 - Advancing,late,30.0,122.0,3 - Topping,73.0,,,,,,2 - Advancing but stage confidence only 40 - regime not established,"2 - Advancing, but trend score 56 does not confirm long - no directional edge"
2026-03-12,21888.400390625,22059.599609375,21703.900390625,21897.5,30265000,23143.1414,23102.147,Yes,18.23,Strong Bear,Downtrend,Hold,Range,Bearish,22.47,Strong Bear,Bearish confirmed,"Strong Bear - all 4 components agree, trending ADX",31.8386,Oversold,-355.2957,-220.5561,bearish accelerating,Oversold,-6.4361,-2.694,full,36.15,Negative fading,26.38,Strong Bearish,Bearish confirmed,None,Strong Bearish - all 4 components agree incl. MACD acceleration,At Lower,Trending,Bearish,Yes,Yes,Near Lower,92.26,Very High,Expanding,35.24,No,Very High volatility and still expanding - move may be extended,Extreme vol - reduce size,Normal,Falling,Confirmed Down,0.057,Accumulation,34.2413,Neutral,2 - Advancing,late,30.0,123.0,3 - Topping,73.0,,,,,,2 - Advancing but stage confidence only 40 - regime not established,"2 - Advancing, but trend score 54 does not confirm long - no directional edge"
2026-03-13,21763.25,21780.75,21351.099609375,21391.19921875,31139800,23074.4378,23085.1227,Yes,8.3,Strong Bear,Downtrend,Hold,Range,Bearish,15.63,Strong Bear,Bearish confirmed,"Strong Bear - all 4 components agree, trending ADX",26.9757,Oversold,-421.153,-260.6755,bearish accelerating,Oversold,-8.7737,-3.5308,full,31.93,Negative accelerating,21.81,Strong Bearish,Bearish confirmed,None,Strong Bearish but oversold on RSI and Stochastic - stretched,Below Lower,Trending,Bearish,Yes,Yes,Breakout Down,94.4,Very High,Expanding,39.21,No,Very High volatility and still expanding - move may be extended,Extreme vol - reduce size,Normal,Falling,Confirmed Down,0.0161,Neutral,33.2382,Neutral,1 - Basing,early,20.0,1.0,2 - Advancing,123.0,,,,,,2 - Advancing but stage confidence only 40 - regime not established,"2 - Advancing, but trend score 57 does not confirm long - no directional edge"
2026-03-16,21355.94921875,21593.25,21110.0,21498.80078125,32174500,23012.6481,23069.3384,Yes,9.15,Strong Bear,Downtrend,Hold,Range,Bearish,17.44,Strong Bear,Bearish confirmed,"Strong Bear - all 4 components agree, trending ADX",29.4422,Oversold,-459.3675,-300.4139,bearish fading,Oversold,-7.2002,-2.872,full,33.68,Negative fading,23.22,Strong Bearish,Bearish confirmed,None,Strong Bearish but oversold on RSI and Stochastic - stretched,Lower Half,Trending,Bearish,Yes,Yes,Near Lower,96.51,Very High,Expanding,41.87,No,Very High volatility and still expanding - move may be extended,Extreme vol - reduce size,Normal,Falling,Confirmed Up,0.0845,Accumulation,26.0467,Neutral,1 - Basing,early,20.0,2.0,2 - Advancing,123.0,,,,,,2 - Advancing but stage confidence only 30 - regime not established,"2 - Advancing, but trend score 51 does not confirm long - no directional edge"
2026-03-17,21585.05078125,21729.650390625,21446.150390625,21669.30078125,25153300,22959.9678,23055.4076,Yes,10.4,Strong Bear,Downtrend,Hold,Range,Bearish,18.73,Strong Bear,Bearish confirmed,"Strong Bear - all 4 components agree, trending ADX",33.2874,Oversold,-470.4716,-334.4254,bearish fading,Oversold,-5.1088,-2.0577,full,34.02,Negative fading,25.75,Strong Bearish,Bearish confirmed,None,Strong Bearish - all 4 components agree incl. MACD acceleration,Lower Half,Trending,Bearish,Yes,Yes,Inside,97.02,Very High,Expanding,38.53,No,Very High volatility and still expanding - move may be extended,Extreme vol - reduce size,Normal,Falling,Weak Up,0.0796,Accumulation,32.4465,Neutral,1 - Basing,early,20.0,3.0,2 - Advancing,123.0,,,,,,2 - Advancing but stage confidence only 30 - regime not established,"2 - Advancing, but trend score 38 does not confirm long - no directional edge"
2026-03-18,21721.44921875,21990.400390625,21713.400390625,21917.400390625,28957100,22919.0828,23044.0842,Yes,12.0,Strong Bear,Downtrend,Hold,Range,Bearish,21.42,Strong Bear,Bearish confirmed,"Strong Bear - all 4 components agree, trending ADX",38.5364,Neutral,-454.0184,-358.344,bearish fading,Neutral,-2.1973,-0.9614,full,34.75,Negative fading,30.74,Bearish,Bearish confirmed,None,Bearish - all 4 components agree incl. MACD acceleration,Lower Half,Trending,Bearish,Yes,Yes,Inside,96.31,Very High,Expanding,24.84,No,Very High volatility and still expanding - move may be extended,Extreme vol - reduce size,Normal,Falling,Confirmed Up,0.0769,Accumulation,33.2342,Neutral,1 - Basing,early,20.0,4.0,2 - Advancing,123.0,,,,,,2 - Advancing but stage confidence only 30 - regime not established,2 - Advancing but stage confidence only 40 - regime not established
2026-03-19,21466.400390625,21562.80078125,21156.19921875,21225.80078125,32926600,22852.6796,23025.9918,Yes,7.57,Strong Bear,Downtrend,Hold,Range,Bearish,13.09,Strong Bear,Bearish confirmed,"Strong Bear - all 4 components agree, trending ADX",31.1732,Oversold,-491.1241,-384.9,bearish accelerating,Neutral,-6.4852,-2.5381,full,28.93,Negative accelerating,25.81,Strong Bearish,Bearish confirmed,None,Strong Bearish - all 4 components agree incl. MACD acceleration,Lower Half,Trending,Bearish,Yes,Yes,Near Lower,98.57,Very High,Expanding,21.86,No,Very High volatility and still expanding - move may be extended,Extreme vol - reduce size,Normal,Falling,Confirmed Down,0.0041,Neutral,26.1186,Neutral,1 - Basing,early,20.0,5.0,2 - Advancing,123.0,,,,,,2 - Advancing but stage confidence only 30 - regime not established,2 - Advancing but stage confidence only 40 - regime not established
2026-03-20,21349.94921875,21558.0,21294.849609375,21327.900390625,37005100,22792.8843,23009.0954,Yes,8.75,Strong Bear,Downtrend,Hold,Range,Bearish,14.45,Strong Bear,Bearish confirmed,"Strong Bear - all 4 components agree, trending ADX",33.2023,Oversold,-506.4539,-409.2108,bearish fading,Oversold,-5.1305,-2.0123,full,30.97,Negative fading,27.11,Strong Bearish,Bearish confirmed,None,Strong Bearish - all 4 components agree incl. MACD acceleration,Lower Half,Trending,Bearish,Yes,Yes,Inside,98.09,Very High,Expanding,20.12,No,Very High volatility and still expanding - move may be extended,Extreme vol - reduce size,Normal,Rising,Confirmed Up,-0.0219,Neutral,35.2826,Neutral,1 - Basing,mid,20.0,6.0,2 - Advancing,123.0,,,,,,1 - Basing but stage confidence only 20 - regime not established,2 - Advancing but stage confidence only 40 - regime not established
2026-03-23,21079.599609375,21090.05078125,20611.80078125,20664.25,31363300,22709.4085,22985.7636,Yes,5.74,Strong Bear,Downtrend,Hold,Range,Bearish,12.01,Strong Bear,Bearish confirmed,"Strong Bear - all 4 components agree, trending ADX",27.5225,Oversold,-565.6337,-440.4954,bearish accelerating,Oversold,-6.3124,-2.4124,full,25.9,Negative accelerating,21.31,Strong Bearish,Bearish confirmed,None,Strong Bearish but oversold on RSI and Stochastic - stretched,At Lower,Trending,Bearish,Yes,Yes,Breakout Down,98.65,Very High,Stable,12.42,No,"Very High volatility, stable",Extreme vol - reduce size,Normal,Rising,Confirmed Down,-0.0773,Distribution,35.3074,Neutral,1 - Basing,mid,20.0,7.0,2 - Advancing,123.0,,,,,,1 - Basing but stage confidence only 20 - regime not established,2 - Advancing but stage confidence only 30 - regime not established
2026-03-24,21045.44921875,21183.150390625,20743.900390625,21067.0,28289000,22645.0003,22966.6714,Yes,8.34,Strong Bear,Downtrend,Hold,Range,Bearish,15.12,Strong Bear,Bearish confirmed,"Strong Bear - all 4 components agree, trending ADX",34.8108,Oversold,-573.4255,-467.0814,bearish fading,Oversold,-5.7107,-2.1657,full,29.36,Negative fading,26.13,Strong Bearish,Bearish confirmed,None,Strong Bearish - all 4 components agree incl. MACD acceleration,Lower Half,Trending,Bearish,Yes,Yes,Inside,99.76,Very High,Stable,10.44,No,"Very High volatility, stable",Extreme vol - reduce size,Normal,Rising,Weak Up,-0.0559,Distribution,42.6682,Neutral,1 - Basing,mid,20.0,8.0,2 - Advancing,123.0,,,,,,1 - Basing but stage confidence only 20 - regime not established,2 - Advancing but stage confidence only 30 - regime not established
2026-03-25,21236.25,21612.44921875,21236.05078125,21478.19921875,29251000,22599.2434,22951.8607,Yes,11.31,Strong Bear,Downtrend,Hold,Range,Bearish,20.03,Strong Bear,Bearish confirmed,"Strong Bear - all 4 components agree, trending ADX",41.3009,Neutral,-540.1932,-481.7038,bearish fading,Neutral,-2.5592,-1.019,full,31.42,Negative fading,33.19,Bearish,Bearish confirmed,None,Bearish - all 4 components agree incl. MACD acceleration,Lower Half,Trending,Bearish,Yes,Yes,Inside,98.81,Very High,Stable,7.3,No,"Very High volatility, stable",Extreme vol - reduce size,Normal,Rising,Confirmed Up,-0.045,Neutral,42.7626,Neutral,1 - Basing,mid,20.0,9.0,2 - Advancing,123.0,,,,,,1 - Basing but stage confidence only 20 - regime not established,2 - Advancing but stage confidence only 30 - regime not established
2026-03-27,21357.349609375,21364.349609375,21007.150390625,21020.150390625,35750200,22537.3182,22932.6397,Yes,8.58,Strong Bear,Downtrend,Hold,Range,Bearish,14.77,Strong Bear,Bearish confirmed,"Strong Bear - all 4 components agree, trending ADX",36.8945,Oversold,-544.5399,-494.271,bearish fading,Neutral,-4.0066,-1.528,full,26.14,Negative accelerating,31.81,Bearish,Bearish confirmed,None,Bearish - all 4 components agree incl. MACD acceleration,Lower Half,Trending,Bearish,Yes,Yes,Inside,98.53,Very High,Stable,6.27,No,"Very High volatility, stable",Extreme vol - reduce size,Normal,Rising,Confirmed Down,-0.0962,Distribution,41.6511,Neutral,1 - Basing,mid,20.0,10.0,2 - Advancing,123.0,,,,,,1 - Basing but stage confidence only 20 - regime not established,2 - Advancing but stage confidence only 30 - regime not established
2026-03-30,20762.349609375,20889.25,20490.44921875,20528.05078125,34842000,22458.5234,22908.7135,Yes,6.42,Strong Bear,Downtrend,Hold,Range,Bearish,12.25,Strong Bear,Bearish confirmed,"Strong Bear - all 4 components agree, trending ADX",32.8407,Oversold,-580.9957,-511.6159,bearish accelerating,Neutral,-4.0351,-1.5267,full,21.82,Negative accelerating,26.99,Strong Bearish,Bearish confirmed,None,Strong Bearish - all 4 components agree incl. MACD acceleration,Lower Half,Trending,Bearish,Yes,Yes,Breakout Down,98.25,Very High,Stable,3.85,No,"Very High volatility, stable",Extreme vol - reduce size,Normal,Rising,Confirmed Down,-0.156,Distribution,40.9302,Neutral,1 - Basing,mid,20.0,11.0,2 - Advancing,123.0,,,,,,1 - Basing but stage confidence only 20 - regime not established,1 - Basing but stage confidence only 20 - regime not established
2026-04-01,21067.150390625,21153.25,20867.400390625,20935.150390625,33012900,22398.7833,22889.076,Yes,9.08,Strong Bear,Downtrend,Hold,Range,Bearish,14.86,Strong Bear,Bearish confirmed,"Strong Bear - all 4 components agree, trending ADX",38.8287,Neutral,-570.4617,-523.3851,bearish fading,Oversold,-2.6218,-1.0093,full,25.55,Negative fading,31.05,Bearish,Bearish confirmed,None,Bearish - all 4 components agree incl. MACD acceleration,Lower Half,Trending,Bearish,Yes,Yes,Inside,98.21,Very High,Stable,1.71,No,"Very High volatility, stable",Extreme vol - reduce size,Normal,Rising,Confirmed Up,-0.1367,Distribution,41.9529,Neutral,1 - Basing,mid,20.0,12.0,2 - Advancing,123.0,,,,,,1 - Basing but stage confidence only 20 - regime not established,1 - Basing but stage confidence only 20 - regime not established
2026-04-02,20666.69921875,20990.05078125,20385.650390625,20938.349609375,34322000,22341.5114,22869.6658,Yes,9.37,Strong Bear,Downtrend,Hold,Range,Bearish,14.99,Strong Bear,Bearish confirmed,"Strong Bear - all 4 components agree, trending ADX",38.8748,Neutral,-555.4524,-529.7985,bearish fading,Oversold,-3.3732,-1.271,full,26.1,Negative fading,33.73,Bearish,Bearish confirmed,None,Bearish - all 4 components agree incl. MACD acceleration,Lower Half,Trending,Bearish,Yes,Yes,Inside,95.99,Very High,Stable,-1.03,No,"Very High volatility, stable",Extreme vol - reduce size,Normal,Rising,Confirmed Up,-0.103,Distribution,41.1108,Neutral,1 - Basing,mid,20.0,13.0,2 - Advancing,123.0,,,,,,1 - Basing but stage confidence only 20 - regime not established,1 - Basing but stage confidence only 20 - regime not established
2026-04-06,20990.849609375,21217.94921875,20789.44921875,21194.05078125,32241800,22296.5129,22852.993,Yes,11.19,Strong Bear,Downtrend,Hold,Range,Bearish,18.04,Strong Bear,Bearish confirmed,"Strong Bear - all 4 components agree, trending ADX",42.6001,Neutral,-516.9652,-527.2319,Bullish crossover,Neutral,-3.3003,-1.2373,full,28.99,Negative fading,41.43,Bearish,Bearish majority,Bullish divergence,Bearish - bullish divergence vs price over 21 bars,Lower Half,Trending,Bearish,Yes,Yes,Inside,95.36,Very High,Stable,-0.95,No,"Very High volatility, stable",Extreme vol - reduce size,Normal,Rising,Confirmed Up,-0.0596,Distribution,48.2167,Neutral,1 - Basing,mid,20.0,14.0,2 - Advancing,123.0,,,,,,1 - Basing but stage confidence only 20 - regime not established,1 - Basing but stage confidence only 20 - regime not established
2026-04-07,21085.30078125,21313.099609375,20959.349609375,21296.44921875,25888100,22257.2947,22837.505,Yes,12.28,Strong Bear,Downtrend,Hold,Range,Bearish,19.38,Strong Bear,Bearish confirmed,"Strong Bear - all 4 components agree, trending ADX",44.0702,Neutral,-472.7515,-516.3358,bearish accelerating,Neutral,0.3328,0.09,full,29.95,Negative fading,46.89,Neutral,Bearish majority,Bullish divergence,Neutral - bullish divergence vs price over 21 bars,Lower Half,Trending,Bearish,Yes,Yes,Inside,93.61,Very High,Stable,-4.96,No,"Very High volatility, stable",Extreme vol - reduce size,Normal,Rising,Weak Up,-0.0463,Neutral,54.7153,Neutral,1 - Basing,mid,20.0,15.0,2 - Advancing,123.0,,,,,,1 - Basing but stage confidence only 20 - regime not established,1 - Basing but stage confidence only 20 - regime not established
2026-04-08,21998.599609375,22159.5,21952.400390625,22137.099609375,39922000,22252.5812,22830.5358,Yes,26.59,Bear,Uptrend,Buy,Range,Bearish,44.31,Neutral,Mixed,"Neutral - components mixed, low conviction",54.3961,Neutral,-365.6633,-486.2013,bearish accelerating,Neutral,3.7941,1.3616,full,35.47,Negative fading,59.21,Bullish,Bullish majority,Bullish divergence,Bullish - bullish divergence vs price over 21 bars,Upper Half,Trending,Bearish,No,Yes,Inside,93.77,Very High,Stable,-4.33,No,"Very High volatility, stable",Extreme vol - reduce size,Normal,Rising,Confirmed Up,0.0359,Neutral,62.8549,Neutral,1 - Basing,mid,20.0,16.0,2 - Advancing,123.0,,,,,,1 - Basing but stage confidence only 20 - regime not established,1 - Basing but stage confidence only 20 - regime not established
2026-04-09,22090.69921875,22189.5,21943.19921875,22037.5,37071300,22244.1466,22822.6449,Yes,26.63,Bear,Uptrend,Hold,Range,Bearish,44.32,Neutral,Mixed,"Neutral - components mixed, low conviction",53.1442,Neutral,-285.5404,-446.0691,bearish accelerating,Overbought,6.6455,2.3986,full,32.89,Negative accelerating,60.88,Bullish,Bullish majority,Bullish divergence,Bullish - bullish divergence vs price over 21 bars,Upper Half,Trending,Bearish,No,Yes,Inside,91.63,Very High,Stable,-7.02,No,"Very High volatility, stable",Extreme vol - reduce size,Normal,Rising,Confirmed Down,-0.0114,Neutral,55.5552,Neutral,1 - Basing,late,20.0,17.0,2 - Advancing,123.0,,,,,,1 - Basing but stage confidence only 20 - regime not established,1 - Basing but stage confidence only 20 - regime not established
2026-04-10,22151.05078125,22364.30078125,22133.150390625,22346.75,38754300,22248.1703,22817.9097,Yes,28.22,Bear,Uptrend,Hold,Downtrend (LH+LL),Bearish,35.82,Bear,Bearish majority,"Bear - majority agree, 1 dissenting, trending ADX",56.4923,Neutral,-194.8425,-395.8238,bearish accelerating,Overbought,6.0747,2.1873,full,35.77,Negative fading,65.05,Bullish,Bullish majority,None,"Bullish - majority agree, 1 dissenting",At Upper,Trending,Bearish,No,Yes,Near Upper,91.31,Very High,Stable,-8.45,No,"Very High volatility, stable",Extreme vol - reduce size,Normal,Rising,Confirmed Up,0.0159,Neutral,56.5741,Neutral,1 - Basing,late,20.0,18.0,2 - Advancing,123.0,,,,,,1 - Basing but stage confidence only 20 - regime not established,1 - Basing but stage confidence only 20 - regime not established
2026-04-13,21906.150390625,22244.900390625,21816.349609375,22179.05078125,33694300,22245.4597,22811.5529,Yes,34.34,Bear,Uptrend,Hold,Downtrend (LH+LL),Bearish,38.85,Bear,Bearish majority,"Bear - majority agree, 1 dissenting, trending ADX",54.2293,Neutral,-134.9402,-343.6471,bearish accelerating,Overbought,3.2631,1.1622,full,34.74,Negative accelerating,63.78,Bullish,Bullish majority,Bullish divergence,Bullish - bullish divergence vs price over 21 bars,Upper Half,Trending,Bearish,No,Yes,Inside,92.06,Very High,Stable,-6.75,No,"Very High volatility, stable",Extreme vol - reduce size,Normal,Rising,Confirmed Down,0.0821,Accumulation,56.3376,Neutral,4 - Declining,early,74.0,1.0,1 - Basing,18.0,,,,,,1 - Basing but stage confidence only 20 - regime not established,1 - Basing but stage confidence only 20 - regime not established
2026-04-15,22506.94921875,22621.900390625,22496.75,22595.55078125,37059700,22259.1888,22809.4036,Yes,39.67,Bear,Uptrend,Hold,Downtrend (LH+LL),Bearish,55.87,Neutral,Mixed,"Neutral - components mixed, low conviction",58.6587,Neutral,-53.2454,-285.5667,bearish accelerating,Overbought,7.4947,2.6703,full,38.17,Negative fading,66.58,Bullish,Bullish majority,None,"Bullish - majority agree, 1 dissenting",At Upper,Trending,Bullish,No,No,Breakout Up,92.06,Very High,Stable,-6.47,No,"Very High volatility, stable",Extreme vol - reduce size,Normal,Rising,Confirmed Up,0.1097,Accumulation,56.5308,Neutral,4 - Declining,early,74.0,2.0,1 - Basing,18.0,,,,,,1 - Basing but stage confidence only 20 - regime not established,1 - Basing but stage confidence only 20 - regime not established
2026-04-16,22757.05078125,22792.25,22529.650390625,22656.30078125,38280500,22274.7618,22807.8802,Yes,43.22,Neutral,Uptrend,Hold,Downtrend (LH+LL),Bearish,56.19,Neutral,Mixed,"Neutral - components mixed, low conviction",59.2777,Neutral,16.2135,-225.2107,bullish accelerating,Overbought,10.3675,3.6016,full,41.35,Negative fading,67.55,Bullish,Bullish majority,None,"Bullish - majority agree, 1 dissenting",Upper Half,Trending,Bullish,No,No,Breakout Up,92.14,Very High,Stable,-6.11,No,"Very High volatility, stable",Extreme vol - reduce size,Normal,Rising,Confirmed Up,0.1446,Accumulation,63.7422,Neutral,4 - Declining,early,74.0,3.0,1 - Basing,18.0,,,,,,1 - Basing but stage confidence only 20 - regime not established,1 - Basing but stage confidence only 20 - regime not established
2026-04-17,22660.55078125,22882.150390625,22605.150390625,22869.400390625,40384600,22298.081,22808.4923,No,46.12,Neutral,Uptrend,Hold,Downtrend (LH+LL),Bearish,56.44,Neutral,Mixed,"No clear trend - ADX emerging, price ranging",61.4578,Neutral,87.4475,-162.679,bullish accelerating,Overbought,9.2392,3.1282,full,44.9,Negative fading,69.62,Bullish,Bullish majority,None,"Bullish - majority agree, 1 dissenting",At Upper,Emerging,Bullish,No,No,Breakout Up,94.01,Very High,Stable,-4.21,No,"Very High volatility, stable",Extreme vol - reduce size,Normal,Rising,Confirmed Up,0.1681,Accumulation,64.851,Neutral,4 - Declining,early,74.0,4.0,1 - Basing,18.0,,,,,,1 - Basing but stage confidence only 20 - regime not established,1 - Basing but stage confidence only 20 - regime not established
2026-04-20,22906.650390625,22987.599609375,22717.55078125,22865.80078125,32840100,22320.3445,22809.0625,No,52.22,Neutral,Uptrend,Hold,Downtrend (LH+LL),Bearish,57.68,Neutral,Bullish majority,"No clear trend - ADX emerging, price ranging",61.398,Neutral,141.9739,-101.7485,bullish fading,Overbought,9.2054,3.0613,full,44.52,Negative accelerating,69.23,Bullish,Bullish majority,None,"Bullish - majority agree, 1 dissenting",Upper Half,Emerging,Bullish,No,No,Near Upper,94.44,Very High,Stable,-1.55,No,"Very High volatility, stable",Extreme vol - reduce size,Normal,Rising,Weak Down,0.1498,Accumulation,65.2531,Neutral,4 - Declining,early,64.0,5.0,1 - Basing,18.0,,,,,,1 - Basing but stage confidence only 20 - regime not established,1 - Basing but stage confidence only 20 - regime not established
2026-04-21,22898.94921875,23064.349609375,22893.599609375,23042.349609375,31497000,22348.6584,22811.3838,No,52.87,Neutral,Uptrend,Hold,Downtrend (LH+LL),Bearish,57.19,Neutral,Bullish majority,"No clear trend - ADX emerging, price ranging",63.2848,Neutral,197.1597,-41.9668,bullish fading,Overbought,8.7208,2.848,full,46.27,Negative fading,70.4,Strong Bullish,Bullish majority,None,"Strong Bullish - majority agree, 1 dissenting",Upper Half,Emerging,Bullish,No,No,Breakout Up,93.85,Very High,Stable,-1.51,No,"Very High volatility, stable",Extreme vol - reduce size,Normal,Rising,Weak Up,0.1634,Accumulation,72.1747,Neutral,4 - Declining,early,64.0,6.0,1 - Basing,18.0,,,,,,"4 - Declining, trend 39 short but momentum diverging - trend tiring, tighten stop",1 - Basing but stage confidence only 20 - regime not established
2026-04-22,22975.849609375,23054.5,22923.55078125,22991.5,32724400,22373.8679,22813.176,No,52.3,Neutral,Uptrend,Hold,Downtrend (LH+LL),Bearish,55.16,Neutral,Bullish majority,"No clear trend - ADX emerging, price ranging",62.3397,Neutral,234.0933,13.2452,bullish fading,Overbought,7.9593,2.5561,full,45.87,Negative accelerating,69.63,Bullish,Bullish majority,None,"Bullish - majority agree, 1 dissenting",Upper Half,Emerging,Bullish,No,No,Near Upper,92.74,Very High,Stable,-0.87,No,"Very High volatility, stable",Vol contracting,Normal,Rising,Weak Down,0.1969,Accumulation,71.9518,Neutral,4 - Declining,early,64.0,7.0,1 - Basing,18.0,,,,,,"4 - Declining, but trend score 56 does not confirm short - no directional edge",1 - Basing but stage confidence only 20 - regime not established
2026-04-23,22873.150390625,22957.599609375,22788.599609375,22810.849609375,29661600,22391.0044,22813.1529,Yes,51.38,Neutral,Uptrend,Hold,Downtrend (LH+LL),Bearish,52.51,Neutral,Bullish majority,"No clear trend - ADX emerging, price ranging",58.9703,Neutral,245.9513,59.7864,bullish fading,Overbought,3.0435,0.899,full,44.26,Negative accelerating,67.27,Bullish,Bullish majority,None,"Bullish - majority agree, 1 dissenting",Upper Half,Emerging,Bullish,No,No,Inside,91.79,Very High,Stable,-1.98,No,"Very High volatility, stable",Vol contracting,Normal,Rising,Weak Down,0.2077,Accumulation,65.6231,Neutral,4 - Declining,early,64.0,8.0,1 - Basing,18.0,,,,,,"4 - Declining, but trend score 56 does not confirm short - no directional edge",1 - Basing but stage confidence only 20 - regime not established
2026-04-24,22788.80078125,22872.05078125,22472.5,22570.05078125,27321800,22398.0259,22810.7339,Yes,50.14,Neutral,Uptrend,Hold,Downtrend (LH+LL),Bearish,44.13,Neutral,Mixed,"No clear trend - ADX no trend, price ranging",54.7244,Neutral,233.2298,94.4751,bullish fading,Overbought,2.4166,0.6841,full,43.12,Negative accelerating,63.34,Bullish,Bullish majority,None,"Bullish - majority agree, 1 dissenting",Upper Half,No Trend,Bearish,No,No,Inside,92.1,Very High,Stable,0.48,No,"Very High volatility, stable",Vol contracting,Normal,Rising,Weak Down,0.2245,Accumulation,66.2029,Neutral,4 - Declining,early,64.0,9.0,1 - Basing,18.0,,,,,,"4 - Declining, but trend score 56 does not confirm short - no directional edge",1 - Basing but stage confidence only 20 - regime not established
2026-04-27,22645.849609375,22853.849609375,22640.849609375,22821.400390625,28500400,22414.6288,22810.8401,No,52.38,Neutral,Uptrend,Hold,Downtrend (LH+LL),Bearish,47.97,Neutral,Mixed,"No clear trend - ADX no trend, price ranging",58.1145,Neutral,240.6556,123.7112,bullish fading,Overbought,2.124,0.5831,full,48.91,Negative fading,64.75,Bullish,Bullish majority,None,"Bullish - majority agree, 1 dissenting",Upper Half,No Trend,Bearish,No,No,Inside,90.91,Very High,Stable,-0.4,No,"Very High volatility, stable",Vol contracting,Normal,Rising,Weak Up,0.2341,Accumulation,66.107,Neutral,4 - Declining,early,64.0,10.0,1 - Basing,18.0,,,,,,"4 - Declining, but trend score 58 does not confirm short - no directional edge",1 - Basing but stage confidence only 20 - regime not established
2026-04-28,22808.150390625,22904.0,22733.900390625,22765.599609375,32052600,22428.3923,22810.3899,Yes,51.54,Neutral,Uptrend,Hold,Downtrend (LH+LL),Bearish,47.83,Neutral,Mixed,"No clear trend - ADX no trend, price ranging",57.0924,Neutral,239.2797,146.8249,bullish fading,Overbought,2.6446,0.7582,full,49.39,Negative fading,62.66,Bullish,Bullish majority,None,"Bullish - majority agree, 1 dissenting",Upper Half,No Trend,Bearish,No,No,Inside,89.33,Very High,Stable,-2.74,No,"Very High volatility, stable",Vol contracting,Normal,Rising,Weak Down,0.191,Accumulation,66.6772,Neutral,4 - Declining,early,64.0,11.0,1 - Basing,18.0,,,,,,"4 - Declining, but trend score 57 does not confirm short - no directional edge","4 - Declining, trend 39 short but momentum diverging - trend tiring, tighten stop"
2026-04-29,22875.30078125,23026.94921875,22825.150390625,22871.0,33747800,22445.7495,22810.993,No,51.07,Neutral,Uptrend,Hold,Downtrend (LH+LL),Bearish,49.64,Neutral,Bullish majority,"No clear trend - ADX no trend, price ranging",58.5744,Neutral,243.8829,166.2365,bullish fading,Overbought,1.219,0.2838,full,48.8,Negative accelerating,62.26,Bullish,Bullish majority,None,"Bullish - majority agree, 1 dissenting",Upper Half,No Trend,Bullish,No,No,Near Upper,88.13,Very High,Stable,-3.93,No,"Very High volatility, stable",Vol contracting,Normal,Rising,Confirmed Up,0.2134,Accumulation,66.3401,Neutral,4 - Declining,early,64.0,12.0,1 - Basing,18.0,,,,,,"4 - Declining, but trend score 55 does not confirm short - no directional edge","4 - Declining, but trend score 56 does not confirm short - no directional edge"
2026-04-30,22736.80078125,22759.0,22498.0,22683.55078125,31107300,22455.075,22809.7249,Yes,55.73,Neutral,Uptrend,Hold,Downtrend (LH+LL),Bearish,48.71,Neutral,Mixed,"No clear trend - ADX no trend, price ranging",54.9401,Neutral,229.7569,178.9406,bullish fading,Neutral,0.1203,-0.0805,full,49.8,Negative fading,58.81,Bullish,Bullish majority,None,"Bullish - majority agree, 1 dissenting",Upper Half,No Trend,Bearish,No,No,Inside,86.86,Very High,Stable,-5.28,No,"Very High volatility, stable",Vol contracting,Normal,Rising,Weak Down,0.2764,Accumulation,67.0477,Neutral,4 - Declining,early,50.0,13.0,1 - Basing,18.0,,,,,,"4 - Declining, but trend score 53 does not confirm short - no directional edge","4 - Declining, but trend score 56 does not confirm short - no directional edge"
2026-05-04,22783.80078125,22954.30078125,22709.75,22830.75,38703400,22469.8074,22809.9341,No,58.14,Neutral,Uptrend,Hold,Range,Bearish,61.19,Bull,Mixed,"Range with bullish lean - ADX no trend, direction not confirmed",57.1866,Neutral,227.8136,188.7152,bullish fading,Neutral,-0.169,-0.1702,full,50.1,Positive accelerating,58.9,Bullish,Bullish confirmed,None,Bullish - all 4 components agree incl. MACD acceleration,Upper Half,No Trend,Bearish,No,No,Inside,84.76,Very High,Stable,-9.25,No,"Very High volatility, stable",Vol contracting,Normal,Rising,Confirmed Up,0.2991,Accumulation,67.1101,Neutral,4 - Declining,early,50.0,14.0,1 - Basing,18.0,,,,,,"4 - Declining, but trend score 44 does not confirm short - no directional edge","4 - Declining, but trend score 56 does not confirm short - no directional edge"
2026-05-05,22796.650390625,22842.25,22672.80078125,22808.25,33371800,22483.0797,22809.9174,Yes,57.82,Neutral,Uptrend,Hold,Range,Bearish,60.87,Bull,Mixed,"Range with bullish lean - ADX no trend, direction not confirmed",56.7211,Neutral,221.9,195.3522,bullish fading,Neutral,-0.2517,-0.1884,full,47.63,Negative accelerating,55.92,Neutral,Bullish majority,None,"Neutral - majority agree, 1 dissenting",Upper Half,No Trend,Bearish,No,No,Inside,81.95,Very High,Stable,-12.5,No,"Very High volatility, stable",Vol contracting,Normal,Rising,Weak Down,0.287,Accumulation,67.009,Neutral,4 - Declining,early,50.0,15.0,1 - Basing,18.0,,,,,,"4 - Declining, but trend score 48 does not confirm short - no directional edge","4 - Declining, but trend score 58 does not confirm short - no directional edge"
2026-05-06,22978.94921875,23150.900390625,22849.94921875,23133.400390625,38546000,22508.5824,22813.1361,No,68.31,Bull,Uptrend,Hold,Range,Bearish,66.5,Bull,Mixed,"Range with bullish lean - ADX no trend, direction not confirmed",61.5872,Neutral,240.676,204.4169,bullish accelerating,Neutral,0.3951,0.046,full,49.99,Negative fading,60.07,Bullish,Bullish majority,None,"Bullish - majority agree, 1 dissenting",Upper Half,No Trend,Bullish,No,No,Breakout Up,80.04,Very High,Stable,-13.81,No,"Very High volatility, stable",Vol contracting,Normal,Rising,Confirmed Up,0.2923,Accumulation,67.1687,Neutral,4 - Declining,early,40.0,16.0,1 - Basing,18.0,,,,,,"4 - Declining, but trend score 48 does not confirm short - no directional edge","4 - Declining, but trend score 57 does not confirm short - no directional edge"
2026-05-07,23219.349609375,23304.5,23142.44921875,23214.0,32662600,22536.2459,22817.1248,No,69.99,Bull,Uptrend,Hold,Range,Bearish,65.24,Bull,Mixed,"Range with bullish lean - ADX no trend, direction not confirmed",62.7066,Neutral,259.0734,215.3482,bullish accelerating,Overbought,0.9677,0.2626,full,51.17,Positive accelerating,61.72,Bullish,Bullish confirmed,None,Bullish - all 4 components agree incl. MACD acceleration,Upper Half,No Trend,Bullish,No,No,Breakout Up,74.25,High,Stable,-18.49,No,"High volatility, stable",Vol contracting,Normal,Rising,Weak Up,0.2498,Accumulation,66.8309,Neutral,4 - Declining,early,40.0,17.0,1 - Basing,18.0,,,,,,"4 - Declining, but trend score 50 does not confirm short - no directional edge","4 - Declining, but trend score 55 does not confirm short - no directional edge"
2026-05-08,23166.05078125,23185.650390625,23080.30078125,23115.650390625,29600300,22558.9676,22820.0952,No,70.59,Bull,Uptrend,Hold,Range,Bearish,64.53,Bull,Mixed,"Range with bullish lean - ADX no trend, direction not confirmed",60.3939,Neutral,262.6894,224.8164,bullish fading,Overbought,1.3362,0.406,full,52.44,Positive accelerating,61.78,Bullish,Bullish confirmed,None,Bullish - all 4 components agree incl. MACD acceleration,Upper Half,No Trend,Bullish,No,No,Near Upper,68.41,High,Contracting,-23.38,No,"High volatility, contracting - move losing energy",Vol contracting,Normal,Rising,Weak Down,0.193,Accumulation,59.4659,Neutral,4 - Declining,early,40.0,18.0,1 - Basing,18.0,,,,,,"4 - Declining, but trend score 49 does not confirm short - no directional edge","4 - Declining, but trend score 53 does not confirm short - no directional edge"
2026-05-11,22957.400390625,22962.150390625,22777.44921875,22795.75,43426100,22568.2532,22819.853,Yes,67.44,Bull,Uptrend,Hold,Range,Bearish,60.45,Bull,Mixed,"Range with bullish lean - ADX no trend, direction not confirmed",53.4843,Neutral,237.0096,227.2551,bullish fading,Neutral,1.0,0.2888,full,44.45,Negative accelerating,52.53,Neutral,Bullish majority,Bearish divergence,Neutral - bearish divergence vs price over 21 bars,Lower Half,No Trend,Bearish,No,No,Inside,64.25,High,Contracting,-27.86,Partial,"High volatility, contracting - move losing energy",Vol contracting,Normal,Rising,Confirmed Down,0.153,Accumulation,51.0281,Neutral,4 - Declining,mid,40.0,19.0,1 - Basing,18.0,,,,,,"4 - Declining, but trend score 61 does not confirm short - no directional edge","4 - Declining, but trend score 44 does not confirm short - no directional edge"
2026-05-12,22728.69921875,22768.099609375,22270.94921875,22299.900390625,37543300,22557.7296,22814.6793,Yes,54.56,Neutral,Downtrend,Sell,Range,Bearish,41.36,Neutral,Mixed,"No clear trend - ADX no trend, price ranging",44.9079,Neutral,174.6343,216.7309,Bearish crossover,Neutral,-2.2851,-0.8951,full,39.5,Negative accelerating,40.46,Bearish,Bearish confirmed,Bearish divergence,Bearish - bearish divergence vs price over 21 bars,At Lower,No Trend,Bearish,No,No,Inside,67.98,High,Contracting,-22.94,Partial,"High volatility, contracting - move losing energy",Vol contracting,Normal,Rising,Confirmed Down,0.0566,Accumulation,43.7045,Neutral,4 - Declining,mid,50.0,20.0,1 - Basing,18.0,,,,,,"4 - Declining, but trend score 61 does not confirm short - no directional edge","4 - Declining, but trend score 48 does not confirm short - no directional edge"
2026-05-13,22292.150390625,22532.0,22208.5,22377.349609375,40634400,22550.6558,22810.3278,Yes,51.0,Neutral,Downtrend,Hold,Range,Bearish,42.05,Neutral,Mixed,"No clear trend - ADX no trend, price ranging",46.3549,Neutral,129.9529,199.3753,bullish accelerating,Oversold,-1.7054,-0.6792,full,41.16,Negative fading,36.83,Bearish,Bearish confirmed,Bearish divergence,Bearish - bearish divergence vs price over 21 bars,At Lower,No Trend,Bearish,No,No,Inside,65.0,High,Contracting,-24.32,Partial,"High volatility, contracting - move losing energy",Vol contracting,Normal,Rising,Confirmed Up,0.0247,Neutral,43.0743,Neutral,4 - Declining,mid,50.0,21.0,1 - Basing,18.0,,,,,,4 - Declining but stage confidence only 40 - regime not established,"4 - Declining, but trend score 48 does not confirm short - no directional edge"
2026-05-14,22505.0,22675.80078125,22338.650390625,22613.099609375,34058900,22553.1046,22808.3653,Yes,49.7,Neutral,Downtrend,Hold,Uptrend (HH+HL),Bullish,53.7,Neutral,Mixed,"No clear trend - ADX no trend, price ranging",50.6074,Neutral,112.2714,181.9545,bullish accelerating,Oversold,-1.1276,-0.4681,full,42.99,Negative fading,38.59,Bearish,Bearish majority,Bearish divergence,Bearish - bearish divergence vs price over 21 bars,Lower Half,No Trend,Bearish,No,No,Inside,62.98,High,Contracting,-25.16,Partial,"High volatility, contracting - move losing energy",Vol contracting,Normal,Rising,Weak Up,0.0248,Neutral,49.7246,Neutral,4 - Declining,mid,50.0,22.0,1 - Basing,18.0,,,,,,4 - Declining but stage confidence only 40 - regime not established,"4 - Declining, but trend score 50 does not confirm short - no directional edge"
2026-05-15,22664.400390625,22710.849609375,22502.599609375,22531.150390625,40428700,22552.2437,22805.6069,Yes,48.24,Neutral,Downtrend,Hold,Uptrend (HH+HL),Bullish,52.45,Neutral,Mixed,"No clear trend - ADX no trend, price ranging",49.1489,Neutral,90.6016,163.6839,bullish accelerating,Neutral,-0.6719,-0.3019,full,40.27,Negative accelerating,38.2,Bearish,Bearish confirmed,None,Bearish - all 4 components agree incl. MACD acceleration,Lower Half,No Trend,Bearish,No,No,Inside,62.9,High,Contracting,-23.97,Partial,"High volatility, contracting - move losing energy",Vol contracting,Normal,Rising,Confirmed Down,-0.0159,Neutral,56.534,Neutral,4 - Declining,mid,50.0,23.0,1 - Basing,18.0,,,,,,4 - Declining but stage confidence only 40 - regime not established,"4 - Declining, but trend score 49 does not confirm short - no directional edge"
2026-05-18,22382.0,22494.099609375,22150.5,22461.05078125,34307100,22548.6675,22802.1785,Yes,46.89,Neutral,Downtrend,Hold,Uptrend (HH+HL),Bullish,51.78,Neutral,Mixed,"No clear trend - ADX no trend, price ranging",47.8778,Neutral,66.9994,144.347,bullish accelerating,Neutral,-1.6193,-0.6457,full,39.12,Negative accelerating,37.66,Bearish,Bearish confirmed,None,Bearish - all 4 components agree incl. MACD acceleration,Lower Half,No Trend,Bearish,Yes,No,Inside,64.92,High,Stable,-19.84,Partial,"High volatility, stable",Vol contracting,Normal,Rising,Confirmed Down,-0.0292,Neutral,50.2402,Neutral,4 - Declining,mid,50.0,24.0,1 - Basing,18.0,,,,,,4 - Declining but stage confidence only 40 - regime not established,"4 - Declining, but trend score 61 does not confirm short - no directional edge"
2026-05-19,22501.150390625,22646.650390625,22485.44921875,22521.75,36129400,22547.6119,22799.3882,Yes,47.36,Neutral,Downtrend,Hold,Uptrend (HH+HL),Bullish,52.49,Neutral,Mixed,"No clear trend - ADX no trend, price ranging",49.1052,Neutral,52.5863,125.9949,bullish fading,Neutral,-1.2561,-0.5161,full,39.39,Negative fading,38.21,Bearish,Bearish confirmed,None,Bearish - all 4 components agree incl. MACD acceleration,Lower Half,No Trend,Bearish,Yes,No,Inside,65.04,High,Stable,-16.91,Partial,"High volatility, stable",Vol contracting,Normal,Rising,Confirmed Up,-0.0627,Distribution,50.6047,Neutral,4 - Declining,mid,50.0,25.0,1 - Basing,18.0,,,,,,"4 - Declining, but trend score 41 does not confirm short - no directional edge","4 - Declining, but trend score 61 does not confirm short - no directional edge"
2026-05-20,22379.849609375,22597.650390625,22316.44921875,22578.150390625,28717500,22548.8095,22797.1868,Yes,48.41,Neutral,Downtrend,Hold,Uptrend (HH+HL),Bullish,53.36,Neutral,Mixed,"No clear trend - ADX no trend, price ranging",50.2769,Neutral,45.1938,109.8347,bullish fading,Neutral,-2.4002,-0.9239,full,40.92,Negative fading,39.98,Bearish,Bearish majority,None,"Bearish - majority agree, 1 dissenting",Lower Half,No Trend,Bearish,Yes,No,Inside,63.89,High,Stable,-16.15,Partial,"High volatility, stable",Vol contracting,Normal,Rising,Weak Up,-0.061,Distribution,44.3499,Neutral,4 - Declining,mid,50.0,26.0,1 - Basing,18.0,,,,,,"4 - Declining, but trend score 42 does not confirm short - no directional edge",4 - Declining but stage confidence only 40 - regime not established
2026-05-21,22745.900390625,22781.0,22557.0,22602.849609375,33852100,22550.9287,22795.2531,Yes,47.85,Neutral,Downtrend,Hold,Uptrend (HH+HL),Bullish,53.39,Neutral,Mixed,"No clear trend - ADX no trend, price ranging",50.811,Neutral,40.8573,96.0392,bullish fading,Neutral,-2.6327,-1.0012,full,43.91,Negative fading,42.27,Neutral,Bearish majority,None,"Neutral - majority agree, 1 dissenting",Lower Half,No Trend,Bearish,Yes,No,Inside,62.74,High,Stable,-11.51,Partial,"High volatility, stable",Vol contracting,Normal,Rising,Weak Up,-0.0919,Distribution,50.8362,Neutral,4 - Declining,mid,50.0,27.0,1 - Basing,18.0,,,,,,"4 - Declining, but trend score 54 does not confirm short - no directional edge",4 - Declining but stage confidence only 40 - regime not established
2026-05-22,22639.69921875,22727.900390625,22604.80078125,22651.30078125,28726600,22554.8648,22793.8207,Yes,48.31,Neutral,Downtrend,Hold,Uptrend (HH+HL),Bullish,53.98,Neutral,Mixed,"No clear trend - ADX no trend, price ranging",51.9024,Neutral,40.8591,85.0032,bullish fading,Neutral,-2.0088,-0.7692,full,43.0,Negative accelerating,43.68,Neutral,Bearish majority,None,"Neutral - majority agree, 1 dissenting",Lower Half,No Trend,Bearish,Yes,No,Inside,61.75,High,Stable,-6.67,No,"High volatility, stable",Vol contracting,Normal,Rising,Weak Up,-0.0703,Distribution,49.8113,Neutral,4 - Declining,mid,50.0,28.0,1 - Basing,18.0,,,,,,"4 - Declining, but trend score 52 does not confirm short - no directional edge",4 - Declining but stage confidence only 40 - regime not established
2026-05-25,22859.5,22949.94921875,22849.099609375,22929.44921875,30168200,22569.5544,22795.1703,No,52.78,Neutral,Downtrend,Hold,Range,Bearish,48.04,Neutral,Mixed,"No clear trend - ADX no trend, price ranging",57.7041,Neutral,62.5834,80.5192,bullish fading,Neutral,0.5865,0.1757,full,44.81,Negative fading,49.45,Neutral,Mixed,Bearish divergence,Neutral - bearish divergence vs price over 21 bars,Upper Half,No Trend,Bearish,No,No,Inside,62.1,High,Stable,-2.14,No,"High volatility, stable",Vol contracting,Normal,Rising,Weak Up,-0.0236,Neutral,56.3511,Neutral,4 - Declining,mid,50.0,29.0,1 - Basing,18.0,,,,,,"4 - Declining, but trend score 52 does not confirm short - no directional edge",4 - Declining but stage confidence only 40 - regime not established
2026-05-26,22925.650390625,23015.0,22858.19921875,22897.19921875,31807400,22582.4032,22796.1855,No,55.04,Neutral,Downtrend,Hold,Range,Bearish,48.54,Neutral,Mixed,"No clear trend - ADX no trend, price ranging",56.8479,Neutral,76.3181,79.679,bullish fading,Neutral,2.6785,0.9396,full,43.67,Negative accelerating,51.2,Neutral,Bullish majority,Bearish divergence,Neutral - bearish divergence vs price over 21 bars,Upper Half,No Trend,Bearish,No,No,Inside,61.55,High,Stable,-6.43,No,"High volatility, stable",Vol contracting,Normal,Rising,Weak Down,-0.0754,Distribution,55.7158,Neutral,4 - Declining,mid,50.0,30.0,1 - Basing,18.0,,,,,,"4 - Declining, but trend score 52 does not confirm short - no directional edge","4 - Declining, but trend score 41 does not confirm short - no directional edge"
2026-05-27,22895.75,22999.44921875,22886.44921875,22967.400390625,45794100,22597.5012,22797.8891,No,57.6,Neutral,Downtrend,Hold,Range,Bearish,50.06,Neutral,Mixed,"No clear trend - ADX no trend, price ranging",58.2984,Neutral,91.8092,82.105,Bullish crossover,Neutral,2.6368,0.9255,full,47.17,Negative fading,55.29,Neutral,Bullish majority,Bearish divergence,Neutral - bearish divergence vs price over 21 bars,Upper Half,No Trend,Bearish,No,No,Inside,60.36,High,Stable,-4.64,No,"High volatility, stable",Vol contracting,Normal,Rising,Confirmed Up,-0.0172,Neutral,56.8699,Neutral,4 - Declining,mid,50.0,31.0,1 - Basing,18.0,,,,,,"4 - Declining, but trend score 53 does not confirm short - no directional edge","4 - Declining, but trend score 42 does not confirm short - no directional edge"
2026-05-29,23012.80078125,23075.25,22598.44921875,22657.0,67184500,22599.8345,22796.4872,Yes,54.92,Neutral,Downtrend,Hold,Range,Bearish,46.35,Neutral,Mixed,"No clear trend - ADX no trend, price ranging",50.2545,Neutral,78.1385,81.3117,Bearish crossover,Neutral,0.1941,0.0395,full,43.69,Negative accelerating,50.18,Neutral,Bullish majority,None,"Neutral - majority agree, 1 dissenting",Lower Half,No Trend,Bearish,No,No,Inside,63.33,High,Stable,0.36,No,"High volatility, stable",Vol contracting,Normal,Rising,Confirmed Down,-0.0602,Distribution,52.886,Neutral,1 - Basing,early,80.0,1.0,4 - Declining,31.0,,,,,,"4 - Declining, but trend score 53 does not confirm short - no directional edge","4 - Declining, but trend score 54 does not confirm short - no directional edge"
2026-06-01,22760.80078125,22810.19921875,22414.80078125,22437.94921875,37130800,22593.486,22792.9197,Yes,51.55,Neutral,Downtrend,Hold,Range,Bearish,43.2,Neutral,Mixed,"No clear trend - ADX no trend, price ranging",45.4849,Neutral,49.0633,74.8621,bullish accelerating,Neutral,-0.4137,-0.1778,full,41.08,Negative accelerating,44.62,Neutral,Bearish majority,None,"Neutral - majority agree, 1 dissenting",Lower Half,No Trend,Bearish,No,No,Inside,65.95,High,Stable,3.05,No,"High volatility, stable",Vol contracting,Normal,Rising,Weak Down,-0.1215,Distribution,53.5722,Neutral,1 - Basing,early,80.0,2.0,4 - Declining,31.0,,,,,,"4 - Declining, but trend score 54 does not confirm short - no directional edge","4 - Declining, but trend score 52 does not confirm short - no directional edge"
2026-06-02,22302.05078125,22563.25,22253.0,22521.099609375,36094400,22590.6473,22790.215,Yes,49.97,Neutral,Downtrend,Hold,Range,Bearish,43.4,Neutral,Mixed,"No clear trend - ADX no trend, price ranging",47.521,Neutral,32.3576,66.3612,bullish accelerating,Neutral,0.2673,0.0762,full,43.28,Negative fading,43.64,Neutral,Bearish confirmed,None,Neutral - all 4 components agree incl. MACD acceleration,Lower Half,No Trend,Bearish,No,No,Inside,66.75,High,Stable,1.82,No,"High volatility, stable",Vol contracting,Normal,Rising,Weak Up,-0.0859,Distribution,53.7188,Neutral,1 - Basing,early,80.0,3.0,4 - Declining,31.0,,,,,,"4 - Declining, but trend score 48 does not confirm short - no directional edge","4 - Declining, but trend score 52 does not confirm short - no directional edge"
2026-06-03,22488.150390625,22505.0,22202.599609375,22451.849609375,41039400,22585.2043,22786.8482,Yes,40.73,Neutral,Downtrend,Hold,Range,Bearish,39.83,Bear,Mixed,"Range with bearish lean - ADX no trend, direction not confirmed",45.9807,Neutral,13.376,55.7641,bullish accelerating,Neutral,-0.3104,-0.1288,full,41.86,Negative accelerating,41.17,Bearish,Bearish confirmed,None,Bearish - all 4 components agree incl. MACD acceleration,Lower Half,No Trend,Bearish,Yes,No,Inside,68.37,High,Stable,3.33,No,"High volatility, stable",Vol contracting,Normal,Rising,Confirmed Down,-0.0761,Distribution,53.6754,Neutral,1 - Basing,early,60.0,4.0,4 - Declining,31.0,,,,,,"4 - Declining, but trend score 49 does not confirm short - no directional edge","4 - Declining, but trend score 52 does not confirm short - no directional edge"
2026-06-04,22362.400390625,22559.849609375,22328.349609375,22497.69921875,36481000,22581.7727,22783.9711,Yes,39.2,Bear,Downtrend,Hold,Range,Bearish,39.71,Bear,Mixed,"Range with bearish lean - ADX no trend, direction not confirmed",47.2009,Neutral,2.0095,45.0132,bullish accelerating,Neutral,-0.3563,-0.1428,full,41.89,Negative fading,41.77,Bearish,Bearish confirmed,None,Bearish - all 4 components agree incl. MACD acceleration,Lower Half,No Trend,Bearish,Yes,No,Inside,64.72,High,Stable,0.83,No,"High volatility, stable",Vol contracting,Normal,Rising,Weak Up,-0.0993,Distribution,53.8757,Neutral,1 - Basing,early,60.0,5.0,4 - Declining,31.0,,,,,,"4 - Declining, but trend score 50 does not confirm short - no directional edge","4 - Declining, but trend score 53 does not confirm short - no directional edge"
2026-06-05,22569.44921875,22614.650390625,22379.05078125,22465.349609375,34527400,22577.2071,22780.8007,Yes,31.9,Bear,Downtrend,Hold,Downtrend (LH+LL),Bearish,26.78,Bear,Bearish confirmed,"Range with bearish lean - ADX no trend, direction not confirmed",46.4045,Neutral,-9.4993,34.1107,bearish accelerating,Neutral,-0.6083,-0.2323,full,43.94,Negative fading,41.87,Bearish,Bearish confirmed,None,Bearish - all 4 components agree incl. MACD acceleration,Lower Half,No Trend,Bearish,Yes,No,Inside,60.2,High,Stable,-2.54,Partial,"High volatility, stable",Vol contracting,Normal,Rising,Weak Down,-0.1063,Distribution,53.3424,Neutral,1 - Basing,mid,40.0,6.0,4 - Declining,31.0,,,,,,1 - Basing - no new positions in a basing/topping stage,"4 - Declining, but trend score 53 does not confirm short - no directional edge"
2026-06-08,22191.55078125,22357.69921875,22119.30078125,22173.69921875,28846200,22561.3833,22774.7599,Yes,28.7,Bear,Downtrend,Hold,Downtrend (LH+LL),Bearish,23.55,Strong Bear,Bearish confirmed,"Range with bearish lean - ADX no trend, direction not confirmed",39.8722,Neutral,-41.6735,18.9539,bearish accelerating,Neutral,-2.1085,-0.7821,full,44.2,Negative fading,37.57,Bearish,Bearish confirmed,None,Bearish - all 4 components agree incl. MACD acceleration,At Lower,No Trend,Bearish,Yes,Yes,Near Lower,56.82,Normal,Stable,-4.92,Partial,"Normal volatility, stable",Vol expanding,Normal,Rising,Weak Down,-0.1144,Distribution,53.9201,Neutral,1 - Basing,mid,40.0,7.0,4 - Declining,31.0,,,,,,1 - Basing - no new positions in a basing/topping stage,"4 - Declining, but trend score 54 does not confirm short - no directional edge"
2026-06-09,22298.849609375,22390.5,22233.44921875,22370.150390625,36288100,22553.8839,22770.734,Yes,22.66,Bear,Downtrend,Hold,Downtrend (LH+LL),Bearish,22.74,Strong Bear,Bearish confirmed,"Range with bearish lean - ADX no trend, direction not confirmed",45.4432,Neutral,-50.735,5.0161,bearish fading,Neutral,-2.4392,-0.8989,full,49.65,Negative fading,40.82,Bearish,Bearish confirmed,None,Bearish - all 4 components agree incl. MACD acceleration,Lower Half,No Trend,Bearish,Yes,Yes,Inside,53.97,Normal,Stable,-8.14,Partial,"Normal volatility, stable",Normal vol,Normal,Rising,Weak Up,-0.0321,Neutral,53.9027,Neutral,1 - Basing,mid,20.0,8.0,4 - Declining,31.0,,,,,,1 - Basing - no new positions in a basing/topping stage,"4 - Declining, but trend score 48 does not confirm short - no directional edge"
2026-06-10,22377.0,22455.900390625,22200.349609375,22233.849609375,30804200,22541.3336,22765.3918,Yes,20.66,Bear,Downtrend,Hold,Downtrend (LH+LL),Bearish,20.55,Strong Bear,Bearish confirmed,"Range with bearish lean - ADX no trend, direction not confirmed",42.5009,Neutral,-68.1293,-9.613,bearish accelerating,Oversold,-2.8971,-1.0618,full,45.91,Negative accelerating,37.74,Bearish,Bearish confirmed,None,Bearish - all 4 components agree incl. MACD acceleration,Lower Half,No Trend,Bearish,Yes,Yes,Near Lower,54.44,Normal,Stable,-7.1,Partial,"Normal volatility, stable",Normal vol,Normal,Rising,Weak Down,-0.0181,Neutral,53.7152,Neutral,1 - Basing,mid,20.0,9.0,4 - Declining,31.0,,,,,,1 - Basing - no new positions in a basing/topping stage,"4 - Declining, but trend score 49 does not confirm short - no directional edge"
2026-06-11,22128.55078125,22258.900390625,22063.75,22114.44921875,31438200,22524.593,22758.9148,Yes,18.13,Strong Bear,Downtrend,Hold,Downtrend (LH+LL),Bearish,19.25,Strong Bear,Bearish confirmed,"Range with bearish lean - ADX no trend, direction not confirmed",40.0543,Neutral,-90.5057,-25.7915,bearish accelerating,Oversold,-3.7137,-1.3525,full,46.74,Negative fading,36.77,Bearish,Bearish confirmed,None,Bearish - all 4 components agree incl. MACD acceleration,At Lower,No Trend,Bearish,Yes,Yes,Breakout Down,56.43,Normal,Stable,-3.93,Partial,"Normal volatility, stable",Normal vol,Normal,Rising,Weak Down,-0.0417,Neutral,47.4588,Neutral,1 - Basing,mid,20.0,10.0,4 - Declining,31.0,,,,,,1 - Basing - no new positions in a basing/topping stage,"4 - Declining, but trend score 50 does not confirm short - no directional edge"
2026-06-12,22376.44921875,22618.69921875,22295.150390625,22599.80078125,35312200,22527.5423,22757.3316,Yes,23.23,Bear,Downtrend,Hold,Downtrend (LH+LL),Bearish,25.89,Bear,Bearish confirmed,"Range with bearish lean - ADX no trend, direction not confirmed",52.1199,Neutral,-68.2882,-34.2909,bearish fading,Neutral,-0.2525,-0.0807,full,54.93,Positive accelerating,46.4,Neutral,Mixed,None,"Neutral - components mixed, low conviction",Upper Half,No Trend,Bearish,Yes,Yes,Inside,59.8,Normal,Stable,-3.53,Partial,"Normal volatility, stable",Vol expanding,Normal,Rising,Weak Up,-0.0281,Neutral,48.099,Neutral,1 - Basing,mid,20.0,11.0,4 - Declining,31.0,,,,,,1 - Basing but stage confidence only 40 - regime not established,1 - Basing - no new positions in a basing/topping stage
2026-06-15,22955.80078125,23019.44921875,22859.650390625,22891.30078125,34302100,22541.8074,22758.6646,No,30.15,Bear,Downtrend,Hold,Downtrend (LH+LL),Bearish,33.48,Bear,Bearish majority,"Range with bearish lean - ADX no trend, direction not confirmed",57.6351,Neutral,-26.8495,-32.8026,Bullish crossover,Neutral,2.0205,0.7506,full,54.91,Positive fading,54.36,Neutral,Bullish majority,None,"Neutral - majority agree, 1 dissenting",Upper Half,No Trend,Bullish,Yes,Yes,Near Upper,62.82,High,Stable,-3.13,Partial,"High volatility, stable",Vol expanding,Normal,Rising,Weak Up,-0.0164,Neutral,48.5146,Neutral,1 - Basing,mid,20.0,12.0,4 - Declining,31.0,,,,,,1 - Basing but stage confidence only 40 - regime not established,1 - Basing - no new positions in a basing/topping stage
2026-06-16,22962.44921875,23009.400390625,22902.349609375,22997.25,32580100,22559.6679,22761.0386,No,54.52,Neutral,Uptrend,Buy,Downtrend (LH+LL),Bearish,50.9,Neutral,Bullish majority,"No clear trend - ADX no trend, price ranging",59.4628,Neutral,14.3745,-23.3672,bullish accelerating,Neutral,2.1142,0.7836,full,58.66,Positive accelerating,62.22,Bullish,Bullish confirmed,None,Bullish - all 4 components agree incl. MACD acceleration,Upper Half,No Trend,Bullish,No,No,Near Upper,63.18,High,Stable,-3.57,No,"High volatility, stable",Vol contracting,Normal,Rising,Weak Up,-0.0199,Neutral,48.5977,Neutral,1 - Basing,mid,80.0,13.0,4 - Declining,31.0,,,,,,1 - Basing but stage confidence only 20 - regime not established,1 - Basing - no new positions in a basing/topping stage
2026-06-17,23048.69921875,23120.900390625,22990.94921875,23109.69921875,39479300,22581.2377,22764.5078,No,58.32,Neutral,Uptrend,Hold,Downtrend (LH+LL),Bearish,51.78,Neutral,Bullish majority,"No clear trend - ADX no trend, price ranging",61.3678,Neutral,55.4789,-7.598,bullish accelerating,Overbought,2.93,1.0791,full,61.07,Positive accelerating,67.27,Bullish,Bullish confirmed,None,Bullish - all 4 components agree incl. MACD acceleration,Upper Half,No Trend,Bullish,No,No,Breakout Up,63.61,High,Stable,-4.76,No,"High volatility, stable",Vol contracting,Normal,Rising,Confirmed Up,0.0531,Accumulation,47.9857,Neutral,1 - Basing,mid,80.0,14.0,4 - Declining,31.0,,,,,,1 - Basing but stage confidence only 20 - regime not established,1 - Basing - no new positions in a basing/topping stage
2026-06-18,23129.900390625,23221.349609375,23090.349609375,23206.44921875,34469400,22605.7558,22768.9053,No,66.63,Bull,Uptrend,Hold,Downtrend (LH+LL),Bearish,54.32,Neutral,Bullish majority,"No clear trend - ADX no trend, price ranging",62.9798,Neutral,94.769,12.8754,bullish accelerating,Overbought,3.1503,1.1558,full,66.97,Positive accelerating,71.42,Strong Bullish,Bullish confirmed,None,Strong Bullish - all 4 components agree incl. MACD acceleration,At Upper,No Trend,Bullish,No,No,Breakout Up,65.44,High,Stable,0.72,No,"High volatility, stable",Vol contracting,Normal,Rising,Weak Up,0.0553,Accumulation,58.4045,Neutral,4 - Declining,early,40.0,1.0,1 - Basing,14.0,,,,,,1 - Basing but stage confidence only 20 - regime not established,1 - Basing - no new positions in a basing/topping stage
2026-06-19,23082.69921875,23174.650390625,23023.349609375,23144.19921875,36475300,22626.8712,22772.6395,No,67.09,Bull,Uptrend,Hold,Downtrend (LH+LL),Bearish,53.83,Neutral,Bullish majority,"No clear trend - ADX no trend, price ranging",61.2101,Neutral,119.506,34.2015,bullish accelerating,Overbought,3.0218,1.1066,full,65.31,Positive fading,70.6,Strong Bullish,Bullish confirmed,None,Strong Bullish - all 4 components agree incl. MACD acceleration,Upper Half,No Trend,Bullish,No,No,Near Upper,68.21,High,Stable,8.02,No,"High volatility, stable",Vol contracting,Normal,Rising,Confirmed Down,0.1124,Accumulation,58.3747,Neutral,4 - Declining,early,40.0,2.0,1 - Basing,14.0,,,,,,1 - Basing but stage confidence only 20 - regime not established,1 - Basing but stage confidence only 40 - regime not established
2026-06-22,23240.900390625,23289.75,23213.849609375,23261.849609375,26271000,22651.7724,22777.5073,No,69.34,Bull,Uptrend,Hold,Downtrend (LH+LL),Bearish,54.42,Neutral,Bullish majority,"No clear trend - ADX no trend, price ranging",63.3086,Overbought,146.9102,56.7433,bullish accelerating,Overbought,4.9074,1.7827,full,64.7,Positive fading,71.26,Strong Bullish,Bullish confirmed,None,Strong Bullish - all 4 components agree incl. MACD acceleration,Upper Half,No Trend,Bullish,No,No,Breakout Up,66.78,High,Stable,9.96,No,"High volatility, stable",Vol contracting,Normal,Rising,Weak Up,0.132,Accumulation,65.0823,Neutral,4 - Declining,early,40.0,3.0,1 - Basing,14.0,,,,,,1 - Basing but stage confidence only 20 - regime not established,1 - Basing but stage confidence only 40 - regime not established
2026-06-23,23260.0,23302.25,22976.94921875,23010.94921875,29724100,22665.8577,22779.8301,No,74.99,Bull,Uptrend,Hold,Downtrend (LH+LL),Bearish,53.65,Neutral,Bullish majority,"No clear trend - ADX no trend, price ranging",56.3121,Neutral,146.6917,74.733,bullish fading,Overbought,2.8645,1.0357,full,59.98,Positive fading,65.67,Bullish,Bullish confirmed,None,Bullish - all 4 components agree incl. MACD acceleration,Upper Half,No Trend,Bullish,No,No,Inside,69.13,High,Stable,15.16,No,"High volatility, stable",Vol contracting,Normal,Rising,Weak Down,0.0751,Accumulation,66.5067,Neutral,4 - Declining,early,30.0,4.0,1 - Basing,14.0,,,,,,1 - Basing - no new positions in a basing/topping stage,1 - Basing but stage confidence only 20 - regime not established
2026-06-24,22992.900390625,23183.599609375,22941.05078125,23126.30078125,28409100,22683.9143,22783.2776,No,76.17,Bull,Uptrend,Hold,Downtrend (LH+LL),Bearish,54.65,Neutral,Bullish majority,"No clear trend - ADX no trend, price ranging",58.5785,Neutral,154.0506,90.5965,bullish fading,Overbought,4.0139,1.4413,full,67.91,Positive accelerating,67.81,Bullish,Bullish confirmed,None,Bullish - all 4 components agree incl. MACD acceleration,Upper Half,No Trend,Bullish,No,No,Near Upper,68.81,High,Stable,14.36,No,"High volatility, stable",Vol contracting,Normal,Rising,Weak Up,0.1183,Accumulation,59.7042,Neutral,4 - Declining,early,30.0,5.0,1 - Basing,14.0,,,,,,1 - Basing - no new positions in a basing/topping stage,1 - Basing but stage confidence only 20 - regime not established
2026-06-25,23224.400390625,23289.94921875,23093.900390625,23113.69921875,27570900,22700.7686,22786.5653,No,75.68,Bull,Uptrend,Hold,Downtrend (LH+LL),Bearish,54.34,Neutral,Mixed,"No clear trend - ADX no trend, price ranging",58.2232,Neutral,157.0553,103.8882,bullish fading,Overbought,4.5185,1.6107,full,66.75,Positive fading,66.05,Bullish,Bullish confirmed,None,Bullish - all 4 components agree incl. MACD acceleration,Upper Half,No Trend,Bullish,No,No,Near Upper,67.46,High,Stable,11.03,No,"High volatility, stable",Vol contracting,Normal,Rising,Weak Down,0.062,Accumulation,59.1659,Neutral,4 - Declining,early,30.0,6.0,1 - Basing,14.0,,,,,,4 - Declining but stage confidence only 40 - regime not established,1 - Basing but stage confidence only 20 - regime not established
2026-06-29,23112.599609375,23148.75,22943.849609375,23000.0,42080500,22712.5032,22788.6891,No,73.18,Bull,Uptrend,Hold,Downtrend (LH+LL),Bearish,52.41,Neutral,Mixed,"No clear trend - ADX no trend, price ranging",54.9822,Neutral,148.5496,112.8205,bullish fading,Overbought,1.7708,0.6225,full,72.61,Positive accelerating,65.4,Bullish,Bullish confirmed,None,Bullish - all 4 components agree incl. MACD acceleration,Upper Half,No Trend,Bullish,No,No,Inside,67.02,High,Stable,7.22,No,"High volatility, stable",Vol contracting,Normal,Falling,Confirmed Down,0.1109,Accumulation,57.3399,Neutral,4 - Declining,early,30.0,7.0,1 - Basing,14.0,,,,,,4 - Declining but stage confidence only 40 - regime not established,1 - Basing but stage confidence only 20 - regime not established
2026-06-30,23074.150390625,23088.94921875,22932.05078125,22995.650390625,31935800,22723.607,22790.7484,No,71.3,Bull,Uptrend,Hold,Downtrend (LH+LL),Bearish,51.71,Neutral,Mixed,"No clear trend - ADX no trend, price ranging",54.8564,Neutral,139.8458,118.2256,bullish fading,Neutral,0.4558,0.1505,full,68.31,Positive fading,62.44,Bullish,Bullish confirmed,None,Bullish - all 4 components agree incl. MACD acceleration,Upper Half,No Trend,Bullish,No,No,Inside,66.55,High,Stable,3.73,No,"High volatility, stable",Vol contracting,Normal,Falling,Weak Down,0.1514,Accumulation,50.0775,Neutral,4 - Declining,early,30.0,8.0,1 - Basing,14.0,,,,,,4 - Declining but stage confidence only 40 - regime not established,1 - Basing but stage confidence only 20 - regime not established
2026-07-01,23038.650390625,23144.099609375,23032.94921875,23111.650390625,30769700,22738.8244,22793.9414,No,72.32,Bull,Uptrend,Hold,Range,Bullish,63.14,Bull,Mixed,"Range with bullish lean - ADX no trend, direction not confirmed",57.64,Neutral,140.6864,122.7177,bullish fading,Neutral,0.4975,0.1636,full,65.21,Positive fading,62.0,Bullish,Bullish confirmed,None,Bullish - all 4 components agree incl. MACD acceleration,Upper Half,No Trend,Bullish,No,No,Near Upper,66.19,High,Stable,3.01,No,"High volatility, stable",Vol contracting,Normal,Falling,Weak Up,0.1324,Accumulation,56.6788,Neutral,4 - Declining,early,30.0,9.0,1 - Basing,14.0,,,,,,4 - Declining but stage confidence only 30 - regime not established,1 - Basing - no new positions in a basing/topping stage
2026-07-02,23182.05078125,23276.19921875,23170.75,23264.80078125,24569900,22759.4509,22798.6266,No,73.65,Bull,Uptrend,Hold,Range,Bullish,64.64,Bull,Mixed,"Range with bullish lean - ADX no trend, direction not confirmed",61.0544,Neutral,151.9588,128.5659,bullish accelerating,Overbought,0.6712,0.2243,full,71.36,Positive accelerating,66.14,Bullish,Bullish confirmed,None,Bullish - all 4 components agree incl. MACD acceleration,Upper Half,No Trend,Bullish,No,No,Near Upper,65.99,High,Stable,2.38,No,"High volatility, stable",Vol contracting,Normal,Falling,Weak Up,0.1245,Accumulation,62.8162,Neutral,4 - Declining,early,30.0,10.0,1 - Basing,14.0,,,,,,4 - Declining but stage confidence only 30 - regime not established,1 - Basing - no new positions in a basing/topping stage
2026-07-03,23416.650390625,23416.650390625,23284.30078125,23301.150390625,23620300,22780.694,22803.6268,No,74.37,Bull,Uptrend,Hold,Range,Bullish,63.85,Bull,Mixed,"Range with bullish lean - ADX no trend, direction not confirmed",61.8406,Neutral,161.9585,135.2445,bullish accelerating,Overbought,0.4081,0.1273,full,77.02,Positive accelerating,68.49,Bullish,Bullish confirmed,None,Bullish - all 4 components agree incl. MACD acceleration,Upper Half,No Trend,Bullish,No,No,Near Upper,65.16,High,Stable,-0.28,No,"High volatility, stable",Vol contracting,Normal,Falling,Weak Up,0.0731,Accumulation,61.9298,Neutral,3 - Topping,early,40.0,1.0,4 - Declining,10.0,,,,,,4 - Declining but stage confidence only 30 - regime not established,4 - Declining but stage confidence only 40 - regime not established
2026-07-06,23342.5,23447.30078125,23319.650390625,23433.94921875,20527500,22806.3119,22809.8987,No,76.73,Bull,Uptrend,Hold,Range,Bullish,65.4,Bull,Mixed,"Range with bullish lean - ADX no trend, direction not confirmed",64.6484,Overbought,178.5409,143.9038,bullish accelerating,Overbought,1.2519,0.4273,full,73.87,Positive fading,69.55,Bullish,Bullish confirmed,None,Bullish - all 4 components agree incl. MACD acceleration,Upper Half,No Trend,Bullish,No,No,Breakout Up,64.56,High,Stable,-3.65,No,"High volatility, stable",Vol contracting,Normal,Falling,Weak Up,0.1154,Accumulation,60.7544,Neutral,3 - Topping,early,40.0,2.0,4 - Declining,10.0,,,,,,4 - Declining but stage confidence only 30 - regime not established,4 - Declining but stage confidence only 40 - regime not established
2026-07-07,23472.400390625,23485.349609375,23332.900390625,23368.849609375,24296900,22828.3722,22815.4604,No,83.87,Strong Bull,Uptrend,Hold,Uptrend (HH+HL),Bullish,76.92,Strong Bull,Bullish confirmed,"Range with bullish lean - ADX no trend, direction not confirmed",62.231,Neutral,184.3051,151.984,bullish fading,Overbought,0.46,0.1419,full,73.22,Positive fading,67.72,Bullish,Bullish confirmed,None,Bullish - all 4 components agree incl. MACD acceleration,Upper Half,No Trend,Bullish,Yes,No,Near Upper,62.18,High,Stable,-4.6,No,"High volatility, stable",Vol contracting,Normal,Falling,Weak Down,0.1208,Accumulation,54.1867,Neutral,3 - Topping,early,20.0,3.0,4 - Declining,10.0,,,,,,4 - Declining but stage confidence only 30 - regime not established,4 - Declining but stage confidence only 40 - regime not established
2026-07-08,23239.650390625,23307.0,22822.80078125,22908.05078125,27164800,22831.4968,22816.3817,No,78.53,Bull,Uptrend,Hold,Uptrend (HH+HL),Bullish,70.84,Bull,Bullish confirmed,"Range with bullish lean - ADX no trend, direction not confirmed",48.4277,Neutral,149.962,151.5796,Bearish crossover,Neutral,-0.4472,-0.1807,full,66.17,Positive fading,55.86,Neutral,Mixed,None,"Neutral - components mixed, low conviction",Lower Half,No Trend,Bearish,Yes,No,Inside,65.99,High,Stable,-3.14,No,"High volatility, stable",Vol contracting,Normal,Falling,Weak Down,0.0499,Neutral,46.1811,Neutral,3 - Topping,early,20.0,4.0,4 - Declining,10.0,,,,,,4 - Declining but stage confidence only 30 - regime not established,4 - Declining but stage confidence only 30 - regime not established
2026-07-09,22958.349609375,23175.25,22956.400390625,23081.150390625,20333600,22841.2872,22819.0162,No,77.95,Bull,Uptrend,Hold,Uptrend (HH+HL),Bullish,72.22,Bull,Bullish confirmed,"Range with bullish lean - ADX no trend, direction not confirmed",52.6743,Neutral,135.1545,148.2946,bullish accelerating,Neutral,-0.1952,-0.0855,full,66.76,Positive accelerating,53.96,Neutral,Mixed,None,"Neutral - components mixed, low conviction",Upper Half,No Trend,Bearish,Yes,No,Inside,61.63,High,Stable,-7.18,No,"High volatility, stable",Vol contracting,Normal,Falling,Weak Up,0.0933,Accumulation,44.2347,Neutral,3 - Topping,early,20.0,5.0,4 - Declining,10.0,,,,,,4 - Declining but stage confidence only 30 - regime not established,4 - Declining but stage confidence only 30 - regime not established
2026-07-10,23239.69921875,23358.349609375,23234.44921875,23348.400390625,23139200,22861.174,22824.2837,No,79.78,Bull,Uptrend,Hold,Uptrend (HH+HL),Bullish,75.3,Strong Bull,Bullish confirmed,"Range with bullish lean - ADX no trend, direction not confirmed",58.3734,Neutral,143.3321,147.3021,bullish fading,Neutral,1.0154,0.353,full,60.94,Positive fading,54.76,Neutral,Mixed,None,"Neutral - components mixed, low conviction",Upper Half,No Trend,Bullish,No,No,Near Upper,49.29,Normal,Stable,-18.17,Confirmed,"Normal volatility, squeeze confirmed - expansion pending",Vol contracting,Normal,Falling,Weak Up,0.1528,Accumulation,51.8816,Neutral,3 - Topping,early,20.0,6.0,4 - Declining,10.0,,,,,,3 - Topping but stage confidence only 40 - regime not established,4 - Declining but stage confidence only 30 - regime not established
2026-07-13,23194.80078125,23379.349609375,23135.30078125,23347.05078125,21670700,22880.228,22829.4854,No,79.44,Bull,Uptrend,Hold,Uptrend (HH+HL),Bullish,75.17,Strong Bull,Bullish confirmed,"Range with bullish lean - ADX no trend, direction not confirmed",58.3352,Neutral,147.9979,147.4412,Bullish crossover,Neutral,1.5089,0.5336,full,61.88,Positive accelerating,58.1,Bullish,Bullish confirmed,None,Bullish - all 4 components agree incl. MACD acceleration,Upper Half,No Trend,Bearish,No,No,Near Upper,45.2,Normal,Contracting,-21.82,Confirmed,"Normal volatility, squeeze confirmed - expansion pending",Vol contracting,Normal,Falling,Weak Down,0.1301,Accumulation,45.4967,Neutral,3 - Topping,early,20.0,7.0,4 - Declining,10.0,,,,,,3 - Topping but stage confidence only 40 - regime not established,4 - Declining but stage confidence only 30 - regime not established
2026-07-14,23235.25,23287.44921875,23167.849609375,23199.44921875,21421900,22892.7464,22833.1666,No,77.54,Bull,Uptrend,Hold,Uptrend (HH+HL),Bullish,73.16,Bull,Bullish confirmed,"Range with bullish lean - ADX no trend, direction not confirmed",54.1603,Neutral,138.1924,145.5915,Bearish crossover,Neutral,0.8862,0.3117,full,57.63,Positive fading,55.59,Neutral,Bullish majority,None,Neutral - price momentum agrees but MACD shows deceleration,Upper Half,No Trend,Bearish,No,No,Inside,31.98,Low,Contracting,-34.56,Confirmed,"Low volatility, squeeze confirmed - expansion pending",Vol contracting,Normal,Falling,Weak Down,0.1518,Accumulation,46.5073,Neutral,3 - Topping,mid,20.0,8.0,4 - Declining,10.0,,,,,,3 - Topping but stage confidence only 20 - regime not established,4 - Declining but stage confidence only 30 - regime not established
2026-07-15,23250.849609375,23368.900390625,23203.94921875,23263.900390625,23420200,22907.3015,22837.4525,No,79.45,Bull,Uptrend,Hold,Uptrend (HH+HL),Bullish,74.41,Bull,Bullish confirmed,"Range with bullish lean - ADX no trend, direction not confirmed",55.6528,Neutral,134.0766,143.2885,bullish accelerating,Neutral,0.6588,0.2339,full,59.78,Positive accelerating,56.02,Neutral,Bullish majority,None,Neutral - price momentum agrees but MACD shows deceleration,Upper Half,No Trend,Bullish,No,No,Near Upper,31.11,Low,Contracting,-35.08,Confirmed,"Low volatility, squeeze confirmed - expansion pending",Vol contracting,Normal,Falling,Weak Up,0.0976,Accumulation,53.6057,Neutral,3 - Topping,mid,20.0,9.0,4 - Declining,10.0,,,,,,3 - Topping but stage confidence only 20 - regime not established,4 - Declining but stage confidence only 30 - regime not established
2026-07-16,23332.80078125,23348.19921875,23212.900390625,23232.650390625,22983200,22920.0603,22841.3848,No,79.15,Bull,Uptrend,Hold,Uptrend (HH+HL),Bullish,74.02,Bull,Bullish confirmed,"Range with bullish lean - ADX no trend, direction not confirmed",54.7224,Neutral,126.8312,139.997,bullish accelerating,Neutral,-0.1382,-0.052,full,55.64,Positive fading,53.47,Neutral,Bullish majority,Bearish divergence,Neutral - bearish divergence vs price over 21 bars,Upper Half,No Trend,Bullish,No,No,Inside,30.56,Low,Contracting,-35.44,Confirmed,"Low volatility, squeeze confirmed - expansion pending",Vol contracting,Normal,Falling,Weak Down,0.0101,Neutral,46.5831,Neutral,3 - Topping,mid,20.0,10.0,4 - Declining,10.0,,,,,,3 - Topping but stage confidence only 20 - regime not established,4 - Declining but stage confidence only 30 - regime not established
2026-07-17,23272.30078125,23357.900390625,23235.05078125,23336.30078125,22198800,22936.3834,22846.3094,No,79.02,Bull,Uptrend,Hold,Uptrend (HH+HL),Bullish,74.92,Bull,Bullish confirmed,"Range with bullish lean - ADX no trend, direction not confirmed",57.2737,Neutral,127.9776,137.5932,bullish fading,Neutral,0.1509,0.0564,full,56.0,Positive accelerating,55.49,Neutral,Bullish majority,Bearish divergence,Neutral - bearish divergence vs price over 21 bars,Upper Half,No Trend,Bullish,No,No,Near Upper,29.84,Low,Contracting,-35.32,Confirmed,"Low volatility, squeeze confirmed - expansion pending",Vol contracting,Normal,Falling,Weak Up,-0.0128,Neutral,55.8561,Neutral,3 - Topping,mid,20.0,11.0,4 - Declining,10.0,,,,,,3 - Topping but stage confidence only 20 - regime not established,3 - Topping but stage confidence only 40 - regime not established
2026-07-20,23244.30078125,23363.30078125,23219.44921875,23338.05078125,21762500,22952.1351,22851.2023,No,78.1,Bull,Uptrend,Hold,Uptrend (HH+HL),Bullish,74.62,Bull,Bullish confirmed,"Range with bullish lean - ADX no trend, direction not confirmed",57.3174,Neutral,127.5569,135.5859,bullish fading,Neutral,-0.4092,-0.1441,full,54.1,Positive fading,55.52,Neutral,Bullish majority,Bearish divergence,Neutral - bearish divergence vs price over 21 bars,Upper Half,No Trend,Bullish,No,No,Near Upper,28.69,Low,Contracting,-35.87,Confirmed,"Low volatility, squeeze confirmed - expansion pending",Vol contracting,Normal,Falling,Weak Up,-0.0281,Neutral,57.5232,Neutral,3 - Topping,mid,20.0,12.0,4 - Declining,10.0,,,,,,3 - Topping but stage confidence only 20 - regime not established,3 - Topping but stage confidence only 40 - regime not established
2026-07-21,23340.69921875,23383.099609375,23286.150390625,23352.150390625,21329800,22967.822,22856.1869,No,78.25,Bull,Uptrend,Hold,Uptrend (HH+HL),Bullish,74.8,Bull,Bullish confirmed,"Range with bullish lean - ADX no trend, direction not confirmed",57.6931,Neutral,126.8985,133.8484,bullish fading,Neutral,-0.0715,-0.0194,full,54.25,Positive accelerating,56.5,Neutral,Bullish majority,Bearish divergence,Neutral - bearish divergence vs price over 21 bars,Upper Half,No Trend,Bullish,No,No,Near Upper,25.71,Low,Contracting,-36.47,Confirmed,"Low volatility, squeeze confirmed - expansion pending",Vol contracting,Normal,Falling,Weak Up,-0.0269,Neutral,56.3031,Neutral,3 - Topping,mid,20.0,13.0,4 - Declining,10.0,,,,,,3 - Topping but stage confidence only 20 - regime not established,3 - Topping but stage confidence only 20 - regime not established
2026-07-22,23334.30078125,23335.599609375,23118.05078125,23145.05078125,22855200,22974.7721,22859.0612,No,76.1,Bull,Uptrend,Hold,Uptrend (HH+HL),Bullish,72.16,Bull,Bullish confirmed,"Range with bullish lean - ADX no trend, direction not confirmed",50.642,Neutral,108.4157,128.7619,bullish accelerating,Neutral,1.0346,0.3818,full,50.89,Positive fading,51.04,Neutral,Bullish majority,None,Neutral - price momentum agrees but MACD shows deceleration,Lower Half,No Trend,Bearish,No,No,Inside,26.47,Low,Contracting,-39.52,Confirmed,"Low volatility, squeeze confirmed - expansion pending",Vol contracting,Normal,Falling,Weak Down,-0.0146,Neutral,48.8656,Neutral,3 - Topping,mid,20.0,14.0,4 - Declining,10.0,,,,,,3 - Topping but stage confidence only 20 - regime not established,3 - Topping but stage confidence only 20 - regime not established
2026-07-23,23069.099609375,23148.900390625,22937.75,22982.400390625,20693000,22975.0713,22860.2884,No,73.39,Bull,Uptrend,Hold,Uptrend (HH+HL),Bullish,69.72,Bull,Bullish confirmed,"Range with bullish lean - ADX no trend, direction not confirmed",45.8976,Neutral,79.7244,118.9544,bullish accelerating,Neutral,-0.4278,-0.1525,full,49.92,Negative accelerating,45.58,Neutral,Bearish majority,None,"Neutral - majority agree, 1 dissenting",Lower Half,No Trend,Bearish,No,No,Near Lower,28.02,Low,Contracting,-33.61,Confirmed,"Low volatility, squeeze confirmed - expansion pending",Vol contracting,Normal,Falling,Weak Down,-0.0693,Distribution,41.8096,Neutral,3 - Topping,mid,20.0,15.0,4 - Declining,10.0,,,,,,3 - Topping but stage confidence only 20 - regime not established,3 - Topping but stage confidence only 20 - regime not established
2026-07-24,22805.55078125,22956.94921875,22713.5,22913.30078125,19268400,22972.6489,22860.8159,No,70.24,Bull,Uptrend,Hold,Uptrend (HH+HL),Bullish,67.99,Bull,Bullish confirmed,"Range with bullish lean - ADX no trend, direction not confirmed",44.0112,Neutral,50.8247,105.3285,bullish accelerating,Neutral,-1.8635,-0.6747,full,50.9,Positive accelerating,41.93,Bearish,Bearish majority,None,"Bearish - majority agree, 1 dissenting",Lower Half,No Trend,Bearish,Yes,No,Near Lower,31.07,Low,Stable,-18.21,Confirmed,"Low volatility, squeeze confirmed - expansion pending",Vol contracting,Normal,Falling,Weak Down,0.0002,Neutral,35.4172,Neutral,3 - Topping,mid,20.0,16.0,4 - Declining,10.0,,,,,,3 - Topping but stage confidence only 20 - regime not established,3 - Topping but stage confidence only 20 - regime not established
2026-07-27,23070.599609375,23160.599609375,23061.349609375,23153.099609375,0,22979.7254,22863.7242,No,70.98,Bull,Uptrend,Hold,Uptrend (HH+HL),Bullish,70.44,Bull,Bullish confirmed,"Range with bullish lean - ADX no trend, direction not confirmed",51.4662,Neutral,46.7326,93.6093,bullish fading,Neutral,-0.8307,-0.2982,full,55.17,Positive accelerating,46.73,Neutral,Mixed,Bearish divergence,Neutral - bearish divergence vs price over 21 bars,Lower Half,No Trend,Bearish,Yes,No,Inside,33.73,Low,Stable,-11.47,Confirmed,"Low volatility, squeeze confirmed - expansion pending",Vol contracting,Dry-up,Falling,Weak Up,0.043,Neutral,38.4287,Neutral,3 - Topping,mid,20.0,17.0,4 - Declining,10.0,,,,,,3 - Topping but stage confidence only 20 - regime not established,3 - Topping but stage confidence only 20 - regime not established
2026-07-28,23146.650390625,23172.099609375,23087.099609375,23114.900390625,23466600,22985.0264,22866.2235,No,69.94,Bull,Uptrend,Hold,Uptrend (HH+HL),Bullish,69.72,Bull,Bullish confirmed,"Range with bullish lean - ADX no trend, direction not confirmed",50.3169,Neutral,39.9467,82.8768,bullish fading,Neutral,-0.3644,-0.1283,full,52.57,Positive fading,47.36,Neutral,Bullish majority,Bearish divergence,Neutral - bearish divergence vs price over 21 bars,Lower Half,No Trend,Bearish,Yes,No,Inside,29.8,Low,Stable,-2.18,Confirmed,"Low volatility, squeeze confirmed - expansion pending",Vol contracting,Normal,Falling,Confirmed Down,0.0391,Neutral,38.9087,Neutral,3 - Topping,mid,20.0,18.0,4 - Declining,10.0,,,,,,3 - Topping but stage confidence only 20 - regime not established,3 - Topping but stage confidence only 20 - regime not established
2026-07-29,23261.05078125,23377.80078125,23233.400390625,23352.599609375,0,22999.441,22871.063,No,73.09,Bull,Uptrend,Hold,Uptrend (HH+HL),Bullish,73.0,Bull,Bullish confirmed,"Range with bullish lean - ADX no trend, direction not confirmed",56.7843,Neutral,53.1366,76.9287,bullish fading,Neutral,0.3813,0.1422,full,55.16,Positive accelerating,54.46,Neutral,Bullish majority,Bearish divergence,Neutral - bearish divergence vs price over 21 bars,Upper Half,No Trend,Bearish,Yes,No,Near Upper,31.31,Low,Stable,0.2,Confirmed,"Low volatility, squeeze confirmed - expansion pending",Vol contracting,Dry-up,Falling,Weak Up,0.0104,Neutral,34.2363,Neutral,3 - Topping,mid,20.0,19.0,4 - Declining,10.0,,,,,,3 - Topping but stage confidence only 20 - regime not established,3 - Topping but stage confidence only 20 - regime not established
2026-07-30,23347.19921875,23384.650390625,23274.150390625,23353.55078125,22539900,23013.3277,22875.8639,No,75.09,Bull,Uptrend,Hold,Uptrend (HH+HL),Bullish,73.71,Bull,Bullish confirmed,"Range with bullish lean - ADX no trend, direction not confirmed",56.8085,Neutral,62.941,74.1312,bullish fading,Overbought,0.5204,0.1905,full,54.22,Positive fading,56.46,Neutral,Bullish majority,Bearish divergence,Neutral - bearish divergence vs price over 21 bars,Upper Half,No Trend,Bearish,Yes,No,Near Upper,27.54,Low,Stable,-3.02,Confirmed,"Low volatility, squeeze confirmed - expansion pending",Vol contracting,Normal,Falling,Confirmed Up,-0.0129,Neutral,34.092,Neutral,3 - Topping,mid,20.0,20.0,4 - Declining,10.0,,,,,,3 - Topping but stage confidence only 20 - regime not established,3 - Topping but stage confidence only 20 - regime not established
2026-07-31,23409.849609375,23506.55078125,23375.55078125,23460.69921875,0,23030.8716,22881.6832,No,78.15,Bull,Uptrend,Hold,Uptrend (HH+HL),Bullish,75.23,Strong Bull,Bullish confirmed,"Range with bullish lean - ADX no trend, direction not confirmed",59.5591,Neutral,78.4526,74.9955,Bullish crossover,Overbought,0.5331,0.1933,full,56.85,Positive accelerating,60.72,Bullish,Bullish confirmed,Bearish divergence,Bullish - bearish divergence vs price over 21 bars,Upper Half,No Trend,Bullish,No,No,Near Upper,27.18,Low,Stable,-2.66,No,"Low volatility, stable",Vol contracting,Dry-up,Falling,Weak Up,0.0328,Neutral,37.1556,Neutral,3 - Topping,mid,20.0,21.0,4 - Declining,10.0,,,,,,3 - Topping but stage confidence only 20 - regime not established,3 - Topping but stage confidence only 20 - regime not established
2026-08-03,23619.150390625,23803.75,23578.55078125,23802.849609375,0,23061.1453,22890.849,No,83.18,Strong Bull,Uptrend,Hold,Uptrend (HH+HL),Bullish,78.18,Strong Bull,Bullish confirmed,"Range with bullish lean - ADX no trend, direction not confirmed",66.8245,Overbought,117.0056,83.3975,bullish accelerating,Overbought,1.9916,0.7199,full,58.52,Positive accelerating,66.17,Bullish,Bullish confirmed,Bearish divergence,Bullish - bearish divergence vs price over 21 bars,Above Upper,No Trend,Bullish,No,No,Breakout Up,34.29,Low,Stable,5.6,No,"Low volatility, stable",Vol contracting,Dry-up,Falling,Weak Up,-0.0106,Neutral,40.7664,Neutral,3 - Topping,mid,20.0,22.0,4 - Declining,10.0,,,,,,3 - Topping but stage confidence only 20 - regime not established,3 - Topping but stage confidence only 20 - regime not established
2026-08-04,23771.44921875,23771.44921875,23573.599609375,23690.150390625,20581300,23085.8122,22898.8022,No,82.64,Strong Bull,Uptrend,Hold,Uptrend (HH+HL),Bullish,76.98,Strong Bull,Bullish confirmed,"Range with bullish lean - ADX no trend, direction not confirmed",62.8211,Overbought,136.8873,94.0954,bullish accelerating,Overbought,1.4474,0.5186,full,57.73,Positive fading,65.23,Bullish,Bullish confirmed,Bearish divergence,Bullish - bearish divergence vs price over 21 bars,At Upper,No Trend,Bullish,Yes,Yes,Near Upper,44.52,Normal,Stable,18.81,No,"Normal volatility, stable",Normal vol,Normal,Falling,Confirmed Down,0.0358,Neutral,30.4587,Neutral,3 - Topping,late,20.0,23.0,4 - Declining,10.0,,,,,,3 - Topping but stage confidence only 20 - regime not established,3 - Topping but stage confidence only 20 - regime not established
2026-08-05,23779.349609375,23782.69921875,23643.30078125,23735.55078125,0,23111.2921,22907.1281,No,83.49,Strong Bull,Uptrend,Hold,Uptrend (HH+HL),Bullish,77.36,Strong Bull,Bullish confirmed,"Range with bullish lean - ADX no trend, direction not confirmed",63.7629,Overbought,154.5258,106.1815,bullish accelerating,Overbought,2.5513,0.9143,full,55.21,Positive fading,65.15,Bullish,Bullish confirmed,Bearish divergence,Bullish - bearish divergence vs price over 21 bars,At Upper,No Trend,Bullish,Yes,No,Near Upper,41.31,Normal,Stable,14.84,No,"Normal volatility, stable",Vol contracting,Dry-up,Falling,Weak Up,0.0925,Accumulation,34.0573,Neutral,3 - Topping,late,20.0,24.0,4 - Declining,10.0,,,,,,3 - Topping but stage confidence only 20 - regime not established,3 - Topping but stage confidence only 20 - regime not established
2026-08-06,23756.150390625,23783.849609375,23708.55078125,23729.44921875,19628000,23135.5336,22915.3104,No,84.36,Strong Bull,Uptrend,Hold,Uptrend (HH+HL),Bullish,76.95,Strong Bull,Bullish confirmed,"Range with bullish lean - ADX no trend, direction not confirmed",63.53,Overbought,166.0975,118.1647,bullish fading,Overbought,3.2505,1.1595,full,54.44,Positive fading,64.51,Bullish,Bullish confirmed,None,Bullish - all 4 components agree incl. MACD acceleration,Upper Half,No Trend,Bullish,Yes,No,Near Upper,38.14,Low,Stable,10.12,No,"Low volatility, stable",Vol contracting,Normal,Falling,Confirmed Down,0.0573,Accumulation,33.2987,Neutral,3 - Topping,late,20.0,25.0,4 - Declining,10.0,,,,,,3 - Topping but stage confidence only 20 - regime not established,3 - Topping but stage confidence only 20 - regime not established
2026-08-07,23665.599609375,23754.5,23657.099609375,23712.099609375,0,23158.144,22923.2386,No,85.13,Strong Bull,Uptrend,Hold,Uptrend (HH+HL),Bullish,77.07,Strong Bull,Bullish confirmed,"Range with bullish lean - ADX no trend, direction not confirmed",62.8272,Overbought,171.8867,128.9091,bullish fading,Overbought,3.4862,1.2346,full,55.16,Positive accelerating,64.17,Bullish,Bullish confirmed,None,Bullish - all 4 components agree incl. MACD acceleration,Upper Half,No Trend,Bullish,Yes,No,Near Upper,37.3,Low,Stable,6.23,No,"Low volatility, stable",Vol contracting,Dry-up,Falling,Weak Down,-0.0023,Neutral,37.5563,Neutral,3 - Topping,late,20.0,26.0,4 - Declining,10.0,,,,,,3 - Topping but stage confidence only 20 - regime not established,3 - Topping but stage confidence only 20 - regime not established
2026-08-10,23732.75,23777.400390625,23667.400390625,23743.19921875,0,23181.0873,22931.3975,No,85.42,Strong Bull,Uptrend,Hold,Uptrend (HH+HL),Bullish,77.23,Strong Bull,Bullish confirmed,"Range with bullish lean - ADX no trend, direction not confirmed",63.6044,Overbought,176.9445,138.5162,bullish fading,Overbought,2.5487,0.8884,full,58.31,Positive accelerating,64.97,Bullish,Bullish confirmed,None,Bullish - all 4 components agree incl. MACD acceleration,Upper Half,No Trend,Bullish,Yes,No,Near Upper,36.91,Low,Stable,3.18,No,"Low volatility, stable",Vol contracting,Dry-up,Falling,Weak Up,-0.059,Distribution,28.5951,Neutral,3 - Topping,late,20.0,27.0,4 - Declining,10.0,,,,,,3 - Topping but stage confidence only 20 - regime not established,3 - Topping but stage confidence only 20 - regime not established
2026-08-11,23755.400390625,23756.05078125,23638.55078125,23681.150390625,22201700,23200.6977,22938.8577,No,83.89,Strong Bull,Uptrend,Hold,Uptrend (HH+HL),Bullish,76.13,Strong Bull,Bullish confirmed,"Range with bullish lean - ADX no trend, direction not confirmed",60.8698,Neutral,173.9409,145.6011,bullish fading,Overbought,2.4497,0.8461,full,62.39,Positive accelerating,64.31,Bullish,Bullish confirmed,None,Bullish - all 4 components agree incl. MACD acceleration,Upper Half,No Trend,Bullish,Yes,No,Near Upper,35.24,Low,Stable,5.44,No,"Low volatility, stable",Low vol - tight stops,Normal,Falling,Confirmed Down,-0.0447,Neutral,28.63,Neutral,3 - Topping,late,20.0,28.0,4 - Declining,10.0,,,,,,3 - Topping but stage confidence only 20 - regime not established,3 - Topping but stage confidence only 20 - regime not established
2026-08-12,23689.55078125,23690.05078125,23526.19921875,23672.44921875,0,23219.1977,22946.1571,No,82.67,Strong Bull,Uptrend,Hold,Uptrend (HH+HL),Bullish,75.63,Strong Bull,Bullish confirmed,"Range with bullish lean - ADX no trend, direction not confirmed",60.4771,Neutral,168.9114,150.2632,bullish fading,Overbought,1.3697,0.4509,full,61.58,Positive fading,62.93,Bullish,Bullish confirmed,None,Bullish - all 4 components agree incl. MACD acceleration,Upper Half,No Trend,Bullish,Yes,No,Near Upper,35.12,Low,Stable,3.81,No,"Low volatility, stable",Low vol - tight stops,Dry-up,Falling,Weak Down,-0.0241,Neutral,33.1941,Neutral,3 - Topping,late,20.0,29.0,4 - Declining,10.0,,,,,,3 - Topping but stage confidence only 20 - regime not established,3 - Topping but stage confidence only 20 - regime not established
2026-08-13,23678.69921875,23678.69921875,23585.599609375,23658.099609375,19969600,23236.4096,22953.2411,No,81.59,Strong Bull,Uptrend,Hold,Uptrend (HH+HL),Bullish,75.12,Strong Bull,Bullish confirmed,"Range with bullish lean - ADX no trend, direction not confirmed",59.7921,Neutral,161.9012,152.5908,bullish fading,Overbought,1.3041,0.4223,full,59.24,Positive fading,60.6,Bullish,Bullish confirmed,None,Bullish - all 4 components agree incl. MACD acceleration,Upper Half,No Trend,Bullish,No,No,Near Upper,30.95,Low,Stable,3.41,No,"Low volatility, stable",Low vol - tight stops,Normal,Falling,Confirmed Down,0.0825,Accumulation,48.4787,Neutral,3 - Topping,late,20.0,30.0,4 - Declining,10.0,,,,,,3 - Topping but stage confidence only 20 - regime not established,3 - Topping but stage confidence only 20 - regime not established
2026-08-14,23635.650390625,23638.30078125,23564.30078125,23594.900390625,0,23250.468,22959.6258,No,80.21,Strong Bull,Uptrend,Hold,Uptrend (HH+HL),Bullish,74.07,Bull,Bullish confirmed,"Range with bullish lean - ADX no trend, direction not confirmed",56.7435,Neutral,149.5224,151.9771,Bearish crossover,Neutral,0.572,0.1531,full,59.44,Positive accelerating,57.95,Neutral,Bullish majority,None,Neutral - price momentum agrees but MACD shows deceleration,Upper Half,No Trend,Bullish,No,No,Near Upper,28.95,Low,Stable,1.77,No,"Low volatility, stable",Low vol - tight stops,Dry-up,Falling,Weak Down,0.0289,Neutral,48.4787,Neutral,3 - Topping,late,20.0,31.0,4 - Declining,10.0,,,,,,3 - Topping but stage confidence only 20 - regime not established,3 - Topping but stage confidence only 20 - regime not established
2026-08-17,23581.75,23617.30078125,23488.44921875,23564.44921875,0,23262.781,22965.6439,No,78.49,Bull,Uptrend,Hold,Uptrend (HH+HL),Bullish,73.2,Bull,Bullish confirmed,"Range with bullish lean - ADX no trend, direction not confirmed",55.281,Neutral,135.6907,148.7198,bullish accelerating,Neutral,-1.0016,-0.4204,full,59.82,Positive accelerating,55.45,Neutral,Bullish majority,Bearish divergence,Neutral - bearish divergence vs price over 21 bars,Upper Half,No Trend,Bearish,No,No,Inside,28.06,Low,Stable,-6.23,No,"Low volatility, stable",Low vol - tight stops,Dry-up,Falling,Weak Down,-0.0346,Neutral,59.0975,Neutral,3 - Topping,late,20.0,32.0,4 - Declining,10.0,,,,,,3 - Topping but stage confidence only 20 - regime not established,3 - Topping but stage confidence only 20 - regime not established
