Date,Open,High,Low,Close,Volume,EMA_50,EMA_200,Below_EMA_200,EMA_score,EMA_trend,ST_state,ST_signal,MS_structure,MS_bias,Trend_score,Trend_band,Trend_agreement,Trend_description,RS_score,RS_state,RS_agreement,RSI_14,RSI_state,MACD,MACD_signal,MACD_state,Stoch_state,ROC_10,ROC_10_z,ROC_10_z_basis,ROC_score,ROC_state,Momentum_score,Momentum_band,Momentum_agreement,Momentum_divergence,Momentum_description,BB_state,ADX_regime,ADX_direction,ADX_rising,ATR_rising,DC_state,Volatility_score,Volatility_band,Volatility_trend,Volatility_change,Volatility_squeeze,Volatility_description,ATR_note,Vol_state,Vol_trend,Vol_price_confirm,CMF,CMF_state,MFI,MFI_state,Stage_name,Stage_substage,Stage_confidence,Stage_days,Prev_stage_name,Prev_stage_days,Final_decision,Final_score,Final_conviction,Final_blocker,Final_description,Final_description_5d_ago,Final_description_10d_ago
2023-09-22,164.0,176.0,155.3000030517578,158.35000610351562,21564281,,,,,,,,,,,,,,,,,,,,,,,,,,,,,,,,,,,,,,,,,,,,,,,,,,,,,,,,,,,,,,,,,
2023-09-25,160.9499969482422,173.0,160.3000030517578,171.0500030517578,5622723,,,,,,,,,,,,,,,,,,,,,,,,,,,,,,,,,,,,,,,,,,,,,,,,,,,,,,,,,,,,,,,,,
2023-09-26,170.5,183.3999938964844,170.0500030517578,179.1999969482422,5907712,,,,,,,,,,,,,,,,,,,,,,,,,,,,,,,,,,,,,,,,,,,,,,,,,,,,,,,,,,,,,,,,,
2023-09-27,180.4499969482422,184.8999938964844,176.3000030517578,183.9499969482422,4167955,,,,,,,,,,,,,,,,,,,,,,,,,,,,,,,,,,,,,,,,,,,,,,,,,,,,,,,,,,,,,,,,,
2023-09-28,185.0,202.8000030517578,183.3999938964844,196.8500061035156,6555885,,,,,,,,,,,,,,,,,,,,,,,,,,,,,,,,,,,,,,,,,,,,,,,,,,,,,,,,,,,,,,,,,
2023-09-29,195.8500061035156,209.6999969482422,193.3000030517578,200.5500030517578,4086420,,,,,,,,,,,,,,,,,,,,,,,,,,,,,,,,,,,,,,,,,,,,,,,,,,,,,,,,,,,,,,,,,
2023-10-03,198.6999969482422,206.8999938964844,185.0,194.8999938964844,4232354,,,,,,,,,,,,,,,,,,,,,,,,,,,,,,,,,,,,,,,,,,,,,,,,,,,,,,,,,,,,,,,,,
2023-10-04,191.0,198.4499969482422,181.3000030517578,189.0,1182476,,,,,,,,,,,,,,,,,,,,,,,,,,,,,,,,,,,,,,,,,,,,,,,,,,,,,,,,,,,,,,,,,
2023-10-05,191.0500030517578,204.6499938964844,188.5,202.9499969482422,1611549,,,,,,,,,,,,,,,,,,,,,,,,,,,,,,,,,,,,,,,,,,,,,,,,,,,,,,,,,,,,,,,,,
2023-10-06,204.9499969482422,222.3999938964844,201.1499938964844,217.8000030517578,3612987,,,,,,,,,,,,,,,,,,,,,,,,,,,,,,,,,,,,,,,,,,,,,,,,,,,,,,,,,,,,,,,,,
2023-10-09,211.1000061035156,224.8000030517578,208.3500061035156,211.1000061035156,2015207,,,,,,Uptrend,Hold,,,,,,,,,,,,,,,,33.3123,,,,,,,,,,,,,,,,,,,,,,,,,,,,,,,,,,,,,,,,,,
2023-10-10,213.8000030517578,226.3500061035156,213.8000030517578,221.1999969482422,1755863,,,,,,Uptrend,Hold,,,,,,,,,,,,,,,,29.3189,,,,,,,,,,,,,,,,,,,,,,,,,,,,,,,,,,,,,,,,,,
2023-10-11,222.1000061035156,226.4499969482422,210.6499938964844,214.1499938964844,1155486,,,,,,Uptrend,Hold,,,,,,,,,,,,,,,,19.5033,,,,,,,,,,,,,,,,,,,,,,,,,,,,,,,,,,,,,,,,,,
2023-10-12,206.5,220.6999969482422,201.3500061035156,216.0500030517578,3641001,,,,,,Uptrend,Hold,,,,,,,,,,,,,,,,17.4504,,,,,,,,,,,,,,,,,,,,,,,,,,,,,,,,,,,,,,,,,,
2023-10-13,220.0,247.8000030517578,219.0,235.25,5804623,,,,100.0,Strong Bull,Uptrend,Hold,,,,,,,,,,87.9859,Overbought,,,,,19.5072,,,,,,,,,,,,,,,,,,,,,,,,,,,,79.6262,Neutral,,,,,,,,,,,,,
2023-10-16,235.8500061035156,236.6999969482422,226.4499969482422,228.5500030517578,1111793,,,,95.09,Strong Bull,Uptrend,Hold,,,,,,,,,,83.8769,Overbought,,,,,13.9616,,,,,,,,,,,,,,,,,,,,,,,,,,,,75.4535,Neutral,,,,,,,,,,,,,
2023-10-17,228.0,229.8000030517578,217.8500061035156,219.8500061035156,1182276,,,,83.47,Strong Bull,Uptrend,Hold,,,,,,,,,,78.735,Overbought,,,,Neutral,12.8014,,,,,,,,,,,,,,,,,,,,,,,,,,,,70.2253,Neutral,,,,,,,,,,,,,
2023-10-18,219.0,235.0,217.0,224.6000061035156,1667159,,,,87.13,Strong Bull,Uptrend,Hold,,,,,,,,,,79.4748,Overbought,,,,Neutral,18.836,,,,,,,,,,,,,,,,,,,,,,,,,,,,68.8637,Neutral,,,,,,,,,,,,,
2023-10-19,221.6000061035156,231.3000030517578,221.6000061035156,223.1499938964844,536075,,,,84.12,Strong Bull,Uptrend,Hold,,,,,,,,,,78.5761,Overbought,,,,Neutral,9.9532,,,,,,,,,,,,,,,,,,,,,,,,,,,,62.1857,Neutral,,,,,,,,,,,,,
2023-10-20,225.0500030517578,226.3999938964844,210.1000061035156,214.75,910593,,,,75.13,Bull,Uptrend,Hold,,,,,,,,,,73.3981,Overbought,,,,Neutral,-1.4004,,,,,,,,,,Upper Half,,,,,,,,,,,,,,,,,,55.5749,Neutral,,,,,,,,,,,,,
2023-10-23,216.6999969482422,217.1499938964844,196.1999969482422,200.0500030517578,1205009,,,,20.76,Bear,Uptrend,Hold,,,,,,,,,,65.2896,Neutral,,,,Neutral,-5.2345,,,,,,,,,,Lower Half,,,,,,,,,,,,,Dry-up,,Weak Down,0.2059,Accumulation,60.9782,Neutral,,,,,,,,,,,,,
2023-10-25,202.3999938964844,203.6999969482422,187.4499969482422,198.4499969482422,1738700,,,,45.31,Neutral,Uptrend,Hold,,,,,,,,,,64.455,Neutral,,,,Neutral,-10.2848,,,,,,,,,,Lower Half,,,,,Inside,,,,,,,,Normal,,Weak Down,0.16,Accumulation,59.8029,Neutral,,,,,,,,,,,,,
2023-10-26,196.0,211.6999969482422,194.5,207.9499969482422,1793758,,,,52.59,Neutral,Uptrend,Hold,,,,,,,,,,67.1409,Neutral,,,,Neutral,-2.8952,,,,,,,,,,Lower Half,,,,,Inside,,,,,,,,Normal,,Weak Up,0.1496,Accumulation,60.1104,Neutral,,,,,,,,,,,,,
2023-10-27,210.0,217.6000061035156,206.6499938964844,214.0,1243591,,,,56.55,Neutral,Uptrend,Hold,,,,,,,,,,68.7599,Neutral,,,,Neutral,-0.9489,,,,,,,,,,Upper Half,,,,,Inside,,,,,,,,Normal,,Weak Up,0.099,Accumulation,56.517,Neutral,,,,,,,,,,,,,
2023-10-30,214.8999938964844,214.8999938964844,206.1999969482422,208.8000030517578,763578,,,,52.75,Neutral,Uptrend,Hold,,,,,,,,,,65.7608,Neutral,,,,Neutral,-11.2434,,,,,,,,,,Lower Half,,,,No,Inside,,,,,,,,Dry-up,,Weak Down,0.044,Neutral,51.3203,Neutral,,,,,,,,,,,,,
2023-10-31,209.8000030517578,214.5,205.5500030517578,206.6999969482422,655485,,,,51.47,Neutral,Uptrend,Hold,,,,,,,,,,64.5366,Neutral,,,,Neutral,-9.5603,,,,,,,,,,Lower Half,,,,No,Inside,,,,,,,,Dry-up,,Weak Down,0.0476,Neutral,46.2622,Neutral,,,,,,,,,,,,,
2023-11-01,210.0,222.0,210.0,215.8000030517578,1318341,,,,73.7,Bull,Uptrend,Hold,,,,,,,,,,67.3713,Neutral,4.4567,,,Neutral,-1.8422,,,,,,,,,,Upper Half,,,,No,Inside,,,,,,,,Normal,,Weak Up,0.0619,Accumulation,51.4874,Neutral,,,,,,,,,,,,,
2023-11-02,216.8999938964844,225.8999938964844,215.1999969482422,224.5500030517578,1062812,,,,97.31,Strong Bull,Uptrend,Hold,,,93.17,Strong Bull,Bullish confirmed,"Range with bullish lean - ADX emerging, direction not confirmed",,,,69.8655,Neutral,5.2406,,,Neutral,-0.0223,,,,,,,,,,Upper Half,Emerging,Bullish,,No,Inside,,,,,,,,Normal,,Weak Up,0.0884,Accumulation,62.6187,Neutral,,,,,,,,,,,,,
2023-11-03,224.0500030517578,230.5,222.5,224.1000061035156,683985,,,,95.61,Strong Bull,Uptrend,Hold,,,92.42,Strong Bull,Bullish confirmed,"Range with bullish lean - ADX emerging, direction not confirmed",,,,69.571,Neutral,5.7592,,,Neutral,0.4257,,,,,,,,,,Upper Half,Emerging,Bullish,,No,Inside,,,,,,,,Dry-up,,Weak Down,0.0412,Neutral,49.4042,Neutral,,,,,,,,,,,,,
2023-11-06,226.3999938964844,235.3000030517578,226.3999938964844,232.8999938964844,1057933,,,,98.49,Strong Bull,Uptrend,Hold,,,93.93,Strong Bull,Bullish confirmed,"Range with bullish lean - ADX emerging, direction not confirmed",,,,72.0523,Overbought,6.8019,,,Neutral,8.4517,,,,,,,,,,Upper Half,Emerging,Bullish,,No,Inside,,,,,,,,Normal,,Weak Up,-0.0053,Neutral,56.786,Neutral,,,,,,,,,,,,,
2023-11-07,233.0500030517578,236.3999938964844,223.25,226.1999969482422,469103,,,,94.0,Strong Bull,Uptrend,Hold,,,91.91,Strong Bull,Bullish confirmed,"Range with bullish lean - ADX emerging, direction not confirmed",,,,67.5367,Neutral,7.0068,,,Overbought,13.0717,,,,,,,,,,Upper Half,Emerging,Bullish,,No,Inside,,,,,,,,Dry-up,,Weak Down,0.0308,Neutral,59.518,Neutral,,,,,,,,,,,,,
2023-11-08,226.1999969482422,240.0,226.1999969482422,233.1000061035156,1210818,,,,97.02,Strong Bull,Uptrend,Hold,,,93.38,Strong Bull,Bullish confirmed,"Range with bullish lean - ADX emerging, direction not confirmed",,,,69.6465,Neutral,7.6379,,,Overbought,17.4603,,,,,,,,,,Upper Half,Emerging,Bullish,,No,Inside,,,,,,,,Normal,,Weak Up,0.0206,Neutral,58.3111,Neutral,,,,,,,,,,,,,
2023-11-09,235.1999969482422,242.75,234.5,237.0,841160,,,,97.39,Strong Bull,Uptrend,Hold,,,93.82,Strong Bull,Bullish confirmed,"Strong Bull - all 3 components agree, trending ADX",,,,70.8015,Overbought,8.3564,,,Overbought,13.9697,,,,,,,,,,Upper Half,Trending,Bullish,Yes,No,Inside,,,,,,,,Normal,,Weak Up,0.0316,Neutral,63.085,Neutral,,,,,,,,,,,,,
2023-11-10,236.8999938964844,238.4499969482422,231.1999969482422,233.5500030517578,337328,,,,94.71,Strong Bull,Uptrend,Hold,,,92.59,Strong Bull,Bullish confirmed,"Strong Bull - all 3 components agree, trending ADX",,,,68.3246,Neutral,8.5489,,,Overbought,9.1355,,,,,,,,,,Upper Half,Trending,Bullish,Yes,No,Inside,,,,,,,,Dry-up,,Weak Down,-0.0429,Neutral,65.4942,Neutral,,,,,,,,,,,,,
2023-11-13,235.9499969482422,264.0,233.0,259.5,3454620,,,,100.0,Strong Bull,Uptrend,Hold,,,95.98,Strong Bull,Bullish confirmed,"Strong Bull - all 3 components agree, trending ADX",,,,75.3188,Overbought,10.6724,,,Overbought,24.2816,,,,,,,,,,Above Upper,Trending,Bullish,Yes,No,Breakout Up,,,,,,,,High,,Confirmed Up,0.0262,Neutral,77.8774,Neutral,,,,,,,,,,,,,
2023-11-15,258.45001220703125,261.6000061035156,250.5500030517578,252.8500061035156,1325390,,,,98.65,Strong Bull,Uptrend,Hold,,,96.39,Strong Bull,Bullish confirmed,"Strong Bull - all 3 components agree, trending ADX",,,,70.9927,Overbought,11.684,8.1753,bullish,Overbought,22.327,,,,,,,,,,At Upper,Trending,Bullish,Yes,No,Inside,,,,,,,,Normal,,Confirmed Down,0.021,Neutral,87.0242,Overbought,,,,,,,,,,,,,
2023-11-16,253.8999938964844,256.70001220703125,247.6499938964844,250.6000061035156,671906,,,,96.9,Strong Bull,Uptrend,Hold,,,96.28,Strong Bull,Bullish confirmed,"Strong Bull - all 3 components agree, trending ADX",,,,69.5374,Neutral,12.164,8.973,bullish fading,Overbought,16.126,,,,,,,,,,Upper Half,Trending,Bullish,Yes,No,Inside,,,,,,,,Normal,,Weak Down,0.0455,Neutral,81.5039,Overbought,,,,,,,,,,,,,
2023-11-17,252.1999969482422,265.0,248.8999938964844,251.75,2033957,,,,96.46,Strong Bull,Uptrend,Hold,,,97.01,Strong Bull,Bullish confirmed,"Strong Bull - all 3 components agree, trending ADX",,,,69.8773,Neutral,12.4931,9.677,bullish fading,Neutral,12.1131,,,,,,,,,,Upper Half,Trending,Bullish,Yes,No,Inside,,,,,,,,Normal,,Confirmed Up,-0.0004,Neutral,82.7483,Overbought,,,,,,,,,,,,,
2023-11-20,251.3000030517578,253.4499969482422,243.25,245.3999938964844,628344,,,,92.78,Strong Bull,Uptrend,Hold,,,95.73,Strong Bull,Bullish confirmed,"Strong Bull - all 3 components agree, trending ADX",,,,65.5294,Neutral,12.102,10.162,bullish fading,Neutral,9.5047,,,,,,,,,,Upper Half,Trending,Bullish,Yes,No,Inside,,,,,,,,Normal,,Weak Down,-0.0004,Neutral,82.8555,Overbought,,,,,,,,,,,,,
2023-11-21,246.6499938964844,251.25,241.1499938964844,244.8000030517578,901066,,,,91.86,Strong Bull,Uptrend,Hold,,,95.44,Strong Bull,Bullish confirmed,"Strong Bull - all 3 components agree, trending ADX",,,,65.1172,Neutral,11.6099,10.4516,bullish fading,Neutral,5.1095,,,,,,,,,,Upper Half,Trending,Bullish,Yes,No,Inside,,,,,,,,Normal,,Weak Down,0.0057,Neutral,81.0434,Overbought,,,,,,,,,,,,,
2023-11-22,245.8999938964844,266.20001220703125,245.8999938964844,259.3500061035156,3405005,,,,97.61,Strong Bull,Uptrend,Hold,,,98.66,Strong Bull,Bullish confirmed,"Strong Bull - all 3 components agree, trending ADX",,,,70.0398,Overbought,12.2526,10.8118,bullish accelerating,Neutral,14.6552,,,,,,,,,,Upper Half,Trending,Bullish,Yes,No,Inside,,,,,,,,High,,Confirmed Up,0.0782,Accumulation,83.5586,Overbought,,,,,,,,,,,,,
2023-11-23,257.79998779296875,261.75,250.25,251.6999969482422,920893,,,,93.59,Strong Bull,Uptrend,Hold,,,97.2,Strong Bull,Bullish confirmed,"Strong Bull - all 3 components agree, trending ADX",,,,64.8574,Neutral,12.0063,11.0507,bullish fading,Neutral,7.9794,,,,,,,,,,Upper Half,Trending,Bullish,Yes,No,Inside,,,,,,,,Normal,,Weak Down,0.0282,Neutral,78.2882,Neutral,,,,,,,,,,,,,
2023-11-24,253.1499938964844,261.5,252.0,253.6499938964844,836198,,,,93.91,Strong Bull,Uptrend,Hold,,,97.34,Strong Bull,Bullish confirmed,"Strong Bull - all 3 components agree, trending ADX",,,,65.557,Neutral,11.8321,11.207,bullish fading,Neutral,7.0253,,,,,,,,,,Upper Half,Trending,Bullish,Yes,No,Inside,,,,,,,,Normal,,Weak Up,-0.0361,Neutral,78.5743,Neutral,,,,,,,,,,,,,
2023-11-28,255.0,255.3500061035156,245.1000061035156,246.0,506991,,,,88.97,Strong Bull,Uptrend,Hold,,,95.17,Strong Bull,Bullish confirmed,"Strong Bull - all 3 components agree, trending ADX",,,,60.4711,Neutral,10.9505,11.1557,Bearish crossover,Neutral,5.3308,,,,,,,,,,Upper Half,Trending,Bullish,Yes,No,Inside,,,,,,,,Dry-up,,Weak Down,-0.0738,Distribution,75.1233,Neutral,,,,,,,,,,,,,
2023-11-29,247.8999938964844,252.9499969482422,242.6499938964844,244.3999938964844,811404,,,,88.04,Strong Bull,Uptrend,Hold,,,94.77,Strong Bull,Bullish confirmed,"Strong Bull - all 3 components agree, trending ADX",,,,59.4326,Neutral,10.0074,10.926,bullish accelerating,Neutral,-5.8189,,,,,,,,,,Upper Half,Trending,Bullish,Yes,No,Inside,,,,,,,,Normal,,Weak Down,-0.0835,Distribution,73.5675,Neutral,,,,,,,,,,,,,
2023-11-30,247.8000030517578,247.8000030517578,235.1999969482422,237.1000061035156,949644,,,,70.59,Bull,Uptrend,Hold,Range,Bullish,79.38,Strong Bull,Bullish confirmed,"Strong Bull - all 4 components agree, trending ADX",,,,54.8077,Neutral,8.5721,10.4552,bullish accelerating,Neutral,-6.229,,,,,,,,,,Lower Half,Trending,Bullish,No,No,Inside,,,,,,,,Normal,,Weak Down,-0.09,Distribution,68.1,Neutral,,,,,,,,,,,,,
2023-12-01,238.4499969482422,243.8000030517578,235.0,235.8999938964844,478703,,,,65.93,Bull,Uptrend,Hold,Range,Bullish,77.02,Strong Bull,Bullish confirmed,"Strong Bull - all 4 components agree, trending ADX",,,,54.0629,Neutral,7.2541,9.815,bullish accelerating,Neutral,-5.8659,,,,,,,,,,Lower Half,Trending,Bullish,No,No,Inside,,,,,,,,Dry-up,,Weak Down,-0.1082,Distribution,64.8425,Neutral,,,,,,,,,,,,,
2023-12-04,240.0,252.5,238.1499938964844,247.3500061035156,1350339,,,,72.83,Bull,Uptrend,Hold,Range,Bullish,79.19,Strong Bull,Bullish confirmed,"Strong Bull - all 4 components agree, trending ADX",,,,59.6913,Neutral,7.0523,9.2625,bullish fading,Neutral,-1.7478,,,,,,,,,,Upper Half,Trending,Bullish,No,No,Inside,,,,,,,,Normal,,Confirmed Up,-0.125,Distribution,68.4972,Neutral,,,,,,,,,,,,,
2023-12-05,247.0,247.1000061035156,239.1000061035156,241.5,666859,,,,69.19,Bull,Uptrend,Hold,Range,Bullish,77.68,Strong Bull,Bullish confirmed,"Strong Bull - all 4 components agree, trending ADX",,,,55.9214,Neutral,6.3471,8.6794,bullish accelerating,Neutral,-1.5892,,,,,,,,,,Lower Half,Trending,Bullish,No,No,Inside,,,,,,,,Normal,,Weak Down,-0.1188,Distribution,58.5917,Neutral,,,,,,,,,,,,,
2023-12-06,242.0,242.0,237.5,238.3999938964844,405699,,,,67.58,Bull,Uptrend,Hold,Range,Bullish,76.77,Strong Bull,Bullish confirmed,"Strong Bull - all 4 components agree, trending ADX",,,,53.976,Neutral,5.475,8.0385,bullish accelerating,Neutral,-2.6144,,,,,,,,,,Lower Half,Trending,Bullish,No,No,Inside,,,,,,,,Dry-up,,Weak Down,-0.1552,Distribution,53.1963,Neutral,,,,,,,,,,,,,
2023-12-07,238.3000030517578,242.4499969482422,236.9499969482422,237.4499969482422,245666,223.118,,,70.43,Bull,Uptrend,Hold,Range,Bullish,77.4,Strong Bull,Bullish confirmed,"Strong Bull - all 4 components agree, trending ADX",,,,53.3633,Neutral,4.6535,7.3615,bullish accelerating,Oversold,-8.4442,,,,,,,,,,Lower Half,Trending,Bullish,No,No,Inside,,,,,,,,Dry-up,Falling,Weak Down,-0.1541,Distribution,54.8561,Neutral,,,,,,,,,,,,,
2023-12-08,238.8000030517578,241.0,231.9499969482422,236.1000061035156,320635,223.6271,,,69.58,Bull,Uptrend,Hold,Range,Bullish,76.37,Strong Bull,Bullish confirmed,"Strong Bull - all 4 components agree, trending ADX",,,,52.4522,Neutral,3.8492,6.6591,bullish accelerating,Oversold,-6.1979,,,,,,,,,,Lower Half,Trending,Bullish,No,No,Inside,,,,,,,,Dry-up,Falling,Weak Down,-0.1619,Distribution,45.9399,Neutral,,,,,,,,,,,,,
2023-12-11,237.5,247.3999938964844,234.5,243.5500030517578,1014261,224.4084,,,70.4,Bull,Uptrend,Hold,Range,Bullish,76.34,Strong Bull,Bullish confirmed,"Strong Bull - all 4 components agree, trending ADX",,,,56.8325,Neutral,3.7695,6.0811,bullish fading,Oversold,-3.9819,,,,,,,,,,Lower Half,Trending,Bullish,No,No,Inside,,,,,,,,Normal,Falling,Weak Up,-0.1258,Distribution,52.3461,Neutral,,,,,,,,,,,,,
2023-12-12,244.6000061035156,247.0,236.6000061035156,239.5500030517578,491483,225.0022,,,65.75,Bull,Uptrend,Hold,Range,Bullish,74.42,Bull,Bullish confirmed,"Bull - all 4 components agree, trending ADX",,,,53.9583,Neutral,3.345,5.5339,bullish fading,Neutral,-2.6219,,,,,,,,,,Lower Half,Trending,Bullish,No,No,Inside,,,,,,,,Dry-up,Falling,Weak Down,-0.1293,Distribution,54.095,Neutral,,,,,,,,,,,,,
2023-12-13,239.8999938964844,241.5500030517578,232.5,234.8999938964844,503573,225.3903,,,60.22,Bull,Uptrend,Hold,Range,Bullish,71.86,Bull,Bullish confirmed,"Range with bullish lean - ADX emerging, direction not confirmed",,,,50.7454,Neutral,2.6033,4.9478,bullish accelerating,Neutral,-3.8871,,,,,,,,,,Lower Half,Emerging,Bullish,No,No,Inside,,,,,,,,Normal,Falling,Weak Down,-0.2955,Distribution,34.0365,Neutral,,,,,,,,,,,,,
2023-12-14,237.0,246.8000030517578,236.8999938964844,242.0,888469,226.0417,,,69.31,Bull,Uptrend,Hold,Range,Bullish,74.8,Bull,Bullish confirmed,"Range with bullish lean - ADX emerging, direction not confirmed",,,,55.1378,Neutral,2.559,4.47,bullish fading,Neutral,2.0666,,,,,,,,,,Lower Half,Emerging,Bullish,No,No,Inside,,,,,,,,Normal,Falling,Weak Up,-0.2582,Distribution,43.6475,Neutral,,,,,,,,,,,,,
2023-12-15,243.3999938964844,251.0,239.0,245.6499938964844,1163729,226.8106,,,81.85,Strong Bull,Uptrend,Hold,Uptrend (HH+HL),Bullish,89.19,Strong Bull,Bullish confirmed,"Range with bullish lean - ADX emerging, direction not confirmed",,,,57.2486,Neutral,2.7862,4.1333,bullish fading,Neutral,4.1331,,,,,,,,,,Upper Half,Emerging,Bullish,No,No,Inside,,,,,,,,Normal,Falling,Confirmed Up,-0.2319,Distribution,45.3436,Neutral,,,,,,,,,,,,,
2023-12-18,245.3000030517578,245.3000030517578,238.1999969482422,239.1499938964844,433457,227.2945,,,71.36,Bull,Uptrend,Hold,Uptrend (HH+HL),Bullish,85.45,Strong Bull,Bullish confirmed,"Range with bullish lean - ADX emerging, direction not confirmed",,,,52.5105,Neutral,2.414,3.7894,bullish accelerating,Neutral,-3.3151,,,,,,,,,,Lower Half,Emerging,Bullish,No,No,Inside,,,,,,,,Normal,Falling,Weak Down,-0.195,Distribution,45.7621,Neutral,,,,,,,,,,,,,
2023-12-19,238.0,239.3500061035156,233.0,233.6499938964844,1586359,227.5438,,,61.78,Bull,Uptrend,Hold,Uptrend (HH+HL),Bullish,81.57,Strong Bull,Bullish confirmed,"Range with bullish lean - ADX emerging, direction not confirmed",,,,48.828,Neutral,1.6561,3.3627,bullish accelerating,Neutral,-3.2505,,,,,,,,,,Lower Half,Emerging,Bullish,No,No,Near Lower,,,,,,,,Normal,Falling,Confirmed Down,-0.2348,Distribution,42.6275,Neutral,,,,,,,,,,,,,
2023-12-20,234.0,235.5,218.0,220.3999938964844,1603712,227.2636,,,32.67,Bear,Uptrend,Hold,Uptrend (HH+HL),Bullish,52.9,Neutral,Mixed,"No clear trend - ADX emerging, price ranging",,,,41.3117,Neutral,-0.0135,2.6875,bearish accelerating,Oversold,-7.5503,,,,,,,,,,Below Lower,Emerging,Bearish,No,Yes,Breakout Down,,,,,,,,Normal,Falling,Confirmed Down,-0.2751,Distribution,40.5078,Neutral,,,,,,,,,,,,,
2023-12-21,218.0,226.0500030517578,215.3500061035156,224.3999938964844,771497,227.1513,,,33.56,Bear,Uptrend,Hold,Uptrend (HH+HL),Bullish,57.33,Neutral,Mixed,"No clear trend - ADX emerging, price ranging",,,,44.1088,Neutral,-1.0024,1.9495,bearish accelerating,Oversold,-5.4959,,,,,,,,,,At Lower,Emerging,Bearish,No,Yes,Inside,,,,,,,,Normal,Falling,Weak Up,-0.3565,Distribution,39.6556,Neutral,,,,,,,,,,,,,
2023-12-22,225.8500061035156,228.0500030517578,220.1499938964844,224.4499969482422,399856,227.0454,,,34.31,Bear,Uptrend,Hold,Range,Bullish,48.05,Neutral,Mixed,"No clear trend - ADX emerging, price ranging",,,,44.1446,Neutral,-1.7617,1.2073,bearish accelerating,Oversold,-4.9344,,,,,,,,,,Lower Half,Emerging,Bearish,No,Yes,Inside,,,,,,,,Normal,Falling,Weak Up,-0.3216,Distribution,33.7428,Neutral,,,,,,,,,,,,,
2023-12-26,225.6000061035156,225.6000061035156,219.5500030517578,221.75,346494,226.8377,,,33.3,Bear,Uptrend,Hold,Range,Bullish,45.45,Neutral,Mixed,"No clear trend - ADX emerging, price ranging",,,,42.5578,Neutral,-2.552,0.4554,bearish accelerating,Neutral,-8.9509,,,,,,,,,,At Lower,Emerging,Bearish,No,Yes,Inside,,,,,,,,Dry-up,Falling,Weak Down,-0.3019,Distribution,34.9389,Neutral,,,,,,,,,,,,,
2023-12-27,222.8000030517578,224.8999938964844,219.0,220.8999938964844,559828,226.6049,,,33.49,Bear,Uptrend,Hold,Range,Bullish,44.98,Neutral,Mixed,"No clear trend - ADX emerging, price ranging",100.0,"Outperforming, weakening",Leads both,42.0454,Neutral,-3.2098,-0.2776,bearish fading,Oversold,-7.7854,,,100.0,Positive,61.97,Bullish,Mixed,,"Bullish - components mixed, low conviction",Lower Half,Emerging,Bearish,No,No,Inside,,,,,,,,Normal,Falling,Weak Down,-0.2862,Distribution,34.549,Neutral,,,,,,,,,,,,,
2023-12-28,221.8999938964844,222.3000030517578,217.5,218.1000061035156,308510,226.2713,,,19.11,Strong Bear,Uptrend,Hold,Range,Bullish,37.42,Bear,Mixed,"Range with bearish lean - ADX emerging, direction not confirmed",92.03,"Outperforming, weakening",Leads both,40.3231,Neutral,-3.912,-1.0045,bearish fading,Oversold,-7.152,,,100.0,Positive fading,60.33,Bullish,Mixed,,"Bullish - components mixed, low conviction",Lower Half,Emerging,Bearish,No,No,Inside,,,,,,,,Dry-up,Falling,Weak Down,-0.2752,Distribution,34.4215,Neutral,,,,,,,,,,,,,
2023-12-29,219.6000061035156,225.0500030517578,212.5,222.8500061035156,1143763,226.1372,,,22.74,Bear,Uptrend,Hold,Range,Bullish,43.09,Neutral,Mixed,"No clear trend - ADX emerging, price ranging",84.62,"Outperforming, weakening",Leads both,44.4781,Neutral,-4.0387,-1.6114,bearish fading,Oversold,-7.9132,,,98.72,Positive fading,61.95,Bullish,Mixed,,"Bullish - components mixed, low conviction",Lower Half,Emerging,Bearish,No,No,Inside,,,,,,,,Normal,Falling,Confirmed Up,-0.1758,Distribution,41.7685,Neutral,,,,,,,,,,,,,
2024-01-01,223.8000030517578,223.8000030517578,216.3000030517578,217.3000030517578,383089,225.7906,,,19.69,Strong Bear,Uptrend,Hold,Range,Bullish,36.54,Bear,Mixed,"Range with bearish lean - ADX emerging, direction not confirmed",69.64,"Outperforming, weakening",Leads both,40.8953,Neutral,-4.5346,-2.196,bearish fading,Oversold,-11.5408,,,86.26,Positive fading,55.37,Neutral,Mixed,,"Neutral - components mixed, low conviction",Lower Half,Emerging,Bearish,No,No,Inside,,,,,,,,Normal,Falling,Weak Down,-0.1701,Distribution,34.4814,Neutral,,,,,,,,,,,,,
2024-01-02,218.4499969482422,218.4499969482422,211.75,214.5,670476,225.3478,,,18.63,Strong Bear,Downtrend,Sell,Range,Bullish,22.77,Strong Bear,Bearish confirmed,"Range with bearish lean - ADX emerging, direction not confirmed",44.98,"Underperforming, weakening",Lags both,39.1805,Neutral,-5.0949,-2.7758,bearish fading,Oversold,-10.3073,,,67.93,Positive fading,47.32,Neutral,Mixed,,"Neutral - components mixed, low conviction",Lower Half,Emerging,Bearish,Yes,No,Near Lower,,,,,,,,Normal,Falling,Weak Down,-0.2144,Distribution,34.1234,Neutral,,,,,,,,,,,,,
2024-01-03,214.8000030517578,223.5,212.6999969482422,221.4499969482422,554421,225.195,,,23.64,Bear,Downtrend,Hold,Range,Bullish,24.65,Strong Bear,Bearish confirmed,"Range with bearish lean - ADX emerging, direction not confirmed",52.13,"Outperforming, weakening",Leads NIFTY50 only,45.3103,Neutral,-4.9213,-3.2049,bearish fading,Oversold,-5.2215,,,70.84,Positive accelerating,50.82,Neutral,Mixed,,"Neutral - components mixed, low conviction",Lower Half,Emerging,Bearish,Yes,No,Inside,,,,,,,,Normal,Falling,Weak Up,-0.1719,Distribution,39.0104,Neutral,,,,,,,,,,,,,
2024-01-04,222.8000030517578,222.8000030517578,216.8000030517578,218.8000030517578,405561,224.9442,,,22.19,Bear,Downtrend,Hold,Range,Bullish,24.26,Strong Bear,Bearish confirmed,"Range with bearish lean - ADX emerging, direction not confirmed",53.39,"Outperforming, weakening",Leads NIFTY50 only,43.5096,Neutral,-4.9407,-3.5521,bearish fading,Oversold,-0.7259,,,74.53,Positive accelerating,51.87,Neutral,Mixed,,"Neutral - components mixed, low conviction",Lower Half,Emerging,Bearish,Yes,No,Inside,,,,,,,,Normal,Falling,Weak Down,-0.1641,Distribution,35.7333,Neutral,,,,,,,,,,,,,
2024-01-05,220.0,223.3999938964844,217.9499969482422,219.8500061035156,703765,224.7444,,,23.18,Bear,Downtrend,Hold,Range,Bullish,24.78,Strong Bear,Bearish confirmed,"Range with bearish lean - ADX emerging, direction not confirmed",61.55,"Outperforming, weakening",Leads both,44.4516,Neutral,-4.8158,-3.8048,bearish fading,Neutral,-2.0276,,,82.65,Positive accelerating,56.4,Neutral,Mixed,,"Neutral - components mixed, low conviction",Lower Half,Emerging,Bearish,Yes,No,Inside,,,,,,,,Normal,Falling,Weak Up,-0.1597,Distribution,31.9507,Neutral,,,,,,,,,,,,,
2024-01-08,221.3000030517578,221.3000030517578,212.3000030517578,213.1000061035156,796504,224.2878,,,25.43,Bear,Downtrend,Hold,Range,Bullish,25.33,Bear,Bearish confirmed,"Range with bearish lean - ADX emerging, direction not confirmed",37.34,"Underperforming, weakening",Lags both,39.8512,Neutral,-5.2015,-4.0841,bearish accelerating,Oversold,-5.0568,,,60.0,Positive fading,44.45,Neutral,Mixed,,"Neutral - components mixed, low conviction",Lower Half,Emerging,Bearish,Yes,No,Near Lower,,,,,,,,Normal,Falling,Confirmed Down,-0.1972,Distribution,31.0079,Neutral,,,,,,,,,,,,,
2024-01-09,216.0,219.8500061035156,212.8000030517578,215.0500030517578,734859,223.9255,,,26.51,Bear,Downtrend,Hold,Downtrend (LH+LL),Bearish,15.48,Strong Bear,Bearish confirmed,"Range with bearish lean - ADX emerging, direction not confirmed",22.78,"Underperforming, weakening",Lags both,41.7274,Neutral,-5.2889,-4.3251,bearish fading,Oversold,-3.0214,-0.5373,thin,47.47,Negative accelerating,39.97,Bearish,Bearish confirmed,,"Bearish - return-based components agree, MACD unavailable",Lower Half,Emerging,Bearish,Yes,No,Inside,,,,,,,,Normal,Falling,Confirmed Up,-0.2477,Distribution,41.9108,Neutral,,,,,,,,,,,,,
2024-01-10,214.0,216.6000061035156,212.1999969482422,213.5500030517578,434968,223.5186,,,11.61,Strong Bear,Downtrend,Hold,Downtrend (LH+LL),Bearish,10.01,Strong Bear,Bearish confirmed,"Range with bearish lean - ADX emerging, direction not confirmed",25.91,"Underperforming, weakening",Lags both,40.6763,Neutral,-5.4167,-4.5434,bearish fading,Oversold,-3.3273,-0.5594,thin,52.32,Positive accelerating,40.79,Bearish,Mixed,,"Bearish - components mixed, low conviction",Lower Half,Emerging,Bearish,Yes,No,Near Lower,,,,,,,,Normal,Falling,Weak Down,-0.2455,Distribution,48.1352,Neutral,,,,,,,,,,,,,
2024-01-11,214.8999938964844,216.0,212.0,212.5500030517578,464498,223.0885,,,10.56,Strong Bear,Downtrend,Hold,Downtrend (LH+LL),Bearish,9.39,Strong Bear,Bearish confirmed,"Range with bearish lean - ADX emerging, direction not confirmed",15.37,"Underperforming, weakening",Lags both,39.9537,Neutral,-5.5349,-4.7417,bearish fading,Oversold,-2.5447,-0.4831,thin,42.18,Negative accelerating,36.45,Bearish,Bearish confirmed,,"Bearish - return-based components agree, MACD unavailable",Lower Half,Emerging,Bearish,Yes,No,Near Lower,,,,,,,,Normal,Falling,Weak Down,-0.2532,Distribution,50.1437,Neutral,,,,,,,,,,,,,
2024-01-12,211.8000030517578,230.3000030517578,209.75,221.6499938964844,2155832,223.0321,,,16.33,Strong Bear,Downtrend,Hold,Downtrend (LH+LL),Bearish,19.41,Strong Bear,Bearish majority,"Range with bearish lean - ADX emerging, direction not confirmed",32.47,"Underperforming, weakening",Lags both,48.857,Neutral,-4.8385,-4.7611,bearish fading,Neutral,-0.5385,-0.2957,thin,57.0,Positive accelerating,48.28,Neutral,Mixed,,"Neutral - components mixed, low conviction",Lower Half,Emerging,Bullish,Yes,No,Inside,,,,,,,,High,Falling,Confirmed Up,-0.2125,Distribution,59.2505,Neutral,,,,,,,,,,,,,
2024-01-15,221.6499938964844,221.6499938964844,221.6499938964844,221.6499938964844,0,222.9779,,,19.0,Strong Bear,Downtrend,Hold,Downtrend (LH+LL),Bearish,19.78,Strong Bear,Bearish majority,"Range with bearish lean - ADX emerging, direction not confirmed",27.39,"Underperforming, weakening",Lags both,48.857,Neutral,-4.2378,-4.6564,Bullish crossover,Neutral,2.0018,-0.0595,thin,55.18,Positive fading,50.05,Neutral,Mixed,,"Neutral - components mixed, low conviction",Upper Half,Emerging,Bullish,No,No,Inside,,,,,,,Low vol - tight stops,Dry-up,Falling,Flat,-0.2384,Distribution,61.4928,Neutral,,,,,,,,,,,,,
2024-01-16,216.8999938964844,224.4499969482422,213.3999938964844,216.8500061035156,808991,222.7376,,,16.57,Strong Bear,Downtrend,Hold,Downtrend (LH+LL),Bearish,13.14,Strong Bear,Bearish confirmed,"Range with bearish lean - ADX no trend, direction not confirmed",1.57,"Underperforming, weakening",Lags both,44.794,Neutral,-4.1017,-4.5455,bearish accelerating,Neutral,1.0956,-0.1432,thin,34.36,Negative accelerating,41.68,Bearish,Mixed,,"Bearish - components mixed, low conviction",Lower Half,No Trend,Bearish,No,No,Inside,,,,,,,Wide stop - size down,Normal,Falling,Confirmed Down,-0.2314,Distribution,59.9468,Neutral,,,,,,,,,,,,,
2024-01-17,213.0,217.8500061035156,207.3999938964844,208.3000030517578,1079865,222.1714,,,7.65,Strong Bear,Downtrend,Hold,Downtrend (LH+LL),Bearish,10.04,Strong Bear,Bearish confirmed,"Range with bearish lean - ADX no trend, direction not confirmed",4.53,"Underperforming, weakening",Lags both,38.6312,Neutral,-4.6304,-4.5625,Bearish crossover,Neutral,-5.9381,-0.7963,thin,32.28,Negative accelerating,35.51,Bearish,Bearish confirmed,,"Bearish - return-based components agree, MACD unavailable",Below Lower,No Trend,Bearish,No,No,Breakout Down,,,,,,,Wide stop - size down,Normal,Falling,Confirmed Down,-0.2139,Distribution,55.6701,Neutral,,,,,,,,,,,,,
2024-01-18,212.8000030517578,219.3000030517578,207.3500061035156,217.0500030517578,1799265,221.9706,,,17.01,Strong Bear,Downtrend,Hold,Downtrend (LH+LL),Bearish,13.47,Strong Bear,Bearish confirmed,"Range with bearish lean - ADX no trend, direction not confirmed",25.99,"Underperforming, weakening",Lags both,46.7113,Neutral,-4.2939,-4.5087,Bullish crossover,Neutral,-0.7998,-0.3085,thin,47.45,Negative fading,43.97,Neutral,Bearish confirmed,,"Neutral - return-based components agree, MACD unavailable",Lower Half,No Trend,Bearish,No,No,Inside,,,,,,,Wide stop - size down,High,Falling,Confirmed Up,-0.0537,Distribution,58.1686,Neutral,,,,,,,,,,,,,
2024-01-19,220.0,227.8500061035156,215.3999938964844,216.3500061035156,1409020,221.7501,,,13.69,Strong Bear,Downtrend,Hold,Downtrend (LH+LL),Bearish,16.53,Strong Bear,Bearish majority,"Range with bearish lean - ADX no trend, direction not confirmed",16.02,"Underperforming, weakening",Lags both,46.1874,Neutral,-4.0371,-4.4144,bearish accelerating,Neutral,-1.592,-0.3808,thin,42.65,Negative accelerating,42.09,Neutral,Bearish confirmed,,"Neutral - return-based components agree, MACD unavailable",Lower Half,No Trend,Bullish,No,Yes,Inside,,,,,,,Wide stop - size down,Normal,Falling,Confirmed Down,-0.1654,Distribution,65.009,Neutral,,,,,,,,,,,,,
2024-01-23,223.3000030517578,223.3000030517578,212.1000061035156,216.0,712774,221.5246,,,10.9,Strong Bear,Downtrend,Hold,Downtrend (LH+LL),Bearish,12.64,Strong Bear,Bearish confirmed,"Range with bearish lean - ADX no trend, direction not confirmed",21.43,"Underperforming, weakening",Lags both,45.9101,Neutral,-3.8179,-4.2951,bearish accelerating,Neutral,1.3609,-0.0975,thin,43.59,Negative fading,44.16,Neutral,Bearish confirmed,,"Neutral - return-based components agree, MACD unavailable",Lower Half,No Trend,Bearish,No,Yes,Inside,,,,,,,Wide stop - size down,Normal,Falling,Weak Down,-0.1783,Distribution,64.7438,Neutral,,,,,,,,,,,,,
2024-01-24,217.6999969482422,217.6999969482422,210.0500030517578,214.0,537966,221.2296,,,9.48,Strong Bear,Downtrend,Hold,Downtrend (LH+LL),Bearish,12.52,Strong Bear,Bearish confirmed,"Range with bearish lean - ADX no trend, direction not confirmed",24.68,"Underperforming, weakening",Lags both,44.2745,Neutral,-3.7621,-4.1885,bearish fading,Neutral,-0.4883,-0.2737,thin,49.3,Negative fading,45.08,Neutral,Bearish confirmed,,"Neutral - return-based components agree, MACD unavailable",Lower Half,No Trend,Bearish,No,Yes,Inside,15.19,Very Low,,,Confirmed,"Very Low volatility, squeeze confirmed - expansion pending",Wide stop - size down,Normal,Falling,Weak Down,-0.169,Distribution,60.2519,Neutral,,,,,,,,,,,,,
2024-01-25,215.3000030517578,221.8000030517578,213.8500061035156,216.5,675869,221.0441,,,17.21,Strong Bear,Downtrend,Hold,Downtrend (LH+LL),Bearish,16.14,Strong Bear,Bearish majority,"Range with bearish lean - ADX no trend, direction not confirmed",43.71,"Underperforming, weakening",Lags both,46.8247,Neutral,-3.4761,-4.046,bearish accelerating,Neutral,1.3814,-0.0917,thin,66.45,Positive accelerating,52.99,Neutral,Mixed,,"Neutral - components mixed, low conviction",Lower Half,No Trend,Bullish,No,Yes,Inside,11.17,Very Low,,,Confirmed,"Very Low volatility, squeeze confirmed - expansion pending",Wide stop - size down,Normal,Falling,Weak Up,-0.1694,Distribution,61.1139,Neutral,,,,,,,,,,,,,
2024-01-29,218.3000030517578,230.0,216.25,224.1000061035156,1232377,221.1639,,,26.54,Bear,Downtrend,Hold,Downtrend (LH+LL),Bearish,20.55,Strong Bear,Bearish majority,"Range with bearish lean - ADX no trend, direction not confirmed",48.12,"Underperforming, improving",Lags both,53.7536,Neutral,-2.6062,-3.7581,bearish accelerating,Neutral,5.434,0.3018,thin,75.85,Positive accelerating,61.41,Bullish,Mixed,Bearish divergence,Bullish - bearish divergence vs price over 21 bars,Upper Half,No Trend,Bullish,No,Yes,Inside,14.36,Very Low,,,Confirmed,"Very Low volatility, squeeze confirmed - expansion pending",Wide stop - size down,Normal,Falling,Confirmed Up,-0.1357,Distribution,62.7896,Neutral,,,,,,,,,,,,,
2024-01-30,225.8000030517578,244.6000061035156,220.3999938964844,240.4499969482422,3502836,221.9202,,,69.48,Bull,Uptrend,Buy,Downtrend (LH+LL),Bearish,60.1,Bull,Bullish majority,"Range with bullish lean - ADX no trend, direction not confirmed",53.74,"Outperforming, strengthening",Leads NIFTY50 only,64.4773,Neutral,-0.5906,-3.1246,bearish accelerating,Neutral,8.4818,0.5959,thin,81.26,Positive accelerating,71.05,Strong Bullish,Bullish confirmed,None,"Strong Bullish - return-based components agree, MACD unavailable",Above Upper,No Trend,Bullish,No,Yes,Breakout Up,26.51,Low,,,Partial,"Low volatility, stable",Wide stop - size down,High,Rising,Confirmed Up,-0.0371,Neutral,74.8238,Neutral,,,,,,,,,,,,,
2024-01-31,241.9499969482422,245.0,232.1999969482422,234.5,1263627,222.4136,,,68.22,Bull,Uptrend,Hold,Downtrend (LH+LL),Bearish,60.34,Bull,Bullish majority,"Range with bullish lean - ADX no trend, direction not confirmed",38.79,"Underperforming, improving",Lags both,59.106,Neutral,0.5206,-2.3955,bullish accelerating,Neutral,5.7974,0.3287,thin,69.16,Positive fading,65.78,Bullish,Bullish confirmed,None,"Bullish - return-based components agree, MACD unavailable",Above Upper,No Trend,Bullish,Yes,Yes,Inside,36.42,Low,,,No,"Low volatility, stable",Wide stop - size down,Normal,Rising,Confirmed Down,-0.062,Distribution,75.8151,Neutral,,,,,,,,,,,,,
2024-02-01,235.6499938964844,242.5,228.1999969482422,230.8000030517578,823297,222.7424,,,81.76,Strong Bull,Uptrend,Hold,Downtrend (LH+LL),Bearish,65.36,Bull,Bullish majority,"Range with bullish lean - ADX no trend, direction not confirmed",42.95,"Underperforming, improving",Lags both,55.9828,Neutral,1.0901,-1.6984,bullish fading,Neutral,6.433,0.3889,thin,71.07,Positive accelerating,64.73,Bullish,Bullish confirmed,None,"Bullish - return-based components agree, MACD unavailable",Upper Half,No Trend,Bullish,Yes,Yes,Inside,41.66,Normal,,,No,"Normal volatility, stable",Wide stop - size down,Normal,Rising,Weak Down,-0.0816,Distribution,73.7695,Neutral,,,,,,,,,,,,,
2024-02-02,232.3000030517578,238.0,225.3500061035156,226.75,653659,222.8996,,,81.85,Strong Bull,Uptrend,Hold,Downtrend (LH+LL),Bearish,65.42,Bull,Bullish majority,"Range with bullish lean - ADX no trend, direction not confirmed",37.9,"Underperforming, improving",Lags both,52.7002,Neutral,1.2008,-1.1186,bullish fading,Neutral,8.8574,0.6253,thin,69.4,Positive fading,60.76,Bullish,Bullish confirmed,None,"Bullish - return-based components agree, MACD unavailable",Upper Half,No Trend,Bullish,Yes,Yes,Inside,44.76,Normal,,,No,"Normal volatility, stable",Wide stop - size down,Normal,Rising,Weak Down,-0.1234,Distribution,72.7584,Neutral,,,,,,,,,,,,,
2024-02-05,228.0,239.8999938964844,227.1499938964844,229.6499938964844,1172684,223.1643,,,83.86,Strong Bull,Uptrend,Hold,Downtrend (LH+LL),Bearish,66.26,Bull,Bullish majority,"Range with bullish lean - ADX no trend, direction not confirmed",29.41,"Underperforming, improving",Lags both,54.7463,Neutral,1.5052,-0.5938,bullish fading,Neutral,5.8051,0.3173,thin,62.84,Positive fading,58.26,Bullish,Bullish confirmed,None,"Bullish - return-based components agree, MACD unavailable",Upper Half,No Trend,Bullish,Yes,Yes,Inside,45.81,Normal,,,No,"Normal volatility, stable",Wide stop - size down,Normal,Rising,Confirmed Up,-0.1465,Distribution,71.1911,Neutral,,,,,,,,,,,,,
2024-02-06,232.5,233.6999969482422,228.0500030517578,231.5,709716,223.4912,,,85.17,Strong Bull,Uptrend,Hold,Downtrend (LH+LL),Bearish,66.84,Bull,Bullish majority,"Range with bullish lean - ADX no trend, direction not confirmed",21.2,"Underperforming, improving",Lags both,56.0525,Neutral,1.8741,-0.1002,bullish fading,Neutral,7.0025,0.4348,thin,56.19,Positive fading,56.23,Neutral,Bullish confirmed,None,"Neutral - return-based components agree, MACD unavailable",Upper Half,No Trend,Bullish,Yes,Yes,Inside,41.79,Normal,,,No,"Normal volatility, stable",Wide stop - size down,Normal,Rising,Weak Up,-0.1288,Distribution,68.0315,Neutral,,,,,,,,,,,,,
2024-02-07,258.8999938964844,277.79998779296875,252.0,277.79998779296875,11430995,225.621,,,95.67,Strong Bull,Uptrend,Hold,Downtrend (LH+LL),Bearish,72.16,Bull,Bullish majority,"Range with bullish lean - ADX emerging, direction not confirmed",74.81,"Outperforming, strengthening",Leads both,75.2811,Overbought,5.8352,1.0869,bullish accelerating,Neutral,28.6111,2.5036,thin,97.93,Positive accelerating,83.2,Strong Bullish,Bullish confirmed,None,"Strong Bullish - return-based components agree, MACD unavailable",Above Upper,Emerging,Bullish,Yes,Yes,Breakout Up,62.13,High,,,No,"High volatility, stable",Wide stop - size down,High,Rising,Confirmed Up,0.297,Accumulation,84.7668,Overbought,,,,,,,,,,,,,
2024-02-08,278.8999938964844,283.0,260.29998779296875,268.25,6427623,227.2927,,,97.6,Strong Bull,Uptrend,Hold,Downtrend (LH+LL),Bearish,74.46,Bull,Bullish majority,"Range with bullish lean - ADX emerging, direction not confirmed",58.24,"Outperforming, strengthening",Leads NIFTY50 only,68.6127,Neutral,8.1104,2.4916,bullish accelerating,Overbought,25.3505,2.1109,thin,80.36,Positive fading,74.64,Strong Bullish,Bullish confirmed,None,"Strong Bullish - return-based components agree, MACD unavailable",Above Upper,Emerging,Bullish,Yes,Yes,Inside,77.92,High,Expanding,62.73,No,Squeeze releasing - expanding 8 bars after compression,Wide stop - size down,High,Rising,Confirmed Down,0.2071,Accumulation,90.4187,Overbought,,,,,,,,,,,,,
2024-02-09,268.0,274.3500061035156,252.3999938964844,269.5,2272297,228.9479,,,99.44,Strong Bull,Uptrend,Hold,Downtrend (LH+LL),Bearish,76.05,Strong Bull,Bullish majority,"Strong Bull - majority agree, 1 dissenting, trending ADX",67.25,"Outperforming, strengthening",Leads both,68.9997,Neutral,9.9002,3.9733,bullish accelerating,Overbought,24.4804,1.9675,thin,88.28,Positive accelerating,78.89,Strong Bullish,Bullish confirmed,None,"Strong Bullish - return-based components agree, MACD unavailable",At Upper,Trending,Bullish,Yes,Yes,Inside,81.7,Very High,Expanding,70.54,No,Squeeze releasing - expanding 9 bars after compression,Wide stop - size down,Normal,Rising,Confirmed Up,0.2341,Accumulation,83.4229,Overbought,,,,,,,,,,,,,
2024-02-12,277.0,277.0,241.9499969482422,245.8999938964844,2091807,229.6127,,,91.66,Strong Bull,Uptrend,Hold,Downtrend (LH+LL),Bearish,73.56,Bull,Bullish majority,"Bull - majority agree, 1 dissenting, trending ADX",35.79,"Underperforming, improving",Lags both,55.167,Neutral,9.307,5.04,bullish fading,Neutral,9.7278,0.5763,thin,60.98,Positive fading,59.72,Bullish,Bullish confirmed,None,"Bullish - return-based components agree, MACD unavailable",Upper Half,Trending,Bullish,Yes,Yes,Inside,88.77,Very High,Expanding,74.41,No,Squeeze releasing - expanding 10 bars after compression,Wide stop - size down,Normal,Rising,Confirmed Down,0.1933,Accumulation,77.6169,Neutral,,,,,,,,,,,,,
2024-02-13,248.3000030517578,248.3000030517578,235.0500030517578,243.8999938964844,1631507,230.173,,,90.33,Strong Bull,Uptrend,Hold,Downtrend (LH+LL),Bearish,72.92,Bull,Bullish majority,"Bull - majority agree, 1 dissenting, trending ADX",27.01,"Underperforming, improving",Lags both,54.1758,Neutral,8.5766,5.7473,bullish fading,Neutral,1.4348,-0.205,thin,55.82,Positive fading,55.44,Neutral,Bullish confirmed,None,"Neutral - return-based components agree, MACD unavailable",Upper Half,Trending,Bullish,Yes,Yes,Inside,87.5,Very High,Expanding,60.99,No,Squeeze releasing - expanding 11 bars after compression,Wide stop - size down,Normal,Rising,Weak Down,0.2009,Accumulation,75.4906,Neutral,,,,,,,,,,,,,
2024-02-14,241.8000030517578,245.8999938964844,235.0,239.1999969482422,1355893,230.527,,,87.58,Strong Bull,Uptrend,Hold,Downtrend (LH+LL),Bearish,71.8,Bull,Bullish majority,"Bull - majority agree, 1 dissenting, trending ADX",24.97,"Underperforming, improving",Lags both,51.8195,Neutral,7.5317,6.1042,bullish fading,Neutral,2.0043,-0.1501,thin,54.84,Positive fading,51.71,Neutral,Mixed,None,"Neutral - components mixed, low conviction",Upper Half,Trending,Bullish,Yes,Yes,Inside,86.0,Very High,Expanding,49.57,No,Squeeze releasing - expanding 12 bars after compression,Wide stop - size down,Normal,Rising,Weak Down,0.1869,Accumulation,73.7257,Neutral,,,,,,,,,,,,,
2024-02-15,239.0,257.70001220703125,236.9499969482422,253.0,2804824,231.4083,,,95.21,Strong Bull,Uptrend,Hold,Range,Bullish,84.72,Strong Bull,Bullish confirmed,"Strong Bull - all 4 components agree, trending ADX",12.02,"Underperforming, improving",Lags both,57.6446,Neutral,7.7281,6.429,bullish fading,Neutral,9.6187,0.5724,thin,44.99,Negative accelerating,53.82,Neutral,Mixed,None,"Neutral - components mixed, low conviction",Upper Half,Trending,Bullish,Yes,Yes,Inside,85.08,Very High,Expanding,43.42,No,Squeeze releasing - expanding 13 bars after compression,Wide stop - size down,Normal,Rising,Confirmed Up,0.2205,Accumulation,75.2445,Neutral,,,,,,,,,,,,,
2024-02-16,254.8999938964844,262.29998779296875,252.75,254.0500030517578,1569216,232.2962,,,87.72,Strong Bull,Uptrend,Hold,Range,Bullish,82.47,Strong Bull,Bullish confirmed,"Strong Bull - all 4 components agree, trending ADX",21.13,"Underperforming, improving",Lags both,58.0601,Neutral,7.8777,6.7187,bullish fading,Neutral,12.0397,0.7969,thin,50.95,Positive accelerating,55.65,Neutral,Bullish majority,None,"Neutral - majority agree, 1 dissenting",Upper Half,Trending,Bullish,Yes,Yes,Inside,80.96,Very High,Expanding,36.2,No,Squeeze releasing - expanding 14 bars after compression,Wide stop - size down,Normal,Rising,Weak Up,0.2124,Accumulation,75.5692,Neutral,,,,,,,,,,,,,
2024-02-19,255.5,256.70001220703125,248.0,253.6999969482422,1007073,233.1355,,,91.21,Strong Bull,Uptrend,Hold,Range,Bullish,83.74,Strong Bull,Bullish confirmed,"Strong Bull - all 4 components agree, trending ADX",23.28,"Underperforming, improving",Lags both,57.8563,Neutral,7.8771,6.9504,bullish fading,Neutral,10.4725,0.6414,thin,52.47,Positive accelerating,55.93,Neutral,Bullish confirmed,None,Neutral - all 4 components agree incl. MACD acceleration,Upper Half,Trending,Bullish,Yes,Yes,Inside,78.98,High,Expanding,33.17,No,Squeeze releasing - expanding 15 bars after compression,Wide stop - size down,Dry-up,Rising,Weak Down,0.1976,Accumulation,71.2476,Neutral,,,,,,,,,,,,,
2024-02-20,270.0,298.8500061035156,268.0,290.3500061035156,11831512,235.3792,,,100.0,Strong Bull,Uptrend,Hold,Range,Bullish,87.87,Strong Bull,Bullish confirmed,"Strong Bull - all 4 components agree, trending ADX",57.1,"Outperforming, strengthening",Leads both,69.8048,Neutral,10.7106,7.7025,bullish accelerating,Neutral,25.4212,2.022,thin,80.67,Positive accelerating,73.85,Strong Bullish,Bullish confirmed,None,Strong Bullish - all 4 components agree incl. MACD acceleration,Above Upper,Trending,Bullish,Yes,Yes,Breakout Up,84.62,Very High,Expanding,42.83,No,Very High volatility and still expanding - move may be extended,Wide stop - size down,High,Rising,Confirmed Up,0.2804,Accumulation,78.5149,Neutral,,,,,,,,,,,,,
2024-02-21,290.3500061035156,293.3999938964844,281.0,282.70001220703125,3821230,237.235,,,99.74,Strong Bull,Uptrend,Hold,Uptrend (HH+HL),Bullish,98.75,Strong Bull,Bullish confirmed,"Strong Bull - all 4 components agree, trending ADX",58.03,"Outperforming, strengthening",Leads both,65.6226,Neutral,12.1983,8.6016,bullish accelerating,Neutral,1.7639,-0.2153,thin,80.4,Positive fading,74.34,Strong Bullish,Bullish confirmed,None,Strong Bullish - all 4 components agree incl. MACD acceleration,Upper Half,Trending,Bullish,Yes,Yes,Inside,89.35,Very High,Expanding,27.22,No,Very High volatility and still expanding - move may be extended,Wide stop - size down,Normal,Rising,Confirmed Down,0.2201,Accumulation,73.1207,Neutral,,,,,,,,,,,,,
2024-02-22,286.0,301.8999938964844,281.6499938964844,291.8999938964844,3832374,239.3787,,,100.0,Strong Bull,Uptrend,Hold,Uptrend (HH+HL),Bullish,99.89,Strong Bull,Bullish confirmed,"Strong Bull - all 4 components agree, trending ADX",67.34,"Outperforming, strengthening",Leads both,68.098,Neutral,13.9587,9.673,bullish accelerating,Overbought,8.8164,0.4526,thin,88.48,Positive accelerating,79.83,Strong Bullish,Bullish confirmed,None,Strong Bullish - all 4 components agree incl. MACD acceleration,At Upper,Trending,Bullish,Yes,Yes,Inside,87.04,Very High,Stable,9.12,No,"Very High volatility, stable",Wide stop - size down,Normal,Rising,Confirmed Up,0.2085,Accumulation,76.0415,Neutral,,,,,,,,,,,,,
2024-02-23,294.5,298.29998779296875,284.1000061035156,286.8999938964844,1694349,241.2423,,,98.35,Strong Bull,Uptrend,Hold,Uptrend (HH+HL),Bullish,99.42,Strong Bull,Bullish confirmed,"Strong Bull - all 4 components agree, trending ADX",46.26,"Underperforming, improving",Lags both,65.3441,Neutral,14.78,10.6944,bullish fading,Overbought,6.4564,0.2259,thin,71.25,Positive fading,73.07,Strong Bullish,Bullish confirmed,None,Strong Bullish - all 4 components agree incl. MACD acceleration,Upper Half,Trending,Bullish,Yes,Yes,Inside,85.37,Very High,Stable,3.66,No,"Very High volatility, stable",Wide stop - size down,Normal,Rising,Weak Down,0.1919,Accumulation,72.9691,Neutral,,,,,,,,,,,,,
2024-02-26,298.0,344.25,296.0,340.5,13842998,245.1347,,,100.0,Strong Bull,Uptrend,Hold,Uptrend (HH+HL),Bullish,100.0,Strong Bull,Bullish confirmed,"Strong Bull - all 4 components agree, trending ADX",100.0,"Outperforming, strengthening",Leads both,76.3742,Overbought,19.5308,12.4617,bullish accelerating,Overbought,38.4709,3.1078,thin,100.0,Positive accelerating,88.3,Strong Bullish,Bullish confirmed,None,Strong Bullish but overbought on RSI and Stochastic - stretched,Above Upper,Trending,Bullish,Yes,No,Breakout Up,86.87,Very High,Stable,-1.9,No,"Very High volatility, stable",Wide stop - size down,High,Rising,Confirmed Up,0.3153,Accumulation,80.1751,Overbought,,,,,,,,,,,,,
2024-02-27,340.8500061035156,347.79998779296875,326.0,329.79998779296875,4690926,248.4549,,,100.0,Strong Bull,Uptrend,Hold,Uptrend (HH+HL),Bullish,100.0,Strong Bull,Bullish confirmed,"Strong Bull - all 4 components agree, trending ADX",94.7,"Outperforming, strengthening",Leads both,71.4831,Overbought,22.1768,14.4047,bullish accelerating,Overbought,35.2194,2.6866,thin,100.0,Positive fading,86.86,Strong Bullish,Bullish confirmed,None,Strong Bullish but overbought on RSI and Stochastic - stretched,Above Upper,Trending,Bullish,Yes,No,Inside,91.57,Very High,Stable,4.07,No,"Very High volatility, stable",Wide stop - size down,Normal,Rising,Confirmed Down,0.2388,Accumulation,78.4298,Neutral,,,,,,,,,,,,,
2024-02-28,333.5,351.0,315.3500061035156,333.1000061035156,4681179,251.7743,,,100.0,Strong Bull,Uptrend,Hold,Uptrend (HH+HL),Bullish,100.0,Strong Bull,Bullish confirmed,"Strong Bull - all 4 components agree, trending ADX",100.0,"Outperforming, strengthening",Leads both,72.077,Overbought,24.2605,16.3759,bullish accelerating,Overbought,39.2559,2.8911,thin,100.0,Positive accelerating,87.06,Strong Bullish,Bullish confirmed,None,Strong Bullish but overbought on RSI and Stochastic - stretched,At Upper,Trending,Bullish,Yes,No,Inside,93.73,Very High,Stable,7.73,No,"Very High volatility, stable",Wide stop - size down,Normal,Rising,Confirmed Up,0.2385,Accumulation,69.0005,Neutral,,,,,,,,,,,,,
2024-02-29,333.1000061035156,364.0,330.6000061035156,354.3999938964844,4667312,255.7989,,,100.0,Strong Bull,Uptrend,Hold,Uptrend (HH+HL),Bullish,100.0,Strong Bull,Bullish confirmed,"Strong Bull - all 4 components agree, strong ADX",100.0,"Outperforming, strengthening",Leads both,75.6083,Overbought,27.3156,18.5638,bullish accelerating,Overbought,40.079,2.8212,thin,100.0,Positive accelerating,88.15,Strong Bullish,Bullish confirmed,None,Strong Bullish but overbought on RSI and Stochastic - stretched,Above Upper,Strong,Bullish,Yes,No,Breakout Up,93.07,Very High,Stable,7.99,No,"Very High volatility, stable",Wide stop - size down,Normal,Rising,Confirmed Up,0.2578,Accumulation,74.1293,Neutral,,,,,,,,,,,,,
2024-03-01,357.04998779296875,367.3999938964844,348.0,355.79998779296875,2291418,259.7205,,,100.0,Strong Bull,Uptrend,Hold,Uptrend (HH+HL),Bullish,100.0,Strong Bull,Bullish confirmed,"Strong Bull - all 4 components agree, strong ADX",100.0,"Outperforming, strengthening",Leads both,75.8247,Overbought,29.5096,20.753,bullish accelerating,Overbought,40.0512,2.6975,thin,100.0,Positive accelerating,88.27,Strong Bullish,Bullish confirmed,None,Strong Bullish but overbought on RSI and Stochastic - stretched,At Upper,Strong,Bullish,Yes,Yes,Inside,91.39,Very High,Stable,10.43,No,"Very High volatility, stable",Wide stop - size down,Normal,Rising,Weak Up,0.2535,Accumulation,77.453,Neutral,,,,,,,,,,,,,
2024-03-04,360.20001220703125,389.4500122070313,352.0,380.3999938964844,3498255,264.453,,,100.0,Strong Bull,Uptrend,Hold,Uptrend (HH+HL),Bullish,100.0,Strong Bull,Bullish confirmed,"Strong Bull - all 4 components agree, strong ADX",100.0,"Outperforming, strengthening",Leads both,79.3,Overbought,32.8547,23.1733,bullish accelerating,Overbought,49.9409,3.2665,thin,100.0,Positive accelerating,89.89,Strong Bullish,Bullish confirmed,None,Strong Bullish but overbought on RSI and Stochastic - stretched,Above Upper,Strong,Bullish,Yes,Yes,Breakout Up,91.34,Very High,Stable,12.37,No,"Very High volatility, stable",Wide stop - size down,Normal,Rising,Weak Up,0.2759,Accumulation,80.5886,Overbought,,,,,,,,,,,,,
2024-03-05,381.0,381.4500122070313,358.8500061035156,363.3999938964844,1403290,268.3333,,,99.45,Strong Bull,Uptrend,Hold,Uptrend (HH+HL),Bullish,99.81,Strong Bull,Bullish confirmed,"Strong Bull - all 4 components agree, strong ADX",100.0,"Outperforming, strengthening",Leads both,71.6361,Overbought,33.7449,25.2876,bullish fading,Overbought,25.1593,1.3914,thin,100.0,Positive fading,86.37,Strong Bullish,Bullish confirmed,None,Strong Bullish but overbought on RSI and Stochastic - stretched,Upper Half,Strong,Bullish,Yes,Yes,Inside,91.42,Very High,Stable,6.8,No,"Very High volatility, stable",Wide stop - size down,Dry-up,Rising,Weak Down,0.2622,Accumulation,79.7946,Neutral,,,,,,,,,,,,,
2024-03-06,362.7999877929688,362.7999877929688,340.0,344.75,1576829,271.33,,,95.79,Strong Bull,Uptrend,Hold,Uptrend (HH+HL),Bullish,98.53,Strong Bull,Bullish confirmed,"Strong Bull - all 4 components agree, strong ADX",100.0,"Outperforming, strengthening",Leads both,64.2948,Neutral,32.5701,26.7441,bullish fading,Overbought,21.9491,1.1392,thin,100.0,Positive fading,80.82,Strong Bullish,Bullish confirmed,None,Strong Bullish - all 4 components agree incl. MACD acceleration,Upper Half,Strong,Bullish,Yes,Yes,Inside,93.32,Very High,Stable,3.97,No,"Very High volatility, stable",Wide stop - size down,Dry-up,Rising,Weak Down,0.1354,Accumulation,76.7736,Neutral,,,,,,,,,,,,,
2024-03-07,344.95001220703125,354.6499938964844,333.1000061035156,335.1000061035156,659370,273.8308,,,94.2,Strong Bull,Uptrend,Hold,Uptrend (HH+HL),Bullish,97.97,Strong Bull,Bullish confirmed,"Strong Bull - all 4 components agree, strong ADX",100.0,"Outperforming, strengthening",Leads both,60.8217,Neutral,30.5087,27.497,bullish fading,Neutral,14.7996,0.6037,thin,100.0,Positive fading,74.37,Strong Bullish,Bullish confirmed,Bearish divergence,Strong Bullish - bearish divergence vs price over 21 bars,Upper Half,Strong,Bullish,Yes,Yes,Inside,92.52,Very High,Stable,5.48,No,"Very High volatility, stable",Wide stop - size down,Dry-up,Rising,Weak Down,0.1659,Accumulation,75.3764,Neutral,,,,,,,,,,,,,
2024-03-11,332.0,349.1000061035156,322.20001220703125,323.70001220703125,742959,275.7865,,,90.48,Strong Bull,Uptrend,Hold,Uptrend (HH+HL),Bullish,96.67,Strong Bull,Bullish confirmed,"Strong Bull - all 4 components agree, strong ADX",100.0,"Outperforming, strengthening",Leads both,56.9105,Neutral,27.6365,27.5249,bullish fading,Neutral,12.8268,0.4539,thin,100.0,Positive fading,66.39,Bullish,Bullish majority,Bearish divergence,Bullish - bearish divergence vs price over 21 bars,Upper Half,Strong,Bullish,Yes,Yes,Inside,92.15,Very High,Stable,6.79,No,"Very High volatility, stable",Wide stop - size down,Dry-up,Rising,Weak Down,0.1418,Accumulation,75.4087,Neutral,,,,,,,,,,,,,
2024-03-12,324.95001220703125,333.79998779296875,306.29998779296875,319.29998779296875,875862,277.4929,,,82.23,Strong Bull,Uptrend,Hold,Uptrend (HH+HL),Bullish,93.78,Strong Bull,Bullish confirmed,"Strong Bull - all 4 components agree, strong ADX",100.0,"Outperforming, strengthening",Leads both,55.4289,Neutral,24.7203,26.964,Bearish crossover,Neutral,-6.2261,-0.9636,thin,100.0,Positive fading,60.68,Bullish,Mixed,Bearish divergence,Bullish - bearish divergence vs price over 21 bars,Upper Half,Strong,Bullish,No,Yes,Inside,91.71,Very High,Stable,4.84,No,"Very High volatility, stable",Wide stop - size down,Dry-up,Rising,Weak Down,0.1673,Accumulation,68.8649,Neutral,,,,,,,,,,,,,
2024-03-13,324.0,328.0,285.1000061035156,293.29998779296875,1351759,278.1128,,,68.87,Bull,Downtrend,Sell,Uptrend (HH+HL),Bullish,44.1,Neutral,Mixed,"Neutral - components mixed, low conviction",89.15,"Outperforming, strengthening",Leads both,47.5513,Neutral,20.0798,25.5872,bullish accelerating,Neutral,-11.0673,-1.3091,thin,90.85,Positive fading,49.94,Neutral,Bearish majority,Bearish divergence,Neutral - bearish divergence vs price over 21 bars,Lower Half,Trending,Bearish,No,Yes,Inside,96.6,Very High,Stable,5.03,No,"Very High volatility, stable",Extreme vol - reduce size,Dry-up,Rising,Weak Down,0.1477,Accumulation,71.9508,Neutral,,,,,,,,,,,,,
2024-03-14,293.29998779296875,313.8999938964844,291.5,301.75,908818,279.0397,,,72.87,Bull,Downtrend,Hold,Uptrend (HH+HL),Bullish,45.5,Neutral,Mixed,"Neutral - components mixed, low conviction",100.0,"Outperforming, strengthening",Leads both,50.0366,Neutral,16.8892,23.8476,bullish accelerating,Neutral,-9.4116,-1.1723,thin,100.0,Positive accelerating,51.41,Neutral,Mixed,Bearish divergence,Neutral - bearish divergence vs price over 21 bars,Lower Half,Trending,Bearish,No,Yes,Inside,94.62,Very High,Stable,0.89,No,"Very High volatility, stable",Extreme vol - reduce size,Dry-up,Rising,Weak Up,0.1521,Accumulation,70.3083,Neutral,,,,,,,,,,,,,
2024-03-15,301.70001220703125,311.3500061035156,290.0,303.75,825173,280.0087,,,74.32,Bull,Downtrend,Hold,Uptrend (HH+HL),Bullish,46.01,Neutral,Mixed,"Neutral - components mixed, low conviction",100.0,"Outperforming, strengthening",Leads both,50.6329,Neutral,14.3566,21.9494,bullish accelerating,Oversold,-14.2918,-1.5122,thin,100.0,Positive accelerating,50.72,Neutral,Mixed,Bearish divergence,Neutral - bearish divergence vs price over 21 bars,Lower Half,Trending,Bearish,No,Yes,Inside,92.15,Very High,Stable,-0.91,No,"Very High volatility, stable",Extreme vol - reduce size,Dry-up,Rising,Weak Up,0.137,Accumulation,71.5097,Neutral,,,,,,,,,,,,,
2024-03-18,304.20001220703125,306.79998779296875,297.8999938964844,302.25,343182,280.881,,,74.27,Bull,Downtrend,Hold,Uptrend (HH+HL),Bullish,46.22,Neutral,Mixed,"Neutral - components mixed, low conviction",100.0,"Outperforming, strengthening",Leads both,50.1495,Neutral,12.0891,19.9773,bullish accelerating,Oversold,-15.0506,-1.5437,thin,99.79,Positive fading,50.76,Neutral,Mixed,Bearish divergence,Neutral - bearish divergence vs price over 21 bars,Lower Half,Trending,Bearish,No,Yes,Inside,87.84,Very High,Stable,-3.55,No,"Very High volatility, stable",Extreme vol - reduce size,Dry-up,Rising,Weak Down,0.1572,Accumulation,58.5774,Neutral,,,,,,,,,,,,,
2024-03-19,301.95001220703125,315.0,295.0,307.8500061035156,755401,281.9386,,,76.78,Bull,Downtrend,Hold,Uptrend (HH+HL),Bullish,65.54,Bull,Bullish majority,"Bull - majority agree, 1 dissenting, trending ADX",100.0,"Outperforming, strengthening",Leads both,51.9922,Neutral,10.6215,18.1062,bullish fading,Oversold,-19.072,-1.8034,thin,100.0,Positive accelerating,51.98,Neutral,Mixed,Bearish divergence,Neutral - bearish divergence vs price over 21 bars,Lower Half,Trending,Bullish,No,Yes,Inside,84.47,Very High,Stable,-6.87,No,"Very High volatility, stable",Wide stop - size down,Dry-up,Rising,Weak Up,0.1563,Accumulation,51.981,Neutral,,,,,,,,,,,,,
2024-03-20,310.29998779296875,310.79998779296875,291.8500061035156,296.5,537965,282.5096,,,71.83,Bull,Downtrend,Hold,Uptrend (HH+HL),Bullish,62.67,Bull,Bullish majority,"Bull - majority agree, 1 dissenting, trending ADX",100.0,"Outperforming, strengthening",Leads both,48.1105,Neutral,8.4452,16.174,bullish accelerating,Oversold,-18.4095,-1.7234,thin,97.96,Positive fading,49.94,Neutral,Bearish majority,Bearish divergence,Neutral - bearish divergence vs price over 21 bars,Lower Half,Trending,Bullish,No,Yes,Inside,83.26,Very High,Stable,-8.16,No,"Very High volatility, stable",Extreme vol - reduce size,Dry-up,Rising,Weak Down,0.0842,Accumulation,62.3574,Neutral,,,,,,,,,,,,,
2024-03-21,299.04998779296875,322.0,297.0,298.79998779296875,1981177,283.1484,,,66.14,Bull,Downtrend,Hold,Uptrend (HH+HL),Bullish,59.99,Neutral,Bullish majority,"Neutral - majority agree, 1 dissenting, trending ADX",100.0,"Outperforming, strengthening",Leads both,48.9424,Neutral,6.8274,14.3047,bullish fading,Oversold,-13.3285,-1.34,thin,100.0,Positive accelerating,50.99,Neutral,Bearish majority,Bearish divergence,Neutral - bearish divergence vs price over 21 bars,Lower Half,Trending,Bullish,No,Yes,Inside,79.48,High,Stable,-13.84,No,"High volatility, stable",Extreme vol - reduce size,Normal,Rising,Weak Up,0.1083,Accumulation,55.8985,Neutral,,,,,,,,,,,,,
2024-03-22,299.0,303.70001220703125,290.54998779296875,293.6000061035156,1083398,283.5583,,,46.47,Neutral,Downtrend,Hold,Uptrend (HH+HL),Bullish,52.22,Neutral,Mixed,"Neutral - components mixed, low conviction",100.0,"Outperforming, strengthening",Leads both,47.1038,Neutral,5.0673,12.4572,bullish fading,Oversold,-12.3844,-1.2575,thin,100.0,Positive accelerating,50.1,Neutral,Bearish majority,Bearish divergence,Neutral - bearish divergence vs price over 21 bars,Lower Half,Trending,Bullish,No,Yes,Inside,76.1,High,Stable,-16.41,No,"High volatility, stable",Wide stop - size down,Dry-up,Rising,Weak Down,0.1015,Accumulation,46.0459,Neutral,,,,,,,,,,,,,
2024-03-26,293.0,298.3999938964844,275.25,277.8500061035156,1357310,283.3345,,,39.84,Bear,Downtrend,Hold,Uptrend (HH+HL),Bullish,38.76,Bear,Bearish majority,"Range with bearish lean - ADX emerging, direction not confirmed",100.0,"Outperforming, weakening",Leads both,41.9618,Neutral,2.3741,10.4406,bullish accelerating,Oversold,-14.1644,-1.3674,thin,97.64,Positive fading,47.22,Neutral,Bearish majority,None,"Neutral - majority agree, 1 dissenting",Lower Half,Emerging,Bearish,No,Yes,Breakout Down,81.04,Very High,Stable,-11.11,No,"Very High volatility, stable",Extreme vol - reduce size,Normal,Rising,Weak Down,0.1016,Accumulation,26.6709,Neutral,,,,,,,,,,,,,
2024-03-27,280.0,297.1000061035156,277.0,292.8999938964844,1772486,283.7096,,,48.01,Neutral,Downtrend,Hold,Uptrend (HH+HL),Bullish,42.32,Neutral,Bearish majority,"No clear trend - ADX emerging, price ranging",100.0,"Outperforming, strengthening",Leads both,47.8231,Neutral,1.4375,8.64,bullish fading,Oversold,-8.2681,-0.939,thin,100.0,Positive accelerating,50.69,Neutral,Bearish majority,Bearish divergence,Neutral - bearish divergence vs price over 21 bars,Lower Half,Emerging,Bearish,No,Yes,Inside,80.29,Very High,Stable,-11.42,No,"Very High volatility, stable",Wide stop - size down,Normal,Falling,Weak Up,-0.1604,Distribution,37.9417,Neutral,,,,,,,,,,,,,
2024-03-28,296.0,297.70001220703125,286.54998779296875,287.79998779296875,836426,283.87,,,45.92,Neutral,Downtrend,Hold,Uptrend (HH+HL),Bullish,42.27,Neutral,Bearish majority,"No clear trend - ADX emerging, price ranging",100.0,"Outperforming, weakening",Leads both,46.1232,Neutral,0.2806,6.9681,bullish fading,Oversold,-1.8752,-0.4801,thin,100.0,Positive fading,51.01,Neutral,Bearish majority,None,"Neutral - majority agree, 1 dissenting",Lower Half,Emerging,Bearish,No,No,Inside,78.91,High,Stable,-17.69,No,"High volatility, stable",Wide stop - size down,Normal,Falling,Weak Down,-0.1047,Distribution,46.4134,Neutral,,,,,,,,,,,,,
2024-04-01,286.0,289.95001220703125,280.8999938964844,282.3500061035156,1953444,283.8104,,,43.88,Neutral,Downtrend,Hold,Range,Bullish,31.99,Bear,Bearish confirmed,"Range with bearish lean - ADX emerging, direction not confirmed",100.0,"Outperforming, weakening",Leads both,44.3106,Neutral,-1.0638,5.3617,bearish fading,Oversold,-6.4292,-0.8006,thin,100.0,Positive fading,51.08,Neutral,Bearish majority,None,"Neutral - majority agree, 1 dissenting",Lower Half,Emerging,Bearish,No,No,Inside,77.56,High,Stable,-17.06,No,"High volatility, stable",Wide stop - size down,Normal,Falling,Confirmed Down,-0.1589,Distribution,43.06,Neutral,,,,,,,,,,,,,
2024-04-02,284.5,284.79998779296875,267.5,268.75,3428505,283.2198,,,38.81,Bear,Downtrend,Hold,Range,Bullish,30.18,Bear,Bearish confirmed,"Range with bearish lean - ADX emerging, direction not confirmed",100.0,"Outperforming, weakening",Leads both,40.078,Neutral,-3.1899,3.6514,bearish accelerating,Oversold,-11.5226,-1.1543,thin,96.45,Positive fading,47.76,Neutral,Bearish majority,None,"Neutral - majority agree, 1 dissenting",Lower Half,Emerging,Bearish,No,No,Breakout Down,78.8,High,Stable,-13.36,No,"High volatility, stable",Wide stop - size down,High,Falling,Confirmed Down,-0.3403,Distribution,37.4061,Neutral,,,,,,,,,,,,,
2024-04-03,272.0,288.3500061035156,271.75,286.1000061035156,4112853,283.3327,,,47.73,Neutral,Downtrend,Hold,Range,Bullish,33.44,Bear,Bearish confirmed,"Range with bearish lean - ADX emerging, direction not confirmed",100.0,"Outperforming, weakening",Leads both,47.0295,Neutral,-3.4353,2.234,bearish fading,Oversold,-5.3433,-0.7072,thin,100.0,Positive accelerating,52.66,Neutral,Bearish majority,None,"Neutral - majority agree, 1 dissenting",Lower Half,Emerging,Bearish,No,No,Inside,77.11,High,Stable,-10.72,No,"High volatility, stable",Wide stop - size down,High,Falling,Confirmed Up,-0.2048,Distribution,50.9179,Neutral,,,,,,,,,,,,,
2024-04-04,289.0,299.5,285.8500061035156,296.5,3221616,283.8491,,,52.86,Neutral,Downtrend,Hold,Range,Bullish,35.84,Bear,Mixed,"Range with bearish lean - ADX no trend, direction not confirmed",100.0,"Outperforming, weakening",Leads both,50.72,Neutral,-2.7587,1.2355,bearish fading,Neutral,-3.6869,-0.5851,thin,100.0,Positive accelerating,57.43,Neutral,Mixed,None,"Neutral - components mixed, low conviction",Lower Half,No Trend,Bearish,No,No,Inside,68.61,High,Stable,-15.87,No,"High volatility, stable",Wide stop - size down,High,Falling,Confirmed Up,-0.2068,Distribution,60.9768,Neutral,,,,,,,,,,,,,
2024-04-05,295.0,295.95001220703125,287.29998779296875,294.20001220703125,1879628,284.255,,,51.39,Neutral,Downtrend,Hold,Range,Bullish,35.89,Bear,Mixed,"Range with bearish lean - ADX no trend, direction not confirmed",100.0,"Outperforming, weakening",Leads both,49.8922,Neutral,-2.3807,0.5122,bearish fading,Neutral,-0.7757,-0.3738,thin,100.0,Positive accelerating,60.51,Bullish,Bearish majority,None,"Bullish - majority agree, 1 dissenting",Lower Half,No Trend,Bearish,No,No,Inside,63.13,High,Contracting,-20.13,No,"High volatility, contracting - move losing energy",Wide stop - size down,Normal,Falling,Confirmed Down,-0.1387,Distribution,54.6224,Neutral,,,,,,,,,,,,,
2024-04-08,297.25,298.8500061035156,291.0,295.1499938964844,1555021,284.6823,,,54.15,Neutral,Downtrend,Hold,Range,Bullish,37.51,Bear,Mixed,"Range with bearish lean - ADX no trend, direction not confirmed",100.0,"Outperforming, weakening",Leads both,50.2533,Neutral,-1.9816,0.0135,bearish fading,Neutral,-1.2216,-0.404,thin,100.0,Positive fading,62.69,Bullish,Bullish majority,None,Bullish - price momentum agrees but MACD shows deceleration,Lower Half,No Trend,Bearish,No,No,Inside,53.06,Normal,Contracting,-26.43,No,"Normal volatility, contracting - move losing energy",Wide stop - size down,Normal,Falling,Confirmed Up,-0.1054,Distribution,59.4202,Neutral,,,,,,,,,,,,,
2024-04-09,295.95001220703125,297.45001220703125,283.70001220703125,291.0,1405215,284.93,,,62.27,Bull,Downtrend,Hold,Downtrend (LH+LL),Bearish,30.66,Bear,Bearish majority,"Range with bearish lean - ADX no trend, direction not confirmed",100.0,"Outperforming, weakening",Leads both,48.6051,Neutral,-1.9774,-0.3847,bearish fading,Neutral,-0.8856,-0.3779,thin,100.0,Positive fading,62.38,Bullish,Bearish majority,None,"Bullish - majority agree, 1 dissenting",Lower Half,No Trend,Bearish,No,No,Inside,47.85,Normal,Contracting,-28.25,No,"Normal volatility, contracting - move losing energy",Wide stop - size down,Normal,Falling,Weak Down,-0.0827,Distribution,55.611,Neutral,,,,,,,,,,,,,
2024-04-10,292.45001220703125,292.5,283.1000061035156,285.3999938964844,971952,284.9484,,,58.33,Neutral,Downtrend,Hold,Downtrend (LH+LL),Bearish,29.55,Bear,Bearish majority,"Range with bearish lean - ADX no trend, direction not confirmed",100.0,"Outperforming, weakening",Leads both,46.3939,Neutral,-2.3983,-0.7874,bearish accelerating,Neutral,2.7173,-0.1154,thin,100.0,Positive fading,61.06,Bullish,Bearish majority,None,"Bullish - majority agree, 1 dissenting",Lower Half,No Trend,Bearish,No,No,Inside,42.76,Normal,Contracting,-38.28,Partial,"Normal volatility, contracting - move losing energy",Wide stop - size down,Normal,Falling,Weak Down,-0.0768,Distribution,52.1864,Neutral,,,,,,,,,,,,,
2024-04-12,290.0,292.70001220703125,282.5,285.1499938964844,1937241,284.9563,,,52.5,Neutral,Downtrend,Hold,Downtrend (LH+LL),Bearish,27.73,Bear,Bearish majority,"Range with bearish lean - ADX no trend, direction not confirmed",100.0,"Outperforming, weakening",Leads both,46.2927,Neutral,-2.7207,-1.1741,bearish fading,Neutral,-2.646,-0.5046,thin,100.0,Positive accelerating,60.4,Bullish,Bearish majority,None,"Bullish - majority agree, 1 dissenting",Lower Half,No Trend,Bearish,No,No,Inside,36.74,Low,Contracting,-43.55,Partial,"Low volatility, contracting - coiling, watch for breakout",Wide stop - size down,Normal,Falling,Confirmed Down,-0.1017,Distribution,49.5881,Neutral,,,,,,,,,,,,,
2024-04-15,280.0,285.0,271.3999938964844,280.1499938964844,1197727,284.7679,,,45.0,Neutral,Downtrend,Hold,Downtrend (LH+LL),Bearish,24.86,Strong Bear,Bearish confirmed,"Range with bearish lean - ADX no trend, direction not confirmed",100.0,"Outperforming, weakening",Leads both,44.2143,Neutral,-3.3411,-1.6075,bearish accelerating,Neutral,-2.6581,-0.5029,thin,100.0,Positive fading,59.18,Bullish,Bearish majority,None,"Bullish - majority agree, 1 dissenting",Lower Half,No Trend,Bearish,No,No,Inside,37.76,Low,Contracting,-41.14,Partial,"Low volatility, contracting - coiling, watch for breakout",Wide stop - size down,Normal,Falling,Weak Down,-0.0654,Distribution,43.4272,Neutral,,,,,,,,,,,,,
2024-04-16,278.5,286.20001220703125,278.20001220703125,284.0,896135,284.7377,,,47.09,Neutral,Downtrend,Hold,Downtrend (LH+LL),Bearish,25.44,Bear,Bearish confirmed,"Range with bearish lean - ADX no trend, direction not confirmed",100.0,"Outperforming, weakening",Leads both,46.2166,Neutral,-3.482,-1.9824,bearish fading,Neutral,0.5844,-0.2636,thin,100.0,Positive accelerating,60.89,Bullish,Bearish majority,Bullish divergence,Bullish - bullish divergence vs price over 21 bars,Lower Half,No Trend,Bearish,No,No,Inside,32.72,Low,Contracting,-44.83,Partial,"Low volatility, contracting - coiling, watch for breakout",Wide stop - size down,Normal,Falling,Weak Up,-0.0505,Distribution,47.1553,Neutral,,,,,,,,,,,,,
2024-04-18,287.1000061035156,290.29998779296875,280.3500061035156,281.8999938964844,1303045,284.6265,,,45.55,Neutral,Downtrend,Hold,Downtrend (LH+LL),Bearish,25.0,Bear,Bearish confirmed,"Range with bearish lean - ADX no trend, direction not confirmed",100.0,"Outperforming, weakening",Leads both,45.2623,Neutral,-3.7202,-2.3299,bearish fading,Neutral,4.893,0.054,thin,100.0,Positive fading,61.28,Bullish,Bearish majority,Bullish divergence,Bullish - bullish divergence vs price over 21 bars,Lower Half,No Trend,Bearish,No,No,Inside,30.9,Low,Contracting,-47.9,Partial,"Low volatility, contracting - coiling, watch for breakout",Wide stop - size down,Normal,Falling,Weak Down,-0.0846,Distribution,52.1431,Neutral,,,,,,,,,,,,,
2024-04-19,277.04998779296875,280.0,273.3999938964844,275.70001220703125,838515,284.2764,,,28.58,Bear,Downtrend,Hold,Downtrend (LH+LL),Bearish,18.87,Strong Bear,Bearish confirmed,"Range with bearish lean - ADX no trend, direction not confirmed",100.0,"Outperforming, weakening",Leads both,42.4738,Neutral,-4.359,-2.7358,bearish accelerating,Neutral,-3.6351,-0.5745,thin,98.77,Positive fading,59.36,Bullish,Bearish majority,Bullish divergence,Bullish - bullish divergence vs price over 21 bars,Lower Half,No Trend,Bearish,Yes,No,Inside,30.09,Low,Contracting,-47.03,Partial,"Low volatility, contracting - coiling, watch for breakout",Wide stop - size down,Normal,Falling,Weak Down,-0.0908,Distribution,47.1194,Neutral,,,,,,,,,,,,,
2024-04-22,278.79998779296875,285.0,278.0,281.3999938964844,1008922,284.1636,,,31.22,Bear,Downtrend,Hold,Downtrend (LH+LL),Bearish,19.91,Strong Bear,Bearish confirmed,"Range with bearish lean - ADX no trend, direction not confirmed",100.0,"Outperforming, weakening",Leads both,45.7809,Neutral,-4.3552,-3.0596,bearish fading,Neutral,-5.0928,-0.6789,thin,100.0,Positive accelerating,60.9,Bullish,Bearish majority,Bullish divergence,Bullish - bullish divergence vs price over 21 bars,Lower Half,No Trend,Bearish,Yes,No,Inside,26.01,Low,Contracting,-42.6,Partial,"Low volatility, contracting - coiling, watch for breakout",Wide stop - size down,Normal,Falling,Weak Up,-0.0974,Distribution,47.4142,Neutral,,,,,,,,,,,,,
2024-04-23,283.45001220703125,288.8500061035156,280.79998779296875,282.95001220703125,1142477,284.116,,,31.38,Bear,Downtrend,Hold,Range,Bearish,30.29,Bear,Bearish confirmed,"Range with bearish lean - ADX no trend, direction not confirmed",100.0,"Outperforming, weakening",Leads both,46.6786,Neutral,-4.1789,-3.2835,bearish fading,Neutral,-3.8239,-0.5815,thin,100.0,Positive accelerating,61.92,Bullish,Bearish majority,Bullish divergence,Bullish - bullish divergence vs price over 21 bars,Lower Half,No Trend,Bearish,No,No,Inside,23.44,Low,Contracting,-39.69,Confirmed,"Low volatility, squeeze confirmed - expansion pending",Wide stop - size down,Normal,Falling,Weak Up,-0.1033,Distribution,53.5333,Neutral,,,,,,,,,,,,,
2024-04-24,283.5,303.0,282.8999938964844,296.5,4211543,284.6017,,,55.79,Neutral,Downtrend,Hold,Range,Bearish,39.87,Bear,Mixed,"Range with bearish lean - ADX no trend, direction not confirmed",100.0,"Outperforming, weakening",Leads both,53.8691,Neutral,-2.9122,-3.2092,Bullish crossover,Neutral,0.4574,-0.2611,thin,100.0,Positive accelerating,68.09,Bullish,Bullish confirmed,None,Bullish - all 4 components agree incl. MACD acceleration,Upper Half,No Trend,Bullish,No,No,Inside,24.69,Low,Contracting,-28.37,Confirmed,"Low volatility, squeeze confirmed - expansion pending",Wide stop - size down,High,Falling,Confirmed Up,-0.0088,Neutral,68.1087,Neutral,,,,,,,,,,,,,
2024-04-25,294.79998779296875,304.70001220703125,292.0,297.45001220703125,4029044,285.1055,,,62.79,Bull,Downtrend,Hold,Range,Bearish,42.08,Neutral,Mixed,"No clear trend - ADX no trend, price ranging",100.0,"Outperforming, weakening",Leads both,54.3341,Neutral,-1.8108,-2.9296,bearish accelerating,Neutral,2.2165,-0.129,thin,100.0,Positive fading,70.87,Strong Bullish,Bullish confirmed,Bullish divergence,Strong Bullish - bullish divergence vs price over 21 bars,Upper Half,No Trend,Bullish,No,No,Inside,18.52,Very Low,Contracting,-29.33,Partial,"Very Low volatility, contracting - coiling, watch for breakout",Wide stop - size down,High,Falling,Confirmed Up,-0.0079,Neutral,68.2835,Neutral,,,,,,,,,,,,,
2024-04-26,298.8500061035156,310.0,296.20001220703125,308.0,3377460,286.0033,,,82.87,Strong Bull,Downtrend,Hold,Range,Bearish,55.56,Neutral,Mixed,"No clear trend - ADX no trend, price ranging",100.0,"Outperforming, strengthening",Leads both,59.2466,Neutral,-0.0857,-2.3608,bearish accelerating,Overbought,7.9187,0.2982,thin,100.0,Positive accelerating,75.88,Strong Bullish,Bullish confirmed,None,Strong Bullish - all 4 components agree incl. MACD acceleration,Above Upper,No Trend,Bullish,No,No,Breakout Up,18.77,Very Low,Contracting,-23.99,No,"Very Low volatility, contracting - coiling, watch for breakout",Wide stop - size down,Normal,Falling,Confirmed Up,0.0765,Accumulation,68.6304,Neutral,,,,,,,,,,,,,
2024-04-29,311.0,314.29998779296875,305.04998779296875,310.1000061035156,2244195,286.9483,,,87.81,Strong Bull,Downtrend,Hold,Range,Bearish,58.86,Neutral,Mixed,"No clear trend - ADX no trend, price ranging",100.0,"Outperforming, strengthening",Leads both,60.1652,Neutral,1.4344,-1.6018,bullish accelerating,Overbought,8.7498,0.3594,thin,100.0,Positive accelerating,77.6,Strong Bullish,Bullish confirmed,None,Strong Bullish - all 4 components agree incl. MACD acceleration,Above Upper,No Trend,Bullish,No,No,Breakout Up,20.14,Low,Stable,-16.6,No,"Low volatility, stable",Wide stop - size down,Normal,Falling,Confirmed Up,0.0558,Accumulation,76.3993,Neutral,,,,,,,,,,,,,
2024-04-30,310.0,316.25,300.29998779296875,302.04998779296875,1346456,287.5405,,,86.61,Strong Bull,Downtrend,Hold,Range,Bearish,53.04,Neutral,Mixed,"No clear trend - ADX no trend, price ranging",100.0,"Outperforming, strengthening",Leads both,55.0433,Neutral,1.9668,-0.888,bullish fading,Overbought,7.8172,0.2877,thin,100.0,Positive fading,75.39,Strong Bullish,Bullish confirmed,None,Strong Bullish - all 4 components agree incl. MACD acceleration,Upper Half,No Trend,Bullish,No,No,Inside,24.47,Low,Stable,-13.29,No,"Low volatility, stable",Wide stop - size down,Normal,Falling,Weak Down,0.0456,Neutral,70.8431,Neutral,,,,,,,,,,,,,
2024-05-02,305.45001220703125,311.6000061035156,299.5,302.1000061035156,1372442,288.1115,,,89.05,Strong Bull,Downtrend,Hold,Range,Bearish,53.78,Neutral,Mixed,"No clear trend - ADX no trend, price ranging",100.0,"Outperforming, strengthening",Leads both,55.0689,Neutral,2.3656,-0.2373,bullish fading,Neutral,6.3732,0.1774,thin,100.0,Positive fading,73.97,Strong Bullish,Bullish confirmed,None,Strong Bullish - all 4 components agree incl. MACD acceleration,Upper Half,No Trend,Bullish,No,No,Inside,24.8,Low,Stable,-7.92,No,"Low volatility, stable",Wide stop - size down,Normal,Falling,Weak Up,0.0593,Accumulation,70.7572,Neutral,,,,,,,,,,,,,
2024-05-03,307.0,309.8999938964844,302.0,306.6499938964844,1949698,288.8385,,,91.88,Strong Bull,Downtrend,Hold,Range,Bearish,57.71,Neutral,Mixed,"No clear trend - ADX no trend, price ranging",100.0,"Outperforming, strengthening",Leads both,57.4425,Neutral,3.014,0.4129,bullish fading,Neutral,8.7797,0.3593,thin,100.0,Positive fading,74.19,Strong Bullish,Bullish confirmed,None,Strong Bullish - all 4 components agree incl. MACD acceleration,Upper Half,No Trend,Bullish,No,No,Inside,20.79,Low,Stable,-10.1,No,"Low volatility, stable",Wide stop - size down,Normal,Falling,Weak Up,0.1435,Accumulation,75.4388,Neutral,,,,,,,,,,,,,
2024-05-06,308.70001220703125,308.70001220703125,288.8500061035156,295.45001220703125,1578300,289.0978,,,86.72,Strong Bull,Downtrend,Hold,Range,Bearish,50.35,Neutral,Mixed,"No clear trend - ADX no trend, price ranging",96.49,"Outperforming, strengthening",Leads both,50.3865,Neutral,2.5942,0.8492,bullish fading,Neutral,7.1636,0.2349,thin,95.75,Positive fading,68.95,Bullish,Bullish confirmed,None,Bullish - all 4 components agree incl. MACD acceleration,Upper Half,No Trend,Bearish,No,No,Inside,24.25,Low,Stable,-5.84,No,"Low volatility, stable",Wide stop - size down,Normal,Falling,Weak Down,0.0591,Accumulation,76.262,Neutral,,,,,,,,,,,,,
2024-05-07,296.04998779296875,296.04998779296875,283.8999938964844,287.54998779296875,1175368,289.0371,,,78.52,Bull,Downtrend,Hold,Range,Bearish,47.48,Neutral,Mixed,"No clear trend - ADX no trend, price ranging",99.92,"Outperforming, strengthening",Leads both,46.0863,Neutral,1.6055,1.0005,bullish fading,Neutral,2.1855,-0.1463,thin,95.25,Positive fading,64.33,Bullish,Bullish majority,None,"Bullish - majority agree, 1 dissenting",Lower Half,No Trend,Bearish,No,No,Inside,25.08,Low,Stable,-0.93,No,"Low volatility, stable",Wide stop - size down,Normal,Falling,Weak Down,-0.0018,Neutral,76.2049,Neutral,,,,,,,,,,,,,
2024-05-08,286.8999938964844,295.5,284.3999938964844,292.3999938964844,951787,289.1689,,,76.47,Bull,Downtrend,Hold,Uptrend (HH+HL),Bullish,56.76,Neutral,Mixed,"No clear trend - ADX no trend, price ranging",100.0,"Outperforming, weakening",Leads both,48.9659,Neutral,1.1995,1.0403,bullish fading,Neutral,3.3398,-0.0572,thin,100.0,Positive accelerating,64.53,Bullish,Mixed,Bullish divergence,Bullish - bullish divergence vs price over 21 bars,Upper Half,No Trend,Bearish,No,No,Inside,22.54,Low,Stable,-0.9,No,"Low volatility, stable",Wide stop - size down,Normal,Falling,Weak Up,-0.0221,Neutral,76.2752,Neutral,,,,,,,,,,,,,
2024-05-09,292.25,293.79998779296875,283.0,287.25,907084,289.0937,,,70.09,Bull,Downtrend,Hold,Uptrend (HH+HL),Bullish,54.53,Neutral,Mixed,"No clear trend - ADX no trend, price ranging",100.0,"Outperforming, strengthening",Leads both,46.1473,Neutral,0.457,0.9236,Bearish crossover,Neutral,-3.1197,-0.5535,thin,100.0,Positive fading,61.83,Bullish,Bearish majority,Bullish divergence,Bullish - bullish divergence vs price over 21 bars,Lower Half,No Trend,Bearish,No,No,Inside,23.03,Low,Stable,-1.65,No,"Low volatility, stable",Wide stop - size down,Normal,Falling,Weak Down,-0.0308,Neutral,72.5843,Neutral,,,,,,,,,,,,,
2024-05-10,290.79998779296875,290.79998779296875,281.25,287.5,449510,289.0312,,,56.93,Neutral,Downtrend,Hold,Uptrend (HH+HL),Bullish,49.93,Neutral,Mixed,"No clear trend - ADX no trend, price ranging",100.0,"Outperforming, strengthening",Leads both,46.3089,Neutral,-0.1101,0.7169,bearish accelerating,Neutral,-3.3451,-0.5683,thin,100.0,Positive fading,60.97,Bullish,Bearish majority,None,"Bullish - majority agree, 1 dissenting",Lower Half,No Trend,Bearish,No,No,Inside,21.06,Low,Stable,2.54,No,"Low volatility, stable",Wide stop - size down,Dry-up,Falling,Weak Up,-0.0301,Neutral,73.5577,Neutral,2 - Advancing,early,64.0,1.0,,,WAIT,55.26,1.0,Trend,"2 - Advancing, but trend score 50 does not confirm long - no directional edge",,
2024-05-13,287.8999938964844,289.0,274.1499938964844,276.75,1744382,288.5496,,,46.83,Neutral,Downtrend,Hold,Uptrend (HH+HL),Bullish,46.39,Neutral,Mixed,"No clear trend - ADX no trend, price ranging",96.88,"Outperforming, weakening",Leads both,40.6599,Neutral,-1.4107,0.2914,bearish accelerating,Neutral,-10.1461,-1.0876,thin,89.09,Positive fading,53.1,Neutral,Bearish majority,None,"Neutral - majority agree, 1 dissenting",Lower Half,No Trend,Bearish,Yes,Yes,Inside,26.63,Low,Stable,7.85,No,"Low volatility, stable",Wide stop - size down,Normal,Falling,Confirmed Down,-0.0484,Neutral,68.0465,Neutral,2 - Advancing,early,64.0,2.0,,,WAIT,48.91,1.0,Trend,"2 - Advancing, but trend score 46 does not confirm long - no directional edge",,
2024-05-14,278.79998779296875,287.0,278.75,285.70001220703125,487772,288.4378,,,47.96,Neutral,Downtrend,Hold,Uptrend (HH+HL),Bullish,46.37,Neutral,Bearish majority,"No clear trend - ADX no trend, price ranging",53.83,"Outperforming, strengthening",Leads NIFTY50 only,46.5102,Neutral,-1.6996,-0.1068,bearish fading,Oversold,-7.8684,-0.9053,thin,55.69,Positive fading,44.82,Neutral,Bearish majority,Bearish divergence,Neutral - bearish divergence vs price over 21 bars,Lower Half,No Trend,Bearish,Yes,Yes,Inside,22.23,Low,Stable,2.1,No,"Low volatility, stable",Wide stop - size down,Dry-up,Falling,Weak Up,-0.0113,Neutral,67.273,Neutral,2 - Advancing,early,64.0,3.0,,,WAIT,48.81,1.0,Trend,"2 - Advancing, but trend score 46 does not confirm long - no directional edge",,
2024-05-15,287.5,291.3500061035156,283.6000061035156,288.45001220703125,467840,288.4383,,,47.66,Neutral,Downtrend,Hold,Uptrend (HH+HL),Bullish,46.22,Neutral,Bearish majority,"No clear trend - ADX no trend, price ranging",63.27,"Outperforming, strengthening",Leads both,48.2001,Neutral,-1.6872,-0.4229,bearish fading,Neutral,-4.5026,-0.641,thin,65.06,Positive accelerating,49.03,Neutral,Bearish majority,Bearish divergence,Neutral - bearish divergence vs price over 21 bars,Lower Half,No Trend,Bearish,Yes,No,Inside,18.62,Very Low,Stable,-5.85,No,"Very Low volatility, stable",Wide stop - size down,Dry-up,Falling,Weak Up,-0.0187,Neutral,61.7901,Neutral,2 - Advancing,early,64.0,4.0,,,WAIT,50.01,1.0,Trend,"2 - Advancing, but trend score 46 does not confirm long - no directional edge",,
2024-05-16,290.0,292.6499938964844,285.5,289.45001220703125,483742,288.478,,,46.93,Neutral,Downtrend,Hold,Uptrend (HH+HL),Bullish,46.04,Neutral,Bearish majority,"No clear trend - ADX no trend, price ranging",61.38,"Outperforming, strengthening",Leads both,48.8331,Neutral,-1.5785,-0.654,bearish fading,Neutral,-4.1874,-0.6136,thin,64.81,Positive fading,50.91,Neutral,Bearish majority,Bearish divergence,Neutral - bearish divergence vs price over 21 bars,Lower Half,No Trend,Bearish,Yes,No,Inside,14.84,Very Low,Stable,-9.97,No,"Very Low volatility, stable",Wide stop - size down,Dry-up,Falling,Weak Up,-0.0303,Neutral,54.4585,Neutral,2 - Advancing,early,64.0,5.0,,,WAIT,50.49,1.0,Trend,"2 - Advancing, but trend score 46 does not confirm long - no directional edge",,
2024-05-17,291.6000061035156,292.54998779296875,285.79998779296875,287.3500061035156,451711,288.4338,,,45.92,Neutral,Downtrend,Hold,Uptrend (HH+HL),Bullish,45.75,Neutral,Bearish majority,"No clear trend - ADX no trend, price ranging",82.31,"Outperforming, weakening",Leads both,47.5198,Neutral,-1.6429,-0.8518,bearish fading,Neutral,-6.2938,-0.7736,thin,83.71,Positive accelerating,56.57,Neutral,Bearish majority,Bearish divergence,Neutral - bearish divergence vs price over 21 bars,Lower Half,No Trend,Bearish,Yes,No,Inside,11.66,Very Low,Stable,-9.13,No,"Very Low volatility, stable",Wide stop - size down,Dry-up,Falling,Weak Down,-0.0096,Neutral,42.8029,Neutral,2 - Advancing,early,64.0,6.0,,,WAIT,50.86,1.0,Trend,"2 - Advancing, but trend score 46 does not confirm long - no directional edge","2 - Advancing, but trend score 50 does not confirm long - no directional edge",
2024-05-21,292.29998779296875,292.29998779296875,286.0,287.8500061035156,517353,288.4109,,,50.22,Neutral,Downtrend,Hold,Uptrend (HH+HL),Bullish,47.32,Neutral,Mixed,"No clear trend - ADX no trend, price ranging",86.01,"Outperforming, weakening",Leads both,47.8792,Neutral,-1.6347,-1.0084,bearish fading,Neutral,-2.5723,-0.4812,thin,86.04,Positive accelerating,57.59,Neutral,Bearish majority,Bearish divergence,Neutral - bearish divergence vs price over 21 bars,Lower Half,No Trend,Bearish,Yes,No,Inside,9.02,Very Low,Stable,-15.23,No,"Very Low volatility, stable",Wide stop - size down,Dry-up,Falling,Weak Up,-0.0083,Neutral,35.1582,Neutral,2 - Advancing,early,64.0,7.0,,,WAIT,53.07,1.0,Trend,"2 - Advancing, but trend score 47 does not confirm long - no directional edge","2 - Advancing, but trend score 46 does not confirm long - no directional edge",
2024-05-22,289.6499938964844,311.8999938964844,285.5,310.54998779296875,3417849,289.2791,,,85.54,Strong Bull,Downtrend,Hold,Uptrend (HH+HL),Bullish,68.46,Bull,Bullish majority,"Range with bullish lean - ADX no trend, direction not confirmed",100.0,"Outperforming, strengthening",Leads both,60.9537,Neutral,0.2011,-0.7665,Bullish crossover,Neutral,7.9986,0.3444,thin,100.0,Positive accelerating,70.73,Strong Bullish,Bullish confirmed,None,Strong Bullish - all 4 components agree incl. MACD acceleration,Upper Half,No Trend,Bullish,No,No,Inside,12.93,Very Low,Stable,-12.15,No,"Very Low volatility, stable",Wide stop - size down,High,Rising,Confirmed Up,0.0882,Accumulation,52.4885,Neutral,2 - Advancing,early,84.0,8.0,,,WAIT,62.0,1.0,Weak ADX,"2 - Advancing, trend 68 but ADX shows no trend, this is a range - wait for alignment","2 - Advancing, but trend score 46 does not confirm long - no directional edge",
2024-05-23,312.79998779296875,318.29998779296875,308.04998779296875,314.1000061035156,2036986,290.2524,,,90.38,Strong Bull,Downtrend,Hold,Uptrend (HH+HL),Bullish,72.93,Bull,Bullish majority,"Range with bullish lean - ADX no trend, direction not confirmed",98.32,"Outperforming, strengthening",Leads both,62.5365,Neutral,1.9204,-0.2291,bullish accelerating,Neutral,7.4213,0.298,thin,98.3,Positive fading,74.89,Strong Bullish,Bullish confirmed,None,Strong Bullish - all 4 components agree incl. MACD acceleration,Upper Half,No Trend,Bullish,Yes,No,Near Upper,14.68,Very Low,Stable,-7.86,No,"Very Low volatility, stable",Low vol - tight stops,Normal,Rising,Confirmed Up,0.1129,Accumulation,63.0958,Neutral,2 - Advancing,early,84.0,9.0,,,WAIT,62.0,1.0,Weak ADX,"2 - Advancing, trend 73 but ADX shows no trend, this is a range - wait for alignment","2 - Advancing, but trend score 46 does not confirm long - no directional edge",
2024-05-24,329.0,338.1000061035156,312.8500061035156,314.79998779296875,6462975,291.2151,,,94.54,Strong Bull,Downtrend,Hold,Uptrend (HH+HL),Bullish,75.99,Strong Bull,Bullish majority,"Range with bullish lean - ADX no trend, direction not confirmed",99.39,"Outperforming, strengthening",Leads both,62.8562,Neutral,3.3013,0.477,bullish accelerating,Overbought,9.5909,0.4668,thin,97.83,Positive fading,77.05,Strong Bullish,Bullish confirmed,None,Strong Bullish - all 4 components agree incl. MACD acceleration,Upper Half,No Trend,Bullish,Yes,No,Inside,24.4,Low,Stable,1.37,No,"Low volatility, stable",Wide stop - size down,High,Rising,Confirmed Up,-0.0904,Distribution,71.6357,Neutral,2 - Advancing,early,84.0,10.0,,,WAIT,62.0,1.0,Weak ADX,"2 - Advancing, trend 76 but ADX shows no trend, this is a range - wait for alignment","2 - Advancing, but trend score 46 does not confirm long - no directional edge",
2024-05-27,314.70001220703125,314.79998779296875,297.0,298.70001220703125,1667169,291.5086,,,87.36,Strong Bull,Downtrend,Hold,Uptrend (HH+HL),Bullish,62.94,Bull,Bullish majority,"Range with bullish lean - ADX no trend, direction not confirmed",85.19,"Outperforming, weakening",Leads both,51.8878,Neutral,3.0613,0.9938,bullish fading,Neutral,3.8957,0.0175,thin,85.47,Positive fading,66.59,Bullish,Bullish confirmed,Bearish divergence,Bullish - bearish divergence vs price over 21 bars,Upper Half,No Trend,Bullish,Yes,No,Inside,37.13,Low,Stable,16.07,No,"Low volatility, stable",Wide stop - size down,Normal,Rising,Confirmed Down,-0.1203,Distribution,71.2338,Neutral,2 - Advancing,early,84.0,11.0,,,WAIT,62.0,1.0,Weak ADX,"2 - Advancing, trend 63 but ADX shows no trend, this is a range - wait for alignment","2 - Advancing, but trend score 46 does not confirm long - no directional edge","2 - Advancing, but trend score 50 does not confirm long - no directional edge"
2024-05-28,299.0,301.20001220703125,286.0,287.79998779296875,1154936,291.3632,,,82.85,Strong Bull,Downtrend,Hold,Uptrend (HH+HL),Bullish,60.51,Bull,Bullish majority,"Range with bullish lean - ADX no trend, direction not confirmed",40.02,"Underperforming, weakening",Lags both,46.0314,Neutral,1.9689,1.1888,bullish fading,Neutral,3.9928,0.0251,thin,48.24,Negative accelerating,48.84,Neutral,Bearish majority,None,Neutral - price momentum agrees but MACD shows deceleration,Lower Half,No Trend,Bullish,Yes,No,Inside,39.99,Low,Stable,13.36,No,"Low volatility, stable",Wide stop - size down,Normal,Falling,Weak Down,-0.2353,Distribution,71.2671,Neutral,2 - Advancing,early,84.0,12.0,,,WAIT,57.18,1.0,Weak ADX,"2 - Advancing, trend 61 but ADX shows no trend, this is a range - wait for alignment","2 - Advancing, but trend score 47 does not confirm long - no directional edge","2 - Advancing, but trend score 46 does not confirm long - no directional edge"
2024-05-29,287.0,289.29998779296875,282.29998779296875,282.8999938964844,1064038,291.0313,,,77.32,Bull,Downtrend,Hold,Uptrend (HH+HL),Bullish,57.92,Neutral,Bullish majority,"No clear trend - ADX no trend, price ranging",42.81,"Underperforming, weakening",Lags both,43.6465,Neutral,0.6996,1.091,Bearish crossover,Neutral,-0.9801,-0.3685,thin,50.14,Positive accelerating,44.73,Neutral,Bearish majority,None,"Neutral - majority agree, 1 dissenting",Lower Half,No Trend,Bullish,Yes,Yes,Inside,35.9,Low,Stable,13.67,No,"Low volatility, stable",Wide stop - size down,Normal,Falling,Weak Down,-0.2812,Distribution,66.7002,Neutral,2 - Advancing,early,84.0,13.0,,,WAIT,54.78,1.0,Trend,"2 - Advancing, but trend score 58 does not confirm long - no directional edge","2 - Advancing, trend 68 but ADX shows no trend, this is a range - wait for alignment","2 - Advancing, but trend score 46 does not confirm long - no directional edge"
2024-05-30,281.79998779296875,282.6000061035156,268.0,269.6499938964844,1545147,290.1928,,,29.76,Bear,Downtrend,Hold,Uptrend (HH+HL),Bullish,39.74,Bear,Bearish majority,"Range with bearish lean - ADX no trend, direction not confirmed",27.89,"Underperforming, weakening",Lags both,37.9246,Neutral,-1.3597,0.6009,bearish accelerating,Oversold,-6.5176,-0.8052,thin,34.76,Negative accelerating,34.38,Bearish,Bearish confirmed,None,Bearish - all 4 components agree incl. MACD acceleration,At Lower,No Trend,Bearish,No,Yes,Breakout Down,44.17,Normal,Expanding,25.55,No,"Normal volatility, expanding - range widening",Wide stop - size down,Normal,Falling,Confirmed Down,-0.2842,Distribution,65.0787,Neutral,2 - Advancing,early,40.0,14.0,,,STAND ASIDE,50.0,0.0,Stage unclear,2 - Advancing but stage confidence only 40 - regime not established,"2 - Advancing, trend 73 but ADX shows no trend, this is a range - wait for alignment","2 - Advancing, but trend score 46 does not confirm long - no directional edge"
2024-05-31,272.0,276.70001220703125,264.3999938964844,271.04998779296875,1442460,289.4421,,,27.73,Bear,Downtrend,Hold,Uptrend (HH+HL),Bullish,39.06,Bear,Bearish majority,"Range with bearish lean - ADX no trend, direction not confirmed",32.61,"Underperforming, weakening",Lags both,38.8369,Neutral,-2.846,-0.0885,bearish accelerating,Oversold,-6.3569,-0.7883,thin,38.95,Negative fading,34.19,Bearish,Bearish confirmed,None,Bearish - all 4 components agree incl. MACD acceleration,Lower Half,No Trend,Bearish,No,Yes,Inside,45.51,Normal,Expanding,30.68,No,"Normal volatility, expanding - range widening",Wide stop - size down,Normal,Falling,Weak Up,-0.2535,Distribution,62.608,Neutral,2 - Advancing,early,40.0,15.0,,,STAND ASIDE,50.0,0.0,Stage unclear,2 - Advancing but stage confidence only 40 - regime not established,"2 - Advancing, trend 76 but ADX shows no trend, this is a range - wait for alignment","2 - Advancing, but trend score 46 does not confirm long - no directional edge"
2024-06-03,280.75,281.0,268.5,269.75,1182886,288.6699,,,11.21,Strong Bear,Downtrend,Hold,Uptrend (HH+HL),Bullish,33.52,Bear,Bearish majority,"Range with bearish lean - ADX no trend, direction not confirmed",0.0,"Underperforming, weakening",Lags both,38.2744,Neutral,-4.0817,-0.8872,bearish accelerating,Oversold,-6.1249,-0.766,thin,8.44,Negative accelerating,23.99,Strong Bearish,Bearish confirmed,None,Strong Bearish - all 4 components agree incl. MACD acceleration,Lower Half,No Trend,Bearish,No,Yes,Inside,47.42,Normal,Expanding,35.76,No,"Normal volatility, expanding - range widening",Wide stop - size down,Normal,Falling,Weak Down,-0.3044,Distribution,68.9478,Neutral,2 - Advancing,early,20.0,16.0,,,STAND ASIDE,50.0,0.0,Stage unclear,2 - Advancing but stage confidence only 20 - regime not established,"2 - Advancing, trend 63 but ADX shows no trend, this is a range - wait for alignment","2 - Advancing, but trend score 46 does not confirm long - no directional edge"
2024-06-04,267.0,267.54998779296875,234.5,260.04998779296875,2383762,287.5475,,,5.14,Strong Bear,Downtrend,Hold,Uptrend (HH+HL),Bullish,30.58,Bear,Bearish majority,"Range with bearish lean - ADX no trend, direction not confirmed",0.66,"Underperforming, weakening",Lags both,34.2839,Neutral,-5.7772,-1.8652,bearish accelerating,Oversold,-9.6578,-1.0414,thin,7.7,Negative accelerating,22.5,Strong Bearish,Bearish confirmed,None,Strong Bearish - all 4 components agree incl. MACD acceleration,At Lower,No Trend,Bearish,No,Yes,Breakout Down,57.29,Normal,Expanding,48.26,No,"Normal volatility, expanding - range widening",Wide stop - size down,Normal,Falling,Confirmed Down,-0.2352,Distribution,62.5476,Neutral,2 - Advancing,early,20.0,17.0,,,STAND ASIDE,50.0,0.0,Stage unclear,2 - Advancing but stage confidence only 20 - regime not established,"2 - Advancing, trend 61 but ADX shows no trend, this is a range - wait for alignment","2 - Advancing, but trend score 47 does not confirm long - no directional edge"
2024-06-05,262.0,272.3999938964844,250.0500030517578,267.8500061035156,2645703,286.7751,,,8.4,Strong Bear,Downtrend,Hold,Uptrend (HH+HL),Bullish,31.2,Bear,Bearish majority,"Range with bearish lean - ADX no trend, direction not confirmed",0.0,"Underperforming, weakening",Lags both,39.7259,Neutral,-6.4175,-2.7756,bearish fading,Neutral,-13.7498,-1.3562,thin,10.82,Negative fading,26.4,Strong Bearish,Bearish confirmed,None,Strong Bearish - all 4 components agree incl. MACD acceleration,Lower Half,No Trend,Bearish,Yes,Yes,Inside,65.46,High,Expanding,52.53,No,High volatility and still expanding - move may be extended,Wide stop - size down,Normal,Falling,Confirmed Up,-0.1595,Distribution,65.2624,Neutral,2 - Advancing,early,20.0,18.0,,,STAND ASIDE,50.0,0.0,Stage unclear,2 - Advancing but stage confidence only 20 - regime not established,"2 - Advancing, but trend score 58 does not confirm long - no directional edge","2 - Advancing, trend 68 but ADX shows no trend, this is a range - wait for alignment"
2024-06-06,271.0,284.0,271.0,282.79998779296875,1849943,286.6192,,,16.37,Strong Bear,Downtrend,Hold,Uptrend (HH+HL),Bullish,36.44,Bear,Bearish majority,"Range with bearish lean - ADX no trend, direction not confirmed",0.0,"Underperforming, weakening",Lags both,48.5245,Neutral,-5.6534,-3.3512,bearish fading,Neutral,-9.965,-1.0477,thin,9.59,Negative accelerating,32.26,Bearish,Bearish confirmed,None,Bearish - all 4 components agree incl. MACD acceleration,Lower Half,No Trend,Bearish,Yes,Yes,Inside,62.56,High,Expanding,47.87,No,High volatility and still expanding - move may be extended,Wide stop - size down,Normal,Falling,Confirmed Up,-0.1214,Distribution,66.8713,Neutral,2 - Advancing,early,20.0,19.0,,,STAND ASIDE,50.0,0.0,Stage unclear,2 - Advancing but stage confidence only 20 - regime not established,2 - Advancing but stage confidence only 40 - regime not established,"2 - Advancing, trend 73 but ADX shows no trend, this is a range - wait for alignment"
2024-06-07,283.95001220703125,287.3999938964844,279.5,281.1000061035156,786693,286.4027,,,15.1,Strong Bear,Downtrend,Hold,Uptrend (HH+HL),Bullish,34.97,Bear,Bearish majority,"Range with bearish lean - ADX no trend, direction not confirmed",0.0,"Underperforming, weakening",Lags both,47.6723,Neutral,-5.1259,-3.7061,bearish fading,Neutral,-10.7052,-1.0991,thin,8.01,Negative accelerating,33.79,Bearish,Bearish confirmed,None,Bearish - all 4 components agree incl. MACD acceleration,Lower Half,No Trend,Bearish,Yes,Yes,Inside,60.68,High,Expanding,36.28,No,High volatility and still expanding - move may be extended,Wide stop - size down,Dry-up,Falling,Weak Down,-0.1304,Distribution,68.8264,Neutral,2 - Advancing,mid,20.0,20.0,,,STAND ASIDE,50.0,0.0,Stage unclear,2 - Advancing but stage confidence only 20 - regime not established,2 - Advancing but stage confidence only 40 - regime not established,"2 - Advancing, trend 76 but ADX shows no trend, this is a range - wait for alignment"
2024-06-10,283.0,284.6000061035156,279.1499938964844,280.79998779296875,508706,286.183,,,14.79,Strong Bear,Downtrend,Hold,Uptrend (HH+HL),Bullish,34.8,Bear,Bearish majority,"Range with bearish lean - ADX no trend, direction not confirmed",0.0,"Underperforming, weakening",Lags both,47.5137,Neutral,-4.6782,-3.9005,bearish fading,Neutral,-5.9926,-0.7205,thin,0.0,Negative accelerating,32.93,Bearish,Bearish confirmed,None,Bearish - all 4 components agree incl. MACD acceleration,Lower Half,No Trend,Bearish,Yes,Yes,Inside,58.17,Normal,Expanding,21.04,No,"Normal volatility, expanding - range widening",Wide stop - size down,Dry-up,Falling,Weak Down,-0.1407,Distribution,67.0609,Neutral,2 - Advancing,mid,20.0,21.0,,,STAND ASIDE,50.0,0.0,Stage unclear,2 - Advancing but stage confidence only 20 - regime not established,2 - Advancing but stage confidence only 20 - regime not established,"2 - Advancing, trend 63 but ADX shows no trend, this is a range - wait for alignment"
2024-06-11,281.95001220703125,294.95001220703125,279.25,289.1499938964844,1463027,286.2994,,,31.29,Bear,Downtrend,Hold,Range,Bearish,37.01,Bear,Bearish confirmed,"Range with bearish lean - ADX no trend, direction not confirmed",0.0,"Underperforming, weakening",Lags both,52.2727,Neutral,-3.608,-3.842,Bullish crossover,Neutral,0.4691,-0.2047,thin,9.14,Negative fading,39.08,Bearish,Mixed,Bearish divergence,Bearish - bearish divergence vs price over 21 bars,Upper Half,No Trend,Bearish,No,Yes,Inside,56.98,Normal,Stable,16.98,No,"Normal volatility, stable",Wide stop - size down,Normal,Falling,Weak Up,-0.0946,Distribution,64.4048,Neutral,2 - Advancing,mid,20.0,22.0,,,STAND ASIDE,50.0,0.0,Stage unclear,2 - Advancing but stage confidence only 20 - regime not established,2 - Advancing but stage confidence only 20 - regime not established,"2 - Advancing, trend 61 but ADX shows no trend, this is a range - wait for alignment"
2024-06-12,289.0,300.0,280.0,295.8500061035156,7622230,286.6739,,,35.07,Bear,Downtrend,Hold,Range,Bearish,44.02,Neutral,Mixed,"No clear trend - ADX no trend, price ranging",5.1,"Underperforming, improving",Lags both,55.7404,Neutral,-2.1939,-3.5124,bearish accelerating,Neutral,4.5776,0.1235,thin,21.63,Negative fading,46.25,Neutral,Bullish majority,Bearish divergence,Neutral - bearish divergence vs price over 21 bars,Upper Half,No Trend,Bullish,No,Yes,Inside,58.72,Normal,Expanding,22.82,No,"Normal volatility, expanding - range widening",Wide stop - size down,High,Rising,Confirmed Up,0.028,Neutral,70.5483,Neutral,2 - Advancing,mid,20.0,23.0,,,STAND ASIDE,50.0,0.0,Stage unclear,2 - Advancing but stage confidence only 20 - regime not established,2 - Advancing but stage confidence only 20 - regime not established,"2 - Advancing, but trend score 58 does not confirm long - no directional edge"
2024-06-13,305.0,308.70001220703125,296.3999938964844,298.29998779296875,3027403,287.1298,,,49.18,Neutral,Uptrend,Buy,Range,Bearish,62.21,Bull,Mixed,"Range with bullish lean - ADX no trend, direction not confirmed",12.48,"Underperforming, weakening",Lags both,56.9715,Neutral,-0.8656,-2.9831,bearish accelerating,Neutral,10.6249,0.606,thin,28.04,Negative fading,51.19,Neutral,Bullish majority,None,"Neutral - majority agree, 1 dissenting",Upper Half,No Trend,Bullish,No,No,Inside,56.81,Normal,Stable,12.63,No,"Normal volatility, stable",Wide stop - size down,Normal,Rising,Confirmed Up,-0.0267,Neutral,66.2583,Neutral,2 - Advancing,mid,40.0,24.0,,,STAND ASIDE,50.0,0.0,Stage unclear,2 - Advancing but stage confidence only 40 - regime not established,2 - Advancing but stage confidence only 20 - regime not established,2 - Advancing but stage confidence only 40 - regime not established
2024-06-14,301.5,301.6000061035156,290.54998779296875,292.95001220703125,867073,287.3581,,,59.62,Neutral,Uptrend,Hold,Range,Bearish,65.87,Bull,Mixed,"Range with bullish lean - ADX no trend, direction not confirmed",13.57,"Underperforming, weakening",Lags both,53.4736,Neutral,-0.2418,-2.4348,bearish accelerating,Neutral,8.0797,0.4001,thin,31.0,Negative fading,52.17,Neutral,Bullish majority,None,"Neutral - majority agree, 1 dissenting",Upper Half,No Trend,Bullish,No,No,Inside,56.25,Normal,Stable,10.73,No,"Normal volatility, stable",Wide stop - size down,Dry-up,Rising,Weak Down,-0.0393,Neutral,68.3904,Neutral,2 - Advancing,mid,64.0,25.0,,,WAIT,58.59,1.0,Trend agreement,"2 - Advancing, trend 66 but components disagree - wait for alignment",2 - Advancing but stage confidence only 20 - regime not established,2 - Advancing but stage confidence only 40 - regime not established
2024-06-18,293.29998779296875,311.8999938964844,289.04998779296875,310.29998779296875,4606035,288.2578,,,88.24,Strong Bull,Uptrend,Hold,Range,Bearish,75.88,Strong Bull,Mixed,"Range with bullish lean - ADX no trend, direction not confirmed",29.27,"Underperforming, improving",Lags both,61.6887,Neutral,1.6337,-1.6211,bullish accelerating,Overbought,15.0324,0.9548,thin,44.36,Negative fading,61.71,Bullish,Bullish majority,None,"Bullish - majority agree, 1 dissenting",Upper Half,No Trend,Bullish,No,No,Inside,57.07,Normal,Stable,9.65,No,"Normal volatility, stable",Wide stop - size down,Normal,Rising,Confirmed Up,0.0551,Accumulation,76.0021,Neutral,2 - Advancing,mid,84.0,26.0,,,WAIT,62.0,1.0,Trend agreement,"2 - Advancing, trend 76 but components disagree - wait for alignment",2 - Advancing but stage confidence only 20 - regime not established,2 - Advancing but stage confidence only 20 - regime not established
2024-06-19,311.0,312.8500061035156,298.04998779296875,301.1499938964844,1609879,288.7633,,,87.85,Strong Bull,Uptrend,Hold,Range,Bearish,75.75,Strong Bull,Mixed,"Range with bullish lean - ADX no trend, direction not confirmed",39.44,"Underperforming, improving",Lags both,56.0663,Neutral,2.3546,-0.826,bullish fading,Overbought,15.8047,1.0109,thin,55.35,Positive accelerating,63.41,Bullish,Bullish confirmed,None,Bullish - all 4 components agree incl. MACD acceleration,Upper Half,No Trend,Bullish,No,No,Inside,59.5,Normal,Stable,2.21,No,"Normal volatility, stable",Wide stop - size down,Normal,Rising,Weak Down,0.0386,Neutral,79.8566,Neutral,2 - Advancing,mid,84.0,27.0,,,WAIT,62.0,1.0,Trend agreement,"2 - Advancing, trend 76 but components disagree - wait for alignment",2 - Advancing but stage confidence only 20 - regime not established,2 - Advancing but stage confidence only 20 - regime not established
2024-06-20,302.29998779296875,302.3500061035156,295.95001220703125,296.75,693716,289.0765,,,85.45,Strong Bull,Uptrend,Hold,Range,Bearish,74.91,Bull,Mixed,"Range with bullish lean - ADX no trend, direction not confirmed",29.82,"Underperforming, weakening",Lags both,53.5393,Neutral,2.5416,-0.1525,bullish fading,Overbought,10.7896,0.6043,thin,46.69,Negative accelerating,59.36,Bullish,Bullish majority,None,"Bullish - majority agree, 1 dissenting",Upper Half,No Trend,Bullish,No,No,Inside,54.48,Normal,Stable,-10.99,No,"Normal volatility, stable",Wide stop - size down,Dry-up,Rising,Weak Down,-0.0394,Neutral,81.8105,Overbought,2 - Advancing,mid,84.0,28.0,,,WAIT,62.0,1.0,Trend agreement,"2 - Advancing, trend 75 but components disagree - wait for alignment",2 - Advancing but stage confidence only 20 - regime not established,2 - Advancing but stage confidence only 20 - regime not established
2024-06-21,299.0,302.70001220703125,292.0,292.95001220703125,852623,289.2284,,,82.93,Strong Bull,Uptrend,Hold,Range,Bearish,74.03,Bull,Mixed,"Range with bullish lean - ADX no trend, direction not confirmed",24.34,"Underperforming, weakening",Lags both,51.3852,Neutral,2.356,0.3492,bullish fading,Neutral,3.5891,0.023,thin,42.89,Negative accelerating,55.56,Neutral,Bullish majority,None,"Neutral - majority agree, 1 dissenting",Upper Half,No Trend,Bullish,No,No,Inside,50.65,Normal,Stable,-11.91,No,"Normal volatility, stable",Wide stop - size down,Dry-up,Rising,Weak Down,-0.0651,Distribution,83.1149,Overbought,2 - Advancing,mid,84.0,29.0,,,WAIT,62.0,1.0,Trend agreement,"2 - Advancing, trend 74 but components disagree - wait for alignment",2 - Advancing but stage confidence only 40 - regime not established,2 - Advancing but stage confidence only 20 - regime not established
2024-06-24,290.5,292.0,286.04998779296875,287.29998779296875,817470,289.1528,,,79.54,Bull,Uptrend,Hold,Range,Bearish,72.84,Bull,Mixed,"Range with bullish lean - ADX no trend, direction not confirmed",20.83,"Underperforming, weakening",Lags both,48.2752,Neutral,1.733,0.626,bullish fading,Neutral,2.2056,-0.0888,thin,40.11,Negative accelerating,51.6,Neutral,Mixed,None,"Neutral - components mixed, low conviction",Upper Half,No Trend,Bearish,No,No,Inside,47.34,Normal,Stable,-13.34,No,"Normal volatility, stable",Wide stop - size down,Dry-up,Rising,Weak Down,0.0572,Accumulation,80.1957,Overbought,2 - Advancing,mid,84.0,30.0,,,WAIT,62.0,1.0,Trend agreement,"2 - Advancing, trend 73 but components disagree - wait for alignment","2 - Advancing, trend 66 but components disagree - wait for alignment",2 - Advancing but stage confidence only 20 - regime not established
2024-06-25,289.5,290.75,281.0,283.25,804689,288.9213,,,67.55,Bull,Uptrend,Hold,Range,Bearish,68.64,Bull,Mixed,"Range with bullish lean - ADX no trend, direction not confirmed",8.21,"Underperforming, weakening",Lags both,46.1205,Neutral,0.9021,0.6812,bullish fading,Neutral,0.8725,-0.1964,thin,34.02,Negative accelerating,46.54,Neutral,Mixed,None,"Neutral - components mixed, low conviction",Lower Half,No Trend,Bearish,No,No,Inside,39.45,Low,Stable,-18.72,No,"Low volatility, stable",Wide stop - size down,Dry-up,Rising,Weak Down,0.0833,Accumulation,83.8725,Overbought,2 - Advancing,mid,84.0,31.0,,,WAIT,60.15,1.0,Trend agreement,"2 - Advancing, trend 69 but components disagree - wait for alignment","2 - Advancing, trend 76 but components disagree - wait for alignment",2 - Advancing but stage confidence only 20 - regime not established
2024-06-26,284.5,289.29998779296875,281.0,282.0,765777,288.6499,,,50.43,Neutral,Uptrend,Hold,Downtrend (LH+LL),Bearish,52.65,Neutral,Mixed,"No clear trend - ADX no trend, price ranging",14.54,"Underperforming, weakening",Lags both,45.4462,Neutral,0.1411,0.5732,Bearish crossover,Neutral,-2.4728,-0.4672,thin,40.22,Negative fading,45.12,Neutral,Bearish confirmed,None,Neutral - all 4 components agree incl. MACD acceleration,Lower Half,No Trend,Bearish,No,No,Inside,36.23,Low,Contracting,-20.75,No,"Low volatility, contracting - coiling, watch for breakout",Wide stop - size down,Dry-up,Rising,Weak Down,0.0924,Accumulation,80.056,Overbought,2 - Advancing,mid,64.0,32.0,,,WAIT,50.53,1.0,Trend,"2 - Advancing, but trend score 53 does not confirm long - no directional edge","2 - Advancing, trend 76 but components disagree - wait for alignment",2 - Advancing but stage confidence only 20 - regime not established
2024-06-27,281.79998779296875,285.29998779296875,278.0,281.0,664891,288.3499,,,36.9,Bear,Uptrend,Hold,Downtrend (LH+LL),Bearish,47.92,Neutral,Mixed,"No clear trend - ADX no trend, price ranging",12.02,"Underperforming, weakening",Lags both,44.8809,Neutral,-0.5365,0.3512,bearish accelerating,Neutral,-5.0194,-0.6723,thin,38.09,Negative accelerating,41.16,Bearish,Bearish confirmed,None,Bearish - all 4 components agree incl. MACD acceleration,Lower Half,No Trend,Bearish,No,No,Inside,33.99,Low,Contracting,-24.73,No,"Low volatility, contracting - coiling, watch for breakout",Wide stop - size down,Dry-up,Rising,Weak Down,0.1146,Accumulation,76.6379,Neutral,2 - Advancing,mid,40.0,33.0,,,STAND ASIDE,50.0,0.0,Stage unclear,2 - Advancing but stage confidence only 40 - regime not established,"2 - Advancing, trend 75 but components disagree - wait for alignment",2 - Advancing but stage confidence only 20 - regime not established
2024-06-28,281.0,285.5,279.95001220703125,283.1499938964844,506474,288.146,,,22.18,Bear,Uptrend,Hold,Downtrend (LH+LL),Bearish,42.76,Neutral,Mixed,"No clear trend - ADX no trend, price ranging",19.45,"Underperforming, weakening",Lags both,46.4239,Neutral,-0.8898,0.103,bearish accelerating,Oversold,-5.0788,-0.6743,thin,42.88,Negative fading,41.36,Bearish,Bearish confirmed,Bearish divergence,Bearish - bearish divergence vs price over 21 bars,Lower Half,No Trend,Bearish,No,No,Inside,28.22,Low,Contracting,-28.59,No,"Low volatility, contracting - coiling, watch for breakout",Wide stop - size down,Dry-up,Rising,Weak Up,0.1542,Accumulation,76.3854,Neutral,2 - Advancing,mid,20.0,34.0,,,STAND ASIDE,50.0,0.0,Stage unclear,2 - Advancing but stage confidence only 20 - regime not established,"2 - Advancing, trend 74 but components disagree - wait for alignment",2 - Advancing but stage confidence only 40 - regime not established
2024-07-01,285.29998779296875,297.3999938964844,283.0,295.0,1009916,288.4148,,,42.23,Neutral,Uptrend,Hold,Downtrend (LH+LL),Bearish,49.78,Neutral,Mixed,"No clear trend - ADX no trend, price ranging",41.15,"Underperforming, improving",Lags both,54.0576,Neutral,-0.2111,0.0402,bearish fading,Neutral,0.6998,-0.2006,thin,62.34,Positive accelerating,51.7,Neutral,Mixed,None,"Neutral - components mixed, low conviction",Upper Half,No Trend,Bullish,No,No,Inside,26.95,Low,Contracting,-29.29,No,"Low volatility, contracting - coiling, watch for breakout",Wide stop - size down,Normal,Rising,Weak Up,0.1722,Accumulation,78.7816,Neutral,2 - Advancing,mid,40.0,35.0,,,STAND ASIDE,50.0,0.0,Stage unclear,2 - Advancing but stage confidence only 40 - regime not established,"2 - Advancing, trend 73 but components disagree - wait for alignment","2 - Advancing, trend 66 but components disagree - wait for alignment"
2024-07-02,295.29998779296875,299.45001220703125,288.3500061035156,289.6499938964844,1101904,288.4632,,,50.76,Neutral,Uptrend,Hold,Downtrend (LH+LL),Bearish,52.77,Neutral,Mixed,"No clear trend - ADX no trend, price ranging",24.62,"Underperforming, weakening",Lags both,50.5553,Neutral,-0.1038,0.0114,bearish fading,Neutral,-6.6548,-0.8007,thin,47.78,Negative accelerating,47.51,Neutral,Mixed,None,"Neutral - components mixed, low conviction",Upper Half,No Trend,Bullish,No,No,Inside,27.01,Low,Contracting,-30.06,No,"Low volatility, contracting - coiling, watch for breakout",Wide stop - size down,Normal,Rising,Weak Down,0.1756,Accumulation,78.4973,Neutral,2 - Advancing,mid,64.0,36.0,,,WAIT,51.3,1.0,Trend,"2 - Advancing, but trend score 53 does not confirm long - no directional edge","2 - Advancing, trend 69 but components disagree - wait for alignment","2 - Advancing, trend 76 but components disagree - wait for alignment"
2024-07-03,292.70001220703125,304.70001220703125,292.25,297.25,1709368,288.8078,,,75.62,Bull,Uptrend,Hold,Downtrend (LH+LL),Bearish,61.47,Bull,Mixed,"Range with bullish lean - ADX no trend, direction not confirmed",36.27,"Underperforming, improving",Lags both,55.0141,Neutral,0.5878,0.1267,Bullish crossover,Neutral,-1.295,-0.3591,thin,56.57,Positive accelerating,54.13,Neutral,Bullish majority,None,"Neutral - majority agree, 1 dissenting",Upper Half,No Trend,Bullish,No,No,Inside,20.87,Low,Contracting,-38.63,No,"Low volatility, contracting - coiling, watch for breakout",Wide stop - size down,Normal,Falling,Confirmed Up,0.1308,Accumulation,71.9729,Neutral,2 - Advancing,mid,84.0,37.0,,,WAIT,61.6,1.0,Trend agreement,"2 - Advancing, trend 61 but components disagree - wait for alignment","2 - Advancing, but trend score 53 does not confirm long - no directional edge","2 - Advancing, trend 76 but components disagree - wait for alignment"
2024-07-04,299.0,299.0,292.29998779296875,292.8999938964844,828142,288.9683,,,77.38,Bull,Uptrend,Hold,Range,Bearish,72.08,Bull,Mixed,"Range with bullish lean - ADX no trend, direction not confirmed",38.86,"Underperforming, improving",Lags both,52.1172,Neutral,0.7759,0.2565,bullish accelerating,Neutral,-1.2974,-0.3582,thin,57.47,Positive accelerating,53.39,Neutral,Bullish majority,None,"Neutral - majority agree, 1 dissenting",Upper Half,No Trend,Bullish,No,No,Inside,14.64,Very Low,Contracting,-39.83,Confirmed,"Very Low volatility, squeeze confirmed - expansion pending",Wide stop - size down,Normal,Falling,Weak Down,0.0681,Accumulation,63.3271,Neutral,2 - Advancing,mid,84.0,38.0,,,WAIT,62.0,1.0,Trend agreement,"2 - Advancing, trend 72 but components disagree - wait for alignment",2 - Advancing but stage confidence only 40 - regime not established,"2 - Advancing, trend 75 but components disagree - wait for alignment"
2024-07-05,294.29998779296875,305.0,292.79998779296875,295.3999938964844,2088115,289.2205,,,79.65,Bull,Uptrend,Hold,Range,Bearish,72.88,Bull,Mixed,"Range with bullish lean - ADX no trend, direction not confirmed",53.96,"Outperforming, strengthening",Leads NIFTY50 only,53.6285,Neutral,1.1139,0.428,bullish accelerating,Neutral,0.8363,-0.1815,thin,69.83,Positive accelerating,58.5,Bullish,Bullish majority,None,"Bullish - majority agree, 1 dissenting",Upper Half,No Trend,Bullish,Yes,No,Inside,7.57,Very Low,Contracting,-43.08,Confirmed,"Very Low volatility, squeeze confirmed - expansion pending",Wide stop - size down,Normal,Falling,Confirmed Up,-0.0161,Neutral,70.6125,Neutral,2 - Advancing,mid,84.0,39.0,,,WAIT,62.0,1.0,Trend agreement,"2 - Advancing, trend 73 but components disagree - wait for alignment",2 - Advancing but stage confidence only 20 - regime not established,"2 - Advancing, trend 74 but components disagree - wait for alignment"
2024-07-08,297.0,298.3500061035156,290.0,292.04998779296875,744509,289.3315,,,78.82,Bull,Uptrend,Hold,Range,Bearish,72.59,Bull,Mixed,"Range with bullish lean - ADX no trend, direction not confirmed",34.18,"Underperforming, weakening",Lags both,51.2922,Neutral,1.0987,0.5621,bullish fading,Neutral,1.6533,-0.1135,thin,54.16,Positive fading,52.23,Neutral,Bullish majority,None,"Neutral - majority agree, 1 dissenting",Upper Half,No Trend,Bullish,Yes,No,Inside,4.27,Very Low,Contracting,-43.08,Confirmed,"Very Low volatility, squeeze confirmed - expansion pending",Wide stop - size down,Dry-up,Falling,Weak Down,-0.0134,Neutral,57.0611,Neutral,2 - Advancing,mid,84.0,40.0,,,WAIT,62.0,1.0,Trend agreement,"2 - Advancing, trend 73 but components disagree - wait for alignment",2 - Advancing but stage confidence only 40 - regime not established,"2 - Advancing, trend 73 but components disagree - wait for alignment"
2024-07-09,293.1499938964844,296.5,289.0,293.04998779296875,554247,289.4773,,,81.05,Strong Bull,Uptrend,Hold,Range,Bearish,73.37,Bull,Mixed,"Range with bullish lean - ADX no trend, direction not confirmed",25.79,"Underperforming, weakening",Lags both,51.9649,Neutral,1.1541,0.6805,bullish fading,Neutral,3.4598,0.0364,thin,47.67,Negative accelerating,50.89,Neutral,Mixed,None,"Neutral - components mixed, low conviction",Upper Half,No Trend,Bullish,Yes,No,Inside,3.34,Very Low,Contracting,-36.11,Confirmed,"Very Low volatility, squeeze confirmed - expansion pending",Coiled - low vol squeeze,Dry-up,Rising,Weak Up,-0.0058,Neutral,49.1875,Neutral,2 - Advancing,mid,84.0,41.0,,,WAIT,62.0,1.0,Trend agreement,"2 - Advancing, trend 73 but components disagree - wait for alignment","2 - Advancing, but trend score 53 does not confirm long - no directional edge","2 - Advancing, trend 69 but components disagree - wait for alignment"
2024-07-10,295.20001220703125,297.75,283.3500061035156,293.5,903615,289.635,,,81.16,Strong Bull,Uptrend,Hold,Range,Bearish,73.41,Bull,Mixed,"Range with bullish lean - ADX no trend, direction not confirmed",29.3,"Underperforming, weakening",Lags both,52.2843,Neutral,1.2202,0.7885,bullish fading,Neutral,4.078,0.0876,thin,49.52,Negative fading,51.76,Neutral,Bullish majority,None,"Neutral - majority agree, 1 dissenting",Upper Half,No Trend,Bullish,Yes,No,Inside,4.45,Very Low,Contracting,-31.78,Confirmed,"Very Low volatility, squeeze confirmed - expansion pending",Coiled - low vol squeeze,Normal,Rising,Weak Up,-0.0062,Neutral,48.4757,Neutral,2 - Advancing,mid,84.0,42.0,,,WAIT,62.0,1.0,Trend agreement,"2 - Advancing, trend 73 but components disagree - wait for alignment","2 - Advancing, trend 61 but components disagree - wait for alignment","2 - Advancing, but trend score 53 does not confirm long - no directional edge"
2024-07-11,295.5,310.5,294.70001220703125,298.75,3017499,289.9925,,,87.88,Strong Bull,Uptrend,Hold,Range,Bearish,75.76,Strong Bull,Mixed,"Range with bullish lean - ADX no trend, direction not confirmed",34.85,"Underperforming, weakening",Lags both,55.9628,Neutral,1.677,0.9662,bullish accelerating,Neutral,6.3167,0.2738,thin,52.44,Positive accelerating,55.18,Neutral,Bullish confirmed,None,Neutral - all 4 components agree incl. MACD acceleration,Upper Half,No Trend,Bullish,Yes,No,Inside,6.81,Very Low,Contracting,-27.18,Confirmed,"Very Low volatility, squeeze confirmed - expansion pending",Wide stop - size down,High,Falling,Confirmed Up,-0.2255,Distribution,61.4344,Neutral,2 - Advancing,mid,84.0,43.0,,,WAIT,62.0,1.0,Trend agreement,"2 - Advancing, trend 76 but components disagree - wait for alignment","2 - Advancing, trend 72 but components disagree - wait for alignment",2 - Advancing but stage confidence only 40 - regime not established
2024-07-12,302.04998779296875,308.1000061035156,299.0,301.3500061035156,1218550,290.4379,,,89.47,Strong Bull,Uptrend,Hold,Range,Bearish,76.31,Strong Bull,Mixed,"Range with bullish lean - ADX no trend, direction not confirmed",38.36,"Underperforming, weakening",Lags both,57.7019,Neutral,2.2231,1.2176,bullish accelerating,Neutral,6.4277,0.2822,thin,57.11,Positive accelerating,58.26,Bullish,Bullish confirmed,None,Bullish - all 4 components agree incl. MACD acceleration,Upper Half,No Trend,Bullish,Yes,No,Inside,5.38,Very Low,Contracting,-22.84,Confirmed,"Very Low volatility, squeeze confirmed - expansion pending",Coiled - low vol squeeze,Normal,Falling,Weak Up,-0.1823,Distribution,67.5548,Neutral,2 - Advancing,mid,84.0,44.0,,,WAIT,62.0,1.0,Trend agreement,"2 - Advancing, trend 76 but components disagree - wait for alignment","2 - Advancing, trend 73 but components disagree - wait for alignment",2 - Advancing but stage confidence only 20 - regime not established
2024-07-15,304.8999938964844,319.70001220703125,301.20001220703125,309.3500061035156,5102908,291.1795,,,92.9,Strong Bull,Uptrend,Hold,Range,Bearish,77.52,Strong Bull,Mixed,"Range with bullish lean - ADX no trend, direction not confirmed",50.84,"Outperforming, weakening",Leads NIFTY50 only,62.5965,Neutral,3.2638,1.6268,bullish accelerating,Neutral,4.8644,0.1506,thin,66.78,Positive accelerating,64.43,Bullish,Bullish confirmed,None,Bullish - all 4 components agree incl. MACD acceleration,At Upper,No Trend,Bullish,Yes,No,Inside,9.78,Very Low,Stable,-17.17,Partial,"Very Low volatility, stable",Low vol - tight stops,High,Falling,Confirmed Up,-0.1602,Distribution,78.6105,Neutral,2 - Advancing,mid,84.0,45.0,,,WAIT,62.0,1.0,Trend agreement,"2 - Advancing, trend 78 but components disagree - wait for alignment","2 - Advancing, trend 73 but components disagree - wait for alignment",2 - Advancing but stage confidence only 40 - regime not established
2024-07-16,311.54998779296875,329.3999938964844,305.8999938964844,326.45001220703125,4772008,292.5627,,,98.24,Strong Bull,Uptrend,Hold,Range,Bearish,80.34,Strong Bull,Bullish confirmed,"Range with bullish lean - ADX no trend, direction not confirmed",62.97,"Outperforming, strengthening",Leads both,70.464,Overbought,5.4061,2.3827,bullish accelerating,Overbought,12.705,0.8067,thin,78.97,Positive accelerating,73.87,Strong Bullish,Bullish confirmed,None,Strong Bullish but overbought on RSI and Stochastic - stretched,Above Upper,No Trend,Bullish,Yes,No,Breakout Up,20.19,Low,Stable,-6.83,No,"Low volatility, stable",Wide stop - size down,High,Falling,Confirmed Up,-0.1723,Distribution,85.3826,Overbought,2 - Advancing,mid,84.0,46.0,,,WAIT,62.0,1.0,Weak ADX,"2 - Advancing, trend 80 but ADX shows no trend, this is a range - wait for alignment","2 - Advancing, trend 73 but components disagree - wait for alignment","2 - Advancing, but trend score 53 does not confirm long - no directional edge"
2024-07-18,327.0,327.79998779296875,309.0,315.3999938964844,2839040,293.4583,,,93.94,Strong Bull,Uptrend,Hold,Range,Bearish,79.87,Strong Bull,Bullish confirmed,"Range with bullish lean - ADX no trend, direction not confirmed",53.08,"Outperforming, weakening",Leads NIFTY50 only,61.4666,Neutral,6.1414,3.1344,bullish fading,Overbought,6.106,0.2503,thin,75.17,Positive fading,69.97,Bullish,Bullish confirmed,None,Bullish - all 4 components agree incl. MACD acceleration,Upper Half,No Trend,Bullish,Yes,Yes,Inside,32.26,Low,Stable,11.39,No,"Low volatility, stable",Wide stop - size down,Normal,Falling,Confirmed Down,-0.1645,Distribution,77.8296,Neutral,2 - Advancing,mid,84.0,47.0,,,WAIT,62.0,1.0,Weak ADX,"2 - Advancing, trend 80 but ADX shows no trend, this is a range - wait for alignment","2 - Advancing, trend 73 but components disagree - wait for alignment","2 - Advancing, trend 61 but components disagree - wait for alignment"
2024-07-19,311.0,312.1499938964844,295.20001220703125,299.25,1969177,293.6854,,,85.56,Strong Bull,Uptrend,Hold,Range,Bearish,76.92,Strong Bull,Bullish confirmed,"Range with bullish lean - ADX no trend, direction not confirmed",36.53,"Underperforming, weakening",Lags both,51.1805,Neutral,5.3592,3.5794,bullish fading,Neutral,2.168,-0.0819,thin,60.74,Positive fading,58.97,Bullish,Bullish confirmed,None,Bullish - all 4 components agree incl. MACD acceleration,Upper Half,No Trend,Bullish,Yes,Yes,Inside,37.33,Low,Expanding,22.68,No,Squeeze releasing - expanding 4 bars after compression,Wide stop - size down,Normal,Falling,Confirmed Down,-0.1737,Distribution,72.0229,Neutral,2 - Advancing,mid,84.0,48.0,,,WAIT,62.0,1.0,Weak ADX,"2 - Advancing, trend 77 but ADX shows no trend, this is a range - wait for alignment","2 - Advancing, trend 76 but components disagree - wait for alignment","2 - Advancing, trend 72 but components disagree - wait for alignment"
2024-07-22,297.45001220703125,306.70001220703125,288.79998779296875,302.54998779296875,1327208,294.033,262.3149,No,88.72,Strong Bull,Uptrend,Hold,Range,Bearish,77.64,Strong Bull,Bullish confirmed,"Range with bullish lean - ADX no trend, direction not confirmed",39.75,"Underperforming, weakening",Lags both,52.9144,Neutral,4.9486,3.8532,bullish fading,Neutral,2.4204,-0.0604,thin,64.65,Positive accelerating,57.36,Neutral,Bullish majority,Bearish divergence,Neutral - bearish divergence vs price over 21 bars,Upper Half,No Trend,Bullish,Yes,Yes,Inside,39.01,Low,Expanding,31.44,No,Squeeze releasing - expanding 5 bars after compression,Wide stop - size down,Normal,Falling,Weak Up,-0.1281,Distribution,67.7497,Neutral,2 - Advancing,mid,84.0,49.0,,,WAIT,62.0,1.0,Weak ADX,"2 - Advancing, trend 78 but ADX shows no trend, this is a range - wait for alignment","2 - Advancing, trend 76 but components disagree - wait for alignment","2 - Advancing, trend 73 but components disagree - wait for alignment"
2024-07-23,301.95001220703125,303.8999938964844,280.95001220703125,300.29998779296875,1617386,294.2788,262.6928,No,87.86,Strong Bull,Uptrend,Hold,Range,Bearish,74.88,Bull,Mixed,"Range with bullish lean - ADX no trend, direction not confirmed",45.98,"Underperforming, weakening",Lags both,51.5696,Neutral,4.391,3.9608,bullish fading,Neutral,2.8249,-0.026,thin,67.85,Positive accelerating,55.43,Neutral,Bullish majority,Bearish divergence,Neutral - bearish divergence vs price over 21 bars,Upper Half,No Trend,Bearish,Yes,Yes,Inside,44.21,Normal,Expanding,39.94,No,Squeeze releasing - expanding 6 bars after compression,Wide stop - size down,Normal,Falling,Weak Down,-0.0778,Distribution,62.8839,Neutral,2 - Advancing,mid,84.0,50.0,,,WAIT,62.0,1.0,Trend agreement,"2 - Advancing, trend 75 but components disagree - wait for alignment","2 - Advancing, trend 78 but components disagree - wait for alignment","2 - Advancing, trend 73 but components disagree - wait for alignment"
2024-07-24,300.0,322.70001220703125,299.95001220703125,313.54998779296875,2580068,295.0345,263.1989,No,91.13,Strong Bull,Uptrend,Hold,Uptrend (HH+HL),Bullish,87.85,Strong Bull,Bullish confirmed,"Range with bullish lean - ADX no trend, direction not confirmed",55.31,"Outperforming, strengthening",Leads both,58.2922,Neutral,4.961,4.1608,bullish accelerating,Neutral,6.9954,0.3279,thin,72.85,Positive accelerating,60.91,Bullish,Bullish majority,None,"Bullish - majority agree, 1 dissenting",Upper Half,No Trend,Bullish,No,Yes,Inside,45.51,Normal,Expanding,42.17,No,Squeeze releasing - expanding 7 bars after compression,Wide stop - size down,Normal,Falling,Confirmed Up,-0.0473,Neutral,64.0929,Neutral,2 - Advancing,mid,84.0,51.0,,,WAIT,62.0,1.0,Weak ADX,"2 - Advancing, trend 88 but ADX shows no trend, this is a range - wait for alignment","2 - Advancing, trend 80 but ADX shows no trend, this is a range - wait for alignment","2 - Advancing, trend 73 but components disagree - wait for alignment"
2024-07-25,307.04998779296875,323.79998779296875,306.45001220703125,314.70001220703125,1384011,295.8057,263.7113,No,90.65,Strong Bull,Uptrend,Hold,Uptrend (HH+HL),Bullish,87.79,Strong Bull,Bullish confirmed,"Range with bullish lean - ADX no trend, direction not confirmed",55.27,"Outperforming, strengthening",Leads both,58.8264,Neutral,5.4429,4.4172,bullish accelerating,Neutral,7.2232,0.3463,thin,72.44,Positive fading,62.47,Bullish,Bullish confirmed,None,Bullish - all 4 components agree incl. MACD acceleration,Upper Half,No Trend,Bullish,No,Yes,Inside,45.36,Normal,Expanding,40.91,No,Squeeze releasing - expanding 8 bars after compression,Wide stop - size down,Normal,Rising,Weak Up,-0.0322,Neutral,67.4697,Neutral,2 - Advancing,mid,84.0,52.0,,,WAIT,62.0,1.0,Weak ADX,"2 - Advancing, trend 88 but ADX shows no trend, this is a range - wait for alignment","2 - Advancing, trend 80 but ADX shows no trend, this is a range - wait for alignment","2 - Advancing, trend 73 but components disagree - wait for alignment"
2024-07-26,315.04998779296875,332.79998779296875,315.0,322.79998779296875,2757056,296.8643,264.2993,No,97.0,Strong Bull,Uptrend,Hold,Uptrend (HH+HL),Bullish,90.44,Strong Bull,Bullish confirmed,"Range with bullish lean - ADX no trend, direction not confirmed",45.03,"Underperforming, improving",Lags both,62.4724,Neutral,6.4045,4.8147,bullish accelerating,Neutral,8.0502,0.4158,thin,67.74,Positive fading,64.78,Bullish,Bullish confirmed,None,Bullish - all 4 components agree incl. MACD acceleration,At Upper,No Trend,Bullish,No,Yes,Inside,44.2,Normal,Expanding,37.39,No,Squeeze releasing - expanding 9 bars after compression,Wide stop - size down,Normal,Rising,Confirmed Up,-0.0363,Neutral,68.3916,Neutral,2 - Advancing,mid,84.0,53.0,,,WAIT,62.0,1.0,Weak ADX,"2 - Advancing, trend 90 but ADX shows no trend, this is a range - wait for alignment","2 - Advancing, trend 77 but ADX shows no trend, this is a range - wait for alignment","2 - Advancing, trend 76 but components disagree - wait for alignment"
2024-07-29,325.3500061035156,338.04998779296875,323.04998779296875,335.29998779296875,3254726,298.3716,265.0057,No,99.08,Strong Bull,Uptrend,Hold,Uptrend (HH+HL),Bullish,91.73,Strong Bull,Bullish confirmed,"Range with bullish lean - ADX no trend, direction not confirmed",56.72,"Outperforming, strengthening",Leads both,67.2866,Neutral,8.0821,5.4682,bullish accelerating,Overbought,11.266,0.6887,thin,75.45,Positive accelerating,71.35,Strong Bullish,Bullish confirmed,None,Strong Bullish - all 4 components agree incl. MACD acceleration,Above Upper,No Trend,Bullish,Yes,Yes,Breakout Up,43.42,Normal,Expanding,38.05,No,Squeeze releasing - expanding 10 bars after compression,Wide stop - size down,Normal,Rising,Confirmed Up,0.0148,Neutral,73.1134,Neutral,2 - Advancing,mid,84.0,54.0,,,WAIT,62.0,1.0,Weak ADX,"2 - Advancing, trend 92 but ADX shows no trend, this is a range - wait for alignment","2 - Advancing, trend 78 but ADX shows no trend, this is a range - wait for alignment","2 - Advancing, trend 76 but components disagree - wait for alignment"
2024-07-30,336.45001220703125,340.8500061035156,325.45001220703125,335.95001220703125,2507470,299.8453,265.7117,No,98.44,Strong Bull,Uptrend,Hold,Range,Bearish,82.12,Strong Bull,Bullish confirmed,"Range with bullish lean - ADX no trend, direction not confirmed",45.51,"Underperforming, improving",Lags both,67.52,Neutral,9.3562,6.2458,bullish accelerating,Overbought,8.5987,0.4585,thin,68.15,Positive fading,70.87,Strong Bullish,Bullish confirmed,None,Strong Bullish - all 4 components agree incl. MACD acceleration,Above Upper,No Trend,Bullish,Yes,Yes,Near Upper,46.93,Normal,Expanding,37.15,No,Squeeze releasing - expanding 11 bars after compression,Wide stop - size down,Normal,Rising,Confirmed Up,0.0199,Neutral,76.2183,Neutral,2 - Advancing,mid,84.0,55.0,,,WAIT,62.0,1.0,Weak ADX,"2 - Advancing, trend 82 but ADX shows no trend, this is a range - wait for alignment","2 - Advancing, trend 75 but components disagree - wait for alignment","2 - Advancing, trend 78 but components disagree - wait for alignment"
2024-07-31,350.1499938964844,353.54998779296875,331.95001220703125,336.04998779296875,6125161,301.2651,266.4115,No,97.78,Strong Bull,Uptrend,Hold,Range,Bearish,82.84,Strong Bull,Bullish confirmed,"Range with bullish lean - ADX emerging, direction not confirmed",45.44,"Underperforming, improving",Lags both,67.5583,Neutral,10.2557,7.0478,bullish accelerating,Overbought,2.9407,-0.0278,thin,66.74,Positive fading,70.38,Strong Bullish,Bullish confirmed,None,Strong Bullish - all 4 components agree incl. MACD acceleration,Upper Half,Emerging,Bullish,Yes,Yes,Inside,50.81,Normal,Expanding,30.62,No,Squeeze releasing - expanding 12 bars after compression,Wide stop - size down,High,Rising,Confirmed Up,-0.0447,Neutral,81.6204,Overbought,2 - Advancing,mid,84.0,56.0,,,WAIT,62.0,1.0,Weak ADX,"2 - Advancing, trend 83 but ADX shows no trend, this is a range - wait for alignment","2 - Advancing, trend 88 but ADX shows no trend, this is a range - wait for alignment","2 - Advancing, trend 80 but ADX shows no trend, this is a range - wait for alignment"
2024-08-01,336.0,369.3999938964844,328.20001220703125,362.5499877929688,10124293,303.6684,267.3681,No,100.0,Strong Bull,Uptrend,Hold,Range,Bearish,84.86,Strong Bull,Bullish confirmed,"Range with bullish lean - ADX emerging, direction not confirmed",73.46,"Outperforming, strengthening",Leads both,75.7329,Overbought,12.9576,8.2297,bullish accelerating,Overbought,14.9493,1.0019,thin,90.06,Positive accelerating,81.7,Strong Bullish,Bullish confirmed,None,Strong Bullish but overbought on RSI and Stochastic - stretched,Above Upper,Emerging,Bullish,Yes,Yes,Breakout Up,61.0,High,Expanding,28.74,No,Squeeze releasing - expanding 13 bars after compression,Wide stop - size down,High,Rising,Confirmed Up,0.0894,Accumulation,84.7711,Overbought,2 - Advancing,mid,84.0,57.0,,,WAIT,62.0,1.0,Weak ADX,"2 - Advancing, trend 85 but ADX shows no trend, this is a range - wait for alignment","2 - Advancing, trend 88 but ADX shows no trend, this is a range - wait for alignment","2 - Advancing, trend 80 but ADX shows no trend, this is a range - wait for alignment"
2024-08-02,354.0,367.0,347.1499938964844,349.3999938964844,3190429,305.4618,268.1844,No,98.06,Strong Bull,Uptrend,Hold,Range,Bearish,85.33,Strong Bull,Bullish confirmed,"Strong Bull - all 4 components agree, trending ADX",66.3,"Outperforming, strengthening",Leads both,66.7452,Neutral,13.8778,9.3593,bullish fading,Overbought,16.7586,1.1511,thin,81.31,Positive fading,75.5,Strong Bullish,Bullish confirmed,None,Strong Bullish - all 4 components agree incl. MACD acceleration,Upper Half,Trending,Bullish,Yes,Yes,Inside,63.94,High,Expanding,26.61,No,Squeeze releasing - expanding 14 bars after compression,Wide stop - size down,Normal,Rising,Confirmed Down,0.055,Accumulation,85.4818,Overbought,2 - Advancing,mid,84.0,58.0,,,ENTER LONG,82.15,5.0,None,"2 - Advancing, trend 85 with bullish confirmed, momentum and volume confirm; volatility releasing from compression, outperforming both benchmarks","2 - Advancing, trend 90 but ADX shows no trend, this is a range - wait for alignment","2 - Advancing, trend 77 but ADX shows no trend, this is a range - wait for alignment"
2024-08-05,340.0,345.6499938964844,321.04998779296875,323.54998779296875,3927850,306.1711,268.7353,No,90.2,Strong Bull,Uptrend,Hold,Range,Bearish,82.24,Strong Bull,Bullish confirmed,"Range with bullish lean - ADX emerging, direction not confirmed",46.21,"Underperforming, improving",Lags both,53.3435,Neutral,12.3785,9.9632,bullish fading,Neutral,6.941,0.305,thin,61.02,Positive fading,61.23,Bullish,Bullish confirmed,None,Bullish - all 4 components agree incl. MACD acceleration,Upper Half,Emerging,Bullish,Yes,Yes,Inside,68.4,High,Expanding,29.39,No,Squeeze releasing - expanding 15 bars after compression,Wide stop - size down,Normal,Rising,Confirmed Down,0.021,Neutral,77.1418,Neutral,2 - Advancing,mid,84.0,59.0,,,WAIT,62.0,1.0,Weak ADX,"2 - Advancing, trend 82 but ADX shows no trend, this is a range - wait for alignment","2 - Advancing, trend 92 but ADX shows no trend, this is a range - wait for alignment","2 - Advancing, trend 78 but ADX shows no trend, this is a range - wait for alignment"
2024-08-06,330.0,339.8999938964844,319.5,321.45001220703125,1904974,306.7703,269.2598,No,89.57,Strong Bull,Uptrend,Hold,Range,Bearish,81.63,Strong Bull,Bullish confirmed,"Range with bullish lean - ADX emerging, direction not confirmed",54.74,"Outperforming, strengthening",Leads both,52.4226,Neutral,10.8952,10.1496,bullish fading,Neutral,7.043,0.3129,thin,67.6,Positive accelerating,58.13,Bullish,Bullish confirmed,Bearish divergence,Bullish - bearish divergence vs price over 21 bars,Upper Half,Emerging,Bullish,Yes,Yes,Inside,68.34,High,Expanding,24.14,No,High volatility and still expanding - move may be extended,Wide stop - size down,Normal,Rising,Weak Down,0.0016,Neutral,71.6573,Neutral,2 - Advancing,mid,84.0,60.0,,,WAIT,62.0,1.0,Weak ADX,"2 - Advancing, trend 82 but ADX shows no trend, this is a range - wait for alignment","2 - Advancing, trend 82 but ADX shows no trend, this is a range - wait for alignment","2 - Advancing, trend 75 but components disagree - wait for alignment"
2024-08-07,330.0,348.5,327.20001220703125,346.75,2507013,308.3381,270.0309,No,97.61,Strong Bull,Uptrend,Hold,Range,Bearish,84.36,Strong Bull,Bullish confirmed,"Range with bullish lean - ADX emerging, direction not confirmed",79.11,"Outperforming, strengthening",Leads both,61.1289,Neutral,11.6272,10.4451,bullish accelerating,Neutral,10.5884,0.6175,thin,91.18,Positive accelerating,68.48,Bullish,Bullish confirmed,None,Bullish - all 4 components agree incl. MACD acceleration,Upper Half,Emerging,Bullish,Yes,Yes,Inside,66.86,High,Expanding,21.35,No,High volatility and still expanding - move may be extended,Wide stop - size down,Normal,Rising,Weak Up,0.0341,Neutral,77.5414,Neutral,2 - Advancing,late,84.0,61.0,,,WAIT,62.0,1.0,Weak ADX,"2 - Advancing, trend 84 but ADX shows no trend, this is a range - wait for alignment","2 - Advancing, trend 83 but ADX shows no trend, this is a range - wait for alignment","2 - Advancing, trend 88 but ADX shows no trend, this is a range - wait for alignment"
2024-08-08,343.0,376.2999877929688,341.3999938964844,360.4500122070313,4426368,310.3817,270.9305,No,99.11,Strong Bull,Uptrend,Hold,Range,Bearish,85.5,Strong Bull,Bullish confirmed,"Range with bullish lean - ADX emerging, direction not confirmed",87.84,"Outperforming, strengthening",Leads both,64.877,Neutral,13.1611,10.9883,bullish accelerating,Neutral,14.5377,0.955,thin,96.55,Positive accelerating,74.36,Strong Bullish,Bullish confirmed,None,Strong Bullish - all 4 components agree incl. MACD acceleration,At Upper,Emerging,Bullish,Yes,Yes,Inside,69.06,High,Expanding,23.7,No,High volatility and still expanding - move may be extended,Wide stop - size down,Normal,Rising,Confirmed Up,0.0328,Neutral,82.6311,Overbought,2 - Advancing,late,84.0,62.0,,,WAIT,62.0,1.0,Weak ADX,"2 - Advancing, trend 86 but ADX shows no trend, this is a range - wait for alignment","2 - Advancing, trend 85 but ADX shows no trend, this is a range - wait for alignment","2 - Advancing, trend 88 but ADX shows no trend, this is a range - wait for alignment"
2024-08-09,363.3999938964844,369.7999877929688,357.20001220703125,360.0,1593207,312.3275,271.8168,No,98.32,Strong Bull,Uptrend,Hold,Range,Bearish,85.8,Strong Bull,Bullish confirmed,"Strong Bull - all 4 components agree, trending ADX",85.88,"Outperforming, strengthening",Leads both,64.6565,Neutral,14.1769,11.626,bullish accelerating,Overbought,11.5242,0.6914,thin,100.0,Positive accelerating,77.43,Strong Bullish,Bullish confirmed,None,Strong Bullish - all 4 components agree incl. MACD acceleration,Upper Half,Trending,Bullish,Yes,Yes,Inside,68.65,High,Expanding,24.46,No,High volatility and still expanding - move may be extended,Wide stop - size down,Dry-up,Rising,Weak Down,0.0425,Neutral,85.2659,Overbought,2 - Advancing,late,84.0,63.0,,,ENTER SMALL,77.14,3.0,Volume,"2 - Advancing, trend 86 long confirmed but participation is thin - reduce size, breakouts without volume fail more often","2 - Advancing, trend 85 with bullish confirmed, momentum and volume confirm; volatility releasing from compression, outperforming both benchmarks","2 - Advancing, trend 90 but ADX shows no trend, this is a range - wait for alignment"
2024-08-12,357.75,374.5,352.29998779296875,361.2000122070313,2228724,314.2441,272.7062,No,97.91,Strong Bull,Uptrend,Hold,Range,Bearish,85.95,Strong Bull,Bullish confirmed,"Strong Bull - all 4 components agree, trending ADX",88.11,"Outperforming, strengthening",Leads both,64.9982,Neutral,14.907,12.2822,bullish accelerating,Overbought,7.7244,0.3608,thin,100.0,Positive accelerating,77.87,Strong Bullish,Bullish confirmed,None,Strong Bullish - all 4 components agree incl. MACD acceleration,Upper Half,Trending,Bullish,Yes,Yes,Inside,68.46,High,Expanding,25.03,No,High volatility and still expanding - move may be extended,Wide stop - size down,Normal,Rising,Weak Up,0.0441,Neutral,88.4352,Overbought,2 - Advancing,late,84.0,64.0,,,ENTER SMALL,78.54,3.0,Volume,"2 - Advancing, trend 86 long confirmed but participation is thin - reduce size, breakouts without volume fail more often","2 - Advancing, trend 82 but ADX shows no trend, this is a range - wait for alignment","2 - Advancing, trend 92 but ADX shows no trend, this is a range - wait for alignment"
2024-08-13,362.9500122070313,364.7999877929688,346.3999938964844,353.04998779296875,1546120,315.7659,273.5056,No,95.38,Strong Bull,Uptrend,Hold,Uptrend (HH+HL),Bearish,95.05,Strong Bull,Bullish confirmed,"Strong Bull - all 4 components agree, trending ADX",95.91,"Outperforming, strengthening",Leads both,60.7057,Neutral,14.659,12.7576,bullish fading,Neutral,5.09,0.1315,thin,100.0,Positive accelerating,74.68,Strong Bullish,Bullish confirmed,None,Strong Bullish - all 4 components agree incl. MACD acceleration,Upper Half,Trending,Bullish,Yes,Yes,Inside,68.69,High,Expanding,21.76,No,High volatility and still expanding - move may be extended,Wide stop - size down,Dry-up,Rising,Weak Down,0.0495,Neutral,84.8968,Overbought,2 - Advancing,late,84.0,65.0,,,ENTER SMALL,80.0,3.0,Volume,"2 - Advancing, trend 95 long confirmed but participation is thin - reduce size, breakouts without volume fail more often","2 - Advancing, trend 82 but ADX shows no trend, this is a range - wait for alignment","2 - Advancing, trend 82 but ADX shows no trend, this is a range - wait for alignment"
2024-08-14,353.0,363.6499938964844,343.0,352.6000061035156,1420027,317.2104,274.2926,No,94.85,Strong Bull,Uptrend,Hold,Uptrend (HH+HL),Bearish,94.68,Strong Bull,Bullish confirmed,"Strong Bull - all 4 components agree, trending ADX",86.87,"Outperforming, strengthening",Leads both,60.4682,Neutral,14.2617,13.0584,bullish fading,Neutral,4.9249,0.1168,thin,96.83,Positive fading,71.53,Strong Bullish,Bullish confirmed,None,Strong Bullish - all 4 components agree incl. MACD acceleration,Upper Half,Trending,Bullish,Yes,Yes,Inside,69.19,High,Stable,18.38,No,"High volatility, stable",Wide stop - size down,Dry-up,Rising,Weak Down,-0.0097,Neutral,81.9007,Overbought,2 - Advancing,late,84.0,66.0,,,ENTER SMALL,79.37,3.0,Volume,"2 - Advancing, trend 95 long confirmed but participation is thin - reduce size, breakouts without volume fail more often","2 - Advancing, trend 84 but ADX shows no trend, this is a range - wait for alignment","2 - Advancing, trend 83 but ADX shows no trend, this is a range - wait for alignment"
2024-08-16,356.1000061035156,389.8999938964844,356.04998779296875,375.0,5365321,319.4766,275.2947,No,98.85,Strong Bull,Uptrend,Hold,Uptrend (HH+HL),Bearish,96.59,Strong Bull,Bullish confirmed,"Strong Bull - all 4 components agree, trending ADX",98.66,"Outperforming, strengthening",Leads both,67.3206,Neutral,15.5748,13.5617,bullish accelerating,Neutral,3.434,-0.0134,thin,100.0,Positive accelerating,75.92,Strong Bullish,Bullish confirmed,None,Strong Bullish - all 4 components agree incl. MACD acceleration,Upper Half,Trending,Bullish,Yes,Yes,Near Upper,71.26,High,Stable,10.26,No,"High volatility, stable",Wide stop - size down,Normal,Rising,Confirmed Up,0.0157,Neutral,83.0504,Overbought,2 - Advancing,late,84.0,67.0,,,ENTER LONG,87.94,5.0,None,"2 - Advancing, trend 97 with bullish confirmed, momentum and volume confirm; outperforming both benchmarks, late in the stage, reduce size","2 - Advancing, trend 86 but ADX shows no trend, this is a range - wait for alignment","2 - Advancing, trend 85 but ADX shows no trend, this is a range - wait for alignment"
2024-08-19,381.0,394.4500122070313,360.1000061035156,362.4500122070313,11586635,321.1619,276.1619,No,95.82,Strong Bull,Uptrend,Hold,Uptrend (HH+HL),Bearish,96.09,Strong Bull,Bullish confirmed,"Strong Bull - all 4 components agree, trending ADX",88.85,"Outperforming, strengthening",Leads both,60.9464,Neutral,15.4249,13.9343,bullish fading,Neutral,3.735,0.013,thin,100.0,Positive fading,72.7,Strong Bullish,Bullish confirmed,None,Strong Bullish - all 4 components agree incl. MACD acceleration,Upper Half,Trending,Bullish,Yes,Yes,Inside,76.91,High,Stable,12.97,No,"High volatility, stable",Wide stop - size down,High,Rising,Confirmed Down,-0.1121,Distribution,64.9015,Neutral,2 - Advancing,late,84.0,68.0,,,ENTER SMALL,79.15,3.0,Volume,"2 - Advancing, trend 96 long confirmed but money flow disagrees - reduce size, breakouts without volume fail more often","2 - Advancing, trend 86 long confirmed but participation is thin - reduce size, breakouts without volume fail more often","2 - Advancing, trend 85 with bullish confirmed, momentum and volume confirm; volatility releasing from compression, outperforming both benchmarks"
2024-08-20,359.8999938964844,368.8999938964844,358.1499938964844,364.25,2240708,322.8516,277.0384,No,95.77,Strong Bull,Uptrend,Hold,Uptrend (HH+HL),Bearish,96.49,Strong Bull,Bullish confirmed,"Strong Bull - all 4 components agree, trending ADX",92.06,"Outperforming, strengthening",Leads both,61.5094,Neutral,15.2754,14.2025,bullish fading,Neutral,12.5792,0.7862,thin,100.0,Positive accelerating,72.03,Strong Bullish,Bullish confirmed,None,Strong Bullish - all 4 components agree incl. MACD acceleration,Upper Half,Trending,Bullish,Yes,Yes,Inside,72.41,High,Stable,4.01,No,"High volatility, stable",Wide stop - size down,Normal,Rising,Weak Up,-0.1164,Distribution,60.9309,Neutral,2 - Advancing,late,84.0,69.0,,,ENTER SMALL,80.0,3.0,Volume,"2 - Advancing, trend 96 long confirmed but participation is thin - reduce size, breakouts without volume fail more often","2 - Advancing, trend 86 long confirmed but participation is thin - reduce size, breakouts without volume fail more often","2 - Advancing, trend 82 but ADX shows no trend, this is a range - wait for alignment"
2024-08-21,366.7999877929688,368.0,356.54998779296875,358.6499938964844,1246957,324.2555,277.8505,No,93.92,Strong Bull,Uptrend,Hold,Uptrend (HH+HL),Bearish,96.16,Strong Bull,Bullish confirmed,"Strong Bull - all 4 components agree, trending ADX",86.62,"Outperforming, strengthening",Leads both,58.6757,Neutral,14.5373,14.2695,bullish fading,Neutral,11.5726,0.6953,thin,99.19,Positive fading,68.36,Bullish,Bullish confirmed,None,Bullish - all 4 components agree incl. MACD acceleration,Upper Half,Trending,Bullish,Yes,No,Inside,68.43,High,Stable,0.08,No,"High volatility, stable",Wide stop - size down,Dry-up,Rising,Weak Down,-0.1434,Distribution,55.2262,Neutral,2 - Advancing,late,84.0,70.0,,,ENTER SMALL,79.08,3.0,Volume,"2 - Advancing, trend 96 long confirmed but participation is thin - reduce size, breakouts without volume fail more often","2 - Advancing, trend 95 long confirmed but participation is thin - reduce size, breakouts without volume fail more often","2 - Advancing, trend 82 but ADX shows no trend, this is a range - wait for alignment"
2024-08-22,360.0,377.7000122070313,359.5,367.75,2477344,325.9611,278.745,No,95.93,Strong Bull,Uptrend,Hold,Uptrend (HH+HL),Bearish,97.38,Strong Bull,Bullish confirmed,"Strong Bull - all 4 components agree, trending ADX",71.56,"Outperforming, strengthening",Leads both,61.7587,Neutral,14.5194,14.3195,bullish fading,Neutral,6.0562,0.2096,thin,86.84,Positive fading,65.73,Bullish,Bullish confirmed,None,Bullish - all 4 components agree incl. MACD acceleration,Upper Half,Trending,Bullish,Yes,No,Inside,60.06,High,Stable,-6.8,No,"High volatility, stable",Wide stop - size down,Normal,Rising,Weak Up,-0.1538,Distribution,47.9619,Neutral,2 - Advancing,late,84.0,71.0,,,ENTER SMALL,80.0,3.0,Volume,"2 - Advancing, trend 97 long confirmed but participation is thin - reduce size, breakouts without volume fail more often","2 - Advancing, trend 95 long confirmed but participation is thin - reduce size, breakouts without volume fail more often","2 - Advancing, trend 84 but ADX shows no trend, this is a range - wait for alignment"
2024-08-23,369.2999877929688,377.7000122070313,366.5,368.3999938964844,1497391,327.6254,279.6371,No,95.57,Strong Bull,Uptrend,Hold,Uptrend (HH+HL),Bearish,97.74,Strong Bull,Bullish confirmed,"Strong Bull - all 4 components agree, trending ADX",73.02,"Outperforming, strengthening",Leads both,61.9769,Neutral,14.3917,14.3339,bullish fading,Neutral,2.2056,-0.1296,thin,84.57,Positive fading,65.06,Bullish,Bullish majority,None,Bullish - price momentum agrees but MACD shows deceleration,Upper Half,Trending,Bullish,Yes,No,Inside,55.65,Normal,Stable,-13.41,No,"Normal volatility, stable",Wide stop - size down,Dry-up,Rising,Weak Up,-0.1664,Distribution,46.0719,Neutral,2 - Advancing,late,84.0,72.0,,,ENTER SMALL,80.0,3.0,Volume,"2 - Advancing, trend 98 long confirmed but participation is thin - reduce size, breakouts without volume fail more often","2 - Advancing, trend 97 with bullish confirmed, momentum and volume confirm; outperforming both benchmarks, late in the stage, reduce size","2 - Advancing, trend 86 but ADX shows no trend, this is a range - wait for alignment"
2024-08-26,370.25,373.5,358.25,359.5,931940,328.8754,280.4317,No,92.95,Strong Bull,Uptrend,Hold,Uptrend (HH+HL),Bullish,96.8,Strong Bull,Bullish confirmed,"Strong Bull - all 4 components agree, trending ADX",63.14,"Outperforming, strengthening",Leads both,57.167,Neutral,13.4177,14.1507,Bearish crossover,Neutral,-0.1389,-0.3358,thin,78.4,Positive fading,60.32,Bullish,Bullish majority,Bearish divergence,Bullish - bearish divergence vs price over 21 bars,Upper Half,Trending,Bullish,Yes,No,Inside,51.53,Normal,Stable,-17.12,No,"Normal volatility, stable",Wide stop - size down,Dry-up,Rising,Weak Down,-0.177,Distribution,49.0337,Neutral,2 - Advancing,late,84.0,73.0,,,HOLD / TIGHTEN STOP,70.0,2.0,Momentum divergence,"2 - Advancing, trend 97 long but momentum diverging - trend tiring, tighten stop","2 - Advancing, trend 96 long confirmed but money flow disagrees - reduce size, breakouts without volume fail more often","2 - Advancing, trend 86 long confirmed but participation is thin - reduce size, breakouts without volume fail more often"
2024-08-27,360.7999877929688,371.5499877929688,360.6000061035156,367.7999877929688,860886,330.4018,281.3011,No,94.88,Strong Bull,Uptrend,Hold,Uptrend (HH+HL),Bullish,97.46,Strong Bull,Bullish confirmed,"Strong Bull - all 4 components agree, trending ADX",85.1,"Outperforming, strengthening",Leads both,60.2641,Neutral,13.1638,13.9533,bullish accelerating,Neutral,1.8272,-0.1614,thin,96.27,Positive accelerating,66.35,Bullish,Bullish majority,None,Bullish - price momentum agrees but MACD shows deceleration,Upper Half,Trending,Bullish,Yes,No,Inside,48.27,Normal,Contracting,-20.19,No,"Normal volatility, contracting - move losing energy",Wide stop - size down,Dry-up,Rising,Weak Up,-0.2097,Distribution,52.2302,Neutral,2 - Advancing,late,84.0,74.0,,,ENTER SMALL,80.0,3.0,Volume,"2 - Advancing, trend 97 long confirmed but participation is thin - reduce size, breakouts without volume fail more often","2 - Advancing, trend 96 long confirmed but participation is thin - reduce size, breakouts without volume fail more often","2 - Advancing, trend 86 long confirmed but participation is thin - reduce size, breakouts without volume fail more often"
2024-08-28,369.2999877929688,374.7000122070313,361.2999877929688,362.5,1168632,331.6606,282.109,No,93.23,Strong Bull,Uptrend,Hold,Uptrend (HH+HL),Bullish,96.97,Strong Bull,Bullish confirmed,"Strong Bull - all 4 components agree, trending ADX",91.25,"Outperforming, strengthening",Leads both,57.4095,Neutral,12.3921,13.6411,bullish accelerating,Neutral,2.6767,-0.0858,thin,100.0,Positive accelerating,64.74,Bullish,Bullish majority,Bearish divergence,Bullish - bearish divergence vs price over 21 bars,Upper Half,Trending,Bullish,Yes,No,Inside,46.4,Normal,Contracting,-22.29,No,"Normal volatility, contracting - move losing energy",Wide stop - size down,Dry-up,Rising,Weak Down,-0.2421,Distribution,47.7695,Neutral,2 - Advancing,late,84.0,75.0,,,HOLD / TIGHTEN STOP,70.0,2.0,Momentum divergence,"2 - Advancing, trend 97 long but momentum diverging - trend tiring, tighten stop","2 - Advancing, trend 96 long confirmed but participation is thin - reduce size, breakouts without volume fail more often","2 - Advancing, trend 95 long confirmed but participation is thin - reduce size, breakouts without volume fail more often"
2024-08-29,362.0,363.9500122070313,351.3999938964844,355.6499938964844,1108120,332.6014,282.8408,No,87.09,Strong Bull,Uptrend,Hold,Uptrend (HH+HL),Bullish,94.32,Strong Bull,Bullish confirmed,"Strong Bull - all 4 components agree, trending ADX",87.34,"Outperforming, strengthening",Leads both,53.8585,Neutral,11.0998,13.1328,bullish accelerating,Neutral,0.865,-0.2463,thin,100.0,Positive fading,61.14,Bullish,Mixed,Bearish divergence,Bullish - bearish divergence vs price over 21 bars,Lower Half,Trending,Bullish,Yes,No,Inside,43.83,Normal,Contracting,-25.36,No,"Normal volatility, contracting - move losing energy",Wide stop - size down,Dry-up,Rising,Weak Down,-0.2058,Distribution,39.9037,Neutral,2 - Advancing,late,84.0,76.0,,,HOLD / TIGHTEN STOP,70.0,2.0,Momentum divergence,"2 - Advancing, trend 94 long but momentum diverging - trend tiring, tighten stop","2 - Advancing, trend 97 long confirmed but participation is thin - reduce size, breakouts without volume fail more often","2 - Advancing, trend 95 long confirmed but participation is thin - reduce size, breakouts without volume fail more often"
2024-08-30,358.0,360.9500122070313,347.70001220703125,353.6000061035156,1693079,333.4248,283.5449,No,80.68,Strong Bull,Uptrend,Hold,Uptrend (HH+HL),Bullish,91.42,Strong Bull,Bullish confirmed,"Strong Bull - all 4 components agree, trending ADX",97.29,"Outperforming, strengthening",Leads both,52.8058,Neutral,9.7973,12.4657,bullish accelerating,Neutral,-5.7067,-0.8289,thin,100.0,Positive accelerating,58.19,Bullish,Mixed,Bearish divergence,Bullish - bearish divergence vs price over 21 bars,Lower Half,Trending,Bullish,No,No,Inside,42.68,Normal,Contracting,-28.58,No,"Normal volatility, contracting - move losing energy",Wide stop - size down,Normal,Rising,Weak Down,-0.3698,Distribution,35.3907,Neutral,2 - Advancing,late,84.0,77.0,,,HOLD / TIGHTEN STOP,70.0,2.0,Momentum divergence,"2 - Advancing, trend 91 long but momentum diverging - trend tiring, tighten stop","2 - Advancing, trend 98 long confirmed but participation is thin - reduce size, breakouts without volume fail more often","2 - Advancing, trend 97 with bullish confirmed, momentum and volume confirm; outperforming both benchmarks, late in the stage, reduce size"
2024-09-02,356.70001220703125,356.70001220703125,336.79998779296875,351.70001220703125,1437828,334.1415,284.223,No,78.01,Bull,Uptrend,Hold,Uptrend (HH+HL),Bullish,89.35,Strong Bull,Bullish confirmed,"Strong Bull - all 4 components agree, trending ADX",93.89,"Outperforming, weakening",Leads both,51.7954,Neutral,8.5136,11.6753,bullish accelerating,Neutral,-2.9659,-0.5827,thin,100.0,Positive fading,56.58,Neutral,Mixed,None,"Neutral - components mixed, low conviction",Lower Half,Trending,Bullish,No,No,Inside,42.9,Normal,Contracting,-34.02,No,"Normal volatility, contracting - move losing energy",Wide stop - size down,Normal,Rising,Weak Down,-0.3202,Distribution,29.8742,Neutral,2 - Advancing,late,84.0,78.0,,,ENTER SMALL,72.48,3.0,Volume,"2 - Advancing, trend 89 long confirmed but participation is thin - reduce size, breakouts without volume fail more often","2 - Advancing, trend 97 long but momentum diverging - trend tiring, tighten stop","2 - Advancing, trend 96 long confirmed but money flow disagrees - reduce size, breakouts without volume fail more often"
2024-09-03,352.5,357.3500061035156,348.29998779296875,351.1499938964844,788623,334.8085,284.889,No,76.97,Bull,Uptrend,Hold,Uptrend (HH+HL),Bullish,87.95,Strong Bull,Bullish confirmed,"Strong Bull - all 4 components agree, trending ADX",100.0,"Outperforming, weakening",Leads both,51.4882,Neutral,7.3669,10.8136,bullish accelerating,Neutral,-3.5964,-0.637,thin,100.0,Positive accelerating,56.11,Neutral,Mixed,Bearish divergence,Neutral - bearish divergence vs price over 21 bars,Lower Half,Trending,Bullish,No,No,Inside,34.8,Low,Contracting,-37.6,Partial,"Low volatility, contracting - coiling, watch for breakout",Wide stop - size down,Dry-up,Rising,Weak Down,-0.2821,Distribution,32.7645,Neutral,2 - Advancing,late,84.0,79.0,,,HOLD / TIGHTEN STOP,70.0,2.0,Momentum divergence,"2 - Advancing, trend 88 long but momentum diverging - trend tiring, tighten stop","2 - Advancing, trend 97 long confirmed but participation is thin - reduce size, breakouts without volume fail more often","2 - Advancing, trend 96 long confirmed but participation is thin - reduce size, breakouts without volume fail more often"
2024-09-04,346.04998779296875,353.25,345.1000061035156,347.75,413698,335.316,285.5144,No,75.92,Bull,Uptrend,Hold,Uptrend (HH+HL),Bullish,76.57,Strong Bull,Bullish majority,"Range with bullish lean - ADX emerging, direction not confirmed",96.45,"Outperforming, strengthening",Leads both,49.5328,Neutral,6.1134,9.8735,bullish accelerating,Neutral,-3.0392,-0.5853,thin,100.0,Positive accelerating,55.04,Neutral,Bearish majority,Bearish divergence,Neutral - bearish divergence vs price over 21 bars,Lower Half,Emerging,Bearish,No,No,Inside,27.05,Low,Contracting,-41.38,Confirmed,"Low volatility, squeeze confirmed - expansion pending",Wide stop - size down,Dry-up,Falling,Weak Down,-0.2611,Distribution,33.7353,Neutral,2 - Advancing,late,84.0,80.0,,,WAIT,62.0,1.0,Weak ADX,"2 - Advancing, trend 77 but ADX shows no trend, this is a range - wait for alignment","2 - Advancing, trend 97 long but momentum diverging - trend tiring, tighten stop","2 - Advancing, trend 96 long confirmed but participation is thin - reduce size, breakouts without volume fail more often"
2024-09-05,351.0,362.1000061035156,351.0,352.75,1038023,335.9997,286.1834,No,77.85,Bull,Uptrend,Hold,Uptrend (HH+HL),Bullish,86.62,Strong Bull,Bullish confirmed,"Range with bullish lean - ADX emerging, direction not confirmed",100.0,"Outperforming, strengthening",Leads both,52.396,Neutral,5.4604,8.9909,bullish fading,Neutral,-4.0789,-0.6763,thin,100.0,Positive fading,56.33,Neutral,Mixed,Bearish divergence,Neutral - bearish divergence vs price over 21 bars,Lower Half,Emerging,Bullish,No,No,Inside,22.75,Low,Contracting,-37.31,Confirmed,"Low volatility, squeeze confirmed - expansion pending",Wide stop - size down,Dry-up,Falling,Weak Up,-0.3319,Distribution,23.3283,Neutral,2 - Advancing,late,84.0,81.0,,,WAIT,62.0,1.0,Weak ADX,"2 - Advancing, trend 87 but ADX shows no trend, this is a range - wait for alignment","2 - Advancing, trend 94 long but momentum diverging - trend tiring, tighten stop","2 - Advancing, trend 97 long confirmed but participation is thin - reduce size, breakouts without volume fail more often"
2024-09-06,352.6000061035156,361.0,348.0,355.54998779296875,962562,336.7664,286.8737,No,78.12,Bull,Uptrend,Hold,Uptrend (HH+HL),Bullish,85.98,Strong Bull,Bullish confirmed,"Range with bullish lean - ADX emerging, direction not confirmed",92.07,"Outperforming, strengthening",Leads both,53.9709,Neutral,5.11,8.2147,bullish fading,Neutral,-3.4881,-0.6214,thin,100.0,Positive fading,58.3,Bullish,Mixed,Bearish divergence,Bullish - bearish divergence vs price over 21 bars,Lower Half,Emerging,Bullish,No,No,Inside,16.23,Very Low,Contracting,-39.42,Confirmed,"Very Low volatility, squeeze confirmed - expansion pending",Wide stop - size down,Dry-up,Falling,Weak Up,-0.3656,Distribution,37.7092,Neutral,2 - Advancing,late,84.0,82.0,,,WAIT,62.0,1.0,Weak ADX,"2 - Advancing, trend 86 but ADX shows no trend, this is a range - wait for alignment","2 - Advancing, trend 91 long but momentum diverging - trend tiring, tighten stop","2 - Advancing, trend 98 long confirmed but participation is thin - reduce size, breakouts without volume fail more often"
2024-09-09,357.45001220703125,362.3999938964844,348.25,351.45001220703125,964166,337.3422,287.5162,No,75.03,Bull,Uptrend,Hold,Uptrend (HH+HL),Bullish,84.28,Strong Bull,Bullish confirmed,"Range with bullish lean - ADX emerging, direction not confirmed",94.9,"Outperforming, weakening",Leads both,51.2949,Neutral,4.4502,7.4618,bullish fading,Neutral,-2.2392,-0.5078,thin,100.0,Positive fading,58.34,Bullish,Mixed,None,"Bullish - components mixed, low conviction",Lower Half,Emerging,Bullish,No,No,Inside,16.84,Very Low,Contracting,-34.69,Confirmed,"Very Low volatility, squeeze confirmed - expansion pending",Wide stop - size down,Dry-up,Falling,Weak Down,-0.3625,Distribution,40.7014,Neutral,2 - Advancing,late,84.0,83.0,,,WAIT,62.0,1.0,Weak ADX,"2 - Advancing, trend 84 but ADX shows no trend, this is a range - wait for alignment","2 - Advancing, trend 89 long confirmed but participation is thin - reduce size, breakouts without volume fail more often","2 - Advancing, trend 97 long but momentum diverging - trend tiring, tighten stop"
2024-09-10,356.0,372.5,356.0,367.5,2232735,338.5249,288.3121,No,86.49,Strong Bull,Uptrend,Hold,Uptrend (HH+HL),Bullish,88.17,Strong Bull,Bullish confirmed,"Range with bullish lean - ADX no trend, direction not confirmed",100.0,"Outperforming, weakening",Leads both,59.7155,Neutral,5.1628,7.002,bullish fading,Neutral,-0.0816,-0.3129,thin,100.0,Positive accelerating,64.74,Bullish,Bullish majority,Bearish divergence,Bullish - bearish divergence vs price over 21 bars,Upper Half,No Trend,Bullish,No,No,Inside,17.45,Very Low,Contracting,-30.82,Confirmed,"Very Low volatility, squeeze confirmed - expansion pending",Wide stop - size down,Normal,Falling,Confirmed Up,-0.3302,Distribution,51.228,Neutral,2 - Advancing,late,84.0,84.0,,,WAIT,62.0,1.0,Weak ADX,"2 - Advancing, trend 88 but ADX shows no trend, this is a range - wait for alignment","2 - Advancing, trend 88 long but momentum diverging - trend tiring, tighten stop","2 - Advancing, trend 97 long confirmed but participation is thin - reduce size, breakouts without volume fail more often"
2024-09-11,368.7999877929688,420.2999877929688,365.5,409.3500061035156,11329314,341.3023,289.5164,No,100.0,Strong Bull,Uptrend,Hold,Uptrend (HH+HL),Bullish,94.08,Strong Bull,Bullish confirmed,"Range with bullish lean - ADX emerging, direction not confirmed",100.0,"Outperforming, strengthening",Leads both,72.8812,Overbought,9.0008,7.4018,Bullish crossover,Neutral,12.9241,0.8564,thin,100.0,Positive accelerating,76.8,Strong Bullish,Bullish confirmed,Bearish divergence,Strong Bullish - bearish divergence vs price over 21 bars,Above Upper,Emerging,Bullish,No,No,Breakout Up,35.7,Low,Stable,-10.7,Partial,"Low volatility, stable",Wide stop - size down,High,Falling,Confirmed Up,-0.1241,Distribution,68.9024,Neutral,2 - Advancing,late,84.0,85.0,,,WAIT,62.0,1.0,Weak ADX,"2 - Advancing, trend 94 but ADX shows no trend, this is a range - wait for alignment","2 - Advancing, trend 77 but ADX shows no trend, this is a range - wait for alignment","2 - Advancing, trend 97 long but momentum diverging - trend tiring, tighten stop"
2024-09-12,419.0,444.9500122070313,417.5499877929688,440.9500122070313,8789827,345.2101,291.0232,No,100.0,Strong Bull,Uptrend,Hold,Uptrend (HH+HL),Bullish,95.56,Strong Bull,Bullish confirmed,"Range with bullish lean - ADX emerging, direction not confirmed",100.0,"Outperforming, strengthening",Leads both,78.575,Overbought,14.426,8.8066,bullish accelerating,Overbought,23.9843,1.8363,thin,100.0,Positive accelerating,86.61,Strong Bullish,Bullish confirmed,None,Strong Bullish but overbought on RSI and Stochastic - stretched,Above Upper,Emerging,Bullish,Yes,No,Breakout Up,51.58,Normal,Stable,7.75,No,"Normal volatility, stable",Wide stop - size down,High,Rising,Confirmed Up,0.0004,Neutral,76.591,Neutral,2 - Advancing,late,84.0,86.0,,,WAIT,62.0,1.0,Weak ADX,"2 - Advancing, trend 96 but ADX shows no trend, this is a range - wait for alignment","2 - Advancing, trend 87 but ADX shows no trend, this is a range - wait for alignment","2 - Advancing, trend 94 long but momentum diverging - trend tiring, tighten stop"
2024-09-13,443.5499877929688,446.2000122070313,423.0,436.8999938964844,3396815,348.8058,292.4747,No,100.0,Strong Bull,Uptrend,Hold,Uptrend (HH+HL),Bullish,96.95,Strong Bull,Bullish confirmed,"Strong Bull - all 4 components agree, trending ADX",100.0,"Outperforming, strengthening",Leads both,76.3621,Overbought,18.189,10.6831,bullish accelerating,Overbought,23.5577,1.7815,thin,100.0,Positive fading,88.05,Strong Bullish,Bullish confirmed,None,Strong Bullish but overbought on RSI and Stochastic - stretched,Above Upper,Trending,Bullish,Yes,No,Inside,58.12,Normal,Stable,15.44,No,"Normal volatility, stable",Wide stop - size down,Normal,Rising,Confirmed Down,0.001,Neutral,80.8156,Overbought,2 - Advancing,late,84.0,87.0,,,NO NEW ENTRY,70.0,2.0,Momentum stretched,"2 - Advancing, trend 97 long but momentum overextended - hold existing, do not add","2 - Advancing, trend 86 but ADX shows no trend, this is a range - wait for alignment","2 - Advancing, trend 91 long but momentum diverging - trend tiring, tighten stop"
2024-09-16,440.9500122070313,445.75,426.7999877929688,441.5499877929688,1882754,352.4428,293.9581,No,100.0,Strong Bull,Uptrend,Hold,Uptrend (HH+HL),Bullish,98.23,Strong Bull,Bullish confirmed,"Strong Bull - all 4 components agree, trending ADX",100.0,"Outperforming, strengthening",Leads both,77.1575,Overbought,21.3009,12.8067,bullish accelerating,Overbought,25.5473,1.9387,thin,100.0,Positive accelerating,89.13,Strong Bullish,Bullish confirmed,None,Strong Bullish but overbought on RSI and Stochastic - stretched,Above Upper,Trending,Bullish,Yes,No,Inside,57.96,Normal,Stable,15.06,No,"Normal volatility, stable",Wide stop - size down,Normal,Falling,Weak Up,0.239,Accumulation,81.4733,Overbought,2 - Advancing,late,84.0,88.0,,,NO NEW ENTRY,70.0,2.0,Momentum stretched,"2 - Advancing, trend 98 long but momentum overextended - hold existing, do not add","2 - Advancing, trend 84 but ADX shows no trend, this is a range - wait for alignment","2 - Advancing, trend 89 long confirmed but participation is thin - reduce size, breakouts without volume fail more often"
2024-09-17,444.2000122070313,493.25,437.6499938964844,468.3999938964844,7046489,356.9901,295.6938,No,100.0,Strong Bull,Uptrend,Hold,Uptrend (HH+HL),Bullish,99.95,Strong Bull,Bullish confirmed,"Strong Bull - all 4 components agree, trending ADX",100.0,"Outperforming, strengthening",Leads both,81.1102,Overbought,25.6381,15.3729,bullish accelerating,Overbought,33.3903,2.5903,thin,100.0,Positive accelerating,90.48,Strong Bullish,Bullish confirmed,None,Strong Bullish but overbought on RSI and Stochastic - stretched,Above Upper,Trending,Bullish,Yes,No,Breakout Up,68.08,High,Expanding,33.28,No,Squeeze releasing - expanding 5 bars after compression,Wide stop - size down,High,Falling,Confirmed Up,0.2253,Accumulation,86.8807,Overbought,2 - Advancing,late,84.0,89.0,,,NO NEW ENTRY,70.0,2.0,Momentum stretched,"2 - Advancing, trend 100 long but momentum overextended - hold existing, do not add","2 - Advancing, trend 88 but ADX shows no trend, this is a range - wait for alignment","2 - Advancing, trend 88 long but momentum diverging - trend tiring, tighten stop"
2024-09-18,469.0,470.8500061035156,442.5,447.9500122070313,2764097,360.5572,297.2088,No,98.95,Strong Bull,Uptrend,Hold,Uptrend (HH+HL),Bullish,99.63,Strong Bull,Bullish confirmed,"Strong Bull - all 4 components agree, trending ADX",100.0,"Outperforming, strengthening",Leads both,71.0288,Overbought,27.1127,17.7209,bullish fading,Overbought,28.8138,2.1623,thin,100.0,Positive fading,86.22,Strong Bullish,Bullish confirmed,None,Strong Bullish but overbought on RSI and Stochastic - stretched,Upper Half,Trending,Bullish,Yes,Yes,Inside,78.24,High,Expanding,51.19,No,Squeeze releasing - expanding 6 bars after compression,Wide stop - size down,Normal,Falling,Confirmed Down,0.2015,Accumulation,82.8627,Overbought,2 - Advancing,late,84.0,90.0,,,NO NEW ENTRY,70.0,2.0,Momentum stretched,"2 - Advancing, trend 100 long but momentum overextended - hold existing, do not add","2 - Advancing, trend 94 but ADX shows no trend, this is a range - wait for alignment","2 - Advancing, trend 77 but ADX shows no trend, this is a range - wait for alignment"
2024-09-19,450.1499938964844,454.75,419.0499877929688,436.6499938964844,1850572,363.5412,298.5963,No,97.11,Strong Bull,Uptrend,Hold,Uptrend (HH+HL),Bullish,98.99,Strong Bull,Bullish confirmed,"Strong Bull - all 4 components agree, trending ADX",100.0,"Outperforming, strengthening",Leads both,66.1371,Neutral,27.0576,19.5883,bullish fading,Neutral,23.7845,1.7104,thin,100.0,Positive fading,82.33,Strong Bullish,Bullish confirmed,None,Strong Bullish - all 4 components agree incl. MACD acceleration,Upper Half,Trending,Bullish,Yes,Yes,Inside,81.33,Very High,Expanding,58.58,No,Squeeze releasing - expanding 7 bars after compression,Wide stop - size down,Normal,Falling,Weak Down,0.2079,Accumulation,81.9409,Overbought,2 - Advancing,late,84.0,91.0,,,ENTER SMALL,80.0,3.0,Volume,"2 - Advancing, trend 99 long confirmed but participation is thin - reduce size, breakouts without volume fail more often","2 - Advancing, trend 96 but ADX shows no trend, this is a range - wait for alignment","2 - Advancing, trend 87 but ADX shows no trend, this is a range - wait for alignment"
2024-09-20,438.3999938964844,444.8999938964844,430.25,443.2999877929688,915492,366.669,300.0361,No,97.48,Strong Bull,Uptrend,Hold,Uptrend (HH+HL),Bullish,99.12,Strong Bull,Bullish confirmed,"Strong Bull - all 4 components agree, trending ADX",100.0,"Outperforming, strengthening",Leads both,67.5533,Neutral,27.2366,21.1179,bullish fading,Neutral,24.6801,1.772,thin,100.0,Positive accelerating,80.88,Strong Bullish,Bullish confirmed,None,Strong Bullish - all 4 components agree incl. MACD acceleration,Upper Half,Trending,Bullish,Yes,Yes,Inside,78.11,High,Expanding,61.88,No,Squeeze releasing - expanding 8 bars after compression,Wide stop - size down,Dry-up,Falling,Weak Up,0.2433,Accumulation,84.5277,Overbought,2 - Advancing,late,84.0,92.0,,,ENTER SMALL,80.0,3.0,Volume,"2 - Advancing, trend 99 long confirmed but participation is thin - reduce size, breakouts without volume fail more often","2 - Advancing, trend 97 long but momentum overextended - hold existing, do not add","2 - Advancing, trend 86 but ADX shows no trend, this is a range - wait for alignment"
2024-09-23,446.7000122070313,453.75,439.3999938964844,446.0499877929688,1112511,369.782,301.489,No,97.37,Strong Bull,Uptrend,Hold,Uptrend (HH+HL),Bullish,99.08,Strong Bull,Bullish confirmed,"Strong Bull - all 4 components agree, trending ADX",100.0,"Outperforming, strengthening",Leads both,68.1466,Neutral,27.2858,22.3515,bullish fading,Neutral,26.9171,1.9446,thin,100.0,Positive accelerating,79.64,Strong Bullish,Bullish confirmed,None,Strong Bullish - all 4 components agree incl. MACD acceleration,Upper Half,Trending,Bullish,Yes,Yes,Inside,75.98,High,Expanding,59.13,No,Squeeze releasing - expanding 9 bars after compression,Wide stop - size down,Dry-up,Falling,Weak Up,0.2559,Accumulation,84.7069,Overbought,2 - Advancing,late,84.0,93.0,,,ENTER SMALL,80.0,3.0,Volume,"2 - Advancing, trend 99 long confirmed but participation is thin - reduce size, breakouts without volume fail more often","2 - Advancing, trend 98 long but momentum overextended - hold existing, do not add","2 - Advancing, trend 84 but ADX shows no trend, this is a range - wait for alignment"
2024-09-24,445.0,462.0,440.1000061035156,443.1499938964844,1553367,372.6592,302.8986,No,96.73,Strong Bull,Uptrend,Hold,Uptrend (HH+HL),Bullish,98.86,Strong Bull,Bullish confirmed,"Strong Bull - all 4 components agree, trending ADX",100.0,"Outperforming, strengthening",Leads both,66.7603,Neutral,26.7821,23.2376,bullish fading,Neutral,20.585,1.3936,thin,100.0,Positive accelerating,77.44,Strong Bullish,Bullish confirmed,None,Strong Bullish - all 4 components agree incl. MACD acceleration,Upper Half,Trending,Bullish,Yes,Yes,Inside,75.9,High,Expanding,58.45,No,Squeeze releasing - expanding 10 bars after compression,Wide stop - size down,Normal,Falling,Weak Down,0.226,Accumulation,85.8829,Overbought,2 - Advancing,late,84.0,94.0,,,ENTER SMALL,80.0,3.0,Volume,"2 - Advancing, trend 99 long confirmed but participation is thin - reduce size, breakouts without volume fail more often","2 - Advancing, trend 100 long but momentum overextended - hold existing, do not add","2 - Advancing, trend 88 but ADX shows no trend, this is a range - wait for alignment"
2024-09-25,442.0499877929688,445.0,430.0499877929688,431.8500061035156,855655,374.9804,304.1817,No,94.05,Strong Bull,Uptrend,Hold,Uptrend (HH+HL),Bullish,97.92,Strong Bull,Bullish confirmed,"Strong Bull - all 4 components agree, trending ADX",100.0,"Outperforming, strengthening",Leads both,61.5096,Neutral,25.1808,23.6263,bullish fading,Neutral,5.4965,0.1038,thin,100.0,Positive fading,72.32,Strong Bullish,Bullish confirmed,None,Strong Bullish - all 4 components agree incl. MACD acceleration,Upper Half,Trending,Bullish,Yes,Yes,Inside,74.55,High,Expanding,38.85,No,Squeeze releasing - expanding 11 bars after compression,Wide stop - size down,Dry-up,Falling,Weak Down,0.2333,Accumulation,83.9695,Overbought,2 - Advancing,late,84.0,95.0,,,ENTER SMALL,80.0,3.0,Volume,"2 - Advancing, trend 98 long confirmed but participation is thin - reduce size, breakouts without volume fail more often","2 - Advancing, trend 100 long but momentum overextended - hold existing, do not add","2 - Advancing, trend 94 but ADX shows no trend, this is a range - wait for alignment"
2024-09-26,436.0,462.0,435.7999877929688,443.1000061035156,3326713,377.6517,305.5639,No,96.15,Strong Bull,Uptrend,Hold,Uptrend (HH+HL),Bullish,98.65,Strong Bull,Bullish confirmed,"Strong Bull - all 4 components agree, trending ADX",100.0,"Outperforming, strengthening",Leads both,64.5029,Neutral,24.5367,23.8083,bullish fading,Neutral,0.4876,-0.3245,thin,100.0,Positive accelerating,71.65,Strong Bullish,Bullish confirmed,None,Strong Bullish - all 4 components agree incl. MACD acceleration,Upper Half,Trending,Bullish,Yes,Yes,Inside,74.58,High,Expanding,23.0,No,Squeeze releasing - expanding 12 bars after compression,Wide stop - size down,Normal,Falling,Confirmed Up,0.2033,Accumulation,86.5192,Overbought,2 - Advancing,late,84.0,96.0,,,ENTER LONG,90.59,5.0,None,"2 - Advancing, trend 99 with bullish confirmed, momentum and volume confirm; volatility releasing from compression, outperforming both benchmarks, late in the stage, reduce size","2 - Advancing, trend 99 long confirmed but participation is thin - reduce size, breakouts without volume fail more often","2 - Advancing, trend 96 but ADX shows no trend, this is a range - wait for alignment"
2024-09-27,446.0,448.25,440.0,442.5,921061,380.1948,306.9265,No,95.52,Strong Bull,Uptrend,Hold,Uptrend (HH+HL),Bullish,98.43,Strong Bull,Bullish confirmed,"Strong Bull - all 4 components agree, trending ADX",100.0,"Outperforming, strengthening",Leads both,64.2161,Neutral,23.7046,23.7876,Bearish crossover,Neutral,1.2818,-0.2557,thin,100.0,Positive fading,70.01,Strong Bullish,Bullish majority,None,Strong Bullish - price momentum agrees but MACD shows deceleration,Upper Half,Trending,Bullish,Yes,Yes,Inside,69.61,High,Stable,11.49,No,"High volatility, stable",Wide stop - size down,Dry-up,Falling,Weak Down,0.2029,Accumulation,86.2378,Overbought,2 - Advancing,late,84.0,97.0,,,ENTER SMALL,80.0,3.0,Volume,"2 - Advancing, trend 98 long confirmed but participation is thin - reduce size, breakouts without volume fail more often","2 - Advancing, trend 99 long confirmed but participation is thin - reduce size, breakouts without volume fail more often","2 - Advancing, trend 97 long but momentum overextended - hold existing, do not add"
2024-09-30,441.5,443.75,431.0499877929688,436.7999877929688,892549,382.4146,308.2187,No,93.95,Strong Bull,Uptrend,Hold,Uptrend (HH+HL),Bullish,97.88,Strong Bull,Bullish confirmed,"Strong Bull - all 4 components agree, trending ADX",100.0,"Outperforming, strengthening",Leads both,61.4218,Neutral,22.3278,23.4956,bullish accelerating,Neutral,-1.0758,-0.4573,thin,100.0,Positive fading,67.18,Bullish,Bullish majority,None,Bullish - price momentum agrees but MACD shows deceleration,Upper Half,Trending,Bullish,Yes,Yes,Inside,66.09,High,Stable,8.13,No,"High volatility, stable",Wide stop - size down,Dry-up,Falling,Weak Down,0.1899,Accumulation,84.0204,Overbought,2 - Advancing,late,84.0,98.0,,,ENTER SMALL,79.5,3.0,Volume,"2 - Advancing, trend 98 long confirmed but participation is thin - reduce size, breakouts without volume fail more often","2 - Advancing, trend 99 long confirmed but participation is thin - reduce size, breakouts without volume fail more often","2 - Advancing, trend 98 long but momentum overextended - hold existing, do not add"
2024-10-01,437.7999877929688,446.75,435.3500061035156,440.0499877929688,920728,384.6748,309.5305,No,93.06,Strong Bull,Uptrend,Hold,Uptrend (HH+HL),Bullish,97.57,Strong Bull,Bullish confirmed,"Strong Bull - all 4 components agree, trending ADX",100.0,"Outperforming, strengthening",Leads both,62.4257,Neutral,21.2539,23.0473,bullish accelerating,Neutral,-6.0525,-0.8826,thin,100.0,Positive accelerating,65.01,Bullish,Mixed,None,"Bullish - components mixed, low conviction",Upper Half,Trending,Bullish,Yes,No,Inside,57.99,Normal,Stable,-10.09,No,"Normal volatility, stable",Wide stop - size down,Dry-up,Falling,Weak Up,0.1919,Accumulation,79.9516,Neutral,2 - Advancing,late,84.0,99.0,,,ENTER SMALL,79.91,3.0,Volume,"2 - Advancing, trend 98 long confirmed but participation is thin - reduce size, breakouts without volume fail more often","2 - Advancing, trend 99 long confirmed but participation is thin - reduce size, breakouts without volume fail more often","2 - Advancing, trend 100 long but momentum overextended - hold existing, do not add"
2024-10-03,430.0,457.4500122070313,426.6499938964844,447.25,2333018,387.1288,310.9008,No,95.58,Strong Bull,Uptrend,Hold,Uptrend (HH+HL),Bullish,98.45,Strong Bull,Bullish confirmed,"Strong Bull - all 4 components agree, trending ADX",100.0,"Outperforming, strengthening",Leads both,64.6222,Neutral,20.7447,22.5868,bullish accelerating,Neutral,-0.1563,-0.3737,thin,100.0,Positive fading,64.6,Bullish,Mixed,None,"Bullish - components mixed, low conviction",Upper Half,Trending,Bullish,Yes,No,Inside,59.58,Normal,Stable,-18.67,No,"Normal volatility, stable",Wide stop - size down,Normal,Falling,Weak Up,0.2021,Accumulation,75.7705,Neutral,2 - Advancing,late,84.0,100.0,,,ENTER SMALL,80.0,3.0,Volume,"2 - Advancing, trend 98 long confirmed but participation is thin - reduce size, breakouts without volume fail more often","2 - Advancing, trend 98 long confirmed but participation is thin - reduce size, breakouts without volume fail more often","2 - Advancing, trend 100 long but momentum overextended - hold existing, do not add"
2024-10-04,441.0,467.6000061035156,435.1000061035156,460.2000122070313,5236402,389.9943,312.3864,No,97.66,Strong Bull,Uptrend,Hold,Uptrend (HH+HL),Bullish,99.18,Strong Bull,Bullish confirmed,"Strong Bull - all 4 components agree, strong ADX",100.0,"Outperforming, strengthening",Leads both,68.2207,Neutral,21.1424,22.2979,bullish fading,Neutral,5.3933,0.1051,thin,100.0,Positive accelerating,66.84,Bullish,Mixed,None,"Bullish - components mixed, low conviction",Upper Half,Strong,Bullish,Yes,No,Inside,58.93,Normal,Contracting,-22.4,No,"Normal volatility, contracting - move losing energy",Wide stop - size down,Normal,Rising,Confirmed Up,0.2479,Accumulation,77.3011,Neutral,2 - Advancing,late,84.0,101.0,,,ENTER LONG,86.38,5.0,None,"2 - Advancing, trend 99 with bullish confirmed, momentum and volume confirm; outperforming both benchmarks, late in the stage, reduce size","2 - Advancing, trend 99 with bullish confirmed, momentum and volume confirm; volatility releasing from compression, outperforming both benchmarks, late in the stage, reduce size","2 - Advancing, trend 99 long confirmed but participation is thin - reduce size, breakouts without volume fail more often"
2024-10-07,460.5,464.25,416.0,423.6499938964844,2376556,391.3141,313.4935,No,87.51,Strong Bull,Uptrend,Hold,Uptrend (HH+HL),Bullish,95.63,Strong Bull,Bullish confirmed,"Strong Bull - all 4 components agree, trending ADX",100.0,"Outperforming, strengthening",Leads both,52.1102,Neutral,18.2974,21.4978,bullish accelerating,Neutral,-4.4327,-0.7424,thin,100.0,Positive fading,57.97,Neutral,Mixed,None,"Neutral - components mixed, low conviction",Lower Half,Trending,Bullish,Yes,Yes,Inside,70.48,High,Stable,-7.63,No,"High volatility, stable",Wide stop - size down,Normal,Rising,Weak Down,0.2128,Accumulation,70.4828,Neutral,2 - Advancing,late,84.0,102.0,,,ENTER SMALL,75.72,3.0,Volume,"2 - Advancing, trend 96 long confirmed but participation is thin - reduce size, breakouts without volume fail more often","2 - Advancing, trend 98 long confirmed but participation is thin - reduce size, breakouts without volume fail more often","2 - Advancing, trend 99 long confirmed but participation is thin - reduce size, breakouts without volume fail more often"
2024-10-08,421.0,438.0,404.0,425.75,492937,392.6645,314.6105,No,85.07,Strong Bull,Uptrend,Hold,Uptrend (HH+HL),Bullish,94.77,Strong Bull,Bullish confirmed,"Strong Bull - all 4 components agree, trending ADX",100.0,"Outperforming, strengthening",Leads both,52.7999,Neutral,16.0274,20.4037,bullish accelerating,Neutral,-4.5511,-0.7503,thin,100.0,Positive accelerating,56.46,Neutral,Mixed,Bearish divergence,Neutral - bearish divergence vs price over 21 bars,Lower Half,Trending,Bullish,No,Yes,Inside,67.31,High,Stable,-8.66,No,"High volatility, stable",Wide stop - size down,Dry-up,Rising,Weak Up,0.2255,Accumulation,60.6658,Neutral,2 - Advancing,late,84.0,103.0,,,HOLD / TIGHTEN STOP,70.0,2.0,Momentum divergence,"2 - Advancing, trend 95 long but momentum diverging - trend tiring, tighten stop","2 - Advancing, trend 98 long confirmed but participation is thin - reduce size, breakouts without volume fail more often","2 - Advancing, trend 99 long confirmed but participation is thin - reduce size, breakouts without volume fail more often"
2024-10-09,426.0,444.0,415.6499938964844,425.2999877929688,362642,393.9444,315.7119,No,81.73,Strong Bull,Uptrend,Hold,Uptrend (HH+HL),Bullish,93.61,Strong Bull,Bullish confirmed,"Strong Bull - all 4 components agree, trending ADX",100.0,"Outperforming, strengthening",Leads both,52.625,Neutral,14.0304,19.129,bullish accelerating,Neutral,-4.028,-0.7028,thin,100.0,Positive fading,54.76,Neutral,Mixed,Bearish divergence,Neutral - bearish divergence vs price over 21 bars,Lower Half,Trending,Bullish,No,Yes,Inside,54.52,Normal,Contracting,-21.38,Partial,"Normal volatility, contracting - move losing energy",Wide stop - size down,Dry-up,Rising,Weak Down,0.2157,Accumulation,68.6628,Neutral,2 - Advancing,late,84.0,104.0,,,HOLD / TIGHTEN STOP,70.0,2.0,Momentum divergence,"2 - Advancing, trend 94 long but momentum diverging - trend tiring, tighten stop","2 - Advancing, trend 98 long confirmed but participation is thin - reduce size, breakouts without volume fail more often","2 - Advancing, trend 99 long confirmed but participation is thin - reduce size, breakouts without volume fail more often"
2024-10-10,429.5,435.8500061035156,424.0,427.2000122070313,267095,395.2485,316.8212,No,80.78,Strong Bull,Uptrend,Hold,Uptrend (HH+HL),Bullish,93.27,Strong Bull,Bullish confirmed,"Strong Bull - all 4 components agree, trending ADX",100.0,"Outperforming, strengthening",Leads both,53.328,Neutral,12.4574,17.7947,bullish accelerating,Neutral,-1.0768,-0.4457,thin,100.0,Positive accelerating,55.83,Neutral,Mixed,Bearish divergence,Neutral - bearish divergence vs price over 21 bars,Lower Half,Trending,Bullish,No,Yes,Inside,47.77,Normal,Contracting,-26.78,Confirmed,"Normal volatility, squeeze confirmed - expansion pending",Wide stop - size down,Dry-up,Falling,Weak Up,0.1197,Accumulation,74.828,Neutral,2 - Advancing,late,84.0,105.0,,,HOLD / TIGHTEN STOP,70.0,2.0,Momentum divergence,"2 - Advancing, trend 93 long but momentum diverging - trend tiring, tighten stop","2 - Advancing, trend 98 long confirmed but participation is thin - reduce size, breakouts without volume fail more often","2 - Advancing, trend 98 long confirmed but participation is thin - reduce size, breakouts without volume fail more often"
2024-10-11,422.6000061035156,430.0,415.0499877929688,418.6499938964844,269578,396.1662,317.8344,No,78.39,Bull,Uptrend,Hold,Range,Bullish,82.44,Strong Bull,Bullish confirmed,"Strong Bull - all 4 components agree, trending ADX",100.0,"Outperforming, strengthening",Leads both,49.7505,Neutral,10.401,16.316,bullish accelerating,Neutral,-5.5179,-0.8287,thin,100.0,Positive fading,53.88,Neutral,Bearish majority,Bearish divergence,Neutral - bearish divergence vs price over 21 bars,Lower Half,Trending,Bullish,No,Yes,Inside,42.3,Normal,Contracting,-32.28,Partial,"Normal volatility, contracting - move losing energy",Wide stop - size down,Dry-up,Falling,Weak Down,-0.018,Neutral,72.8246,Neutral,2 - Advancing,late,84.0,106.0,,,HOLD / TIGHTEN STOP,68.56,2.0,Momentum divergence,"2 - Advancing, trend 82 long but momentum diverging - trend tiring, tighten stop","2 - Advancing, trend 99 with bullish confirmed, momentum and volume confirm; outperforming both benchmarks, late in the stage, reduce size","2 - Advancing, trend 99 with bullish confirmed, momentum and volume confirm; volatility releasing from compression, outperforming both benchmarks, late in the stage, reduce size"
2024-10-14,419.0,423.0,410.0,417.2999877929688,205290,396.995,318.8241,No,78.27,Bull,Uptrend,Hold,Range,Bullish,82.39,Strong Bull,Bullish confirmed,"Strong Bull - all 4 components agree, trending ADX",100.0,"Outperforming, weakening",Leads both,49.1894,Neutral,8.5637,14.7655,bullish accelerating,Neutral,-5.6949,-0.8412,thin,100.0,Positive fading,53.01,Neutral,Bearish majority,None,"Neutral - majority agree, 1 dissenting",Lower Half,Trending,Bullish,No,Yes,Inside,40.7,Normal,Contracting,-28.9,Partial,"Normal volatility, contracting - move losing energy",Wide stop - size down,Dry-up,Falling,Weak Down,-0.0379,Neutral,70.6044,Neutral,2 - Advancing,late,84.0,107.0,,,ENTER SMALL,68.28,3.0,Volume,"2 - Advancing, trend 82 long confirmed but participation is thin - reduce size, breakouts without volume fail more often","2 - Advancing, trend 96 long confirmed but participation is thin - reduce size, breakouts without volume fail more often","2 - Advancing, trend 98 long confirmed but participation is thin - reduce size, breakouts without volume fail more often"
2024-10-15,417.2999877929688,432.7000122070313,414.0,428.3999938964844,239326,398.2266,319.9144,No,81.7,Strong Bull,Uptrend,Hold,Range,Bullish,83.27,Strong Bull,Bullish confirmed,"Strong Bull - all 4 components agree, trending ADX",100.0,"Outperforming, weakening",Leads both,53.8029,Neutral,7.912,13.3948,bullish fading,Neutral,-1.9231,-0.5118,thin,100.0,Positive accelerating,55.18,Neutral,Mixed,None,"Neutral - components mixed, low conviction",Lower Half,Trending,Bullish,No,Yes,Inside,38.85,Low,Contracting,-27.24,Partial,"Low volatility, contracting - coiling, watch for breakout",Wide stop - size down,Dry-up,Falling,Weak Up,-0.0668,Distribution,68.4953,Neutral,2 - Advancing,late,84.0,108.0,,,ENTER SMALL,70.53,3.0,Volume,"2 - Advancing, trend 83 long confirmed but participation is thin - reduce size, breakouts without volume fail more often","2 - Advancing, trend 95 long but momentum diverging - trend tiring, tighten stop","2 - Advancing, trend 98 long confirmed but participation is thin - reduce size, breakouts without volume fail more often"
2024-10-16,429.0,438.0,428.6000061035156,432.5,243302,399.5706,321.0347,No,82.63,Strong Bull,Uptrend,Hold,Range,Bullish,83.11,Strong Bull,Bullish confirmed,"Strong Bull - all 4 components agree, trending ADX",100.0,"Outperforming, weakening",Leads both,55.4133,Neutral,7.6384,12.2435,bullish fading,Neutral,-1.7157,-0.4926,thin,100.0,Positive fading,57.52,Neutral,Mixed,None,"Neutral - components mixed, low conviction",Lower Half,Trending,Bullish,No,Yes,Inside,31.92,Low,Contracting,-26.06,Confirmed,"Low volatility, squeeze confirmed - expansion pending",Wide stop - size down,Dry-up,Falling,Weak Up,-0.1126,Distribution,72.0913,Neutral,2 - Advancing,late,84.0,109.0,,,ENTER SMALL,71.16,3.0,Volume,"2 - Advancing, trend 83 long confirmed but participation is thin - reduce size, breakouts without volume fail more often","2 - Advancing, trend 94 long but momentum diverging - trend tiring, tighten stop","2 - Advancing, trend 98 long confirmed but participation is thin - reduce size, breakouts without volume fail more often"
2024-10-17,436.0,449.8999938964844,428.2000122070313,438.6000061035156,301770,401.1012,322.2045,No,85.18,Strong Bull,Uptrend,Hold,Range,Bullish,83.86,Strong Bull,Bullish confirmed,"Strong Bull - all 4 components agree, trending ADX",100.0,"Outperforming, weakening",Leads both,57.7719,Neutral,7.8235,11.3595,bullish fading,Neutral,-1.934,-0.5103,thin,100.0,Positive accelerating,60.95,Bullish,Mixed,None,"Bullish - components mixed, low conviction",Upper Half,Trending,Bullish,No,Yes,Inside,25.58,Low,Contracting,-34.0,Confirmed,"Low volatility, squeeze confirmed - expansion pending",Wide stop - size down,Dry-up,Falling,Weak Up,-0.0554,Distribution,66.4227,Neutral,2 - Advancing,late,84.0,110.0,,,ENTER SMALL,72.52,3.0,Volume,"2 - Advancing, trend 84 long confirmed but participation is thin - reduce size, breakouts without volume fail more often","2 - Advancing, trend 93 long but momentum diverging - trend tiring, tighten stop","2 - Advancing, trend 98 long confirmed but participation is thin - reduce size, breakouts without volume fail more often"
2024-10-18,438.5499877929688,448.4500122070313,421.5499877929688,445.2999877929688,241505,402.8345,323.4293,No,91.57,Strong Bull,Uptrend,Hold,Range,Bullish,85.68,Strong Bull,Bullish confirmed,"Strong Bull - all 4 components agree, trending ADX",100.0,"Outperforming, strengthening",Leads both,60.2585,Neutral,8.4139,10.7704,bullish fading,Neutral,-3.2377,-0.6193,full,100.0,Positive accelerating,64.52,Bullish,Bullish majority,None,Bullish - price momentum agrees but MACD shows deceleration,Upper Half,Trending,Bullish,No,Yes,Inside,26.28,Low,Contracting,-32.65,Confirmed,"Low volatility, squeeze confirmed - expansion pending",Wide stop - size down,Dry-up,Falling,Weak Up,-0.0501,Distribution,69.5809,Neutral,2 - Advancing,late,84.0,111.0,,,ENTER SMALL,74.41,3.0,Volume,"2 - Advancing, trend 86 long confirmed but participation is thin - reduce size, breakouts without volume fail more often","2 - Advancing, trend 82 long but momentum diverging - trend tiring, tighten stop","2 - Advancing, trend 99 with bullish confirmed, momentum and volume confirm; outperforming both benchmarks, late in the stage, reduce size"
2024-10-21,449.9500122070313,451.6499938964844,430.1000061035156,433.7000122070313,198508,404.0449,324.5266,No,90.3,Strong Bull,Uptrend,Hold,Range,Bullish,84.94,Strong Bull,Bullish confirmed,"Strong Bull - all 4 components agree, trending ADX",100.0,"Outperforming, strengthening",Leads both,54.297,Neutral,7.8552,10.1874,bullish fading,Neutral,2.3722,-0.1147,full,100.0,Positive fading,62.86,Bullish,Bullish majority,None,Bullish - price momentum agrees but MACD shows deceleration,Lower Half,Trending,Bullish,No,No,Inside,28.77,Low,Contracting,-41.71,Confirmed,"Low volatility, squeeze confirmed - expansion pending",Wide stop - size down,Dry-up,Falling,Weak Down,-0.0897,Distribution,74.4961,Neutral,2 - Advancing,late,84.0,112.0,,,ENTER SMALL,72.38,3.0,Volume,"2 - Advancing, trend 85 long confirmed but participation is thin - reduce size, breakouts without volume fail more often","2 - Advancing, trend 82 long confirmed but participation is thin - reduce size, breakouts without volume fail more often","2 - Advancing, trend 96 long confirmed but participation is thin - reduce size, breakouts without volume fail more often"
2024-10-22,438.0,438.7999877929688,412.0499877929688,414.25,384487,404.4451,325.4193,No,80.55,Strong Bull,Uptrend,Hold,Range,Bullish,80.26,Strong Bull,Bullish confirmed,"Strong Bull - all 4 components agree, trending ADX",100.0,"Outperforming, weakening",Leads both,46.0674,Neutral,5.7764,9.3052,bullish accelerating,Neutral,-2.7011,-0.5622,full,100.0,Positive fading,57.09,Neutral,Bearish majority,None,"Neutral - majority agree, 1 dissenting",Lower Half,Trending,Bullish,No,No,Inside,32.92,Low,Contracting,-34.4,Partial,"Low volatility, contracting - coiling, watch for breakout",Wide stop - size down,Dry-up,Falling,Weak Down,-0.1038,Distribution,70.642,Neutral,2 - Advancing,late,84.0,113.0,,,ENTER SMALL,68.54,3.0,Volume,"2 - Advancing, trend 80 long confirmed but participation is thin - reduce size, breakouts without volume fail more often","2 - Advancing, trend 83 long confirmed but participation is thin - reduce size, breakouts without volume fail more often","2 - Advancing, trend 95 long but momentum diverging - trend tiring, tighten stop"
2024-10-23,414.25,432.0,401.1000061035156,425.5,198305,405.2708,326.4152,No,81.88,Strong Bull,Uptrend,Hold,Range,Bullish,67.34,Bull,Mixed,"Bull - components mixed, low conviction",100.0,"Outperforming, strengthening",Leads both,50.72,Neutral,4.9794,8.44,bullish fading,Neutral,0.047,-0.3104,full,100.0,Positive fading,57.48,Neutral,Mixed,None,"Neutral - components mixed, low conviction",Lower Half,Trending,Bearish,No,No,Inside,34.57,Low,Stable,-19.95,Partial,"Low volatility, stable",Wide stop - size down,Dry-up,Falling,Weak Up,-0.0497,Neutral,63.1891,Neutral,2 - Advancing,late,84.0,114.0,,,WAIT,62.0,1.0,Trend agreement,"2 - Advancing, trend 67 but components disagree - wait for alignment","2 - Advancing, trend 83 long confirmed but participation is thin - reduce size, breakouts without volume fail more often","2 - Advancing, trend 94 long but momentum diverging - trend tiring, tighten stop"
2024-10-24,428.0,432.0,414.25,418.5499877929688,131593,405.7915,327.3319,No,74.1,Bull,Uptrend,Hold,Range,Bullish,65.55,Bull,Mixed,"Range with bullish lean - ADX emerging, direction not confirmed",100.0,"Outperforming, strengthening",Leads both,47.967,Neutral,3.7437,7.5008,bullish accelerating,Neutral,-2.0248,-0.491,full,100.0,Positive fading,55.5,Neutral,Bearish majority,None,"Neutral - majority agree, 1 dissenting",Lower Half,Emerging,Bearish,No,No,Inside,35.71,Low,Stable,-12.06,Partial,"Low volatility, stable",Wide stop - size down,Dry-up,Falling,Weak Down,-0.0218,Neutral,29.5637,Neutral,2 - Advancing,late,84.0,115.0,,,WAIT,61.45,1.0,Trend agreement,"2 - Advancing, trend 66 but components disagree - wait for alignment","2 - Advancing, trend 84 long confirmed but participation is thin - reduce size, breakouts without volume fail more often","2 - Advancing, trend 93 long but momentum diverging - trend tiring, tighten stop"
2024-10-25,424.7999877929688,424.7999877929688,400.0,406.8500061035156,269362,405.833,328.1231,No,62.71,Bull,Uptrend,Hold,Range,Bullish,57.78,Neutral,Mixed,"No clear trend - ADX emerging, price ranging",100.0,"Outperforming, strengthening",Leads both,43.6698,Oversold,1.7996,6.3605,bullish accelerating,Neutral,-2.8186,-0.5573,full,100.0,Positive fading,53.11,Neutral,Bearish majority,None,"Neutral - majority agree, 1 dissenting",At Lower,Emerging,Bearish,No,No,Inside,39.4,Low,Stable,-2.9,Partial,"Low volatility, stable",Wide stop - size down,Dry-up,Falling,Weak Down,0.0562,Accumulation,46.3834,Neutral,2 - Advancing,late,74.0,116.0,,,WAIT,56.23,1.0,Trend,"2 - Advancing, but trend score 58 does not confirm long - no directional edge","2 - Advancing, trend 86 long confirmed but participation is thin - reduce size, breakouts without volume fail more often","2 - Advancing, trend 82 long but momentum diverging - trend tiring, tighten stop"
2024-10-28,408.0,424.2000122070313,400.0,420.2999877929688,235991,406.4004,329.0403,No,67.43,Bull,Uptrend,Hold,Range,Bullish,64.01,Bull,Mixed,"Range with bullish lean - ADX emerging, direction not confirmed",100.0,"Outperforming, strengthening",Leads both,49.2936,Neutral,1.3289,5.3542,bullish fading,Neutral,0.7189,-0.2334,full,100.0,Positive fading,55.59,Neutral,Bearish majority,None,"Neutral - majority agree, 1 dissenting",Lower Half,Emerging,Bearish,No,No,Inside,38.21,Low,Stable,-2.49,Partial,"Low volatility, stable",Wide stop - size down,Dry-up,Falling,Weak Up,0.0917,Accumulation,56.2531,Neutral,2 - Advancing,late,74.0,117.0,,,WAIT,60.98,1.0,Trend agreement,"2 - Advancing, trend 64 but components disagree - wait for alignment","2 - Advancing, trend 85 long confirmed but participation is thin - reduce size, breakouts without volume fail more often","2 - Advancing, trend 82 long confirmed but participation is thin - reduce size, breakouts without volume fail more often"
2024-10-29,421.6000061035156,441.2999877929688,420.0,440.4500122070313,285599,407.7356,330.1489,No,81.52,Strong Bull,Uptrend,Hold,Range,Bullish,77.21,Strong Bull,Bullish confirmed,"Range with bullish lean - ADX emerging, direction not confirmed",100.0,"Outperforming, strengthening",Leads both,56.328,Neutral,2.5523,4.7938,bullish fading,Neutral,2.8128,-0.0383,full,100.0,Positive accelerating,62.36,Bullish,Mixed,None,"Bullish - components mixed, low conviction",Upper Half,Emerging,Bullish,No,No,Inside,36.07,Low,Stable,-2.78,Partial,"Low volatility, stable",Wide stop - size down,Dry-up,Falling,Weak Up,0.1182,Accumulation,55.3246,Neutral,2 - Advancing,late,84.0,118.0,,,WAIT,62.0,1.0,Weak ADX,"2 - Advancing, trend 77 but ADX shows no trend, this is a range - wait for alignment","2 - Advancing, trend 80 long confirmed but participation is thin - reduce size, breakouts without volume fail more often","2 - Advancing, trend 83 long confirmed but participation is thin - reduce size, breakouts without volume fail more often"
2024-10-30,441.2999877929688,459.2999877929688,430.0,437.6499938964844,357122,408.9088,331.2185,No,84.34,Strong Bull,Uptrend,Hold,Range,Bullish,77.9,Strong Bull,Bullish confirmed,"Range with bullish lean - ADX emerging, direction not confirmed",100.0,"Outperforming, strengthening",Leads both,55.1824,Neutral,3.2584,4.4867,bullish fading,Neutral,1.1908,-0.1827,full,100.0,Positive fading,65.72,Bullish,Bullish majority,Bearish divergence,Bullish - bearish divergence vs price over 21 bars,Upper Half,Emerging,Bullish,No,Yes,Inside,38.33,Low,Stable,6.41,Partial,"Low volatility, stable",Wide stop - size down,Dry-up,Falling,Weak Down,0.1221,Accumulation,56.5971,Neutral,2 - Advancing,late,84.0,119.0,,,WAIT,62.0,1.0,Weak ADX,"2 - Advancing, trend 78 but ADX shows no trend, this is a range - wait for alignment","2 - Advancing, trend 67 but components disagree - wait for alignment","2 - Advancing, trend 83 long confirmed but participation is thin - reduce size, breakouts without volume fail more often"
2024-10-31,439.5,442.0,425.0499877929688,429.75,204695,409.7261,332.199,No,83.67,Strong Bull,Uptrend,Hold,Range,Bullish,77.22,Strong Bull,Bullish confirmed,"Range with bullish lean - ADX no trend, direction not confirmed",100.0,"Outperforming, strengthening",Leads both,51.9708,Neutral,3.1443,4.2183,bullish fading,Neutral,-2.0178,-0.4742,full,87.07,Positive fading,61.58,Bullish,Bullish majority,None,Bullish - price momentum agrees but MACD shows deceleration,Upper Half,No Trend,Bullish,No,Yes,Inside,36.52,Low,Stable,10.95,Partial,"Low volatility, stable",Wide stop - size down,Dry-up,Falling,Weak Down,0.0726,Accumulation,57.5446,Neutral,2 - Advancing,late,84.0,120.0,,,WAIT,62.0,1.0,Weak ADX,"2 - Advancing, trend 77 but ADX shows no trend, this is a range - wait for alignment","2 - Advancing, trend 66 but components disagree - wait for alignment","2 - Advancing, trend 84 long confirmed but participation is thin - reduce size, breakouts without volume fail more often"
2024-11-01,434.25,440.0,425.0,433.0,79287,410.6388,333.202,No,86.46,Strong Bull,Uptrend,Hold,Range,Bullish,77.77,Strong Bull,Bullish confirmed,"Range with bullish lean - ADX no trend, direction not confirmed",100.0,"Outperforming, strengthening",Leads both,53.1781,Neutral,3.2783,4.0303,bullish fading,Neutral,-2.7622,-0.5431,full,97.85,Positive accelerating,64.84,Bullish,Bullish majority,Bullish divergence,Bullish - bullish divergence vs price over 21 bars,Upper Half,No Trend,Bullish,No,Yes,Inside,29.88,Low,Stable,3.6,Confirmed,"Low volatility, squeeze confirmed - expansion pending",Wide stop - size down,Dry-up,Falling,Weak Up,-0.264,Distribution,61.9554,Neutral,2 - Advancing,late,84.0,121.0,,,WAIT,62.0,1.0,Weak ADX,"2 - Advancing, trend 78 but ADX shows no trend, this is a range - wait for alignment","2 - Advancing, but trend score 58 does not confirm long - no directional edge","2 - Advancing, trend 86 long confirmed but participation is thin - reduce size, breakouts without volume fail more often"
2024-11-04,429.8999938964844,429.8999938964844,415.0,420.0,212745,411.0059,334.0656,No,81.44,Strong Bull,Uptrend,Hold,Range,Bullish,75.25,Strong Bull,Bullish confirmed,"Range with bullish lean - ADX no trend, direction not confirmed",100.0,"Outperforming, weakening",Leads both,47.9825,Neutral,2.3089,3.686,bullish accelerating,Neutral,-3.1589,-0.5832,full,100.0,Positive accelerating,61.65,Bullish,Bearish majority,None,"Bullish - majority agree, 1 dissenting",Lower Half,No Trend,Bullish,No,Yes,Inside,30.32,Low,Stable,1.54,Confirmed,"Low volatility, squeeze confirmed - expansion pending",Wide stop - size down,Normal,Falling,Weak Down,-0.0745,Distribution,55.383,Neutral,2 - Advancing,late,84.0,122.0,,,WAIT,62.0,1.0,Weak ADX,"2 - Advancing, trend 75 but ADX shows no trend, this is a range - wait for alignment","2 - Advancing, trend 64 but components disagree - wait for alignment","2 - Advancing, trend 85 long confirmed but participation is thin - reduce size, breakouts without volume fail more often"
2024-11-05,423.7999877929688,425.0,410.1499938964844,414.7000122070313,323547,411.1507,334.8679,No,67.27,Bull,Uptrend,Hold,Range,Bullish,67.4,Bull,Mixed,"Range with bullish lean - ADX no trend, direction not confirmed",100.0,"Outperforming, strengthening",Leads both,46.0089,Neutral,1.1003,3.1689,bullish accelerating,Neutral,0.1086,-0.2864,full,100.0,Positive fading,58.89,Bullish,Bearish majority,Bullish divergence,Bullish - bullish divergence vs price over 21 bars,Lower Half,No Trend,Bearish,No,No,Inside,27.34,Low,Stable,-5.58,Confirmed,"Low volatility, squeeze confirmed - expansion pending",Wide stop - size down,Normal,Falling,Confirmed Down,-0.1295,Distribution,47.0719,Neutral,2 - Advancing,late,74.0,123.0,,,WAIT,61.1,1.0,Trend agreement,"2 - Advancing, trend 67 but components disagree - wait for alignment","2 - Advancing, trend 77 but ADX shows no trend, this is a range - wait for alignment","2 - Advancing, trend 80 long confirmed but participation is thin - reduce size, breakouts without volume fail more often"
2024-11-06,415.2000122070313,424.0,415.0,417.2000122070313,224577,411.388,335.6872,No,63.69,Bull,Uptrend,Hold,Uptrend (HH+HL),Bullish,76.75,Strong Bull,Bullish majority,"Range with bullish lean - ADX no trend, direction not confirmed",98.87,"Outperforming, strengthening",Leads both,47.1139,Neutral,0.3403,2.6032,bullish accelerating,Neutral,-1.9506,-0.4738,full,90.63,Positive fading,55.03,Neutral,Bearish majority,None,"Neutral - majority agree, 1 dissenting",Lower Half,No Trend,Bearish,No,No,Inside,23.29,Low,Stable,-11.27,Confirmed,"Low volatility, squeeze confirmed - expansion pending",Wide stop - size down,Normal,Falling,Weak Up,-0.1329,Distribution,45.6458,Neutral,2 - Advancing,late,74.0,124.0,,,WAIT,62.0,1.0,Weak ADX,"2 - Advancing, trend 77 but ADX shows no trend, this is a range - wait for alignment","2 - Advancing, trend 78 but ADX shows no trend, this is a range - wait for alignment","2 - Advancing, trend 67 but components disagree - wait for alignment"
2024-11-07,419.8500061035156,427.0,411.0,414.9500122070313,185418,411.5277,336.4759,No,63.15,Bull,Uptrend,Hold,Uptrend (HH+HL),Bullish,76.94,Strong Bull,Bullish majority,"Range with bullish lean - ADX no trend, direction not confirmed",86.95,"Outperforming, strengthening",Leads both,46.1975,Neutral,-0.4385,1.9948,bearish accelerating,Neutral,-0.8601,-0.3793,full,80.24,Positive fading,51.04,Neutral,Bearish majority,None,"Neutral - majority agree, 1 dissenting",Lower Half,No Trend,Bearish,No,No,Inside,22.1,Low,Stable,-13.61,Partial,"Low volatility, stable",Wide stop - size down,Normal,Falling,Weak Down,-0.1291,Distribution,46.5751,Neutral,2 - Advancing,late,74.0,125.0,,,WAIT,62.0,1.0,Weak ADX,"2 - Advancing, trend 77 but ADX shows no trend, this is a range - wait for alignment","2 - Advancing, trend 77 but ADX shows no trend, this is a range - wait for alignment","2 - Advancing, trend 66 but components disagree - wait for alignment"
2024-11-08,414.7000122070313,419.3999938964844,407.5,413.8999938964844,214369,411.6207,337.2462,No,63.92,Bull,Uptrend,Hold,Uptrend (HH+HL),Bullish,76.92,Strong Bull,Bullish confirmed,"Range with bullish lean - ADX no trend, direction not confirmed",89.68,"Outperforming, strengthening",Leads both,45.7503,Neutral,-1.1275,1.3704,bearish accelerating,Neutral,1.7328,-0.1465,full,79.94,Positive fading,50.67,Neutral,Bearish majority,None,"Neutral - majority agree, 1 dissenting",Lower Half,No Trend,Bearish,No,No,Inside,18.77,Very Low,Contracting,-20.63,Partial,"Very Low volatility, contracting - coiling, watch for breakout",Wide stop - size down,Normal,Falling,Weak Down,-0.0977,Distribution,40.2977,Neutral,2 - Advancing,late,74.0,126.0,,,WAIT,62.0,1.0,Weak ADX,"2 - Advancing, trend 77 but ADX shows no trend, this is a range - wait for alignment","2 - Advancing, trend 78 but ADX shows no trend, this is a range - wait for alignment","2 - Advancing, but trend score 58 does not confirm long - no directional edge"
2024-11-11,423.0,434.5499877929688,415.2000122070313,433.0,407118,412.4591,338.199,No,70.84,Bull,Uptrend,Hold,Uptrend (HH+HL),Bullish,79.79,Strong Bull,Bullish confirmed,"Range with bullish lean - ADX no trend, direction not confirmed",100.0,"Outperforming, strengthening",Leads both,54.3983,Neutral,-0.1308,1.0701,bearish fading,Neutral,3.0217,-0.03,full,89.76,Positive accelerating,59.46,Bullish,Mixed,None,"Bullish - components mixed, low conviction",Upper Half,No Trend,Bullish,No,No,Inside,14.84,Very Low,Contracting,-23.37,Partial,"Very Low volatility, contracting - coiling, watch for breakout",Wide stop - size down,Normal,Falling,Confirmed Up,-0.0296,Neutral,52.2977,Neutral,2 - Advancing,late,74.0,127.0,,,WAIT,62.0,1.0,Weak ADX,"2 - Advancing, trend 80 but ADX shows no trend, this is a range - wait for alignment","2 - Advancing, trend 75 but ADX shows no trend, this is a range - wait for alignment","2 - Advancing, trend 64 but components disagree - wait for alignment"
2024-11-12,431.9500122070313,447.0,422.0499877929688,428.9500122070313,282715,413.1058,339.102,No,72.28,Bull,Uptrend,Hold,Uptrend (HH+HL),Bullish,80.3,Strong Bull,Bullish confirmed,"Range with bullish lean - ADX no trend, direction not confirmed",100.0,"Outperforming, strengthening",Leads both,52.4877,Neutral,0.3286,0.9218,bullish fading,Neutral,-2.611,-0.546,full,93.0,Positive accelerating,61.88,Bullish,Mixed,None,"Bullish - components mixed, low conviction",Upper Half,No Trend,Bullish,No,No,Inside,19.33,Very Low,Stable,-16.74,Partial,"Very Low volatility, stable",Wide stop - size down,Normal,Falling,Confirmed Down,-0.0807,Distribution,59.3241,Neutral,2 - Advancing,late,74.0,128.0,,,WAIT,62.0,1.0,Weak ADX,"2 - Advancing, trend 80 but ADX shows no trend, this is a range - wait for alignment","2 - Advancing, trend 67 but components disagree - wait for alignment","2 - Advancing, trend 77 but ADX shows no trend, this is a range - wait for alignment"
2024-11-13,425.0499877929688,436.0,409.9500122070313,413.6499938964844,290197,413.1271,339.8438,No,65.1,Bull,Uptrend,Hold,Uptrend (HH+HL),Bullish,77.2,Strong Bull,Bullish confirmed,"Range with bullish lean - ADX no trend, direction not confirmed",99.34,"Outperforming, strengthening",Leads both,45.9251,Neutral,-0.5358,0.6303,bearish accelerating,Neutral,-5.4838,-0.8066,full,84.63,Positive fading,56.37,Neutral,Bearish majority,Bullish divergence,Neutral - bullish divergence vs price over 21 bars,Lower Half,No Trend,Bullish,No,No,Inside,27.38,Low,Stable,-10.95,Partial,"Low volatility, stable",Wide stop - size down,Normal,Falling,Confirmed Down,-0.113,Distribution,53.0676,Neutral,2 - Advancing,late,74.0,129.0,,,WAIT,62.0,1.0,Weak ADX,"2 - Advancing, trend 77 but ADX shows no trend, this is a range - wait for alignment","2 - Advancing, trend 77 but ADX shows no trend, this is a range - wait for alignment","2 - Advancing, trend 78 but ADX shows no trend, this is a range - wait for alignment"
2024-11-14,427.3999938964844,434.0,416.0,423.7999877929688,355666,413.5457,340.6792,No,70.65,Bull,Uptrend,Hold,Uptrend (HH+HL),Bullish,79.73,Strong Bull,Bullish confirmed,"Range with bullish lean - ADX no trend, direction not confirmed",92.81,"Outperforming, strengthening",Leads both,50.3593,Neutral,-0.3973,0.4248,bearish fading,Neutral,-1.3845,-0.4272,full,76.03,Positive fading,55.11,Neutral,Mixed,None,"Neutral - components mixed, low conviction",Lower Half,No Trend,Bullish,No,No,Inside,23.53,Low,Stable,-12.99,Partial,"Low volatility, stable",Wide stop - size down,Normal,Falling,Confirmed Up,-0.1187,Distribution,61.3917,Neutral,2 - Advancing,late,74.0,130.0,,,WAIT,62.0,1.0,Weak ADX,"2 - Advancing, trend 80 but ADX shows no trend, this is a range - wait for alignment","2 - Advancing, trend 77 but ADX shows no trend, this is a range - wait for alignment","2 - Advancing, trend 77 but ADX shows no trend, this is a range - wait for alignment"
2024-11-18,415.0,444.9500122070313,415.0,442.8999938964844,374835,414.6968,341.6963,No,88.37,Strong Bull,Uptrend,Hold,Uptrend (HH+HL),Bullish,85.93,Strong Bull,Bullish confirmed,"Range with bullish lean - ADX no trend, direction not confirmed",100.0,"Outperforming, strengthening",Leads both,57.4329,Neutral,1.2395,0.5877,Bullish crossover,Neutral,2.2864,-0.0869,full,94.39,Positive accelerating,66.18,Bullish,Bullish majority,None,"Bullish - majority agree, 1 dissenting",At Upper,No Trend,Bullish,No,No,Inside,22.98,Low,Stable,-6.9,Confirmed,"Low volatility, squeeze confirmed - expansion pending",Wide stop - size down,Normal,Falling,Confirmed Up,-0.0891,Distribution,62.9368,Neutral,2 - Advancing,late,84.0,131.0,,,WAIT,62.0,1.0,Weak ADX,"2 - Advancing, trend 86 but ADX shows no trend, this is a range - wait for alignment","2 - Advancing, trend 77 but ADX shows no trend, this is a range - wait for alignment","2 - Advancing, trend 78 but ADX shows no trend, this is a range - wait for alignment"
2024-11-19,445.0,463.0,433.7999877929688,441.0499877929688,527408,415.7303,342.6849,No,89.17,Strong Bull,Uptrend,Hold,Uptrend (HH+HL),Bullish,86.21,Strong Bull,Bullish confirmed,"Range with bullish lean - ADX no trend, direction not confirmed",100.0,"Outperforming, strengthening",Leads both,56.5917,Neutral,2.3601,0.9422,bullish accelerating,Neutral,5.0119,0.1685,full,92.17,Positive fading,68.1,Bullish,Bullish confirmed,Bullish divergence,Bullish - bullish divergence vs price over 21 bars,Upper Half,No Trend,Bullish,No,No,Inside,29.84,Low,Stable,-0.47,Partial,"Low volatility, stable",Wide stop - size down,Normal,Falling,Confirmed Down,-0.1078,Distribution,65.3171,Neutral,2 - Advancing,late,84.0,132.0,,,WAIT,62.0,1.0,Weak ADX,"2 - Advancing, trend 86 but ADX shows no trend, this is a range - wait for alignment","2 - Advancing, trend 80 but ADX shows no trend, this is a range - wait for alignment","2 - Advancing, trend 75 but ADX shows no trend, this is a range - wait for alignment"
2024-11-21,439.7000122070313,463.1000061035156,425.0,463.1000061035156,458100,417.5879,343.883,No,97.99,Strong Bull,Uptrend,Hold,Uptrend (HH+HL),Bullish,89.3,Strong Bull,Bullish confirmed,"Range with bullish lean - ADX no trend, direction not confirmed",100.0,"Outperforming, strengthening",Leads both,63.4608,Neutral,4.9702,1.7478,bullish accelerating,Neutral,11.6711,0.7835,full,100.0,Positive accelerating,77.78,Strong Bullish,Bullish confirmed,None,Strong Bullish - all 4 components agree incl. MACD acceleration,Above Upper,No Trend,Bullish,No,No,Breakout Up,38.77,Low,Stable,11.43,Partial,"Low volatility, stable",Wide stop - size down,Normal,Falling,Confirmed Up,0.0323,Neutral,66.259,Neutral,2 - Advancing,late,84.0,133.0,,,WAIT,62.0,1.0,Weak ADX,"2 - Advancing, trend 89 but ADX shows no trend, this is a range - wait for alignment","2 - Advancing, trend 80 but ADX shows no trend, this is a range - wait for alignment","2 - Advancing, trend 67 but components disagree - wait for alignment"
2024-11-22,486.25,486.25,468.1000061035156,475.1499938964844,815304,419.8453,345.1892,No,99.47,Strong Bull,Uptrend,Hold,Uptrend (HH+HL),Bullish,89.91,Strong Bull,Bullish confirmed,"Range with bullish lean - ADX no trend, direction not confirmed",100.0,"Outperforming, strengthening",Leads both,66.5738,Neutral,7.9197,2.9822,bullish accelerating,Overbought,13.8902,0.9851,full,100.0,Positive accelerating,81.58,Strong Bullish,Bullish confirmed,None,Strong Bullish - all 4 components agree incl. MACD acceleration,Above Upper,No Trend,Bullish,Yes,No,Breakout Up,42.38,Normal,Stable,19.09,No,"Normal volatility, stable",Wide stop - size down,High,Falling,Confirmed Up,-0.0185,Neutral,75.3752,Neutral,2 - Advancing,late,84.0,134.0,,,WAIT,62.0,1.0,Weak ADX,"2 - Advancing, trend 90 but ADX shows no trend, this is a range - wait for alignment","2 - Advancing, trend 77 but ADX shows no trend, this is a range - wait for alignment","2 - Advancing, trend 77 but ADX shows no trend, this is a range - wait for alignment"
2024-11-25,476.5,479.7999877929688,461.0,468.3500061035156,266618,421.7474,346.4147,No,97.59,Strong Bull,Uptrend,Hold,Uptrend (HH+HL),Bullish,89.62,Strong Bull,Bullish confirmed,"Range with bullish lean - ADX no trend, direction not confirmed",100.0,"Outperforming, strengthening",Leads both,63.2966,Neutral,9.5979,4.3053,bullish accelerating,Overbought,12.869,0.9006,full,100.0,Positive fading,81.62,Strong Bullish,Bullish confirmed,None,Strong Bullish - all 4 components agree incl. MACD acceleration,At Upper,No Trend,Bullish,Yes,No,Inside,48.69,Normal,Expanding,26.59,No,Squeeze releasing - expanding 4 bars after compression,Wide stop - size down,Normal,Falling,Weak Down,-0.0166,Neutral,70.6401,Neutral,2 - Advancing,late,84.0,135.0,,,WAIT,62.0,1.0,Weak ADX,"2 - Advancing, trend 90 but ADX shows no trend, this is a range - wait for alignment","2 - Advancing, trend 80 but ADX shows no trend, this is a range - wait for alignment","2 - Advancing, trend 77 but ADX shows no trend, this is a range - wait for alignment"
2024-11-26,468.0,483.0,465.0,467.5,264016,423.5416,347.6195,No,96.61,Strong Bull,Uptrend,Hold,Uptrend (HH+HL),Bullish,89.7,Strong Bull,Bullish confirmed,"Range with bullish lean - ADX no trend, direction not confirmed",100.0,"Outperforming, strengthening",Leads both,62.8799,Neutral,10.7355,5.5914,bullish fading,Neutral,12.95,0.9158,full,100.0,Positive accelerating,80.36,Strong Bullish,Bullish confirmed,None,Strong Bullish - all 4 components agree incl. MACD acceleration,Upper Half,No Trend,Bullish,Yes,Yes,Inside,46.9,Normal,Expanding,28.13,No,Squeeze releasing - expanding 5 bars after compression,Wide stop - size down,Normal,Falling,Weak Down,-0.0276,Neutral,75.1687,Neutral,2 - Advancing,late,84.0,136.0,,,WAIT,62.0,1.0,Weak ADX,"2 - Advancing, trend 90 but ADX shows no trend, this is a range - wait for alignment","2 - Advancing, trend 86 but ADX shows no trend, this is a range - wait for alignment","2 - Advancing, trend 77 but ADX shows no trend, this is a range - wait for alignment"
2024-11-27,485.0,490.8500061035156,480.0,490.8500061035156,1064539,426.1812,349.0447,No,99.27,Strong Bull,Uptrend,Hold,Uptrend (HH+HL),Bullish,91.21,Strong Bull,Bullish confirmed,"Range with bullish lean - ADX no trend, direction not confirmed",100.0,"Outperforming, strengthening",Leads both,68.9307,Overbought,13.3672,7.1465,bullish accelerating,Overbought,13.3603,0.9561,full,100.0,Positive accelerating,83.75,Strong Bullish,Bullish confirmed,None,Strong Bullish - all 4 components agree incl. MACD acceleration,Above Upper,No Trend,Bullish,Yes,Yes,Breakout Up,44.25,Normal,Expanding,29.4,No,Squeeze releasing - expanding 6 bars after compression,Wide stop - size down,High,Falling,Confirmed Up,0.1013,Accumulation,84.0513,Overbought,2 - Advancing,late,84.0,137.0,,,WAIT,62.0,1.0,Weak ADX,"2 - Advancing, trend 91 but ADX shows no trend, this is a range - wait for alignment","2 - Advancing, trend 86 but ADX shows no trend, this is a range - wait for alignment","2 - Advancing, trend 80 but ADX shows no trend, this is a range - wait for alignment"
2024-11-28,490.7999877929688,510.0,470.1000061035156,498.2999877929688,486101,429.0094,350.5298,No,99.19,Strong Bull,Uptrend,Hold,Uptrend (HH+HL),Bullish,92.13,Strong Bull,Bullish confirmed,"Range with bullish lean - ADX no trend, direction not confirmed",100.0,"Outperforming, strengthening",Leads both,70.5786,Overbought,15.871,8.8914,bullish accelerating,Overbought,16.1674,1.2143,full,100.0,Positive accelerating,85.27,Strong Bullish,Bullish confirmed,None,Strong Bullish but overbought on RSI and Stochastic - stretched,Above Upper,No Trend,Bullish,Yes,Yes,Breakout Up,52.82,Normal,Expanding,33.49,No,Squeeze releasing - expanding 7 bars after compression,Wide stop - size down,Normal,Falling,Confirmed Up,0.0902,Accumulation,84.8994,Overbought,2 - Advancing,late,84.0,138.0,,,WAIT,62.0,1.0,Weak ADX,"2 - Advancing, trend 92 but ADX shows no trend, this is a range - wait for alignment","2 - Advancing, trend 89 but ADX shows no trend, this is a range - wait for alignment","2 - Advancing, trend 80 but ADX shows no trend, this is a range - wait for alignment"
2024-11-29,510.0,514.0,490.25,505.3999938964844,465817,432.0051,352.0708,No,99.08,Strong Bull,Uptrend,Hold,Uptrend (HH+HL),Bullish,93.05,Strong Bull,Bullish confirmed,"Range with bullish lean - ADX emerging, direction not confirmed",100.0,"Outperforming, strengthening",Leads both,72.0974,Overbought,18.2182,10.7568,bullish accelerating,Overbought,22.1806,1.7593,full,100.0,Positive accelerating,86.64,Strong Bullish,Bullish confirmed,None,Strong Bullish but overbought on RSI and Stochastic - stretched,Above Upper,Emerging,Bullish,Yes,No,Near Upper,54.48,Normal,Expanding,27.1,No,Squeeze releasing - expanding 8 bars after compression,Wide stop - size down,Normal,Falling,Confirmed Up,0.1288,Accumulation,88.3953,Overbought,2 - Advancing,late,84.0,139.0,,,WAIT,62.0,1.0,Weak ADX,"2 - Advancing, trend 93 but ADX shows no trend, this is a range - wait for alignment","2 - Advancing, trend 90 but ADX shows no trend, this is a range - wait for alignment","2 - Advancing, trend 77 but ADX shows no trend, this is a range - wait for alignment"
2024-12-02,505.8999938964844,523.2999877929688,502.2000122070313,507.8999938964844,445336,434.9813,353.6213,No,98.58,Strong Bull,Uptrend,Hold,Uptrend (HH+HL),Bullish,93.94,Strong Bull,Bullish confirmed,"Range with bullish lean - ADX emerging, direction not confirmed",100.0,"Outperforming, strengthening",Leads both,72.6332,Overbought,20.0489,12.6152,bullish fading,Overbought,19.8443,1.5306,full,100.0,Positive accelerating,86.18,Strong Bullish,Bullish confirmed,None,Strong Bullish but overbought on RSI and Stochastic - stretched,Upper Half,Emerging,Bullish,Yes,No,Inside,52.42,Normal,Expanding,28.89,No,Squeeze releasing - expanding 9 bars after compression,Wide stop - size down,Normal,Falling,Confirmed Up,0.1101,Accumulation,91.8513,Overbought,2 - Advancing,late,84.0,140.0,,,WAIT,62.0,1.0,Weak ADX,"2 - Advancing, trend 94 but ADX shows no trend, this is a range - wait for alignment","2 - Advancing, trend 90 but ADX shows no trend, this is a range - wait for alignment","2 - Advancing, trend 80 but ADX shows no trend, this is a range - wait for alignment"
2024-12-03,508.0,517.0,490.0,506.2000122070313,401615,437.7742,355.1395,No,97.81,Strong Bull,Uptrend,Hold,Uptrend (HH+HL),Bullish,94.1,Strong Bull,Bullish confirmed,"Range with bullish lean - ADX emerging, direction not confirmed",100.0,"Outperforming, strengthening",Leads both,71.6261,Overbought,21.1192,14.316,bullish fading,Overbought,14.2922,1.0196,full,100.0,Positive accelerating,85.21,Strong Bullish,Bullish confirmed,None,Strong Bullish but overbought on RSI and Stochastic - stretched,Upper Half,Emerging,Bullish,Yes,No,Inside,55.2,Normal,Expanding,32.22,No,Squeeze releasing - expanding 10 bars after compression,Wide stop - size down,Normal,Falling,Weak Down,0.115,Accumulation,85.3085,Overbought,2 - Advancing,late,84.0,141.0,,,WAIT,62.0,1.0,Weak ADX,"2 - Advancing, trend 94 but ADX shows no trend, this is a range - wait for alignment","2 - Advancing, trend 90 but ADX shows no trend, this is a range - wait for alignment","2 - Advancing, trend 86 but ADX shows no trend, this is a range - wait for alignment"
2024-12-04,507.0,509.2999877929688,485.1000061035156,501.2999877929688,422638,440.2654,356.5939,No,96.61,Strong Bull,Uptrend,Hold,Uptrend (HH+HL),Bullish,93.86,Strong Bull,Bullish confirmed,"Range with bullish lean - ADX emerging, direction not confirmed",100.0,"Outperforming, strengthening",Leads both,68.6705,Overbought,21.3262,15.718,bullish fading,Overbought,13.6606,0.9579,full,100.0,Positive fading,82.74,Strong Bullish,Bullish confirmed,None,Strong Bullish - all 4 components agree incl. MACD acceleration,Upper Half,Emerging,Bullish,Yes,No,Inside,56.79,Normal,Expanding,26.94,No,Squeeze releasing - expanding 11 bars after compression,Wide stop - size down,Normal,Falling,Confirmed Down,0.1379,Accumulation,79.0294,Neutral,2 - Advancing,late,84.0,142.0,,,WAIT,62.0,1.0,Weak ADX,"2 - Advancing, trend 94 but ADX shows no trend, this is a range - wait for alignment","2 - Advancing, trend 91 but ADX shows no trend, this is a range - wait for alignment","2 - Advancing, trend 86 but ADX shows no trend, this is a range - wait for alignment"
2024-12-05,502.7999877929688,508.0,493.0,499.6000061035156,200365,442.5923,358.0168,No,95.71,Strong Bull,Uptrend,Hold,Uptrend (HH+HL),Bullish,93.72,Strong Bull,Bullish confirmed,"Range with bullish lean - ADX emerging, direction not confirmed",100.0,"Outperforming, strengthening",Leads both,67.6279,Neutral,21.1097,16.7964,bullish fading,Overbought,7.8817,0.426,full,100.0,Positive accelerating,80.6,Strong Bullish,Bullish confirmed,None,Strong Bullish - all 4 components agree incl. MACD acceleration,Upper Half,Emerging,Bullish,Yes,No,Inside,51.27,Normal,Stable,12.5,No,"Normal volatility, stable",Wide stop - size down,Dry-up,Falling,Weak Down,0.1524,Accumulation,82.7805,Overbought,2 - Advancing,late,84.0,143.0,,,WAIT,62.0,1.0,Weak ADX,"2 - Advancing, trend 94 but ADX shows no trend, this is a range - wait for alignment","2 - Advancing, trend 92 but ADX shows no trend, this is a range - wait for alignment","2 - Advancing, trend 89 but ADX shows no trend, this is a range - wait for alignment"
2024-12-06,510.0,524.5499877929688,509.6000061035156,524.5499877929688,356538,445.8063,359.6739,No,98.52,Strong Bull,Uptrend,Hold,Uptrend (HH+HL),Bullish,95.26,Strong Bull,Bullish confirmed,"Range with bullish lean - ADX emerging, direction not confirmed",100.0,"Outperforming, strengthening",Leads both,73.8929,Overbought,22.6899,17.9751,bullish accelerating,Overbought,10.3967,0.655,full,100.0,Positive accelerating,83.53,Strong Bullish,Bullish confirmed,None,Strong Bullish but overbought on RSI and Stochastic - stretched,Upper Half,Emerging,Bullish,Yes,No,Breakout Up,49.76,Normal,Stable,7.38,No,"Normal volatility, stable",Wide stop - size down,Normal,Falling,Weak Up,0.2068,Accumulation,82.9669,Overbought,2 - Advancing,late,84.0,144.0,,,WAIT,62.0,1.0,Weak ADX,"2 - Advancing, trend 95 but ADX shows no trend, this is a range - wait for alignment","2 - Advancing, trend 93 but ADX shows no trend, this is a range - wait for alignment","2 - Advancing, trend 90 but ADX shows no trend, this is a range - wait for alignment"
2024-12-09,539.7999877929688,550.75,530.0,550.5499877929688,561875,449.9139,361.5731,No,100.0,Strong Bull,Uptrend,Hold,Uptrend (HH+HL),Bullish,96.77,Strong Bull,Bullish confirmed,"Strong Bull - all 4 components agree, trending ADX",100.0,"Outperforming, strengthening",Leads both,78.5513,Overbought,25.7434,19.5287,bullish accelerating,Overbought,17.551,1.3012,full,100.0,Positive accelerating,87.21,Strong Bullish,Bullish confirmed,None,Strong Bullish but overbought on RSI and Stochastic - stretched,At Upper,Trending,Bullish,Yes,No,Breakout Up,48.37,Normal,Stable,-0.32,No,"Normal volatility, stable",Wide stop - size down,Normal,Falling,Confirmed Up,0.2723,Accumulation,83.7027,Overbought,2 - Advancing,late,84.0,145.0,,,NO NEW ENTRY,70.0,2.0,Momentum stretched,"2 - Advancing, trend 97 long but momentum overextended - hold existing, do not add","2 - Advancing, trend 94 but ADX shows no trend, this is a range - wait for alignment","2 - Advancing, trend 90 but ADX shows no trend, this is a range - wait for alignment"
2024-12-10,549.0,578.0499877929688,532.0999755859375,575.5,732038,454.8388,363.7018,No,100.0,Strong Bull,Uptrend,Hold,Uptrend (HH+HL),Bullish,98.05,Strong Bull,Bullish confirmed,"Strong Bull - all 4 components agree, trending ADX",100.0,"Outperforming, strengthening",Leads both,81.8907,Overbought,29.8326,21.5895,bullish accelerating,Overbought,23.1016,1.7908,full,100.0,Positive accelerating,90.48,Strong Bullish,Bullish confirmed,None,Strong Bullish but overbought on RSI and Stochastic - stretched,Above Upper,Trending,Bullish,Yes,No,Breakout Up,56.99,Normal,Stable,10.08,No,"Normal volatility, stable",Wide stop - size down,Normal,Falling,Confirmed Up,0.3261,Accumulation,84.5274,Overbought,2 - Advancing,late,84.0,146.0,,,NO NEW ENTRY,70.0,2.0,Momentum stretched,"2 - Advancing, trend 98 long but momentum overextended - hold existing, do not add","2 - Advancing, trend 94 but ADX shows no trend, this is a range - wait for alignment","2 - Advancing, trend 90 but ADX shows no trend, this is a range - wait for alignment"
2024-12-11,580.0,591.9000244140625,561.0,574.8499755859375,509361,459.5452,365.8027,No,99.96,Strong Bull,Uptrend,Hold,Uptrend (HH+HL),Bullish,99.38,Strong Bull,Bullish confirmed,"Strong Bull - all 4 components agree, trending ADX",100.0,"Outperforming, strengthening",Leads both,81.5345,Overbought,32.6447,23.8006,bullish accelerating,Overbought,17.1132,1.234,full,100.0,Positive fading,90.13,Strong Bullish,Bullish confirmed,None,Strong Bullish but overbought on RSI and Stochastic - stretched,At Upper,Trending,Bullish,Yes,No,Near Upper,60.08,High,Stable,15.83,No,"High volatility, stable",Wide stop - size down,Normal,Falling,Confirmed Down,0.2799,Accumulation,84.9048,Overbought,2 - Advancing,late,84.0,147.0,,,NO NEW ENTRY,70.0,2.0,Momentum stretched,"2 - Advancing, trend 99 long but momentum overextended - hold existing, do not add","2 - Advancing, trend 94 but ADX shows no trend, this is a range - wait for alignment","2 - Advancing, trend 91 but ADX shows no trend, this is a range - wait for alignment"
2024-12-12,562.0499877929688,573.0,546.0999755859375,546.0999755859375,488451,462.9395,367.5967,No,96.73,Strong Bull,Uptrend,Hold,Uptrend (HH+HL),Bullish,98.86,Strong Bull,Bullish confirmed,"Strong Bull - all 4 components agree, trending ADX",100.0,"Outperforming, strengthening",Leads both,67.5424,Neutral,32.1824,25.4769,bullish fading,Overbought,9.5926,0.5446,full,100.0,Positive fading,83.0,Strong Bullish,Bullish confirmed,None,Strong Bullish - all 4 components agree incl. MACD acceleration,Upper Half,Trending,Bullish,Yes,No,Inside,66.78,High,Stable,13.97,No,"High volatility, stable",Wide stop - size down,Normal,Falling,Confirmed Down,0.2357,Accumulation,76.533,Neutral,2 - Advancing,late,84.0,148.0,,,ENTER LONG,87.49,5.0,None,"2 - Advancing, trend 99 with bullish confirmed, momentum and volume confirm; outperforming both benchmarks, late in the stage, reduce size","2 - Advancing, trend 94 but ADX shows no trend, this is a range - wait for alignment","2 - Advancing, trend 92 but ADX shows no trend, this is a range - wait for alignment"
2024-12-13,535.0,565.4500122070312,525.75,560.4500122070312,551593,466.7634,369.5157,No,97.66,Strong Bull,Uptrend,Hold,Uptrend (HH+HL),Bullish,99.12,Strong Bull,Bullish confirmed,"Strong Bull - all 4 components agree, trending ADX",100.0,"Outperforming, strengthening",Leads both,70.2836,Overbought,32.5981,26.9012,bullish fading,Neutral,10.8924,0.6583,full,100.0,Positive fading,81.89,Strong Bullish,Bullish confirmed,None,Strong Bullish - all 4 components agree incl. MACD acceleration,Upper Half,Trending,Bullish,Yes,Yes,Inside,68.77,High,Stable,14.29,No,"High volatility, stable",Wide stop - size down,Normal,Falling,Confirmed Up,0.293,Accumulation,72.7693,Neutral,2 - Advancing,late,84.0,149.0,,,ENTER LONG,90.87,5.0,None,"2 - Advancing, trend 99 with bullish confirmed, momentum and volume confirm; outperforming both benchmarks, late in the stage, reduce size","2 - Advancing, trend 95 but ADX shows no trend, this is a range - wait for alignment","2 - Advancing, trend 93 but ADX shows no trend, this is a range - wait for alignment"
2024-12-16,561.2000122070312,584.7999877929688,555.0,581.7000122070312,329810,471.2707,371.627,No,98.92,Strong Bull,Uptrend,Hold,Uptrend (HH+HL),Bullish,99.62,Strong Bull,Bullish confirmed,"Strong Bull - all 4 components agree, trending ADX",100.0,"Outperforming, strengthening",Leads both,73.8108,Overbought,34.2476,28.3704,bullish accelerating,Neutral,14.5304,0.9821,full,100.0,Positive accelerating,83.27,Strong Bullish,Bullish confirmed,None,Strong Bullish - all 4 components agree incl. MACD acceleration,Upper Half,Trending,Bullish,Yes,Yes,Inside,62.62,High,Stable,10.2,No,"High volatility, stable",Wide stop - size down,Normal,Falling,Weak Up,0.3256,Accumulation,73.2462,Neutral,2 - Advancing,late,84.0,150.0,,,ENTER SMALL,80.0,3.0,Volume,"2 - Advancing, trend 100 long confirmed but participation is thin - reduce size, breakouts without volume fail more often","2 - Advancing, trend 97 long but momentum overextended - hold existing, do not add","2 - Advancing, trend 94 but ADX shows no trend, this is a range - wait for alignment"
2024-12-17,584.75,591.4000244140625,568.0,577.75,271852,475.4464,373.6779,No,97.92,Strong Bull,Uptrend,Hold,Uptrend (HH+HL),Bullish,99.27,Strong Bull,Bullish confirmed,"Strong Bull - all 4 components agree, trending ADX",100.0,"Outperforming, strengthening",Leads both,72.0977,Overbought,34.8344,29.6632,bullish fading,Overbought,14.1347,0.9386,full,100.0,Positive fading,82.89,Strong Bullish,Bullish confirmed,None,Strong Bullish but overbought on RSI and Stochastic - stretched,Upper Half,Trending,Bullish,Yes,No,Inside,59.96,Normal,Stable,4.76,No,"Normal volatility, stable",Wide stop - size down,Normal,Rising,Weak Down,0.2907,Accumulation,70.3455,Neutral,2 - Advancing,late,84.0,151.0,,,NO NEW ENTRY,70.0,2.0,Momentum stretched,"2 - Advancing, trend 99 long but momentum overextended - hold existing, do not add","2 - Advancing, trend 98 long but momentum overextended - hold existing, do not add","2 - Advancing, trend 94 but ADX shows no trend, this is a range - wait for alignment"
2024-12-18,582.0,582.7999877929688,554.7000122070312,561.0999755859375,181065,478.8054,375.5428,No,95.73,Strong Bull,Uptrend,Hold,Uptrend (HH+HL),Bullish,98.51,Strong Bull,Bullish confirmed,"Strong Bull - all 4 components agree, trending ADX",100.0,"Outperforming, strengthening",Leads both,65.2257,Neutral,33.5691,30.4444,bullish fading,Overbought,11.929,0.7317,full,89.58,Positive fading,74.85,Strong Bullish,Bullish confirmed,None,Strong Bullish - all 4 components agree incl. MACD acceleration,Upper Half,Trending,Bullish,Yes,Yes,Inside,61.79,High,Stable,5.0,No,"High volatility, stable",Wide stop - size down,Dry-up,Rising,Weak Down,0.3196,Accumulation,65.8649,Neutral,2 - Advancing,late,84.0,152.0,,,ENTER SMALL,80.0,3.0,Volume,"2 - Advancing, trend 99 long confirmed but participation is thin - reduce size, breakouts without volume fail more often","2 - Advancing, trend 99 long but momentum overextended - hold existing, do not add","2 - Advancing, trend 94 but ADX shows no trend, this is a range - wait for alignment"
2024-12-19,545.0,550.0,533.0499877929688,533.0499877929688,793511,480.9326,377.1101,No,90.81,Strong Bull,Uptrend,Hold,Uptrend (HH+HL),Bullish,96.28,Strong Bull,Bullish confirmed,"Strong Bull - all 4 components agree, trending ADX",100.0,"Outperforming, strengthening",Leads both,55.6093,Neutral,29.9575,30.347,Bearish crossover,Neutral,6.6954,0.2515,full,88.0,Positive fading,63.98,Bullish,Bullish majority,Bearish divergence,Bullish - bearish divergence vs price over 21 bars,Upper Half,Trending,Bullish,No,Yes,Inside,66.79,High,Stable,15.52,No,"High volatility, stable",Wide stop - size down,Normal,Rising,Confirmed Down,0.1781,Accumulation,55.1931,Neutral,2 - Advancing,late,84.0,153.0,,,HOLD / TIGHTEN STOP,70.0,2.0,Momentum divergence,"2 - Advancing, trend 96 long but momentum diverging - trend tiring, tighten stop","2 - Advancing, trend 99 with bullish confirmed, momentum and volume confirm; outperforming both benchmarks, late in the stage, reduce size","2 - Advancing, trend 94 but ADX shows no trend, this is a range - wait for alignment"
2024-12-20,521.5999755859375,548.0,512.0,532.2999877929688,620853,482.947,378.6542,No,90.98,Strong Bull,Uptrend,Hold,Uptrend (HH+HL),Bullish,95.1,Strong Bull,Bullish confirmed,"Strong Bull - all 4 components agree, trending ADX",100.0,"Outperforming, strengthening",Leads both,55.3742,Neutral,26.7268,29.623,bullish accelerating,Neutral,1.4775,-0.2257,full,93.81,Positive accelerating,60.04,Bullish,Bullish majority,Bearish divergence,Bullish - bearish divergence vs price over 21 bars,Upper Half,Trending,Bullish,No,Yes,Inside,66.31,High,Stable,16.55,No,"High volatility, stable",Wide stop - size down,Normal,Rising,Confirmed Down,0.2096,Accumulation,47.0592,Neutral,2 - Advancing,late,84.0,154.0,,,HOLD / TIGHTEN STOP,70.0,2.0,Momentum divergence,"2 - Advancing, trend 95 long but momentum diverging - trend tiring, tighten stop","2 - Advancing, trend 99 with bullish confirmed, momentum and volume confirm; outperforming both benchmarks, late in the stage, reduce size","2 - Advancing, trend 95 but ADX shows no trend, this is a range - wait for alignment"
2024-12-23,534.2999877929688,544.0,520.0999755859375,528.9000244140625,229538,484.7491,380.1492,No,80.75,Strong Bull,Uptrend,Hold,Uptrend (HH+HL),Bullish,90.36,Strong Bull,Bullish confirmed,"Strong Bull - all 4 components agree, trending ADX",100.0,"Outperforming, strengthening",Leads both,54.2545,Neutral,23.6197,28.4223,bullish accelerating,Neutral,-3.9324,-0.719,full,88.62,Positive fading,54.63,Neutral,Mixed,Bearish divergence,Neutral - bearish divergence vs price over 21 bars,Lower Half,Trending,Bullish,No,Yes,Inside,63.73,High,Stable,15.36,No,"High volatility, stable",Wide stop - size down,Dry-up,Rising,Weak Down,0.2101,Accumulation,51.7481,Neutral,2 - Advancing,late,84.0,155.0,,,HOLD / TIGHTEN STOP,70.0,2.0,Momentum divergence,"2 - Advancing, trend 90 long but momentum diverging - trend tiring, tighten stop","2 - Advancing, trend 100 long confirmed but participation is thin - reduce size, breakouts without volume fail more often","2 - Advancing, trend 97 long but momentum overextended - hold existing, do not add"
2024-12-24,535.9500122070312,549.9500122070312,531.0,547.0499877929688,278467,487.1923,381.8099,No,83.36,Strong Bull,Uptrend,Hold,Uptrend (HH+HL),Bullish,90.34,Strong Bull,Bullish confirmed,"Strong Bull - all 4 components agree, trending ADX",100.0,"Outperforming, strengthening",Leads both,59.0185,Neutral,22.3641,27.2107,bullish accelerating,Neutral,-4.9435,-0.8077,full,95.29,Positive accelerating,58.43,Bullish,Mixed,Bearish divergence,Bullish - bearish divergence vs price over 21 bars,Upper Half,Trending,Bullish,No,Yes,Inside,55.4,Normal,Stable,-1.59,No,"Normal volatility, stable",Wide stop - size down,Normal,Rising,Weak Up,0.2507,Accumulation,57.1802,Neutral,2 - Advancing,late,84.0,156.0,,,HOLD / TIGHTEN STOP,70.0,2.0,Momentum divergence,"2 - Advancing, trend 90 long but momentum diverging - trend tiring, tighten stop","2 - Advancing, trend 99 long but momentum overextended - hold existing, do not add","2 - Advancing, trend 98 long but momentum overextended - hold existing, do not add"
2024-12-26,548.25,574.4000244140625,542.5,569.6500244140625,622636,490.4259,383.679,No,86.75,Strong Bull,Uptrend,Hold,Uptrend (HH+HL),Bullish,91.19,Strong Bull,Bullish confirmed,"Range with bullish lean - ADX emerging, direction not confirmed",100.0,"Outperforming, strengthening",Leads both,64.0402,Neutral,22.9284,26.3542,bullish fading,Neutral,-0.9046,-0.4378,full,100.0,Positive accelerating,64.2,Bullish,Bullish majority,Bearish divergence,Bullish - bearish divergence vs price over 21 bars,Upper Half,Emerging,Bullish,No,Yes,Inside,52.26,Normal,Stable,-7.82,No,"Normal volatility, stable",Wide stop - size down,Normal,Rising,Confirmed Up,0.193,Accumulation,60.152,Neutral,2 - Advancing,late,84.0,157.0,,,WAIT,62.0,1.0,Weak ADX,"2 - Advancing, trend 91 but ADX shows no trend, this is a range - wait for alignment","2 - Advancing, trend 99 long confirmed but participation is thin - reduce size, breakouts without volume fail more often","2 - Advancing, trend 99 long but momentum overextended - hold existing, do not add"
2024-12-27,565.0,576.0,541.2000122070312,545.9500122070312,1034927,492.6033,385.2936,No,85.14,Strong Bull,Uptrend,Hold,Uptrend (HH+HL),Bullish,90.34,Strong Bull,Bullish confirmed,"Range with bullish lean - ADX emerging, direction not confirmed",100.0,"Outperforming, strengthening",Leads both,56.2553,Neutral,21.2186,25.3271,bullish accelerating,Neutral,-0.0275,-0.3594,full,100.0,Positive fading,61.1,Bullish,Bullish majority,Bearish divergence,Bullish - bearish divergence vs price over 21 bars,Upper Half,Emerging,Bullish,No,Yes,Inside,58.77,Normal,Stable,-8.01,No,"Normal volatility, stable",Wide stop - size down,High,Rising,Confirmed Down,0.0815,Accumulation,49.647,Neutral,2 - Advancing,late,84.0,158.0,,,WAIT,62.0,1.0,Weak ADX,"2 - Advancing, trend 90 but ADX shows no trend, this is a range - wait for alignment","2 - Advancing, trend 96 long but momentum diverging - trend tiring, tighten stop","2 - Advancing, trend 99 with bullish confirmed, momentum and volume confirm; outperforming both benchmarks, late in the stage, reduce size"
2024-12-30,542.0,545.9500122070312,523.5,528.0,350830,493.9914,386.7136,No,81.46,Strong Bull,Uptrend,Hold,Uptrend (HH+HL),Bullish,88.3,Strong Bull,Bullish confirmed,"Range with bullish lean - ADX emerging, direction not confirmed",100.0,"Outperforming, strengthening",Leads both,51.1807,Neutral,18.2053,23.9027,bullish accelerating,Neutral,-5.79,-0.8828,full,88.32,Positive fading,53.05,Neutral,Mixed,Bearish divergence,Neutral - bearish divergence vs price over 21 bars,Lower Half,Emerging,Bullish,No,Yes,Inside,56.23,Normal,Stable,-12.54,No,"Normal volatility, stable",Wide stop - size down,Normal,Rising,Weak Down,0.0464,Neutral,43.274,Neutral,2 - Advancing,late,84.0,159.0,,,WAIT,62.0,1.0,Weak ADX,"2 - Advancing, trend 88 but ADX shows no trend, this is a range - wait for alignment","2 - Advancing, trend 95 long but momentum diverging - trend tiring, tighten stop","2 - Advancing, trend 99 with bullish confirmed, momentum and volume confirm; outperforming both benchmarks, late in the stage, reduce size"
2024-12-31,520.0499877929688,534.7999877929688,518.0,519.25,499198,494.9819,388.0324,No,78.39,Bull,Uptrend,Hold,Uptrend (HH+HL),Bullish,83.2,Strong Bull,Bullish confirmed,"Range with bullish lean - ADX emerging, direction not confirmed",100.0,"Outperforming, strengthening",Leads both,48.8665,Neutral,14.9389,22.11,bullish accelerating,Neutral,-10.7358,-1.3301,full,84.69,Positive fading,47.56,Neutral,Bearish majority,Bearish divergence,Neutral - bearish divergence vs price over 21 bars,Lower Half,Emerging,Bullish,No,Yes,Inside,52.86,Normal,Stable,-9.76,No,"Normal volatility, stable",Wide stop - size down,Normal,Rising,Confirmed Down,0.0228,Neutral,33.9575,Neutral,2 - Advancing,late,84.0,160.0,,,WAIT,62.0,1.0,Weak ADX,"2 - Advancing, trend 83 but ADX shows no trend, this is a range - wait for alignment","2 - Advancing, trend 90 long but momentum diverging - trend tiring, tighten stop","2 - Advancing, trend 100 long confirmed but participation is thin - reduce size, breakouts without volume fail more often"
2025-01-01,520.9500122070312,545.2000122070312,517.3499755859375,545.2000122070312,377214,496.9513,389.5962,No,84.61,Strong Bull,Uptrend,Hold,Uptrend (HH+HL),Bullish,88.03,Strong Bull,Bullish confirmed,"Range with bullish lean - ADX emerging, direction not confirmed",100.0,"Outperforming, strengthening",Leads both,55.3189,Neutral,14.2797,20.5439,bullish fading,Neutral,-5.6339,-0.8662,full,99.63,Positive accelerating,54.69,Neutral,Mixed,Bearish divergence,Neutral - bearish divergence vs price over 21 bars,Upper Half,Emerging,Bullish,No,Yes,Inside,47.84,Normal,Stable,-12.12,No,"Normal volatility, stable",Wide stop - size down,Normal,Rising,Weak Up,0.0544,Accumulation,32.2976,Neutral,2 - Advancing,late,84.0,161.0,,,WAIT,62.0,1.0,Weak ADX,"2 - Advancing, trend 88 but ADX shows no trend, this is a range - wait for alignment","2 - Advancing, trend 90 long but momentum diverging - trend tiring, tighten stop","2 - Advancing, trend 99 long but momentum overextended - hold existing, do not add"
2025-01-02,545.1500244140625,572.4500122070312,536.2000122070312,570.1500244140625,1471569,499.8218,391.3928,No,89.22,Strong Bull,Uptrend,Hold,Uptrend (HH+HL),Bullish,89.71,Strong Bull,Bullish confirmed,"Range with bullish lean - ADX emerging, direction not confirmed",100.0,"Outperforming, strengthening",Leads both,60.4821,Neutral,15.5908,19.5533,bullish fading,Neutral,1.6129,-0.21,full,100.0,Positive accelerating,60.85,Bullish,Mixed,Bearish divergence,Bullish - bearish divergence vs price over 21 bars,Upper Half,Emerging,Bullish,No,Yes,Inside,44.44,Normal,Stable,-17.34,No,"Normal volatility, stable",Wide stop - size down,High,Rising,Confirmed Up,0.158,Accumulation,47.7278,Neutral,2 - Advancing,late,84.0,162.0,,,WAIT,62.0,1.0,Weak ADX,"2 - Advancing, trend 90 but ADX shows no trend, this is a range - wait for alignment","2 - Advancing, trend 91 but ADX shows no trend, this is a range - wait for alignment","2 - Advancing, trend 99 long confirmed but participation is thin - reduce size, breakouts without volume fail more often"
2025-01-03,570.1500244140625,577.2999877929688,557.3499755859375,562.1500244140625,662108,502.2661,393.0918,No,90.84,Strong Bull,Uptrend,Hold,Uptrend (HH+HL),Bullish,90.43,Strong Bull,Bullish confirmed,"Range with bullish lean - ADX emerging, direction not confirmed",100.0,"Outperforming, strengthening",Leads both,58.1613,Neutral,15.8021,18.803,bullish fading,Neutral,5.4592,0.1353,full,100.0,Positive fading,63.55,Bullish,Bullish majority,Bearish divergence,Bullish - bearish divergence vs price over 21 bars,Upper Half,Emerging,Bullish,No,No,Inside,37.14,Low,Contracting,-29.64,No,"Low volatility, contracting - coiling, watch for breakout",Wide stop - size down,Normal,Rising,Confirmed Down,0.1221,Accumulation,55.7413,Neutral,2 - Advancing,late,84.0,163.0,,,WAIT,62.0,1.0,Weak ADX,"2 - Advancing, trend 90 but ADX shows no trend, this is a range - wait for alignment","2 - Advancing, trend 90 but ADX shows no trend, this is a range - wait for alignment","2 - Advancing, trend 96 long but momentum diverging - trend tiring, tighten stop"
2025-01-06,569.5999755859375,569.5999755859375,534.0499877929688,534.1500244140625,573893,503.5164,394.4954,No,86.3,Strong Bull,Uptrend,Hold,Uptrend (HH+HL),Bullish,88.33,Strong Bull,Bullish confirmed,"Range with bullish lean - ADX emerging, direction not confirmed",100.0,"Outperforming, strengthening",Leads both,50.8123,Neutral,13.554,17.7532,bullish accelerating,Neutral,0.3476,-0.3349,full,82.14,Positive fading,53.93,Neutral,Bullish majority,Bearish divergence,Neutral - bearish divergence vs price over 21 bars,Lower Half,Emerging,Bullish,No,No,Inside,40.32,Normal,Contracting,-25.99,No,"Normal volatility, contracting - move losing energy",Wide stop - size down,Normal,Rising,Confirmed Down,0.0365,Neutral,49.8357,Neutral,2 - Advancing,late,84.0,164.0,,,WAIT,62.0,1.0,Weak ADX,"2 - Advancing, trend 88 but ADX shows no trend, this is a range - wait for alignment","2 - Advancing, trend 88 but ADX shows no trend, this is a range - wait for alignment","2 - Advancing, trend 95 long but momentum diverging - trend tiring, tighten stop"
2025-01-07,535.0,560.8499755859375,528.7999877929688,545.7000122070312,659301,505.1707,395.9999,No,92.42,Strong Bull,Uptrend,Hold,Uptrend (HH+HL),Bullish,89.86,Strong Bull,Bullish confirmed,"Range with bullish lean - ADX no trend, direction not confirmed",100.0,"Outperforming, strengthening",Leads both,53.4265,Neutral,12.5596,16.7145,bullish fading,Neutral,3.1764,-0.0801,full,100.0,Positive accelerating,59.11,Bullish,Mixed,Bearish divergence,Bullish - bearish divergence vs price over 21 bars,Lower Half,No Trend,Bullish,No,No,Inside,39.6,Low,Contracting,-24.13,No,"Low volatility, contracting - coiling, watch for breakout",Wide stop - size down,Normal,Rising,Confirmed Up,-0.0096,Neutral,44.1978,Neutral,2 - Advancing,late,84.0,165.0,,,WAIT,62.0,1.0,Weak ADX,"2 - Advancing, trend 90 but ADX shows no trend, this is a range - wait for alignment","2 - Advancing, trend 83 but ADX shows no trend, this is a range - wait for alignment","2 - Advancing, trend 90 long but momentum diverging - trend tiring, tighten stop"
2025-01-08,547.9500122070312,549.7999877929688,526.0,532.75,785927,506.2522,397.3606,No,87.03,Strong Bull,Uptrend,Hold,Uptrend (HH+HL),Bullish,87.34,Strong Bull,Bullish confirmed,"Range with bullish lean - ADX no trend, direction not confirmed",100.0,"Outperforming, strengthening",Leads both,50.2047,Neutral,10.6043,15.4924,bullish accelerating,Neutral,-2.614,-0.6137,full,100.0,Positive fading,56.09,Neutral,Mixed,None,"Neutral - components mixed, low conviction",Lower Half,No Trend,Bullish,No,Yes,Inside,39.44,Low,Stable,-15.95,No,"Low volatility, stable",Wide stop - size down,Normal,Rising,Confirmed Down,-0.0973,Distribution,41.3194,Neutral,2 - Advancing,late,84.0,166.0,,,WAIT,62.0,1.0,Weak ADX,"2 - Advancing, trend 87 but ADX shows no trend, this is a range - wait for alignment","2 - Advancing, trend 88 but ADX shows no trend, this is a range - wait for alignment","2 - Advancing, trend 90 long but momentum diverging - trend tiring, tighten stop"
2025-01-09,532.0,532.75,512.25,516.1500244140625,417985,506.6404,398.5426,No,73.91,Bull,Uptrend,Hold,Uptrend (HH+HL),Bullish,75.09,Strong Bull,Bullish majority,"Range with bullish lean - ADX no trend, direction not confirmed",100.0,"Outperforming, weakening",Leads both,46.3464,Neutral,7.6273,13.9194,bullish accelerating,Neutral,-9.3917,-1.238,full,92.72,Positive fading,50.58,Neutral,Bearish majority,None,"Neutral - majority agree, 1 dissenting",Lower Half,No Trend,Bearish,No,Yes,Near Lower,41.27,Normal,Stable,-10.99,No,"Normal volatility, stable",Wide stop - size down,Normal,Rising,Weak Down,-0.1165,Distribution,43.1705,Neutral,2 - Advancing,late,84.0,167.0,,,WAIT,62.0,1.0,Weak ADX,"2 - Advancing, trend 75 but ADX shows no trend, this is a range - wait for alignment","2 - Advancing, trend 90 but ADX shows no trend, this is a range - wait for alignment","2 - Advancing, trend 91 but ADX shows no trend, this is a range - wait for alignment"
2025-01-10,511.0499877929688,530.7000122070312,501.1000061035156,519.7999877929688,570737,507.1564,399.7492,No,66.48,Bull,Uptrend,Hold,Range,Bullish,64.3,Bull,Mixed,"Range with bullish lean - ADX no trend, direction not confirmed",100.0,"Outperforming, weakening",Leads both,47.3053,Neutral,5.4991,12.2354,bullish accelerating,Neutral,-4.7898,-0.8189,full,93.35,Positive accelerating,49.82,Neutral,Bearish majority,None,"Neutral - majority agree, 1 dissenting",Lower Half,No Trend,Bearish,No,Yes,Inside,42.62,Normal,Stable,-16.15,No,"Normal volatility, stable",Wide stop - size down,Normal,Rising,Confirmed Up,-0.0591,Distribution,43.4892,Neutral,2 - Advancing,late,74.0,168.0,,,WAIT,60.58,1.0,Trend agreement,"2 - Advancing, trend 64 but components disagree - wait for alignment","2 - Advancing, trend 90 but ADX shows no trend, this is a range - wait for alignment","2 - Advancing, trend 90 but ADX shows no trend, this is a range - wait for alignment"
2025-01-13,510.0,545.0,495.0,509.0,1332765,507.2287,400.8362,No,62.94,Bull,Uptrend,Hold,Range,Bullish,59.17,Neutral,Mixed,"No clear trend - ADX no trend, price ranging",100.0,"Outperforming, weakening",Leads both,44.7565,Oversold,2.9076,10.3698,bullish accelerating,Oversold,-3.5985,-0.7101,full,93.16,Positive fading,47.92,Neutral,Bearish majority,None,"Neutral - majority agree, 1 dissenting",Lower Half,No Trend,Bearish,No,Yes,Inside,56.47,Normal,Stable,0.24,No,"Normal volatility, stable",Wide stop - size down,High,Rising,Confirmed Down,-0.1381,Distribution,36.4344,Neutral,2 - Advancing,late,74.0,169.0,,,WAIT,54.1,1.0,Trend,"2 - Advancing, but trend score 59 does not confirm long - no directional edge","2 - Advancing, trend 88 but ADX shows no trend, this is a range - wait for alignment","2 - Advancing, trend 88 but ADX shows no trend, this is a range - wait for alignment"
2025-01-14,509.0,529.9500122070312,505.6000061035156,511.4500122070313,578372,507.3943,401.9369,No,63.55,Bull,Uptrend,Hold,Range,Bullish,60.79,Bull,Mixed,"Range with bullish lean - ADX no trend, direction not confirmed",100.0,"Outperforming, weakening",Leads both,45.4742,Oversold,1.0394,8.5037,bullish accelerating,Neutral,-1.5022,-0.5166,full,95.12,Positive accelerating,49.33,Neutral,Bearish majority,None,"Neutral - majority agree, 1 dissenting",Lower Half,No Trend,Bearish,No,Yes,Inside,56.03,Normal,Stable,3.17,No,"Normal volatility, stable",Wide stop - size down,Normal,Rising,Weak Up,-0.1809,Distribution,32.6188,Neutral,2 - Advancing,late,74.0,170.0,,,WAIT,57.65,1.0,Trend agreement,"2 - Advancing, trend 61 but components disagree - wait for alignment","2 - Advancing, trend 90 but ADX shows no trend, this is a range - wait for alignment","2 - Advancing, trend 83 but ADX shows no trend, this is a range - wait for alignment"
2025-01-15,511.0,525.0,505.0,510.8999938964844,456225,507.5317,403.0211,No,61.52,Bull,Uptrend,Hold,Range,Bullish,59.85,Neutral,Mixed,"No clear trend - ADX no trend, price ranging",100.0,"Outperforming, weakening",Leads both,45.3318,Oversold,-0.4799,6.707,bearish fading,Oversold,-6.2913,-0.9551,full,88.52,Positive fading,47.35,Neutral,Bearish majority,None,"Neutral - majority agree, 1 dissenting",Lower Half,No Trend,Bearish,No,Yes,Inside,51.67,Normal,Stable,3.83,No,"Normal volatility, stable",Wide stop - size down,Normal,Rising,Weak Down,-0.1896,Distribution,26.6702,Neutral,2 - Advancing,late,74.0,171.0,,,WAIT,55.44,1.0,Trend,"2 - Advancing, but trend score 60 does not confirm long - no directional edge","2 - Advancing, trend 87 but ADX shows no trend, this is a range - wait for alignment","2 - Advancing, trend 88 but ADX shows no trend, this is a range - wait for alignment"
2025-01-16,520.0,536.4000244140625,518.0999755859375,529.0999755859375,444344,508.3776,404.2756,No,64.12,Bull,Uptrend,Hold,Range,Bullish,67.44,Bull,Mixed,"Range with bullish lean - ADX no trend, direction not confirmed",100.0,"Outperforming, weakening",Leads both,50.8196,Neutral,-0.213,5.323,bearish fading,Neutral,-7.1999,-1.0372,full,94.67,Positive accelerating,53.27,Neutral,Mixed,None,"Neutral - components mixed, low conviction",Lower Half,No Trend,Bullish,No,Yes,Inside,45.28,Normal,Stable,0.84,No,"Normal volatility, stable",Wide stop - size down,Normal,Rising,Weak Up,-0.1709,Distribution,33.2888,Neutral,2 - Advancing,late,74.0,172.0,,,WAIT,61.83,1.0,Trend agreement,"2 - Advancing, trend 67 but components disagree - wait for alignment","2 - Advancing, trend 75 but ADX shows no trend, this is a range - wait for alignment","2 - Advancing, trend 90 but ADX shows no trend, this is a range - wait for alignment"
2025-01-17,535.4500122070312,535.4500122070312,520.2000122070312,524.8499755859375,262464,509.0235,405.4753,No,62.98,Bull,Uptrend,Hold,Range,Bullish,66.2,Bull,Mixed,"Range with bullish lean - ADX no trend, direction not confirmed",100.0,"Outperforming, weakening",Leads both,49.5682,Neutral,-0.3404,4.1903,bearish fading,Neutral,-6.6352,-0.9829,full,89.33,Positive fading,53.03,Neutral,Bearish majority,None,"Neutral - majority agree, 1 dissenting",Lower Half,No Trend,Bullish,No,Yes,Inside,38.85,Low,Stable,1.7,No,"Low volatility, stable",Wide stop - size down,Dry-up,Rising,Weak Down,-0.1218,Distribution,33.6211,Neutral,2 - Advancing,late,74.0,173.0,,,WAIT,60.0,1.0,Trend agreement,"2 - Advancing, trend 66 but components disagree - wait for alignment","2 - Advancing, trend 64 but components disagree - wait for alignment","2 - Advancing, trend 90 but ADX shows no trend, this is a range - wait for alignment"
2025-01-20,528.7999877929688,539.4500122070312,526.7000122070312,536.25,270163,510.0912,406.7766,No,68.08,Bull,Uptrend,Hold,Downtrend (LH+LL),Bearish,58.83,Neutral,Mixed,"No clear trend - ADX no trend, price ranging",100.0,"Outperforming, strengthening",Leads both,52.9171,Neutral,0.473,3.4469,bullish fading,Neutral,0.3931,-0.3389,full,90.85,Positive accelerating,57.66,Neutral,Mixed,Bearish divergence,Neutral - bearish divergence vs price over 21 bars,Upper Half,No Trend,Bullish,No,No,Inside,32.1,Low,Stable,-8.21,No,"Low volatility, stable",Wide stop - size down,Dry-up,Rising,Weak Up,-0.1207,Distribution,37.4935,Neutral,2 - Advancing,late,74.0,174.0,,,WAIT,59.27,1.0,Trend,"2 - Advancing, but trend score 59 does not confirm long - no directional edge","2 - Advancing, but trend score 59 does not confirm long - no directional edge","2 - Advancing, trend 88 but ADX shows no trend, this is a range - wait for alignment"
2025-01-21,539.0,547.0999755859375,510.0499877929688,512.2999877929688,435694,510.1779,407.8266,No,62.97,Bull,Uptrend,Hold,Downtrend (LH+LL),Bearish,50.94,Neutral,Mixed,"No clear trend - ADX no trend, price ranging",100.0,"Outperforming, weakening",Leads both,46.0054,Neutral,-0.8056,2.5964,bearish accelerating,Neutral,-6.1206,-0.9353,full,86.25,Positive fading,52.85,Neutral,Bearish majority,None,"Neutral - majority agree, 1 dissenting",Lower Half,No Trend,Bearish,No,Yes,Inside,43.06,Normal,Stable,3.45,No,"Normal volatility, stable",Wide stop - size down,Normal,Rising,Weak Down,-0.1454,Distribution,33.0534,Neutral,2 - Advancing,late,74.0,175.0,,,WAIT,53.08,1.0,Trend,"2 - Advancing, but trend score 51 does not confirm long - no directional edge","2 - Advancing, trend 61 but components disagree - wait for alignment","2 - Advancing, trend 90 but ADX shows no trend, this is a range - wait for alignment"
2025-01-22,518.2999877929688,518.2999877929688,486.7000122070313,486.7000122070313,345159,509.2572,408.6114,No,54.17,Neutral,Downtrend,Sell,Downtrend (LH+LL),Bearish,28.96,Bear,Mixed,"Range with bearish lean - ADX no trend, direction not confirmed",100.0,"Outperforming, weakening",Leads both,39.9924,Oversold,-3.8404,1.309,bearish accelerating,Neutral,-8.6438,-1.1614,full,84.98,Positive fading,47.22,Neutral,Bearish majority,None,"Neutral - majority agree, 1 dissenting",Below Lower,No Trend,Bearish,No,Yes,Breakout Down,50.91,Normal,Stable,11.47,No,"Normal volatility, stable",Wide stop - size down,Normal,Rising,Weak Down,-0.1889,Distribution,18.2908,Oversold,2 - Advancing,late,74.0,176.0,,,WAIT,41.5,1.0,Trend,"2 - Advancing, but trend score 29 does not confirm long - no directional edge","2 - Advancing, but trend score 60 does not confirm long - no directional edge","2 - Advancing, trend 87 but ADX shows no trend, this is a range - wait for alignment"
2025-01-23,472.6499938964844,488.1000061035156,472.25,475.8500061035156,628269,507.9471,409.2804,No,52.75,Neutral,Downtrend,Hold,Downtrend (LH+LL),Bearish,28.46,Bear,Mixed,"Range with bearish lean - ADX no trend, direction not confirmed",92.17,"Outperforming, weakening",Leads both,37.7409,Oversold,-7.0398,-0.3608,bearish accelerating,Oversold,-7.8078,-1.0788,full,73.67,Positive fading,39.92,Bearish,Bearish majority,None,"Bearish - majority agree, 1 dissenting",Below Lower,No Trend,Bearish,Yes,Yes,Breakout Down,51.51,Normal,Stable,10.24,No,"Normal volatility, stable",Wide stop - size down,Normal,Rising,Confirmed Down,-0.2529,Distribution,9.3661,Oversold,2 - Advancing,late,74.0,177.0,,,WAIT,37.88,1.0,Trend,"2 - Advancing, but trend score 28 does not confirm long - no directional edge","2 - Advancing, trend 67 but components disagree - wait for alignment","2 - Advancing, trend 75 but ADX shows no trend, this is a range - wait for alignment"
2025-01-24,484.0,484.0,457.0,467.2000122070313,472513,506.3492,409.8567,No,45.49,Neutral,Downtrend,Hold,Downtrend (LH+LL),Bearish,25.92,Bear,Bearish confirmed,"Range with bearish lean - ADX no trend, direction not confirmed",92.45,"Outperforming, weakening",Leads both,36.0008,Oversold,-10.1563,-2.3199,bearish accelerating,Oversold,-10.1193,-1.2819,full,73.25,Positive fading,38.02,Bearish,Bearish majority,None,"Bearish - majority agree, 1 dissenting",Below Lower,No Trend,Bearish,Yes,Yes,Breakout Down,57.9,Normal,Stable,15.28,No,"Normal volatility, stable",Wide stop - size down,Normal,Rising,Weak Down,-0.2103,Distribution,9.5829,Oversold,2 - Advancing,late,64.0,178.0,,,WAIT,36.37,1.0,Trend,"2 - Advancing, but trend score 26 does not confirm long - no directional edge","2 - Advancing, trend 66 but components disagree - wait for alignment","2 - Advancing, trend 64 but components disagree - wait for alignment"
2025-01-27,448.1499938964844,465.0,443.8500061035156,443.8500061035156,348625,503.8982,410.195,No,44.24,Neutral,Downtrend,Hold,Downtrend (LH+LL),Bearish,24.67,Strong Bear,Bearish confirmed,"Range with bearish lean - ADX no trend, direction not confirmed",86.71,"Outperforming, weakening",Leads both,31.7458,Oversold,-14.3449,-4.7249,bearish accelerating,Oversold,-12.7996,-1.5191,full,68.19,Positive fading,34.27,Bearish,Bearish majority,None,"Bearish - majority agree, 1 dissenting",Below Lower,No Trend,Bearish,Yes,Yes,Breakout Down,64.24,High,Stable,7.78,No,"High volatility, stable",Wide stop - size down,Normal,Rising,Weak Down,-0.2223,Distribution,10.0994,Oversold,2 - Advancing,late,64.0,179.0,,,WAIT,34.68,1.0,Trend,"2 - Advancing, but trend score 25 does not confirm long - no directional edge","2 - Advancing, but trend score 59 does not confirm long - no directional edge","2 - Advancing, but trend score 59 does not confirm long - no directional edge"
2025-01-28,433.0,439.8999938964844,421.6499938964844,421.6499938964844,1232503,500.6728,410.3089,No,34.94,Bear,Downtrend,Hold,Downtrend (LH+LL),Bearish,20.15,Strong Bear,Bearish confirmed,"Range with bearish lean - ADX no trend, direction not confirmed",65.0,"Outperforming, weakening",Leads both,28.3188,Oversold,-19.2341,-7.6267,bearish accelerating,Oversold,-17.5579,-1.9314,full,50.64,Positive fading,27.1,Strong Bearish,Bearish majority,None,Strong Bearish but oversold on RSI and Stochastic - stretched,Below Lower,No Trend,Bearish,Yes,Yes,Breakout Down,68.93,High,Stable,12.9,No,"High volatility, stable",Wide stop - size down,Normal,Rising,Confirmed Down,-0.2746,Distribution,9.8224,Oversold,2 - Advancing,late,50.0,180.0,,,WAIT,27.9,1.0,Trend,"2 - Advancing, but trend score 20 does not confirm long - no directional edge","2 - Advancing, but trend score 51 does not confirm long - no directional edge","2 - Advancing, trend 61 but components disagree - wait for alignment"
2025-01-29,411.5499877929688,442.7000122070313,411.5499877929688,442.7000122070313,224832,498.3993,410.6312,No,36.19,Bear,Downtrend,Hold,Downtrend (LH+LL),Bearish,19.28,Strong Bear,Bearish confirmed,"Range with bearish lean - ADX emerging, direction not confirmed",64.6,"Outperforming, weakening",Leads both,35.4359,Oversold,-21.1662,-10.3346,bearish fading,Oversold,-13.349,-1.541,full,51.02,Positive accelerating,30.23,Bearish,Bearish majority,None,"Bearish - majority agree, 1 dissenting",Lower Half,Emerging,Bearish,Yes,Yes,Inside,73.97,High,Expanding,22.3,No,High volatility and still expanding - move may be extended,Wide stop - size down,Dry-up,Rising,Weak Up,-0.2905,Distribution,12.7398,Oversold,2 - Advancing,late,50.0,181.0,,,WAIT,30.85,1.0,Trend,"2 - Advancing, but trend score 19 does not confirm long - no directional edge","2 - Advancing, but trend score 29 does not confirm long - no directional edge","2 - Advancing, but trend score 60 does not confirm long - no directional edge"
2025-01-30,464.7999877929688,464.7999877929688,464.7999877929688,464.7999877929688,85659,497.0817,411.1702,No,39.43,Bear,Downtrend,Hold,Downtrend (LH+LL),Bearish,19.97,Strong Bear,Bearish confirmed,"Range with bearish lean - ADX emerging, direction not confirmed",76.72,"Outperforming, weakening",Leads both,41.9523,Oversold,-20.6758,-12.4028,bearish fading,Neutral,-12.1527,-1.423,full,62.41,Positive accelerating,38.57,Bearish,Bearish majority,None,"Bearish - majority agree, 1 dissenting",Lower Half,Emerging,Bearish,Yes,Yes,Inside,69.33,High,Expanding,24.05,No,High volatility and still expanding - move may be extended,Wide stop - size down,Dry-up,Rising,Weak Up,-0.4469,Distribution,14.818,Oversold,2 - Advancing,late,50.0,182.0,,,WAIT,33.66,1.0,Trend,"2 - Advancing, but trend score 20 does not confirm long - no directional edge","2 - Advancing, but trend score 28 does not confirm long - no directional edge","2 - Advancing, trend 67 but components disagree - wait for alignment"
2025-01-31,460.0,460.0,441.6000061035156,442.0,761548,494.9217,411.477,No,33.91,Bear,Downtrend,Hold,Downtrend (LH+LL),Bearish,17.27,Strong Bear,Bearish confirmed,"Range with bearish lean - ADX emerging, direction not confirmed",64.32,"Outperforming, weakening",Leads both,37.7223,Oversold,-21.8748,-14.2972,bearish fading,Neutral,-15.7855,-1.7326,full,55.7,Positive fading,36.73,Bearish,Bearish majority,None,"Bearish - majority agree, 1 dissenting",Lower Half,Emerging,Bearish,Yes,Yes,Inside,71.43,High,Expanding,32.58,No,High volatility and still expanding - move may be extended,Wide stop - size down,Normal,Rising,Confirmed Down,-0.4782,Distribution,16.4589,Oversold,2 - Advancing,late,50.0,183.0,,,WAIT,29.49,1.0,Trend,"2 - Advancing, but trend score 17 does not confirm long - no directional edge","2 - Advancing, but trend score 26 does not confirm long - no directional edge","2 - Advancing, trend 66 but components disagree - wait for alignment"
2025-02-01,450.0,464.1000061035156,427.0,464.1000061035156,579620,493.713,412.0006,No,37.77,Bear,Downtrend,Hold,Downtrend (LH+LL),Bearish,17.72,Strong Bear,Bearish confirmed,"Range with bearish lean - ADX emerging, direction not confirmed",76.41,"Outperforming, weakening",Leads both,43.6529,Oversold,-20.8019,-15.5982,bearish fading,Neutral,-13.4545,-1.5132,full,64.36,Positive accelerating,43.9,Neutral,Bearish majority,None,"Neutral - majority agree, 1 dissenting",Lower Half,Emerging,Bearish,Yes,Yes,Inside,73.77,High,Expanding,41.67,No,High volatility and still expanding - move may be extended,Wide stop - size down,Normal,Rising,Confirmed Up,-0.3724,Distribution,25.1043,Neutral,2 - Advancing,late,50.0,184.0,,,WAIT,35.44,1.0,Trend,"2 - Advancing, but trend score 18 does not confirm long - no directional edge","2 - Advancing, but trend score 25 does not confirm long - no directional edge","2 - Advancing, but trend score 59 does not confirm long - no directional edge"
2025-02-03,460.0,463.7000122070313,443.5499877929688,449.0,443275,491.9595,412.3688,No,33.47,Bear,Downtrend,Hold,Downtrend (LH+LL),Bearish,15.38,Strong Bear,Bearish confirmed,"Strong Bear - all 4 components agree, trending ADX",73.87,"Outperforming, weakening",Leads both,40.7944,Oversold,-20.9288,-16.6643,bearish fading,Neutral,-12.356,-1.4042,full,63.81,Positive fading,43.49,Neutral,Bearish majority,None,"Neutral - majority agree, 1 dissenting",Lower Half,Trending,Bearish,Yes,Yes,Inside,72.42,High,Expanding,29.37,No,High volatility and still expanding - move may be extended,Wide stop - size down,Normal,Rising,Weak Down,-0.4023,Distribution,31.9228,Neutral,2 - Advancing,late,50.0,185.0,,,WAIT,31.87,1.0,Trend,"2 - Advancing, but trend score 15 does not confirm long - no directional edge","2 - Advancing, but trend score 20 does not confirm long - no directional edge","2 - Advancing, but trend score 51 does not confirm long - no directional edge"
2025-02-04,457.0,471.4500122070313,450.75,471.4500122070313,207536,491.1552,412.9566,No,39.14,Bear,Downtrend,Hold,Downtrend (LH+LL),Bearish,16.86,Strong Bear,Bearish confirmed,"Strong Bear - all 4 components agree, trending ADX",89.11,"Outperforming, weakening",Leads both,46.4128,Neutral,-18.9989,-17.1312,bearish fading,Neutral,-3.1333,-0.5866,full,77.37,Positive accelerating,53.22,Neutral,Bearish majority,None,"Neutral - majority agree, 1 dissenting",Lower Half,Trending,Bearish,Yes,No,Inside,66.63,High,Stable,15.72,No,"High volatility, stable",Wide stop - size down,Dry-up,Falling,Weak Up,-0.3711,Distribution,28.7085,Neutral,2 - Advancing,late,50.0,186.0,,,WAIT,36.65,1.0,Trend,"2 - Advancing, but trend score 17 does not confirm long - no directional edge","2 - Advancing, but trend score 19 does not confirm long - no directional edge","2 - Advancing, but trend score 29 does not confirm long - no directional edge"
2025-02-05,479.8999938964844,495.0,473.5499877929688,495.0,228465,491.306,413.773,No,51.26,Neutral,Downtrend,Hold,Downtrend (LH+LL),Bearish,29.66,Bear,Bearish majority,"Bear - majority agree, 1 dissenting, trending ADX",100.0,"Outperforming, weakening",Leads both,51.6013,Neutral,-15.3916,-16.7833,Bullish crossover,Neutral,4.0244,0.0451,full,87.3,Positive accelerating,63.31,Bullish,Bullish majority,Bullish divergence,Bullish - bullish divergence vs price over 21 bars,Upper Half,Trending,Bearish,Yes,No,Inside,62.18,High,Stable,10.67,No,"High volatility, stable",Wide stop - size down,Dry-up,Falling,Weak Up,-0.329,Distribution,32.8188,Neutral,2 - Advancing,late,50.0,187.0,,,WAIT,45.44,1.0,Trend,"2 - Advancing, but trend score 30 does not confirm long - no directional edge","2 - Advancing, but trend score 20 does not confirm long - no directional edge","2 - Advancing, but trend score 28 does not confirm long - no directional edge"
2025-02-06,495.0,499.9500122070313,480.0,486.3999938964844,582431,491.1136,414.4956,No,52.54,Neutral,Downtrend,Hold,Downtrend (LH+LL),Bearish,26.96,Bear,Bearish majority,"Bear - majority agree, 1 dissenting, trending ADX",99.2,"Outperforming, weakening",Leads both,49.7085,Neutral,-13.0761,-16.0419,bearish accelerating,Neutral,4.1096,0.0534,full,84.44,Positive fading,65.09,Bullish,Bullish majority,Bullish divergence,Bullish - bullish divergence vs price over 21 bars,Upper Half,Trending,Bearish,Yes,No,Inside,59.36,Normal,Stable,1.47,No,"Normal volatility, stable",Wide stop - size down,Normal,Falling,Confirmed Down,-0.3649,Distribution,35.9217,Neutral,2 - Advancing,late,50.0,188.0,,,WAIT,42.36,1.0,Trend,"2 - Advancing, but trend score 27 does not confirm long - no directional edge","2 - Advancing, but trend score 17 does not confirm long - no directional edge","2 - Advancing, but trend score 26 does not confirm long - no directional edge"
2025-02-07,494.9500122070313,494.9500122070313,465.0,471.1499938964844,687003,490.3307,415.0594,No,48.42,Neutral,Downtrend,Hold,Downtrend (LH+LL),Bearish,20.84,Strong Bear,Bearish confirmed,"Strong Bear - all 4 components agree, trending ADX",90.67,"Outperforming, weakening",Leads both,46.4544,Neutral,-12.3295,-15.2994,bearish accelerating,Neutral,6.1507,0.2344,full,77.66,Positive fading,62.54,Bullish,Bullish majority,Bullish divergence,Bullish - bullish divergence vs price over 21 bars,Lower Half,Trending,Bearish,Yes,No,Inside,63.69,High,Stable,-0.56,No,"High volatility, stable",Wide stop - size down,Normal,Falling,Confirmed Down,-0.3707,Distribution,34.7798,Neutral,2 - Advancing,late,50.0,189.0,,,WAIT,38.84,1.0,Trend,"2 - Advancing, but trend score 21 does not confirm long - no directional edge","2 - Advancing, but trend score 18 does not confirm long - no directional edge","2 - Advancing, but trend score 25 does not confirm long - no directional edge"
2025-02-10,424.0499877929688,424.0499877929688,424.0499877929688,424.0499877929688,323812,487.7315,415.1488,No,36.25,Bear,Downtrend,Hold,Downtrend (LH+LL),Bearish,16.01,Strong Bear,Bearish confirmed,"Strong Bear - all 4 components agree, trending ADX",52.7,"Outperforming, weakening",Leads both,38.1482,Oversold,-15.3613,-15.3118,Bearish crossover,Neutral,0.5692,-0.2561,full,45.87,Negative accelerating,44.48,Neutral,Bearish majority,None,Neutral - price momentum agrees but MACD shows deceleration,Lower Half,Trending,Bearish,Yes,Yes,Inside,75.48,High,Stable,6.55,No,"High volatility, stable",Extreme vol - reduce size,Normal,Falling,Weak Down,-0.3478,Distribution,35.1641,Neutral,2 - Advancing,late,50.0,190.0,,,WAIT,32.45,1.0,Trend,"2 - Advancing, but trend score 16 does not confirm long - no directional edge","2 - Advancing, but trend score 15 does not confirm long - no directional edge","2 - Advancing, but trend score 20 does not confirm long - no directional edge"
2025-02-11,398.0,398.0,381.6499938964844,381.6499938964844,2036035,483.5714,414.8155,Yes,26.3,Bear,Downtrend,Hold,Downtrend (LH+LL),Bearish,11.54,Strong Bear,Bearish confirmed,"Strong Bear - all 4 components agree, trending ADX",30.93,"Underperforming, weakening",Lags both,32.5124,Oversold,-20.9439,-16.4382,bearish accelerating,Neutral,-13.7904,-1.5088,full,27.95,Negative accelerating,29.27,Strong Bearish,Bearish confirmed,None,Strong Bearish - all 4 components agree incl. MACD acceleration,Below Lower,Trending,Bearish,Yes,Yes,Breakout Down,80.0,Very High,Stable,6.03,No,"Very High volatility, stable",Extreme vol - reduce size,High,Falling,Confirmed Down,-0.4704,Distribution,30.3932,Neutral,2 - Advancing,late,50.0,191.0,,,WAIT,24.67,1.0,Trend,"2 - Advancing, but trend score 12 does not confirm long - no directional edge","2 - Advancing, but trend score 17 does not confirm long - no directional edge","2 - Advancing, but trend score 19 does not confirm long - no directional edge"
2025-02-12,366.2000122070313,373.6499938964844,362.6000061035156,362.6000061035156,5022876,478.8274,414.296,Yes,26.3,Bear,Downtrend,Hold,Downtrend (LH+LL),Bearish,10.45,Strong Bear,Bearish confirmed,"Strong Bear - all 4 components agree, trending ADX",24.6,"Underperforming, weakening",Lags both,30.3434,Oversold,-26.5987,-18.4703,bearish accelerating,Oversold,-21.9879,-2.2111,full,25.32,Negative accelerating,22.33,Strong Bearish,Bearish confirmed,None,Strong Bearish - all 4 components agree incl. MACD acceleration,Below Lower,Trending,Bearish,Yes,Yes,Breakout Down,88.02,Very High,Stable,18.69,No,"Very High volatility, stable",Extreme vol - reduce size,High,Rising,Confirmed Down,-0.6654,Distribution,20.9548,Neutral,2 - Advancing,late,50.0,192.0,,,WAIT,22.1,1.0,Trend,"2 - Advancing, but trend score 10 does not confirm long - no directional edge","2 - Advancing, but trend score 30 does not confirm long - no directional edge","2 - Advancing, but trend score 20 does not confirm long - no directional edge"
2025-02-13,359.75,378.6499938964844,355.6499938964844,365.3999938964844,3071566,474.3793,413.8094,Yes,26.3,Bear,Downtrend,Hold,Downtrend (LH+LL),Bearish,9.38,Strong Bear,Bearish confirmed,"Strong Bear - all 4 components agree, trending ADX",20.88,"Underperforming, weakening",Lags both,31.0713,Oversold,-30.5026,-20.8767,bearish accelerating,Oversold,-17.3303,-1.7893,full,22.44,Negative accelerating,20.53,Strong Bearish,Bearish confirmed,None,Strong Bearish - all 4 components agree incl. MACD acceleration,At Lower,Trending,Bearish,Yes,Yes,Near Lower,90.24,Very High,Stable,18.81,No,"Very High volatility, stable",Extreme vol - reduce size,High,Rising,Confirmed Up,-0.5818,Distribution,35.8916,Neutral,2 - Advancing,late,50.0,193.0,,,WAIT,24.68,1.0,Trend,"2 - Advancing, but trend score 9 does not confirm long - no directional edge","2 - Advancing, but trend score 27 does not confirm long - no directional edge","2 - Advancing, but trend score 17 does not confirm long - no directional edge"
2025-02-14,370.7999877929688,370.8999938964844,347.1499938964844,347.1499938964844,819157,469.3899,413.1461,Yes,19.63,Strong Bear,Downtrend,Hold,Downtrend (LH+LL),Bearish,6.87,Strong Bear,Bearish confirmed,"Strong Bear - all 4 components agree, trending ADX",1.54,"Underperforming, weakening",Lags both,28.948,Oversold,-34.6695,-23.6353,bearish accelerating,Oversold,-25.1993,-2.4516,full,6.76,Negative accelerating,14.57,Strong Bearish,Bearish confirmed,None,Strong Bearish but oversold on RSI and Stochastic - stretched,Below Lower,Trending,Bearish,Yes,Yes,Breakout Down,91.51,Very High,Stable,17.74,No,"Very High volatility, stable",Extreme vol - reduce size,Normal,Rising,Weak Down,-0.616,Distribution,37.3189,Neutral,2 - Advancing,late,40.0,194.0,,,STAND ASIDE,50.0,0.0,Stage unclear,2 - Advancing but stage confidence only 40 - regime not established,"2 - Advancing, but trend score 21 does not confirm long - no directional edge","2 - Advancing, but trend score 18 does not confirm long - no directional edge"
2025-02-17,342.0,350.95001220703125,329.79998779296875,345.1499938964844,3169357,464.5178,412.4696,Yes,19.63,Strong Bear,Downtrend,Hold,Downtrend (LH+LL),Bearish,6.87,Strong Bear,Bearish confirmed,"Strong Bear - all 4 components agree, trending ADX",1.58,"Underperforming, weakening",Lags both,28.7164,Oversold,-37.6986,-26.4479,bearish accelerating,Oversold,-23.1292,-2.238,full,6.51,Negative accelerating,14.76,Strong Bearish,Bearish confirmed,None,Strong Bearish but oversold on RSI and Stochastic - stretched,At Lower,Trending,Bearish,Yes,Yes,Breakout Down,92.62,Very High,Expanding,20.2,No,Very High volatility and still expanding - move may be extended,Extreme vol - reduce size,High,Rising,Confirmed Down,-0.4515,Distribution,30.6026,Neutral,2 - Advancing,late,40.0,195.0,,,STAND ASIDE,50.0,0.0,Stage unclear,2 - Advancing but stage confidence only 40 - regime not established,"2 - Advancing, but trend score 16 does not confirm long - no directional edge","2 - Advancing, but trend score 15 does not confirm long - no directional edge"
2025-02-18,346.0,352.3999938964844,327.8999938964844,327.8999938964844,997184,459.1602,411.6281,Yes,19.63,Strong Bear,Downtrend,Hold,Downtrend (LH+LL),Bearish,6.87,Strong Bear,Bearish confirmed,"Strong Bear - all 4 components agree, trending ADX",0.0,"Underperforming, weakening",Lags both,26.7301,Oversold,-41.0182,-29.362,bearish accelerating,Oversold,-30.4486,-2.8158,full,0.0,Negative accelerating,11.85,Strong Bearish,Bearish confirmed,None,Strong Bearish but oversold on RSI and Stochastic - stretched,At Lower,Trending,Bearish,Yes,Yes,Breakout Down,93.97,Very High,Expanding,27.34,No,Very High volatility and still expanding - move may be extended,Extreme vol - reduce size,Normal,Rising,Weak Down,-0.4678,Distribution,28.8006,Neutral,2 - Advancing,late,40.0,196.0,,,STAND ASIDE,50.0,0.0,Stage unclear,2 - Advancing but stage confidence only 40 - regime not established,"2 - Advancing, but trend score 12 does not confirm long - no directional edge","2 - Advancing, but trend score 17 does not confirm long - no directional edge"
2025-02-19,317.0,344.25,316.95001220703125,339.20001220703125,2272291,454.4559,410.9074,Yes,19.63,Strong Bear,Downtrend,Hold,Downtrend (LH+LL),Bearish,6.87,Strong Bear,Bearish confirmed,"Strong Bear - all 4 components agree, trending ADX",0.0,"Underperforming, weakening",Lags both,30.1391,Oversold,-42.2502,-31.9396,bearish fading,Oversold,-31.4747,-2.8448,full,0.0,Negative fading,14.04,Strong Bearish,Bearish confirmed,None,Strong Bearish - all 4 components agree incl. MACD acceleration,Lower Half,Trending,Bearish,Yes,Yes,Inside,93.65,Very High,Expanding,31.47,No,Very High volatility and still expanding - move may be extended,Extreme vol - reduce size,Normal,Rising,Confirmed Up,-0.3599,Distribution,27.2301,Neutral,2 - Advancing,late,40.0,197.0,,,STAND ASIDE,50.0,0.0,Stage unclear,2 - Advancing but stage confidence only 40 - regime not established,"2 - Advancing, but trend score 10 does not confirm long - no directional edge","2 - Advancing, but trend score 30 does not confirm long - no directional edge"
2025-02-20,338.8500061035156,356.1499938964844,336.04998779296875,356.1499938964844,1121472,450.6007,410.3626,Yes,15.61,Strong Bear,Downtrend,Hold,Downtrend (LH+LL),Bearish,5.46,Strong Bear,Bearish confirmed,"Strong Bear - all 4 components agree, strong ADX",3.62,"Underperforming, weakening",Lags both,35.0227,Oversold,-41.3819,-33.8281,bearish fading,Oversold,-26.7784,-2.4118,full,2.09,Negative fading,18.49,Strong Bearish,Bearish confirmed,None,Strong Bearish - all 4 components agree incl. MACD acceleration,Lower Half,Strong,Bearish,Yes,Yes,Inside,92.46,Very High,Expanding,33.09,No,Very High volatility and still expanding - move may be extended,Extreme vol - reduce size,Normal,Rising,Weak Up,-0.2992,Distribution,28.4481,Neutral,2 - Advancing,late,30.0,198.0,,,STAND ASIDE,50.0,0.0,Stage unclear,2 - Advancing but stage confidence only 30 - regime not established,"2 - Advancing, but trend score 9 does not confirm long - no directional edge","2 - Advancing, but trend score 27 does not confirm long - no directional edge"
2025-02-21,362.0,362.0,340.3500061035156,345.8500061035156,1267282,446.4929,409.7206,Yes,14.7,Strong Bear,Downtrend,Hold,Downtrend (LH+LL),Bearish,5.14,Strong Bear,Bearish confirmed,"Strong Bear - all 4 components agree, strong ADX",0.0,"Underperforming, weakening",Lags both,33.4906,Oversold,-41.0516,-35.2728,bearish fading,Oversold,-26.5945,-2.3603,full,0.0,Negative accelerating,19.69,Strong Bearish,Bearish confirmed,None,Strong Bearish - all 4 components agree incl. MACD acceleration,Lower Half,Strong,Bearish,Yes,Yes,Inside,92.78,Very High,Expanding,29.09,No,Very High volatility and still expanding - move may be extended,Extreme vol - reduce size,Normal,Rising,Confirmed Down,-0.2992,Distribution,25.0869,Neutral,2 - Advancing,late,30.0,199.0,,,STAND ASIDE,50.0,0.0,Stage unclear,2 - Advancing but stage confidence only 30 - regime not established,2 - Advancing but stage confidence only 40 - regime not established,"2 - Advancing, but trend score 21 does not confirm long - no directional edge"
2025-02-24,339.04998779296875,358.0,334.45001220703125,353.04998779296875,834511,442.8284,409.1568,Yes,16.08,Strong Bear,Downtrend,Hold,Downtrend (LH+LL),Bearish,5.63,Strong Bear,Bearish confirmed,"Strong Bear - all 4 components agree, strong ADX",0.0,"Underperforming, weakening",Lags both,35.6111,Oversold,-39.7506,-36.1684,bearish fading,Oversold,-16.7433,-1.5362,full,0.0,Negative accelerating,23.13,Strong Bearish,Bearish confirmed,None,Strong Bearish - all 4 components agree incl. MACD acceleration,Lower Half,Strong,Bearish,Yes,Yes,Inside,92.42,Very High,Stable,16.94,No,"Very High volatility, stable",Extreme vol - reduce size,Normal,Rising,Weak Up,-0.2346,Distribution,23.3181,Neutral,2 - Advancing,late,30.0,200.0,,,STAND ASIDE,50.0,0.0,Stage unclear,2 - Advancing but stage confidence only 30 - regime not established,2 - Advancing but stage confidence only 40 - regime not established,"2 - Advancing, but trend score 16 does not confirm long - no directional edge"
2025-02-25,353.8999938964844,367.7000122070313,352.70001220703125,359.8999938964844,1239770,439.5764,408.6666,Yes,17.17,Strong Bear,Downtrend,Hold,Downtrend (LH+LL),Bearish,6.01,Strong Bear,Bearish confirmed,"Strong Bear - all 4 components agree, strong ADX",0.0,"Underperforming, weakening",Lags both,37.6478,Oversold,-37.7319,-36.4811,bearish fading,Oversold,-5.6989,-0.6263,full,0.0,Negative fading,26.9,Strong Bearish,Bearish confirmed,None,Strong Bearish - all 4 components agree incl. MACD acceleration,Lower Half,Strong,Bearish,Yes,No,Inside,91.19,Very High,Stable,11.19,No,"Very High volatility, stable",Wide stop - size down,Normal,Rising,Weak Up,-0.236,Distribution,26.3249,Neutral,2 - Advancing,late,30.0,201.0,,,STAND ASIDE,50.0,0.0,Stage unclear,2 - Advancing but stage confidence only 30 - regime not established,2 - Advancing but stage confidence only 40 - regime not established,"2 - Advancing, but trend score 12 does not confirm long - no directional edge"
2025-02-27,361.1000061035156,365.6499938964844,345.0,346.79998779296875,520322,435.9381,408.051,Yes,15.6,Strong Bear,Downtrend,Hold,Downtrend (LH+LL),Bearish,5.46,Strong Bear,Bearish confirmed,"Strong Bear - all 4 components agree, strong ADX",0.0,"Underperforming, weakening",Lags both,35.3452,Oversold,-36.7654,-36.5379,bearish fading,Oversold,-4.3574,-0.5135,full,0.0,Negative accelerating,27.67,Strong Bearish,Bearish majority,None,Strong Bearish - price momentum agrees but MACD shows deceleration,Lower Half,Strong,Bearish,Yes,No,Inside,91.11,Very High,Stable,3.1,No,"Very High volatility, stable",Extreme vol - reduce size,Dry-up,Rising,Weak Down,-0.2485,Distribution,23.2684,Neutral,2 - Advancing,late,30.0,202.0,,,STAND ASIDE,50.0,0.0,Stage unclear,2 - Advancing but stage confidence only 30 - regime not established,2 - Advancing but stage confidence only 40 - regime not established,"2 - Advancing, but trend score 10 does not confirm long - no directional edge"
2025-02-28,342.0,362.7000122070313,331.25,347.1000061035156,2516487,432.4542,407.4446,Yes,15.69,Strong Bear,Downtrend,Hold,Downtrend (LH+LL),Bearish,5.49,Strong Bear,Bearish confirmed,"Strong Bear - all 4 components agree, strong ADX",0.0,"Underperforming, weakening",Lags both,35.4426,Oversold,-35.5652,-36.3434,Bullish crossover,Neutral,-5.0082,-0.5626,full,0.0,Negative accelerating,29.42,Strong Bearish,Bearish majority,None,Strong Bearish - price momentum agrees but MACD shows deceleration,Lower Half,Strong,Bearish,Yes,No,Inside,92.7,Very High,Stable,2.46,No,"Very High volatility, stable",Extreme vol - reduce size,Normal,Rising,Confirmed Up,-0.2061,Distribution,21.856,Neutral,3 - Topping,early,40.0,1.0,2 - Advancing,202.0,STAND ASIDE,50.0,0.0,Stage unclear,3 - Topping but stage confidence only 40 - regime not established,2 - Advancing but stage confidence only 30 - regime not established,"2 - Advancing, but trend score 9 does not confirm long - no directional edge"
2025-03-03,350.95001220703125,357.8999938964844,330.75,347.1000061035156,857940,429.107,406.8441,Yes,15.56,Strong Bear,Downtrend,Hold,Downtrend (LH+LL),Bearish,5.45,Strong Bear,Bearish confirmed,"Strong Bear - all 4 components agree, strong ADX",0.0,"Underperforming, weakening",Lags both,35.4426,Oversold,-34.2195,-35.9186,bearish accelerating,Neutral,-0.0144,-0.1493,full,0.0,Negative fading,31.19,Bearish,Bearish majority,None,Bearish - price momentum agrees but MACD shows deceleration,Lower Half,Strong,Bearish,Yes,No,Inside,92.9,Very High,Stable,1.39,No,"Very High volatility, stable",Extreme vol - reduce size,Normal,Rising,Flat,-0.2184,Distribution,21.4763,Neutral,3 - Topping,early,40.0,2.0,2 - Advancing,202.0,STAND ASIDE,50.0,0.0,Stage unclear,3 - Topping but stage confidence only 40 - regime not established,2 - Advancing but stage confidence only 30 - regime not established,2 - Advancing but stage confidence only 40 - regime not established
2025-03-04,345.45001220703125,364.4500122070313,342.79998779296875,356.70001220703125,1228926,426.2675,406.3452,Yes,17.36,Strong Bear,Downtrend,Hold,Downtrend (LH+LL),Bearish,6.08,Strong Bear,Bearish confirmed,"Strong Bear - all 4 components agree, strong ADX",2.25,"Underperforming, weakening",Lags both,38.8601,Oversold,-32.0095,-35.1368,bearish accelerating,Neutral,3.3464,0.1416,full,0.0,Negative fading,35.9,Bearish,Bearish majority,None,Bearish - price momentum agrees but MACD shows deceleration,Lower Half,Strong,Bearish,Yes,No,Inside,91.63,Very High,Stable,-0.99,No,"Very High volatility, stable",Wide stop - size down,Normal,Rising,Weak Up,-0.1934,Distribution,27.2929,Neutral,3 - Topping,early,40.0,3.0,2 - Advancing,202.0,STAND ASIDE,50.0,0.0,Stage unclear,3 - Topping but stage confidence only 40 - regime not established,2 - Advancing but stage confidence only 30 - regime not established,2 - Advancing but stage confidence only 40 - regime not established
2025-03-05,356.70001220703125,365.0,349.95001220703125,360.3500061035156,887717,423.6825,405.8875,Yes,18.11,Strong Bear,Downtrend,Hold,Downtrend (LH+LL),Bearish,6.34,Strong Bear,Bearish confirmed,"Strong Bear - all 4 components agree, strong ADX",4.31,"Underperforming, weakening",Lags both,40.1572,Neutral,-29.622,-34.0338,bearish accelerating,Neutral,9.8963,0.7102,full,0.0,Negative fading,39.41,Bearish,Mixed,None,"Bearish - components mixed, low conviction",Lower Half,Strong,Bearish,Yes,No,Inside,89.64,Very High,Stable,-4.33,No,"Very High volatility, stable",Wide stop - size down,Normal,Rising,Weak Up,-0.1846,Distribution,37.3788,Neutral,3 - Topping,early,40.0,4.0,2 - Advancing,202.0,STAND ASIDE,50.0,0.0,Stage unclear,3 - Topping but stage confidence only 40 - regime not established,2 - Advancing but stage confidence only 30 - regime not established,2 - Advancing but stage confidence only 40 - regime not established
2025-03-06,368.0,378.3500061035156,362.6499938964844,369.6499938964844,1763929,421.5636,405.5269,Yes,25.88,Bear,Downtrend,Hold,Downtrend (LH+LL),Bearish,9.06,Strong Bear,Bearish confirmed,"Strong Bear - all 4 components agree, strong ADX",0.0,"Underperforming, weakening",Lags both,43.4492,Neutral,-26.672,-32.5615,bearish accelerating,Neutral,8.977,0.6553,full,0.0,Negative accelerating,43.73,Neutral,Mixed,None,"Neutral - components mixed, low conviction",Lower Half,Strong,Bearish,Yes,No,Inside,87.5,Very High,Stable,-6.15,No,"Very High volatility, stable",Wide stop - size down,Normal,Rising,Confirmed Up,-0.1889,Distribution,33.0235,Neutral,3 - Topping,early,40.0,5.0,2 - Advancing,202.0,STAND ASIDE,50.0,0.0,Stage unclear,3 - Topping but stage confidence only 40 - regime not established,2 - Advancing but stage confidence only 30 - regime not established,2 - Advancing but stage confidence only 40 - regime not established
2025-03-07,371.0,374.5499877929688,362.1000061035156,367.8500061035156,839415,419.4572,405.152,Yes,29.61,Bear,Downtrend,Hold,Downtrend (LH+LL),Bearish,10.36,Strong Bear,Bearish confirmed,"Strong Bear - all 4 components agree, strong ADX",0.0,"Underperforming, weakening",Lags both,42.9567,Neutral,-24.2004,-30.8893,bearish accelerating,Neutral,3.2851,0.1772,full,0.0,Negative accelerating,44.98,Neutral,Mixed,None,"Neutral - components mixed, low conviction",Upper Half,Strong,Bearish,No,No,Inside,83.65,Very High,Stable,-8.81,No,"Very High volatility, stable",Wide stop - size down,Normal,Rising,Weak Down,-0.1828,Distribution,32.9354,Neutral,3 - Topping,early,40.0,6.0,2 - Advancing,202.0,STAND ASIDE,50.0,0.0,Stage unclear,3 - Topping but stage confidence only 40 - regime not established,3 - Topping but stage confidence only 40 - regime not established,2 - Advancing but stage confidence only 30 - regime not established
2025-03-10,366.5,369.8500061035156,349.45001220703125,349.45001220703125,790217,416.7118,404.5978,Yes,24.87,Bear,Downtrend,Hold,Range,Bearish,18.7,Strong Bear,Bearish confirmed,"Strong Bear - all 4 components agree, strong ADX",0.0,"Underperforming, weakening",Lags both,38.1906,Oversold,-23.456,-29.4026,bearish fading,Neutral,1.0409,-0.0088,full,0.0,Negative accelerating,42.31,Neutral,Mixed,None,"Neutral - components mixed, low conviction",Lower Half,Strong,Bearish,No,No,Inside,76.75,High,Stable,-16.03,No,"High volatility, stable",Wide stop - size down,Normal,Rising,Weak Down,-0.1944,Distribution,37.3282,Neutral,3 - Topping,early,40.0,7.0,2 - Advancing,202.0,STAND ASIDE,50.0,0.0,Stage unclear,3 - Topping but stage confidence only 40 - regime not established,3 - Topping but stage confidence only 40 - regime not established,2 - Advancing but stage confidence only 30 - regime not established
2025-03-11,334.6499938964844,340.0,332.0,334.6000061035156,1326327,413.4917,403.9013,Yes,15.4,Strong Bear,Downtrend,Hold,Range,Bearish,15.39,Strong Bear,Bearish confirmed,"Strong Bear - all 4 components agree, strong ADX",0.0,"Underperforming, weakening",Lags both,34.8316,Oversold,-23.7901,-28.2801,bearish fading,Neutral,-5.2259,-0.5832,full,0.0,Negative accelerating,37.74,Bearish,Mixed,None,"Bearish - components mixed, low conviction",Lower Half,Strong,Bearish,No,No,Inside,63.21,High,Contracting,-29.21,Partial,"High volatility, contracting - move losing energy",Wide stop - size down,Normal,Rising,Weak Down,-0.2027,Distribution,36.6584,Neutral,3 - Topping,early,40.0,8.0,2 - Advancing,202.0,STAND ASIDE,50.0,0.0,Stage unclear,3 - Topping but stage confidence only 40 - regime not established,3 - Topping but stage confidence only 40 - regime not established,2 - Advancing but stage confidence only 30 - regime not established
2025-03-12,336.25,342.0,323.5,326.25,1155733,410.0705,403.1287,Yes,11.12,Strong Bear,Downtrend,Hold,Range,Bearish,13.89,Strong Bear,Bearish confirmed,"Strong Bear - all 4 components agree, strong ADX",0.0,"Underperforming, weakening",Lags both,33.0704,Oversold,-24.4468,-27.5135,bearish fading,Neutral,-9.3498,-0.9701,full,0.0,Negative fading,32.61,Bearish,Bearish majority,None,Bearish - price momentum agrees but MACD shows deceleration,At Lower,Strong,Bearish,No,No,Inside,59.05,Normal,Contracting,-32.14,Partial,"Normal volatility, contracting - move losing energy",Wide stop - size down,Normal,Rising,Weak Down,-0.1697,Distribution,39.0536,Neutral,3 - Topping,early,40.0,9.0,2 - Advancing,202.0,STAND ASIDE,50.0,0.0,Stage unclear,3 - Topping but stage confidence only 40 - regime not established,3 - Topping but stage confidence only 40 - regime not established,2 - Advancing but stage confidence only 30 - regime not established
2025-03-13,330.95001220703125,333.45001220703125,319.20001220703125,322.8999938964844,1289694,406.652,402.3304,Yes,11.04,Strong Bear,Downtrend,Hold,Uptrend (HH+HL),Bullish,23.86,Strong Bear,Bearish majority,"Strong Bear - majority agree, 1 dissenting, strong ADX",0.0,"Underperforming, weakening",Lags both,32.3633,Oversold,-24.95,-27.0008,bearish fading,Oversold,-6.8916,-0.729,full,0.0,Negative accelerating,29.31,Strong Bearish,Bearish majority,Bullish divergence,Strong Bearish - bullish divergence vs price over 21 bars,At Lower,Strong,Bearish,Yes,No,Inside,58.41,Normal,Contracting,-32.7,Partial,"Normal volatility, contracting - move losing energy",Wide stop - size down,Normal,Rising,Weak Down,-0.0349,Neutral,32.084,Neutral,3 - Topping,mid,40.0,10.0,2 - Advancing,202.0,STAND ASIDE,50.0,0.0,Stage unclear,3 - Topping but stage confidence only 40 - regime not established,3 - Topping but stage confidence only 40 - regime not established,2 - Advancing but stage confidence only 30 - regime not established
2025-03-17,329.0,337.79998779296875,317.75,330.6000061035156,712736,403.6696,401.6166,Yes,12.38,Strong Bear,Downtrend,Hold,Uptrend (HH+HL),Bullish,24.33,Strong Bear,Bearish majority,"Strong Bear - majority agree, 1 dissenting, strong ADX",0.0,"Underperforming, weakening",Lags both,35.7629,Oversold,-24.4456,-26.4897,bearish fading,Oversold,-4.7537,-0.517,full,0.0,Negative accelerating,30.03,Bearish,Bearish majority,Bullish divergence,Bearish - bullish divergence vs price over 21 bars,Lower Half,Strong,Bearish,Yes,No,Inside,58.73,Normal,Contracting,-33.97,Partial,"Normal volatility, contracting - move losing energy",Wide stop - size down,Normal,Rising,Weak Up,-0.012,Neutral,37.4927,Neutral,3 - Topping,mid,40.0,11.0,2 - Advancing,202.0,STAND ASIDE,50.0,0.0,Stage unclear,3 - Topping but stage confidence only 40 - regime not established,3 - Topping but stage confidence only 40 - regime not established,3 - Topping but stage confidence only 40 - regime not established
2025-03-18,330.6000061035156,330.6000061035156,330.6000061035156,330.6000061035156,0,400.8041,400.91,Yes,5.95,Strong Bear,Downtrend,Hold,Uptrend (HH+HL),Bullish,22.08,Strong Bear,Bearish majority,"Strong Bear - majority agree, 1 dissenting, strong ADX",0.0,"Underperforming, weakening",Lags both,35.7629,Oversold,-23.7719,-25.9462,bearish accelerating,Oversold,-4.7537,-0.5114,full,0.0,Negative fading,30.83,Bearish,Bearish majority,Bullish divergence,Bearish - bullish divergence vs price over 21 bars,Lower Half,Strong,Bearish,Yes,No,Inside,51.75,Normal,Contracting,-41.15,No,"Normal volatility, contracting - move losing energy",Wide stop - size down,Dry-up,Rising,Flat,0.0206,Neutral,39.5587,Neutral,3 - Topping,mid,20.0,12.0,2 - Advancing,202.0,STAND ASIDE,50.0,0.0,Stage unclear,3 - Topping but stage confidence only 20 - regime not established,3 - Topping but stage confidence only 40 - regime not established,3 - Topping but stage confidence only 40 - regime not established
2025-03-19,337.5,352.20001220703125,337.1499938964844,351.3500061035156,1669103,398.8647,400.4169,Yes,11.41,Strong Bear,Downtrend,Hold,Uptrend (HH+HL),Bullish,23.99,Strong Bear,Bearish majority,"Strong Bear - majority agree, 1 dissenting, strong ADX",0.0,"Underperforming, improving",Lags both,44.4838,Neutral,-21.3179,-25.0205,bearish accelerating,Neutral,-1.4999,-0.1978,full,0.0,Negative fading,37.19,Bearish,Bearish majority,None,Bearish - price momentum agrees but MACD shows deceleration,Upper Half,Strong,Bearish,No,No,Inside,51.94,Normal,Contracting,-39.68,No,"Normal volatility, contracting - move losing energy",Wide stop - size down,Normal,Rising,Confirmed Up,0.0241,Neutral,41.0397,Neutral,3 - Topping,mid,20.0,13.0,2 - Advancing,202.0,STAND ASIDE,50.0,0.0,Stage unclear,3 - Topping but stage confidence only 20 - regime not established,3 - Topping but stage confidence only 40 - regime not established,3 - Topping but stage confidence only 40 - regime not established
2025-03-20,353.04998779296875,354.95001220703125,340.6000061035156,347.04998779296875,790048,396.8328,399.8858,Yes,9.8,Strong Bear,Downtrend,Hold,Uptrend (HH+HL),Bullish,23.43,Strong Bear,Bearish majority,"Strong Bear - majority agree, 1 dissenting, trending ADX",0.0,"Underperforming, weakening",Lags both,43.1757,Neutral,-19.4953,-23.9155,bearish accelerating,Neutral,-3.6909,-0.4142,full,0.0,Negative fading,38.61,Bearish,Bearish majority,None,Bearish - price momentum agrees but MACD shows deceleration,Lower Half,Trending,Bearish,No,No,Inside,48.25,Normal,Contracting,-41.39,No,"Normal volatility, contracting - move losing energy",Wide stop - size down,Normal,Rising,Weak Down,0.064,Accumulation,45.3505,Neutral,3 - Topping,mid,20.0,14.0,2 - Advancing,202.0,STAND ASIDE,50.0,0.0,Stage unclear,3 - Topping but stage confidence only 20 - regime not established,3 - Topping but stage confidence only 40 - regime not established,3 - Topping but stage confidence only 40 - regime not established
2025-03-21,347.0,364.3999938964844,342.75,362.75,2935907,395.4962,399.5163,Yes,23.78,Bear,Downtrend,Hold,Uptrend (HH+HL),Bullish,28.48,Bear,Bearish majority,"Bear - majority agree, 1 dissenting, trending ADX",0.0,"Underperforming, improving",Lags both,49.0652,Neutral,-16.5927,-22.4509,bearish accelerating,Neutral,-1.8666,-0.2401,full,0.0,Negative fading,43.79,Neutral,Mixed,None,"Neutral - components mixed, low conviction",Upper Half,Trending,Bearish,No,No,Inside,48.69,Normal,Contracting,-38.81,No,"Normal volatility, contracting - move losing energy",Wide stop - size down,High,Rising,Confirmed Up,0.1067,Accumulation,62.4112,Neutral,3 - Topping,mid,20.0,15.0,2 - Advancing,202.0,STAND ASIDE,50.0,0.0,Stage unclear,3 - Topping but stage confidence only 20 - regime not established,3 - Topping but stage confidence only 40 - regime not established,3 - Topping but stage confidence only 40 - regime not established
2025-03-24,364.6000061035156,372.5,357.95001220703125,362.0499877929688,989663,394.1846,399.1435,Yes,22.94,Bear,Downtrend,Hold,Range,Bearish,18.03,Strong Bear,Bearish confirmed,"Strong Bear - all 4 components agree, trending ADX",0.0,"Underperforming, improving",Lags both,48.8222,Neutral,-14.1854,-20.7978,bearish accelerating,Neutral,-1.5767,-0.2177,full,0.0,Negative fading,44.98,Neutral,Mixed,None,"Neutral - components mixed, low conviction",Upper Half,Trending,Bearish,No,No,Inside,46.07,Normal,Contracting,-37.58,No,"Normal volatility, contracting - move losing energy",Wide stop - size down,Normal,Rising,Weak Down,0.0415,Neutral,67.9926,Neutral,3 - Topping,mid,20.0,16.0,2 - Advancing,202.0,STAND ASIDE,50.0,0.0,Stage unclear,3 - Topping but stage confidence only 20 - regime not established,3 - Topping but stage confidence only 40 - regime not established,3 - Topping but stage confidence only 40 - regime not established
2025-03-25,362.0,363.4500122070313,343.95001220703125,343.95001220703125,858505,392.2146,398.5943,Yes,17.87,Strong Bear,Downtrend,Hold,Range,Bearish,16.25,Strong Bear,Bearish confirmed,"Strong Bear - all 4 components agree, trending ADX",0.0,"Underperforming, weakening",Lags both,42.9059,Neutral,-13.5815,-19.3546,bearish fading,Neutral,-1.5739,-0.2237,full,0.0,Negative accelerating,42.28,Neutral,Mixed,Bullish divergence,Neutral - bullish divergence vs price over 21 bars,Lower Half,Trending,Bearish,No,No,Inside,50.2,Normal,Contracting,-26.55,No,"Normal volatility, contracting - move losing energy",Wide stop - size down,Normal,Rising,Weak Down,0.0322,Neutral,61.8534,Neutral,3 - Topping,mid,20.0,17.0,2 - Advancing,202.0,STAND ASIDE,50.0,0.0,Stage unclear,3 - Topping but stage confidence only 20 - regime not established,3 - Topping but stage confidence only 20 - regime not established,3 - Topping but stage confidence only 40 - regime not established
2025-03-26,340.0,345.0,326.75,328.25,834265,389.7062,397.8944,Yes,13.83,Strong Bear,Downtrend,Hold,Range,Bearish,14.84,Strong Bear,Bearish confirmed,"Strong Bear - all 4 components agree, trending ADX",0.0,"Underperforming, weakening",Lags both,38.5429,Neutral,-14.2061,-18.3249,bearish fading,Neutral,-1.8978,-0.2642,full,0.0,Negative accelerating,37.04,Bearish,Bearish majority,Bullish divergence,Bearish - bullish divergence vs price over 21 bars,Lower Half,Trending,Bearish,No,No,Inside,54.52,Normal,Stable,-8.69,No,"Normal volatility, stable",Wide stop - size down,Normal,Rising,Weak Down,-0.0187,Neutral,56.5808,Neutral,3 - Topping,mid,20.0,18.0,2 - Advancing,202.0,STAND ASIDE,50.0,0.0,Stage unclear,3 - Topping but stage confidence only 20 - regime not established,3 - Topping but stage confidence only 20 - regime not established,3 - Topping but stage confidence only 40 - regime not established
2025-03-27,330.0,344.6499938964844,325.54998779296875,344.6499938964844,1037637,387.9393,397.3646,Yes,16.81,Strong Bear,Downtrend,Hold,Range,Bearish,15.92,Strong Bear,Bearish confirmed,"Strong Bear - all 4 components agree, trending ADX",0.0,"Underperforming, weakening",Lags both,44.8515,Neutral,-13.2252,-17.3049,bearish fading,Neutral,5.6398,0.476,full,0.0,Negative fading,37.83,Bearish,Bearish majority,Bullish divergence,Bearish - bullish divergence vs price over 21 bars,Lower Half,Trending,Bearish,No,No,Inside,52.3,Normal,Stable,-6.74,No,"Normal volatility, stable",Wide stop - size down,Normal,Rising,Weak Up,0.0284,Neutral,54.0889,Neutral,3 - Topping,mid,20.0,19.0,2 - Advancing,202.0,STAND ASIDE,50.0,0.0,Stage unclear,3 - Topping but stage confidence only 20 - regime not established,3 - Topping but stage confidence only 20 - regime not established,3 - Topping but stage confidence only 40 - regime not established
2025-03-28,349.79998779296875,361.8500061035156,349.45001220703125,361.1499938964844,831740,386.8887,397.0043,Yes,20.19,Bear,Downtrend,Hold,Range,Bearish,18.05,Strong Bear,Bearish confirmed,"Strong Bear - all 4 components agree, trending ADX",0.0,"Underperforming, weakening",Lags both,50.3712,Neutral,-10.9898,-16.0419,bearish accelerating,Neutral,11.8458,1.0866,full,0.0,Negative fading,41.89,Bearish,Mixed,None,"Bearish - components mixed, low conviction",Upper Half,Trending,Bearish,No,No,Inside,48.57,Normal,Stable,-9.84,No,"Normal volatility, stable",Wide stop - size down,Normal,Rising,Weak Up,0.0781,Accumulation,59.8723,Neutral,1 - Basing,early,20.0,1.0,3 - Topping,19.0,STAND ASIDE,50.0,0.0,Stage unclear,1 - Basing but stage confidence only 20 - regime not established,3 - Topping but stage confidence only 20 - regime not established,3 - Topping but stage confidence only 40 - regime not established
2025-04-01,355.0,360.6499938964844,347.6000061035156,354.04998779296875,558641,385.6009,396.5769,Yes,14.51,Strong Bear,Downtrend,Hold,Downtrend (LH+LL),Bearish,6.88,Strong Bear,Bearish confirmed,"Strong Bear - all 4 components agree, trending ADX",0.0,"Underperforming, weakening",Lags both,48.1385,Neutral,-9.6795,-14.7694,bearish accelerating,Neutral,7.0932,0.606,full,0.0,Negative accelerating,43.18,Neutral,Mixed,None,"Neutral - components mixed, low conviction",Upper Half,Trending,Bearish,No,No,Inside,46.71,Normal,Stable,-12.03,No,"Normal volatility, stable",Wide stop - size down,Normal,Falling,Weak Down,0.084,Accumulation,60.8422,Neutral,1 - Basing,early,20.0,2.0,3 - Topping,19.0,STAND ASIDE,50.0,0.0,Stage unclear,1 - Basing but stage confidence only 20 - regime not established,3 - Topping but stage confidence only 20 - regime not established,3 - Topping but stage confidence only 40 - regime not established
2025-04-02,358.70001220703125,364.6000061035156,351.0,354.95001220703125,1055184,384.3989,396.1627,Yes,18.49,Strong Bear,Downtrend,Hold,Downtrend (LH+LL),Bearish,9.18,Strong Bear,Bearish confirmed,"Strong Bear - all 4 components agree, trending ADX",0.0,"Underperforming, weakening",Lags both,48.4504,Neutral,-8.4709,-13.5097,bearish fading,Neutral,7.3654,0.6271,full,0.0,Negative accelerating,44.01,Neutral,Mixed,None,"Neutral - components mixed, low conviction",Upper Half,Trending,Bearish,No,No,Inside,44.09,Normal,Stable,-7.66,No,"Normal volatility, stable",Wide stop - size down,Normal,Falling,Weak Up,0.0546,Accumulation,69.045,Neutral,1 - Basing,early,20.0,3.0,3 - Topping,19.0,STAND ASIDE,50.0,0.0,Stage unclear,1 - Basing but stage confidence only 20 - regime not established,3 - Topping but stage confidence only 20 - regime not established,3 - Topping but stage confidence only 20 - regime not established
2025-04-03,349.0,368.0,349.0,357.8500061035156,1417359,383.3578,395.7814,Yes,22.88,Bear,Downtrend,Hold,Downtrend (LH+LL),Bearish,11.68,Strong Bear,Bearish confirmed,"Strong Bear - all 4 components agree, trending ADX",0.0,"Underperforming, weakening",Lags both,49.5043,Neutral,-7.1961,-12.247,bearish accelerating,Neutral,1.85,0.0687,full,0.0,Negative accelerating,44.06,Neutral,Mixed,None,"Neutral - components mixed, low conviction",Upper Half,Trending,Bearish,No,No,Inside,43.73,Normal,Stable,-8.21,No,"Normal volatility, stable",Wide stop - size down,Normal,Falling,Confirmed Up,0.0336,Neutral,77.1035,Neutral,1 - Basing,early,20.0,4.0,3 - Topping,19.0,STAND ASIDE,50.0,0.0,Stage unclear,1 - Basing but stage confidence only 20 - regime not established,3 - Topping but stage confidence only 20 - regime not established,3 - Topping but stage confidence only 20 - regime not established
2025-04-04,359.0,359.0,339.95001220703125,339.95001220703125,670629,381.6555,395.2259,Yes,17.18,Strong Bear,Downtrend,Hold,Range,Bearish,20.29,Strong Bear,Bearish confirmed,"Range with bearish lean - ADX emerging, direction not confirmed",0.0,"Underperforming, weakening",Lags both,43.5817,Neutral,-7.5432,-11.3062,bearish fading,Neutral,-2.0458,-0.3237,full,0.0,Negative accelerating,39.82,Bearish,Mixed,Bullish divergence,Bearish - bullish divergence vs price over 21 bars,Lower Half,Emerging,Bearish,No,No,Inside,48.01,Normal,Stable,-0.24,No,"Normal volatility, stable",Wide stop - size down,Normal,Falling,Weak Down,-0.013,Neutral,79.9682,Neutral,1 - Basing,early,20.0,5.0,3 - Topping,19.0,STAND ASIDE,50.0,0.0,Stage unclear,1 - Basing but stage confidence only 20 - regime not established,3 - Topping but stage confidence only 20 - regime not established,3 - Topping but stage confidence only 20 - regime not established
2025-04-07,308.8500061035156,319.70001220703125,305.95001220703125,307.79998779296875,2102699,378.7592,394.356,Yes,0.42,Strong Bear,Downtrend,Hold,Range,Bearish,14.13,Strong Bear,Bearish confirmed,"Strong Bear - all 4 components agree, trending ADX",0.0,"Underperforming, weakening",Lags both,35.3916,Oversold,-10.2938,-11.1038,bearish fading,Neutral,-15.1482,-1.633,full,0.0,Negative accelerating,30.83,Bearish,Bearish majority,None,Bearish - price momentum agrees but MACD shows deceleration,Below Lower,Trending,Bearish,No,Yes,Breakout Down,65.08,High,Stable,16.39,No,"High volatility, stable",Wide stop - size down,Normal,Falling,Confirmed Down,-0.0744,Distribution,69.5206,Neutral,1 - Basing,early,20.0,6.0,3 - Topping,19.0,STAND ASIDE,50.0,0.0,Stage unclear,1 - Basing but stage confidence only 20 - regime not established,1 - Basing but stage confidence only 20 - regime not established,3 - Topping but stage confidence only 20 - regime not established
2025-04-08,320.0,325.29998779296875,307.95001220703125,316.6000061035156,1130987,376.3216,393.5823,Yes,1.41,Strong Bear,Downtrend,Hold,Range,Bearish,14.41,Strong Bear,Bearish confirmed,"Strong Bear - all 4 components agree, trending ADX",0.0,"Underperforming, weakening",Lags both,38.7827,Neutral,-11.6296,-11.2089,Bearish crossover,Oversold,-12.5535,-1.3716,full,0.0,Negative fading,27.74,Strong Bearish,Bearish confirmed,None,Strong Bearish - all 4 components agree incl. MACD acceleration,Lower Half,Trending,Bearish,No,Yes,Inside,67.98,High,Expanding,21.91,No,High volatility and still expanding - move may be extended,Wide stop - size down,Normal,Falling,Confirmed Up,-0.0706,Distribution,71.3975,Neutral,1 - Basing,early,20.0,7.0,3 - Topping,19.0,STAND ASIDE,50.0,0.0,Stage unclear,1 - Basing but stage confidence only 20 - regime not established,1 - Basing but stage confidence only 20 - regime not established,3 - Topping but stage confidence only 20 - regime not established
2025-04-09,316.95001220703125,317.25,298.6499938964844,301.79998779296875,945833,373.3992,392.669,Yes,0.0,Strong Bear,Downtrend,Hold,Range,Bearish,13.66,Strong Bear,Bearish confirmed,"Strong Bear - all 4 components agree, trending ADX",0.0,"Underperforming, weakening",Lags both,35.416,Oversold,-13.7243,-11.712,bearish accelerating,Oversold,-12.2547,-1.3352,full,0.0,Negative accelerating,22.96,Strong Bearish,Bearish confirmed,None,Strong Bearish - all 4 components agree incl. MACD acceleration,Below Lower,Trending,Bearish,No,Yes,Breakout Down,70.56,High,Expanding,20.36,No,High volatility and still expanding - move may be extended,Extreme vol - reduce size,Normal,Falling,Weak Down,-0.0628,Distribution,64.6616,Neutral,1 - Basing,early,20.0,8.0,3 - Topping,19.0,STAND ASIDE,50.0,0.0,Stage unclear,1 - Basing but stage confidence only 20 - regime not established,1 - Basing but stage confidence only 20 - regime not established,3 - Topping but stage confidence only 20 - regime not established
2025-04-11,314.25,331.8999938964844,306.3999938964844,320.8999938964844,1488334,371.3404,391.9549,Yes,4.39,Strong Bear,Downtrend,Hold,Range,Bearish,15.51,Strong Bear,Bearish confirmed,"Strong Bear - all 4 components agree, trending ADX",0.0,"Underperforming, weakening",Lags both,42.3692,Neutral,-13.6853,-12.1067,bearish fading,Oversold,-2.2391,-0.3346,full,0.0,Negative fading,26.74,Strong Bearish,Bearish confirmed,None,Strong Bearish - all 4 components agree incl. MACD acceleration,Lower Half,Trending,Bearish,No,Yes,Inside,74.48,High,Stable,19.96,No,"High volatility, stable",Wide stop - size down,Normal,Falling,Confirmed Up,-0.0326,Neutral,65.9038,Neutral,1 - Basing,early,20.0,9.0,3 - Topping,19.0,STAND ASIDE,50.0,0.0,Stage unclear,1 - Basing but stage confidence only 20 - regime not established,1 - Basing but stage confidence only 20 - regime not established,3 - Topping but stage confidence only 20 - regime not established
2025-04-15,330.0,341.0,325.3500061035156,332.0,915443,369.7977,391.3584,Yes,7.73,Strong Bear,Downtrend,Hold,Range,Bearish,17.28,Strong Bear,Bearish confirmed,"Range with bearish lean - ADX emerging, direction not confirmed",0.0,"Underperforming, weakening",Lags both,46.0073,Neutral,-12.6134,-12.208,bearish fading,Neutral,-3.6704,-0.4764,full,0.0,Negative fading,30.69,Bearish,Bearish confirmed,None,Bearish - all 4 components agree incl. MACD acceleration,Lower Half,Emerging,Bearish,No,Yes,Inside,73.77,High,Expanding,21.47,No,High volatility and still expanding - move may be extended,Wide stop - size down,Normal,Falling,Weak Up,-0.0026,Neutral,60.8252,Neutral,1 - Basing,early,20.0,10.0,3 - Topping,19.0,STAND ASIDE,50.0,0.0,Stage unclear,1 - Basing but stage confidence only 20 - regime not established,1 - Basing but stage confidence only 20 - regime not established,3 - Topping but stage confidence only 20 - regime not established
2025-04-16,333.1499938964844,339.20001220703125,328.04998779296875,333.1000061035156,919435,368.3585,390.7787,Yes,7.98,Strong Bear,Downtrend,Hold,Range,Bearish,17.93,Strong Bear,Bearish confirmed,"Range with bearish lean - ADX emerging, direction not confirmed",0.0,"Underperforming, weakening",Lags both,46.3686,Neutral,-11.542,-12.0748,Bullish crossover,Neutral,-7.7669,-0.882,full,0.0,Negative fading,33.97,Bearish,Bearish majority,None,Bearish - price momentum agrees but MACD shows deceleration,Lower Half,Emerging,Bearish,No,Yes,Inside,70.91,High,Expanding,22.34,No,High volatility and still expanding - move may be extended,Wide stop - size down,Normal,Falling,Weak Up,0.0218,Neutral,60.3976,Neutral,1 - Basing,early,20.0,11.0,3 - Topping,19.0,STAND ASIDE,50.0,0.0,Stage unclear,1 - Basing but stage confidence only 20 - regime not established,1 - Basing but stage confidence only 20 - regime not established,1 - Basing but stage confidence only 20 - regime not established
2025-04-17,334.5,334.5,323.0,331.20001220703125,769556,366.9013,390.1858,Yes,7.43,Strong Bear,Downtrend,Hold,Range,Bearish,18.12,Strong Bear,Bearish confirmed,"Range with bearish lean - ADX emerging, direction not confirmed",0.0,"Underperforming, weakening",Lags both,45.7985,Neutral,-10.7227,-11.8044,bearish accelerating,Neutral,-6.4539,-0.748,full,0.0,Negative accelerating,35.25,Bearish,Bearish majority,None,Bearish - price momentum agrees but MACD shows deceleration,Lower Half,Emerging,Bearish,No,Yes,Inside,68.53,High,Expanding,21.83,No,High volatility and still expanding - move may be extended,Wide stop - size down,Normal,Falling,Weak Down,0.0275,Neutral,60.9819,Neutral,1 - Basing,early,20.0,12.0,3 - Topping,19.0,STAND ASIDE,50.0,0.0,Stage unclear,1 - Basing but stage confidence only 20 - regime not established,1 - Basing but stage confidence only 20 - regime not established,1 - Basing but stage confidence only 20 - regime not established
2025-04-21,332.0,344.5,331.79998779296875,339.75,630025,365.8366,389.684,Yes,19.16,Strong Bear,Downtrend,Hold,Downtrend (LH+LL),Bearish,12.94,Strong Bear,Bearish confirmed,"Range with bearish lean - ADX emerging, direction not confirmed",0.0,"Underperforming, weakening",Lags both,48.8464,Neutral,-9.2765,-11.2988,bearish accelerating,Neutral,-4.2823,-0.5284,full,0.0,Negative fading,38.04,Bearish,Mixed,None,"Bearish - components mixed, low conviction",Upper Half,Emerging,Bearish,No,Yes,Inside,63.02,High,Stable,18.93,No,"High volatility, stable",Wide stop - size down,Normal,Falling,Weak Up,0.0338,Neutral,66.2292,Neutral,1 - Basing,early,20.0,13.0,3 - Topping,19.0,STAND ASIDE,50.0,0.0,Stage unclear,1 - Basing but stage confidence only 20 - regime not established,1 - Basing but stage confidence only 20 - regime not established,1 - Basing but stage confidence only 20 - regime not established
2025-04-22,337.1499938964844,358.04998779296875,333.3500061035156,349.5,1581996,365.1959,389.2842,Yes,23.65,Bear,Downtrend,Hold,Downtrend (LH+LL),Bearish,24.91,Strong Bear,Bearish majority,"Range with bearish lean - ADX emerging, direction not confirmed",0.0,"Underperforming, weakening",Lags both,52.1508,Neutral,-7.26,-10.4911,bearish accelerating,Neutral,-2.3334,-0.3343,full,0.0,Negative accelerating,41.54,Bearish,Bullish majority,None,"Bearish - majority agree, 1 dissenting",Upper Half,Emerging,Bullish,No,Yes,Inside,64.44,High,Expanding,20.71,No,High volatility and still expanding - move may be extended,Wide stop - size down,Normal,Falling,Confirmed Up,-0.0103,Neutral,67.5613,Neutral,1 - Basing,mid,20.0,14.0,3 - Topping,19.0,STAND ASIDE,50.0,0.0,Stage unclear,1 - Basing but stage confidence only 20 - regime not established,1 - Basing but stage confidence only 20 - regime not established,1 - Basing but stage confidence only 20 - regime not established
2025-04-23,352.0,361.2000122070313,344.20001220703125,358.1499938964844,1292630,364.9196,388.9744,Yes,26.07,Bear,Downtrend,Hold,Downtrend (LH+LL),Bearish,30.15,Bear,Bearish majority,"Range with bearish lean - ADX no trend, direction not confirmed",0.0,"Underperforming, weakening",Lags both,54.9322,Neutral,-4.9073,-9.3743,bearish accelerating,Neutral,5.3537,0.4286,full,0.0,Negative fading,45.36,Neutral,Bullish majority,None,"Neutral - majority agree, 1 dissenting",Upper Half,No Trend,Bullish,No,No,Inside,62.74,High,Stable,14.72,No,"High volatility, stable",Wide stop - size down,Normal,Falling,Confirmed Up,0.0295,Neutral,68.5696,Neutral,1 - Basing,mid,20.0,15.0,3 - Topping,19.0,STAND ASIDE,50.0,0.0,Stage unclear,1 - Basing but stage confidence only 20 - regime not established,1 - Basing but stage confidence only 20 - regime not established,1 - Basing but stage confidence only 20 - regime not established
2025-04-24,359.8999938964844,366.2999877929688,354.45001220703125,357.8500061035156,849518,364.6424,388.6647,Yes,31.82,Bear,Downtrend,Hold,Downtrend (LH+LL),Bearish,31.64,Bear,Bearish majority,"Range with bearish lean - ADX no trend, direction not confirmed",0.0,"Underperforming, weakening",Lags both,54.8132,Neutral,-3.0321,-8.1059,bearish accelerating,Overbought,16.2606,1.5024,full,0.0,Negative accelerating,46.97,Neutral,Bullish majority,None,"Neutral - majority agree, 1 dissenting",Upper Half,No Trend,Bullish,No,No,Inside,54.84,Normal,Stable,-10.24,No,"Normal volatility, stable",Wide stop - size down,Normal,Falling,Weak Down,-0.1041,Distribution,72.9526,Neutral,1 - Basing,mid,40.0,16.0,3 - Topping,19.0,STAND ASIDE,50.0,0.0,Stage unclear,1 - Basing but stage confidence only 40 - regime not established,1 - Basing but stage confidence only 20 - regime not established,1 - Basing but stage confidence only 20 - regime not established
2025-04-25,360.0,360.0,335.0,337.3500061035156,837235,363.5721,388.1541,Yes,24.59,Bear,Downtrend,Hold,Downtrend (LH+LL),Bearish,16.99,Strong Bear,Bearish confirmed,"Range with bearish lean - ADX no trend, direction not confirmed",0.0,"Underperforming, weakening",Lags both,47.2761,Neutral,-3.1637,-7.1174,bearish fading,Neutral,6.554,0.5387,full,0.0,Negative accelerating,42.74,Neutral,Mixed,None,"Neutral - components mixed, low conviction",Lower Half,No Trend,Bearish,No,No,Inside,64.25,High,Stable,-3.73,No,"High volatility, stable",Wide stop - size down,Normal,Falling,Weak Down,-0.1168,Distribution,66.9481,Neutral,1 - Basing,mid,40.0,17.0,3 - Topping,19.0,STAND ASIDE,50.0,0.0,Stage unclear,1 - Basing but stage confidence only 40 - regime not established,1 - Basing but stage confidence only 20 - regime not established,1 - Basing but stage confidence only 20 - regime not established
2025-04-28,338.0,345.70001220703125,333.0,340.45001220703125,709116,362.6653,387.6794,Yes,30.52,Bear,Downtrend,Hold,Downtrend (LH+LL),Bearish,19.55,Strong Bear,Bearish confirmed,"Range with bearish lean - ADX no trend, direction not confirmed",0.0,"Underperforming, weakening",Lags both,48.4309,Neutral,-2.9834,-6.2906,bearish fading,Neutral,12.8065,1.1498,full,0.0,Negative fading,41.31,Bearish,Mixed,None,"Bearish - components mixed, low conviction",Upper Half,No Trend,Bearish,No,No,Inside,57.46,Normal,Stable,-13.1,No,"Normal volatility, stable",Wide stop - size down,Normal,Falling,Weak Up,-0.07,Distribution,60.2717,Neutral,4 - Declining,early,74.0,1.0,1 - Basing,17.0,WAIT,38.0,1.0,Weak ADX,"4 - Declining, trend 20 but ADX shows no trend, this is a range - wait for alignment",1 - Basing but stage confidence only 20 - regime not established,1 - Basing but stage confidence only 20 - regime not established
2025-04-29,339.95001220703125,346.1000061035156,335.54998779296875,337.54998779296875,245039,361.6804,387.1806,Yes,24.8,Bear,Downtrend,Hold,Downtrend (LH+LL),Bearish,18.0,Strong Bear,Bearish confirmed,"Range with bearish lean - ADX no trend, direction not confirmed",0.0,"Underperforming, weakening",Lags both,47.3853,Neutral,-3.0395,-5.6404,bearish fading,Neutral,5.1885,0.3921,full,0.0,Negative fading,38.95,Bearish,Mixed,None,"Bearish - components mixed, low conviction",Lower Half,No Trend,Bearish,No,No,Inside,52.62,Normal,Contracting,-21.86,No,"Normal volatility, contracting - move losing energy",Wide stop - size down,Dry-up,Falling,Weak Down,-0.0448,Neutral,63.8915,Neutral,4 - Declining,early,84.0,2.0,1 - Basing,17.0,WAIT,38.0,1.0,Weak ADX,"4 - Declining, trend 18 but ADX shows no trend, this is a range - wait for alignment",1 - Basing but stage confidence only 20 - regime not established,1 - Basing but stage confidence only 20 - regime not established
2025-04-30,338.04998779296875,338.75,320.8999938964844,321.54998779296875,500797,360.1067,386.5276,Yes,9.6,Strong Bear,Downtrend,Hold,Downtrend (LH+LL),Bearish,12.65,Strong Bear,Bearish confirmed,"Range with bearish lean - ADX no trend, direction not confirmed",0.0,"Underperforming, weakening",Lags both,41.998,Neutral,-4.3252,-5.3773,bearish fading,Neutral,-3.1476,-0.4335,full,0.0,Negative accelerating,34.3,Bearish,Mixed,None,"Bearish - components mixed, low conviction",Lower Half,No Trend,Bearish,No,No,Inside,56.35,Normal,Stable,-17.42,No,"Normal volatility, stable",Wide stop - size down,Normal,Falling,Weak Down,-0.1232,Distribution,71.1957,Neutral,4 - Declining,early,84.0,3.0,1 - Basing,17.0,WAIT,38.0,1.0,Weak ADX,"4 - Declining, trend 13 but ADX shows no trend, this is a range - wait for alignment",1 - Basing but stage confidence only 20 - regime not established,1 - Basing but stage confidence only 20 - regime not established
2025-05-02,321.6000061035156,327.1000061035156,316.0,320.0,396792,358.5339,385.8656,Yes,7.41,Strong Bear,Downtrend,Hold,Downtrend (LH+LL),Bearish,11.7,Strong Bear,Bearish confirmed,"Range with bearish lean - ADX no trend, direction not confirmed",0.0,"Underperforming, weakening",Lags both,41.5057,Neutral,-5.4068,-5.3832,Bearish crossover,Neutral,-3.9328,-0.5092,full,0.0,Negative fading,31.38,Bearish,Bearish majority,None,Bearish - price momentum agrees but MACD shows deceleration,Lower Half,No Trend,Bearish,No,No,Inside,52.06,Normal,Stable,-18.85,No,"Normal volatility, stable",Wide stop - size down,Dry-up,Falling,Weak Down,-0.1707,Distribution,66.4207,Neutral,4 - Declining,early,84.0,4.0,1 - Basing,17.0,WAIT,38.0,1.0,Weak ADX,"4 - Declining, trend 12 but ADX shows no trend, this is a range - wait for alignment",1 - Basing but stage confidence only 40 - regime not established,1 - Basing but stage confidence only 20 - regime not established
2025-05-05,321.70001220703125,333.8999938964844,320.8500061035156,330.0,544803,357.4149,385.3097,Yes,10.72,Strong Bear,Downtrend,Hold,Downtrend (LH+LL),Bearish,12.99,Strong Bear,Bearish confirmed,"Range with bearish lean - ADX no trend, direction not confirmed",0.0,"Underperforming, weakening",Lags both,45.9109,Neutral,-5.3949,-5.3856,bearish fading,Neutral,-0.3623,-0.1549,full,6.53,Negative fading,33.97,Bearish,Bearish majority,None,Bearish - price momentum agrees but MACD shows deceleration,Lower Half,No Trend,Bearish,No,No,Inside,47.26,Normal,Contracting,-21.27,No,"Normal volatility, contracting - move losing energy",Wide stop - size down,Normal,Falling,Weak Up,-0.1589,Distribution,72.8079,Neutral,4 - Declining,early,84.0,5.0,1 - Basing,17.0,WAIT,38.0,1.0,Weak ADX,"4 - Declining, trend 13 but ADX shows no trend, this is a range - wait for alignment",1 - Basing but stage confidence only 40 - regime not established,1 - Basing but stage confidence only 20 - regime not established
2025-05-06,333.70001220703125,336.0,317.45001220703125,319.25,464981,355.9182,384.6524,Yes,5.83,Strong Bear,Downtrend,Hold,Downtrend (LH+LL),Bearish,11.28,Strong Bear,Bearish confirmed,"Range with bearish lean - ADX no trend, direction not confirmed",0.0,"Underperforming, weakening",Lags both,42.2291,Neutral,-6.1817,-5.5448,bearish accelerating,Neutral,-6.0338,-0.7106,full,0.0,Negative accelerating,28.91,Strong Bearish,Bearish confirmed,None,Strong Bearish - all 4 components agree incl. MACD acceleration,Lower Half,No Trend,Bearish,No,No,Inside,50.64,Normal,Stable,-12.38,No,"Normal volatility, stable",Wide stop - size down,Normal,Falling,Weak Down,-0.1604,Distribution,66.2081,Neutral,4 - Declining,early,84.0,6.0,1 - Basing,17.0,WAIT,38.0,1.0,Weak ADX,"4 - Declining, trend 11 but ADX shows no trend, this is a range - wait for alignment","4 - Declining, trend 20 but ADX shows no trend, this is a range - wait for alignment",1 - Basing but stage confidence only 20 - regime not established
2025-05-07,315.0,328.79998779296875,314.95001220703125,324.8999938964844,786374,354.7018,384.0579,Yes,6.07,Strong Bear,Downtrend,Hold,Downtrend (LH+LL),Bearish,11.29,Strong Bear,Bearish confirmed,"Range with bearish lean - ADX no trend, direction not confirmed",0.0,"Underperforming, weakening",Lags both,44.7375,Neutral,-6.2769,-5.6912,bearish fading,Neutral,-7.0386,-0.8036,full,0.0,Negative accelerating,29.27,Strong Bearish,Bearish confirmed,None,Strong Bearish - all 4 components agree incl. MACD acceleration,Lower Half,No Trend,Bearish,Yes,No,Inside,46.51,Normal,Stable,-17.94,No,"Normal volatility, stable",Wide stop - size down,Normal,Falling,Weak Up,-0.1413,Distribution,58.6222,Neutral,4 - Declining,early,84.0,7.0,1 - Basing,17.0,WAIT,38.0,1.0,Weak ADX,"4 - Declining, trend 11 but ADX shows no trend, this is a range - wait for alignment","4 - Declining, trend 18 but ADX shows no trend, this is a range - wait for alignment",1 - Basing but stage confidence only 20 - regime not established
2025-05-08,329.75,355.0,326.45001220703125,339.75,1607138,354.1155,383.617,Yes,11.54,Strong Bear,Downtrend,Hold,Downtrend (LH+LL),Bearish,14.45,Strong Bear,Bearish majority,"Range with bearish lean - ADX no trend, direction not confirmed",0.0,"Underperforming, weakening",Lags both,50.7859,Neutral,-5.0954,-5.572,Bullish crossover,Neutral,-5.1375,-0.6106,full,3.73,Negative fading,34.12,Bearish,Mixed,None,"Bearish - components mixed, low conviction",Upper Half,No Trend,Bullish,No,Yes,Inside,53.77,Normal,Stable,-8.97,No,"Normal volatility, stable",Wide stop - size down,Normal,Falling,Confirmed Up,-0.1042,Distribution,61.2315,Neutral,4 - Declining,early,84.0,8.0,1 - Basing,17.0,WAIT,38.0,1.0,Weak ADX,"4 - Declining, trend 14 but ADX shows no trend, this is a range - wait for alignment","4 - Declining, trend 13 but ADX shows no trend, this is a range - wait for alignment",1 - Basing but stage confidence only 20 - regime not established
2025-05-09,336.29998779296875,342.0,330.3500061035156,337.75,608667,353.4737,383.1606,Yes,14.02,Strong Bear,Downtrend,Hold,Downtrend (LH+LL),Bearish,14.92,Strong Bear,Bearish majority,"Range with bearish lean - ADX no trend, direction not confirmed",0.0,"Underperforming, weakening",Lags both,49.9923,Neutral,-4.2712,-5.3119,bearish accelerating,Neutral,-5.6169,-0.6531,full,0.0,Negative accelerating,35.11,Bearish,Bearish majority,None,Bearish - price momentum agrees but MACD shows deceleration,Upper Half,No Trend,Bullish,No,Yes,Inside,45.91,Normal,Stable,-8.93,No,"Normal volatility, stable",Wide stop - size down,Normal,Falling,Weak Down,-0.0145,Neutral,62.0232,Neutral,4 - Declining,early,84.0,9.0,1 - Basing,17.0,WAIT,38.0,1.0,Weak ADX,"4 - Declining, trend 15 but ADX shows no trend, this is a range - wait for alignment","4 - Declining, trend 12 but ADX shows no trend, this is a range - wait for alignment",1 - Basing but stage confidence only 40 - regime not established
2025-05-12,350.70001220703125,371.5,350.0,366.6499938964844,2356368,353.9904,382.9963,Yes,38.49,Bear,Uptrend,Buy,Downtrend (LH+LL),Bearish,48.96,Neutral,Mixed,"No clear trend - ADX no trend, price ranging",0.0,"Underperforming, improving",Lags both,59.7741,Neutral,-1.2713,-4.5038,bearish accelerating,Neutral,8.6853,0.7617,full,13.32,Negative fading,47.9,Neutral,Bullish majority,None,"Neutral - majority agree, 1 dissenting",Above Upper,No Trend,Bullish,No,No,Breakout Up,52.58,Normal,Stable,-11.67,No,"Normal volatility, stable",Wide stop - size down,High,Falling,Confirmed Up,0.0567,Accumulation,67.5507,Neutral,4 - Declining,early,74.0,10.0,1 - Basing,17.0,WAIT,48.3,1.0,Trend,"4 - Declining, but trend score 49 does not confirm short - no directional edge","4 - Declining, trend 13 but ADX shows no trend, this is a range - wait for alignment",1 - Basing but stage confidence only 40 - regime not established
2025-05-13,371.0,396.5,360.0,384.3999938964844,6395810,355.1829,383.0103,No,46.14,Neutral,Uptrend,Hold,Downtrend (LH+LL),Bearish,52.58,Neutral,Mixed,"No clear trend - ADX no trend, price ranging",0.0,"Underperforming, improving",Lags both,64.3823,Neutral,2.5094,-3.1011,bullish accelerating,Neutral,12.9094,1.1749,full,13.07,Negative accelerating,53.31,Neutral,Bullish majority,None,"Neutral - majority agree, 1 dissenting",Above Upper,No Trend,Bullish,Yes,No,Breakout Up,60.2,High,Stable,2.74,No,"High volatility, stable",Wide stop - size down,High,Rising,Confirmed Up,0.1601,Accumulation,77.2676,Neutral,4 - Declining,early,74.0,11.0,1 - Basing,17.0,WAIT,51.55,1.0,Trend,"4 - Declining, but trend score 53 does not confirm short - no directional edge","4 - Declining, trend 11 but ADX shows no trend, this is a range - wait for alignment","4 - Declining, trend 20 but ADX shows no trend, this is a range - wait for alignment"
2025-05-14,387.0,399.0499877929688,381.2999877929688,396.4500122070313,2147787,356.8013,383.144,No,57.71,Neutral,Uptrend,Hold,Range,Bearish,67.55,Bull,Bullish confirmed,"Range with bullish lean - ADX no trend, direction not confirmed",0.0,"Underperforming, improving",Lags both,67.1348,Neutral,6.4042,-1.2001,bullish accelerating,Overbought,17.4493,1.6087,full,10.18,Negative accelerating,56.99,Neutral,Bullish majority,None,"Neutral - majority agree, 1 dissenting",Above Upper,No Trend,Bullish,Yes,No,Near Upper,63.41,High,Stable,10.79,No,"High volatility, stable",Wide stop - size down,Normal,Rising,Confirmed Up,0.2094,Accumulation,78.5764,Neutral,4 - Declining,early,64.0,12.0,1 - Basing,17.0,WAIT,60.39,1.0,Trend,"4 - Declining, but trend score 68 does not confirm short - no directional edge","4 - Declining, trend 11 but ADX shows no trend, this is a range - wait for alignment","4 - Declining, trend 18 but ADX shows no trend, this is a range - wait for alignment"
2025-05-15,397.0,435.0,394.75,420.7000122070313,2835725,359.3071,383.5177,No,58.63,Neutral,Uptrend,Hold,Range,Bearish,69.26,Bull,Bullish confirmed,"Range with bullish lean - ADX emerging, direction not confirmed",0.78,"Underperforming, improving",Lags both,71.8496,Overbought,11.3172,1.3034,bullish accelerating,Overbought,30.835,2.8647,full,22.99,Negative fading,63.46,Bullish,Bullish majority,None,Bullish but overbought on RSI and Stochastic - stretched,Above Upper,Emerging,Bullish,Yes,No,Breakout Up,68.14,High,Stable,11.79,No,"High volatility, stable",Wide stop - size down,High,Rising,Confirmed Up,0.2304,Accumulation,81.0635,Overbought,4 - Declining,early,64.0,13.0,1 - Basing,17.0,WAIT,63.1,1.0,Trend,"4 - Declining, but trend score 69 does not confirm short - no directional edge","4 - Declining, trend 14 but ADX shows no trend, this is a range - wait for alignment","4 - Declining, trend 13 but ADX shows no trend, this is a range - wait for alignment"
2025-05-16,420.0,445.0,415.3999938964844,439.6499938964844,1848398,362.4578,384.0762,No,66.27,Bull,Uptrend,Hold,Range,Bearish,73.35,Bull,Bullish confirmed,"Range with bullish lean - ADX emerging, direction not confirmed",17.79,"Underperforming, improving",Lags both,74.8821,Overbought,16.5491,4.3525,bullish accelerating,Overbought,37.3906,3.402,full,36.63,Negative fading,69.67,Bullish,Bullish majority,None,Bullish but overbought on RSI and Stochastic - stretched,Above Upper,Emerging,Bullish,Yes,No,Breakout Up,73.45,High,Expanding,21.39,No,High volatility and still expanding - move may be extended,Wide stop - size down,Normal,Rising,Confirmed Up,0.2688,Accumulation,85.8411,Overbought,4 - Declining,early,50.0,14.0,1 - Basing,17.0,WAIT,68.21,1.0,Trend,"4 - Declining, but trend score 73 does not confirm short - no directional edge","4 - Declining, trend 15 but ADX shows no trend, this is a range - wait for alignment","4 - Declining, trend 12 but ADX shows no trend, this is a range - wait for alignment"
2025-05-19,442.0,445.4500122070313,424.5,426.3999938964844,1095381,364.9653,384.4974,No,74.89,Bull,Uptrend,Hold,Range,Bearish,77.68,Strong Bull,Bullish confirmed,"Strong Bull - all 4 components agree, trending ADX",34.66,"Underperforming, improving",Lags both,69.2638,Overbought,19.4026,7.3625,bullish fading,Overbought,29.2121,2.5838,full,51.11,Positive accelerating,71.74,Strong Bullish,Bullish confirmed,None,Strong Bullish - all 4 components agree incl. MACD acceleration,At Upper,Trending,Bullish,Yes,No,Inside,74.92,High,Expanding,27.66,No,High volatility and still expanding - move may be extended,Wide stop - size down,Normal,Rising,Weak Down,0.2215,Accumulation,83.4359,Overbought,4 - Declining,mid,40.0,15.0,1 - Basing,17.0,STAND ASIDE,50.0,0.0,Stage unclear,4 - Declining but stage confidence only 40 - regime not established,"4 - Declining, but trend score 49 does not confirm short - no directional edge","4 - Declining, trend 13 but ADX shows no trend, this is a range - wait for alignment"
2025-05-20,430.0,433.2000122070313,417.1000061035156,428.8500061035156,845349,367.4706,384.9387,No,76.44,Bull,Uptrend,Hold,Range,Bearish,79.13,Strong Bull,Bullish confirmed,"Strong Bull - all 4 components agree, trending ADX",63.45,"Outperforming, strengthening",Leads both,69.7162,Overbought,21.6125,10.2125,bullish fading,Overbought,34.3305,2.996,full,74.73,Positive accelerating,78.63,Strong Bullish,Bullish confirmed,None,Strong Bullish - all 4 components agree incl. MACD acceleration,Upper Half,Trending,Bullish,Yes,No,Inside,72.98,High,Expanding,22.34,No,High volatility and still expanding - move may be extended,Wide stop - size down,Normal,Rising,Weak Up,0.228,Accumulation,79.7671,Neutral,4 - Declining,mid,40.0,16.0,1 - Basing,17.0,STAND ASIDE,50.0,0.0,Stage unclear,4 - Declining but stage confidence only 40 - regime not established,"4 - Declining, but trend score 53 does not confirm short - no directional edge","4 - Declining, trend 11 but ADX shows no trend, this is a range - wait for alignment"
2025-05-21,427.9500122070313,431.7999877929688,420.5,428.0499877929688,554416,369.8463,385.3677,No,77.27,Bull,Uptrend,Hold,Range,Bearish,80.26,Strong Bull,Bullish confirmed,"Strong Bull - all 4 components agree, trending ADX",75.94,"Outperforming, strengthening",Leads both,69.3572,Overbought,23.0339,12.7768,bullish fading,Overbought,31.7482,2.7084,full,86.1,Positive accelerating,80.99,Strong Bullish,Bullish confirmed,None,Strong Bullish - all 4 components agree incl. MACD acceleration,Upper Half,Trending,Bullish,Yes,No,Inside,67.66,High,Expanding,21.15,No,High volatility and still expanding - move may be extended,Wide stop - size down,Dry-up,Rising,Weak Down,0.2255,Accumulation,81.832,Overbought,4 - Declining,mid,40.0,17.0,1 - Basing,17.0,STAND ASIDE,50.0,0.0,Stage unclear,4 - Declining but stage confidence only 40 - regime not established,"4 - Declining, but trend score 68 does not confirm short - no directional edge","4 - Declining, trend 11 but ADX shows no trend, this is a range - wait for alignment"
2025-05-22,426.7999877929688,427.0499877929688,415.5,419.5,400829,371.7935,385.7073,No,77.07,Bull,Uptrend,Hold,Range,Bearish,80.75,Strong Bull,Bullish confirmed,"Strong Bull - all 4 components agree, trending ADX",69.88,"Outperforming, strengthening",Leads both,65.4763,Neutral,23.2029,14.862,bullish fading,Overbought,23.4731,1.9365,full,79.61,Positive fading,76.49,Strong Bullish,Bullish confirmed,None,Strong Bullish - all 4 components agree incl. MACD acceleration,Upper Half,Trending,Bullish,Yes,No,Inside,62.58,High,Stable,8.81,No,"High volatility, stable",Wide stop - size down,Dry-up,Rising,Weak Down,0.1967,Accumulation,81.4435,Overbought,4 - Declining,mid,40.0,18.0,1 - Basing,17.0,STAND ASIDE,50.0,0.0,Stage unclear,4 - Declining but stage confidence only 40 - regime not established,"4 - Declining, but trend score 69 does not confirm short - no directional edge","4 - Declining, trend 14 but ADX shows no trend, this is a range - wait for alignment"
2025-05-23,422.25,435.0,418.2000122070313,426.9500122070313,467165,373.9565,386.1177,No,78.81,Bull,Uptrend,Hold,Range,Bearish,82.02,Strong Bull,Bullish confirmed,"Strong Bull - all 4 components agree, trending ADX",86.49,"Outperforming, strengthening",Leads both,67.1986,Neutral,23.6652,16.6227,bullish fading,Overbought,26.4101,2.17,full,95.97,Positive accelerating,80.84,Strong Bullish,Bullish confirmed,None,Strong Bullish - all 4 components agree incl. MACD acceleration,Upper Half,Trending,Bullish,Yes,No,Inside,56.51,Normal,Stable,10.59,No,"Normal volatility, stable",Wide stop - size down,Dry-up,Rising,Weak Up,0.2145,Accumulation,81.4873,Overbought,4 - Declining,mid,40.0,19.0,1 - Basing,17.0,STAND ASIDE,50.0,0.0,Stage unclear,4 - Declining but stage confidence only 40 - regime not established,"4 - Declining, but trend score 73 does not confirm short - no directional edge","4 - Declining, trend 15 but ADX shows no trend, this is a range - wait for alignment"
2025-05-26,431.0,433.0,420.5,423.7999877929688,322057,375.9111,386.4926,No,84.95,Strong Bull,Uptrend,Hold,Uptrend (HH+HL),Bullish,94.73,Strong Bull,Bullish confirmed,"Strong Bull - all 4 components agree, trending ADX",84.74,"Outperforming, strengthening",Leads both,65.706,Neutral,23.5065,17.9994,bullish fading,Overbought,15.5871,1.1967,full,95.57,Positive fading,78.7,Strong Bullish,Bullish confirmed,None,Strong Bullish - all 4 components agree incl. MACD acceleration,Upper Half,Trending,Bullish,Yes,No,Inside,51.67,Normal,Stable,-0.91,No,"Normal volatility, stable",Wide stop - size down,Dry-up,Rising,Weak Down,0.2399,Accumulation,81.6151,Overbought,4 - Declining,mid,30.0,20.0,1 - Basing,17.0,STAND ASIDE,50.0,0.0,Stage unclear,4 - Declining but stage confidence only 30 - regime not established,4 - Declining but stage confidence only 40 - regime not established,"4 - Declining, but trend score 49 does not confirm short - no directional edge"
2025-05-27,424.7000122070313,442.3999938964844,420.4500122070313,423.6499938964844,793633,377.7832,386.8623,No,84.76,Strong Bull,Uptrend,Hold,Uptrend (HH+HL),Bullish,94.67,Strong Bull,Bullish confirmed,"Strong Bull - all 4 components agree, trending ADX",100.0,"Outperforming, strengthening",Leads both,65.6312,Neutral,23.1022,19.02,bullish fading,Overbought,10.2107,0.7139,full,100.0,Positive accelerating,78.52,Strong Bullish,Bullish confirmed,None,Strong Bullish - all 4 components agree incl. MACD acceleration,Upper Half,Trending,Bullish,Yes,No,Inside,52.18,Normal,Stable,-8.02,No,"Normal volatility, stable",Wide stop - size down,Normal,Rising,Weak Down,0.2119,Accumulation,84.6879,Overbought,4 - Declining,mid,30.0,21.0,1 - Basing,17.0,STAND ASIDE,50.0,0.0,Stage unclear,4 - Declining but stage confidence only 30 - regime not established,4 - Declining but stage confidence only 40 - regime not established,"4 - Declining, but trend score 53 does not confirm short - no directional edge"
2025-05-28,425.7000122070313,431.6000061035156,423.0,426.6000061035156,319003,379.6976,387.2577,No,84.94,Strong Bull,Uptrend,Hold,Uptrend (HH+HL),Bullish,94.73,Strong Bull,Bullish confirmed,"Strong Bull - all 4 components agree, trending ADX",94.58,"Outperforming, strengthening",Leads both,66.4399,Neutral,22.7576,19.7675,bullish fading,Overbought,7.605,0.4827,full,100.0,Positive fading,77.36,Strong Bullish,Bullish confirmed,None,Strong Bullish - all 4 components agree incl. MACD acceleration,Upper Half,Trending,Bullish,Yes,No,Inside,49.09,Normal,Stable,-14.32,No,"Normal volatility, stable",Wide stop - size down,Dry-up,Rising,Weak Up,0.2153,Accumulation,82.3085,Overbought,4 - Declining,mid,30.0,22.0,1 - Basing,17.0,STAND ASIDE,50.0,0.0,Stage unclear,4 - Declining but stage confidence only 30 - regime not established,4 - Declining but stage confidence only 40 - regime not established,"4 - Declining, but trend score 68 does not confirm short - no directional edge"
2025-05-29,430.0,446.8999938964844,426.2999877929688,441.5499877929688,718876,382.1232,387.7979,No,86.52,Strong Bull,Uptrend,Hold,Uptrend (HH+HL),Bullish,95.28,Strong Bull,Bullish confirmed,"Strong Bull - all 4 components agree, trending ADX",88.99,"Outperforming, strengthening",Leads both,70.2592,Overbought,23.4208,20.4982,bullish fading,Overbought,4.956,0.2484,full,97.96,Positive fading,78.25,Strong Bullish,Bullish confirmed,None,Strong Bullish but overbought on RSI and Stochastic - stretched,Upper Half,Trending,Bullish,Yes,No,Near Upper,48.45,Normal,Stable,-19.68,No,"Normal volatility, stable",Wide stop - size down,Normal,Rising,Weak Up,0.2452,Accumulation,84.955,Overbought,3 - Topping,early,40.0,1.0,4 - Declining,22.0,STAND ASIDE,50.0,0.0,Stage unclear,3 - Topping but stage confidence only 40 - regime not established,4 - Declining but stage confidence only 40 - regime not established,"4 - Declining, but trend score 69 does not confirm short - no directional edge"
2025-05-30,444.0,452.2999877929688,430.5499877929688,433.25,807320,384.1282,388.2502,No,85.14,Strong Bull,Uptrend,Hold,Uptrend (HH+HL),Bullish,94.8,Strong Bull,Bullish confirmed,"Strong Bull - all 4 components agree, trending ADX",91.74,"Outperforming, strengthening",Leads both,65.7832,Neutral,23.0114,21.0008,bullish fading,Overbought,-1.4557,-0.3176,full,100.0,Positive accelerating,76.27,Strong Bullish,Bullish confirmed,None,Strong Bullish - all 4 components agree incl. MACD acceleration,Upper Half,Trending,Bullish,Yes,No,Inside,48.37,Normal,Contracting,-25.08,No,"Normal volatility, contracting - move losing energy",Wide stop - size down,Normal,Rising,Weak Down,0.2221,Accumulation,84.0113,Overbought,3 - Topping,early,40.0,2.0,4 - Declining,22.0,STAND ASIDE,50.0,0.0,Stage unclear,3 - Topping but stage confidence only 40 - regime not established,4 - Declining but stage confidence only 40 - regime not established,"4 - Declining, but trend score 73 does not confirm short - no directional edge"
2025-06-02,435.0,440.9500122070313,430.0,434.25,519029,386.0937,388.7079,No,84.94,Strong Bull,Uptrend,Hold,Uptrend (HH+HL),Bullish,94.73,Strong Bull,Bullish confirmed,"Strong Bull - all 4 components agree, trending ADX",83.52,"Outperforming, strengthening",Leads both,66.0637,Neutral,22.5082,21.3023,bullish fading,Overbought,1.841,-0.0238,full,96.0,Positive fading,73.74,Strong Bullish,Bullish confirmed,None,Strong Bullish - all 4 components agree incl. MACD acceleration,Upper Half,Trending,Bullish,Yes,No,Inside,46.11,Normal,Contracting,-28.81,No,"Normal volatility, contracting - move losing energy",Wide stop - size down,Dry-up,Rising,Weak Up,0.2094,Accumulation,73.9879,Neutral,3 - Topping,early,40.0,3.0,4 - Declining,22.0,STAND ASIDE,50.0,0.0,Stage unclear,3 - Topping but stage confidence only 40 - regime not established,4 - Declining but stage confidence only 30 - regime not established,4 - Declining but stage confidence only 40 - regime not established
2025-06-03,436.75,446.7000122070313,431.6000061035156,434.1499938964844,588935,387.9783,389.1601,No,84.53,Strong Bull,Uptrend,Hold,Uptrend (HH+HL),Bullish,94.59,Strong Bull,Bullish confirmed,"Strong Bull - all 4 components agree, strong ADX",79.46,"Outperforming, strengthening",Leads both,66.0054,Neutral,21.8495,21.4117,bullish fading,Neutral,1.2359,-0.0766,full,91.26,Positive fading,70.23,Strong Bullish,Bullish confirmed,None,Strong Bullish - all 4 components agree incl. MACD acceleration,Upper Half,Strong,Bullish,Yes,No,Inside,44.56,Normal,Contracting,-28.41,No,"Normal volatility, contracting - move losing energy",Wide stop - size down,Dry-up,Rising,Weak Down,0.2078,Accumulation,71.0553,Neutral,3 - Topping,early,40.0,4.0,4 - Declining,22.0,STAND ASIDE,50.0,0.0,Stage unclear,3 - Topping but stage confidence only 40 - regime not established,4 - Declining but stage confidence only 30 - regime not established,4 - Declining but stage confidence only 40 - regime not established
2025-06-04,436.2999877929688,450.0,435.0,442.7000122070313,633468,390.1243,389.6928,No,92.66,Strong Bull,Uptrend,Hold,Uptrend (HH+HL),Bullish,97.43,Strong Bull,Bullish confirmed,"Strong Bull - all 4 components agree, strong ADX",96.12,"Outperforming, strengthening",Leads both,68.5591,Neutral,21.7664,21.4827,bullish fading,Neutral,3.4225,0.1163,full,100.0,Positive accelerating,73.2,Strong Bullish,Bullish majority,None,Strong Bullish - price momentum agrees but MACD shows deceleration,Upper Half,Strong,Bullish,Yes,No,Inside,42.06,Normal,Contracting,-25.6,No,"Normal volatility, contracting - move losing energy",Wide stop - size down,Dry-up,Rising,Weak Up,0.1964,Accumulation,64.9665,Neutral,3 - Topping,early,20.0,5.0,4 - Declining,22.0,STAND ASIDE,50.0,0.0,Stage unclear,3 - Topping but stage confidence only 20 - regime not established,4 - Declining but stage confidence only 30 - regime not established,4 - Declining but stage confidence only 40 - regime not established
2025-06-05,444.6000061035156,449.8999938964844,437.6499938964844,440.3500061035156,815017,392.0939,390.1969,No,91.68,Strong Bull,Uptrend,Hold,Uptrend (HH+HL),Bullish,97.09,Strong Bull,Bullish confirmed,"Strong Bull - all 4 components agree, strong ADX",87.49,"Outperforming, strengthening",Leads both,67.0678,Neutral,21.2658,21.4393,Bearish crossover,Neutral,4.9702,0.2501,full,100.0,Positive fading,71.84,Strong Bullish,Bullish majority,None,Strong Bullish - price momentum agrees but MACD shows deceleration,Upper Half,Strong,Bullish,Yes,No,Inside,36.79,Low,Contracting,-25.79,No,"Low volatility, contracting - coiling, watch for breakout",Wide stop - size down,Normal,Rising,Weak Down,0.1888,Accumulation,60.9561,Neutral,3 - Topping,early,20.0,6.0,4 - Declining,22.0,STAND ASIDE,50.0,0.0,Stage unclear,3 - Topping but stage confidence only 20 - regime not established,3 - Topping but stage confidence only 40 - regime not established,4 - Declining but stage confidence only 40 - regime not established
2025-06-06,447.8999938964844,454.7000122070313,431.5,434.0499877929688,728190,393.7392,390.6332,No,90.06,Strong Bull,Uptrend,Hold,Uptrend (HH+HL),Bullish,96.52,Strong Bull,Bullish confirmed,"Strong Bull - all 4 components agree, strong ADX",80.03,"Outperforming, strengthening",Leads both,63.1049,Neutral,20.1287,21.1772,bullish accelerating,Neutral,1.663,-0.0472,full,100.0,Positive fading,68.64,Bullish,Bullish majority,None,Bullish - price momentum agrees but MACD shows deceleration,Upper Half,Strong,Bullish,Yes,No,Inside,30.2,Low,Contracting,-26.31,No,"Low volatility, contracting - coiling, watch for breakout",Wide stop - size down,Normal,Rising,Weak Down,0.1589,Accumulation,63.4793,Neutral,3 - Topping,early,20.0,7.0,4 - Declining,22.0,STAND ASIDE,50.0,0.0,Stage unclear,3 - Topping but stage confidence only 20 - regime not established,3 - Topping but stage confidence only 40 - regime not established,4 - Declining but stage confidence only 40 - regime not established
2025-06-09,434.0499877929688,465.0,418.0,460.1499938964844,2123207,396.3436,391.3249,No,94.54,Strong Bull,Uptrend,Hold,Uptrend (HH+HL),Bullish,98.09,Strong Bull,Bullish confirmed,"Strong Bull - all 4 components agree, strong ADX",88.31,"Outperforming, strengthening",Leads both,70.8021,Overbought,21.0905,21.1599,bullish fading,Neutral,8.5772,0.5641,full,100.0,Positive accelerating,72.88,Strong Bullish,Bullish majority,None,Strong Bullish - price momentum agrees but MACD shows deceleration,At Upper,Strong,Bullish,Yes,No,Breakout Up,25.2,Low,Contracting,-26.47,No,"Low volatility, contracting - coiling, watch for breakout",Wide stop - size down,Normal,Rising,Confirmed Up,0.176,Accumulation,76.9268,Neutral,3 - Topping,early,20.0,8.0,4 - Declining,22.0,STAND ASIDE,50.0,0.0,Stage unclear,3 - Topping but stage confidence only 20 - regime not established,3 - Topping but stage confidence only 40 - regime not established,4 - Declining but stage confidence only 30 - regime not established
2025-06-10,469.7000122070313,469.7999877929688,455.0,459.0499877929688,901948,398.8026,391.9988,No,94.12,Strong Bull,Uptrend,Hold,Uptrend (HH+HL),Bullish,97.94,Strong Bull,Bullish confirmed,"Strong Bull - all 4 components agree, strong ADX",87.51,"Outperforming, strengthening",Leads both,70.138,Overbought,21.5159,21.2311,Bullish crossover,Neutral,8.356,0.5389,full,100.0,Positive fading,73.64,Strong Bullish,Bullish majority,None,Strong Bullish - price momentum agrees but MACD shows deceleration,At Upper,Strong,Bullish,Yes,No,Inside,22.18,Low,Contracting,-30.0,Partial,"Low volatility, contracting - coiling, watch for breakout",Wide stop - size down,Normal,Falling,Weak Down,0.094,Accumulation,77.8545,Neutral,3 - Topping,early,20.0,9.0,4 - Declining,22.0,STAND ASIDE,50.0,0.0,Stage unclear,3 - Topping but stage confidence only 20 - regime not established,3 - Topping but stage confidence only 40 - regime not established,4 - Declining but stage confidence only 30 - regime not established
2025-06-11,459.0499877929688,464.7000122070313,444.9500122070313,447.3999938964844,528539,400.7084,392.5501,No,91.42,Strong Bull,Uptrend,Hold,Uptrend (HH+HL),Bullish,97.0,Strong Bull,Bullish confirmed,"Strong Bull - all 4 components agree, strong ADX",73.79,"Outperforming, strengthening",Leads both,63.3594,Neutral,20.6747,21.1198,Bearish crossover,Neutral,4.8758,0.2224,full,92.07,Positive fading,68.61,Bullish,Bullish majority,None,Bullish - price momentum agrees but MACD shows deceleration,Upper Half,Strong,Bullish,No,Yes,Inside,17.26,Very Low,Contracting,-31.83,Confirmed,"Very Low volatility, squeeze confirmed - expansion pending",Wide stop - size down,Normal,Falling,Weak Down,-0.0048,Neutral,76.6443,Neutral,3 - Topping,mid,20.0,10.0,4 - Declining,22.0,STAND ASIDE,50.0,0.0,Stage unclear,3 - Topping but stage confidence only 20 - regime not established,3 - Topping but stage confidence only 20 - regime not established,4 - Declining but stage confidence only 30 - regime not established
2025-06-12,448.5,453.6000061035156,437.7999877929688,439.7999877929688,566131,402.2414,393.0202,No,89.82,Strong Bull,Uptrend,Hold,Uptrend (HH+HL),Bullish,96.44,Strong Bull,Bullish confirmed,"Strong Bull - all 4 components agree, trending ADX",73.01,"Outperforming, strengthening",Leads both,59.331,Neutral,19.1737,20.7306,bullish accelerating,Neutral,-0.3963,-0.2544,full,89.12,Positive fading,63.12,Bullish,Bullish majority,None,Bullish - price momentum agrees but MACD shows deceleration,Upper Half,Trending,Bullish,No,Yes,Inside,13.37,Very Low,Contracting,-35.08,Confirmed,"Very Low volatility, squeeze confirmed - expansion pending",Wide stop - size down,Normal,Falling,Weak Down,-0.0853,Distribution,71.4294,Neutral,3 - Topping,mid,20.0,11.0,4 - Declining,22.0,STAND ASIDE,50.0,0.0,Stage unclear,3 - Topping but stage confidence only 20 - regime not established,3 - Topping but stage confidence only 20 - regime not established,3 - Topping but stage confidence only 40 - regime not established
2025-06-13,429.1000061035156,441.2000122070313,425.6499938964844,436.6499938964844,486753,403.5908,393.4543,No,89.32,Strong Bull,Uptrend,Hold,Uptrend (HH+HL),Bullish,96.26,Strong Bull,Bullish confirmed,"Strong Bull - all 4 components agree, trending ADX",87.25,"Outperforming, strengthening",Leads both,57.6936,Neutral,17.528,20.0901,bullish accelerating,Neutral,0.7848,-0.1527,full,99.91,Positive accelerating,62.84,Bullish,Mixed,Bearish divergence,Bullish - bearish divergence vs price over 21 bars,Upper Half,Trending,Bullish,No,No,Inside,8.57,Very Low,Contracting,-39.8,Confirmed,"Very Low volatility, squeeze confirmed - expansion pending",Wide stop - size down,Normal,Falling,Weak Down,-0.1623,Distribution,70.2892,Neutral,3 - Topping,mid,20.0,12.0,4 - Declining,22.0,STAND ASIDE,50.0,0.0,Stage unclear,3 - Topping but stage confidence only 20 - regime not established,3 - Topping but stage confidence only 20 - regime not established,3 - Topping but stage confidence only 40 - regime not established
2025-06-16,432.0,436.6499938964844,422.0,430.6499938964844,474203,404.6519,393.8244,No,83.49,Strong Bull,Uptrend,Hold,Uptrend (HH+HL),Bullish,74.22,Bull,Bullish majority,"Bull - majority agree, 1 dissenting, trending ADX",94.56,"Outperforming, weakening",Leads both,54.6027,Neutral,15.5602,19.1841,bullish accelerating,Neutral,-0.829,-0.3003,full,100.0,Positive accelerating,59.42,Bullish,Mixed,None,"Bullish - components mixed, low conviction",Lower Half,Trending,Bearish,No,Yes,Inside,7.38,Very Low,Contracting,-38.73,Confirmed,"Very Low volatility, squeeze confirmed - expansion pending",Wide stop - size down,Normal,Falling,Weak Down,-0.0975,Distribution,64.8862,Neutral,3 - Topping,mid,20.0,13.0,4 - Declining,22.0,STAND ASIDE,50.0,0.0,Stage unclear,3 - Topping but stage confidence only 20 - regime not established,3 - Topping but stage confidence only 20 - regime not established,3 - Topping but stage confidence only 40 - regime not established
2025-06-17,432.0,437.5499877929688,426.0,427.7999877929688,256002,405.5597,394.1625,No,76.71,Bull,Uptrend,Hold,Uptrend (HH+HL),Bullish,72.21,Bull,Bullish majority,"Bull - majority agree, 1 dissenting, trending ADX",100.0,"Outperforming, strengthening",Leads both,53.1461,Neutral,13.6138,18.07,bullish accelerating,Neutral,-1.4626,-0.3567,full,100.0,Positive accelerating,57.18,Neutral,Mixed,Bearish divergence,Neutral - bearish divergence vs price over 21 bars,Lower Half,Trending,Bearish,No,Yes,Inside,6.79,Very Low,Contracting,-37.78,Confirmed,"Very Low volatility, squeeze confirmed - expansion pending",Wide stop - size down,Dry-up,Falling,Weak Down,-0.1453,Distribution,67.7126,Neutral,3 - Topping,mid,20.0,14.0,4 - Declining,22.0,STAND ASIDE,50.0,0.0,Stage unclear,3 - Topping but stage confidence only 20 - regime not established,3 - Topping but stage confidence only 20 - regime not established,3 - Topping but stage confidence only 40 - regime not established
2025-06-18,427.8999938964844,429.6000061035156,420.1000061035156,422.2000122070313,308004,406.2123,394.4415,No,75.23,Bull,Uptrend,Hold,Uptrend (HH+HL),Bullish,70.45,Bull,Bullish majority,"Bull - majority agree, 1 dissenting, trending ADX",99.93,"Outperforming, weakening",Leads both,50.3065,Neutral,11.487,16.7534,bullish accelerating,Oversold,-4.6307,-0.6387,full,100.0,Positive fading,54.45,Neutral,Mixed,None,"Neutral - components mixed, low conviction",Lower Half,Trending,Bearish,No,Yes,Inside,6.83,Very Low,Contracting,-35.24,Confirmed,"Very Low volatility, squeeze confirmed - expansion pending",Wide stop - size down,Dry-up,Falling,Weak Down,-0.1762,Distribution,63.3032,Neutral,3 - Topping,mid,20.0,15.0,4 - Declining,22.0,STAND ASIDE,50.0,0.0,Stage unclear,3 - Topping but stage confidence only 20 - regime not established,3 - Topping but stage confidence only 20 - regime not established,3 - Topping but stage confidence only 20 - regime not established
2025-06-19,417.1000061035156,424.6000061035156,402.3500061035156,405.5,591256,406.1843,394.5515,No,70.01,Bull,Uptrend,Hold,Uptrend (HH+HL),Bullish,60.24,Bull,Bullish majority,"Bull - majority agree, 1 dissenting, trending ADX",81.27,"Outperforming, weakening",Leads both,42.9386,Neutral,8.3576,15.0743,bullish accelerating,Oversold,-7.9142,-0.9274,full,95.31,Positive fading,48.82,Neutral,Bearish majority,None,"Neutral - majority agree, 1 dissenting",Below Lower,Trending,Bearish,No,Yes,Breakout Down,11.03,Very Low,Contracting,-25.75,Partial,"Very Low volatility, contracting - coiling, watch for breakout",Wide stop - size down,Normal,Falling,Weak Down,-0.1968,Distribution,56.5492,Neutral,3 - Topping,mid,20.0,16.0,4 - Declining,22.0,STAND ASIDE,50.0,0.0,Stage unclear,3 - Topping but stage confidence only 20 - regime not established,3 - Topping but stage confidence only 20 - regime not established,3 - Topping but stage confidence only 20 - regime not established
2025-06-20,412.0,412.0,399.0,402.6000061035156,970165,406.0438,394.6316,No,63.19,Bull,Uptrend,Hold,Uptrend (HH+HL),Bullish,56.49,Neutral,Bullish majority,"Neutral - majority agree, 1 dissenting, trending ADX",79.5,"Outperforming, weakening",Leads both,41.7939,Neutral,5.5792,13.1753,bullish accelerating,Oversold,-7.2457,-0.8609,full,93.56,Positive fading,46.8,Neutral,Bearish majority,None,"Neutral - majority agree, 1 dissenting",Below Lower,Trending,Bearish,No,Yes,Near Lower,14.25,Very Low,Stable,-15.95,Partial,"Very Low volatility, stable",Wide stop - size down,Normal,Falling,Confirmed Down,-0.2231,Distribution,54.3915,Neutral,3 - Topping,mid,40.0,17.0,4 - Declining,22.0,STAND ASIDE,50.0,0.0,Stage unclear,3 - Topping but stage confidence only 40 - regime not established,3 - Topping but stage confidence only 20 - regime not established,3 - Topping but stage confidence only 20 - regime not established
2025-06-23,400.0,415.8999938964844,399.6499938964844,410.1499938964844,478433,406.2048,394.786,No,63.9,Bull,Uptrend,Hold,Uptrend (HH+HL),Bullish,60.99,Bull,Bullish majority,"Bull - majority agree, 1 dissenting, trending ADX",69.31,"Outperforming, weakening",Leads both,45.842,Neutral,3.9411,11.3284,bullish fading,Oversold,-10.866,-1.1772,full,83.47,Positive fading,45.5,Neutral,Bearish majority,None,"Neutral - majority agree, 1 dissenting",Lower Half,Trending,Bearish,No,No,Inside,15.36,Very Low,Stable,-9.84,No,"Very Low volatility, stable",Wide stop - size down,Normal,Falling,Weak Up,-0.1991,Distribution,53.7328,Neutral,3 - Topping,mid,40.0,18.0,4 - Declining,22.0,STAND ASIDE,50.0,0.0,Stage unclear,3 - Topping but stage confidence only 40 - regime not established,3 - Topping but stage confidence only 20 - regime not established,3 - Topping but stage confidence only 20 - regime not established
2025-06-24,418.0,420.9500122070313,411.0499877929688,416.7000122070313,429065,406.6164,395.0041,No,62.63,Bull,Uptrend,Hold,Uptrend (HH+HL),Bullish,64.51,Bull,Bullish majority,"Bull - majority agree, 1 dissenting, trending ADX",80.19,"Outperforming, weakening",Leads both,49.1463,Neutral,3.1353,9.6898,bullish fading,Oversold,-9.2256,-1.0216,full,90.14,Positive accelerating,50.0,Neutral,Bearish majority,None,"Neutral - majority agree, 1 dissenting",Lower Half,Trending,Bearish,No,No,Inside,13.93,Very Low,Stable,-8.25,No,"Very Low volatility, stable",Wide stop - size down,Normal,Falling,Weak Up,-0.1575,Distribution,52.6128,Neutral,3 - Topping,mid,40.0,19.0,4 - Declining,22.0,STAND ASIDE,50.0,0.0,Stage unclear,3 - Topping but stage confidence only 40 - regime not established,3 - Topping but stage confidence only 20 - regime not established,3 - Topping but stage confidence only 20 - regime not established
2025-06-25,421.1499938964844,428.5499877929688,418.1000061035156,421.6000061035156,339434,407.204,395.2687,No,62.4,Bull,Uptrend,Hold,Uptrend (HH+HL),Bullish,67.87,Bull,Bullish majority,"Bull - majority agree, 1 dissenting, trending ADX",70.28,"Outperforming, weakening",Leads both,51.5288,Neutral,2.8591,8.3236,bullish fading,Neutral,-5.7666,-0.7044,full,82.45,Positive fading,50.49,Neutral,Mixed,None,"Neutral - components mixed, low conviction",Lower Half,Trending,Bearish,No,No,Inside,13.22,Very Low,Stable,-4.05,No,"Very Low volatility, stable",Low vol - tight stops,Normal,Falling,Weak Up,-0.1618,Distribution,50.0302,Neutral,3 - Topping,mid,40.0,20.0,4 - Declining,22.0,STAND ASIDE,50.0,0.0,Stage unclear,3 - Topping but stage confidence only 40 - regime not established,3 - Topping but stage confidence only 20 - regime not established,3 - Topping but stage confidence only 20 - regime not established
2025-06-26,425.0,426.1499938964844,415.4500122070313,417.5499877929688,172645,407.6097,395.4904,No,59.92,Neutral,Uptrend,Hold,Uptrend (HH+HL),Bullish,65.64,Bull,Bullish majority,"Range with bullish lean - ADX emerging, direction not confirmed",68.34,"Outperforming, weakening",Leads both,49.466,Neutral,2.287,7.1163,bullish fading,Neutral,-5.0591,-0.6371,full,80.66,Positive fading,50.41,Neutral,Bearish majority,None,"Neutral - majority agree, 1 dissenting",Lower Half,Emerging,Bearish,No,No,Inside,13.17,Very Low,Stable,-0.2,No,"Very Low volatility, stable",Low vol - tight stops,Dry-up,Falling,Weak Down,-0.2042,Distribution,53.3492,Neutral,3 - Topping,mid,40.0,21.0,4 - Declining,22.0,STAND ASIDE,50.0,0.0,Stage unclear,3 - Topping but stage confidence only 40 - regime not established,3 - Topping but stage confidence only 20 - regime not established,3 - Topping but stage confidence only 20 - regime not established
2025-06-27,420.8500061035156,421.75,409.9500122070313,410.7999877929688,378249,407.7348,395.6427,No,57.79,Neutral,Uptrend,Hold,Range,Bearish,51.85,Neutral,Mixed,"No clear trend - ADX emerging, price ranging",77.79,"Outperforming, weakening",Leads both,46.1499,Neutral,1.2743,5.9479,bullish fading,Neutral,-5.9201,-0.7109,full,88.87,Positive accelerating,51.74,Neutral,Bearish majority,None,"Neutral - majority agree, 1 dissenting",Lower Half,Emerging,Bearish,No,No,Inside,14.41,Very Low,Stable,5.83,No,"Very Low volatility, stable",Low vol - tight stops,Normal,Falling,Weak Down,-0.1883,Distribution,35.4499,Neutral,3 - Topping,mid,40.0,22.0,4 - Declining,22.0,STAND ASIDE,50.0,0.0,Stage unclear,3 - Topping but stage confidence only 40 - regime not established,3 - Topping but stage confidence only 40 - regime not established,3 - Topping but stage confidence only 20 - regime not established
2025-06-30,413.0,416.75,408.5499877929688,412.8999938964844,308479,407.9374,395.8145,No,59.49,Neutral,Uptrend,Hold,Range,Bearish,53.89,Neutral,Mixed,"No clear trend - ADX emerging, price ranging",92.86,"Outperforming, weakening",Leads both,47.3328,Neutral,0.6339,4.8851,bullish fading,Neutral,-4.1217,-0.5471,full,100.0,Positive accelerating,55.47,Neutral,Bearish majority,None,"Neutral - majority agree, 1 dissenting",Lower Half,Emerging,Bearish,No,No,Inside,15.52,Very Low,Stable,8.14,No,"Very Low volatility, stable",Low vol - tight stops,Normal,Falling,Weak Up,-0.1804,Distribution,23.6378,Neutral,3 - Topping,mid,40.0,23.0,4 - Declining,22.0,STAND ASIDE,50.0,0.0,Stage unclear,3 - Topping but stage confidence only 40 - regime not established,3 - Topping but stage confidence only 40 - regime not established,3 - Topping but stage confidence only 20 - regime not established
2025-07-01,412.0,417.7000122070313,408.1000061035156,413.1000061035156,248346,408.1398,395.9865,No,59.87,Neutral,Uptrend,Hold,Range,Bearish,54.52,Neutral,Mixed,"No clear trend - ADX emerging, price ranging",78.99,"Outperforming, weakening",Leads both,47.4512,Neutral,0.1408,3.9363,bullish fading,Neutral,-3.4362,-0.4851,full,89.72,Positive fading,52.93,Neutral,Bearish majority,None,"Neutral - majority agree, 1 dissenting",Lower Half,Emerging,Bearish,No,No,Inside,16.15,Very Low,Stable,9.37,No,"Very Low volatility, stable",Low vol - tight stops,Dry-up,Falling,Weak Up,-0.1515,Distribution,28.9899,Neutral,3 - Topping,mid,40.0,24.0,4 - Declining,22.0,STAND ASIDE,50.0,0.0,Stage unclear,3 - Topping but stage confidence only 40 - regime not established,3 - Topping but stage confidence only 40 - regime not established,3 - Topping but stage confidence only 20 - regime not established
2025-07-02,417.0,430.0,413.2000122070313,416.7999877929688,836397,408.4794,396.1936,No,61.09,Bull,Uptrend,Hold,Range,Bearish,65.0,Bull,Bullish confirmed,"Range with bullish lean - ADX emerging, direction not confirmed",67.96,"Outperforming, weakening",Leads both,49.7038,Neutral,0.0481,3.1586,bullish fading,Neutral,-1.279,-0.2928,full,80.82,Positive fading,52.75,Neutral,Bearish majority,None,"Neutral - majority agree, 1 dissenting",Lower Half,Emerging,Bullish,No,No,Inside,16.27,Very Low,Stable,9.44,No,"Very Low volatility, stable",Low vol - tight stops,Normal,Falling,Confirmed Up,-0.1904,Distribution,41.2939,Neutral,3 - Topping,mid,40.0,25.0,4 - Declining,22.0,STAND ASIDE,50.0,0.0,Stage unclear,3 - Topping but stage confidence only 40 - regime not established,3 - Topping but stage confidence only 40 - regime not established,3 - Topping but stage confidence only 20 - regime not established
2025-07-03,417.5,423.2000122070313,410.8999938964844,420.25,531176,408.941,396.4329,No,64.02,Bull,Uptrend,Hold,Range,Bearish,61.4,Bull,Mixed,"Range with bullish lean - ADX no trend, direction not confirmed",72.58,"Outperforming, weakening",Leads both,51.7794,Neutral,0.2501,2.5769,bullish fading,Neutral,3.6375,0.1462,full,87.4,Positive accelerating,57.66,Neutral,Mixed,None,"Neutral - components mixed, low conviction",Lower Half,No Trend,Bearish,No,No,Inside,15.72,Very Low,Stable,4.68,No,"Very Low volatility, stable",Low vol - tight stops,Normal,Falling,Weak Up,-0.1322,Distribution,41.1274,Neutral,3 - Topping,mid,40.0,26.0,4 - Declining,22.0,STAND ASIDE,50.0,0.0,Stage unclear,3 - Topping but stage confidence only 40 - regime not established,3 - Topping but stage confidence only 40 - regime not established,3 - Topping but stage confidence only 20 - regime not established
2025-07-04,424.8999938964844,424.8999938964844,416.0,420.5,331178,409.3943,396.6724,No,67.95,Bull,Uptrend,Hold,Range,Bearish,67.68,Bull,Bullish confirmed,"Range with bullish lean - ADX no trend, direction not confirmed",73.36,"Outperforming, weakening",Leads both,51.9342,Neutral,0.4255,2.1466,bullish fading,Neutral,4.4461,0.2176,full,86.93,Positive fading,59.52,Bullish,Bullish majority,None,Bullish - price momentum agrees but MACD shows deceleration,Lower Half,No Trend,Bullish,No,No,Inside,15.68,Very Low,Stable,1.43,No,"Very Low volatility, stable",Low vol - tight stops,Normal,Falling,Weak Up,-0.0861,Distribution,47.5904,Neutral,3 - Topping,mid,40.0,27.0,4 - Declining,22.0,STAND ASIDE,50.0,0.0,Stage unclear,3 - Topping but stage confidence only 40 - regime not established,3 - Topping but stage confidence only 40 - regime not established,3 - Topping but stage confidence only 40 - regime not established
2025-07-07,420.0,421.0,410.2000122070313,412.0,265018,409.4965,396.8249,No,65.37,Bull,Uptrend,Hold,Range,Bearish,58.9,Neutral,Mixed,"No clear trend - ADX no trend, price ranging",64.05,"Outperforming, weakening",Leads both,46.4719,Neutral,-0.12,1.6933,bearish accelerating,Neutral,0.4511,-0.1445,full,80.26,Positive fading,55.76,Neutral,Mixed,None,"Neutral - components mixed, low conviction",Lower Half,No Trend,Bearish,No,No,Inside,11.55,Very Low,Stable,-3.81,Partial,"Very Low volatility, stable",Coiled - low vol squeeze,Normal,Falling,Weak Down,-0.3011,Distribution,43.3011,Neutral,3 - Topping,mid,40.0,28.0,4 - Declining,22.0,STAND ASIDE,50.0,0.0,Stage unclear,3 - Topping but stage confidence only 40 - regime not established,3 - Topping but stage confidence only 40 - regime not established,3 - Topping but stage confidence only 40 - regime not established
2025-07-08,412.0,423.5499877929688,410.3500061035156,415.5499877929688,334251,409.7339,397.0112,No,67.76,Bull,Uptrend,Hold,Uptrend (HH+HL),Bearish,72.2,Bull,Bullish majority,"Range with bullish lean - ADX no trend, direction not confirmed",77.02,"Outperforming, weakening",Leads both,48.8897,Neutral,-0.2629,1.3021,bearish fading,Neutral,-0.276,-0.2104,full,94.48,Positive accelerating,61.01,Bullish,Mixed,None,"Bullish - components mixed, low conviction",Lower Half,No Trend,Bearish,No,No,Inside,9.41,Very Low,Stable,-4.52,Partial,"Very Low volatility, stable",Coiled - low vol squeeze,Normal,Falling,Weak Up,-0.2823,Distribution,48.5651,Neutral,3 - Topping,mid,40.0,29.0,4 - Declining,22.0,STAND ASIDE,50.0,0.0,Stage unclear,3 - Topping but stage confidence only 40 - regime not established,3 - Topping but stage confidence only 40 - regime not established,3 - Topping but stage confidence only 40 - regime not established
2025-07-09,416.8500061035156,428.25,415.5,421.0499877929688,596682,410.1777,397.2504,No,70.97,Bull,Uptrend,Hold,Range,Bearish,67.35,Bull,Bullish confirmed,"Range with bullish lean - ADX no trend, direction not confirmed",100.0,"Outperforming, weakening",Leads both,52.4717,Neutral,0.067,1.0551,bullish fading,Neutral,-0.1305,-0.1977,full,100.0,Positive accelerating,65.1,Bullish,Bullish majority,None,Bullish - price momentum agrees but MACD shows deceleration,Upper Half,No Trend,Bullish,No,No,Inside,4.01,Very Low,Stable,-9.21,Partial,"Very Low volatility, stable",Coiled - low vol squeeze,Normal,Falling,Confirmed Up,-0.2442,Distribution,58.1441,Neutral,3 - Topping,mid,40.0,30.0,4 - Declining,22.0,STAND ASIDE,50.0,0.0,Stage unclear,3 - Topping but stage confidence only 40 - regime not established,3 - Topping but stage confidence only 40 - regime not established,3 - Topping but stage confidence only 40 - regime not established
2025-07-10,422.0,423.6499938964844,415.0,419.5499877929688,277398,410.5452,397.4723,No,70.23,Bull,Uptrend,Hold,Range,Bearish,65.99,Bull,Mixed,"Range with bullish lean - ADX no trend, direction not confirmed",100.0,"Outperforming, weakening",Leads both,51.4134,Neutral,0.205,0.885,bullish fading,Neutral,0.479,-0.1427,full,100.0,Positive fading,66.13,Bullish,Bullish majority,None,Bullish - price momentum agrees but MACD shows deceleration,Upper Half,No Trend,Bullish,No,No,Inside,1.27,Very Low,Stable,-11.9,Confirmed,"Very Low volatility, squeeze confirmed - expansion pending",Coiled - low vol squeeze,Normal,Falling,Weak Down,-0.2016,Distribution,65.106,Neutral,3 - Topping,late,40.0,31.0,4 - Declining,22.0,STAND ASIDE,50.0,0.0,Stage unclear,3 - Topping but stage confidence only 40 - regime not established,3 - Topping but stage confidence only 40 - regime not established,3 - Topping but stage confidence only 40 - regime not established
2025-07-11,423.0,424.4500122070313,410.0,413.4500122070313,317527,410.6591,397.6313,No,65.99,Bull,Uptrend,Hold,Range,Bearish,61.35,Bull,Mixed,"Range with bullish lean - ADX no trend, direction not confirmed",100.0,"Outperforming, weakening",Leads both,47.2407,Neutral,-0.1759,0.6729,bearish accelerating,Neutral,0.6451,-0.1274,full,100.0,Positive accelerating,63.51,Bullish,Mixed,Bullish divergence,Bullish - bullish divergence vs price over 21 bars,Lower Half,No Trend,Bearish,No,No,Inside,0.59,Very Low,Stable,-13.81,Confirmed,"Very Low volatility, squeeze confirmed - expansion pending",Coiled - low vol squeeze,Normal,Falling,Weak Down,-0.2492,Distribution,58.2305,Neutral,3 - Topping,late,40.0,32.0,4 - Declining,22.0,STAND ASIDE,50.0,0.0,Stage unclear,3 - Topping but stage confidence only 40 - regime not established,3 - Topping but stage confidence only 40 - regime not established,3 - Topping but stage confidence only 40 - regime not established
2025-07-14,414.7999877929688,414.7999877929688,406.0,410.8500061035156,203039,410.6666,397.7628,No,64.56,Bull,Uptrend,Hold,Range,Bearish,59.5,Neutral,Mixed,"No clear trend - ADX no trend, price ranging",95.4,"Outperforming, weakening",Leads both,45.5441,Neutral,-0.6796,0.4024,bearish accelerating,Neutral,-0.4965,-0.2288,full,100.0,Positive fading,60.67,Bullish,Bearish majority,None,"Bullish - majority agree, 1 dissenting",Lower Half,No Trend,Bearish,No,No,Inside,0.4,Very Low,Stable,-15.12,Confirmed,"Very Low volatility, squeeze confirmed - expansion pending",Coiled - low vol squeeze,Dry-up,Falling,Weak Down,-0.2654,Distribution,52.4965,Neutral,3 - Topping,late,40.0,33.0,4 - Declining,22.0,STAND ASIDE,50.0,0.0,Stage unclear,3 - Topping but stage confidence only 40 - regime not established,3 - Topping but stage confidence only 40 - regime not established,3 - Topping but stage confidence only 40 - regime not established
2025-07-15,411.5499877929688,418.5,411.5499877929688,416.3999938964844,213842,410.8914,397.9483,No,67.14,Bull,Uptrend,Hold,Range,Bearish,63.28,Bull,Mixed,"Range with bullish lean - ADX no trend, direction not confirmed",93.54,"Outperforming, weakening",Leads both,49.6972,Neutral,-0.6239,0.1971,bearish fading,Neutral,0.7988,-0.1109,full,100.0,Positive fading,61.37,Bullish,Bearish majority,Bullish divergence,Bullish - bullish divergence vs price over 21 bars,Upper Half,No Trend,Bearish,No,No,Inside,0.44,Very Low,Stable,-15.71,Confirmed,"Very Low volatility, squeeze confirmed - expansion pending",Coiled - low vol squeeze,Normal,Falling,Weak Up,-0.2347,Distribution,51.2561,Neutral,3 - Topping,late,40.0,34.0,4 - Declining,22.0,STAND ASIDE,50.0,0.0,Stage unclear,3 - Topping but stage confidence only 40 - regime not established,3 - Topping but stage confidence only 40 - regime not established,3 - Topping but stage confidence only 40 - regime not established
2025-07-16,417.3999938964844,424.5499877929688,415.3500061035156,420.3500061035156,188429,411.2624,398.1712,No,68.61,Bull,Uptrend,Hold,Range,Bearish,65.84,Bull,Mixed,"Range with bullish lean - ADX no trend, direction not confirmed",96.55,"Outperforming, weakening",Leads both,52.4753,Neutral,-0.2579,0.1061,bearish fading,Neutral,0.8517,-0.1043,full,100.0,Positive accelerating,64.22,Bullish,Mixed,Bullish divergence,Bullish - bullish divergence vs price over 21 bars,Upper Half,No Trend,Bullish,No,No,Inside,0.4,Very Low,Stable,-15.87,Confirmed,"Very Low volatility, squeeze confirmed - expansion pending",Coiled - low vol squeeze,Dry-up,Falling,Weak Up,-0.2147,Distribution,54.8629,Neutral,3 - Topping,late,40.0,35.0,4 - Declining,22.0,STAND ASIDE,50.0,0.0,Stage unclear,3 - Topping but stage confidence only 40 - regime not established,3 - Topping but stage confidence only 40 - regime not established,3 - Topping but stage confidence only 40 - regime not established
2025-07-17,422.2999877929688,431.9500122070313,415.0,423.2999877929688,586751,411.7344,398.4212,No,70.8,Bull,Uptrend,Hold,Range,Bearish,68.13,Bull,Mixed,"Range with bullish lean - ADX no trend, direction not confirmed",100.0,"Outperforming, weakening",Leads both,54.4964,Neutral,0.267,0.1383,Bullish crossover,Neutral,0.7258,-0.1136,full,100.0,Positive accelerating,67.33,Bullish,Bullish confirmed,None,Bullish - all 4 components agree incl. MACD acceleration,Upper Half,No Trend,Bullish,No,No,Inside,0.71,Very Low,Stable,-15.0,Confirmed,"Very Low volatility, squeeze confirmed - expansion pending",Coiled - low vol squeeze,Normal,Falling,Confirmed Up,-0.1634,Distribution,63.9024,Neutral,3 - Topping,late,40.0,36.0,4 - Declining,22.0,STAND ASIDE,50.0,0.0,Stage unclear,3 - Topping but stage confidence only 40 - regime not established,3 - Topping but stage confidence only 40 - regime not established,3 - Topping but stage confidence only 40 - regime not established
2025-07-18,424.3999938964844,426.4500122070313,412.8500061035156,414.7000122070313,301655,411.8507,398.5832,No,67.48,Bull,Uptrend,Hold,Range,Bearish,62.52,Bull,Mixed,"Range with bullish lean - ADX no trend, direction not confirmed",96.42,"Outperforming, strengthening",Leads both,48.0772,Neutral,-0.0108,0.1085,Bearish crossover,Neutral,-1.3793,-0.3011,full,94.12,Positive fading,62.93,Bullish,Mixed,None,"Bullish - components mixed, low conviction",Lower Half,No Trend,Bullish,No,No,Inside,1.15,Very Low,Stable,-14.52,Confirmed,"Very Low volatility, squeeze confirmed - expansion pending",Coiled - low vol squeeze,Normal,Falling,Weak Down,-0.1492,Distribution,63.9382,Neutral,3 - Topping,late,40.0,37.0,4 - Declining,22.0,STAND ASIDE,50.0,0.0,Stage unclear,3 - Topping but stage confidence only 40 - regime not established,3 - Topping but stage confidence only 40 - regime not established,3 - Topping but stage confidence only 40 - regime not established
2025-07-21,414.2000122070313,414.2000122070313,404.0,404.9500122070313,312219,411.5801,398.6465,No,62.04,Bull,Uptrend,Hold,Range,Bearish,55.56,Neutral,Mixed,"No clear trend - ADX no trend, price ranging",80.11,"Outperforming, strengthening",Leads both,42.0323,Neutral,-1.0061,-0.1144,bearish accelerating,Neutral,-1.7112,-0.3264,full,81.73,Positive fading,54.16,Neutral,Bearish majority,None,"Neutral - majority agree, 1 dissenting",Below Lower,No Trend,Bearish,No,No,Inside,1.39,Very Low,Stable,-10.16,Confirmed,"Very Low volatility, squeeze confirmed - expansion pending",Coiled - low vol squeeze,Normal,Falling,Weak Down,-0.2076,Distribution,58.5936,Neutral,3 - Topping,late,40.0,38.0,4 - Declining,22.0,STAND ASIDE,50.0,0.0,Stage unclear,3 - Topping but stage confidence only 40 - regime not established,3 - Topping but stage confidence only 40 - regime not established,3 - Topping but stage confidence only 40 - regime not established
2025-07-22,404.9500122070313,414.9500122070313,403.0,412.6000061035156,320335,411.6201,398.7854,No,64.08,Bull,Uptrend,Hold,Range,Bearish,60.24,Bull,Mixed,"Range with bullish lean - ADX no trend, direction not confirmed",80.49,"Outperforming, strengthening",Leads both,47.5994,Neutral,-1.1642,-0.3244,bearish fading,Neutral,-0.7099,-0.2336,full,80.41,Positive fading,54.18,Neutral,Bearish majority,None,"Neutral - majority agree, 1 dissenting",Lower Half,No Trend,Bearish,No,No,Inside,1.03,Very Low,Stable,-8.37,Confirmed,"Very Low volatility, squeeze confirmed - expansion pending",Coiled - low vol squeeze,Normal,Falling,Weak Up,-0.1919,Distribution,54.0296,Neutral,3 - Topping,late,40.0,39.0,4 - Declining,22.0,STAND ASIDE,50.0,0.0,Stage unclear,3 - Topping but stage confidence only 40 - regime not established,3 - Topping but stage confidence only 40 - regime not established,3 - Topping but stage confidence only 40 - regime not established
2025-07-23,414.75,418.2000122070313,408.7999877929688,410.3500061035156,248118,411.5703,398.9004,No,60.21,Bull,Uptrend,Hold,Range,Bearish,57.72,Neutral,Mixed,"No clear trend - ADX no trend, price ranging",76.64,"Outperforming, weakening",Leads both,46.1942,Neutral,-1.4542,-0.5504,bearish accelerating,Neutral,-2.5413,-0.3971,full,79.34,Positive fading,53.05,Neutral,Bearish majority,Bullish divergence,Neutral - bullish divergence vs price over 21 bars,Lower Half,No Trend,Bullish,No,No,Inside,0.91,Very Low,Stable,-3.1,Confirmed,"Very Low volatility, squeeze confirmed - expansion pending",Coiled - low vol squeeze,Normal,Falling,Weak Down,-0.2022,Distribution,62.9375,Neutral,3 - Topping,late,40.0,40.0,4 - Declining,22.0,STAND ASIDE,50.0,0.0,Stage unclear,3 - Topping but stage confidence only 40 - regime not established,3 - Topping but stage confidence only 40 - regime not established,3 - Topping but stage confidence only 40 - regime not established
2025-07-24,411.0499877929688,413.0499877929688,404.3999938964844,406.1499938964844,182173,411.3577,398.9726,No,56.28,Neutral,Uptrend,Hold,Range,Bearish,54.17,Neutral,Mixed,"No clear trend - ADX no trend, price ranging",90.35,"Outperforming, weakening",Leads both,43.6063,Neutral,-2.0,-0.8403,bearish accelerating,Neutral,-3.1939,-0.4539,full,90.79,Positive accelerating,55.69,Neutral,Bearish majority,Bullish divergence,Neutral - bullish divergence vs price over 21 bars,Lower Half,No Trend,Bearish,No,No,Near Lower,1.11,Very Low,Stable,-0.16,Confirmed,"Very Low volatility, squeeze confirmed - expansion pending",Coiled - low vol squeeze,Normal,Falling,Weak Down,-0.2024,Distribution,57.5033,Neutral,3 - Topping,late,40.0,41.0,4 - Declining,22.0,STAND ASIDE,50.0,0.0,Stage unclear,3 - Topping but stage confidence only 40 - regime not established,3 - Topping but stage confidence only 40 - regime not established,3 - Topping but stage confidence only 40 - regime not established
2025-07-25,406.0,406.5,380.3500061035156,383.0499877929688,950862,410.2476,398.8141,Yes,39.96,Bear,Downtrend,Sell,Range,Bearish,33.99,Bear,Mixed,"Range with bearish lean - ADX no trend, direction not confirmed",76.06,"Outperforming, weakening",Leads both,32.742,Oversold,-4.2475,-1.5217,bearish accelerating,Oversold,-7.3528,-0.8243,full,75.03,Positive fading,44.63,Neutral,Bearish majority,None,"Neutral - majority agree, 1 dissenting",Below Lower,No Trend,Bearish,No,Yes,Breakout Down,5.24,Very Low,Stable,4.64,Partial,"Very Low volatility, stable",Coiled - low vol squeeze,High,Falling,Confirmed Down,-0.2441,Distribution,50.2576,Neutral,3 - Topping,late,60.0,42.0,4 - Declining,22.0,STAND ASIDE,39.38,0.0,Stage,3 - Topping - no new positions in a basing/topping stage,3 - Topping but stage confidence only 40 - regime not established,3 - Topping but stage confidence only 40 - regime not established
2025-07-28,378.7999877929688,379.5499877929688,365.0499877929688,369.1000061035156,562617,408.634,398.5185,Yes,29.86,Bear,Downtrend,Hold,Range,Bearish,30.45,Bear,Mixed,"Range with bearish lean - ADX no trend, direction not confirmed",69.82,"Outperforming, weakening",Leads both,28.1766,Oversold,-7.0727,-2.6319,bearish accelerating,Oversold,-10.1619,-1.0694,full,68.69,Positive fading,38.66,Bearish,Bearish majority,None,Bearish but oversold on RSI and Stochastic - stretched,Below Lower,No Trend,Bearish,Yes,Yes,Breakout Down,11.99,Very Low,Stable,11.59,No,"Very Low volatility, stable",Low vol - tight stops,Normal,Falling,Confirmed Down,-0.2704,Distribution,42.1201,Neutral,3 - Topping,late,80.0,43.0,4 - Declining,22.0,STAND ASIDE,36.0,0.0,Stage,3 - Topping - no new positions in a basing/topping stage,3 - Topping but stage confidence only 40 - regime not established,3 - Topping but stage confidence only 40 - regime not established
2025-07-29,362.0499877929688,398.7000122070313,362.0499877929688,394.2999877929688,657028,408.0719,398.4765,Yes,31.57,Bear,Downtrend,Hold,Range,Bearish,34.15,Bear,Mixed,"Range with bearish lean - ADX no trend, direction not confirmed",100.0,"Outperforming, weakening",Leads both,43.5023,Neutral,-7.1954,-3.5446,bearish fading,Oversold,-5.3074,-0.6281,full,95.25,Positive accelerating,53.53,Neutral,Bearish majority,None,"Neutral - majority agree, 1 dissenting",Lower Half,No Trend,Bearish,Yes,Yes,Inside,17.66,Very Low,Stable,17.22,No,"Very Low volatility, stable",Low vol - tight stops,Normal,Falling,Confirmed Up,-0.1974,Distribution,42.158,Neutral,3 - Topping,late,60.0,44.0,4 - Declining,22.0,STAND ASIDE,45.73,0.0,Stage,3 - Topping - no new positions in a basing/topping stage,3 - Topping but stage confidence only 40 - regime not established,3 - Topping but stage confidence only 40 - regime not established
2025-07-30,396.0499877929688,397.6499938964844,386.0,387.8999938964844,243185,407.2808,398.3713,Yes,29.11,Bear,Downtrend,Hold,Range,Bearish,30.19,Bear,Mixed,"Range with bearish lean - ADX no trend, direction not confirmed",97.83,"Outperforming, weakening",Leads both,41.1035,Neutral,-7.7201,-4.3797,bearish fading,Neutral,-7.7198,-0.8387,full,92.44,Positive fading,53.62,Neutral,Bearish majority,Bullish divergence,Neutral - bullish divergence vs price over 21 bars,Lower Half,No Trend,Bearish,Yes,Yes,Inside,20.08,Low,Stable,19.68,No,"Low volatility, stable",Low vol - tight stops,Normal,Falling,Weak Down,-0.1716,Distribution,47.0606,Neutral,3 - Topping,late,60.0,45.0,4 - Declining,22.0,STAND ASIDE,41.57,0.0,Stage,3 - Topping - no new positions in a basing/topping stage,3 - Topping but stage confidence only 40 - regime not established,3 - Topping but stage confidence only 40 - regime not established
2025-07-31,385.0,385.3999938964844,378.25,379.1499938964844,234334,406.1777,398.18,Yes,25.82,Bear,Downtrend,Hold,Range,Bearish,29.04,Bear,Mixed,"Range with bearish lean - ADX no trend, direction not confirmed",84.1,"Outperforming, weakening",Leads both,38.0169,Neutral,-8.7412,-5.252,bearish accelerating,Neutral,-10.43,-1.0736,full,79.79,Positive fading,49.49,Neutral,Bearish majority,None,"Neutral - majority agree, 1 dissenting",Lower Half,No Trend,Bearish,Yes,Yes,Inside,21.98,Low,Expanding,21.27,No,Squeeze releasing - expanding 5 bars after compression,Low vol - tight stops,Normal,Falling,Weak Down,-0.2402,Distribution,48.0302,Neutral,3 - Topping,late,60.0,46.0,4 - Declining,22.0,STAND ASIDE,39.81,0.0,Stage,3 - Topping - no new positions in a basing/topping stage,3 - Topping but stage confidence only 40 - regime not established,3 - Topping but stage confidence only 40 - regime not established
2025-08-01,378.6000061035156,384.2999877929688,375.0,376.0499877929688,251344,404.9962,397.9598,Yes,24.63,Bear,Downtrend,Hold,Range,Bearish,28.17,Bear,Bearish confirmed,"Range with bearish lean - ADX no trend, direction not confirmed",92.57,"Outperforming, weakening",Leads both,36.9581,Neutral,-9.6889,-6.1394,bearish accelerating,Neutral,-9.32,-0.9666,full,85.58,Positive accelerating,49.83,Neutral,Bearish majority,None,"Neutral - majority agree, 1 dissenting",Lower Half,No Trend,Bearish,Yes,Yes,Inside,24.01,Low,Expanding,22.86,No,Squeeze releasing - expanding 6 bars after compression,Low vol - tight stops,Normal,Falling,Weak Down,-0.2702,Distribution,47.7598,Neutral,3 - Topping,late,60.0,47.0,4 - Declining,22.0,STAND ASIDE,39.53,0.0,Stage,3 - Topping - no new positions in a basing/topping stage,3 - Topping - no new positions in a basing/topping stage,3 - Topping but stage confidence only 40 - regime not established
2025-08-04,377.8500061035156,377.8999938964844,370.0499877929688,374.6000061035156,200718,403.8042,397.7274,Yes,24.03,Bear,Downtrend,Hold,Range,Bearish,27.36,Bear,Bearish confirmed,"Range with bearish lean - ADX no trend, direction not confirmed",85.09,"Outperforming, weakening",Leads both,36.4467,Neutral,-10.4366,-6.9988,bearish fading,Neutral,-7.4948,-0.7982,full,80.59,Positive fading,47.58,Neutral,Bearish majority,None,"Neutral - majority agree, 1 dissenting",Lower Half,No Trend,Bearish,Yes,Yes,Inside,25.36,Low,Expanding,23.97,No,Squeeze releasing - expanding 7 bars after compression,Low vol - tight stops,Normal,Falling,Weak Down,-0.2436,Distribution,43.7964,Neutral,3 - Topping,late,60.0,48.0,4 - Declining,22.0,STAND ASIDE,38.49,0.0,Stage,3 - Topping - no new positions in a basing/topping stage,3 - Topping - no new positions in a basing/topping stage,3 - Topping but stage confidence only 40 - regime not established
2025-08-05,376.0,382.0,369.2000122070313,375.3500061035156,182215,402.6883,397.5047,Yes,17.69,Strong Bear,Downtrend,Hold,Downtrend (LH+LL),Bearish,14.82,Strong Bear,Bearish confirmed,"Range with bearish lean - ADX no trend, direction not confirmed",72.33,"Outperforming, weakening",Leads both,36.9328,Neutral,-10.8437,-7.7678,bearish fading,Oversold,-9.0281,-0.9281,full,70.96,Positive fading,45.08,Neutral,Bearish majority,None,"Neutral - majority agree, 1 dissenting",Lower Half,No Trend,Bearish,Yes,Yes,Inside,26.27,Low,Expanding,25.24,No,Squeeze releasing - expanding 8 bars after compression,Low vol - tight stops,Normal,Falling,Weak Up,-0.2398,Distribution,43.5044,Neutral,3 - Topping,late,40.0,49.0,4 - Declining,22.0,STAND ASIDE,50.0,0.0,Stage unclear,3 - Topping but stage confidence only 40 - regime not established,3 - Topping - no new positions in a basing/topping stage,3 - Topping but stage confidence only 40 - regime not established
2025-08-06,377.0,377.0,359.1000061035156,362.8500061035156,341871,401.126,397.1599,Yes,13.53,Strong Bear,Downtrend,Hold,Downtrend (LH+LL),Bearish,12.74,Strong Bear,Bearish confirmed,"Range with bearish lean - ADX no trend, direction not confirmed",62.68,"Outperforming, weakening",Leads both,32.4748,Oversold,-12.0362,-8.6215,bearish accelerating,Oversold,-11.5755,-1.1479,full,64.86,Positive fading,40.96,Bearish,Bearish majority,None,"Bearish - majority agree, 1 dissenting",Lower Half,No Trend,Bearish,Yes,Yes,Near Lower,28.33,Low,Expanding,27.42,No,Squeeze releasing - expanding 9 bars after compression,Low vol - tight stops,Normal,Falling,Confirmed Down,-0.2667,Distribution,33.4724,Neutral,3 - Topping,late,40.0,50.0,4 - Declining,22.0,STAND ASIDE,50.0,0.0,Stage unclear,3 - Topping but stage confidence only 40 - regime not established,3 - Topping - no new positions in a basing/topping stage,3 - Topping but stage confidence only 40 - regime not established
2025-08-07,360.1000061035156,387.5,356.6000061035156,384.2999877929688,771936,400.4662,397.0319,Yes,20.9,Bear,Downtrend,Hold,Downtrend (LH+LL),Bearish,15.32,Strong Bear,Bearish confirmed,"Range with bearish lean - ADX no trend, direction not confirmed",65.33,"Outperforming, weakening",Leads both,44.79,Neutral,-11.1222,-9.1216,bearish fading,Neutral,-5.3798,-0.5871,full,59.63,Positive fading,45.92,Neutral,Bearish majority,None,"Neutral - majority agree, 1 dissenting",Lower Half,No Trend,Bearish,Yes,Yes,Inside,30.36,Low,Expanding,29.25,No,Squeeze releasing - expanding 10 bars after compression,Low vol - tight stops,High,Falling,Confirmed Up,-0.1664,Distribution,44.6462,Neutral,4 - Declining,early,74.0,1.0,3 - Topping,50.0,WAIT,38.0,1.0,Weak ADX,"4 - Declining, trend 15 but ADX shows no trend, this is a range - wait for alignment",3 - Topping - no new positions in a basing/topping stage,3 - Topping but stage confidence only 40 - regime not established
2025-08-08,389.3999938964844,390.9500122070313,375.1499938964844,378.7999877929688,238623,399.6165,396.8505,Yes,18.61,Strong Bear,Downtrend,Hold,Downtrend (LH+LL),Bearish,14.71,Strong Bear,Bearish confirmed,"Range with bearish lean - ADX no trend, direction not confirmed",48.55,"Underperforming, weakening",Lags both,42.6425,Neutral,-10.7181,-9.4409,bearish fading,Neutral,-1.1095,-0.2009,full,47.09,Negative accelerating,43.13,Neutral,Bearish confirmed,None,Neutral - all 4 components agree incl. MACD acceleration,Lower Half,No Trend,Bearish,Yes,Yes,Inside,31.03,Low,Expanding,25.79,No,Squeeze releasing - expanding 11 bars after compression,Wide stop - size down,Normal,Falling,Weak Down,-0.163,Distribution,49.8265,Neutral,4 - Declining,early,74.0,2.0,3 - Topping,50.0,WAIT,38.0,1.0,Weak ADX,"4 - Declining, trend 15 but ADX shows no trend, this is a range - wait for alignment",3 - Topping - no new positions in a basing/topping stage,3 - Topping - no new positions in a basing/topping stage
2025-08-11,380.0,380.0,366.4500122070313,375.7000122070313,377905,398.6786,396.6401,Yes,17.63,Strong Bear,Downtrend,Hold,Downtrend (LH+LL),Bearish,14.21,Strong Bear,Bearish confirmed,"Range with bearish lean - ADX no trend, direction not confirmed",37.74,"Underperforming, weakening",Lags both,41.4366,Neutral,-10.5267,-9.6581,bearish fading,Neutral,1.7881,0.0625,full,39.53,Negative accelerating,42.05,Neutral,Bearish confirmed,None,Neutral - all 4 components agree incl. MACD acceleration,Lower Half,No Trend,Bearish,Yes,Yes,Inside,31.27,Low,Stable,19.29,No,"Low volatility, stable",Wide stop - size down,Normal,Falling,Confirmed Down,-0.1432,Distribution,43.2713,Neutral,4 - Declining,early,74.0,3.0,3 - Topping,50.0,WAIT,38.0,1.0,Weak ADX,"4 - Declining, trend 14 but ADX shows no trend, this is a range - wait for alignment",3 - Topping - no new positions in a basing/topping stage,3 - Topping - no new positions in a basing/topping stage
2025-08-12,376.5,380.5,371.2999877929688,372.25,187320,397.6422,396.3974,Yes,16.62,Strong Bear,Downtrend,Hold,Downtrend (LH+LL),Bearish,13.75,Strong Bear,Bearish confirmed,"Range with bearish lean - ADX no trend, direction not confirmed",26.94,"Underperforming, weakening",Lags both,40.0781,Neutral,-10.5319,-9.8328,bearish fading,Neutral,-5.5922,-0.5954,full,26.97,Negative accelerating,37.42,Bearish,Bearish confirmed,None,Bearish - all 4 components agree incl. MACD acceleration,Lower Half,No Trend,Bearish,Yes,Yes,Inside,30.44,Low,Stable,12.78,No,"Low volatility, stable",Low vol - tight stops,Normal,Falling,Weak Down,-0.1755,Distribution,42.3807,Neutral,4 - Declining,early,74.0,4.0,3 - Topping,50.0,WAIT,38.0,1.0,Weak ADX,"4 - Declining, trend 14 but ADX shows no trend, this is a range - wait for alignment",3 - Topping but stage confidence only 40 - regime not established,3 - Topping - no new positions in a basing/topping stage
2025-08-13,374.7000122070313,385.0,370.6000061035156,374.8999938964844,398226,396.7504,396.1835,Yes,19.7,Strong Bear,Downtrend,Hold,Downtrend (LH+LL),Bearish,14.98,Strong Bear,Bearish confirmed,"Range with bearish lean - ADX no trend, direction not confirmed",17.18,"Underperforming, weakening",Lags both,41.6602,Neutral,-10.2047,-9.9072,bearish fading,Neutral,-3.3514,-0.3887,full,20.54,Negative accelerating,36.53,Bearish,Bearish majority,None,Bearish - price momentum agrees but MACD shows deceleration,Lower Half,No Trend,Bearish,No,Yes,Inside,29.4,Low,Stable,9.32,No,"Low volatility, stable",Low vol - tight stops,Normal,Falling,Confirmed Up,-0.194,Distribution,47.9348,Neutral,4 - Declining,early,74.0,5.0,3 - Topping,50.0,WAIT,38.0,1.0,Weak ADX,"4 - Declining, trend 15 but ADX shows no trend, this is a range - wait for alignment",3 - Topping but stage confidence only 40 - regime not established,3 - Topping - no new positions in a basing/topping stage
2025-08-14,377.0,385.7999877929688,357.8999938964844,367.2000122070313,924403,395.5915,395.8951,Yes,8.63,Strong Bear,Downtrend,Hold,Downtrend (LH+LL),Bearish,10.77,Strong Bear,Bearish confirmed,"Range with bearish lean - ADX no trend, direction not confirmed",18.44,"Underperforming, weakening",Lags both,38.481,Neutral,-10.4462,-10.015,bearish accelerating,Neutral,-3.1518,-0.3669,full,22.23,Negative fading,35.7,Bearish,Bearish confirmed,None,Bearish - all 4 components agree incl. MACD acceleration,Lower Half,No Trend,Bearish,Yes,Yes,Inside,30.95,Low,Stable,8.97,No,"Low volatility, stable",Wide stop - size down,High,Falling,Confirmed Down,-0.2232,Distribution,48.5868,Neutral,4 - Declining,early,84.0,6.0,3 - Topping,50.0,WAIT,38.0,1.0,Weak ADX,"4 - Declining, trend 11 but ADX shows no trend, this is a range - wait for alignment","4 - Declining, trend 15 but ADX shows no trend, this is a range - wait for alignment",3 - Topping - no new positions in a basing/topping stage
2025-08-18,387.9500122070313,414.0,381.1000061035156,409.0,6249235,396.1173,396.0255,No,38.44,Bear,Downtrend,Hold,Downtrend (LH+LL),Bearish,37.06,Bear,Bearish majority,"Range with bearish lean - ADX no trend, direction not confirmed",36.47,"Underperforming, weakening",Lags both,57.4596,Neutral,-7.1819,-9.4484,Bullish crossover,Neutral,8.7621,0.7073,full,40.74,Negative fading,52.92,Neutral,Bullish majority,None,"Neutral - majority agree, 1 dissenting",Upper Half,No Trend,Bullish,No,Yes,Inside,33.81,Low,Stable,9.8,No,"Low volatility, stable",Wide stop - size down,High,Rising,Confirmed Up,0.203,Accumulation,80.2399,Overbought,4 - Declining,early,74.0,7.0,3 - Topping,50.0,WAIT,44.45,1.0,Weak ADX,"4 - Declining, trend 37 but ADX shows no trend, this is a range - wait for alignment","4 - Declining, trend 15 but ADX shows no trend, this is a range - wait for alignment",3 - Topping - no new positions in a basing/topping stage
2025-08-19,408.9500122070313,417.6000061035156,403.0499877929688,410.3500061035156,1205853,396.6755,396.168,No,40.71,Neutral,Uptrend,Buy,Downtrend (LH+LL),Bearish,50.45,Neutral,Mixed,"No clear trend - ADX no trend, price ranging",37.98,"Underperforming, weakening",Lags both,57.9113,Neutral,-4.4349,-8.4457,bearish accelerating,Neutral,9.5435,0.7754,full,41.73,Negative fading,57.39,Neutral,Bullish majority,None,"Neutral - majority agree, 1 dissenting",Upper Half,No Trend,Bullish,No,Yes,Inside,29.8,Low,Stable,4.44,No,"Low volatility, stable",Wide stop - size down,Normal,Rising,Confirmed Up,0.2082,Accumulation,81.2706,Overbought,4 - Declining,early,74.0,8.0,3 - Topping,50.0,WAIT,51.82,1.0,Trend,"4 - Declining, but trend score 50 does not confirm short - no directional edge","4 - Declining, trend 14 but ADX shows no trend, this is a range - wait for alignment",3 - Topping - no new positions in a basing/topping stage
2025-08-20,409.3999938964844,409.3999938964844,397.1000061035156,400.2999877929688,532229,396.8176,396.2091,No,36.19,Bear,Uptrend,Hold,Downtrend (LH+LL),Bearish,48.22,Neutral,Mixed,"No clear trend - ADX no trend, price ranging",34.08,"Underperforming, weakening",Lags both,53.369,Neutral,-3.0338,-7.3633,bearish accelerating,Overbought,6.6471,0.5129,full,40.85,Negative accelerating,57.94,Neutral,Bullish majority,Bullish divergence,Neutral - bullish divergence vs price over 21 bars,Upper Half,No Trend,Bullish,No,Yes,Inside,27.78,Low,Stable,1.51,No,"Low volatility, stable",Wide stop - size down,Normal,Rising,Weak Down,0.1752,Accumulation,77.2377,Neutral,4 - Declining,early,74.0,9.0,3 - Topping,50.0,WAIT,48.58,1.0,Trend,"4 - Declining, but trend score 48 does not confirm short - no directional edge","4 - Declining, trend 14 but ADX shows no trend, this is a range - wait for alignment",3 - Topping but stage confidence only 40 - regime not established
2025-08-21,401.0,408.0,392.25,394.3999938964844,494708,396.7228,396.1911,Yes,42.88,Neutral,Uptrend,Hold,Downtrend (LH+LL),Bearish,50.0,Neutral,Bearish majority,"No clear trend - ADX no trend, price ranging",28.62,"Underperforming, weakening",Lags both,50.8476,Neutral,-2.3722,-6.3651,bearish fading,Neutral,8.695,0.6951,full,34.75,Negative accelerating,53.81,Neutral,Bullish majority,None,"Neutral - majority agree, 1 dissenting",Upper Half,No Trend,Bearish,No,Yes,Inside,25.56,Low,Stable,-2.78,No,"Low volatility, stable",Wide stop - size down,Normal,Rising,Weak Down,0.1596,Accumulation,75.5267,Neutral,4 - Declining,early,64.0,10.0,3 - Topping,50.0,WAIT,49.14,1.0,Trend,"4 - Declining, but trend score 50 does not confirm short - no directional edge","4 - Declining, trend 15 but ADX shows no trend, this is a range - wait for alignment",3 - Topping but stage confidence only 40 - regime not established
2025-08-22,393.0,407.7000122070313,389.5499877929688,402.75,669635,396.9592,396.2564,No,47.64,Neutral,Uptrend,Hold,Downtrend (LH+LL),Bearish,51.67,Neutral,Mixed,"No clear trend - ADX no trend, price ranging",38.89,"Underperforming, weakening",Lags both,54.1492,Neutral,-1.1607,-5.3242,bearish accelerating,Neutral,4.8009,0.3479,full,40.07,Negative fading,56.06,Neutral,Bullish majority,Bullish divergence,Neutral - bullish divergence vs price over 21 bars,Upper Half,No Trend,Bearish,No,Yes,Inside,24.44,Low,Stable,-5.91,No,"Low volatility, stable",Wide stop - size down,Normal,Rising,Weak Up,0.181,Accumulation,78.2549,Neutral,4 - Declining,early,64.0,11.0,3 - Topping,50.0,WAIT,51.77,1.0,Trend,"4 - Declining, but trend score 52 does not confirm short - no directional edge","4 - Declining, trend 11 but ADX shows no trend, this is a range - wait for alignment","4 - Declining, trend 15 but ADX shows no trend, this is a range - wait for alignment"
2025-08-25,405.4500122070313,413.7000122070313,398.5,412.1000061035156,706274,397.5529,396.414,No,60.36,Bull,Uptrend,Hold,Downtrend (LH+LL),Bearish,56.13,Neutral,Mixed,"No clear trend - ADX no trend, price ranging",41.76,"Underperforming, improving",Lags both,57.5849,Neutral,0.5476,-4.1498,bullish accelerating,Neutral,8.7909,0.7095,full,44.55,Negative fading,59.73,Bullish,Bullish majority,None,"Bullish - majority agree, 1 dissenting",Upper Half,No Trend,Bullish,No,Yes,Inside,25.95,Low,Stable,-5.08,No,"Low volatility, stable",Wide stop - size down,Normal,Rising,Weak Up,0.2689,Accumulation,80.5686,Overbought,4 - Declining,early,50.0,12.0,3 - Topping,50.0,WAIT,56.28,1.0,Trend,"4 - Declining, but trend score 56 does not confirm short - no directional edge","4 - Declining, trend 37 but ADX shows no trend, this is a range - wait for alignment","4 - Declining, trend 15 but ADX shows no trend, this is a range - wait for alignment"
2025-08-26,412.0,412.0,395.0,396.8999938964844,366476,397.5273,396.4189,No,56.08,Neutral,Uptrend,Hold,Downtrend (LH+LL),Bearish,54.63,Neutral,Mixed,"No clear trend - ADX no trend, price ranging",33.0,"Underperforming, improving",Lags both,50.9067,Neutral,0.6672,-3.1864,bullish fading,Neutral,5.6428,0.4254,full,36.08,Negative accelerating,54.45,Neutral,Bullish majority,None,"Neutral - majority agree, 1 dissenting",Upper Half,No Trend,Bearish,No,Yes,Inside,26.75,Low,Stable,-4.52,No,"Low volatility, stable",Wide stop - size down,Dry-up,Rising,Weak Down,0.27,Accumulation,78.0951,Neutral,4 - Declining,early,50.0,13.0,3 - Topping,50.0,WAIT,52.82,1.0,Trend,"4 - Declining, but trend score 55 does not confirm short - no directional edge","4 - Declining, but trend score 50 does not confirm short - no directional edge","4 - Declining, trend 14 but ADX shows no trend, this is a range - wait for alignment"
2025-08-28,399.0,405.75,392.3999938964844,395.0,462533,397.4282,396.4048,Yes,55.67,Neutral,Uptrend,Hold,Downtrend (LH+LL),Bearish,54.48,Neutral,Mixed,"No clear trend - ADX no trend, price ranging",26.99,"Underperforming, improving",Lags both,50.1242,Neutral,0.6017,-2.4288,bullish fading,Neutral,6.1115,0.4661,full,28.92,Negative accelerating,50.62,Neutral,Bullish majority,None,"Neutral - majority agree, 1 dissenting",Upper Half,No Trend,Bearish,No,Yes,Inside,25.71,Low,Stable,-4.72,No,"Low volatility, stable",Wide stop - size down,Normal,Rising,Weak Down,0.2215,Accumulation,77.2437,Neutral,4 - Declining,early,50.0,14.0,3 - Topping,50.0,WAIT,51.6,1.0,Trend,"4 - Declining, but trend score 54 does not confirm short - no directional edge","4 - Declining, but trend score 48 does not confirm short - no directional edge","4 - Declining, trend 14 but ADX shows no trend, this is a range - wait for alignment"
2025-08-29,396.0,397.4500122070313,390.0,392.4500122070313,211897,397.233,396.3654,Yes,48.12,Neutral,Uptrend,Hold,Downtrend (LH+LL),Bearish,51.84,Neutral,Mixed,"No clear trend - ADX no trend, price ranging",29.73,"Underperforming, improving",Lags both,49.0348,Neutral,0.3402,-1.875,bullish fading,Neutral,4.6813,0.3352,full,31.17,Negative fading,48.66,Neutral,Mixed,None,"Neutral - components mixed, low conviction",Upper Half,No Trend,Bearish,No,Yes,Inside,24.4,Low,Stable,-5.0,No,"Low volatility, stable",Wide stop - size down,Dry-up,Rising,Weak Down,0.228,Accumulation,74.7252,Neutral,4 - Declining,mid,64.0,15.0,3 - Topping,50.0,WAIT,48.43,1.0,Trend,"4 - Declining, but trend score 52 does not confirm short - no directional edge","4 - Declining, but trend score 50 does not confirm short - no directional edge","4 - Declining, trend 15 but ADX shows no trend, this is a range - wait for alignment"
2025-09-01,392.4500122070313,405.7999877929688,391.4500122070313,401.3999938964844,621806,397.3964,396.4155,No,57.67,Neutral,Uptrend,Hold,Downtrend (LH+LL),Bearish,55.18,Neutral,Mixed,"No clear trend - ADX no trend, price ranging",32.01,"Underperforming, improving",Lags both,52.9038,Neutral,0.8453,-1.3309,bullish fading,Neutral,9.3137,0.7498,full,34.87,Negative fading,51.14,Neutral,Bullish majority,Bearish divergence,Neutral - bearish divergence vs price over 21 bars,Upper Half,No Trend,Bullish,No,No,Inside,24.48,Low,Stable,-6.47,No,"Low volatility, stable",Low vol - tight stops,Normal,Rising,Weak Up,0.2493,Accumulation,75.4705,Neutral,4 - Declining,mid,50.0,16.0,3 - Topping,50.0,WAIT,53.27,1.0,Trend,"4 - Declining, but trend score 55 does not confirm short - no directional edge","4 - Declining, but trend score 52 does not confirm short - no directional edge","4 - Declining, trend 11 but ADX shows no trend, this is a range - wait for alignment"
2025-09-02,403.2999877929688,409.2000122070313,400.2000122070313,403.2999877929688,506750,397.6279,396.484,No,62.0,Bull,Uptrend,Hold,Downtrend (LH+LL),Bearish,56.7,Neutral,Mixed,"No clear trend - ADX no trend, price ranging",31.86,"Underperforming, improving",Lags both,53.7072,Neutral,1.383,-0.7882,bullish fading,Neutral,-1.3936,-0.2141,full,35.79,Negative fading,52.16,Neutral,Bullish majority,None,"Neutral - majority agree, 1 dissenting",Upper Half,No Trend,Bullish,No,No,Inside,22.94,Low,Stable,-10.87,No,"Low volatility, stable",Low vol - tight stops,Normal,Rising,Weak Up,0.2476,Accumulation,78.3764,Neutral,4 - Declining,mid,40.0,17.0,3 - Topping,50.0,STAND ASIDE,50.0,0.0,Stage unclear,4 - Declining but stage confidence only 40 - regime not established,"4 - Declining, but trend score 56 does not confirm short - no directional edge","4 - Declining, trend 37 but ADX shows no trend, this is a range - wait for alignment"
2025-09-03,402.0,408.5,397.25,400.1499938964844,464797,397.7268,396.5205,No,61.7,Bull,Uptrend,Hold,Downtrend (LH+LL),Bearish,56.6,Neutral,Mixed,"No clear trend - ADX no trend, price ranging",25.01,"Underperforming, improving",Lags both,52.1197,Neutral,1.5373,-0.3231,bullish fading,Neutral,-2.4857,-0.3113,full,30.78,Negative accelerating,50.3,Neutral,Bullish majority,None,"Neutral - majority agree, 1 dissenting",Upper Half,No Trend,Bullish,No,No,Inside,21.59,Low,Stable,-8.21,No,"Low volatility, stable",Low vol - tight stops,Normal,Rising,Weak Down,0.2273,Accumulation,75.4471,Neutral,4 - Declining,mid,40.0,18.0,3 - Topping,50.0,STAND ASIDE,50.0,0.0,Stage unclear,4 - Declining but stage confidence only 40 - regime not established,"4 - Declining, but trend score 55 does not confirm short - no directional edge","4 - Declining, but trend score 50 does not confirm short - no directional edge"
2025-09-04,400.7999877929688,404.3999938964844,390.0,391.25,225729,397.4728,396.468,Yes,50.75,Neutral,Uptrend,Hold,Downtrend (LH+LL),Bearish,52.76,Neutral,Mixed,"No clear trend - ADX no trend, price ranging",22.29,"Underperforming, improving",Lags both,47.819,Neutral,0.9306,-0.0723,bullish fading,Neutral,-2.2608,-0.2924,full,27.7,Negative accelerating,46.31,Neutral,Mixed,Bearish divergence,Neutral - bearish divergence vs price over 21 bars,Lower Half,No Trend,Bearish,No,No,Inside,20.91,Low,Stable,-6.87,No,"Low volatility, stable",Low vol - tight stops,Dry-up,Rising,Weak Down,0.2155,Accumulation,73.5382,Neutral,4 - Declining,mid,50.0,19.0,3 - Topping,50.0,WAIT,49.53,1.0,Trend,"4 - Declining, but trend score 53 does not confirm short - no directional edge","4 - Declining, but trend score 54 does not confirm short - no directional edge","4 - Declining, but trend score 48 does not confirm short - no directional edge"
2025-09-05,390.0499877929688,390.7000122070313,379.0,380.3500061035156,679118,396.8013,396.3077,Yes,29.18,Bear,Uptrend,Hold,Downtrend (LH+LL),Bearish,45.21,Neutral,Mixed,"No clear trend - ADX no trend, price ranging",21.69,"Underperforming, improving",Lags both,43.1256,Neutral,-0.4248,-0.1428,Bearish crossover,Neutral,-3.5624,-0.4095,full,25.26,Negative accelerating,39.6,Bearish,Bearish confirmed,Bearish divergence,Bearish - bearish divergence vs price over 21 bars,Lower Half,No Trend,Bearish,No,No,Inside,18.93,Very Low,Stable,-6.63,No,"Very Low volatility, stable",Low vol - tight stops,Normal,Rising,Weak Down,0.1911,Accumulation,74.6598,Neutral,3 - Topping,early,40.0,1.0,4 - Declining,19.0,STAND ASIDE,50.0,0.0,Stage unclear,3 - Topping but stage confidence only 40 - regime not established,"4 - Declining, but trend score 52 does not confirm short - no directional edge","4 - Declining, but trend score 50 does not confirm short - no directional edge"
2025-09-08,381.5,384.4500122070313,374.3999938964844,375.0499877929688,776173,395.9484,396.0961,Yes,15.94,Strong Bear,Uptrend,Hold,Downtrend (LH+LL),Bearish,37.57,Bear,Mixed,"Range with bearish lean - ADX no trend, direction not confirmed",7.05,"Underperforming, improving",Lags both,41.0174,Neutral,-1.9047,-0.4952,bearish accelerating,Neutral,-6.8777,-0.7069,full,13.01,Negative accelerating,31.06,Bearish,Bearish confirmed,Bearish divergence,Bearish - bearish divergence vs price over 21 bars,Lower Half,No Trend,Bearish,Yes,No,Inside,19.53,Very Low,Stable,-4.92,No,"Very Low volatility, stable",Low vol - tight stops,Normal,Rising,Weak Down,0.1121,Accumulation,47.6097,Neutral,3 - Topping,early,20.0,2.0,4 - Declining,19.0,STAND ASIDE,50.0,0.0,Stage unclear,3 - Topping but stage confidence only 20 - regime not established,"4 - Declining, but trend score 55 does not confirm short - no directional edge","4 - Declining, but trend score 52 does not confirm short - no directional edge"
2025-09-09,375.7000122070313,376.7000122070313,371.2000122070313,372.4500122070313,293091,395.0269,395.8609,Yes,11.7,Strong Bear,Uptrend,Hold,Downtrend (LH+LL),Bearish,34.58,Bear,Mixed,"Range with bearish lean - ADX no trend, direction not confirmed",5.18,"Underperforming, weakening",Lags both,39.9848,Neutral,-3.2498,-1.0461,bearish accelerating,Oversold,-9.6214,-0.9503,full,12.27,Negative accelerating,27.4,Strong Bearish,Bearish confirmed,None,Strong Bearish - all 4 components agree incl. MACD acceleration,Lower Half,No Trend,Bearish,Yes,No,Inside,17.94,Very Low,Stable,-8.02,No,"Very Low volatility, stable",Low vol - tight stops,Dry-up,Rising,Weak Down,0.1098,Accumulation,36.3863,Neutral,3 - Topping,early,20.0,3.0,4 - Declining,19.0,STAND ASIDE,50.0,0.0,Stage unclear,3 - Topping but stage confidence only 20 - regime not established,4 - Declining but stage confidence only 40 - regime not established,"4 - Declining, but trend score 56 does not confirm short - no directional edge"
2025-09-10,375.2999877929688,381.7000122070313,365.5,375.2999877929688,2007698,394.2532,395.6563,Yes,11.69,Strong Bear,Uptrend,Hold,Downtrend (LH+LL),Bearish,36.23,Bear,Mixed,"Range with bearish lean - ADX no trend, direction not confirmed",11.39,"Underperforming, weakening",Lags both,41.7169,Neutral,-4.0393,-1.6448,bearish accelerating,Oversold,-5.4422,-0.5736,full,17.77,Negative fading,30.0,Bearish,Bearish confirmed,None,Bearish - all 4 components agree incl. MACD acceleration,Lower Half,No Trend,Bearish,Yes,No,Inside,18.53,Very Low,Stable,-8.21,No,"Very Low volatility, stable",Low vol - tight stops,High,Rising,Confirmed Up,0.1156,Accumulation,53.1713,Neutral,3 - Topping,early,20.0,4.0,4 - Declining,19.0,STAND ASIDE,50.0,0.0,Stage unclear,3 - Topping but stage confidence only 20 - regime not established,4 - Declining but stage confidence only 40 - regime not established,"4 - Declining, but trend score 55 does not confirm short - no directional edge"
2025-09-11,377.8500061035156,378.6000061035156,367.75,369.0,999773,393.2629,395.391,Yes,9.79,Strong Bear,Uptrend,Hold,Downtrend (LH+LL),Bearish,31.9,Bear,Mixed,"Range with bearish lean - ADX no trend, direction not confirmed",8.58,"Underperforming, weakening",Lags both,39.035,Neutral,-5.1144,-2.3387,bearish accelerating,Oversold,-6.5823,-0.6747,full,17.8,Negative fading,28.97,Strong Bearish,Bearish confirmed,None,Strong Bearish - all 4 components agree incl. MACD acceleration,Lower Half,No Trend,Bearish,Yes,No,Inside,19.05,Very Low,Stable,-6.67,No,"Very Low volatility, stable",Low vol - tight stops,Normal,Rising,Confirmed Down,0.0776,Accumulation,50.5066,Neutral,3 - Topping,early,20.0,5.0,4 - Declining,19.0,STAND ASIDE,50.0,0.0,Stage unclear,3 - Topping but stage confidence only 20 - regime not established,"4 - Declining, but trend score 53 does not confirm short - no directional edge","4 - Declining, but trend score 54 does not confirm short - no directional edge"
2025-09-12,370.7999877929688,371.9500122070313,359.3999938964844,360.25,1377300,391.9683,395.0414,Yes,7.24,Strong Bear,Uptrend,Hold,Downtrend (LH+LL),Bearish,25.1,Bear,Bearish majority,"Range with bearish lean - ADX no trend, direction not confirmed",2.26,"Underperforming, weakening",Lags both,35.6108,Oversold,-6.5965,-3.1902,bearish accelerating,Oversold,-8.2049,-0.8175,full,15.01,Negative accelerating,26.31,Strong Bearish,Bearish confirmed,None,Strong Bearish - all 4 components agree incl. MACD acceleration,At Lower,No Trend,Bearish,Yes,No,Near Lower,22.86,Low,Stable,-1.55,No,"Low volatility, stable",Low vol - tight stops,Normal,Rising,Confirmed Down,0.0216,Neutral,40.1363,Neutral,3 - Topping,early,20.0,6.0,4 - Declining,19.0,STAND ASIDE,50.0,0.0,Stage unclear,3 - Topping but stage confidence only 20 - regime not established,3 - Topping but stage confidence only 40 - regime not established,"4 - Declining, but trend score 52 does not confirm short - no directional edge"
2025-09-15,361.6000061035156,363.5,354.5,355.5,822707,390.5382,394.6479,Yes,6.55,Strong Bear,Downtrend,Sell,Downtrend (LH+LL),Bearish,10.42,Strong Bear,Bearish confirmed,"Range with bearish lean - ADX no trend, direction not confirmed",5.14,"Underperforming, weakening",Lags both,33.8736,Oversold,-8.0613,-4.1645,bearish accelerating,Oversold,-11.435,-1.1008,full,15.1,Negative fading,24.53,Strong Bearish,Bearish confirmed,None,Strong Bearish - all 4 components agree incl. MACD acceleration,Below Lower,No Trend,Bearish,Yes,No,Breakout Down,23.97,Low,Stable,-0.52,No,"Low volatility, stable",Low vol - tight stops,Normal,Rising,Weak Down,0.0049,Neutral,32.3329,Neutral,3 - Topping,early,20.0,7.0,4 - Declining,19.0,STAND ASIDE,50.0,0.0,Stage unclear,3 - Topping but stage confidence only 20 - regime not established,3 - Topping but stage confidence only 20 - regime not established,"4 - Declining, but trend score 55 does not confirm short - no directional edge"
2025-09-16,355.5,361.0,348.79998779296875,350.04998779296875,1357131,388.9504,394.2042,Yes,5.75,Strong Bear,Downtrend,Hold,Downtrend (LH+LL),Bearish,8.99,Strong Bear,Bearish confirmed,"Range with bearish lean - ADX emerging, direction not confirmed",0.68,"Underperforming, weakening",Lags both,31.9479,Oversold,-9.5519,-5.242,bearish accelerating,Oversold,-13.2036,-1.249,full,13.65,Negative accelerating,22.88,Strong Bearish,Bearish confirmed,None,Strong Bearish - all 4 components agree incl. MACD acceleration,Below Lower,Emerging,Bearish,Yes,No,Breakout Down,28.81,Low,Stable,5.87,No,"Low volatility, stable",Low vol - tight stops,Normal,Rising,Confirmed Down,-0.3608,Distribution,29.6843,Neutral,3 - Topping,early,20.0,8.0,4 - Declining,19.0,STAND ASIDE,50.0,0.0,Stage unclear,3 - Topping but stage confidence only 20 - regime not established,3 - Topping but stage confidence only 20 - regime not established,4 - Declining but stage confidence only 40 - regime not established
2025-09-17,352.45001220703125,374.25,351.75,364.1000061035156,1965815,387.9759,393.9046,Yes,9.87,Strong Bear,Downtrend,Hold,Downtrend (LH+LL),Bearish,10.29,Strong Bear,Bearish confirmed,"Range with bearish lean - ADX emerging, direction not confirmed",10.38,"Underperforming, weakening",Lags both,41.2245,Neutral,-9.4901,-6.0916,bearish fading,Oversold,-9.0091,-0.868,full,22.48,Negative fading,30.32,Bearish,Bearish confirmed,None,Bearish - all 4 components agree incl. MACD acceleration,Lower Half,Emerging,Bearish,Yes,Yes,Inside,33.25,Low,Stable,11.67,No,"Low volatility, stable",Low vol - tight stops,High,Rising,Confirmed Up,-0.331,Distribution,41.8219,Neutral,3 - Topping,early,20.0,9.0,4 - Declining,19.0,STAND ASIDE,50.0,0.0,Stage unclear,3 - Topping but stage confidence only 20 - regime not established,3 - Topping but stage confidence only 20 - regime not established,4 - Declining but stage confidence only 40 - regime not established
2025-09-18,366.7999877929688,369.6000061035156,355.0,356.75,663133,386.7513,393.5349,Yes,6.93,Strong Bear,Downtrend,Hold,Downtrend (LH+LL),Bearish,9.13,Strong Bear,Bearish confirmed,"Range with bearish lean - ADX emerging, direction not confirmed",13.59,"Underperforming, weakening",Lags both,38.2844,Neutral,-9.9199,-6.8572,bearish fading,Oversold,-8.8179,-0.8453,full,25.96,Negative fading,31.37,Bearish,Bearish confirmed,None,Bearish - all 4 components agree incl. MACD acceleration,Lower Half,Emerging,Bearish,Yes,Yes,Inside,33.73,Low,Stable,12.82,No,"Low volatility, stable",Low vol - tight stops,Normal,Rising,Weak Down,-0.3441,Distribution,40.4494,Neutral,3 - Topping,early,20.0,10.0,4 - Declining,19.0,STAND ASIDE,50.0,0.0,Stage unclear,3 - Topping but stage confidence only 20 - regime not established,3 - Topping but stage confidence only 20 - regime not established,"4 - Declining, but trend score 53 does not confirm short - no directional edge"
2025-09-19,357.75,361.9500122070313,353.0,353.8999938964844,855141,385.463,393.1405,Yes,6.53,Strong Bear,Downtrend,Hold,Downtrend (LH+LL),Bearish,8.78,Strong Bear,Bearish confirmed,"Range with bearish lean - ADX emerging, direction not confirmed",17.62,"Underperforming, weakening",Lags both,37.1772,Neutral,-10.3709,-7.56,bearish fading,Oversold,-6.9541,-0.6707,full,25.81,Negative accelerating,31.59,Bearish,Bearish confirmed,None,Bearish - all 4 components agree incl. MACD acceleration,Lower Half,Emerging,Bearish,Yes,No,Inside,33.85,Low,Stable,14.92,No,"Low volatility, stable",Low vol - tight stops,Normal,Rising,Confirmed Down,-0.3566,Distribution,34.7996,Neutral,3 - Topping,early,20.0,11.0,4 - Declining,19.0,STAND ASIDE,50.0,0.0,Stage unclear,3 - Topping but stage confidence only 20 - regime not established,3 - Topping but stage confidence only 20 - regime not established,3 - Topping but stage confidence only 40 - regime not established
2025-09-22,355.0,359.0,349.95001220703125,355.3500061035156,860331,384.2821,392.7645,Yes,7.44,Strong Bear,Downtrend,Hold,Downtrend (LH+LL),Bearish,8.78,Strong Bear,Bearish confirmed,"Range with bearish lean - ADX emerging, direction not confirmed",14.29,"Underperforming, weakening",Lags both,38.1571,Neutral,-10.4904,-8.1461,bearish fading,Oversold,-5.2526,-0.5098,full,23.28,Negative accelerating,31.17,Bearish,Bearish confirmed,None,Bearish - all 4 components agree incl. MACD acceleration,Lower Half,Emerging,Bearish,Yes,No,Inside,32.22,Low,Stable,12.7,No,"Low volatility, stable",Low vol - tight stops,Normal,Rising,Confirmed Up,-0.3609,Distribution,29.9066,Neutral,3 - Topping,mid,20.0,12.0,4 - Declining,19.0,STAND ASIDE,50.0,0.0,Stage unclear,3 - Topping but stage confidence only 20 - regime not established,3 - Topping but stage confidence only 20 - regime not established,3 - Topping but stage confidence only 20 - regime not established
2025-09-23,360.20001220703125,373.6000061035156,357.0,360.7000122070313,1552692,383.3573,392.4455,Yes,9.57,Strong Bear,Downtrend,Hold,Downtrend (LH+LL),Bearish,10.17,Strong Bear,Bearish confirmed,"Range with bearish lean - ADX emerging, direction not confirmed",15.15,"Underperforming, weakening",Lags both,41.7665,Neutral,-10.0377,-8.5244,bearish fading,Oversold,-3.1548,-0.3065,full,23.12,Negative accelerating,33.64,Bearish,Bearish confirmed,None,Bearish - all 4 components agree incl. MACD acceleration,Lower Half,Emerging,Bearish,Yes,Yes,Inside,31.43,Low,Stable,13.49,No,"Low volatility, stable",Low vol - tight stops,Normal,Rising,Confirmed Up,-0.4261,Distribution,38.4656,Neutral,3 - Topping,mid,20.0,13.0,4 - Declining,19.0,STAND ASIDE,50.0,0.0,Stage unclear,3 - Topping but stage confidence only 20 - regime not established,3 - Topping but stage confidence only 20 - regime not established,3 - Topping but stage confidence only 20 - regime not established
2025-09-24,358.8500061035156,360.7000122070313,350.8500061035156,353.0,607614,382.1669,392.053,Yes,7.21,Strong Bear,Downtrend,Hold,Downtrend (LH+LL),Bearish,9.65,Strong Bear,Bearish confirmed,"Range with bearish lean - ADX no trend, direction not confirmed",11.18,"Underperforming, weakening",Lags both,38.3017,Neutral,-10.1828,-8.8561,bearish fading,Oversold,-5.9419,-0.5646,full,17.46,Negative accelerating,31.25,Bearish,Bearish confirmed,None,Bearish - all 4 components agree incl. MACD acceleration,Lower Half,No Trend,Bearish,No,Yes,Inside,31.27,Low,Stable,12.74,No,"Low volatility, stable",Low vol - tight stops,Normal,Rising,Weak Down,-0.4235,Distribution,37.566,Neutral,3 - Topping,mid,20.0,14.0,4 - Declining,19.0,STAND ASIDE,50.0,0.0,Stage unclear,3 - Topping but stage confidence only 20 - regime not established,3 - Topping but stage confidence only 20 - regime not established,3 - Topping but stage confidence only 20 - regime not established
2025-09-25,360.0,361.8500061035156,354.5,359.04998779296875,712220,381.2603,391.7246,Yes,9.63,Strong Bear,Downtrend,Hold,Downtrend (LH+LL),Bearish,10.84,Strong Bear,Bearish confirmed,"Range with bearish lean - ADX no trend, direction not confirmed",21.41,"Underperforming, weakening",Lags both,42.3485,Neutral,-9.6979,-9.0244,bearish fading,Neutral,-2.6965,-0.2467,full,21.98,Negative fading,35.44,Bearish,Bearish confirmed,None,Bearish - all 4 components agree incl. MACD acceleration,Lower Half,No Trend,Bearish,No,No,Inside,27.7,Low,Stable,8.65,No,"Low volatility, stable",Low vol - tight stops,Normal,Rising,Weak Up,-0.3917,Distribution,42.3292,Neutral,4 - Declining,early,84.0,1.0,3 - Topping,14.0,WAIT,38.0,1.0,Weak ADX,"4 - Declining, trend 11 but ADX shows no trend, this is a range - wait for alignment",3 - Topping but stage confidence only 20 - regime not established,3 - Topping but stage confidence only 20 - regime not established
2025-09-26,357.79998779296875,358.0,346.6000061035156,348.8500061035156,637888,379.9893,391.298,Yes,6.54,Strong Bear,Downtrend,Hold,Downtrend (LH+LL),Bearish,9.73,Strong Bear,Bearish confirmed,"Range with bearish lean - ADX no trend, direction not confirmed",21.89,"Underperforming, weakening",Lags both,37.842,Neutral,-10.0211,-9.2238,bearish accelerating,Oversold,-3.1645,-0.2842,full,19.84,Negative accelerating,32.71,Bearish,Bearish confirmed,None,Bearish - all 4 components agree incl. MACD acceleration,Lower Half,No Trend,Bearish,No,No,Near Lower,28.65,Low,Stable,5.79,No,"Low volatility, stable",Low vol - tight stops,Normal,Rising,Weak Down,-0.3999,Distribution,42.8801,Neutral,4 - Declining,early,84.0,2.0,3 - Topping,14.0,WAIT,38.0,1.0,Weak ADX,"4 - Declining, trend 10 but ADX shows no trend, this is a range - wait for alignment",3 - Topping but stage confidence only 20 - regime not established,3 - Topping but stage confidence only 20 - regime not established
2025-09-29,352.75,353.70001220703125,344.54998779296875,350.04998779296875,484466,378.8152,390.8875,Yes,7.37,Strong Bear,Downtrend,Hold,Downtrend (LH+LL),Bearish,9.91,Strong Bear,Bearish confirmed,"Range with bearish lean - ADX no trend, direction not confirmed",20.59,"Underperforming, weakening",Lags both,38.6688,Neutral,-10.0644,-9.3919,bearish fading,Oversold,-1.5331,-0.1167,full,19.56,Negative accelerating,33.26,Bearish,Bearish confirmed,None,Bearish - all 4 components agree incl. MACD acceleration,Lower Half,No Trend,Bearish,No,No,Near Lower,26.94,Low,Stable,2.98,No,"Low volatility, stable",Low vol - tight stops,Normal,Rising,Weak Up,-0.411,Distribution,42.4041,Neutral,4 - Declining,early,84.0,3.0,3 - Topping,14.0,WAIT,38.0,1.0,Weak ADX,"4 - Declining, trend 10 but ADX shows no trend, this is a range - wait for alignment",3 - Topping but stage confidence only 20 - regime not established,3 - Topping but stage confidence only 20 - regime not established
2025-09-30,353.0,360.75,342.0,346.1000061035156,1523877,377.5323,390.4419,Yes,6.57,Strong Bear,Downtrend,Hold,Downtrend (LH+LL),Bearish,9.97,Strong Bear,Bearish confirmed,"Range with bearish lean - ADX no trend, direction not confirmed",18.56,"Underperforming, weakening",Lags both,36.9274,Neutral,-10.2988,-9.5733,bearish accelerating,Oversold,-1.1284,-0.0741,full,17.56,Negative accelerating,31.37,Bearish,Bearish confirmed,None,Bearish - all 4 components agree incl. MACD acceleration,Lower Half,No Trend,Bearish,No,Yes,Near Lower,28.41,Low,Stable,-0.4,No,"Low volatility, stable",Low vol - tight stops,Normal,Rising,Confirmed Down,-0.4259,Distribution,39.9714,Neutral,4 - Declining,early,84.0,4.0,3 - Topping,14.0,WAIT,38.0,1.0,Weak ADX,"4 - Declining, trend 10 but ADX shows no trend, this is a range - wait for alignment",3 - Topping but stage confidence only 20 - regime not established,3 - Topping but stage confidence only 20 - regime not established
2025-10-01,347.6000061035156,348.54998779296875,339.0,340.1499938964844,792115,376.0663,389.9415,Yes,5.51,Strong Bear,Downtrend,Hold,Downtrend (LH+LL),Bearish,9.78,Strong Bear,Bearish confirmed,"Range with bearish lean - ADX no trend, direction not confirmed",10.09,"Underperforming, weakening",Lags both,34.4134,Oversold,-10.8397,-9.8265,bearish accelerating,Oversold,-6.5779,-0.61,full,13.22,Negative accelerating,28.81,Strong Bearish,Bearish confirmed,None,Strong Bearish - all 4 components agree incl. MACD acceleration,Lower Half,No Trend,Bearish,No,No,Breakout Down,24.68,Low,Stable,-8.57,No,"Low volatility, stable",Low vol - tight stops,Normal,Rising,Weak Down,-0.4382,Distribution,40.7624,Neutral,4 - Declining,early,84.0,5.0,3 - Topping,14.0,WAIT,38.0,1.0,Weak ADX,"4 - Declining, trend 10 but ADX shows no trend, this is a range - wait for alignment",3 - Topping but stage confidence only 20 - regime not established,3 - Topping but stage confidence only 20 - regime not established
2025-10-03,340.0,349.0,337.1000061035156,347.29998779296875,1226053,374.9382,389.5172,Yes,8.01,Strong Bear,Downtrend,Hold,Downtrend (LH+LL),Bearish,10.72,Strong Bear,Bearish confirmed,"Range with bearish lean - ADX no trend, direction not confirmed",11.63,"Underperforming, weakening",Lags both,39.724,Neutral,-10.5695,-9.9751,bearish fading,Oversold,-2.6489,-0.2201,full,15.28,Negative fading,32.1,Bearish,Bearish confirmed,None,Bearish - all 4 components agree incl. MACD acceleration,Lower Half,No Trend,Bearish,No,No,Inside,20.48,Low,Stable,-13.25,No,"Low volatility, stable",Low vol - tight stops,Normal,Rising,Confirmed Up,-0.3639,Distribution,49.8652,Neutral,4 - Declining,early,84.0,6.0,3 - Topping,14.0,WAIT,38.0,1.0,Weak ADX,"4 - Declining, trend 11 but ADX shows no trend, this is a range - wait for alignment","4 - Declining, trend 11 but ADX shows no trend, this is a range - wait for alignment",3 - Topping but stage confidence only 20 - regime not established
2025-10-06,350.70001220703125,357.54998779296875,345.70001220703125,355.54998779296875,907143,374.1779,389.1792,Yes,11.07,Strong Bear,Downtrend,Hold,Downtrend (LH+LL),Bearish,12.4,Strong Bear,Bearish confirmed,"Range with bearish lean - ADX no trend, direction not confirmed",15.15,"Underperforming, weakening",Lags both,45.2342,Neutral,-9.5793,-9.896,Bullish crossover,Neutral,0.4662,0.0873,full,19.11,Negative fading,37.66,Bearish,Bearish majority,None,Bearish - price momentum agrees but MACD shows deceleration,Lower Half,No Trend,Bearish,No,No,Inside,12.42,Very Low,Contracting,-21.43,No,"Very Low volatility, contracting - coiling, watch for breakout",Low vol - tight stops,Normal,Rising,Weak Up,-0.3048,Distribution,55.989,Neutral,4 - Declining,mid,84.0,7.0,3 - Topping,14.0,WAIT,38.0,1.0,Weak ADX,"4 - Declining, trend 12 but ADX shows no trend, this is a range - wait for alignment","4 - Declining, trend 10 but ADX shows no trend, this is a range - wait for alignment",3 - Topping but stage confidence only 20 - regime not established
2025-10-07,354.8999938964844,356.29998779296875,347.70001220703125,350.1000061035156,575574,373.2337,388.7904,Yes,9.22,Strong Bear,Downtrend,Hold,Downtrend (LH+LL),Bearish,12.33,Strong Bear,Bearish confirmed,"Range with bearish lean - ADX no trend, direction not confirmed",15.91,"Underperforming, weakening",Lags both,42.472,Neutral,-9.1291,-9.7426,bearish accelerating,Neutral,-1.4774,-0.1067,full,19.95,Negative fading,38.74,Bearish,Bearish majority,None,Bearish - price momentum agrees but MACD shows deceleration,Lower Half,No Trend,Bearish,No,No,Inside,8.37,Very Low,Contracting,-23.85,No,"Very Low volatility, contracting - coiling, watch for breakout",Low vol - tight stops,Normal,Rising,Weak Down,-0.287,Distribution,59.2627,Neutral,4 - Declining,mid,84.0,8.0,3 - Topping,14.0,WAIT,38.0,1.0,Weak ADX,"4 - Declining, trend 12 but ADX shows no trend, this is a range - wait for alignment","4 - Declining, trend 10 but ADX shows no trend, this is a range - wait for alignment",3 - Topping but stage confidence only 20 - regime not established
2025-10-08,350.20001220703125,352.70001220703125,344.45001220703125,345.6000061035156,529833,372.15,388.3606,Yes,7.91,Strong Bear,Downtrend,Hold,Downtrend (LH+LL),Bearish,12.21,Strong Bear,Bearish confirmed,"Range with bearish lean - ADX no trend, direction not confirmed",12.58,"Underperforming, weakening",Lags both,40.2846,Neutral,-9.0313,-9.6003,bearish fading,Neutral,-4.1863,-0.3729,full,16.33,Negative accelerating,36.76,Bearish,Bearish majority,Bullish divergence,Bearish - bullish divergence vs price over 21 bars,Lower Half,No Trend,Bearish,No,No,Inside,6.63,Very Low,Contracting,-24.8,No,"Very Low volatility, contracting - coiling, watch for breakout",Low vol - tight stops,Normal,Rising,Weak Down,-0.2946,Distribution,49.7605,Neutral,4 - Declining,mid,84.0,9.0,3 - Topping,14.0,WAIT,38.0,1.0,Weak ADX,"4 - Declining, trend 12 but ADX shows no trend, this is a range - wait for alignment","4 - Declining, trend 10 but ADX shows no trend, this is a range - wait for alignment",3 - Topping but stage confidence only 20 - regime not established
2025-10-09,347.6000061035156,349.3500061035156,339.0,339.79998779296875,708107,370.8814,387.8774,Yes,6.9,Strong Bear,Downtrend,Hold,Downtrend (LH+LL),Bearish,11.87,Strong Bear,Bearish confirmed,"Range with bearish lean - ADX no trend, direction not confirmed",4.65,"Underperforming, weakening",Lags both,37.5969,Neutral,-9.3144,-9.5432,bearish fading,Neutral,-3.7394,-0.3253,full,11.41,Negative accelerating,32.32,Bearish,Bearish majority,Bullish divergence,Bearish - bullish divergence vs price over 21 bars,Lower Half,No Trend,Bearish,No,No,Near Lower,6.55,Very Low,Contracting,-24.72,Partial,"Very Low volatility, contracting - coiling, watch for breakout",Low vol - tight stops,Normal,Rising,Weak Down,-0.3678,Distribution,49.7174,Neutral,4 - Declining,mid,84.0,10.0,3 - Topping,14.0,WAIT,38.0,1.0,Weak ADX,"4 - Declining, trend 12 but ADX shows no trend, this is a range - wait for alignment","4 - Declining, trend 10 but ADX shows no trend, this is a range - wait for alignment",3 - Topping but stage confidence only 20 - regime not established
2025-10-10,340.5,362.8999938964844,338.0,360.2999877929688,1935327,370.4664,387.603,Yes,19.19,Strong Bear,Downtrend,Hold,Downtrend (LH+LL),Bearish,19.03,Strong Bear,Bearish majority,"Range with bearish lean - ADX no trend, direction not confirmed",15.38,"Underperforming, weakening",Lags both,50.2348,Neutral,-7.7948,-9.1935,bearish accelerating,Neutral,0.3481,0.0772,full,21.76,Negative fading,41.89,Bearish,Mixed,Bullish divergence,Bearish - bullish divergence vs price over 21 bars,Upper Half,No Trend,Bullish,No,No,Inside,8.49,Very Low,Stable,-19.21,Confirmed,"Very Low volatility, squeeze confirmed - expansion pending",Coiled - low vol squeeze,Normal,Rising,Confirmed Up,-0.2362,Distribution,60.5064,Neutral,4 - Declining,mid,84.0,11.0,3 - Topping,14.0,WAIT,38.0,1.0,Weak ADX,"4 - Declining, trend 19 but ADX shows no trend, this is a range - wait for alignment","4 - Declining, trend 11 but ADX shows no trend, this is a range - wait for alignment","4 - Declining, trend 11 but ADX shows no trend, this is a range - wait for alignment"
2025-10-13,354.6000061035156,356.6000061035156,346.0,352.6000061035156,685682,369.7658,387.2547,Yes,15.19,Strong Bear,Downtrend,Hold,Downtrend (LH+LL),Bearish,15.32,Strong Bear,Bearish confirmed,"Range with bearish lean - ADX no trend, direction not confirmed",12.44,"Underperforming, weakening",Lags both,46.4312,Neutral,-7.1296,-8.7807,bearish accelerating,Neutral,1.075,0.1469,full,20.56,Negative accelerating,41.45,Bearish,Bearish majority,Bullish divergence,Bearish - bullish divergence vs price over 21 bars,Upper Half,No Trend,Bullish,No,No,Inside,9.8,Very Low,Stable,-18.85,Confirmed,"Very Low volatility, squeeze confirmed - expansion pending",Coiled - low vol squeeze,Normal,Rising,Weak Down,-0.1746,Distribution,61.3617,Neutral,4 - Declining,mid,84.0,12.0,3 - Topping,14.0,WAIT,38.0,1.0,Weak ADX,"4 - Declining, trend 15 but ADX shows no trend, this is a range - wait for alignment","4 - Declining, trend 12 but ADX shows no trend, this is a range - wait for alignment","4 - Declining, trend 10 but ADX shows no trend, this is a range - wait for alignment"
2025-10-14,352.6499938964844,354.1000061035156,343.0,344.70001220703125,612492,368.7828,386.8313,Yes,11.11,Strong Bear,Downtrend,Hold,Downtrend (LH+LL),Bearish,13.89,Strong Bear,Bearish confirmed,"Range with bearish lean - ADX no trend, direction not confirmed",9.12,"Underperforming, weakening",Lags both,42.8466,Neutral,-7.1574,-8.456,bearish fading,Neutral,-1.5283,-0.1118,full,17.8,Negative accelerating,39.94,Bearish,Bearish majority,Bullish divergence,Bearish - bullish divergence vs price over 21 bars,Lower Half,No Trend,Bearish,No,Yes,Inside,10.2,Very Low,Stable,-16.75,Confirmed,"Very Low volatility, squeeze confirmed - expansion pending",Coiled - low vol squeeze,Normal,Rising,Weak Down,-0.1653,Distribution,53.0151,Neutral,4 - Declining,mid,84.0,13.0,3 - Topping,14.0,WAIT,38.0,1.0,Weak ADX,"4 - Declining, trend 14 but ADX shows no trend, this is a range - wait for alignment","4 - Declining, trend 12 but ADX shows no trend, this is a range - wait for alignment","4 - Declining, trend 10 but ADX shows no trend, this is a range - wait for alignment"
2025-10-15,347.3500061035156,356.29998779296875,346.95001220703125,352.1000061035156,874314,368.1286,386.4857,Yes,16.33,Strong Bear,Downtrend,Hold,Downtrend (LH+LL),Bearish,15.72,Strong Bear,Bearish confirmed,"Range with bearish lean - ADX no trend, direction not confirmed",10.13,"Underperforming, weakening",Lags both,46.976,Neutral,-6.5073,-8.0663,bearish accelerating,Neutral,1.7336,0.21,full,19.12,Negative fading,41.67,Bearish,Bearish majority,Bullish divergence,Bearish - bullish divergence vs price over 21 bars,Upper Half,No Trend,Bullish,No,No,Inside,9.13,Very Low,Stable,-19.29,Confirmed,"Very Low volatility, squeeze confirmed - expansion pending",Coiled - low vol squeeze,Normal,Rising,Weak Up,-0.1071,Distribution,59.076,Neutral,4 - Declining,mid,84.0,14.0,3 - Topping,14.0,WAIT,38.0,1.0,Weak ADX,"4 - Declining, trend 16 but ADX shows no trend, this is a range - wait for alignment","4 - Declining, trend 12 but ADX shows no trend, this is a range - wait for alignment","4 - Declining, trend 10 but ADX shows no trend, this is a range - wait for alignment"
2025-10-16,352.1000061035156,355.70001220703125,346.0,354.1499938964844,581873,367.5804,386.164,Yes,21.34,Bear,Downtrend,Hold,Downtrend (LH+LL),Bearish,17.47,Strong Bear,Bearish confirmed,"Range with bearish lean - ADX no trend, direction not confirmed",6.93,"Underperforming, weakening",Lags both,48.0948,Neutral,-5.7603,-7.6051,bearish accelerating,Neutral,4.1158,0.4421,full,18.5,Negative accelerating,43.1,Neutral,Mixed,None,"Neutral - components mixed, low conviction",Upper Half,No Trend,Bullish,No,No,Inside,7.94,Very Low,Stable,-16.75,Confirmed,"Very Low volatility, squeeze confirmed - expansion pending",Coiled - low vol squeeze,Normal,Falling,Weak Up,-0.1039,Distribution,58.586,Neutral,1 - Basing,early,20.0,1.0,4 - Declining,14.0,STAND ASIDE,50.0,0.0,Stage unclear,1 - Basing but stage confidence only 20 - regime not established,"4 - Declining, trend 12 but ADX shows no trend, this is a range - wait for alignment","4 - Declining, trend 10 but ADX shows no trend, this is a range - wait for alignment"
2025-10-17,354.1499938964844,355.45001220703125,347.0,348.95001220703125,593752,366.8498,385.7937,Yes,15.16,Strong Bear,Downtrend,Hold,Downtrend (LH+LL),Bearish,15.31,Strong Bear,Bearish confirmed,"Range with bearish lean - ADX no trend, direction not confirmed",0.13,"Underperforming, weakening",Lags both,45.4737,Neutral,-5.5241,-7.1889,bearish fading,Neutral,0.4751,0.0793,full,14.87,Negative accelerating,41.62,Bearish,Mixed,Bullish divergence,Bearish - bullish divergence vs price over 21 bars,Lower Half,No Trend,Bullish,No,No,Inside,6.43,Very Low,Stable,-14.05,Confirmed,"Very Low volatility, squeeze confirmed - expansion pending",Coiled - low vol squeeze,Normal,Falling,Weak Down,-0.0936,Distribution,58.8077,Neutral,1 - Basing,early,20.0,2.0,4 - Declining,14.0,STAND ASIDE,50.0,0.0,Stage unclear,1 - Basing but stage confidence only 20 - regime not established,"4 - Declining, trend 19 but ADX shows no trend, this is a range - wait for alignment","4 - Declining, trend 11 but ADX shows no trend, this is a range - wait for alignment"
2025-10-20,350.75,350.75,344.54998779296875,348.1499938964844,674801,366.1165,385.4191,Yes,13.63,Strong Bear,Downtrend,Hold,Downtrend (LH+LL),Bearish,14.77,Strong Bear,Bearish confirmed,"Range with bearish lean - ADX no trend, direction not confirmed",1.12,"Underperforming, weakening",Lags both,45.0668,Neutral,-5.34,-6.8191,bearish fading,Neutral,-2.0813,-0.1739,full,17.9,Negative fading,41.52,Bearish,Mixed,Bullish divergence,Bearish - bullish divergence vs price over 21 bars,Lower Half,No Trend,Bearish,No,No,Inside,5.32,Very Low,Stable,-7.1,Confirmed,"Very Low volatility, squeeze confirmed - expansion pending",Coiled - low vol squeeze,Normal,Falling,Weak Down,-0.0483,Neutral,57.9066,Neutral,1 - Basing,early,20.0,3.0,4 - Declining,14.0,STAND ASIDE,50.0,0.0,Stage unclear,1 - Basing but stage confidence only 20 - regime not established,"4 - Declining, trend 15 but ADX shows no trend, this is a range - wait for alignment","4 - Declining, trend 12 but ADX shows no trend, this is a range - wait for alignment"
2025-10-21,350.8999938964844,359.6000061035156,350.79998779296875,356.8999938964844,408257,365.755,385.1353,Yes,20.75,Bear,Downtrend,Hold,Downtrend (LH+LL),Bearish,17.64,Strong Bear,Bearish confirmed,"Range with bearish lean - ADX no trend, direction not confirmed",12.58,"Underperforming, weakening",Lags both,50.3049,Neutral,-4.4369,-6.3427,bearish accelerating,Neutral,1.9423,0.2232,full,26.27,Negative fading,46.55,Neutral,Bullish majority,None,"Neutral - majority agree, 1 dissenting",Upper Half,No Trend,Bullish,No,No,Inside,5.36,Very Low,Stable,-3.02,Partial,"Very Low volatility, stable",Low vol - tight stops,Dry-up,Falling,Weak Up,-0.0501,Distribution,53.7043,Neutral,1 - Basing,early,20.0,4.0,4 - Declining,14.0,STAND ASIDE,50.0,0.0,Stage unclear,1 - Basing but stage confidence only 20 - regime not established,"4 - Declining, trend 14 but ADX shows no trend, this is a range - wait for alignment","4 - Declining, trend 12 but ADX shows no trend, this is a range - wait for alignment"
2025-10-23,359.0,361.3999938964844,352.0,353.1000061035156,546584,365.2588,384.8166,Yes,19.46,Strong Bear,Downtrend,Hold,Downtrend (LH+LL),Bearish,16.81,Strong Bear,Bearish confirmed,"Range with bearish lean - ADX no trend, direction not confirmed",5.66,"Underperforming, weakening",Lags both,48.1572,Neutral,-3.9819,-5.8705,bearish fading,Neutral,2.1701,0.2442,full,21.16,Negative accelerating,44.97,Neutral,Mixed,Bullish divergence,Neutral - bullish divergence vs price over 21 bars,Upper Half,No Trend,Bullish,No,No,Inside,4.84,Very Low,Stable,-1.79,Confirmed,"Very Low volatility, squeeze confirmed - expansion pending",Coiled - low vol squeeze,Normal,Falling,Weak Down,-0.025,Neutral,54.7917,Neutral,1 - Basing,early,20.0,5.0,4 - Declining,14.0,STAND ASIDE,50.0,0.0,Stage unclear,1 - Basing but stage confidence only 20 - regime not established,"4 - Declining, trend 16 but ADX shows no trend, this is a range - wait for alignment","4 - Declining, trend 12 but ADX shows no trend, this is a range - wait for alignment"
2025-10-24,355.75,368.7999877929688,349.0,362.75,1724051,365.1604,384.597,Yes,27.98,Bear,Downtrend,Hold,Downtrend (LH+LL),Bearish,23.39,Strong Bear,Bearish confirmed,"Range with bearish lean - ADX no trend, direction not confirmed",15.3,"Underperforming, weakening",Lags both,53.5773,Neutral,-2.8103,-5.2585,bearish accelerating,Neutral,6.754,0.6937,full,26.8,Negative fading,50.48,Neutral,Bullish majority,None,"Neutral - majority agree, 1 dissenting",At Upper,No Trend,Bullish,Yes,No,Near Upper,6.63,Very Low,Stable,0.08,Partial,"Very Low volatility, stable",Low vol - tight stops,High,Falling,Confirmed Up,0.0372,Neutral,57.0349,Neutral,1 - Basing,early,20.0,6.0,4 - Declining,14.0,STAND ASIDE,50.0,0.0,Stage unclear,1 - Basing but stage confidence only 20 - regime not established,1 - Basing but stage confidence only 20 - regime not established,"4 - Declining, trend 12 but ADX shows no trend, this is a range - wait for alignment"
2025-10-27,364.5,369.2999877929688,362.25,364.5499877929688,818385,365.1364,384.3975,Yes,36.24,Bear,Downtrend,Hold,Downtrend (LH+LL),Bearish,27.27,Bear,Bearish confirmed,"Range with bearish lean - ADX no trend, direction not confirmed",15.38,"Underperforming, weakening",Lags both,54.5322,Neutral,-1.7167,-4.5501,bearish accelerating,Neutral,1.1796,0.1425,full,29.51,Negative fading,52.35,Neutral,Bullish majority,None,"Neutral - majority agree, 1 dissenting",Above Upper,No Trend,Bullish,Yes,No,Inside,6.15,Very Low,Stable,-2.34,Partial,"Very Low volatility, stable",Low vol - tight stops,Normal,Falling,Weak Up,0.01,Neutral,56.8067,Neutral,1 - Basing,early,40.0,7.0,4 - Declining,14.0,STAND ASIDE,50.0,0.0,Stage unclear,1 - Basing but stage confidence only 40 - regime not established,1 - Basing but stage confidence only 20 - regime not established,"4 - Declining, trend 19 but ADX shows no trend, this is a range - wait for alignment"
2025-10-28,363.3500061035156,366.0,358.45001220703125,364.6000061035156,592199,365.1154,384.2005,Yes,37.2,Bear,Downtrend,Hold,Downtrend (LH+LL),Bearish,27.64,Bear,Bearish confirmed,"Range with bearish lean - ADX no trend, direction not confirmed",26.89,"Underperforming, weakening",Lags both,54.5602,Neutral,-0.8363,-3.8074,bearish accelerating,Overbought,3.4033,0.3602,full,40.37,Negative fading,56.68,Neutral,Bullish majority,None,"Neutral - majority agree, 1 dissenting",Upper Half,No Trend,Bullish,Yes,No,Inside,5.51,Very Low,Stable,-4.29,No,"Very Low volatility, stable",Low vol - tight stops,Normal,Falling,Weak Up,0.0552,Accumulation,56.6255,Neutral,1 - Basing,early,40.0,8.0,4 - Declining,14.0,STAND ASIDE,50.0,0.0,Stage unclear,1 - Basing but stage confidence only 40 - regime not established,1 - Basing but stage confidence only 20 - regime not established,"4 - Declining, trend 15 but ADX shows no trend, this is a range - wait for alignment"
2025-10-29,365.1499938964844,365.2000122070313,355.3500061035156,362.4500122070313,566345,365.0109,383.9841,Yes,37.87,Bear,Downtrend,Hold,Downtrend (LH+LL),Bearish,26.69,Bear,Bearish confirmed,"Range with bearish lean - ADX no trend, direction not confirmed",31.59,"Underperforming, weakening",Lags both,53.0495,Neutral,-0.3086,-3.1076,bearish fading,Overbought,5.1494,0.5307,full,46.4,Negative fading,57.7,Neutral,Bullish majority,None,"Neutral - majority agree, 1 dissenting",Upper Half,No Trend,Bullish,Yes,No,Inside,5.91,Very Low,Stable,-4.29,No,"Very Low volatility, stable",Low vol - tight stops,Normal,Falling,Weak Down,0.0639,Accumulation,56.3394,Neutral,1 - Basing,early,40.0,9.0,4 - Declining,14.0,STAND ASIDE,50.0,0.0,Stage unclear,1 - Basing but stage confidence only 40 - regime not established,1 - Basing but stage confidence only 20 - regime not established,"4 - Declining, trend 14 but ADX shows no trend, this is a range - wait for alignment"
2025-10-30,362.5,375.0,360.6499938964844,371.1000061035156,1398927,365.2497,383.8559,Yes,42.79,Neutral,Downtrend,Hold,Downtrend (LH+LL),Bearish,33.17,Bear,Bearish confirmed,"Range with bearish lean - ADX no trend, direction not confirmed",24.65,"Underperforming, improving",Lags both,58.0786,Neutral,0.7985,-2.3264,bullish accelerating,Overbought,5.3962,0.5519,full,38.23,Negative accelerating,57.31,Neutral,Bullish majority,None,"Neutral - majority agree, 1 dissenting",Above Upper,No Trend,Bullish,Yes,No,Breakout Up,7.26,Very Low,Stable,-1.87,No,"Very Low volatility, stable",Low vol - tight stops,Normal,Rising,Confirmed Up,0.1537,Accumulation,64.7814,Neutral,1 - Basing,early,40.0,10.0,4 - Declining,14.0,STAND ASIDE,50.0,0.0,Stage unclear,1 - Basing but stage confidence only 40 - regime not established,1 - Basing but stage confidence only 20 - regime not established,"4 - Declining, trend 16 but ADX shows no trend, this is a range - wait for alignment"
2025-10-31,371.7999877929688,380.0,367.8500061035156,372.6499938964844,1359007,365.5399,383.7444,Yes,43.79,Neutral,Downtrend,Hold,Downtrend (LH+LL),Bearish,34.37,Bear,Bearish confirmed,"Range with bearish lean - ADX no trend, direction not confirmed",31.45,"Underperforming, improving",Lags both,58.9276,Neutral,1.7803,-1.505,bullish accelerating,Overbought,5.2238,0.5314,full,42.14,Negative fading,58.7,Bullish,Bullish majority,None,"Bullish - majority agree, 1 dissenting",At Upper,No Trend,Bullish,Yes,No,Near Upper,8.93,Very Low,Stable,0.99,No,"Very Low volatility, stable",Low vol - tight stops,Normal,Rising,Confirmed Up,0.1669,Accumulation,63.2653,Neutral,1 - Basing,early,40.0,11.0,4 - Declining,14.0,STAND ASIDE,50.0,0.0,Stage unclear,1 - Basing but stage confidence only 40 - regime not established,1 - Basing but stage confidence only 20 - regime not established,1 - Basing but stage confidence only 20 - regime not established
2025-11-03,374.5,377.0,369.6000061035156,372.3999938964844,505363,365.8089,383.6315,Yes,43.2,Neutral,Downtrend,Hold,Downtrend (LH+LL),Bearish,34.68,Bear,Bearish majority,"Range with bearish lean - ADX no trend, direction not confirmed",35.51,"Underperforming, improving",Lags both,58.721,Neutral,2.5094,-0.7022,bullish fading,Overbought,6.7202,0.6763,full,46.44,Negative fading,59.86,Bullish,Bullish majority,None,"Bullish - majority agree, 1 dissenting",Upper Half,No Trend,Bullish,Yes,No,Inside,9.33,Very Low,Stable,2.9,No,"Very Low volatility, stable",Low vol - tight stops,Normal,Falling,Weak Down,0.114,Accumulation,64.0864,Neutral,1 - Basing,early,40.0,12.0,4 - Declining,14.0,STAND ASIDE,50.0,0.0,Stage unclear,1 - Basing but stage confidence only 40 - regime not established,1 - Basing but stage confidence only 40 - regime not established,1 - Basing but stage confidence only 20 - regime not established
2025-11-04,373.0,373.8999938964844,360.7000122070313,362.5,587448,365.6791,383.4213,Yes,39.11,Bear,Downtrend,Hold,Downtrend (LH+LL),Bearish,27.64,Bear,Bearish majority,"Range with bearish lean - ADX no trend, direction not confirmed",30.49,"Underperforming, improving",Lags both,51.0844,Neutral,2.2622,-0.1093,bullish fading,Neutral,4.1218,0.4192,full,42.79,Negative accelerating,53.86,Neutral,Bullish majority,None,"Neutral - majority agree, 1 dissenting",Upper Half,No Trend,Bullish,Yes,No,Inside,10.99,Very Low,Stable,5.67,No,"Very Low volatility, stable",Low vol - tight stops,Normal,Falling,Weak Down,0.0531,Accumulation,64.0527,Neutral,1 - Basing,early,40.0,13.0,4 - Declining,14.0,STAND ASIDE,50.0,0.0,Stage unclear,1 - Basing but stage confidence only 40 - regime not established,1 - Basing but stage confidence only 40 - regime not established,1 - Basing but stage confidence only 20 - regime not established
2025-11-06,362.5,363.5,352.0,353.1000061035156,411640,365.1858,383.1196,Yes,35.66,Bear,Downtrend,Hold,Downtrend (LH+LL),Bearish,22.48,Strong Bear,Bearish confirmed,"Range with bearish lean - ADX no trend, direction not confirmed",27.69,"Underperforming, weakening",Lags both,45.0885,Neutral,1.2929,0.1712,bullish fading,Neutral,-1.0647,-0.0918,full,38.52,Negative accelerating,46.88,Neutral,Mixed,Bullish divergence,Neutral - bullish divergence vs price over 21 bars,Lower Half,No Trend,Bearish,Yes,No,Inside,11.35,Very Low,Stable,5.99,No,"Very Low volatility, stable",Low vol - tight stops,Normal,Falling,Weak Down,0.0488,Neutral,58.8099,Neutral,1 - Basing,mid,40.0,14.0,4 - Declining,14.0,STAND ASIDE,50.0,0.0,Stage unclear,1 - Basing but stage confidence only 40 - regime not established,1 - Basing but stage confidence only 40 - regime not established,1 - Basing but stage confidence only 20 - regime not established
2025-11-07,352.0,365.0,347.3999938964844,364.0,682461,365.1393,382.9293,Yes,37.59,Bear,Downtrend,Hold,Downtrend (LH+LL),Bearish,27.44,Bear,Bearish confirmed,"Range with bearish lean - ADX no trend, direction not confirmed",33.89,"Underperforming, improving",Lags both,52.1081,Neutral,1.3883,0.4146,bullish fading,Neutral,3.0869,0.3159,full,43.95,Negative fading,49.42,Neutral,Mixed,None,"Neutral - components mixed, low conviction",Upper Half,No Trend,Bearish,Yes,No,Inside,12.46,Very Low,Stable,7.62,No,"Very Low volatility, stable",Low vol - tight stops,Normal,Falling,Weak Up,0.109,Accumulation,59.2288,Neutral,1 - Basing,mid,40.0,15.0,4 - Declining,14.0,STAND ASIDE,50.0,0.0,Stage unclear,1 - Basing but stage confidence only 40 - regime not established,1 - Basing but stage confidence only 40 - regime not established,1 - Basing but stage confidence only 20 - regime not established
2025-11-10,364.0,366.8500061035156,357.29998779296875,359.6000061035156,427821,364.9221,382.6972,Yes,31.99,Bear,Downtrend,Hold,Range,Bullish,33.06,Bear,Mixed,"Range with bearish lean - ADX no trend, direction not confirmed",37.59,"Underperforming, improving",Lags both,49.3648,Neutral,1.0962,0.5509,bullish fading,Neutral,-0.8684,-0.0752,full,48.21,Negative fading,48.95,Neutral,Bearish majority,None,Neutral - price momentum agrees but MACD shows deceleration,Upper Half,No Trend,Bearish,No,No,Inside,9.88,Very Low,Stable,3.25,No,"Very Low volatility, stable",Low vol - tight stops,Normal,Falling,Weak Down,0.1345,Accumulation,64.0211,Neutral,1 - Basing,mid,40.0,16.0,4 - Declining,14.0,STAND ASIDE,50.0,0.0,Stage unclear,1 - Basing but stage confidence only 40 - regime not established,1 - Basing but stage confidence only 40 - regime not established,1 - Basing but stage confidence only 20 - regime not established
2025-11-11,359.6000061035156,377.9500122070313,355.95001220703125,374.8500061035156,1506126,365.3114,382.6191,Yes,39.79,Bear,Downtrend,Hold,Range,Bullish,44.18,Neutral,Mixed,"No clear trend - ADX no trend, price ranging",32.68,"Underperforming, improving",Lags both,57.6807,Neutral,2.0714,0.855,bullish accelerating,Neutral,2.8254,0.2871,full,45.08,Negative accelerating,53.81,Neutral,Bullish majority,None,"Neutral - majority agree, 1 dissenting",Upper Half,No Trend,Bullish,No,Yes,Inside,13.77,Very Low,Stable,7.62,No,"Very Low volatility, stable",Low vol - tight stops,Normal,Falling,Confirmed Up,0.1093,Accumulation,72.35,Neutral,1 - Basing,mid,40.0,17.0,4 - Declining,14.0,STAND ASIDE,50.0,0.0,Stage unclear,1 - Basing but stage confidence only 40 - regime not established,1 - Basing but stage confidence only 40 - regime not established,1 - Basing but stage confidence only 40 - regime not established
2025-11-12,384.5,397.7999877929688,376.6000061035156,389.5499877929688,6534957,366.262,382.6881,No,58.29,Neutral,Uptrend,Buy,Range,Bullish,65.4,Bull,Mixed,"Range with bullish lean - ADX no trend, direction not confirmed",41.57,"Underperforming, improving",Lags both,63.8447,Neutral,3.9845,1.4809,bullish accelerating,Neutral,6.8431,0.6804,full,55.68,Positive accelerating,61.66,Bullish,Bullish confirmed,None,Bullish - all 4 components agree incl. MACD acceleration,Above Upper,No Trend,Bullish,No,Yes,Breakout Up,17.26,Very Low,Stable,11.75,No,"Very Low volatility, stable",Low vol - tight stops,High,Rising,Confirmed Up,0.1392,Accumulation,82.3652,Overbought,1 - Basing,mid,60.0,18.0,4 - Declining,14.0,STAND ASIDE,50.0,0.0,Stage,1 - Basing - no new positions in a basing/topping stage,1 - Basing but stage confidence only 40 - regime not established,1 - Basing but stage confidence only 40 - regime not established
2025-11-13,391.1000061035156,399.3500061035156,382.0,384.6000061035156,1546957,366.9811,382.7071,No,56.1,Neutral,Uptrend,Hold,Range,Bullish,65.31,Bull,Bullish confirmed,"Range with bullish lean - ADX no trend, direction not confirmed",42.76,"Underperforming, improving",Lags both,60.6416,Neutral,5.0431,2.1933,bullish accelerating,Neutral,6.1112,0.6046,full,54.74,Positive fading,61.99,Bullish,Bullish confirmed,None,Bullish - all 4 components agree incl. MACD acceleration,At Upper,No Trend,Bullish,Yes,Yes,Inside,21.83,Low,Stable,15.92,No,"Low volatility, stable",Low vol - tight stops,Normal,Rising,Confirmed Down,0.1039,Accumulation,86.1631,Overbought,1 - Basing,mid,60.0,19.0,4 - Declining,14.0,STAND ASIDE,50.0,0.0,Stage,1 - Basing - no new positions in a basing/topping stage,1 - Basing but stage confidence only 40 - regime not established,1 - Basing but stage confidence only 40 - regime not established
2025-11-14,381.0,394.9500122070313,381.0,392.3500061035156,859306,367.976,382.8031,No,65.96,Bull,Uptrend,Hold,Uptrend (HH+HL),Bullish,79.38,Strong Bull,Bullish confirmed,"Range with bullish lean - ADX no trend, direction not confirmed",48.97,"Underperforming, improving",Lags both,63.7113,Neutral,6.4332,3.0413,bullish accelerating,Overbought,5.7262,0.5638,full,60.8,Positive accelerating,65.45,Bullish,Bullish confirmed,None,Bullish - all 4 components agree incl. MACD acceleration,Above Upper,No Trend,Bullish,Yes,Yes,Inside,22.66,Low,Stable,15.4,No,"Low volatility, stable",Low vol - tight stops,Normal,Rising,Weak Up,0.1242,Accumulation,85.5734,Overbought,1 - Basing,mid,80.0,20.0,4 - Declining,14.0,STAND ASIDE,50.0,0.0,Stage,1 - Basing - no new positions in a basing/topping stage,1 - Basing but stage confidence only 40 - regime not established,1 - Basing but stage confidence only 40 - regime not established
2025-11-17,392.3500061035156,405.3999938964844,389.9500122070313,401.3500061035156,1622864,369.2848,382.9876,No,69.14,Bull,Uptrend,Hold,Uptrend (HH+HL),Bullish,81.45,Strong Bull,Bullish confirmed,"Range with bullish lean - ADX no trend, direction not confirmed",53.48,"Outperforming, strengthening",Leads both,66.9363,Neutral,8.167,4.0664,bullish accelerating,Overbought,7.7016,0.7552,full,64.11,Positive accelerating,68.58,Bullish,Bullish confirmed,None,Bullish - all 4 components agree incl. MACD acceleration,Above Upper,No Trend,Bullish,Yes,Yes,Breakout Up,27.82,Low,Stable,18.89,No,"Low volatility, stable",Low vol - tight stops,Normal,Rising,Confirmed Up,0.1347,Accumulation,86.2845,Overbought,1 - Basing,mid,80.0,21.0,4 - Declining,14.0,STAND ASIDE,50.0,0.0,Stage,1 - Basing - no new positions in a basing/topping stage,1 - Basing but stage confidence only 40 - regime not established,1 - Basing but stage confidence only 40 - regime not established
2025-11-18,402.0,405.1000061035156,395.2999877929688,398.0,984477,370.4108,383.137,No,74.59,Bull,Uptrend,Hold,Uptrend (HH+HL),Bullish,84.24,Strong Bull,Bullish confirmed,"Range with bullish lean - ADX emerging, direction not confirmed",57.99,"Outperforming, strengthening",Leads both,64.6338,Neutral,9.165,5.0862,bullish fading,Overbought,6.8743,0.6718,full,66.78,Positive accelerating,69.26,Bullish,Bullish confirmed,None,Bullish - all 4 components agree incl. MACD acceleration,Upper Half,Emerging,Bullish,Yes,Yes,Inside,30.32,Low,Expanding,20.99,No,"Low volatility, expanding - range widening",Low vol - tight stops,Normal,Rising,Weak Down,0.1274,Accumulation,89.5888,Overbought,1 - Basing,mid,60.0,22.0,4 - Declining,14.0,STAND ASIDE,50.0,0.0,Stage,1 - Basing - no new positions in a basing/topping stage,1 - Basing but stage confidence only 40 - regime not established,1 - Basing but stage confidence only 40 - regime not established
2025-11-19,395.25,395.25,382.0,384.2000122070313,747147,370.9516,383.1476,No,69.36,Bull,Uptrend,Hold,Uptrend (HH+HL),Bullish,82.3,Strong Bull,Bullish confirmed,"Range with bullish lean - ADX emerging, direction not confirmed",23.03,"Underperforming, improving",Lags both,56.0763,Neutral,8.7417,5.8173,bullish fading,Overbought,5.9862,0.5808,full,37.87,Negative accelerating,55.7,Neutral,Bullish majority,None,"Neutral - majority agree, 1 dissenting",Upper Half,Emerging,Bullish,Yes,Yes,Inside,30.2,Low,Stable,19.21,No,"Low volatility, stable",Low vol - tight stops,Normal,Rising,Weak Down,0.1015,Accumulation,88.5524,Overbought,1 - Basing,mid,60.0,23.0,4 - Declining,14.0,STAND ASIDE,50.0,0.0,Stage,1 - Basing - no new positions in a basing/topping stage,1 - Basing - no new positions in a basing/topping stage,1 - Basing but stage confidence only 40 - regime not established
2025-11-20,387.25,388.1499938964844,381.6499938964844,385.0,531707,371.5025,383.166,No,70.16,Bull,Uptrend,Hold,Uptrend (HH+HL),Bullish,82.45,Strong Bull,Bullish confirmed,"Range with bullish lean - ADX no trend, direction not confirmed",22.43,"Underperforming, improving",Lags both,56.4364,Neutral,8.3742,6.3286,bullish fading,Neutral,9.0343,0.8738,full,37.64,Negative accelerating,53.48,Neutral,Bullish majority,None,"Neutral - majority agree, 1 dissenting",Upper Half,No Trend,Bullish,Yes,Yes,Inside,24.8,Low,Stable,13.45,No,"Low volatility, stable",Low vol - tight stops,Dry-up,Rising,Weak Up,0.0951,Accumulation,85.1287,Overbought,1 - Basing,mid,60.0,24.0,4 - Declining,14.0,STAND ASIDE,50.0,0.0,Stage,1 - Basing - no new positions in a basing/topping stage,1 - Basing - no new positions in a basing/topping stage,1 - Basing but stage confidence only 40 - regime not established
2025-11-21,385.0,389.1499938964844,375.3500061035156,379.8999938964844,662321,371.8318,383.1335,Yes,68.49,Bull,Uptrend,Hold,Uptrend (HH+HL),Bullish,81.07,Strong Bull,Bullish confirmed,"Range with bullish lean - ADX no trend, direction not confirmed",27.1,"Underperforming, improving",Lags both,53.4293,Neutral,7.584,6.5797,bullish fading,Neutral,4.3681,0.4134,full,39.81,Negative fading,50.58,Neutral,Bullish majority,None,"Neutral - majority agree, 1 dissenting",Upper Half,No Trend,Bullish,Yes,Yes,Inside,23.89,Low,Stable,11.43,No,"Low volatility, stable",Low vol - tight stops,Normal,Rising,Weak Down,0.1026,Accumulation,80.8333,Overbought,1 - Basing,mid,60.0,25.0,4 - Declining,14.0,STAND ASIDE,50.0,0.0,Stage,1 - Basing - no new positions in a basing/topping stage,1 - Basing - no new positions in a basing/topping stage,1 - Basing but stage confidence only 40 - regime not established
2025-11-24,379.8999938964844,381.0,363.2999877929688,368.1499938964844,773534,371.6874,382.9844,Yes,51.27,Neutral,Uptrend,Hold,Uptrend (HH+HL),Bullish,63.94,Bull,Bullish majority,"Range with bullish lean - ADX no trend, direction not confirmed",24.63,"Underperforming, improving",Lags both,47.1905,Neutral,5.9412,6.452,Bearish crossover,Neutral,2.3776,0.218,full,36.69,Negative accelerating,44.61,Neutral,Bearish majority,Bearish divergence,Neutral - bearish divergence vs price over 21 bars,Lower Half,No Trend,Bearish,No,Yes,Inside,25.99,Low,Stable,16.11,No,"Low volatility, stable",Low vol - tight stops,Normal,Rising,Weak Down,0.0627,Accumulation,79.675,Neutral,1 - Basing,mid,80.0,26.0,4 - Declining,14.0,STAND ASIDE,50.0,0.0,Stage,1 - Basing - no new positions in a basing/topping stage,1 - Basing - no new positions in a basing/topping stage,1 - Basing but stage confidence only 40 - regime not established
2025-11-25,368.0,381.9500122070313,366.5499877929688,379.5,564448,371.9938,382.9497,Yes,52.1,Neutral,Uptrend,Hold,Uptrend (HH+HL),Bullish,71.32,Bull,Bullish majority,"Range with bullish lean - ADX no trend, direction not confirmed",25.37,"Underperforming, improving",Lags both,52.9104,Neutral,5.4917,6.2599,bullish accelerating,Neutral,1.2405,0.108,full,38.45,Negative fading,46.13,Neutral,Bearish majority,Bearish divergence,Neutral - bearish divergence vs price over 21 bars,Upper Half,No Trend,Bearish,No,Yes,Inside,24.88,Low,Stable,11.11,No,"Low volatility, stable",Low vol - tight stops,Dry-up,Rising,Weak Up,0.0927,Accumulation,82.7988,Overbought,1 - Basing,mid,80.0,27.0,4 - Declining,14.0,STAND ASIDE,50.0,0.0,Stage,1 - Basing - no new positions in a basing/topping stage,1 - Basing - no new positions in a basing/topping stage,1 - Basing but stage confidence only 40 - regime not established
2025-11-26,380.3999938964844,388.0,375.5,385.8500061035156,606349,372.5372,382.9786,No,55.63,Neutral,Uptrend,Hold,Uptrend (HH+HL),Bullish,75.21,Strong Bull,Bullish confirmed,"Range with bullish lean - ADX no trend, direction not confirmed",21.68,"Underperforming, improving",Lags both,55.7951,Neutral,5.5836,6.1247,bullish fading,Neutral,-0.9498,-0.1024,full,37.26,Negative accelerating,47.38,Neutral,Mixed,Bearish divergence,Neutral - bearish divergence vs price over 21 bars,Upper Half,No Trend,Bullish,No,Yes,Inside,22.74,Low,Stable,5.48,No,"Low volatility, stable",Low vol - tight stops,Normal,Rising,Weak Up,0.0937,Accumulation,85.122,Overbought,1 - Basing,mid,80.0,28.0,4 - Declining,14.0,STAND ASIDE,50.0,0.0,Stage,1 - Basing - no new positions in a basing/topping stage,1 - Basing - no new positions in a basing/topping stage,1 - Basing - no new positions in a basing/topping stage
2025-11-27,386.7999877929688,388.0,380.0,383.2999877929688,358135,372.9593,382.9818,No,55.07,Neutral,Uptrend,Hold,Uptrend (HH+HL),Bullish,74.4,Bull,Bullish confirmed,"Range with bullish lean - ADX no trend, direction not confirmed",26.22,"Underperforming, improving",Lags both,54.3551,Neutral,5.3885,5.9774,bullish accelerating,Neutral,-0.338,-0.0368,full,43.15,Negative fading,49.46,Neutral,Mixed,Bearish divergence,Neutral - bearish divergence vs price over 21 bars,Upper Half,No Trend,Bullish,No,No,Inside,19.68,Very Low,Stable,-2.14,No,"Very Low volatility, stable",Low vol - tight stops,Dry-up,Rising,Weak Down,0.0808,Accumulation,84.8882,Overbought,1 - Basing,mid,80.0,29.0,4 - Declining,14.0,STAND ASIDE,50.0,0.0,Stage,1 - Basing - no new positions in a basing/topping stage,1 - Basing - no new positions in a basing/topping stage,1 - Basing - no new positions in a basing/topping stage
2025-11-28,383.0,397.0,379.7999877929688,392.25,768733,373.7158,383.074,No,69.5,Bull,Uptrend,Hold,Uptrend (HH+HL),Bullish,79.36,Strong Bull,Bullish confirmed,"Range with bullish lean - ADX no trend, direction not confirmed",30.89,"Underperforming, improving",Lags both,58.4122,Neutral,5.8882,5.9596,bullish fading,Neutral,-0.0255,-0.0008,full,48.61,Negative fading,53.77,Neutral,Mixed,Bearish divergence,Neutral - bearish divergence vs price over 21 bars,Upper Half,No Trend,Bullish,No,No,Inside,21.27,Low,Stable,-1.39,No,"Low volatility, stable",Low vol - tight stops,Normal,Rising,Weak Up,0.0697,Accumulation,85.202,Overbought,1 - Basing,mid,60.0,30.0,4 - Declining,14.0,STAND ASIDE,50.0,0.0,Stage,1 - Basing - no new positions in a basing/topping stage,1 - Basing - no new positions in a basing/topping stage,1 - Basing - no new positions in a basing/topping stage
2025-12-01,393.7999877929688,394.8999938964844,383.6000061035156,385.5,391912,374.1779,383.0981,No,71.47,Bull,Uptrend,Hold,Uptrend (HH+HL),Bullish,80.01,Strong Bull,Bullish confirmed,"Range with bullish lean - ADX no trend, direction not confirmed",27.67,"Underperforming, improving",Lags both,54.4792,Neutral,5.6742,5.9025,bullish accelerating,Neutral,-3.9492,-0.3842,full,46.46,Negative accelerating,51.22,Neutral,Mixed,Bearish divergence,Neutral - bearish divergence vs price over 21 bars,Upper Half,No Trend,Bullish,No,Yes,Inside,20.83,Low,Stable,-6.98,No,"Low volatility, stable",Low vol - tight stops,Dry-up,Rising,Weak Down,0.0741,Accumulation,81.9807,Overbought,1 - Basing,mid,60.0,31.0,4 - Declining,14.0,STAND ASIDE,50.0,0.0,Stage,1 - Basing - no new positions in a basing/topping stage,1 - Basing - no new positions in a basing/topping stage,1 - Basing - no new positions in a basing/topping stage
2025-12-02,384.3999938964844,385.5,374.2000122070313,379.6000061035156,474639,374.3905,383.0633,Yes,68.22,Bull,Uptrend,Hold,Uptrend (HH+HL),Bullish,78.42,Strong Bull,Bullish confirmed,"Range with bullish lean - ADX no trend, direction not confirmed",22.14,"Underperforming, improving",Lags both,51.2322,Neutral,4.9712,5.7162,bullish accelerating,Neutral,-4.6231,-0.4456,full,39.14,Negative accelerating,46.71,Neutral,Mixed,Bearish divergence,Neutral - bearish divergence vs price over 21 bars,Lower Half,No Trend,Bearish,No,Yes,Inside,20.46,Low,Stable,-9.86,No,"Low volatility, stable",Low vol - tight stops,Dry-up,Rising,Weak Down,0.0791,Accumulation,67.6654,Neutral,1 - Basing,mid,60.0,32.0,4 - Declining,14.0,STAND ASIDE,50.0,0.0,Stage,1 - Basing - no new positions in a basing/topping stage,1 - Basing - no new positions in a basing/topping stage,1 - Basing - no new positions in a basing/topping stage
2025-12-03,381.4500122070313,381.4500122070313,363.2000122070313,365.3500061035156,597303,374.036,382.8871,Yes,48.29,Neutral,Uptrend,Hold,Uptrend (HH+HL),Bullish,63.17,Bull,Mixed,"Range with bullish lean - ADX no trend, direction not confirmed",12.17,"Underperforming, weakening",Lags both,44.3559,Neutral,3.227,5.2184,bullish accelerating,Neutral,-4.9063,-0.4677,full,31.18,Negative accelerating,37.88,Bearish,Bearish confirmed,None,Bearish - all 4 components agree incl. MACD acceleration,Lower Half,No Trend,Bearish,No,Yes,Inside,24.92,Low,Stable,-5.28,No,"Low volatility, stable",Normal vol,Normal,Rising,Weak Down,0.0777,Accumulation,58.7168,Neutral,1 - Basing,mid,80.0,33.0,4 - Declining,14.0,STAND ASIDE,50.0,0.0,Stage,1 - Basing - no new positions in a basing/topping stage,1 - Basing - no new positions in a basing/topping stage,1 - Basing - no new positions in a basing/topping stage
2025-12-04,362.5,375.0,361.2000122070313,366.1000061035156,644568,373.7248,382.72,Yes,44.11,Neutral,Uptrend,Hold,Uptrend (HH+HL),Bullish,62.14,Bull,Mixed,"Range with bullish lean - ADX no trend, direction not confirmed",15.39,"Underperforming, weakening",Lags both,44.776,Neutral,1.8835,4.5514,bullish accelerating,Oversold,-4.9091,-0.4617,full,32.98,Negative fading,36.03,Bearish,Bearish confirmed,Bearish divergence,Bearish - bearish divergence vs price over 21 bars,Lower Half,No Trend,Bearish,No,Yes,Inside,24.33,Low,Stable,-0.48,No,"Low volatility, stable",Normal vol,Normal,Rising,Weak Up,0.0837,Accumulation,51.316,Neutral,1 - Basing,mid,80.0,34.0,4 - Declining,14.0,STAND ASIDE,50.0,0.0,Stage,1 - Basing - no new positions in a basing/topping stage,1 - Basing - no new positions in a basing/topping stage,1 - Basing - no new positions in a basing/topping stage
2025-12-05,365.0,367.8999938964844,349.29998779296875,351.8500061035156,800219,372.8669,382.4129,Yes,22.87,Bear,Downtrend,Sell,Range,Bullish,27.96,Bear,Bearish confirmed,"Range with bearish lean - ADX no trend, direction not confirmed",10.15,"Underperforming, weakening",Lags both,38.7843,Neutral,-0.3273,3.5757,bearish accelerating,Oversold,-7.3835,-0.7064,full,29.86,Negative accelerating,30.44,Bearish,Bearish confirmed,None,Bearish - all 4 components agree incl. MACD acceleration,Below Lower,No Trend,Bearish,Yes,Yes,Inside,30.68,Low,Stable,6.79,No,"Low volatility, stable",Normal vol,Normal,Rising,Weak Down,0.0278,Neutral,37.6767,Neutral,1 - Basing,mid,40.0,35.0,4 - Declining,14.0,STAND ASIDE,50.0,0.0,Stage unclear,1 - Basing but stage confidence only 40 - regime not established,1 - Basing - no new positions in a basing/topping stage,1 - Basing - no new positions in a basing/topping stage
2025-12-08,351.8500061035156,353.8999938964844,335.0,339.29998779296875,695127,371.5506,381.9839,Yes,10.25,Strong Bear,Downtrend,Hold,Range,Bullish,22.54,Strong Bear,Bearish confirmed,"Range with bearish lean - ADX no trend, direction not confirmed",10.7,"Underperforming, weakening",Lags both,34.4164,Oversold,-3.0569,2.2492,bearish accelerating,Oversold,-7.8365,-0.7462,full,28.41,Negative accelerating,27.26,Strong Bearish,Bearish confirmed,None,Strong Bearish - all 4 components agree incl. MACD acceleration,Below Lower,No Trend,Bearish,Yes,Yes,Breakout Down,39.76,Low,Stable,13.77,No,"Low volatility, stable",Wide stop - size down,Normal,Rising,Weak Down,0.0202,Neutral,27.3048,Neutral,1 - Basing,mid,20.0,36.0,4 - Declining,14.0,STAND ASIDE,50.0,0.0,Stage unclear,1 - Basing but stage confidence only 20 - regime not established,1 - Basing - no new positions in a basing/topping stage,1 - Basing - no new positions in a basing/topping stage
2025-12-09,337.70001220703125,348.5,332.1000061035156,345.54998779296875,602587,370.531,381.6214,Yes,11.99,Strong Bear,Downtrend,Hold,Range,Bullish,22.13,Strong Bear,Bearish confirmed,"Range with bearish lean - ADX no trend, direction not confirmed",19.57,"Underperforming, weakening",Lags both,38.152,Neutral,-4.662,0.8669,bearish accelerating,Oversold,-8.946,-0.8529,full,34.27,Negative fading,30.34,Bearish,Bearish confirmed,None,Bearish - all 4 components agree incl. MACD acceleration,At Lower,No Trend,Bearish,Yes,Yes,Inside,50.48,Normal,Expanding,25.6,No,"Normal volatility, expanding - range widening",Wide stop - size down,Normal,Rising,Weak Up,-0.0124,Neutral,28.0265,Neutral,1 - Basing,mid,20.0,37.0,4 - Declining,14.0,STAND ASIDE,50.0,0.0,Stage unclear,1 - Basing but stage confidence only 20 - regime not established,1 - Basing - no new positions in a basing/topping stage,1 - Basing - no new positions in a basing/topping stage
2025-12-10,348.0,352.29998779296875,341.5,345.29998779296875,424410,369.5415,381.26,Yes,12.1,Strong Bear,Downtrend,Hold,Range,Bullish,21.48,Strong Bear,Bearish confirmed,"Range with bearish lean - ADX no trend, direction not confirmed",22.84,"Underperforming, weakening",Lags both,38.0587,Neutral,-5.8863,-0.4837,bearish fading,Oversold,-10.5093,-1.0053,full,35.42,Negative fading,31.46,Bearish,Bearish confirmed,None,Bearish - all 4 components agree incl. MACD acceleration,Lower Half,No Trend,Bearish,Yes,Yes,Inside,52.58,Normal,Expanding,29.84,No,"Normal volatility, expanding - range widening",Wide stop - size down,Normal,Falling,Weak Down,-0.125,Distribution,33.3109,Neutral,1 - Basing,mid,20.0,38.0,4 - Declining,14.0,STAND ASIDE,50.0,0.0,Stage unclear,1 - Basing but stage confidence only 20 - regime not established,1 - Basing - no new positions in a basing/topping stage,1 - Basing - no new positions in a basing/topping stage
2025-12-11,345.29998779296875,353.1499938964844,340.6499938964844,350.1499938964844,368237,368.7811,380.9504,Yes,13.61,Strong Bear,Downtrend,Hold,Range,Bullish,21.37,Strong Bear,Bearish confirmed,"Range with bearish lean - ADX emerging, direction not confirmed",23.98,"Underperforming, weakening",Lags both,41.0721,Neutral,-6.3916,-1.6653,bearish fading,Neutral,-8.6486,-0.8078,full,36.6,Negative fading,34.31,Bearish,Bearish confirmed,None,Bearish - all 4 components agree incl. MACD acceleration,Lower Half,Emerging,Bearish,Yes,Yes,Inside,53.65,Normal,Expanding,33.97,No,"Normal volatility, expanding - range widening",Wide stop - size down,Normal,Falling,Weak Up,-0.0414,Neutral,39.035,Neutral,1 - Basing,mid,20.0,39.0,4 - Declining,14.0,STAND ASIDE,50.0,0.0,Stage unclear,1 - Basing but stage confidence only 20 - regime not established,1 - Basing - no new positions in a basing/topping stage,1 - Basing - no new positions in a basing/topping stage
2025-12-12,350.5,352.6499938964844,346.5,348.20001220703125,249318,367.974,380.6245,Yes,12.71,Strong Bear,Downtrend,Hold,Range,Bullish,20.46,Strong Bear,Bearish confirmed,"Range with bearish lean - ADX emerging, direction not confirmed",25.5,"Underperforming, weakening",Lags both,40.2248,Neutral,-6.8702,-2.7063,bearish fading,Neutral,-11.2301,-1.0663,full,38.73,Negative fading,35.54,Bearish,Bearish confirmed,None,Bearish - all 4 components agree incl. MACD acceleration,Lower Half,Emerging,Bearish,Yes,Yes,Inside,51.03,Normal,Expanding,29.76,No,"Normal volatility, expanding - range widening",Normal vol,Dry-up,Falling,Weak Down,-0.0939,Distribution,45.0071,Neutral,1 - Basing,mid,20.0,40.0,4 - Declining,14.0,STAND ASIDE,50.0,0.0,Stage unclear,1 - Basing but stage confidence only 20 - regime not established,1 - Basing but stage confidence only 40 - regime not established,1 - Basing - no new positions in a basing/topping stage
2025-12-15,348.95001220703125,353.0,344.3500061035156,346.29998779296875,379388,367.124,380.283,Yes,11.7,Strong Bear,Downtrend,Hold,Range,Bullish,19.48,Strong Bear,Bearish confirmed,"Range with bearish lean - ADX emerging, direction not confirmed",31.23,"Underperforming, weakening",Lags both,39.3724,Neutral,-7.3185,-3.6287,bearish fading,Neutral,-10.1686,-0.9532,full,42.26,Negative fading,37.0,Bearish,Bearish confirmed,None,Bearish - all 4 components agree incl. MACD acceleration,Lower Half,Emerging,Bearish,Yes,Yes,Inside,48.1,Normal,Expanding,27.26,No,"Normal volatility, expanding - range widening",Normal vol,Normal,Falling,Weak Down,-0.1882,Distribution,38.4433,Neutral,1 - Basing,late,20.0,41.0,4 - Declining,14.0,STAND ASIDE,50.0,0.0,Stage unclear,1 - Basing but stage confidence only 20 - regime not established,1 - Basing but stage confidence only 20 - regime not established,1 - Basing - no new positions in a basing/topping stage
2025-12-16,347.8500061035156,364.7999877929688,344.75,362.3999938964844,1181337,366.9387,380.1051,Yes,17.54,Strong Bear,Downtrend,Hold,Downtrend (LH+LL),Bearish,12.19,Strong Bear,Bearish confirmed,"Range with bearish lean - ADX emerging, direction not confirmed",46.97,"Underperforming, weakening",Leads NIFTY500 only,49.1959,Neutral,-6.3019,-4.1634,bearish fading,Neutral,-4.5311,-0.3589,full,53.88,Positive accelerating,46.26,Neutral,Bearish majority,None,"Neutral - majority agree, 1 dissenting",Lower Half,Emerging,Bearish,Yes,Yes,Inside,46.43,Normal,Expanding,25.97,No,"Normal volatility, expanding - range widening",Normal vol,Normal,Falling,Confirmed Up,-0.0717,Distribution,42.5102,Neutral,1 - Basing,late,20.0,42.0,4 - Declining,14.0,STAND ASIDE,50.0,0.0,Stage unclear,1 - Basing but stage confidence only 20 - regime not established,1 - Basing but stage confidence only 20 - regime not established,1 - Basing - no new positions in a basing/topping stage
2025-12-17,361.8500061035156,361.8500061035156,353.0,354.79998779296875,274027,366.4627,379.8533,Yes,14.22,Strong Bear,Downtrend,Hold,Downtrend (LH+LL),Bearish,10.9,Strong Bear,Bearish confirmed,"Range with bearish lean - ADX emerging, direction not confirmed",47.65,"Underperforming, weakening",Leads NIFTY500 only,45.452,Neutral,-6.0399,-4.5387,bearish fading,Neutral,-2.8876,-0.1816,full,52.71,Positive fading,46.12,Neutral,Bearish majority,None,"Neutral - majority agree, 1 dissenting",Lower Half,Emerging,Bearish,Yes,Yes,Inside,44.4,Normal,Stable,19.48,No,"Normal volatility, stable",Normal vol,Dry-up,Falling,Weak Down,-0.045,Neutral,38.2554,Neutral,1 - Basing,late,20.0,43.0,4 - Declining,14.0,STAND ASIDE,50.0,0.0,Stage unclear,1 - Basing but stage confidence only 20 - regime not established,1 - Basing but stage confidence only 20 - regime not established,1 - Basing - no new positions in a basing/topping stage
2025-12-18,356.95001220703125,356.95001220703125,346.0,347.75,309917,365.7289,379.5338,Yes,11.38,Strong Bear,Downtrend,Hold,Downtrend (LH+LL),Bearish,9.82,Strong Bear,Bearish confirmed,"Range with bearish lean - ADX emerging, direction not confirmed",33.98,"Underperforming, weakening",Lags both,42.2407,Neutral,-6.3283,-4.8966,bearish fading,Neutral,-5.0123,-0.3998,full,41.02,Negative accelerating,41.91,Bearish,Bearish confirmed,None,Bearish - all 4 components agree incl. MACD acceleration,Lower Half,Emerging,Bearish,Yes,Yes,Inside,44.6,Normal,Expanding,20.28,No,"Normal volatility, expanding - range widening",Normal vol,Normal,Falling,Weak Down,-0.0664,Distribution,29.6835,Neutral,1 - Basing,late,20.0,44.0,4 - Declining,14.0,STAND ASIDE,50.0,0.0,Stage unclear,1 - Basing but stage confidence only 20 - regime not established,1 - Basing but stage confidence only 20 - regime not established,1 - Basing - no new positions in a basing/topping stage
2025-12-19,348.79998779296875,356.5,345.0,354.45001220703125,809245,365.2866,379.2842,Yes,16.6,Strong Bear,Downtrend,Hold,Downtrend (LH+LL),Bearish,11.52,Strong Bear,Bearish confirmed,"Range with bearish lean - ADX emerging, direction not confirmed",43.05,"Underperforming, weakening",Lags both,46.1357,Neutral,-5.9475,-5.1068,bearish fading,Neutral,0.739,0.2143,full,48.71,Negative fading,46.07,Neutral,Bearish confirmed,None,Neutral - all 4 components agree incl. MACD acceleration,Lower Half,Emerging,Bearish,Yes,No,Inside,41.87,Normal,Stable,11.19,No,"Normal volatility, stable",Low vol - tight stops,Normal,Falling,Confirmed Up,0.0007,Neutral,38.5278,Neutral,1 - Basing,late,20.0,45.0,4 - Declining,14.0,STAND ASIDE,50.0,0.0,Stage unclear,1 - Basing but stage confidence only 20 - regime not established,1 - Basing but stage confidence only 20 - regime not established,1 - Basing but stage confidence only 40 - regime not established
2025-12-22,357.79998779296875,369.0,354.5,364.8999938964844,893480,365.2714,379.1411,Yes,26.46,Bear,Downtrend,Hold,Downtrend (LH+LL),Bearish,17.44,Strong Bear,Bearish confirmed,"Range with bearish lean - ADX emerging, direction not confirmed",49.43,"Underperforming, weakening",Leads NIFTY500 only,51.616,Neutral,-4.7479,-5.035,Bullish crossover,Neutral,7.5449,0.9429,full,56.22,Positive accelerating,52.9,Neutral,Bullish majority,Bullish divergence,Neutral - bullish divergence vs price over 21 bars,Upper Half,Emerging,Bearish,No,No,Inside,41.59,Normal,Stable,1.83,No,"Normal volatility, stable",Low vol - tight stops,Normal,Falling,Confirmed Up,0.0654,Accumulation,47.7338,Neutral,1 - Basing,late,20.0,46.0,4 - Declining,14.0,STAND ASIDE,50.0,0.0,Stage unclear,1 - Basing but stage confidence only 20 - regime not established,1 - Basing but stage confidence only 20 - regime not established,1 - Basing but stage confidence only 20 - regime not established
2025-12-23,366.0,366.0,357.0,358.6000061035156,319344,365.0098,378.9367,Yes,21.72,Bear,Downtrend,Hold,Downtrend (LH+LL),Bearish,14.71,Strong Bear,Bearish confirmed,"Range with bearish lean - ADX no trend, direction not confirmed",42.62,"Underperforming, weakening",Lags both,48.4177,Neutral,-4.2564,-4.8793,bearish accelerating,Neutral,3.7766,0.5467,full,51.83,Positive fading,52.59,Neutral,Bullish majority,Bullish divergence,Neutral - bullish divergence vs price over 21 bars,Lower Half,No Trend,Bearish,No,No,Inside,39.29,Low,Stable,-11.19,No,"Low volatility, stable",Low vol - tight stops,Normal,Falling,Weak Down,0.0139,Neutral,49.5303,Neutral,1 - Basing,late,20.0,47.0,4 - Declining,14.0,STAND ASIDE,50.0,0.0,Stage unclear,1 - Basing but stage confidence only 20 - regime not established,1 - Basing but stage confidence only 20 - regime not established,1 - Basing but stage confidence only 20 - regime not established
2025-12-24,357.6000061035156,360.8500061035156,351.04998779296875,352.54998779296875,458692,364.5212,378.6742,Yes,17.92,Strong Bear,Downtrend,Hold,Downtrend (LH+LL),Bearish,13.68,Strong Bear,Bearish confirmed,"Range with bearish lean - ADX no trend, direction not confirmed",34.69,"Underperforming, weakening",Lags both,45.5019,Neutral,-4.3055,-4.7645,bearish fading,Neutral,2.0996,0.3699,full,45.48,Negative accelerating,50.12,Neutral,Mixed,Bullish divergence,Neutral - bullish divergence vs price over 21 bars,Lower Half,No Trend,Bearish,No,No,Inside,37.74,Low,Stable,-14.84,No,"Low volatility, stable",Low vol - tight stops,Normal,Falling,Weak Down,-0.051,Distribution,50.87,Neutral,1 - Basing,late,20.0,48.0,4 - Declining,14.0,STAND ASIDE,50.0,0.0,Stage unclear,1 - Basing but stage confidence only 20 - regime not established,1 - Basing but stage confidence only 20 - regime not established,1 - Basing but stage confidence only 20 - regime not established
2025-12-26,349.04998779296875,360.7999877929688,349.04998779296875,350.75,513820,363.9811,378.3963,Yes,17.65,Strong Bear,Downtrend,Hold,Downtrend (LH+LL),Bearish,13.76,Strong Bear,Bearish confirmed,"Range with bearish lean - ADX no trend, direction not confirmed",38.57,"Underperforming, weakening",Lags both,44.6405,Neutral,-4.4384,-4.6993,bearish fading,Neutral,0.1714,0.1641,full,48.73,Negative fading,49.89,Neutral,Mixed,Bullish divergence,Neutral - bullish divergence vs price over 21 bars,Lower Half,No Trend,Bearish,No,No,Inside,34.88,Low,Stable,-18.77,No,"Low volatility, stable",Low vol - tight stops,Normal,Falling,Weak Down,-0.0774,Distribution,52.8679,Neutral,1 - Basing,late,20.0,49.0,4 - Declining,14.0,STAND ASIDE,50.0,0.0,Stage unclear,1 - Basing but stage confidence only 20 - regime not established,1 - Basing but stage confidence only 20 - regime not established,1 - Basing but stage confidence only 20 - regime not established
2025-12-29,350.45001220703125,362.0,346.1000061035156,359.8999938964844,773667,363.8211,378.2123,Yes,22.48,Bear,Downtrend,Hold,Downtrend (LH+LL),Bearish,15.46,Strong Bear,Bearish confirmed,"Range with bearish lean - ADX no trend, direction not confirmed",40.03,"Underperforming, weakening",Lags both,49.8388,Neutral,-3.7621,-4.5119,bearish accelerating,Neutral,3.3601,0.5021,full,50.47,Positive accelerating,53.19,Neutral,Bullish majority,Bullish divergence,Neutral - bullish divergence vs price over 21 bars,Upper Half,No Trend,Bearish,No,No,Inside,28.97,Low,Contracting,-22.06,No,"Low volatility, contracting - coiling, watch for breakout",Low vol - tight stops,Normal,Falling,Confirmed Up,-0.0572,Distribution,62.4379,Neutral,1 - Basing,late,20.0,50.0,4 - Declining,14.0,STAND ASIDE,50.0,0.0,Stage unclear,1 - Basing but stage confidence only 20 - regime not established,1 - Basing but stage confidence only 20 - regime not established,1 - Basing but stage confidence only 20 - regime not established
2025-12-30,360.20001220703125,360.20001220703125,350.29998779296875,352.29998779296875,358887,363.3693,377.9544,Yes,15.26,Strong Bear,Downtrend,Hold,Downtrend (LH+LL),Bearish,12.94,Strong Bear,Bearish confirmed,"Range with bearish lean - ADX no trend, direction not confirmed",39.45,"Underperforming, weakening",Lags both,45.977,Neutral,-3.7956,-4.3686,bearish fading,Neutral,1.7326,0.3252,full,51.98,Positive accelerating,51.63,Neutral,Bullish majority,None,"Neutral - majority agree, 1 dissenting",Lower Half,No Trend,Bearish,No,No,Inside,24.6,Low,Contracting,-23.49,No,"Low volatility, contracting - coiling, watch for breakout",Low vol - tight stops,Normal,Falling,Weak Down,-0.0532,Distribution,64.3391,Neutral,1 - Basing,late,20.0,51.0,4 - Declining,14.0,STAND ASIDE,50.0,0.0,Stage unclear,1 - Basing but stage confidence only 20 - regime not established,1 - Basing but stage confidence only 20 - regime not established,1 - Basing but stage confidence only 20 - regime not established
2025-12-31,352.0,354.75,346.29998779296875,347.79998779296875,386026,362.7587,377.6544,Yes,10.49,Strong Bear,Downtrend,Hold,Downtrend (LH+LL),Bearish,11.06,Strong Bear,Bearish confirmed,"Range with bearish lean - ADX no trend, direction not confirmed",33.22,"Underperforming, weakening",Lags both,43.8123,Neutral,-4.1376,-4.3224,bearish fading,Neutral,-4.0287,-0.2899,full,48.71,Negative accelerating,48.41,Neutral,Bearish majority,None,Neutral - price momentum agrees but MACD shows deceleration,Lower Half,No Trend,Bearish,No,No,Inside,15.2,Very Low,Contracting,-31.23,Partial,"Very Low volatility, contracting - coiling, watch for breakout",Low vol - tight stops,Normal,Falling,Weak Down,-0.0743,Distribution,58.9449,Neutral,1 - Basing,late,20.0,52.0,4 - Declining,14.0,STAND ASIDE,50.0,0.0,Stage unclear,1 - Basing but stage confidence only 20 - regime not established,1 - Basing but stage confidence only 20 - regime not established,1 - Basing but stage confidence only 20 - regime not established
2026-01-01,353.0,357.79998779296875,346.29998779296875,347.3500061035156,601075,362.1544,377.3529,Yes,9.94,Strong Bear,Downtrend,Hold,Downtrend (LH+LL),Bearish,10.93,Strong Bear,Bearish confirmed,"Range with bearish lean - ADX no trend, direction not confirmed",35.31,"Underperforming, weakening",Lags both,43.5913,Neutral,-4.3943,-4.3368,Bearish crossover,Neutral,-2.0998,-0.0827,full,50.72,Positive accelerating,46.04,Neutral,Mixed,None,"Neutral - components mixed, low conviction",Lower Half,No Trend,Bearish,No,No,Inside,14.13,Very Low,Contracting,-30.28,Partial,"Very Low volatility, contracting - coiling, watch for breakout",Low vol - tight stops,Normal,Falling,Confirmed Down,-0.0774,Distribution,60.2167,Neutral,1 - Basing,late,20.0,53.0,4 - Declining,14.0,STAND ASIDE,50.0,0.0,Stage unclear,1 - Basing but stage confidence only 20 - regime not established,1 - Basing but stage confidence only 20 - regime not established,1 - Basing but stage confidence only 20 - regime not established
2026-01-02,348.95001220703125,351.0,345.3999938964844,349.95001220703125,526741,361.6758,377.0802,Yes,12.0,Strong Bear,Downtrend,Hold,Downtrend (LH+LL),Bearish,11.65,Strong Bear,Bearish confirmed,"Range with bearish lean - ADX no trend, direction not confirmed",42.18,"Underperforming, weakening",Lags both,45.3081,Neutral,-4.3379,-4.337,bearish fading,Neutral,0.6326,0.207,full,55.76,Positive accelerating,47.38,Neutral,Mixed,Bullish divergence,Neutral - bullish divergence vs price over 21 bars,Lower Half,No Trend,Bearish,Yes,No,Inside,9.48,Very Low,Contracting,-35.12,Partial,"Very Low volatility, contracting - coiling, watch for breakout",Low vol - tight stops,Normal,Falling,Weak Up,-0.031,Neutral,54.9553,Neutral,4 - Declining,early,84.0,1.0,1 - Basing,53.0,WAIT,38.0,1.0,Weak ADX,"4 - Declining, trend 12 but ADX shows no trend, this is a range - wait for alignment",1 - Basing but stage confidence only 20 - regime not established,1 - Basing but stage confidence only 20 - regime not established
2026-01-05,350.3999938964844,350.3999938964844,344.29998779296875,345.1000061035156,574385,361.0258,376.762,Yes,9.3,Strong Bear,Downtrend,Hold,Downtrend (LH+LL),Bearish,10.64,Strong Bear,Bearish confirmed,"Range with bearish lean - ADX no trend, direction not confirmed",34.8,"Underperforming, weakening",Lags both,42.6976,Neutral,-4.6312,-4.3959,bearish accelerating,Oversold,-2.6379,-0.1467,full,48.73,Negative accelerating,43.23,Neutral,Bearish majority,Bullish divergence,Neutral - bullish divergence vs price over 21 bars,Lower Half,No Trend,Bearish,Yes,No,Inside,7.5,Very Low,Contracting,-34.37,Partial,"Very Low volatility, contracting - coiling, watch for breakout",Low vol - tight stops,Normal,Falling,Confirmed Down,-0.017,Neutral,53.6513,Neutral,4 - Declining,early,84.0,2.0,1 - Basing,53.0,WAIT,38.0,1.0,Weak ADX,"4 - Declining, trend 11 but ADX shows no trend, this is a range - wait for alignment",1 - Basing but stage confidence only 20 - regime not established,1 - Basing but stage confidence only 20 - regime not established
2026-01-06,346.1499938964844,347.0,335.5,338.04998779296875,535734,360.1248,376.3768,Yes,7.23,Strong Bear,Downtrend,Hold,Downtrend (LH+LL),Bearish,9.37,Strong Bear,Bearish confirmed,"Range with bearish lean - ADX emerging, direction not confirmed",26.72,"Underperforming, weakening",Lags both,39.1651,Neutral,-5.3706,-4.5908,bearish accelerating,Oversold,-7.3582,-0.6519,full,40.16,Negative accelerating,38.57,Bearish,Bearish confirmed,Bullish divergence,Bearish - bullish divergence vs price over 21 bars,At Lower,Emerging,Bearish,Yes,No,Inside,8.85,Very Low,Contracting,-32.74,Partial,"Very Low volatility, contracting - coiling, watch for breakout",Low vol - tight stops,Normal,Falling,Confirmed Down,-0.0096,Neutral,42.3136,Neutral,4 - Declining,early,84.0,3.0,1 - Basing,53.0,WAIT,38.0,1.0,Weak ADX,"4 - Declining, trend 9 but ADX shows no trend, this is a range - wait for alignment",1 - Basing but stage confidence only 20 - regime not established,1 - Basing but stage confidence only 20 - regime not established
2026-01-07,339.20001220703125,342.0,334.29998779296875,337.04998779296875,816544,359.2199,375.9855,Yes,7.42,Strong Bear,Downtrend,Hold,Downtrend (LH+LL),Bearish,8.86,Strong Bear,Bearish confirmed,"Range with bearish lean - ADX emerging, direction not confirmed",30.4,"Underperforming, weakening",Lags both,38.6763,Neutral,-5.9685,-4.8663,bearish accelerating,Oversold,-6.0095,-0.504,full,42.54,Negative fading,38.06,Bearish,Bearish confirmed,Bullish divergence,Bearish - bullish divergence vs price over 21 bars,At Lower,Emerging,Bearish,Yes,No,Inside,8.77,Very Low,Contracting,-30.52,Partial,"Very Low volatility, contracting - coiling, watch for breakout",Low vol - tight stops,Normal,Falling,Confirmed Down,-0.067,Distribution,39.5891,Neutral,4 - Declining,early,84.0,4.0,1 - Basing,53.0,WAIT,38.0,1.0,Weak ADX,"4 - Declining, trend 9 but ADX shows no trend, this is a range - wait for alignment",1 - Basing but stage confidence only 20 - regime not established,1 - Basing but stage confidence only 20 - regime not established
2026-01-08,338.70001220703125,339.79998779296875,315.0,320.6000061035156,1178161,357.7054,375.4344,Yes,3.1,Strong Bear,Downtrend,Hold,Downtrend (LH+LL),Bearish,6.07,Strong Bear,Bearish confirmed,"Range with bearish lean - ADX emerging, direction not confirmed",23.62,"Underperforming, weakening",Lags both,31.6736,Oversold,-7.6811,-5.4293,bearish accelerating,Oversold,-9.0625,-0.8247,full,35.53,Negative accelerating,32.46,Bearish,Bearish confirmed,Bullish divergence,Bearish - bullish divergence vs price over 21 bars,Below Lower,Emerging,Bearish,Yes,Yes,Breakout Down,22.02,Low,Stable,-15.71,No,"Low volatility, stable",Normal vol,High,Falling,Confirmed Down,-0.1078,Distribution,36.0149,Neutral,4 - Declining,early,84.0,5.0,1 - Basing,53.0,WAIT,38.0,1.0,Weak ADX,"4 - Declining, trend 6 but ADX shows no trend, this is a range - wait for alignment",1 - Basing but stage confidence only 20 - regime not established,1 - Basing but stage confidence only 20 - regime not established
2026-01-09,320.79998779296875,320.79998779296875,300.0,305.54998779296875,1565149,355.6601,374.739,Yes,1.86,Strong Bear,Downtrend,Hold,Downtrend (LH+LL),Bearish,4.08,Strong Bear,Bearish confirmed,"Strong Bear - all 4 components agree, trending ADX",19.82,"Underperforming, weakening",Lags both,26.8786,Oversold,-10.136,-6.3706,bearish accelerating,Oversold,-12.8867,-1.2251,full,29.84,Negative accelerating,27.29,Strong Bearish,Bearish confirmed,None,Strong Bearish but oversold on RSI and Stochastic - stretched,Below Lower,Trending,Bearish,Yes,Yes,Breakout Down,46.9,Normal,Stable,12.02,No,"Normal volatility, stable",Wide stop - size down,High,Falling,Confirmed Down,-0.1702,Distribution,25.0145,Neutral,4 - Declining,early,84.0,6.0,1 - Basing,53.0,NO NEW ENTRY,30.0,2.0,Momentum stretched,"4 - Declining, trend 4 short but momentum overextended - hold existing, do not add","4 - Declining, trend 12 but ADX shows no trend, this is a range - wait for alignment",1 - Basing but stage confidence only 20 - regime not established
2026-01-12,308.75,312.5,298.70001220703125,309.6000061035156,868591,353.8538,374.0909,Yes,2.91,Strong Bear,Downtrend,Hold,Downtrend (LH+LL),Bearish,2.97,Strong Bear,Bearish confirmed,"Strong Bear - all 4 components agree, trending ADX",9.83,"Underperforming, weakening",Lags both,29.9518,Oversold,-11.6207,-7.4206,bearish accelerating,Oversold,-13.9761,-1.3301,full,21.86,Negative accelerating,25.61,Strong Bearish,Bearish confirmed,None,Strong Bearish but oversold on RSI and Stochastic - stretched,Below Lower,Trending,Bearish,Yes,Yes,Inside,58.49,Normal,Expanding,29.52,No,"Normal volatility, expanding - range widening",Wide stop - size down,Normal,Falling,Confirmed Up,-0.1161,Distribution,15.2785,Oversold,4 - Declining,mid,84.0,7.0,1 - Basing,53.0,NO NEW ENTRY,30.0,2.0,Momentum stretched,"4 - Declining, trend 3 short but momentum overextended - hold existing, do not add","4 - Declining, trend 11 but ADX shows no trend, this is a range - wait for alignment",1 - Basing but stage confidence only 20 - regime not established
2026-01-13,311.0,313.0,303.3500061035156,306.04998779296875,442153,351.9792,373.4138,Yes,2.92,Strong Bear,Downtrend,Hold,Downtrend (LH+LL),Bearish,1.65,Strong Bear,Bearish confirmed,"Strong Bear - all 4 components agree, trending ADX",11.99,"Underperforming, weakening",Lags both,28.8088,Oversold,-12.9347,-8.5235,bearish accelerating,Oversold,-13.128,-1.2317,full,23.6,Negative fading,25.58,Strong Bearish,Bearish confirmed,None,Strong Bearish but oversold on RSI and Stochastic - stretched,Below Lower,Trending,Bearish,Yes,Yes,Inside,62.58,High,Expanding,37.97,No,High volatility and still expanding - move may be extended,Wide stop - size down,Normal,Falling,Weak Down,-0.1145,Distribution,19.4244,Oversold,4 - Declining,mid,84.0,8.0,1 - Basing,53.0,NO NEW ENTRY,30.0,2.0,Momentum stretched,"4 - Declining, trend 2 short but momentum overextended - hold existing, do not add","4 - Declining, trend 9 but ADX shows no trend, this is a range - wait for alignment",1 - Basing but stage confidence only 20 - regime not established
2026-01-14,307.0,309.45001220703125,301.5,302.3999938964844,340895,350.0349,372.7072,Yes,2.88,Strong Bear,Downtrend,Hold,Downtrend (LH+LL),Bearish,1.01,Strong Bear,Bearish confirmed,"Strong Bear - all 4 components agree, trending ADX",14.15,"Underperforming, weakening",Lags both,27.6409,Oversold,-14.108,-9.6404,bearish accelerating,Oversold,-13.0535,-1.2203,full,25.46,Negative fading,25.61,Strong Bearish,Bearish confirmed,None,Strong Bearish but oversold on RSI and Stochastic - stretched,At Lower,Trending,Bearish,Yes,Yes,Inside,61.47,High,Expanding,46.27,No,High volatility and still expanding - move may be extended,Wide stop - size down,Normal,Falling,Weak Down,-0.2148,Distribution,19.7888,Oversold,4 - Declining,mid,84.0,9.0,1 - Basing,53.0,NO NEW ENTRY,30.0,2.0,Momentum stretched,"4 - Declining, trend 1 short but momentum overextended - hold existing, do not add","4 - Declining, trend 9 but ADX shows no trend, this is a range - wait for alignment",1 - Basing but stage confidence only 20 - regime not established
2026-01-15,302.3999938964844,302.3999938964844,302.3999938964844,302.3999938964844,0,348.1668,372.0077,Yes,3.31,Strong Bear,Downtrend,Hold,Downtrend (LH+LL),Bearish,1.16,Strong Bear,Bearish confirmed,"Strong Bear - all 4 components agree, trending ADX",11.33,"Underperforming, weakening",Lags both,27.6409,Oversold,-14.8664,-10.6856,bearish fading,Oversold,-12.9408,-1.2017,full,21.77,Negative accelerating,24.41,Strong Bearish,Bearish confirmed,None,Strong Bearish but oversold on RSI and Stochastic - stretched,Lower Half,Trending,Bearish,Yes,Yes,Inside,52.22,Normal,Expanding,38.1,No,"Normal volatility, expanding - range widening",Normal vol,Dry-up,Falling,Flat,-0.2064,Distribution,21.0025,Neutral,4 - Declining,mid,84.0,10.0,1 - Basing,53.0,NO NEW ENTRY,30.0,2.0,Momentum stretched,"4 - Declining, trend 1 short but momentum overextended - hold existing, do not add","4 - Declining, trend 6 but ADX shows no trend, this is a range - wait for alignment",1 - Basing but stage confidence only 20 - regime not established
2026-01-16,305.3999938964844,313.79998779296875,303.1000061035156,311.54998779296875,602315,346.7309,371.4061,Yes,6.01,Strong Bear,Downtrend,Hold,Downtrend (LH+LL),Bearish,2.1,Strong Bear,Bearish confirmed,"Strong Bear - all 4 components agree, trending ADX",18.86,"Underperforming, weakening",Lags both,35.2702,Neutral,-14.5613,-11.4607,bearish fading,Oversold,-10.973,-0.9887,full,25.94,Negative fading,29.67,Strong Bearish,Bearish confirmed,None,Strong Bearish - all 4 components agree incl. MACD acceleration,Lower Half,Trending,Bearish,Yes,Yes,Inside,50.83,Normal,Expanding,41.35,No,"Normal volatility, expanding - range widening",Normal vol,Normal,Falling,Weak Up,-0.157,Distribution,18.5545,Oversold,4 - Declining,mid,84.0,11.0,1 - Basing,53.0,ENTER SMALL,20.0,3.0,Volume,"4 - Declining, trend 2 short confirmed but participation is thin - reduce size, breakouts without volume fail more often","4 - Declining, trend 4 short but momentum overextended - hold existing, do not add","4 - Declining, trend 12 but ADX shows no trend, this is a range - wait for alignment"
2026-01-19,309.0,309.0,302.0,303.8500061035156,329266,345.0493,370.7339,Yes,4.18,Strong Bear,Downtrend,Hold,Downtrend (LH+LL),Bearish,1.46,Strong Bear,Bearish confirmed,"Strong Bear - all 4 components agree, trending ADX",18.9,"Underperforming, weakening",Lags both,32.194,Oversold,-14.7706,-12.1227,bearish fading,Oversold,-11.9531,-1.0852,full,24.15,Negative accelerating,28.9,Strong Bearish,Bearish confirmed,None,Strong Bearish - all 4 components agree incl. MACD acceleration,Lower Half,Trending,Bearish,Yes,Yes,Inside,51.94,Normal,Expanding,44.45,No,"Normal volatility, expanding - range widening",Normal vol,Normal,Falling,Weak Down,-0.2192,Distribution,18.7288,Oversold,4 - Declining,mid,84.0,12.0,1 - Basing,53.0,ENTER SMALL,20.0,3.0,Volume,"4 - Declining, trend 1 short confirmed but participation is thin - reduce size, breakouts without volume fail more often","4 - Declining, trend 3 short but momentum overextended - hold existing, do not add","4 - Declining, trend 11 but ADX shows no trend, this is a range - wait for alignment"
2026-01-20,305.79998779296875,305.79998779296875,285.95001220703125,287.1000061035156,1169809,342.7768,369.9017,Yes,1.66,Strong Bear,Downtrend,Hold,Downtrend (LH+LL),Bearish,0.58,Strong Bear,Bearish confirmed,"Strong Bear - all 4 components agree, trending ADX",12.07,"Underperforming, weakening",Lags both,26.732,Oversold,-16.1024,-12.9186,bearish accelerating,Oversold,-15.0717,-1.4049,full,14.93,Negative accelerating,23.55,Strong Bearish,Bearish confirmed,None,Strong Bearish but oversold on RSI and Stochastic - stretched,Lower Half,Trending,Bearish,Yes,Yes,Breakout Down,63.45,High,Expanding,54.6,No,High volatility and still expanding - move may be extended,Wide stop - size down,Normal,Falling,Confirmed Down,-0.3294,Distribution,17.4548,Oversold,4 - Declining,mid,84.0,13.0,1 - Basing,53.0,NO NEW ENTRY,30.0,2.0,Momentum stretched,"4 - Declining, trend 1 short but momentum overextended - hold existing, do not add","4 - Declining, trend 2 short but momentum overextended - hold existing, do not add","4 - Declining, trend 9 but ADX shows no trend, this is a range - wait for alignment"
2026-01-21,289.3999938964844,289.3999938964844,276.04998779296875,278.8999938964844,1073394,340.2718,368.9962,Yes,1.01,Strong Bear,Downtrend,Hold,Downtrend (LH+LL),Bearish,0.35,Strong Bear,Bearish confirmed,"Strong Bear - all 4 components agree, trending ADX",2.24,"Underperforming, weakening",Lags both,24.5372,Oversold,-17.6164,-13.8582,bearish accelerating,Oversold,-17.2526,-1.622,full,6.29,Negative accelerating,18.85,Strong Bearish,Bearish confirmed,None,Strong Bearish but oversold on RSI and Stochastic - stretched,At Lower,Trending,Bearish,Yes,Yes,Breakout Down,68.45,High,Expanding,59.68,No,High volatility and still expanding - move may be extended,Wide stop - size down,Normal,Falling,Confirmed Down,-0.3416,Distribution,10.2492,Oversold,4 - Declining,mid,84.0,14.0,1 - Basing,53.0,NO NEW ENTRY,30.0,2.0,Momentum stretched,"4 - Declining, trend 0 short but momentum overextended - hold existing, do not add","4 - Declining, trend 1 short but momentum overextended - hold existing, do not add","4 - Declining, trend 9 but ADX shows no trend, this is a range - wait for alignment"
2026-01-22,284.8999938964844,288.75,281.70001220703125,284.8999938964844,865976,338.1003,368.1594,Yes,2.58,Strong Bear,Downtrend,Hold,Downtrend (LH+LL),Bearish,0.9,Strong Bear,Bearish confirmed,"Strong Bear - all 4 components agree, trending ADX",7.52,"Underperforming, weakening",Lags both,29.1227,Oversold,-18.1233,-14.7112,bearish fading,Oversold,-11.1354,-0.98,full,11.37,Negative fading,22.31,Strong Bearish,Bearish confirmed,None,Strong Bearish but oversold on RSI and Stochastic - stretched,Lower Half,Trending,Bearish,Yes,Yes,Inside,67.34,High,Expanding,45.32,No,High volatility and still expanding - move may be extended,Wide stop - size down,Normal,Rising,Confirmed Up,-0.3137,Distribution,17.743,Oversold,4 - Declining,mid,84.0,15.0,1 - Basing,53.0,NO NEW ENTRY,30.0,2.0,Momentum stretched,"4 - Declining, trend 1 short but momentum overextended - hold existing, do not add","4 - Declining, trend 1 short but momentum overextended - hold existing, do not add","4 - Declining, trend 6 but ADX shows no trend, this is a range - wait for alignment"
2026-01-23,287.75,287.75,271.1499938964844,273.1000061035156,767447,335.5513,367.2136,Yes,1.14,Strong Bear,Downtrend,Hold,Downtrend (LH+LL),Bearish,0.4,Strong Bear,Bearish confirmed,"Strong Bear - all 4 components agree, strong ADX",0.0,"Underperforming, weakening",Lags both,25.8021,Oversold,-19.2552,-15.62,bearish accelerating,Oversold,-10.6202,-0.9203,full,0.57,Negative accelerating,17.83,Strong Bearish,Bearish confirmed,None,Strong Bearish but oversold on RSI and Stochastic - stretched,Lower Half,Strong,Bearish,Yes,Yes,Breakout Down,73.02,High,Expanding,26.11,No,High volatility and still expanding - move may be extended,Wide stop - size down,Normal,Rising,Confirmed Down,-0.3241,Distribution,17.6673,Oversold,4 - Declining,mid,84.0,16.0,1 - Basing,53.0,NO NEW ENTRY,30.0,2.0,Momentum stretched,"4 - Declining, trend 0 short but momentum overextended - hold existing, do not add","4 - Declining, trend 2 short confirmed but participation is thin - reduce size, breakouts without volume fail more often","4 - Declining, trend 4 short but momentum overextended - hold existing, do not add"
2026-01-27,273.1000061035156,279.0,265.79998779296875,275.54998779296875,758436,333.1983,366.3015,Yes,2.09,Strong Bear,Downtrend,Hold,Downtrend (LH+LL),Bearish,0.73,Strong Bear,Bearish confirmed,"Strong Bear - all 4 components agree, strong ADX",0.0,"Underperforming, weakening",Lags both,27.6467,Oversold,-19.7271,-16.4414,bearish fading,Oversold,-10.9981,-0.9562,full,1.17,Negative fading,19.38,Strong Bearish,Bearish confirmed,None,Strong Bearish but oversold on RSI and Stochastic - stretched,Lower Half,Strong,Bearish,Yes,Yes,Inside,73.65,High,Stable,15.16,No,"High volatility, stable",Wide stop - size down,Normal,Rising,Confirmed Up,-0.3395,Distribution,17.5304,Oversold,4 - Declining,mid,84.0,17.0,1 - Basing,53.0,NO NEW ENTRY,30.0,2.0,Momentum stretched,"4 - Declining, trend 1 short but momentum overextended - hold existing, do not add","4 - Declining, trend 1 short confirmed but participation is thin - reduce size, breakouts without volume fail more often","4 - Declining, trend 3 short but momentum overextended - hold existing, do not add"
2026-01-28,277.70001220703125,294.0,275.54998779296875,292.1499938964844,602288,331.5886,365.5637,Yes,6.36,Strong Bear,Downtrend,Hold,Downtrend (LH+LL),Bearish,3.2,Strong Bear,Bearish confirmed,"Strong Bear - all 4 components agree, strong ADX",6.04,"Underperforming, weakening",Lags both,38.7566,Neutral,-18.5478,-16.8627,bearish fading,Oversold,-4.5417,-0.287,full,10.26,Negative fading,28.63,Strong Bearish,Bearish confirmed,None,Strong Bearish - all 4 components agree incl. MACD acceleration,Lower Half,Strong,Bearish,Yes,Yes,Inside,73.29,High,Stable,10.71,No,"High volatility, stable",Wide stop - size down,Normal,Rising,Weak Up,-0.2839,Distribution,23.6053,Neutral,4 - Declining,mid,84.0,18.0,1 - Basing,53.0,ENTER SMALL,20.0,3.0,Volume,"4 - Declining, trend 3 short confirmed but participation is thin - reduce size, breakouts without volume fail more often","4 - Declining, trend 1 short but momentum overextended - hold existing, do not add","4 - Declining, trend 2 short but momentum overextended - hold existing, do not add"
2026-01-29,289.0,292.0,279.1499938964844,281.79998779296875,641639,329.6361,364.7302,Yes,3.33,Strong Bear,Downtrend,Hold,Downtrend (LH+LL),Bearish,1.17,Strong Bear,Bearish confirmed,"Strong Bear - all 4 components agree, strong ADX",0.46,"Underperforming, weakening",Lags both,35.1342,Neutral,-18.2381,-17.1378,bearish fading,Neutral,-6.8122,-0.5237,full,5.5,Negative accelerating,28.01,Strong Bearish,Bearish confirmed,None,Strong Bearish - all 4 components agree incl. MACD acceleration,Lower Half,Strong,Bearish,Yes,Yes,Inside,74.92,High,Stable,13.45,No,"High volatility, stable",Wide stop - size down,Normal,Rising,Weak Down,-0.2878,Distribution,25.2141,Neutral,4 - Declining,mid,84.0,19.0,1 - Basing,53.0,ENTER SMALL,20.0,3.0,Volume,"4 - Declining, trend 1 short confirmed but participation is thin - reduce size, breakouts without volume fail more often","4 - Declining, trend 0 short but momentum overextended - hold existing, do not add","4 - Declining, trend 1 short but momentum overextended - hold existing, do not add"
2026-01-30,281.5,286.0,275.70001220703125,283.3999938964844,437460,327.8229,363.921,Yes,4.23,Strong Bear,Downtrend,Hold,Downtrend (LH+LL),Bearish,1.48,Strong Bear,Bearish confirmed,"Strong Bear - all 4 components agree, strong ADX",0.0,"Underperforming, weakening",Lags both,36.1281,Neutral,-17.66,-17.2422,bearish fading,Neutral,-6.2831,-0.4708,full,2.74,Negative accelerating,29.44,Strong Bearish,Bearish confirmed,None,Strong Bearish - all 4 components agree incl. MACD acceleration,Lower Half,Strong,Bearish,Yes,Yes,Inside,73.73,High,Expanding,21.51,No,High volatility and still expanding - move may be extended,Wide stop - size down,Normal,Rising,Weak Up,-0.2409,Distribution,28.7279,Neutral,4 - Declining,late,84.0,20.0,1 - Basing,53.0,ENTER SMALL,20.0,3.0,Volume,"4 - Declining, trend 1 short confirmed but participation is thin - reduce size, breakouts without volume fail more often","4 - Declining, trend 1 short but momentum overextended - hold existing, do not add","4 - Declining, trend 1 short but momentum overextended - hold existing, do not add"
2026-02-02,270.1499938964844,285.0,269.0,282.45001220703125,464113,326.0436,363.1103,Yes,4.35,Strong Bear,Downtrend,Hold,Downtrend (LH+LL),Bearish,1.52,Strong Bear,Bearish confirmed,"Strong Bear - all 4 components agree, strong ADX",0.0,"Underperforming, weakening",Lags both,35.7776,Neutral,-17.0816,-17.2101,Bullish crossover,Neutral,-9.3404,-0.7918,full,1.59,Negative accelerating,29.74,Strong Bearish,Bearish majority,None,Strong Bearish - price momentum agrees but MACD shows deceleration,Lower Half,Strong,Bearish,Yes,Yes,Inside,72.82,High,Expanding,21.98,No,High volatility and still expanding - move may be extended,Wide stop - size down,Normal,Rising,Weak Down,-0.2429,Distribution,30.3389,Neutral,4 - Declining,late,84.0,21.0,1 - Basing,53.0,ENTER SMALL,20.0,3.0,Volume,"4 - Declining, trend 2 short confirmed but participation is thin - reduce size, breakouts without volume fail more often","4 - Declining, trend 0 short but momentum overextended - hold existing, do not add","4 - Declining, trend 2 short confirmed but participation is thin - reduce size, breakouts without volume fail more often"
2026-02-03,300.0,304.70001220703125,292.0,301.3500061035156,1041007,325.0752,362.4958,Yes,15.04,Strong Bear,Downtrend,Hold,Downtrend (LH+LL),Bearish,12.44,Strong Bear,Bearish confirmed,"Strong Bear - all 4 components agree, trending ADX",2.65,"Underperforming, weakening",Lags both,46.8299,Neutral,-14.9261,-16.7533,bearish accelerating,Neutral,-0.8228,0.0904,full,11.84,Negative fading,40.48,Bearish,Bearish majority,None,Bearish - price momentum agrees but MACD shows deceleration,Upper Half,Trending,Bearish,No,Yes,Inside,72.82,High,Expanding,20.87,No,High volatility and still expanding - move may be extended,Wide stop - size down,Normal,Rising,Confirmed Up,-0.172,Distribution,35.0059,Neutral,4 - Declining,late,84.0,22.0,1 - Basing,53.0,ENTER SHORT,28.64,5.0,None,"4 - Declining, trend 12 with bearish confirmed, momentum and volume confirm; late in the stage, reduce size","4 - Declining, trend 1 short but momentum overextended - hold existing, do not add","4 - Declining, trend 1 short confirmed but participation is thin - reduce size, breakouts without volume fail more often"
2026-02-04,298.0,303.0,292.1499938964844,300.20001220703125,678694,324.0997,361.8759,Yes,17.29,Strong Bear,Downtrend,Hold,Downtrend (LH+LL),Bearish,12.45,Strong Bear,Bearish confirmed,"Strong Bear - all 4 components agree, trending ADX",5.29,"Underperforming, weakening",Lags both,46.3077,Neutral,-13.159,-16.0345,bearish accelerating,Neutral,4.5629,0.6493,full,15.63,Negative fading,44.35,Neutral,Mixed,Bullish divergence,Neutral - bullish divergence vs price over 21 bars,Upper Half,Trending,Bearish,No,Yes,Inside,71.31,High,Stable,7.86,No,"High volatility, stable",Wide stop - size down,Normal,Rising,Weak Down,-0.1275,Distribution,33.7352,Neutral,4 - Declining,late,84.0,23.0,1 - Basing,53.0,HOLD / TIGHTEN STOP,30.0,2.0,Momentum divergence,"4 - Declining, trend 12 short but momentum diverging - trend tiring, tighten stop","4 - Declining, trend 3 short confirmed but participation is thin - reduce size, breakouts without volume fail more often","4 - Declining, trend 1 short but momentum overextended - hold existing, do not add"
2026-02-05,299.29998779296875,299.29998779296875,286.0,287.20001220703125,649513,322.6527,361.1329,Yes,14.49,Strong Bear,Downtrend,Hold,Downtrend (LH+LL),Bearish,5.07,Strong Bear,Bearish confirmed,"Strong Bear - all 4 components agree, trending ADX",2.04,"Underperforming, weakening",Lags both,40.7727,Neutral,-12.6615,-15.3599,bearish fading,Neutral,2.976,0.4771,full,12.67,Negative accelerating,41.92,Bearish,Mixed,Bullish divergence,Bearish - bullish divergence vs price over 21 bars,Lower Half,Trending,Bearish,No,Yes,Inside,67.1,High,Stable,-1.35,No,"High volatility, stable",Wide stop - size down,Normal,Rising,Weak Down,-0.1496,Distribution,31.5452,Neutral,4 - Declining,late,84.0,24.0,1 - Basing,53.0,HOLD / TIGHTEN STOP,30.0,2.0,Momentum divergence,"4 - Declining, trend 5 short but momentum diverging - trend tiring, tighten stop","4 - Declining, trend 1 short confirmed but participation is thin - reduce size, breakouts without volume fail more often","4 - Declining, trend 0 short but momentum overextended - hold existing, do not add"
2026-02-06,285.0,288.20001220703125,277.79998779296875,279.8999938964844,694206,320.9761,360.3246,Yes,10.61,Strong Bear,Downtrend,Hold,Downtrend (LH+LL),Bearish,3.71,Strong Bear,Bearish confirmed,"Strong Bear - all 4 components agree, trending ADX",0.0,"Underperforming, weakening",Lags both,38.0242,Neutral,-12.7098,-14.8299,bearish fading,Neutral,-1.755,-0.0272,full,3.79,Negative accelerating,35.89,Bearish,Bearish majority,None,Bearish - price momentum agrees but MACD shows deceleration,Lower Half,Trending,Bearish,No,Yes,Inside,65.79,High,Stable,-1.55,No,"High volatility, stable",Wide stop - size down,Normal,Rising,Weak Down,-0.1382,Distribution,25.0589,Neutral,4 - Declining,late,84.0,25.0,1 - Basing,53.0,ENTER SMALL,20.94,3.0,Volume,"4 - Declining, trend 4 short confirmed but participation is thin - reduce size, breakouts without volume fail more often","4 - Declining, trend 1 short confirmed but participation is thin - reduce size, breakouts without volume fail more often","4 - Declining, trend 1 short but momentum overextended - hold existing, do not add"
2026-02-09,283.0,290.8999938964844,281.0,285.1000061035156,1112207,319.5692,359.5761,Yes,13.35,Strong Bear,Downtrend,Hold,Downtrend (LH+LL),Bearish,4.67,Strong Bear,Bearish confirmed,"Strong Bear - all 4 components agree, trending ADX",0.0,"Underperforming, weakening",Lags both,41.0715,Neutral,-12.188,-14.3015,bearish fading,Neutral,4.394,0.6174,full,8.57,Negative fading,37.26,Bearish,Bearish majority,Bullish divergence,Bearish - bullish divergence vs price over 21 bars,Lower Half,Trending,Bearish,No,Yes,Inside,60.47,High,Stable,-12.54,No,"High volatility, stable",Wide stop - size down,Normal,Rising,Confirmed Up,-0.103,Distribution,33.4523,Neutral,4 - Declining,late,84.0,26.0,1 - Basing,53.0,HOLD / TIGHTEN STOP,30.0,2.0,Momentum divergence,"4 - Declining, trend 5 short but momentum diverging - trend tiring, tighten stop","4 - Declining, trend 2 short confirmed but participation is thin - reduce size, breakouts without volume fail more often","4 - Declining, trend 0 short but momentum overextended - hold existing, do not add"
2026-02-10,287.5,306.0,287.45001220703125,300.20001220703125,2102227,318.8096,358.9853,Yes,17.9,Strong Bear,Downtrend,Hold,Downtrend (LH+LL),Bearish,12.67,Strong Bear,Bearish confirmed,"Strong Bear - all 4 components agree, trending ADX",0.0,"Underperforming, weakening",Lags both,48.9249,Neutral,-10.4358,-13.5283,bearish accelerating,Neutral,8.9458,1.0916,full,10.17,Negative fading,43.13,Neutral,Mixed,Bullish divergence,Neutral - bullish divergence vs price over 21 bars,Upper Half,Trending,Bearish,No,Yes,Inside,55.87,Normal,Stable,-17.78,No,"Normal volatility, stable",Wide stop - size down,High,Rising,Confirmed Up,-0.0752,Distribution,48.9892,Neutral,4 - Declining,late,84.0,27.0,1 - Basing,53.0,HOLD / TIGHTEN STOP,30.0,2.0,Momentum divergence,"4 - Declining, trend 13 short but momentum diverging - trend tiring, tighten stop","4 - Declining, trend 12 with bearish confirmed, momentum and volume confirm; late in the stage, reduce size","4 - Declining, trend 1 short but momentum overextended - hold existing, do not add"
2026-02-11,301.45001220703125,302.0,290.8500061035156,297.0,1104125,317.9543,358.3685,Yes,14.82,Strong Bear,Downtrend,Hold,Downtrend (LH+LL),Bearish,10.14,Strong Bear,Bearish confirmed,"Strong Bear - all 4 components agree, trending ADX",0.0,"Underperforming, weakening",Lags both,47.4808,Neutral,-9.1992,-12.6625,bearish accelerating,Neutral,1.6601,0.3165,full,2.48,Negative accelerating,42.67,Neutral,Mixed,Bullish divergence,Neutral - bullish divergence vs price over 21 bars,Upper Half,Trending,Bearish,No,Yes,Inside,53.45,Normal,Stable,-19.84,No,"Normal volatility, stable",Wide stop - size down,Normal,Rising,Confirmed Down,-0.052,Distribution,48.6282,Neutral,4 - Declining,late,84.0,28.0,1 - Basing,53.0,HOLD / TIGHTEN STOP,30.0,2.0,Momentum divergence,"4 - Declining, trend 10 short but momentum diverging - trend tiring, tighten stop","4 - Declining, trend 12 short but momentum diverging - trend tiring, tighten stop","4 - Declining, trend 3 short confirmed but participation is thin - reduce size, breakouts without volume fail more often"
2026-02-12,297.0,308.0,290.8999938964844,304.20001220703125,1512084,317.4149,357.8295,Yes,22.78,Bear,Downtrend,Hold,Downtrend (LH+LL),Bearish,35.18,Bear,Bearish majority,"Bear - majority agree, 1 dissenting, trending ADX",0.0,"Underperforming, weakening",Lags both,50.9864,Neutral,-7.5513,-11.6403,bearish accelerating,Overbought,7.9489,0.9808,full,8.19,Negative fading,47.93,Neutral,Bullish majority,Bullish divergence,Neutral - bullish divergence vs price over 21 bars,Upper Half,Trending,Bullish,No,No,Inside,54.56,Normal,Contracting,-20.36,No,"Normal volatility, contracting - move losing energy",Wide stop - size down,Normal,Rising,Confirmed Up,0.0181,Neutral,51.5566,Neutral,4 - Declining,late,84.0,29.0,1 - Basing,53.0,HOLD / TIGHTEN STOP,41.11,2.0,Momentum divergence,"4 - Declining, trend 35 short but momentum diverging - trend tiring, tighten stop","4 - Declining, trend 5 short but momentum diverging - trend tiring, tighten stop","4 - Declining, trend 1 short confirmed but participation is thin - reduce size, breakouts without volume fail more often"
2026-02-13,304.0,304.0,283.1499938964844,285.95001220703125,3059047,316.181,357.1143,Yes,15.66,Strong Bear,Downtrend,Hold,Downtrend (LH+LL),Bearish,8.32,Strong Bear,Bearish confirmed,"Strong Bear - all 4 components agree, trending ADX",0.0,"Underperforming, weakening",Lags both,43.1282,Neutral,-7.6299,-10.8382,bearish fading,Neutral,0.8998,0.2354,full,0.0,Negative accelerating,40.44,Bearish,Mixed,Bullish divergence,Bearish - bullish divergence vs price over 21 bars,Lower Half,Trending,Bearish,No,Yes,Inside,56.23,Normal,Stable,-17.5,No,"Normal volatility, stable",Wide stop - size down,High,Rising,Confirmed Down,-0.0985,Distribution,43.4926,Neutral,4 - Declining,late,84.0,30.0,1 - Basing,53.0,HOLD / TIGHTEN STOP,30.0,2.0,Momentum divergence,"4 - Declining, trend 8 short but momentum diverging - trend tiring, tighten stop","4 - Declining, trend 4 short confirmed but participation is thin - reduce size, breakouts without volume fail more often","4 - Declining, trend 1 short confirmed but participation is thin - reduce size, breakouts without volume fail more often"
2026-02-16,285.79998779296875,285.79998779296875,269.8999938964844,271.0,1497952,314.4092,356.2574,Yes,6.96,Strong Bear,Downtrend,Hold,Downtrend (LH+LL),Bearish,5.63,Strong Bear,Bearish confirmed,"Strong Bear - all 4 components agree, trending ADX",0.0,"Underperforming, weakening",Lags both,37.9661,Neutral,-8.7971,-10.43,bearish fading,Neutral,-4.0538,-0.2858,full,0.0,Negative accelerating,33.66,Bearish,Bearish majority,Bullish divergence,Bearish - bullish divergence vs price over 21 bars,Lower Half,Trending,Bearish,No,Yes,Inside,57.38,Normal,Stable,-15.43,Partial,"Normal volatility, stable",Wide stop - size down,Normal,Rising,Confirmed Down,-0.1739,Distribution,41.5235,Neutral,4 - Declining,late,84.0,31.0,1 - Basing,53.0,HOLD / TIGHTEN STOP,30.0,2.0,Momentum divergence,"4 - Declining, trend 6 short but momentum diverging - trend tiring, tighten stop","4 - Declining, trend 5 short but momentum diverging - trend tiring, tighten stop","4 - Declining, trend 2 short confirmed but participation is thin - reduce size, breakouts without volume fail more often"
2026-02-17,272.0,272.95001220703125,258.04998779296875,260.5,3065416,312.2951,355.3046,Yes,0.08,Strong Bear,Downtrend,Hold,Downtrend (LH+LL),Bearish,3.14,Strong Bear,Bearish confirmed,"Strong Bear - all 4 components agree, trending ADX",0.0,"Underperforming, weakening",Lags both,34.8144,Neutral,-10.449,-10.4338,Bearish crossover,Oversold,-13.5557,-1.2841,full,0.0,Negative accelerating,26.6,Strong Bearish,Bearish confirmed,None,Strong Bearish - all 4 components agree incl. MACD acceleration,Below Lower,Trending,Bearish,No,Yes,Breakout Down,58.73,Normal,Stable,-14.09,No,"Normal volatility, stable",Wide stop - size down,High,Rising,Confirmed Down,-0.2351,Distribution,33.075,Neutral,4 - Declining,late,84.0,32.0,1 - Basing,53.0,ENTER SHORT,16.69,5.0,None,"4 - Declining, trend 3 with bearish confirmed, momentum and volume confirm; late in the stage, reduce size","4 - Declining, trend 13 short but momentum diverging - trend tiring, tighten stop","4 - Declining, trend 12 with bearish confirmed, momentum and volume confirm; late in the stage, reduce size"
2026-02-18,262.0,263.25,251.3500061035156,256.1499938964844,2040493,310.0934,354.318,Yes,0.19,Strong Bear,Downtrend,Hold,Downtrend (LH+LL),Bearish,2.91,Strong Bear,Bearish confirmed,"Strong Bear - all 4 components agree, trending ADX",0.0,"Underperforming, weakening",Lags both,33.571,Oversold,-11.9711,-10.7413,bearish accelerating,Oversold,-14.6736,-1.4013,full,0.0,Negative fading,22.67,Strong Bearish,Bearish confirmed,None,Strong Bearish - all 4 components agree incl. MACD acceleration,Below Lower,Trending,Bearish,No,Yes,Breakout Down,70.91,High,Stable,-0.4,No,"High volatility, stable",Wide stop - size down,Normal,Rising,Confirmed Down,-0.2002,Distribution,31.0247,Neutral,4 - Declining,late,84.0,33.0,1 - Basing,53.0,ENTER SHORT,15.41,5.0,None,"4 - Declining, trend 3 with bearish confirmed, momentum and volume confirm; late in the stage, reduce size","4 - Declining, trend 10 short but momentum diverging - trend tiring, tighten stop","4 - Declining, trend 12 short but momentum diverging - trend tiring, tighten stop"
2026-02-19,256.95001220703125,259.20001220703125,240.0,241.5500030517578,2277749,307.4054,353.1959,Yes,0.0,Strong Bear,Downtrend,Hold,Downtrend (LH+LL),Bearish,2.3,Strong Bear,Bearish confirmed,"Strong Bear - all 4 components agree, trending ADX",0.0,"Underperforming, weakening",Lags both,29.7327,Oversold,-14.1919,-11.4314,bearish accelerating,Oversold,-15.8948,-1.5404,full,0.0,Negative accelerating,19.01,Strong Bearish,Bearish confirmed,None,Strong Bearish but oversold on RSI and Stochastic - stretched,Below Lower,Trending,Bearish,No,Yes,Breakout Down,81.75,Very High,Stable,14.65,No,"Very High volatility, stable",Wide stop - size down,Normal,Rising,Confirmed Down,-0.2417,Distribution,28.736,Neutral,4 - Declining,late,84.0,34.0,1 - Basing,53.0,NO NEW ENTRY,30.0,2.0,Momentum stretched,"4 - Declining, trend 2 short but momentum overextended - hold existing, do not add","4 - Declining, trend 35 short but momentum diverging - trend tiring, tighten stop","4 - Declining, trend 5 short but momentum diverging - trend tiring, tighten stop"
2026-02-20,243.1499938964844,243.4499969482422,229.1999969482422,234.5500030517578,3206249,304.5483,352.0154,Yes,0.0,Strong Bear,Downtrend,Hold,Downtrend (LH+LL),Bearish,1.53,Strong Bear,Bearish confirmed,"Strong Bear - all 4 components agree, trending ADX",0.0,"Underperforming, weakening",Lags both,28.0754,Oversold,-16.3286,-12.4108,bearish accelerating,Oversold,-16.2022,-1.5747,full,0.0,Negative accelerating,16.94,Strong Bearish,Bearish confirmed,None,Strong Bearish but oversold on RSI and Stochastic - stretched,Below Lower,Trending,Bearish,Yes,Yes,Breakout Down,85.95,Very High,Expanding,20.16,No,Very High volatility and still expanding - move may be extended,Extreme vol - reduce size,High,Rising,Confirmed Down,-0.2472,Distribution,26.0002,Neutral,4 - Declining,late,84.0,35.0,1 - Basing,53.0,NO NEW ENTRY,30.0,2.0,Momentum stretched,"4 - Declining, trend 2 short but momentum overextended - hold existing, do not add","4 - Declining, trend 8 short but momentum diverging - trend tiring, tighten stop","4 - Declining, trend 4 short confirmed but participation is thin - reduce size, breakouts without volume fail more often"
2026-02-23,236.8000030517578,240.4499969482422,232.5500030517578,235.5500030517578,1496570,301.8425,350.8565,Yes,0.0,Strong Bear,Downtrend,Hold,Downtrend (LH+LL),Bearish,0.83,Strong Bear,Bearish confirmed,"Strong Bear - all 4 components agree, trending ADX",0.0,"Underperforming, weakening",Lags both,28.6869,Oversold,-17.7367,-13.476,bearish accelerating,Oversold,-17.3799,-1.7153,full,0.0,Negative fading,16.57,Strong Bearish,Bearish confirmed,None,Strong Bearish but oversold on RSI and Stochastic - stretched,At Lower,Trending,Bearish,Yes,Yes,Inside,86.47,Very High,Expanding,25.99,No,Very High volatility and still expanding - move may be extended,Wide stop - size down,Normal,Rising,Confirmed Up,-0.2329,Distribution,26.4678,Neutral,4 - Declining,late,84.0,36.0,1 - Basing,53.0,NO NEW ENTRY,30.0,2.0,Momentum stretched,"4 - Declining, trend 1 short but momentum overextended - hold existing, do not add","4 - Declining, trend 6 short but momentum diverging - trend tiring, tighten stop","4 - Declining, trend 5 short but momentum diverging - trend tiring, tighten stop"
2026-02-24,236.75,236.75,221.25,224.1499938964844,2231718,298.7957,349.5958,Yes,0.0,Strong Bear,Downtrend,Hold,Downtrend (LH+LL),Bearish,0.0,Strong Bear,Bearish confirmed,"Strong Bear - all 4 components agree, trending ADX",0.0,"Underperforming, weakening",Lags both,25.9754,Oversold,-19.5472,-14.6902,bearish accelerating,Oversold,-25.3331,-2.5601,full,0.0,Negative accelerating,14.99,Strong Bearish,Bearish confirmed,None,Strong Bearish but oversold on RSI and Stochastic - stretched,Below Lower,Trending,Bearish,Yes,Yes,Breakout Down,89.09,Very High,Expanding,33.21,No,Very High volatility and still expanding - move may be extended,Extreme vol - reduce size,Normal,Rising,Confirmed Down,-0.2802,Distribution,25.3027,Neutral,4 - Declining,late,84.0,37.0,1 - Basing,53.0,NO NEW ENTRY,30.0,2.0,Momentum stretched,"4 - Declining, trend 0 short but momentum overextended - hold existing, do not add","4 - Declining, trend 3 with bearish confirmed, momentum and volume confirm; late in the stage, reduce size","4 - Declining, trend 13 short but momentum diverging - trend tiring, tighten stop"
2026-02-25,226.3000030517578,226.8000030517578,215.3999938964844,216.8999938964844,1785507,295.5841,348.2754,Yes,0.0,Strong Bear,Downtrend,Hold,Downtrend (LH+LL),Bearish,0.0,Strong Bear,Bearish confirmed,"Strong Bear - all 4 components agree, trending ADX",0.0,"Underperforming, weakening",Lags both,24.3961,Oversold,-21.3213,-16.0165,bearish accelerating,Oversold,-26.9697,-2.7483,full,0.0,Negative accelerating,13.72,Strong Bearish,Bearish confirmed,None,Strong Bearish but oversold on RSI and Stochastic - stretched,At Lower,Trending,Bearish,Yes,Yes,Breakout Down,90.4,Very High,Expanding,36.94,No,Very High volatility and still expanding - move may be extended,Extreme vol - reduce size,Normal,Rising,Confirmed Down,-0.3274,Distribution,24.581,Neutral,4 - Declining,late,84.0,38.0,1 - Basing,53.0,NO NEW ENTRY,30.0,2.0,Momentum stretched,"4 - Declining, trend 0 short but momentum overextended - hold existing, do not add","4 - Declining, trend 3 with bearish confirmed, momentum and volume confirm; late in the stage, reduce size","4 - Declining, trend 10 short but momentum diverging - trend tiring, tighten stop"
2026-02-26,218.6000061035156,234.4499969482422,217.1000061035156,232.6999969482422,3227782,293.1181,347.1254,Yes,2.31,Strong Bear,Downtrend,Hold,Downtrend (LH+LL),Bearish,0.81,Strong Bear,Bearish confirmed,"Strong Bear - all 4 components agree, trending ADX",0.0,"Underperforming, weakening",Lags both,33.8372,Oversold,-21.2079,-17.0547,bearish fading,Oversold,-23.5043,-2.403,full,0.0,Negative fading,18.16,Strong Bearish,Bearish confirmed,None,Strong Bearish - all 4 components agree incl. MACD acceleration,Lower Half,Trending,Bearish,Yes,Yes,Inside,91.35,Very High,Expanding,36.79,No,Very High volatility and still expanding - move may be extended,Extreme vol - reduce size,Normal,Rising,Confirmed Up,-0.2145,Distribution,32.447,Neutral,4 - Declining,late,84.0,39.0,1 - Basing,53.0,ENTER SMALL,16.71,4.0,Volatility extended,"4 - Declining, short setup confirmed but volatility 91 and still expanding - late, size down and widen stop","4 - Declining, trend 2 short but momentum overextended - hold existing, do not add","4 - Declining, trend 35 short but momentum diverging - trend tiring, tighten stop"
2026-02-27,232.5,239.0,226.0500030517578,227.5500030517578,2988981,290.5468,345.9356,Yes,1.76,Strong Bear,Downtrend,Hold,Downtrend (LH+LL),Bearish,0.62,Strong Bear,Bearish confirmed,"Strong Bear - all 4 components agree, trending ADX",0.0,"Underperforming, weakening",Lags both,32.4163,Oversold,-21.2881,-17.9014,bearish fading,Oversold,-20.4232,-2.0858,full,0.0,Negative accelerating,19.06,Strong Bearish,Bearish confirmed,None,Strong Bearish - all 4 components agree incl. MACD acceleration,Lower Half,Trending,Bearish,Yes,Yes,Inside,92.26,Very High,Expanding,36.03,No,Very High volatility and still expanding - move may be extended,Extreme vol - reduce size,Normal,Rising,Confirmed Down,-0.2688,Distribution,35.5744,Neutral,4 - Declining,late,84.0,40.0,1 - Basing,53.0,ENTER SMALL,15.0,4.0,Volatility extended,"4 - Declining, short setup confirmed but volatility 92 and still expanding - late, size down and widen stop","4 - Declining, trend 2 short but momentum overextended - hold existing, do not add","4 - Declining, trend 8 short but momentum diverging - trend tiring, tighten stop"
2026-03-02,217.25,229.7400054931641,216.509994506836,222.8300018310547,1331203,287.8912,344.7107,Yes,1.38,Strong Bear,Downtrend,Hold,Downtrend (LH+LL),Bearish,0.48,Strong Bear,Bearish confirmed,"Strong Bear - all 4 components agree, trending ADX",0.0,"Underperforming, weakening",Lags both,31.1262,Oversold,-21.485,-18.6181,bearish fading,Oversold,-17.7749,-1.8167,full,0.0,Negative accelerating,19.64,Strong Bearish,Bearish confirmed,None,Strong Bearish - all 4 components agree incl. MACD acceleration,Lower Half,Trending,Bearish,Yes,Yes,Inside,93.45,Very High,Expanding,36.07,No,Very High volatility and still expanding - move may be extended,Extreme vol - reduce size,Normal,Rising,Weak Down,-0.2726,Distribution,28.9746,Neutral,4 - Declining,late,84.0,41.0,1 - Basing,53.0,ENTER SMALL,20.0,3.0,Volume,"4 - Declining, trend 0 short confirmed but participation is thin - reduce size, breakouts without volume fail more often","4 - Declining, trend 1 short but momentum overextended - hold existing, do not add","4 - Declining, trend 6 short but momentum diverging - trend tiring, tighten stop"
2026-03-04,220.0,223.0,214.0500030517578,215.6300048828125,1230327,285.0575,343.4263,Yes,0.58,Strong Bear,Downtrend,Hold,Downtrend (LH+LL),Bearish,0.2,Strong Bear,Bearish confirmed,"Strong Bear - all 4 components agree, trending ADX",0.0,"Underperforming, weakening",Lags both,29.216,Oversold,-21.9687,-19.2882,bearish fading,Oversold,-17.2246,-1.7553,full,0.0,Negative accelerating,18.66,Strong Bearish,Bearish confirmed,None,Strong Bearish but oversold on RSI and Stochastic - stretched,Lower Half,Trending,Bearish,Yes,Yes,Near Lower,93.45,Very High,Expanding,34.72,No,Very High volatility and still expanding - move may be extended,Extreme vol - reduce size,Normal,Rising,Weak Down,-0.3058,Distribution,29.2011,Neutral,4 - Declining,late,84.0,42.0,1 - Basing,53.0,NO NEW ENTRY,30.0,2.0,Momentum stretched,"4 - Declining, trend 0 short but momentum overextended - hold existing, do not add","4 - Declining, trend 0 short but momentum overextended - hold existing, do not add","4 - Declining, trend 3 with bearish confirmed, momentum and volume confirm; late in the stage, reduce size"
2026-03-05,220.5,220.5,211.0500030517578,217.5800018310547,1344169,282.4113,342.1741,Yes,1.67,Strong Bear,Downtrend,Hold,Downtrend (LH+LL),Bearish,0.58,Strong Bear,Bearish confirmed,"Strong Bear - all 4 components agree, trending ADX",0.0,"Underperforming, weakening",Lags both,30.4607,Oversold,-21.9417,-19.8189,bearish fading,Oversold,-15.0576,-1.5067,full,0.0,Negative fading,19.66,Strong Bearish,Bearish confirmed,None,Strong Bearish - all 4 components agree incl. MACD acceleration,Lower Half,Trending,Bearish,Yes,Yes,Inside,93.25,Very High,Expanding,22.34,No,Very High volatility and still expanding - move may be extended,Extreme vol - reduce size,Normal,Rising,Weak Up,-0.2955,Distribution,23.764,Neutral,4 - Declining,late,84.0,43.0,1 - Basing,53.0,ENTER SMALL,20.0,3.0,Volume,"4 - Declining, trend 1 short confirmed but participation is thin - reduce size, breakouts without volume fail more often","4 - Declining, trend 0 short but momentum overextended - hold existing, do not add","4 - Declining, trend 3 with bearish confirmed, momentum and volume confirm; late in the stage, reduce size"
2026-03-06,218.82000732421875,231.5,218.82000732421875,226.8699951171875,2950869,280.2332,341.0268,Yes,3.99,Strong Bear,Downtrend,Hold,Downtrend (LH+LL),Bearish,1.4,Strong Bear,Bearish confirmed,"Strong Bear - all 4 components agree, trending ADX",0.0,"Underperforming, weakening",Lags both,36.2151,Neutral,-20.9295,-20.041,bearish fading,Oversold,-6.0774,-0.5221,full,0.0,Negative fading,24.0,Strong Bearish,Bearish confirmed,None,Strong Bearish - all 4 components agree incl. MACD acceleration,Lower Half,Trending,Bearish,Yes,No,Inside,92.78,Very High,Stable,11.03,No,"Very High volatility, stable",Wide stop - size down,Normal,Rising,Confirmed Up,-0.2457,Distribution,33.6659,Neutral,4 - Declining,late,84.0,44.0,1 - Basing,53.0,ENTER SHORT,18.73,5.0,None,"4 - Declining, trend 1 with bearish confirmed, momentum and volume confirm; late in the stage, reduce size","4 - Declining, short setup confirmed but volatility 91 and still expanding - late, size down and widen stop","4 - Declining, trend 2 short but momentum overextended - hold existing, do not add"
2026-03-09,217.0599975585937,221.77999877929688,212.32000732421875,216.3300018310547,1097171,277.7272,339.786,Yes,2.02,Strong Bear,Downtrend,Hold,Downtrend (LH+LL),Bearish,0.71,Strong Bear,Bearish confirmed,"Strong Bear - all 4 components agree, trending ADX",0.0,"Underperforming, weakening",Lags both,32.8897,Neutral,-20.7387,-20.1806,bearish fading,Oversold,-7.7681,-0.7056,full,0.0,Negative accelerating,23.87,Strong Bearish,Bearish confirmed,None,Strong Bearish - all 4 components agree incl. MACD acceleration,Lower Half,Trending,Bearish,Yes,Yes,Inside,95.04,Very High,Stable,9.09,No,"Very High volatility, stable",Extreme vol - reduce size,Normal,Rising,Weak Down,-0.2372,Distribution,34.4965,Neutral,4 - Declining,late,84.0,45.0,1 - Basing,53.0,ENTER SMALL,20.0,3.0,Volume,"4 - Declining, trend 1 short confirmed but participation is thin - reduce size, breakouts without volume fail more often","4 - Declining, short setup confirmed but volatility 92 and still expanding - late, size down and widen stop","4 - Declining, trend 2 short but momentum overextended - hold existing, do not add"
2026-03-10,221.9499969482422,225.3500061035156,217.3600006103516,224.3600006103516,1159894,275.6344,338.6375,Yes,4.25,Strong Bear,Downtrend,Hold,Downtrend (LH+LL),Bearish,1.49,Strong Bear,Bearish confirmed,"Strong Bear - all 4 components agree, trending ADX",0.0,"Underperforming, weakening",Lags both,37.5915,Neutral,-19.7124,-20.0869,Bullish crossover,Oversold,-4.7506,-0.3732,full,0.0,Negative fading,27.71,Strong Bearish,Bearish majority,None,Strong Bearish - price momentum agrees but MACD shows deceleration,Lower Half,Trending,Bearish,Yes,No,Inside,93.21,Very High,Stable,6.75,No,"Very High volatility, stable",Wide stop - size down,Normal,Rising,Weak Up,-0.2108,Distribution,41.3464,Neutral,4 - Declining,late,84.0,46.0,1 - Basing,53.0,ENTER SMALL,20.0,3.0,Volume,"4 - Declining, trend 1 short confirmed but participation is thin - reduce size, breakouts without volume fail more often","4 - Declining, trend 0 short confirmed but participation is thin - reduce size, breakouts without volume fail more often","4 - Declining, trend 1 short but momentum overextended - hold existing, do not add"
2026-03-11,226.8999938964844,233.44000244140625,224.6600036621093,227.8800048828125,1419150,273.7616,337.5354,Yes,5.92,Strong Bear,Downtrend,Hold,Downtrend (LH+LL),Bearish,2.07,Strong Bear,Bearish confirmed,"Strong Bear - all 4 components agree, trending ADX",0.0,"Underperforming, weakening",Lags both,39.5895,Neutral,-18.4028,-19.7501,bearish accelerating,Neutral,1.6641,0.3294,full,0.0,Negative accelerating,30.61,Bearish,Bearish majority,None,Bearish - price momentum agrees but MACD shows deceleration,Lower Half,Trending,Bearish,No,No,Inside,90.67,Very High,Stable,1.59,No,"Very High volatility, stable",Wide stop - size down,Normal,Rising,Weak Up,-0.2435,Distribution,47.7678,Neutral,4 - Declining,late,84.0,47.0,1 - Basing,53.0,ENTER SMALL,20.0,3.0,Volume,"4 - Declining, trend 2 short confirmed but participation is thin - reduce size, breakouts without volume fail more often","4 - Declining, trend 0 short but momentum overextended - hold existing, do not add","4 - Declining, trend 0 short but momentum overextended - hold existing, do not add"
2026-03-12,225.0,228.7700042724609,218.6999969482422,224.6100006103516,1261249,271.8341,336.4118,Yes,4.85,Strong Bear,Downtrend,Hold,Downtrend (LH+LL),Bearish,1.7,Strong Bear,Bearish confirmed,"Strong Bear - all 4 components agree, trending ADX",0.0,"Underperforming, weakening",Lags both,38.3608,Neutral,-17.4279,-19.2857,bearish accelerating,Neutral,3.5546,0.5404,full,0.0,Negative accelerating,32.49,Bearish,Bearish majority,None,Bearish - price momentum agrees but MACD shows deceleration,Lower Half,Trending,Bearish,No,No,Inside,89.64,Very High,Stable,-0.75,No,"Very High volatility, stable",Wide stop - size down,Normal,Rising,Weak Down,-0.2399,Distribution,49.974,Neutral,4 - Declining,late,84.0,48.0,1 - Basing,53.0,ENTER SMALL,20.0,3.0,Volume,"4 - Declining, trend 2 short confirmed but participation is thin - reduce size, breakouts without volume fail more often","4 - Declining, trend 1 short confirmed but participation is thin - reduce size, breakouts without volume fail more often","4 - Declining, trend 0 short but momentum overextended - hold existing, do not add"
2026-03-13,223.8000030517578,224.0,215.0,216.5399932861328,1003152,269.6657,335.219,Yes,2.56,Strong Bear,Downtrend,Hold,Downtrend (LH+LL),Bearish,0.9,Strong Bear,Bearish confirmed,"Strong Bear - all 4 components agree, trending ADX",0.0,"Underperforming, weakening",Lags both,35.4378,Neutral,-17.1092,-18.8504,bearish fading,Neutral,-6.9446,-0.6056,full,0.0,Negative accelerating,31.18,Bearish,Bearish majority,None,Bearish - price momentum agrees but MACD shows deceleration,Lower Half,Trending,Bearish,No,No,Inside,88.73,Very High,Stable,-2.62,No,"Very High volatility, stable",Wide stop - size down,Normal,Rising,Weak Down,-0.2808,Distribution,54.8294,Neutral,4 - Declining,late,84.0,49.0,1 - Basing,53.0,ENTER SMALL,20.0,3.0,Volume,"4 - Declining, trend 1 short confirmed but participation is thin - reduce size, breakouts without volume fail more often","4 - Declining, trend 1 with bearish confirmed, momentum and volume confirm; late in the stage, reduce size","4 - Declining, short setup confirmed but volatility 91 and still expanding - late, size down and widen stop"
2026-03-16,216.52999877929688,218.83999633789065,210.3999938964844,216.0800018310547,1058262,267.5643,334.0336,Yes,2.82,Strong Bear,Downtrend,Hold,Downtrend (LH+LL),Bearish,0.99,Strong Bear,Bearish confirmed,"Strong Bear - all 4 components agree, trending ADX",0.0,"Underperforming, weakening",Lags both,35.2729,Neutral,-16.7013,-18.4206,bearish fading,Neutral,-5.0407,-0.3928,full,0.0,Negative fading,30.54,Bearish,Bearish majority,None,Bearish - price momentum agrees but MACD shows deceleration,Lower Half,Trending,Bearish,No,No,Inside,85.95,Very High,Stable,-6.31,No,"Very High volatility, stable",Wide stop - size down,Normal,Rising,Weak Down,-0.2266,Distribution,49.5586,Neutral,4 - Declining,late,84.0,50.0,1 - Basing,53.0,ENTER SMALL,20.0,3.0,Volume,"4 - Declining, trend 1 short confirmed but participation is thin - reduce size, breakouts without volume fail more often","4 - Declining, trend 1 short confirmed but participation is thin - reduce size, breakouts without volume fail more often","4 - Declining, short setup confirmed but volatility 92 and still expanding - late, size down and widen stop"
2026-03-17,217.1999969482422,221.6300048828125,212.1499938964844,213.47999572753903,1271296,265.4434,332.834,Yes,2.61,Strong Bear,Downtrend,Hold,Downtrend (LH+LL),Bearish,0.91,Strong Bear,Bearish confirmed,"Strong Bear - all 4 components agree, trending ADX",0.0,"Underperforming, weakening",Lags both,34.3008,Neutral,-16.3988,-18.0162,bearish fading,Oversold,-4.196,-0.2977,full,0.0,Negative accelerating,28.87,Strong Bearish,Bearish majority,None,Strong Bearish - price momentum agrees but MACD shows deceleration,Lower Half,Trending,Bearish,No,No,Inside,82.86,Very High,Stable,-10.6,No,"Very High volatility, stable",Wide stop - size down,Normal,Rising,Weak Down,-0.2179,Distribution,57.1078,Neutral,4 - Declining,late,84.0,51.0,1 - Basing,53.0,ENTER SMALL,20.0,3.0,Volume,"4 - Declining, trend 1 short confirmed but participation is thin - reduce size, breakouts without volume fail more often","4 - Declining, trend 1 short confirmed but participation is thin - reduce size, breakouts without volume fail more often","4 - Declining, trend 0 short confirmed but participation is thin - reduce size, breakouts without volume fail more often"
2026-03-18,215.0,225.0,214.259994506836,220.1000061035156,1505051,263.6652,331.7123,Yes,5.52,Strong Bear,Downtrend,Hold,Downtrend (LH+LL),Bearish,2.25,Strong Bear,Bearish confirmed,"Strong Bear - all 4 components agree, trending ADX",0.0,"Underperforming, weakening",Lags both,38.9165,Neutral,-15.4468,-17.5023,bearish accelerating,Neutral,2.073,0.3883,full,0.0,Negative accelerating,31.65,Bearish,Bearish majority,None,Bearish - price momentum agrees but MACD shows deceleration,Lower Half,Trending,Bearish,No,No,Inside,76.19,High,Stable,-17.26,No,"High volatility, stable",Wide stop - size down,Normal,Rising,Weak Up,-0.1664,Distribution,64.2789,Neutral,4 - Declining,late,84.0,52.0,1 - Basing,53.0,ENTER SMALL,20.21,3.0,Volume,"4 - Declining, trend 2 short confirmed but participation is thin - reduce size, breakouts without volume fail more often","4 - Declining, trend 2 short confirmed but participation is thin - reduce size, breakouts without volume fail more often","4 - Declining, trend 0 short but momentum overextended - hold existing, do not add"
2026-03-19,215.0,217.3300018310547,205.5,207.1999969482422,1667060,261.4509,330.4734,Yes,1.7,Strong Bear,Downtrend,Hold,Downtrend (LH+LL),Bearish,1.02,Strong Bear,Bearish confirmed,"Strong Bear - all 4 components agree, trending ADX",0.0,"Underperforming, weakening",Lags both,33.9162,Neutral,-15.554,-17.1127,bearish fading,Oversold,-4.7707,-0.3665,full,0.0,Negative accelerating,28.71,Strong Bearish,Bearish majority,Bullish divergence,Strong Bearish - bullish divergence vs price over 21 bars,At Lower,Trending,Bearish,No,No,Breakout Down,71.47,High,Contracting,-21.79,Partial,"High volatility, contracting - move losing energy",Extreme vol - reduce size,Normal,Rising,Weak Down,-0.1905,Distribution,53.9316,Neutral,4 - Declining,late,84.0,53.0,1 - Basing,53.0,HOLD / TIGHTEN STOP,30.0,2.0,Momentum divergence,"4 - Declining, trend 1 short but momentum diverging - trend tiring, tighten stop","4 - Declining, trend 2 short confirmed but participation is thin - reduce size, breakouts without volume fail more often","4 - Declining, trend 1 short confirmed but participation is thin - reduce size, breakouts without volume fail more often"
2026-03-20,210.3099975585937,214.6600036621093,205.22000122070312,207.8099975585937,1690108,259.3473,329.2528,Yes,2.34,Strong Bear,Downtrend,Hold,Downtrend (LH+LL),Bearish,1.33,Strong Bear,Bearish confirmed,"Strong Bear - all 4 components agree, trending ADX",0.0,"Underperforming, weakening",Lags both,34.3458,Neutral,-15.412,-16.7725,bearish fading,Oversold,-8.4013,-0.7651,full,0.0,Negative fading,28.42,Strong Bearish,Bearish majority,Bullish divergence,Strong Bearish - bullish divergence vs price over 21 bars,Lower Half,Trending,Bearish,No,No,Inside,68.89,High,Contracting,-23.89,Partial,"High volatility, contracting - move losing energy",Extreme vol - reduce size,Normal,Rising,Weak Up,-0.1608,Distribution,42.3195,Neutral,4 - Declining,late,84.0,54.0,1 - Basing,53.0,HOLD / TIGHTEN STOP,30.0,2.0,Momentum divergence,"4 - Declining, trend 1 short but momentum diverging - trend tiring, tighten stop","4 - Declining, trend 1 short confirmed but participation is thin - reduce size, breakouts without volume fail more often","4 - Declining, trend 1 with bearish confirmed, momentum and volume confirm; late in the stage, reduce size"
2026-03-23,206.0,208.69000244140625,192.0,194.4600067138672,1806397,256.8027,327.9116,Yes,0.0,Strong Bear,Downtrend,Hold,Downtrend (LH+LL),Bearish,0.14,Strong Bear,Bearish confirmed,"Strong Bear - all 4 components agree, trending ADX",0.0,"Underperforming, weakening",Lags both,29.7827,Oversold,-16.1901,-16.656,bearish fading,Oversold,-10.1096,-0.9493,full,0.0,Negative accelerating,24.32,Strong Bearish,Bearish majority,Bullish divergence,"Strong Bearish but oversold on RSI and Stochastic - stretched, bullish divergence",Below Lower,Trending,Bearish,No,Yes,Breakout Down,74.4,High,Contracting,-20.63,No,"High volatility, contracting - move losing energy",Extreme vol - reduce size,Normal,Rising,Confirmed Down,-0.1817,Distribution,41.7338,Neutral,4 - Declining,late,84.0,55.0,1 - Basing,53.0,NO NEW ENTRY,30.0,2.0,Momentum stretched,"4 - Declining, trend 0 short but momentum overextended - hold existing, do not add","4 - Declining, trend 1 short confirmed but participation is thin - reduce size, breakouts without volume fail more often","4 - Declining, trend 1 short confirmed but participation is thin - reduce size, breakouts without volume fail more often"
2026-03-24,199.1999969482422,208.7100067138672,196.0,205.97999572753903,1906093,254.8097,326.6984,Yes,3.31,Strong Bear,Downtrend,Hold,Downtrend (LH+LL),Bearish,1.16,Strong Bear,Bearish confirmed,"Strong Bear - all 4 components agree, trending ADX",0.0,"Underperforming, weakening",Lags both,37.4993,Neutral,-15.6962,-16.4641,bearish accelerating,Oversold,-8.1922,-0.7365,full,0.0,Negative fading,28.34,Strong Bearish,Bearish majority,Bullish divergence,Strong Bearish - bullish divergence vs price over 21 bars,Lower Half,Trending,Bearish,Yes,Yes,Inside,79.52,High,Stable,-13.69,No,"High volatility, stable",Extreme vol - reduce size,Normal,Rising,Confirmed Up,-0.1369,Distribution,49.1385,Neutral,4 - Declining,late,84.0,56.0,1 - Basing,53.0,HOLD / TIGHTEN STOP,30.0,2.0,Momentum divergence,"4 - Declining, trend 1 short but momentum diverging - trend tiring, tighten stop","4 - Declining, trend 1 short confirmed but participation is thin - reduce size, breakouts without volume fail more often","4 - Declining, trend 1 short confirmed but participation is thin - reduce size, breakouts without volume fail more often"
2026-03-25,208.0,213.8600006103516,206.5,210.0500030517578,1655285,253.0544,325.5377,Yes,5.49,Strong Bear,Downtrend,Hold,Downtrend (LH+LL),Bearish,1.92,Strong Bear,Bearish confirmed,"Strong Bear - all 4 components agree, trending ADX",0.0,"Underperforming, weakening",Lags both,40.0077,Neutral,-14.8058,-16.1324,bearish accelerating,Neutral,-7.8243,-0.6927,full,0.0,Negative fading,31.51,Bearish,Bearish majority,Bullish divergence,Bearish - bullish divergence vs price over 21 bars,Lower Half,Trending,Bearish,Yes,Yes,Inside,77.22,High,Stable,-13.45,No,"High volatility, stable",Extreme vol - reduce size,Normal,Rising,Weak Up,-0.0991,Distribution,56.0631,Neutral,4 - Declining,late,84.0,57.0,1 - Basing,53.0,HOLD / TIGHTEN STOP,30.0,2.0,Momentum divergence,"4 - Declining, trend 2 short but momentum diverging - trend tiring, tighten stop","4 - Declining, trend 2 short confirmed but participation is thin - reduce size, breakouts without volume fail more often","4 - Declining, trend 2 short confirmed but participation is thin - reduce size, breakouts without volume fail more often"
2026-03-27,205.22000122070312,206.8800048828125,198.0,201.47000122070312,2771909,251.0315,324.3032,Yes,2.51,Strong Bear,Downtrend,Hold,Downtrend (LH+LL),Bearish,0.88,Strong Bear,Bearish confirmed,"Strong Bear - all 4 components agree, trending ADX",0.0,"Underperforming, improving",Lags both,36.6668,Neutral,-14.6238,-15.8307,bearish fading,Neutral,-10.3023,-0.9599,full,0.0,Negative accelerating,31.0,Bearish,Bearish majority,Bullish divergence,Bearish - bullish divergence vs price over 21 bars,Lower Half,Trending,Bearish,Yes,Yes,Inside,79.09,High,Stable,-10.56,No,"High volatility, stable",Extreme vol - reduce size,Normal,Rising,Confirmed Down,-0.0756,Distribution,42.6183,Neutral,4 - Declining,late,84.0,58.0,1 - Basing,53.0,HOLD / TIGHTEN STOP,30.0,2.0,Momentum divergence,"4 - Declining, trend 1 short but momentum diverging - trend tiring, tighten stop","4 - Declining, trend 1 short but momentum diverging - trend tiring, tighten stop","4 - Declining, trend 2 short confirmed but participation is thin - reduce size, breakouts without volume fail more often"
2026-03-30,200.1000061035156,200.1000061035156,186.0500030517578,187.47000122070312,2932812,248.5389,322.9417,Yes,0.0,Strong Bear,Downtrend,Hold,Downtrend (LH+LL),Bearish,0.0,Strong Bear,Bearish confirmed,"Strong Bear - all 4 components agree, trending ADX",0.0,"Underperforming, weakening",Lags both,31.9748,Oversold,-15.4314,-15.7509,bearish fading,Neutral,-13.4248,-1.2924,full,0.0,Negative accelerating,26.77,Strong Bearish,Bearish majority,Bullish divergence,Strong Bearish - bullish divergence vs price over 21 bars,Below Lower,Trending,Bearish,Yes,Yes,Breakout Down,86.79,Very High,Stable,-1.95,No,"Very High volatility, stable",Extreme vol - reduce size,Normal,Rising,Confirmed Down,-0.2207,Distribution,39.7726,Neutral,4 - Declining,late,84.0,59.0,1 - Basing,53.0,HOLD / TIGHTEN STOP,30.0,2.0,Momentum divergence,"4 - Declining, trend 0 short but momentum diverging - trend tiring, tighten stop","4 - Declining, trend 1 short but momentum diverging - trend tiring, tighten stop","4 - Declining, trend 1 short confirmed but participation is thin - reduce size, breakouts without volume fail more often"
2026-04-01,198.97000122070312,223.5,198.0,217.4900054931641,12937137,247.3213,321.8924,Yes,10.94,Strong Bear,Downtrend,Hold,Downtrend (LH+LL),Bearish,5.22,Strong Bear,Bearish confirmed,"Strong Bear - all 4 components agree, trending ADX",0.0,"Underperforming, improving",Lags both,47.491,Neutral,-13.4936,-15.2994,bearish accelerating,Neutral,0.6525,0.2425,full,0.0,Negative fading,35.1,Bearish,Bearish majority,Bullish divergence,Bearish - bullish divergence vs price over 21 bars,Upper Half,Trending,Bearish,Yes,Yes,Inside,87.66,Very High,Stable,1.71,Partial,"Very High volatility, stable",Extreme vol - reduce size,High,Rising,Confirmed Up,0.0369,Neutral,60.285,Neutral,4 - Declining,late,84.0,60.0,1 - Basing,53.0,HOLD / TIGHTEN STOP,30.0,2.0,Momentum divergence,"4 - Declining, trend 5 short but momentum diverging - trend tiring, tighten stop","4 - Declining, trend 0 short but momentum overextended - hold existing, do not add","4 - Declining, trend 1 short confirmed but participation is thin - reduce size, breakouts without volume fail more often"
2026-04-02,212.0,239.3000030517578,212.0,234.9199981689453,17731573,246.8349,321.027,Yes,27.52,Bear,Uptrend,Buy,Downtrend (LH+LL),Bearish,53.48,Neutral,Mixed,"Neutral - components mixed, low conviction",0.0,"Underperforming, improving",Lags both,54.0452,Neutral,-10.4311,-14.3257,bearish accelerating,Neutral,10.0431,1.2579,full,0.0,Negative fading,43.17,Neutral,Bullish majority,None,"Neutral - majority agree, 1 dissenting",Upper Half,Trending,Bullish,No,Yes,Breakout Up,88.97,Very High,Stable,6.11,Partial,"Very High volatility, stable",Extreme vol - reduce size,High,Rising,Confirmed Up,0.2272,Accumulation,73.6781,Neutral,4 - Declining,late,84.0,61.0,1 - Basing,53.0,WAIT,47.92,1.0,Trend,"4 - Declining, but trend score 53 does not confirm short - no directional edge","4 - Declining, trend 1 short but momentum diverging - trend tiring, tighten stop","4 - Declining, trend 1 short confirmed but participation is thin - reduce size, breakouts without volume fail more often"
2026-04-06,230.0,232.3500061035156,218.6999969482422,225.25,3457290,245.9885,320.074,Yes,22.43,Bear,Uptrend,Hold,Downtrend (LH+LL),Bearish,50.5,Neutral,Mixed,"Neutral - components mixed, low conviction",0.0,"Underperforming, improving",Lags both,50.2944,Neutral,-8.6842,-13.1974,bearish accelerating,Neutral,2.3398,0.4182,full,0.0,Negative accelerating,45.67,Neutral,Bullish majority,None,"Neutral - majority agree, 1 dissenting",Upper Half,Trending,Bullish,No,Yes,Inside,90.2,Very High,Stable,14.01,No,"Very High volatility, stable",Extreme vol - reduce size,Normal,Rising,Confirmed Down,0.2296,Accumulation,70.512,Neutral,4 - Declining,late,84.0,62.0,1 - Basing,53.0,WAIT,43.73,1.0,Trend,"4 - Declining, but trend score 50 does not confirm short - no directional edge","4 - Declining, trend 2 short but momentum diverging - trend tiring, tighten stop","4 - Declining, trend 2 short confirmed but participation is thin - reduce size, breakouts without volume fail more often"
2026-04-07,225.9900054931641,236.0399932861328,222.5,230.3500061035156,2716114,245.3752,319.1812,Yes,24.43,Bear,Uptrend,Hold,Downtrend (LH+LL),Bearish,50.24,Neutral,Mixed,"Neutral - components mixed, low conviction",0.0,"Underperforming, improving",Lags both,52.1794,Neutral,-6.8098,-11.9199,bearish accelerating,Overbought,11.1728,1.3725,full,0.0,Negative fading,47.6,Neutral,Bullish majority,None,"Neutral - majority agree, 1 dissenting",Upper Half,Trending,Bullish,No,Yes,Inside,90.08,Very High,Stable,18.61,No,"Very High volatility, stable",Extreme vol - reduce size,Normal,Rising,Weak Up,0.2234,Accumulation,73.3406,Neutral,4 - Declining,late,84.0,63.0,1 - Basing,53.0,WAIT,46.59,1.0,Trend,"4 - Declining, but trend score 50 does not confirm short - no directional edge","4 - Declining, trend 1 short but momentum diverging - trend tiring, tighten stop","4 - Declining, trend 1 short but momentum diverging - trend tiring, tighten stop"
2026-04-08,242.009994506836,253.6000061035156,235.1000061035156,250.94000244140625,4300872,245.5934,318.5022,Yes,36.92,Bear,Uptrend,Hold,Downtrend (LH+LL),Bearish,54.34,Neutral,Mixed,"Neutral - components mixed, low conviction",1.4,"Underperforming, improving",Lags both,58.9481,Neutral,-3.6211,-10.2602,bearish accelerating,Overbought,20.7545,2.3899,full,0.0,Negative fading,51.24,Neutral,Bullish majority,None,"Neutral - majority agree, 1 dissenting",Above Upper,Trending,Bullish,No,Yes,Breakout Up,89.6,Very High,Expanding,20.71,No,Very High volatility and still expanding - move may be extended,Extreme vol - reduce size,Normal,Rising,Confirmed Up,0.2535,Accumulation,76.8537,Neutral,4 - Declining,late,74.0,64.0,1 - Basing,53.0,WAIT,51.73,1.0,Trend,"4 - Declining, but trend score 54 does not confirm short - no directional edge","4 - Declining, trend 0 short but momentum diverging - trend tiring, tighten stop","4 - Declining, trend 1 short but momentum diverging - trend tiring, tighten stop"
2026-04-09,249.13999938964844,256.5,243.6199951171875,252.2100067138672,2833248,245.8529,317.8426,Yes,43.36,Neutral,Uptrend,Hold,Downtrend (LH+LL),Bearish,56.43,Neutral,Mixed,"Neutral - components mixed, low conviction",6.28,"Underperforming, improving",Lags both,59.3305,Neutral,-0.9803,-8.4042,bearish accelerating,Overbought,29.6976,3.2759,full,0.0,Negative fading,52.72,Neutral,Bullish majority,None,"Neutral - majority agree, 1 dissenting",Above Upper,Trending,Bullish,No,No,Near Upper,90.71,Very High,Stable,16.31,No,"Very High volatility, stable",Extreme vol - reduce size,Normal,Rising,Weak Up,0.2636,Accumulation,77.6166,Neutral,4 - Declining,late,74.0,65.0,1 - Basing,53.0,WAIT,51.91,1.0,Trend,"4 - Declining, but trend score 56 does not confirm short - no directional edge","4 - Declining, trend 5 short but momentum diverging - trend tiring, tighten stop","4 - Declining, trend 0 short but momentum overextended - hold existing, do not add"
2026-04-10,255.1999969482422,257.0,250.009994506836,251.47000122070312,1633416,246.0732,317.1822,Yes,46.31,Neutral,Uptrend,Hold,Downtrend (LH+LL),Bearish,57.32,Neutral,Mixed,"Neutral - components mixed, low conviction",6.29,"Underperforming, improving",Lags both,58.9857,Neutral,1.0408,-6.5152,bullish accelerating,Overbought,22.0847,2.4413,full,0.0,Negative fading,53.03,Neutral,Bullish majority,None,"Neutral - majority agree, 1 dissenting",Upper Half,Trending,Bullish,No,No,Inside,90.52,Very High,Stable,10.99,No,"Very High volatility, stable",Wide stop - size down,Dry-up,Rising,Weak Down,0.2347,Accumulation,77.7547,Neutral,4 - Declining,late,74.0,66.0,1 - Basing,53.0,WAIT,51.2,1.0,Trend,"4 - Declining, but trend score 57 does not confirm short - no directional edge","4 - Declining, but trend score 53 does not confirm short - no directional edge","4 - Declining, trend 1 short but momentum diverging - trend tiring, tighten stop"
2026-04-13,246.6000061035156,253.08999633789065,241.1000061035156,250.07000732421875,1138232,246.2299,316.5144,Yes,45.0,Neutral,Uptrend,Hold,Downtrend (LH+LL),Bearish,56.29,Neutral,Mixed,"No clear trend - ADX emerging, price ranging",7.46,"Underperforming, improving",Lags both,58.2955,Neutral,2.5008,-4.712,bullish fading,Overbought,19.0526,2.0993,full,0.0,Negative accelerating,52.32,Neutral,Bullish majority,None,"Neutral - majority agree, 1 dissenting",Upper Half,Emerging,Bullish,No,Yes,Inside,90.64,Very High,Stable,13.41,No,"Very High volatility, stable",Wide stop - size down,Dry-up,Rising,Weak Down,0.2497,Accumulation,78.1521,Neutral,4 - Declining,late,74.0,67.0,1 - Basing,53.0,WAIT,50.53,1.0,Trend,"4 - Declining, but trend score 56 does not confirm short - no directional edge","4 - Declining, but trend score 50 does not confirm short - no directional edge","4 - Declining, trend 2 short but momentum diverging - trend tiring, tighten stop"
2026-04-15,255.08999633789065,263.489990234375,255.0,261.5299987792969,1703388,246.8299,315.9673,Yes,47.96,Neutral,Uptrend,Hold,Downtrend (LH+LL),Bearish,57.16,Neutral,Mixed,"No clear trend - ADX emerging, price ranging",19.84,"Underperforming, improving",Lags both,62.1949,Neutral,4.5304,-2.8635,bullish accelerating,Overbought,29.8109,3.1361,full,13.15,Negative fading,57.66,Neutral,Bullish majority,None,"Neutral - majority agree, 1 dissenting",At Upper,Emerging,Bullish,No,No,Breakout Up,89.48,Very High,Stable,10.4,No,"Very High volatility, stable",Wide stop - size down,Normal,Rising,Weak Up,0.2584,Accumulation,80.9494,Overbought,4 - Declining,late,74.0,68.0,1 - Basing,53.0,WAIT,53.72,1.0,Trend,"4 - Declining, but trend score 57 does not confirm short - no directional edge","4 - Declining, but trend score 50 does not confirm short - no directional edge","4 - Declining, trend 1 short but momentum diverging - trend tiring, tighten stop"
2026-04-16,261.0,266.0,259.1700134277344,264.1300048828125,1018920,247.5083,315.4515,Yes,47.76,Neutral,Uptrend,Hold,Downtrend (LH+LL),Bearish,57.02,Neutral,Mixed,"No clear trend - ADX emerging, price ranging",30.58,"Underperforming, improving",Lags both,63.0393,Neutral,6.2763,-1.0355,bullish fading,Overbought,40.8919,4.1086,full,22.89,Negative fading,60.93,Bullish,Bullish majority,None,"Bullish - majority agree, 1 dissenting",Upper Half,Emerging,Bullish,No,No,Breakout Up,89.01,Very High,Stable,2.22,No,"Very High volatility, stable",Wide stop - size down,Dry-up,Rising,Weak Up,0.2749,Accumulation,83.5244,Overbought,4 - Declining,late,74.0,69.0,1 - Basing,53.0,WAIT,54.64,1.0,Trend,"4 - Declining, but trend score 57 does not confirm short - no directional edge","4 - Declining, but trend score 54 does not confirm short - no directional edge","4 - Declining, trend 0 short but momentum diverging - trend tiring, tighten stop"
2026-04-17,265.3999938964844,266.6600036621094,260.0,260.8800048828125,980930,248.0327,314.9085,Yes,52.52,Neutral,Uptrend,Hold,Downtrend (LH+LL),Bearish,58.64,Neutral,Bullish majority,"No clear trend - ADX emerging, price ranging",24.59,"Underperforming, improving",Lags both,61.1993,Neutral,7.3134,0.6342,bullish fading,Overbought,19.9503,2.025,full,18.53,Negative accelerating,58.63,Bullish,Bullish majority,None,"Bullish - majority agree, 1 dissenting",Upper Half,Emerging,Bullish,No,No,Inside,87.86,Very High,Stable,0.2,No,"Very High volatility, stable",Wide stop - size down,Dry-up,Rising,Weak Down,0.2591,Accumulation,81.3975,Overbought,4 - Declining,late,64.0,70.0,1 - Basing,53.0,WAIT,54.48,1.0,Trend,"4 - Declining, but trend score 59 does not confirm short - no directional edge","4 - Declining, but trend score 56 does not confirm short - no directional edge","4 - Declining, trend 5 short but momentum diverging - trend tiring, tighten stop"
2026-04-20,260.5,260.5,251.1300048828125,253.8300018310547,829886,248.2601,314.3007,Yes,48.82,Neutral,Uptrend,Hold,Downtrend (LH+LL),Bearish,56.83,Neutral,Mixed,"No clear trend - ADX emerging, price ranging",20.63,"Underperforming, improving",Lags both,57.2927,Neutral,7.4801,2.0034,bullish fading,Overbought,8.0496,0.8542,full,15.87,Negative accelerating,54.94,Neutral,Bullish majority,None,"Neutral - majority agree, 1 dissenting",Upper Half,Emerging,Bullish,No,No,Inside,87.58,Very High,Stable,-1.39,No,"Very High volatility, stable",Wide stop - size down,Dry-up,Rising,Weak Down,0.2692,Accumulation,79.5714,Neutral,4 - Declining,late,64.0,71.0,1 - Basing,53.0,WAIT,52.56,1.0,Trend,"4 - Declining, but trend score 57 does not confirm short - no directional edge","4 - Declining, but trend score 57 does not confirm short - no directional edge","4 - Declining, but trend score 53 does not confirm short - no directional edge"
2026-04-21,253.47999572753903,264.70001220703125,252.02999877929688,261.6099853515625,1286424,248.7836,313.7764,Yes,51.97,Neutral,Uptrend,Hold,Downtrend (LH+LL),Bearish,57.62,Neutral,Bullish majority,"No clear trend - ADX emerging, price ranging",26.89,"Underperforming, improving",Lags both,60.3041,Neutral,8.1462,3.232,bullish fading,Overbought,16.1421,1.6306,full,23.02,Negative fading,57.15,Neutral,Bullish majority,None,"Neutral - majority agree, 1 dissenting",Upper Half,Emerging,Bullish,No,No,Inside,86.51,Very High,Stable,-3.69,No,"Very High volatility, stable",Wide stop - size down,Dry-up,Rising,Weak Up,0.2779,Accumulation,83.6009,Overbought,4 - Declining,late,64.0,72.0,1 - Basing,53.0,WAIT,54.77,1.0,Trend,"4 - Declining, but trend score 58 does not confirm short - no directional edge","4 - Declining, but trend score 56 does not confirm short - no directional edge","4 - Declining, but trend score 50 does not confirm short - no directional edge"
2026-04-22,259.9100036621094,264.0,257.7699890136719,260.4599914550781,602995,249.2415,313.2459,Yes,50.71,Neutral,Uptrend,Hold,Downtrend (LH+LL),Bearish,56.89,Neutral,Bullish majority,"No clear trend - ADX emerging, price ranging",27.87,"Underperforming, improving",Lags both,59.6347,Neutral,8.4835,4.2823,bullish fading,Overbought,13.0714,1.3207,full,22.26,Negative accelerating,55.72,Neutral,Bullish majority,None,"Neutral - majority agree, 1 dissenting",Upper Half,Emerging,Bullish,No,No,Inside,84.33,Very High,Stable,-5.75,No,"Very High volatility, stable",Wide stop - size down,Dry-up,Rising,Weak Down,0.2992,Accumulation,87.6051,Overbought,4 - Declining,late,64.0,73.0,1 - Basing,53.0,WAIT,52.82,1.0,Trend,"4 - Declining, but trend score 57 does not confirm short - no directional edge","4 - Declining, but trend score 57 does not confirm short - no directional edge","4 - Declining, but trend score 50 does not confirm short - no directional edge"
2026-04-23,259.20001220703125,270.760009765625,257.70001220703125,261.6700134277344,1204241,249.7289,312.7327,Yes,50.63,Neutral,Uptrend,Hold,Downtrend (LH+LL),Bearish,56.86,Neutral,Bullish majority,"No clear trend - ADX emerging, price ranging",24.78,"Underperforming, improving",Lags both,60.1361,Neutral,8.7476,5.1753,bullish fading,Overbought,4.2759,0.4627,full,17.98,Negative accelerating,53.71,Neutral,Bullish majority,None,"Neutral - majority agree, 1 dissenting",Upper Half,Emerging,Bullish,No,No,Inside,84.13,Very High,Stable,-5.48,No,"Very High volatility, stable",Wide stop - size down,Dry-up,Rising,Weak Up,0.3058,Accumulation,84.5564,Overbought,4 - Declining,late,64.0,74.0,1 - Basing,53.0,WAIT,53.4,1.0,Trend,"4 - Declining, but trend score 57 does not confirm short - no directional edge","4 - Declining, but trend score 57 does not confirm short - no directional edge","4 - Declining, but trend score 54 does not confirm short - no directional edge"
2026-04-24,263.0,263.739990234375,253.3600006103516,256.260009765625,614878,249.985,312.1708,Yes,47.42,Neutral,Uptrend,Hold,Downtrend (LH+LL),Bearish,55.48,Neutral,Mixed,"No clear trend - ADX emerging, price ranging",27.33,"Underperforming, improving",Lags both,56.7424,Neutral,8.4232,5.8249,bullish fading,Overbought,1.6058,0.2004,full,18.68,Negative fading,50.54,Neutral,Bullish majority,None,"Neutral - majority agree, 1 dissenting",Upper Half,Emerging,Bullish,No,No,Inside,83.09,Very High,Stable,-7.62,No,"Very High volatility, stable",Wide stop - size down,Dry-up,Rising,Weak Down,0.3271,Accumulation,71.917,Neutral,4 - Declining,late,64.0,75.0,1 - Basing,53.0,WAIT,50.63,1.0,Trend,"4 - Declining, but trend score 55 does not confirm short - no directional edge","4 - Declining, but trend score 59 does not confirm short - no directional edge","4 - Declining, but trend score 56 does not confirm short - no directional edge"
2026-04-27,258.0,265.70001220703125,254.3600006103516,260.4700012207031,889473,250.3962,311.6564,Yes,49.22,Neutral,Uptrend,Hold,Downtrend (LH+LL),Bearish,55.96,Neutral,Mixed,"No clear trend - ADX emerging, price ranging",38.1,"Underperforming, improving",Lags both,58.6959,Neutral,8.4089,6.3417,bullish fading,Neutral,3.579,0.3891,full,31.45,Negative fading,53.59,Neutral,Bullish majority,None,"Neutral - majority agree, 1 dissenting",Upper Half,Emerging,Bullish,No,No,Inside,81.91,Very High,Stable,-8.61,No,"Very High volatility, stable",Wide stop - size down,Dry-up,Rising,Weak Up,0.3163,Accumulation,83.3558,Overbought,4 - Declining,late,64.0,76.0,1 - Basing,53.0,WAIT,52.96,1.0,Trend,"4 - Declining, but trend score 56 does not confirm short - no directional edge","4 - Declining, but trend score 57 does not confirm short - no directional edge","4 - Declining, but trend score 57 does not confirm short - no directional edge"
2026-04-28,260.6499938964844,260.989990234375,253.5,254.88999938964844,644708,250.5724,311.0915,Yes,47.52,Neutral,Uptrend,Hold,Downtrend (LH+LL),Bearish,55.17,Neutral,Mixed,"No clear trend - ADX emerging, price ranging",40.02,"Underperforming, improving",Lags both,55.1416,Neutral,7.8568,6.6447,bullish fading,Neutral,1.9275,0.2269,full,32.78,Negative fading,50.3,Neutral,Bullish majority,None,"Neutral - majority agree, 1 dissenting",Upper Half,Emerging,Bullish,No,No,Inside,80.95,Very High,Stable,-9.68,No,"Very High volatility, stable",Wide stop - size down,Dry-up,Rising,Weak Down,0.3158,Accumulation,78.5327,Neutral,4 - Declining,late,64.0,77.0,1 - Basing,53.0,WAIT,50.42,1.0,Trend,"4 - Declining, but trend score 55 does not confirm short - no directional edge","4 - Declining, but trend score 58 does not confirm short - no directional edge","4 - Declining, but trend score 56 does not confirm short - no directional edge"
2026-04-29,254.5,256.0,242.8000030517578,243.67999267578125,1226704,250.3021,310.4208,Yes,37.03,Bear,Uptrend,Hold,Downtrend (LH+LL),Bearish,50.67,Neutral,Mixed,"No clear trend - ADX no trend, price ranging",24.82,"Underperforming, improving",Lags both,48.7543,Neutral,6.4404,6.6039,Bearish crossover,Neutral,-6.8252,-0.6187,full,21.06,Negative accelerating,39.91,Bearish,Bearish confirmed,None,Bearish - all 4 components agree incl. MACD acceleration,Lower Half,No Trend,Bullish,No,No,Inside,81.71,Very High,Stable,-7.78,No,"Very High volatility, stable",Wide stop - size down,Dry-up,Rising,Weak Down,0.3163,Accumulation,67.5747,Neutral,4 - Declining,late,64.0,78.0,1 - Basing,53.0,WAIT,45.27,1.0,Trend,"4 - Declining, but trend score 51 does not confirm short - no directional edge","4 - Declining, but trend score 57 does not confirm short - no directional edge","4 - Declining, but trend score 57 does not confirm short - no directional edge"
2026-04-30,242.0,244.3999938964844,237.22000122070312,240.759994506836,707561,249.9279,309.7276,Yes,32.76,Bear,Uptrend,Hold,Range,Bullish,54.03,Neutral,Mixed,"No clear trend - ADX no trend, price ranging",30.89,"Underperforming, improving",Lags both,47.2199,Neutral,5.0244,6.288,bullish accelerating,Neutral,-8.8479,-0.8088,full,26.32,Negative fading,36.4,Bearish,Bearish confirmed,None,Bearish - all 4 components agree incl. MACD acceleration,Lower Half,No Trend,Bearish,No,No,Inside,77.14,High,Stable,-11.87,No,"High volatility, stable",Wide stop - size down,Dry-up,Rising,Weak Down,0.3682,Accumulation,58.269,Neutral,4 - Declining,late,64.0,79.0,1 - Basing,53.0,WAIT,45.73,1.0,Trend,"4 - Declining, but trend score 54 does not confirm short - no directional edge","4 - Declining, but trend score 57 does not confirm short - no directional edge","4 - Declining, but trend score 57 does not confirm short - no directional edge"
2026-05-01,240.759994506836,240.759994506836,240.759994506836,240.759994506836,0,249.5684,309.0414,Yes,28.11,Bear,Uptrend,Hold,Range,Bullish,52.95,Neutral,Mixed,"No clear trend - ADX no trend, price ranging",30.13,"Underperforming, improving",Lags both,47.2199,Neutral,3.8577,5.8019,bullish accelerating,Oversold,-7.7124,-0.6925,full,24.75,Negative accelerating,33.02,Bearish,Bearish confirmed,None,Bearish - all 4 components agree incl. MACD acceleration,Lower Half,No Trend,Bearish,No,No,Inside,65.99,High,Contracting,-21.87,No,"High volatility, contracting - move losing energy",Wide stop - size down,Dry-up,Rising,Flat,0.3227,Accumulation,53.0467,Neutral,4 - Declining,late,74.0,80.0,1 - Basing,53.0,WAIT,43.83,1.0,Trend,"4 - Declining, but trend score 53 does not confirm short - no directional edge","4 - Declining, but trend score 55 does not confirm short - no directional edge","4 - Declining, but trend score 59 does not confirm short - no directional edge"
2026-05-04,240.8099975585937,250.77999877929688,240.1499938964844,245.759994506836,773330,249.419,308.4117,Yes,31.74,Bear,Uptrend,Hold,Range,Bullish,57.26,Neutral,Mixed,"No clear trend - ADX no trend, price ranging",22.37,"Underperforming, improving",Lags both,50.3245,Neutral,3.2986,5.3013,bullish accelerating,Oversold,-3.1793,-0.245,full,18.24,Negative accelerating,32.61,Bearish,Bearish majority,Bearish divergence,Bearish - bearish divergence vs price over 21 bars,Lower Half,No Trend,Bullish,No,No,Inside,62.3,High,Contracting,-25.28,No,"High volatility, contracting - move losing energy",Wide stop - size down,Normal,Falling,Weak Up,0.0941,Accumulation,60.4966,Neutral,4 - Declining,late,74.0,81.0,1 - Basing,53.0,WAIT,46.25,1.0,Trend,"4 - Declining, but trend score 57 does not confirm short - no directional edge","4 - Declining, but trend score 56 does not confirm short - no directional edge","4 - Declining, but trend score 57 does not confirm short - no directional edge"
2026-05-05,245.5,249.25,236.0,241.0200042724609,835913,249.0897,307.7412,Yes,29.71,Bear,Uptrend,Hold,Range,Bullish,55.84,Neutral,Mixed,"No clear trend - ADX no trend, price ranging",27.45,"Underperforming, weakening",Lags both,47.4736,Neutral,2.4448,4.73,bullish accelerating,Oversold,-7.8705,-0.6988,full,21.06,Negative fading,32.33,Bearish,Bearish confirmed,Bearish divergence,Bearish - bearish divergence vs price over 21 bars,Lower Half,No Trend,Bullish,No,No,Inside,58.41,Normal,Contracting,-28.1,No,"Normal volatility, contracting - move losing energy",Wide stop - size down,Normal,Falling,Weak Down,0.1012,Accumulation,50.4736,Neutral,4 - Declining,late,74.0,82.0,1 - Basing,53.0,WAIT,44.33,1.0,Trend,"4 - Declining, but trend score 56 does not confirm short - no directional edge","4 - Declining, but trend score 55 does not confirm short - no directional edge","4 - Declining, but trend score 58 does not confirm short - no directional edge"
2026-05-06,243.0,256.0,243.0,254.94000244140625,1251286,249.3191,307.2158,Yes,37.54,Bear,Uptrend,Hold,Range,Bullish,58.42,Neutral,Mixed,"No clear trend - ADX no trend, price ranging",34.67,"Underperforming, improving",Lags both,55.4546,Neutral,2.8584,4.3557,bullish fading,Neutral,-2.1193,-0.1365,full,29.92,Negative fading,40.46,Bearish,Bearish majority,Bearish divergence,Bearish - bearish divergence vs price over 21 bars,Upper Half,No Trend,Bullish,No,No,Inside,52.14,Normal,Contracting,-32.18,Partial,"Normal volatility, contracting - move losing energy",Wide stop - size down,Normal,Falling,Confirmed Up,0.1324,Accumulation,51.236,Neutral,4 - Declining,late,74.0,83.0,1 - Basing,53.0,WAIT,50.33,1.0,Trend,"4 - Declining, but trend score 58 does not confirm short - no directional edge","4 - Declining, but trend score 51 does not confirm short - no directional edge","4 - Declining, but trend score 57 does not confirm short - no directional edge"
2026-05-07,256.0,261.6499938964844,254.1999969482422,255.6600036621093,832407,249.5678,306.7028,Yes,46.69,Neutral,Uptrend,Hold,Range,Bullish,61.67,Bull,Mixed,"Range with bullish lean - ADX no trend, direction not confirmed",33.88,"Underperforming, improving",Lags both,55.8284,Neutral,3.2073,4.126,bullish fading,Neutral,-2.2968,-0.1546,full,31.03,Negative fading,43.16,Neutral,Bearish majority,Bearish divergence,Neutral - bearish divergence vs price over 21 bars,Upper Half,No Trend,Bullish,No,No,Inside,41.82,Normal,Contracting,-42.3,No,"Normal volatility, contracting - move losing energy",Wide stop - size down,Normal,Falling,Weak Up,-0.0157,Neutral,59.1933,Neutral,4 - Declining,late,64.0,84.0,1 - Basing,53.0,WAIT,52.4,1.0,Trend,"4 - Declining, but trend score 62 does not confirm short - no directional edge","4 - Declining, but trend score 54 does not confirm short - no directional edge","4 - Declining, but trend score 57 does not confirm short - no directional edge"
2026-05-08,255.8000030517578,261.8999938964844,251.6600036621093,259.1099853515625,937618,249.942,306.2292,Yes,55.87,Neutral,Uptrend,Hold,Range,Bullish,64.76,Bull,Bullish confirmed,"Range with bullish lean - ADX no trend, direction not confirmed",30.03,"Underperforming, improving",Lags both,57.662,Neutral,3.7194,4.0447,bullish fading,Neutral,1.1121,0.1784,full,21.97,Negative accelerating,44.13,Neutral,Mixed,Bearish divergence,Neutral - bearish divergence vs price over 21 bars,Upper Half,No Trend,Bullish,No,No,Inside,40.44,Normal,Contracting,-42.66,No,"Normal volatility, contracting - move losing energy",Wide stop - size down,Normal,Falling,Weak Up,-0.0445,Neutral,66.6568,Neutral,4 - Declining,late,64.0,85.0,1 - Basing,53.0,WAIT,54.08,1.0,Trend,"4 - Declining, but trend score 65 does not confirm short - no directional edge","4 - Declining, but trend score 53 does not confirm short - no directional edge","4 - Declining, but trend score 55 does not confirm short - no directional edge"
2026-05-11,259.0,259.0,250.8000030517578,252.08999633789065,623847,250.0262,305.6905,Yes,50.18,Neutral,Uptrend,Hold,Range,Bullish,62.6,Bull,Bullish confirmed,"Range with bullish lean - ADX no trend, direction not confirmed",28.95,"Underperforming, weakening",Lags both,52.8543,Neutral,3.5182,3.9394,bullish accelerating,Neutral,-3.2173,-0.2464,full,17.95,Negative accelerating,40.98,Bearish,Mixed,None,"Bearish - components mixed, low conviction",Lower Half,No Trend,Bullish,No,No,Inside,41.15,Normal,Contracting,-40.76,No,"Normal volatility, contracting - move losing energy",Wide stop - size down,Normal,Falling,Weak Down,-0.018,Neutral,58.9775,Neutral,4 - Declining,late,64.0,86.0,1 - Basing,53.0,WAIT,50.96,1.0,Trend,"4 - Declining, but trend score 63 does not confirm short - no directional edge","4 - Declining, but trend score 57 does not confirm short - no directional edge","4 - Declining, but trend score 56 does not confirm short - no directional edge"
2026-05-12,252.6999969482422,296.0,243.1999969482422,282.4800109863281,5621533,251.2989,305.4596,Yes,69.89,Bull,Uptrend,Hold,Uptrend (HH+HL),Bullish,80.67,Strong Bull,Bullish confirmed,"Range with bullish lean - ADX no trend, direction not confirmed",67.96,"Outperforming, strengthening",Leads both,66.0507,Overbought,5.7447,4.3004,Bullish crossover,Neutral,10.8243,1.1193,full,46.71,Negative fading,57.73,Neutral,Bullish majority,None,"Neutral - majority agree, 1 dissenting",Above Upper,No Trend,Bullish,Yes,Yes,Breakout Up,59.72,Normal,Contracting,-21.23,Partial,"Normal volatility, contracting - move losing energy",Wide stop - size down,High,Falling,Confirmed Up,0.082,Accumulation,72.4585,Neutral,4 - Declining,late,50.0,87.0,1 - Basing,53.0,WAIT,67.92,1.0,Trend,"4 - Declining, but trend score 81 does not confirm short - no directional edge","4 - Declining, but trend score 56 does not confirm short - no directional edge","4 - Declining, but trend score 55 does not confirm short - no directional edge"
2026-05-13,280.0,289.0,273.25,283.8500061035156,3304111,252.5754,305.2446,Yes,70.58,Bull,Uptrend,Hold,Uptrend (HH+HL),Bullish,82.0,Strong Bull,Bullish confirmed,"Range with bullish lean - ADX no trend, direction not confirmed",75.72,"Outperforming, strengthening",Leads both,66.5059,Overbought,7.533,4.9469,bullish accelerating,Neutral,16.4847,1.6555,full,52.82,Positive accelerating,62.13,Bullish,Bullish confirmed,None,Bullish - all 4 components agree incl. MACD acceleration,Above Upper,No Trend,Bullish,Yes,No,Inside,75.0,High,Stable,-6.7,No,"High volatility, stable",Wide stop - size down,High,Falling,Confirmed Up,0.0859,Accumulation,75.9698,Neutral,4 - Declining,late,50.0,88.0,1 - Basing,53.0,WAIT,69.84,1.0,Trend,"4 - Declining, but trend score 82 does not confirm short - no directional edge","4 - Declining, but trend score 58 does not confirm short - no directional edge","4 - Declining, but trend score 51 does not confirm short - no directional edge"
2026-05-14,265.0,268.3399963378906,227.0800018310547,227.0800018310547,12546719,251.5756,304.4668,Yes,47.7,Neutral,Downtrend,Sell,Uptrend (HH+HL),Bullish,44.95,Neutral,Bearish majority,"No clear trend - ADX no trend, price ranging",20.17,"Underperforming, weakening",Lags both,41.6107,Neutral,4.3195,4.8215,Bearish crossover,Neutral,-5.682,-0.4995,full,9.3,Negative accelerating,34.37,Bearish,Bearish majority,None,"Bearish - majority agree, 1 dissenting",Below Lower,No Trend,Bearish,Yes,Yes,Breakout Down,85.83,Very High,Stable,8.69,Partial,"Very High volatility, stable",Extreme vol - reduce size,High,Falling,Confirmed Down,-0.306,Distribution,47.665,Neutral,4 - Declining,late,50.0,89.0,1 - Basing,53.0,WAIT,41.24,1.0,Trend,"4 - Declining, but trend score 45 does not confirm short - no directional edge","4 - Declining, but trend score 62 does not confirm short - no directional edge","4 - Declining, but trend score 54 does not confirm short - no directional edge"
2026-05-15,225.5,227.0800018310547,207.1999969482422,210.6199951171875,9123436,249.9695,303.533,Yes,14.26,Strong Bear,Downtrend,Hold,Uptrend (HH+HL),Bullish,33.22,Bear,Bearish majority,"Range with bearish lean - ADX no trend, direction not confirmed",0.0,"Underperforming, weakening",Lags both,37.2561,Neutral,0.4396,3.9451,bullish accelerating,Neutral,-12.5187,-1.1548,full,0.0,Negative accelerating,22.5,Strong Bearish,Bearish confirmed,None,Strong Bearish - all 4 components agree incl. MACD acceleration,Below Lower,No Trend,Bearish,Yes,Yes,Breakout Down,88.81,Very High,Expanding,22.82,No,Very High volatility and still expanding - move may be extended,Extreme vol - reduce size,High,Falling,Confirmed Down,-0.3692,Distribution,36.449,Neutral,4 - Declining,late,84.0,90.0,1 - Basing,53.0,WAIT,38.0,1.0,Weak ADX,"4 - Declining, trend 33 but ADX shows no trend, this is a range - wait for alignment","4 - Declining, but trend score 65 does not confirm short - no directional edge","4 - Declining, but trend score 53 does not confirm short - no directional edge"
2026-05-18,208.0,221.25,202.72000122070312,218.8300018310547,3867369,248.7483,302.6902,Yes,8.7,Strong Bear,Downtrend,Hold,Uptrend (HH+HL),Bullish,31.14,Bear,Bearish majority,"Range with bearish lean - ADX no trend, direction not confirmed",6.39,"Underperforming, weakening",Lags both,40.5955,Neutral,-1.9503,2.766,bearish accelerating,Oversold,-10.9578,-0.9955,full,0.0,Negative fading,19.51,Strong Bearish,Bearish confirmed,None,Strong Bearish - all 4 components agree incl. MACD acceleration,Lower Half,No Trend,Bearish,Yes,Yes,Inside,91.94,Very High,Expanding,29.64,No,Very High volatility and still expanding - move may be extended,Extreme vol - reduce size,Normal,Falling,Confirmed Up,-0.2769,Distribution,34.05,Neutral,4 - Declining,late,84.0,91.0,1 - Basing,53.0,WAIT,38.0,1.0,Weak ADX,"4 - Declining, trend 31 but ADX shows no trend, this is a range - wait for alignment","4 - Declining, but trend score 63 does not confirm short - no directional edge","4 - Declining, but trend score 57 does not confirm short - no directional edge"
2026-05-19,219.1499938964844,224.5,216.1100006103516,220.19000244140625,2034685,247.6284,301.8693,Yes,5.22,Strong Bear,Downtrend,Hold,Uptrend (HH+HL),Bullish,29.93,Bear,Bearish majority,"Range with bearish lean - ADX no trend, direction not confirmed",2.17,"Underperforming, weakening",Lags both,41.1542,Neutral,-3.6921,1.4744,bearish accelerating,Oversold,-8.6424,-0.7641,full,0.0,Negative accelerating,19.96,Strong Bearish,Bearish confirmed,None,Strong Bearish - all 4 components agree incl. MACD acceleration,Lower Half,No Trend,Bearish,Yes,Yes,Inside,93.61,Very High,Expanding,35.2,No,Very High volatility and still expanding - move may be extended,Extreme vol - reduce size,Normal,Falling,Weak Up,-0.2875,Distribution,37.9526,Neutral,4 - Declining,late,84.0,92.0,1 - Basing,53.0,WAIT,38.0,1.0,Weak ADX,"4 - Declining, trend 30 but ADX shows no trend, this is a range - wait for alignment","4 - Declining, but trend score 81 does not confirm short - no directional edge","4 - Declining, but trend score 56 does not confirm short - no directional edge"
2026-05-20,219.0,219.0,208.9199981689453,213.47999572753903,2097052,246.2892,300.9898,Yes,2.53,Strong Bear,Downtrend,Hold,Uptrend (HH+HL),Bullish,28.8,Bear,Bearish majority,"Range with bearish lean - ADX no trend, direction not confirmed",4.43,"Underperforming, weakening",Lags both,39.1955,Neutral,-5.5499,0.0695,bearish accelerating,Oversold,-16.2627,-1.5132,full,0.0,Negative fading,19.21,Strong Bearish,Bearish confirmed,None,Strong Bearish - all 4 components agree incl. MACD acceleration,Lower Half,No Trend,Bearish,No,Yes,Inside,94.52,Very High,Expanding,42.38,No,Very High volatility and still expanding - move may be extended,Extreme vol - reduce size,Normal,Falling,Weak Down,-0.2812,Distribution,36.9479,Neutral,4 - Declining,late,84.0,93.0,1 - Basing,53.0,WAIT,38.0,1.0,Weak ADX,"4 - Declining, trend 29 but ADX shows no trend, this is a range - wait for alignment","4 - Declining, but trend score 82 does not confirm short - no directional edge","4 - Declining, but trend score 58 does not confirm short - no directional edge"
2026-05-21,215.6999969482422,217.6999969482422,211.52999877929688,213.4900054931641,1162344,245.003,300.1191,Yes,2.13,Strong Bear,Downtrend,Hold,Uptrend (HH+HL),Bullish,28.48,Bear,Bearish majority,"Range with bearish lean - ADX no trend, direction not confirmed",16.69,"Underperforming, weakening",Lags both,39.2001,Neutral,-6.9413,-1.3326,bearish fading,Oversold,-16.4946,-1.5535,full,7.56,Negative fading,21.21,Strong Bearish,Bearish confirmed,None,Strong Bearish - all 4 components agree incl. MACD acceleration,Lower Half,No Trend,Bearish,Yes,Yes,Inside,94.49,Very High,Expanding,52.66,No,Very High volatility and still expanding - move may be extended,Extreme vol - reduce size,Dry-up,Falling,Weak Up,-0.2804,Distribution,38.4086,Neutral,4 - Declining,late,84.0,94.0,1 - Basing,53.0,WAIT,38.0,1.0,Weak ADX,"4 - Declining, trend 28 but ADX shows no trend, this is a range - wait for alignment","4 - Declining, but trend score 45 does not confirm short - no directional edge","4 - Declining, but trend score 62 does not confirm short - no directional edge"
2026-05-22,213.4900054931641,217.7899932861328,211.8999938964844,215.5500030517578,997132,243.848,299.2777,Yes,2.13,Strong Bear,Downtrend,Hold,Uptrend (HH+HL),Bullish,28.32,Bear,Bearish majority,"Range with bearish lean - ADX no trend, direction not confirmed",26.36,"Underperforming, weakening",Lags both,40.2132,Neutral,-7.7881,-2.6237,bearish fading,Oversold,-16.8114,-1.59,full,15.49,Negative fading,24.12,Strong Bearish,Bearish confirmed,None,Strong Bearish - all 4 components agree incl. MACD acceleration,Lower Half,No Trend,Bearish,Yes,Yes,Inside,94.48,Very High,Expanding,54.05,No,Very High volatility and still expanding - move may be extended,Extreme vol - reduce size,Dry-up,Falling,Weak Up,-0.2679,Distribution,38.549,Neutral,4 - Declining,late,84.0,95.0,1 - Basing,53.0,WAIT,38.0,1.0,Weak ADX,"4 - Declining, trend 28 but ADX shows no trend, this is a range - wait for alignment","4 - Declining, trend 33 but ADX shows no trend, this is a range - wait for alignment","4 - Declining, but trend score 65 does not confirm short - no directional edge"
2026-05-25,217.0,219.6999969482422,212.82000732421875,217.4199981689453,1579228,242.8116,298.4632,Yes,3.04,Strong Bear,Downtrend,Hold,Range,Bearish,18.59,Strong Bear,Bearish confirmed,"Range with bearish lean - ADX no trend, direction not confirmed",29.51,"Underperforming, weakening",Lags both,41.1714,Neutral,-8.2136,-3.7417,bearish fading,Oversold,-13.753,-1.2859,full,19.76,Negative fading,26.64,Strong Bearish,Bearish confirmed,None,Strong Bearish - all 4 components agree incl. MACD acceleration,Lower Half,No Trend,Bearish,Yes,Yes,Inside,94.17,Very High,Expanding,53.02,No,Very High volatility and still expanding - move may be extended,Extreme vol - reduce size,Normal,Falling,Weak Up,-0.255,Distribution,41.1902,Neutral,4 - Declining,late,84.0,96.0,1 - Basing,53.0,WAIT,38.0,1.0,Weak ADX,"4 - Declining, trend 19 but ADX shows no trend, this is a range - wait for alignment","4 - Declining, trend 31 but ADX shows no trend, this is a range - wait for alignment","4 - Declining, but trend score 63 does not confirm short - no directional edge"
2026-05-26,219.4199981689453,223.6999969482422,217.0,218.02999877929688,1016033,241.8398,297.6628,Yes,3.89,Strong Bear,Downtrend,Hold,Range,Bearish,19.03,Strong Bear,Bearish confirmed,"Range with bearish lean - ADX no trend, direction not confirmed",40.79,"Underperforming, weakening",Lags both,41.5008,Neutral,-8.4047,-4.6743,bearish fading,Oversold,-22.8158,-2.2561,full,30.53,Negative fading,31.17,Bearish,Bearish confirmed,None,Bearish - all 4 components agree incl. MACD acceleration,Lower Half,No Trend,Bearish,Yes,Yes,Inside,93.13,Very High,Expanding,33.41,No,Very High volatility and still expanding - move may be extended,Extreme vol - reduce size,Dry-up,Falling,Weak Up,-0.2591,Distribution,40.6937,Neutral,4 - Declining,late,84.0,97.0,1 - Basing,53.0,WAIT,38.0,1.0,Weak ADX,"4 - Declining, trend 19 but ADX shows no trend, this is a range - wait for alignment","4 - Declining, trend 30 but ADX shows no trend, this is a range - wait for alignment","4 - Declining, but trend score 81 does not confirm short - no directional edge"
2026-05-27,219.7700042724609,220.0,212.0,214.4199981689453,667776,240.7645,296.8345,Yes,3.0,Strong Bear,Downtrend,Hold,Range,Bearish,18.68,Strong Bear,Bearish confirmed,"Range with bearish lean - ADX no trend, direction not confirmed",44.81,"Underperforming, weakening",Lags both,40.0709,Neutral,-8.7466,-5.4888,bearish fading,Oversold,-24.4601,-2.4199,full,32.84,Negative fading,32.13,Bearish,Bearish confirmed,None,Bearish - all 4 components agree incl. MACD acceleration,Lower Half,No Trend,Bearish,Yes,Yes,Inside,92.66,Very High,Stable,17.66,No,"Very High volatility, stable",Extreme vol - reduce size,Dry-up,Falling,Weak Down,-0.246,Distribution,38.9684,Neutral,4 - Declining,late,84.0,98.0,1 - Basing,53.0,WAIT,38.0,1.0,Weak ADX,"4 - Declining, trend 19 but ADX shows no trend, this is a range - wait for alignment","4 - Declining, trend 29 but ADX shows no trend, this is a range - wait for alignment","4 - Declining, but trend score 82 does not confirm short - no directional edge"
2026-05-28,214.4199981689453,214.4199981689453,214.4199981689453,214.4199981689453,0,239.7314,296.0145,Yes,3.62,Strong Bear,Downtrend,Hold,Range,Bearish,18.86,Strong Bear,Bearish confirmed,"Range with bearish lean - ADX no trend, direction not confirmed",45.13,"Underperforming, weakening",Lags both,40.0709,Neutral,-8.9148,-6.174,bearish fading,Oversold,-5.5751,-0.3779,full,32.06,Negative accelerating,32.66,Bearish,Bearish confirmed,None,Bearish - all 4 components agree incl. MACD acceleration,Lower Half,No Trend,Bearish,Yes,No,Inside,88.77,Very High,Stable,2.94,No,"Very High volatility, stable",Wide stop - size down,Dry-up,Falling,Flat,-0.2493,Distribution,37.5662,Neutral,4 - Declining,late,84.0,99.0,1 - Basing,53.0,WAIT,38.0,1.0,Weak ADX,"4 - Declining, trend 19 but ADX shows no trend, this is a range - wait for alignment","4 - Declining, trend 28 but ADX shows no trend, this is a range - wait for alignment","4 - Declining, but trend score 45 does not confirm short - no directional edge"
2026-05-29,214.4900054931641,216.0,209.0,209.9600067138672,866831,238.5639,295.1582,Yes,2.42,Strong Bear,Downtrend,Hold,Range,Bearish,18.21,Strong Bear,Bearish confirmed,"Range with bearish lean - ADX no trend, direction not confirmed",52.63,"Outperforming, weakening",Leads NIFTY50 only,38.1858,Neutral,-9.3008,-6.7994,bearish fading,Oversold,-0.3134,0.2085,full,37.34,Negative fading,33.8,Bearish,Bearish confirmed,None,Bearish - all 4 components agree incl. MACD acceleration,Lower Half,No Trend,Bearish,Yes,No,Inside,87.98,Very High,Stable,-0.83,No,"Very High volatility, stable",Wide stop - size down,Dry-up,Falling,Weak Down,-0.2575,Distribution,37.4769,Neutral,4 - Declining,late,84.0,100.0,1 - Basing,53.0,WAIT,38.0,1.0,Weak ADX,"4 - Declining, trend 18 but ADX shows no trend, this is a range - wait for alignment","4 - Declining, trend 28 but ADX shows no trend, this is a range - wait for alignment","4 - Declining, trend 33 but ADX shows no trend, this is a range - wait for alignment"
2026-06-01,211.7700042724609,212.0,204.0,205.3099975585937,970921,237.2598,294.2642,Yes,1.81,Strong Bear,Downtrend,Hold,Range,Bearish,17.6,Strong Bear,Bearish confirmed,"Range with bearish lean - ADX emerging, direction not confirmed",57.24,"Outperforming, weakening",Leads NIFTY50 only,36.2699,Neutral,-9.8682,-7.4131,bearish fading,Oversold,-6.1783,-0.4348,full,39.31,Negative fading,33.55,Bearish,Bearish confirmed,Bullish divergence,Bearish - bullish divergence vs price over 21 bars,Lower Half,Emerging,Bearish,Yes,No,Inside,87.74,Very High,Stable,-4.21,No,"Very High volatility, stable",Wide stop - size down,Dry-up,Rising,Weak Down,-0.2703,Distribution,26.1904,Neutral,4 - Declining,late,84.0,101.0,1 - Basing,53.0,WAIT,38.0,1.0,Weak ADX,"4 - Declining, trend 18 but ADX shows no trend, this is a range - wait for alignment","4 - Declining, trend 19 but ADX shows no trend, this is a range - wait for alignment","4 - Declining, trend 31 but ADX shows no trend, this is a range - wait for alignment"
2026-06-02,205.3099975585937,209.0,199.1000061035156,200.22999572753903,1618819,235.8076,293.3286,Yes,1.25,Strong Bear,Downtrend,Hold,Range,Bearish,16.88,Strong Bear,Bearish confirmed,"Range with bearish lean - ADX emerging, direction not confirmed",34.85,"Underperforming, weakening",Lags both,34.2483,Neutral,-10.6055,-8.0516,bearish accelerating,Oversold,-9.0649,-0.749,full,22.09,Negative accelerating,27.19,Strong Bearish,Bearish confirmed,None,Strong Bearish - all 4 components agree incl. MACD acceleration,Lower Half,Emerging,Bearish,Yes,No,Breakout Down,89.24,Very High,Stable,-4.37,No,"Very High volatility, stable",Wide stop - size down,Normal,Rising,Weak Down,-0.2867,Distribution,17.1861,Oversold,4 - Declining,late,84.0,102.0,1 - Basing,53.0,WAIT,38.0,1.0,Weak ADX,"4 - Declining, trend 17 but ADX shows no trend, this is a range - wait for alignment","4 - Declining, trend 19 but ADX shows no trend, this is a range - wait for alignment","4 - Declining, trend 30 but ADX shows no trend, this is a range - wait for alignment"
2026-06-03,202.0,207.8600006103516,194.5,203.1499938964844,1693526,234.5269,292.4313,Yes,2.46,Strong Bear,Downtrend,Hold,Range,Bearish,16.67,Strong Bear,Bearish confirmed,"Range with bearish lean - ADX emerging, direction not confirmed",40.8,"Underperforming, weakening",Lags both,36.4412,Neutral,-10.8293,-8.6071,bearish fading,Oversold,-4.8389,-0.2751,full,28.55,Negative fading,31.19,Bearish,Bearish confirmed,None,Bearish - all 4 components agree incl. MACD acceleration,Lower Half,Emerging,Bearish,Yes,No,Inside,90.4,Very High,Stable,-4.13,No,"Very High volatility, stable",Wide stop - size down,Normal,Rising,Weak Up,-0.2948,Distribution,24.9743,Neutral,4 - Declining,late,84.0,103.0,1 - Basing,53.0,WAIT,38.0,1.0,Weak ADX,"4 - Declining, trend 17 but ADX shows no trend, this is a range - wait for alignment","4 - Declining, trend 19 but ADX shows no trend, this is a range - wait for alignment","4 - Declining, trend 29 but ADX shows no trend, this is a range - wait for alignment"
2026-06-04,202.5,204.8999938964844,199.3999938964844,201.44000244140625,819383,233.2294,291.5259,Yes,2.47,Strong Bear,Downtrend,Hold,Range,Bearish,16.08,Strong Bear,Bearish confirmed,"Range with bearish lean - ADX emerging, direction not confirmed",40.57,"Underperforming, weakening",Lags both,35.6905,Neutral,-11.0177,-9.0892,bearish fading,Oversold,-5.6443,-0.3628,full,30.8,Negative fading,33.04,Bearish,Bearish confirmed,None,Bearish - all 4 components agree incl. MACD acceleration,Lower Half,Emerging,Bearish,Yes,No,Inside,87.9,Very High,Stable,-6.59,No,"Very High volatility, stable",Wide stop - size down,Dry-up,Rising,Weak Down,-0.2892,Distribution,39.8833,Neutral,4 - Declining,late,84.0,104.0,1 - Basing,53.0,WAIT,38.0,1.0,Weak ADX,"4 - Declining, trend 16 but ADX shows no trend, this is a range - wait for alignment","4 - Declining, trend 19 but ADX shows no trend, this is a range - wait for alignment","4 - Declining, trend 28 but ADX shows no trend, this is a range - wait for alignment"
2026-06-05,201.0,205.8000030517578,199.0,200.8099975585937,1015991,231.9581,290.6232,Yes,2.73,Strong Bear,Downtrend,Hold,Range,Bearish,15.68,Strong Bear,Bearish confirmed,"Range with bearish lean - ADX emerging, direction not confirmed",44.19,"Underperforming, weakening",Lags both,35.4012,Neutral,-11.09,-9.4894,bearish fading,Neutral,-6.8383,-0.4918,full,36.25,Negative fading,36.04,Bearish,Bearish confirmed,None,Bearish - all 4 components agree incl. MACD acceleration,Lower Half,Emerging,Bearish,Yes,No,Inside,86.35,Very High,Stable,-8.13,No,"Very High volatility, stable",Wide stop - size down,Dry-up,Rising,Weak Down,-0.3062,Distribution,47.0005,Neutral,4 - Declining,late,84.0,105.0,1 - Basing,53.0,WAIT,38.0,1.0,Weak ADX,"4 - Declining, trend 16 but ADX shows no trend, this is a range - wait for alignment","4 - Declining, trend 18 but ADX shows no trend, this is a range - wait for alignment","4 - Declining, trend 28 but ADX shows no trend, this is a range - wait for alignment"
2026-06-08,198.8500061035156,198.8500061035156,195.0599975585937,196.3300018310547,626262,230.5609,289.685,Yes,2.07,Strong Bear,Downtrend,Hold,Range,Bearish,14.86,Strong Bear,Bearish confirmed,"Range with bearish lean - ADX emerging, direction not confirmed",42.17,"Underperforming, weakening",Lags both,33.3317,Neutral,-11.3776,-9.867,bearish fading,Oversold,-9.7001,-0.8047,full,30.47,Negative accelerating,33.07,Bearish,Bearish confirmed,None,Bearish - all 4 components agree incl. MACD acceleration,Lower Half,Emerging,Bearish,Yes,No,Near Lower,84.92,Very High,Stable,-9.25,No,"Very High volatility, stable",Wide stop - size down,Dry-up,Rising,Weak Down,-0.3019,Distribution,37.6786,Neutral,4 - Declining,late,84.0,106.0,1 - Basing,53.0,WAIT,38.0,1.0,Weak ADX,"4 - Declining, trend 15 but ADX shows no trend, this is a range - wait for alignment","4 - Declining, trend 18 but ADX shows no trend, this is a range - wait for alignment","4 - Declining, trend 19 but ADX shows no trend, this is a range - wait for alignment"
2026-06-09,198.9499969482422,202.9900054931641,196.009994506836,197.72999572753903,791567,229.2734,288.77,Yes,2.91,Strong Bear,Downtrend,Hold,Range,Bearish,14.93,Strong Bear,Bearish confirmed,"Strong Bear - all 4 components agree, trending ADX",30.24,"Underperforming, weakening",Lags both,34.618,Neutral,-11.3616,-10.166,bearish fading,Oversold,-9.3106,-0.7556,full,24.31,Negative accelerating,31.78,Bearish,Bearish confirmed,None,Bearish - all 4 components agree incl. MACD acceleration,Lower Half,Trending,Bearish,Yes,No,Inside,81.59,Very High,Stable,-11.55,No,"Very High volatility, stable",Wide stop - size down,Dry-up,Falling,Weak Up,-0.4003,Distribution,46.9564,Neutral,4 - Declining,late,84.0,107.0,1 - Basing,53.0,ENTER SMALL,25.95,3.0,Volume,"4 - Declining, trend 15 short confirmed but participation is thin - reduce size, breakouts without volume fail more often","4 - Declining, trend 17 but ADX shows no trend, this is a range - wait for alignment","4 - Declining, trend 19 but ADX shows no trend, this is a range - wait for alignment"
2026-06-10,197.72000122070312,202.3999938964844,196.0,196.97999572753903,628828,228.007,287.8567,Yes,3.2,Strong Bear,Downtrend,Hold,Range,Bearish,14.82,Strong Bear,Bearish confirmed,"Strong Bear - all 4 components agree, trending ADX",36.1,"Underperforming, weakening",Lags both,34.2369,Neutral,-11.2795,-10.3887,bearish fading,Oversold,-8.1336,-0.6193,full,32.11,Negative fading,34.14,Bearish,Bearish confirmed,None,Bearish - all 4 components agree incl. MACD acceleration,Lower Half,Trending,Bearish,Yes,No,Inside,71.35,High,Contracting,-21.31,No,"High volatility, contracting - move losing energy",Wide stop - size down,Dry-up,Falling,Weak Down,-0.4603,Distribution,40.0329,Neutral,4 - Declining,late,84.0,108.0,1 - Basing,53.0,ENTER SMALL,25.41,3.0,Volume,"4 - Declining, trend 15 short confirmed but participation is thin - reduce size, breakouts without volume fail more often","4 - Declining, trend 17 but ADX shows no trend, this is a range - wait for alignment","4 - Declining, trend 19 but ADX shows no trend, this is a range - wait for alignment"
2026-06-11,195.509994506836,196.8500061035156,193.009994506836,194.6999969482422,711191,226.7008,286.9297,Yes,2.82,Strong Bear,Downtrend,Hold,Range,Bearish,14.36,Strong Bear,Bearish confirmed,"Strong Bear - all 4 components agree, trending ADX",28.29,"Underperforming, weakening",Lags both,33.0459,Neutral,-11.2684,-10.5646,bearish fading,Oversold,-9.1969,-0.7323,full,23.56,Negative accelerating,31.57,Bearish,Bearish confirmed,None,Bearish - all 4 components agree incl. MACD acceleration,Lower Half,Trending,Bearish,Yes,No,Near Lower,65.59,High,Contracting,-23.17,No,"High volatility, contracting - move losing energy",Wide stop - size down,Dry-up,Falling,Weak Down,-0.2431,Distribution,33.1598,Neutral,4 - Declining,late,84.0,109.0,1 - Basing,53.0,ENTER SMALL,24.43,3.0,Volume,"4 - Declining, trend 14 short confirmed but participation is thin - reduce size, breakouts without volume fail more often","4 - Declining, trend 16 but ADX shows no trend, this is a range - wait for alignment","4 - Declining, trend 19 but ADX shows no trend, this is a range - wait for alignment"
2026-06-12,196.5,210.6999969482422,196.5,208.8000030517578,1755823,225.9988,286.1523,Yes,9.51,Strong Bear,Downtrend,Hold,Range,Bearish,18.68,Strong Bear,Bearish confirmed,"Strong Bear - all 4 components agree, trending ADX",31.62,"Underperforming, weakening",Lags both,45.6397,Neutral,-10.0066,-10.453,Bullish crossover,Neutral,-0.5525,0.2331,full,33.25,Negative fading,42.24,Neutral,Bearish majority,Bullish divergence,Neutral - bullish divergence vs price over 21 bars,Upper Half,Trending,Bearish,Yes,No,Inside,57.5,Normal,Contracting,-30.48,No,"Normal volatility, contracting - move losing energy",Wide stop - size down,Normal,Falling,Confirmed Up,-0.0233,Neutral,33.6157,Neutral,4 - Declining,late,84.0,110.0,1 - Basing,53.0,HOLD / TIGHTEN STOP,31.98,2.0,Momentum divergence,"4 - Declining, trend 19 short but momentum diverging - trend tiring, tighten stop","4 - Declining, trend 16 but ADX shows no trend, this is a range - wait for alignment","4 - Declining, trend 18 but ADX shows no trend, this is a range - wait for alignment"
2026-06-15,216.0,216.0,210.1000061035156,211.8800048828125,808240,225.4452,285.4133,Yes,14.41,Strong Bear,Downtrend,Hold,Range,Bearish,24.3,Strong Bear,Bearish confirmed,"Range with bearish lean - ADX emerging, direction not confirmed",33.56,"Underperforming, weakening",Lags both,47.9431,Neutral,-8.6582,-10.0941,bearish accelerating,Neutral,3.2,0.6551,full,38.66,Negative fading,48.94,Neutral,Bearish majority,None,Neutral - price momentum agrees but MACD shows deceleration,Upper Half,Emerging,Bearish,No,No,Inside,52.34,Normal,Contracting,-35.4,No,"Normal volatility, contracting - move losing energy",Wide stop - size down,Normal,Falling,Weak Up,-0.1719,Distribution,32.3305,Neutral,4 - Declining,late,84.0,111.0,1 - Basing,53.0,WAIT,38.0,1.0,Weak ADX,"4 - Declining, trend 24 but ADX shows no trend, this is a range - wait for alignment","4 - Declining, trend 15 but ADX shows no trend, this is a range - wait for alignment","4 - Declining, trend 18 but ADX shows no trend, this is a range - wait for alignment"
2026-06-16,212.8500061035156,212.8500061035156,208.6000061035156,210.5200042724609,611880,224.8599,284.6681,Yes,20.24,Bear,Downtrend,Hold,Range,Bearish,25.89,Bear,Bearish confirmed,"Range with bearish lean - ADX emerging, direction not confirmed",34.0,"Underperforming, weakening",Lags both,46.9962,Neutral,-7.6116,-9.5976,bearish accelerating,Neutral,5.1391,0.8715,full,44.44,Negative fading,54.19,Neutral,Mixed,Bullish divergence,Neutral - bullish divergence vs price over 21 bars,Upper Half,Emerging,Bearish,No,No,Inside,47.38,Normal,Contracting,-41.86,No,"Normal volatility, contracting - move losing energy",Wide stop - size down,Normal,Falling,Weak Down,-0.184,Distribution,32.5147,Neutral,4 - Declining,late,84.0,112.0,1 - Basing,53.0,WAIT,38.0,1.0,Weak ADX,"4 - Declining, trend 26 but ADX shows no trend, this is a range - wait for alignment","4 - Declining, trend 15 short confirmed but participation is thin - reduce size, breakouts without volume fail more often","4 - Declining, trend 17 but ADX shows no trend, this is a range - wait for alignment"
2026-06-17,211.8000030517578,214.75,210.0,210.8000030517578,550471,224.3085,283.9331,Yes,20.38,Bear,Downtrend,Hold,Range,Bearish,27.1,Bear,Bearish confirmed,"Range with bearish lean - ADX emerging, direction not confirmed",36.66,"Underperforming, weakening",Lags both,47.2273,Neutral,-6.6826,-9.0146,bearish accelerating,Neutral,3.7657,0.7156,full,45.11,Negative fading,56.06,Neutral,Mixed,Bullish divergence,Neutral - bullish divergence vs price over 21 bars,Upper Half,Emerging,Bearish,No,No,Inside,43.65,Normal,Contracting,-46.75,No,"Normal volatility, contracting - move losing energy",Wide stop - size down,Normal,Falling,Weak Up,-0.2078,Distribution,35.3795,Neutral,4 - Declining,late,84.0,113.0,1 - Basing,53.0,WAIT,38.71,1.0,Weak ADX,"4 - Declining, trend 27 but ADX shows no trend, this is a range - wait for alignment","4 - Declining, trend 15 short confirmed but participation is thin - reduce size, breakouts without volume fail more often","4 - Declining, trend 17 but ADX shows no trend, this is a range - wait for alignment"
2026-06-18,211.9499969482422,215.3099975585937,209.0,210.38999938964844,637690,223.7627,283.2013,Yes,20.0,Bear,Downtrend,Hold,Range,Bearish,27.35,Bear,Bearish confirmed,"Range with bearish lean - ADX no trend, direction not confirmed",40.16,"Underperforming, weakening",Lags both,46.9048,Neutral,-5.9112,-8.3939,bearish accelerating,Neutral,4.443,0.7888,full,47.11,Negative fading,57.0,Neutral,Mixed,Bullish divergence,Neutral - bullish divergence vs price over 21 bars,Upper Half,No Trend,Bearish,No,No,Inside,40.83,Normal,Contracting,-47.06,No,"Normal volatility, contracting - move losing energy",Wide stop - size down,Normal,Falling,Weak Down,-0.2101,Distribution,36.0161,Neutral,4 - Declining,late,84.0,114.0,1 - Basing,53.0,WAIT,38.0,1.0,Weak ADX,"4 - Declining, trend 27 but ADX shows no trend, this is a range - wait for alignment","4 - Declining, trend 14 short confirmed but participation is thin - reduce size, breakouts without volume fail more often","4 - Declining, trend 16 but ADX shows no trend, this is a range - wait for alignment"
2026-06-19,209.0,216.5,204.1300048828125,213.1699981689453,829077,223.3473,282.5045,Yes,21.48,Bear,Downtrend,Hold,Range,Bearish,30.9,Bear,Bearish confirmed,"Range with bearish lean - ADX no trend, direction not confirmed",39.65,"Underperforming, weakening",Lags both,49.4266,Neutral,-5.0178,-7.7187,bearish accelerating,Neutral,6.1551,0.9748,full,43.7,Negative accelerating,57.44,Neutral,Mixed,Bullish divergence,Neutral - bullish divergence vs price over 21 bars,Upper Half,No Trend,Bearish,No,No,Inside,42.7,Normal,Contracting,-43.65,No,"Normal volatility, contracting - move losing energy",Wide stop - size down,Normal,Falling,Weak Up,-0.2042,Distribution,36.3654,Neutral,4 - Declining,late,84.0,115.0,1 - Basing,53.0,WAIT,40.84,1.0,Weak ADX,"4 - Declining, trend 31 but ADX shows no trend, this is a range - wait for alignment","4 - Declining, trend 19 short but momentum diverging - trend tiring, tighten stop","4 - Declining, trend 16 but ADX shows no trend, this is a range - wait for alignment"
2026-06-22,216.0500030517578,219.5,215.0,215.92999267578125,1005785,223.0564,281.8421,Yes,22.79,Bear,Downtrend,Hold,Range,Bearish,34.56,Bear,Bearish confirmed,"Range with bearish lean - ADX no trend, direction not confirmed",48.57,"Underperforming, weakening",Lags both,51.8707,Neutral,-4.0404,-6.983,bearish accelerating,Overbought,9.9832,1.3904,full,58.43,Positive accelerating,63.29,Bullish,Bullish confirmed,None,Bullish - all 4 components agree incl. MACD acceleration,Upper Half,No Trend,Bearish,No,No,Inside,39.56,Low,Contracting,-45.36,No,"Low volatility, contracting - coiling, watch for breakout",Wide stop - size down,Normal,Falling,Confirmed Up,-0.2745,Distribution,46.4393,Neutral,4 - Declining,late,84.0,116.0,1 - Basing,53.0,WAIT,45.44,1.0,Weak ADX,"4 - Declining, trend 35 but ADX shows no trend, this is a range - wait for alignment","4 - Declining, trend 24 but ADX shows no trend, this is a range - wait for alignment","4 - Declining, trend 15 but ADX shows no trend, this is a range - wait for alignment"
2026-06-23,216.67999267578125,218.1100006103516,208.6100006103516,209.4900054931641,751039,222.5244,281.1221,Yes,18.83,Strong Bear,Downtrend,Hold,Range,Bearish,27.25,Bear,Bearish confirmed,"Range with bearish lean - ADX no trend, direction not confirmed",44.35,"Underperforming, weakening",Lags both,46.2537,Neutral,-3.7424,-6.3349,bearish fading,Neutral,5.9475,0.9368,full,51.62,Positive fading,58.44,Bullish,Bullish majority,Bullish divergence,Bullish - bullish divergence vs price over 21 bars,Upper Half,No Trend,Bearish,No,No,Inside,39.84,Low,Contracting,-41.74,No,"Low volatility, contracting - coiling, watch for breakout",Wide stop - size down,Normal,Falling,Weak Down,-0.2734,Distribution,50.0012,Neutral,4 - Declining,late,84.0,117.0,1 - Basing,53.0,WAIT,38.29,1.0,Weak ADX,"4 - Declining, trend 27 but ADX shows no trend, this is a range - wait for alignment","4 - Declining, trend 26 but ADX shows no trend, this is a range - wait for alignment","4 - Declining, trend 15 short confirmed but participation is thin - reduce size, breakouts without volume fail more often"
2026-06-24,207.8999938964844,212.6999969482422,207.1199951171875,209.9900054931641,522336,222.0328,280.4144,Yes,21.04,Bear,Downtrend,Hold,Range,Bearish,28.56,Bear,Bearish confirmed,"Range with bearish lean - ADX no trend, direction not confirmed",53.21,"Outperforming, weakening",Leads NIFTY50 only,46.736,Neutral,-3.4263,-5.7532,bearish fading,Neutral,6.6047,1.0019,full,65.97,Positive accelerating,61.55,Bullish,Bullish majority,Bullish divergence,Bullish - bullish divergence vs price over 21 bars,Upper Half,No Trend,Bearish,No,No,Inside,36.83,Low,Contracting,-34.52,No,"Low volatility, contracting - coiling, watch for breakout",Wide stop - size down,Normal,Falling,Weak Up,-0.2595,Distribution,44.0829,Neutral,4 - Declining,late,84.0,118.0,1 - Basing,53.0,WAIT,41.02,1.0,Weak ADX,"4 - Declining, trend 29 but ADX shows no trend, this is a range - wait for alignment","4 - Declining, trend 27 but ADX shows no trend, this is a range - wait for alignment","4 - Declining, trend 15 short confirmed but participation is thin - reduce size, breakouts without volume fail more often"
2026-06-25,210.1000061035156,215.0,204.8500061035156,205.6000061035156,546199,221.3884,279.6699,Yes,19.95,Strong Bear,Downtrend,Hold,Range,Bearish,26.05,Bear,Bearish confirmed,"Range with bearish lean - ADX no trend, direction not confirmed",37.06,"Underperforming, weakening",Lags both,43.0809,Neutral,-3.4899,-5.3005,bearish fading,Neutral,5.5984,0.8841,full,49.63,Negative accelerating,53.04,Neutral,Mixed,Bullish divergence,Neutral - bullish divergence vs price over 21 bars,Lower Half,No Trend,Bearish,No,No,Inside,38.77,Low,Contracting,-26.82,Partial,"Low volatility, contracting - coiling, watch for breakout",Wide stop - size down,Normal,Falling,Weak Down,-0.2777,Distribution,45.8838,Neutral,4 - Declining,late,84.0,119.0,1 - Basing,53.0,WAIT,38.0,1.0,Weak ADX,"4 - Declining, trend 26 but ADX shows no trend, this is a range - wait for alignment","4 - Declining, trend 27 but ADX shows no trend, this is a range - wait for alignment","4 - Declining, trend 14 short confirmed but participation is thin - reduce size, breakouts without volume fail more often"
2026-06-26,205.6000061035156,205.6000061035156,205.6000061035156,205.6000061035156,0,220.7693,278.9329,Yes,15.14,Strong Bear,Downtrend,Hold,Range,Bearish,24.59,Strong Bear,Bearish confirmed,"Range with bearish lean - ADX no trend, direction not confirmed",36.66,"Underperforming, weakening",Lags both,43.0809,Neutral,-3.4999,-4.9404,bearish fading,Neutral,-1.5326,0.0928,full,45.76,Negative accelerating,50.55,Neutral,Mixed,Bullish divergence,Neutral - bullish divergence vs price over 21 bars,Upper Half,No Trend,Bearish,No,No,Inside,30.16,Low,Contracting,-27.34,Partial,"Low volatility, contracting - coiling, watch for breakout",Wide stop - size down,Dry-up,Falling,Flat,-0.2548,Distribution,48.5637,Neutral,4 - Declining,late,84.0,120.0,1 - Basing,53.0,WAIT,38.0,1.0,Weak ADX,"4 - Declining, trend 25 but ADX shows no trend, this is a range - wait for alignment","4 - Declining, trend 31 but ADX shows no trend, this is a range - wait for alignment","4 - Declining, trend 19 short but momentum diverging - trend tiring, tighten stop"
2026-06-29,204.009994506836,205.4900054931641,197.4100036621093,198.6000061035156,838874,219.8999,278.1336,Yes,4.96,Strong Bear,Downtrend,Hold,Downtrend (LH+LL),Bearish,10.72,Strong Bear,Bearish confirmed,"Range with bearish lean - ADX no trend, direction not confirmed",34.1,"Underperforming, weakening",Lags both,37.6375,Neutral,-4.0262,-4.7576,bearish fading,Neutral,-6.2677,-0.4326,full,47.15,Negative fading,46.14,Neutral,Bearish majority,Bullish divergence,Neutral - bullish divergence vs price over 21 bars,Lower Half,No Trend,Bearish,No,No,Inside,33.57,Low,Stable,-18.77,No,"Low volatility, stable",Wide stop - size down,Normal,Falling,Confirmed Down,-0.2531,Distribution,40.8922,Neutral,4 - Declining,late,84.0,121.0,1 - Basing,53.0,WAIT,38.0,1.0,Weak ADX,"4 - Declining, trend 11 but ADX shows no trend, this is a range - wait for alignment","4 - Declining, trend 35 but ADX shows no trend, this is a range - wait for alignment","4 - Declining, trend 24 but ADX shows no trend, this is a range - wait for alignment"
2026-06-30,201.6000061035156,207.8000030517578,200.3699951171875,206.8099975585937,964156,219.3866,277.4239,Yes,9.46,Strong Bear,Downtrend,Hold,Downtrend (LH+LL),Bearish,12.22,Strong Bear,Bearish confirmed,"Range with bearish lean - ADX no trend, direction not confirmed",58.61,"Outperforming, weakening",Leads NIFTY50 only,46.2204,Neutral,-3.7378,-4.5536,bearish accelerating,Neutral,-1.7623,0.0644,full,70.63,Positive accelerating,56.08,Neutral,Mixed,None,"Neutral - components mixed, low conviction",Upper Half,No Trend,Bearish,No,No,Inside,33.85,Low,Stable,-13.53,No,"Low volatility, stable",Wide stop - size down,Normal,Falling,Confirmed Up,-0.1419,Distribution,48.5454,Neutral,4 - Declining,late,84.0,122.0,1 - Basing,53.0,WAIT,38.0,1.0,Weak ADX,"4 - Declining, trend 12 but ADX shows no trend, this is a range - wait for alignment","4 - Declining, trend 27 but ADX shows no trend, this is a range - wait for alignment","4 - Declining, trend 26 but ADX shows no trend, this is a range - wait for alignment"
2026-07-01,208.009994506836,213.82000732421875,205.8099975585937,210.13999938964844,1037355,219.0239,276.7544,Yes,11.68,Strong Bear,Downtrend,Hold,Downtrend (LH+LL),Bearish,15.94,Strong Bear,Bearish confirmed,"Range with bearish lean - ADX no trend, direction not confirmed",26.93,"Underperforming, improving",Lags both,49.2701,Neutral,-3.2036,-4.2836,bearish accelerating,Neutral,-0.3131,0.2228,full,43.24,Negative accelerating,49.76,Neutral,Bearish majority,None,Neutral - price momentum agrees but MACD shows deceleration,Upper Half,No Trend,Bearish,No,No,Inside,33.21,Low,Stable,-10.44,No,"Low volatility, stable",Vol contracting,Normal,Falling,Confirmed Up,-0.1748,Distribution,56.4365,Neutral,4 - Declining,late,84.0,123.0,1 - Basing,53.0,WAIT,38.0,1.0,Weak ADX,"4 - Declining, trend 16 but ADX shows no trend, this is a range - wait for alignment","4 - Declining, trend 29 but ADX shows no trend, this is a range - wait for alignment","4 - Declining, trend 27 but ADX shows no trend, this is a range - wait for alignment"
2026-07-02,211.6000061035156,213.8000030517578,209.1499938964844,211.8999938964844,562384,218.7446,276.1091,Yes,16.17,Strong Bear,Downtrend,Hold,Downtrend (LH+LL),Bearish,19.58,Strong Bear,Bearish confirmed,"Range with bearish lean - ADX no trend, direction not confirmed",9.4,"Underperforming, improving",Lags both,50.8563,Neutral,-2.6082,-3.9485,bearish accelerating,Neutral,0.7177,0.334,full,30.4,Negative accelerating,48.67,Neutral,Bullish majority,None,"Neutral - majority agree, 1 dissenting",Upper Half,No Trend,Bearish,No,No,Inside,27.94,Low,Stable,-12.9,No,"Low volatility, stable",Vol contracting,Normal,Falling,Weak Up,-0.1571,Distribution,51.256,Neutral,4 - Declining,late,84.0,124.0,1 - Basing,53.0,WAIT,38.0,1.0,Weak ADX,"4 - Declining, trend 20 but ADX shows no trend, this is a range - wait for alignment","4 - Declining, trend 26 but ADX shows no trend, this is a range - wait for alignment","4 - Declining, trend 27 but ADX shows no trend, this is a range - wait for alignment"
2026-07-03,213.0,214.8999938964844,210.3099975585937,212.9499969482422,785017,218.5173,275.4806,Yes,20.94,Bear,Downtrend,Hold,Downtrend (LH+LL),Bearish,22.49,Strong Bear,Bearish confirmed,"Range with bearish lean - ADX no trend, direction not confirmed",22.17,"Underperforming, improving",Lags both,51.8241,Neutral,-2.0282,-3.5645,bearish accelerating,Neutral,-0.1032,0.2414,full,39.08,Negative fading,52.65,Neutral,Bullish majority,None,"Neutral - majority agree, 1 dissenting",Upper Half,No Trend,Bearish,No,No,Inside,23.25,Low,Stable,-19.44,No,"Low volatility, stable",Vol contracting,Normal,Falling,Confirmed Up,-0.1199,Distribution,51.1383,Neutral,4 - Declining,late,84.0,125.0,1 - Basing,53.0,WAIT,38.0,1.0,Weak ADX,"4 - Declining, trend 22 but ADX shows no trend, this is a range - wait for alignment","4 - Declining, trend 25 but ADX shows no trend, this is a range - wait for alignment","4 - Declining, trend 31 but ADX shows no trend, this is a range - wait for alignment"
2026-07-06,212.8999938964844,212.8999938964844,208.0,209.4900054931641,467586,218.1633,274.824,Yes,21.23,Bear,Downtrend,Hold,Range,Bearish,29.33,Bear,Mixed,"Range with bearish lean - ADX no trend, direction not confirmed",13.23,"Underperforming, weakening",Lags both,48.4389,Neutral,-1.8266,-3.2169,bearish fading,Neutral,-2.9824,-0.0777,full,31.89,Negative accelerating,48.97,Neutral,Mixed,None,"Neutral - components mixed, low conviction",Upper Half,No Trend,Bearish,No,No,Inside,20.08,Low,Stable,-19.48,Partial,"Low volatility, stable",Vol contracting,Normal,Falling,Weak Down,-0.1196,Distribution,51.9236,Neutral,4 - Declining,late,84.0,126.0,1 - Basing,53.0,WAIT,38.0,1.0,Trend agreement,"4 - Declining, trend 29 but components disagree - wait for alignment","4 - Declining, trend 11 but ADX shows no trend, this is a range - wait for alignment","4 - Declining, trend 35 but ADX shows no trend, this is a range - wait for alignment"
2026-07-07,209.1999969482422,211.0,203.9900054931641,205.4499969482422,575647,217.6648,274.1337,Yes,18.33,Strong Bear,Downtrend,Hold,Range,Bearish,26.42,Bear,Mixed,"Range with bearish lean - ADX no trend, direction not confirmed",0.5,"Underperforming, weakening",Lags both,44.7622,Neutral,-1.9702,-2.9676,bearish fading,Neutral,-1.9285,0.0393,full,13.74,Negative accelerating,40.4,Bearish,Mixed,None,"Bearish - components mixed, low conviction",Lower Half,No Trend,Bearish,No,No,Inside,20.63,Low,Stable,-19.21,Partial,"Low volatility, stable",Vol contracting,Normal,Falling,Weak Down,-0.1169,Distribution,46.0232,Neutral,4 - Declining,late,84.0,127.0,1 - Basing,53.0,WAIT,38.0,1.0,Trend agreement,"4 - Declining, trend 26 but components disagree - wait for alignment","4 - Declining, trend 12 but ADX shows no trend, this is a range - wait for alignment","4 - Declining, trend 27 but ADX shows no trend, this is a range - wait for alignment"
2026-07-08,202.8000030517578,208.57000732421875,201.0,201.69000244140625,565174,217.0383,273.4129,Yes,10.4,Strong Bear,Downtrend,Hold,Range,Bearish,23.64,Strong Bear,Mixed,"Range with bearish lean - ADX no trend, direction not confirmed",0.0,"Underperforming, weakening",Lags both,41.5976,Neutral,-2.3602,-2.8461,bearish fading,Neutral,-3.9526,-0.1817,full,9.94,Negative accelerating,35.14,Bearish,Bearish majority,None,Bearish - price momentum agrees but MACD shows deceleration,Lower Half,No Trend,Bearish,No,No,Inside,21.63,Low,Stable,-15.2,Confirmed,"Low volatility, squeeze confirmed - expansion pending",Vol contracting,Normal,Falling,Weak Down,-0.1192,Distribution,46.4829,Neutral,4 - Declining,late,84.0,128.0,1 - Basing,53.0,WAIT,38.0,1.0,Trend agreement,"4 - Declining, trend 24 but components disagree - wait for alignment","4 - Declining, trend 16 but ADX shows no trend, this is a range - wait for alignment","4 - Declining, trend 29 but ADX shows no trend, this is a range - wait for alignment"
2026-07-09,202.0,206.8999938964844,200.5,205.0599975585937,472811,216.5686,272.7328,Yes,9.52,Strong Bear,Downtrend,Hold,Range,Bearish,23.18,Strong Bear,Bearish confirmed,"Range with bearish lean - ADX no trend, direction not confirmed",4.77,"Underperforming, improving",Lags both,45.3284,Neutral,-2.37,-2.7509,bearish fading,Neutral,-0.2627,0.2296,full,13.09,Negative fading,36.15,Bearish,Bearish majority,None,Bearish - price momentum agrees but MACD shows deceleration,Lower Half,No Trend,Bearish,No,No,Inside,17.9,Very Low,Contracting,-20.87,Confirmed,"Very Low volatility, squeeze confirmed - expansion pending",Vol contracting,Normal,Falling,Weak Up,-0.1011,Distribution,53.4889,Neutral,4 - Declining,late,84.0,129.0,1 - Basing,53.0,WAIT,38.0,1.0,Weak ADX,"4 - Declining, trend 23 but ADX shows no trend, this is a range - wait for alignment","4 - Declining, trend 20 but ADX shows no trend, this is a range - wait for alignment","4 - Declining, trend 26 but ADX shows no trend, this is a range - wait for alignment"
2026-07-10,206.0,210.3500061035156,206.0,207.7899932861328,505004,216.2243,272.0866,Yes,10.57,Strong Bear,Downtrend,Hold,Range,Bearish,23.94,Strong Bear,Bearish confirmed,"Range with bearish lean - ADX no trend, direction not confirmed",3.91,"Underperforming, improving",Lags both,48.2143,Neutral,-2.1329,-2.6273,bearish accelerating,Neutral,1.0652,0.3766,full,16.19,Negative fading,38.73,Bearish,Bearish majority,None,Bearish - price momentum agrees but MACD shows deceleration,Lower Half,No Trend,Bearish,Yes,No,Inside,13.41,Very Low,Stable,-16.75,Confirmed,"Very Low volatility, squeeze confirmed - expansion pending",Coiled - low vol squeeze,Normal,Falling,Weak Up,-0.2163,Distribution,50.5469,Neutral,4 - Declining,late,84.0,130.0,1 - Basing,53.0,WAIT,38.0,1.0,Weak ADX,"4 - Declining, trend 24 but ADX shows no trend, this is a range - wait for alignment","4 - Declining, trend 22 but ADX shows no trend, this is a range - wait for alignment","4 - Declining, trend 25 but ADX shows no trend, this is a range - wait for alignment"
2026-07-13,205.1999969482422,222.17999267578125,205.0,217.8000030517578,2712123,216.2861,271.5464,Yes,24.99,Bear,Downtrend,Hold,Range,Bearish,38.49,Bear,Mixed,"Range with bearish lean - ADX no trend, direction not confirmed",8.41,"Underperforming, improving",Lags both,57.1468,Neutral,-1.1243,-2.3267,bearish accelerating,Neutral,9.6677,1.3221,full,16.56,Negative fading,45.54,Neutral,Bullish majority,None,"Neutral - majority agree, 1 dissenting",At Upper,No Trend,Bullish,Yes,No,Near Upper,24.44,Low,Stable,-9.13,Confirmed,"Low volatility, squeeze confirmed - expansion pending",Vol contracting,High,Falling,Confirmed Up,-0.0784,Distribution,67.2354,Neutral,4 - Declining,late,84.0,131.0,1 - Basing,53.0,WAIT,41.88,1.0,Trend agreement,"4 - Declining, trend 38 but components disagree - wait for alignment","4 - Declining, trend 29 but components disagree - wait for alignment","4 - Declining, trend 11 but ADX shows no trend, this is a range - wait for alignment"
2026-07-14,217.8000030517578,217.8000030517578,211.8600006103516,212.7400054931641,730579,216.147,270.9613,Yes,32.94,Bear,Downtrend,Hold,Range,Bearish,36.49,Bear,Mixed,"Range with bearish lean - ADX no trend, direction not confirmed",2.85,"Underperforming, weakening",Lags both,52.2414,Neutral,-0.725,-2.0063,bearish accelerating,Neutral,2.8674,0.5686,full,11.09,Negative accelerating,43.67,Neutral,Bullish majority,Bearish divergence,Neutral - bearish divergence vs price over 21 bars,Upper Half,No Trend,Bullish,Yes,No,Inside,24.05,Low,Stable,-9.8,Confirmed,"Low volatility, squeeze confirmed - expansion pending",Vol contracting,Normal,Falling,Weak Down,-0.108,Distribution,65.8418,Neutral,4 - Declining,late,74.0,132.0,1 - Basing,53.0,WAIT,39.02,1.0,Trend agreement,"4 - Declining, trend 36 but components disagree - wait for alignment","4 - Declining, trend 26 but components disagree - wait for alignment","4 - Declining, trend 12 but ADX shows no trend, this is a range - wait for alignment"
2026-07-15,214.5500030517578,216.3000030517578,211.6000061035156,211.9600067138672,381065,215.9828,270.3742,Yes,34.33,Bear,Downtrend,Hold,Range,Bearish,36.24,Bear,Mixed,"Range with bearish lean - ADX no trend, direction not confirmed",5.94,"Underperforming, improving",Lags both,51.5074,Neutral,-0.466,-1.6983,bearish fading,Neutral,0.8661,0.3473,full,12.5,Negative fading,44.09,Neutral,Bullish majority,Bearish divergence,Neutral - bearish divergence vs price over 21 bars,Upper Half,No Trend,Bullish,No,No,Inside,19.6,Very Low,Stable,-13.61,Confirmed,"Very Low volatility, squeeze confirmed - expansion pending",Coiled - low vol squeeze,Normal,Falling,Weak Down,-0.1063,Distribution,66.8067,Neutral,4 - Declining,late,74.0,133.0,1 - Basing,53.0,WAIT,39.04,1.0,Trend agreement,"4 - Declining, trend 36 but components disagree - wait for alignment","4 - Declining, trend 24 but components disagree - wait for alignment","4 - Declining, trend 16 but ADX shows no trend, this is a range - wait for alignment"
2026-07-16,214.0,215.0,208.9499969482422,210.52999877929688,293076,215.769,269.7787,Yes,33.07,Bear,Downtrend,Hold,Range,Bearish,34.45,Bear,Mixed,"Range with bearish lean - ADX no trend, direction not confirmed",10.35,"Underperforming, weakening",Lags both,50.1172,Neutral,-0.3719,-1.433,bearish fading,Neutral,-0.6465,0.1807,full,15.88,Negative fading,43.14,Neutral,Bullish majority,None,"Neutral - majority agree, 1 dissenting",Upper Half,No Trend,Bullish,No,No,Inside,17.74,Very Low,Stable,-10.2,Confirmed,"Very Low volatility, squeeze confirmed - expansion pending",Coiled - low vol squeeze,Dry-up,Falling,Weak Down,-0.094,Distribution,64.9956,Neutral,4 - Declining,late,74.0,134.0,1 - Basing,53.0,WAIT,38.0,1.0,Trend agreement,"4 - Declining, trend 34 but components disagree - wait for alignment","4 - Declining, trend 23 but ADX shows no trend, this is a range - wait for alignment","4 - Declining, trend 20 but ADX shows no trend, this is a range - wait for alignment"
2026-07-17,211.0,211.38999938964844,207.0,209.6100006103516,329942,215.5275,269.18,Yes,31.9,Bear,Downtrend,Hold,Range,Bearish,33.17,Bear,Mixed,"Range with bearish lean - ADX no trend, direction not confirmed",2.77,"Underperforming, weakening",Lags both,49.1972,Neutral,-0.3673,-1.2199,bearish fading,Neutral,-1.5684,0.0793,full,10.25,Negative accelerating,39.93,Bearish,Mixed,None,"Bearish - components mixed, low conviction",Upper Half,No Trend,Bearish,No,No,Inside,14.01,Very Low,Stable,-9.24,Confirmed,"Very Low volatility, squeeze confirmed - expansion pending",Coiled - low vol squeeze,Dry-up,Falling,Weak Down,-0.1201,Distribution,67.9411,Neutral,4 - Declining,late,74.0,135.0,1 - Basing,53.0,WAIT,38.0,1.0,Trend agreement,"4 - Declining, trend 33 but components disagree - wait for alignment","4 - Declining, trend 24 but ADX shows no trend, this is a range - wait for alignment","4 - Declining, trend 22 but ADX shows no trend, this is a range - wait for alignment"
2026-07-20,209.0500030517578,210.6000061035156,204.9600067138672,207.7899932861328,595861,215.224,268.5692,Yes,26.9,Bear,Downtrend,Hold,Uptrend (HH+HL),Bullish,39.71,Bear,Mixed,"Range with bearish lean - ADX no trend, direction not confirmed",0.88,"Underperforming, weakening",Lags both,47.3456,Neutral,-0.5048,-1.0769,bearish fading,Neutral,-0.8115,0.1637,full,9.56,Negative accelerating,37.54,Bearish,Bearish majority,None,Bearish - price momentum agrees but MACD shows deceleration,Lower Half,No Trend,Bearish,No,No,Inside,11.94,Very Low,Stable,-8.13,Confirmed,"Very Low volatility, squeeze confirmed - expansion pending",Coiled - low vol squeeze,Normal,Falling,Weak Down,-0.0803,Distribution,60.963,Neutral,4 - Declining,late,74.0,136.0,1 - Basing,53.0,WAIT,38.63,1.0,Trend agreement,"4 - Declining, trend 40 but components disagree - wait for alignment","4 - Declining, trend 38 but components disagree - wait for alignment","4 - Declining, trend 29 but components disagree - wait for alignment"
2026-07-21,207.7899932861328,213.8600006103516,204.3999938964844,206.1199951171875,1105539,214.867,267.9478,Yes,15.98,Strong Bear,Downtrend,Hold,Uptrend (HH+HL),Bullish,35.59,Bear,Mixed,"Range with bearish lean - ADX no trend, direction not confirmed",0.0,"Underperforming, weakening",Lags both,45.6479,Neutral,-0.7399,-1.0095,bearish fading,Neutral,0.3261,0.2897,full,7.54,Negative accelerating,34.67,Bearish,Bearish majority,None,Bearish - price momentum agrees but MACD shows deceleration,Lower Half,No Trend,Bullish,No,No,Inside,15.12,Very Low,Stable,-5.51,Confirmed,"Very Low volatility, squeeze confirmed - expansion pending",Coiled - low vol squeeze,Normal,Falling,Confirmed Down,-0.0848,Distribution,61.1894,Neutral,4 - Declining,late,84.0,137.0,1 - Basing,53.0,WAIT,38.0,1.0,Trend agreement,"4 - Declining, trend 36 but components disagree - wait for alignment","4 - Declining, trend 36 but components disagree - wait for alignment","4 - Declining, trend 26 but components disagree - wait for alignment"
2026-07-22,207.0,208.8800048828125,202.8999938964844,203.3500061035156,479808,214.4154,267.305,Yes,11.82,Strong Bear,Downtrend,Hold,Uptrend (HH+HL),Bullish,34.14,Bear,Mixed,"Range with bearish lean - ADX no trend, direction not confirmed",0.0,"Underperforming, weakening",Lags both,42.9001,Neutral,-1.1366,-1.0349,Bearish crossover,Neutral,0.823,0.3446,full,8.71,Negative fading,32.21,Bearish,Bearish confirmed,None,Bearish - all 4 components agree incl. MACD acceleration,Lower Half,No Trend,Bearish,No,No,Inside,14.76,Very Low,Stable,-6.86,Confirmed,"Very Low volatility, squeeze confirmed - expansion pending",Coiled - low vol squeeze,Normal,Falling,Weak Down,-0.1153,Distribution,56.1358,Neutral,4 - Declining,late,84.0,138.0,1 - Basing,53.0,WAIT,38.0,1.0,Trend agreement,"4 - Declining, trend 34 but components disagree - wait for alignment","4 - Declining, trend 36 but components disagree - wait for alignment","4 - Declining, trend 24 but components disagree - wait for alignment"
2026-07-23,203.3999938964844,203.4199981689453,200.5,201.1499938964844,499079,213.8952,266.6468,Yes,10.25,Strong Bear,Downtrend,Hold,Uptrend (HH+HL),Bullish,33.59,Bear,Mixed,"Range with bearish lean - ADX no trend, direction not confirmed",0.0,"Underperforming, weakening",Lags both,40.7994,Neutral,-1.61,-1.1499,bearish accelerating,Oversold,-1.9068,0.0431,full,4.45,Negative accelerating,28.28,Strong Bearish,Bearish confirmed,None,Strong Bearish - all 4 components agree incl. MACD acceleration,Lower Half,No Trend,Bearish,No,No,Inside,11.9,Very Low,Stable,-5.99,Confirmed,"Very Low volatility, squeeze confirmed - expansion pending",Coiled - low vol squeeze,Normal,Falling,Weak Down,-0.1022,Distribution,49.7717,Neutral,4 - Declining,late,84.0,139.0,1 - Basing,53.0,WAIT,38.0,1.0,Trend agreement,"4 - Declining, trend 34 but components disagree - wait for alignment","4 - Declining, trend 34 but components disagree - wait for alignment","4 - Declining, trend 23 but ADX shows no trend, this is a range - wait for alignment"
2026-07-24,200.5,202.32000732421875,198.8999938964844,199.97000122070312,676394,213.3491,265.9833,Yes,8.72,Strong Bear,Downtrend,Hold,Uptrend (HH+HL),Bullish,33.05,Bear,Mixed,"Range with bearish lean - ADX no trend, direction not confirmed",0.0,"Underperforming, weakening",Lags both,39.6772,Neutral,-2.0567,-1.3313,bearish accelerating,Oversold,-3.7634,-0.1613,full,6.91,Negative fading,27.25,Strong Bearish,Bearish confirmed,None,Strong Bearish - all 4 components agree incl. MACD acceleration,Lower Half,No Trend,Bearish,No,No,Inside,10.04,Very Low,Stable,-3.37,Partial,"Very Low volatility, stable",Coiled - low vol squeeze,Normal,Falling,Weak Down,-0.1148,Distribution,48.8776,Neutral,4 - Declining,late,84.0,140.0,1 - Basing,53.0,WAIT,38.0,1.0,Trend agreement,"4 - Declining, trend 33 but components disagree - wait for alignment","4 - Declining, trend 33 but components disagree - wait for alignment","4 - Declining, trend 24 but ADX shows no trend, this is a range - wait for alignment"
2026-07-27,203.58999633789065,205.8999938964844,201.5,203.33999633789065,458545,212.9566,265.36,Yes,8.77,Strong Bear,Downtrend,Hold,Uptrend (HH+HL),Bullish,33.07,Bear,Mixed,"Range with bearish lean - ADX no trend, direction not confirmed",10.49,"Underperforming, weakening",Lags both,44.3823,Neutral,-2.1144,-1.4879,bearish fading,Oversold,-6.6391,-0.4764,full,16.89,Negative fading,32.11,Bearish,Bearish confirmed,None,Bearish - all 4 components agree incl. MACD acceleration,Lower Half,No Trend,Bearish,No,No,Inside,8.02,Very Low,Stable,-16.43,Partial,"Very Low volatility, stable",Coiled - low vol squeeze,Normal,Falling,Weak Up,-0.0815,Distribution,54.043,Neutral,4 - Declining,late,84.0,141.0,1 - Basing,53.0,WAIT,38.0,1.0,Trend agreement,"4 - Declining, trend 33 but components disagree - wait for alignment","4 - Declining, trend 40 but components disagree - wait for alignment","4 - Declining, trend 38 but components disagree - wait for alignment"
2026-07-28,206.0,209.1999969482422,202.52999877929688,203.7899932861328,700302,212.5971,264.7474,Yes,8.58,Strong Bear,Downtrend,Hold,Uptrend (HH+HL),Bullish,33.0,Bear,Mixed,"Range with bearish lean - ADX no trend, direction not confirmed",11.74,"Underperforming, improving",Lags both,44.9992,Neutral,-2.0996,-1.6102,bearish fading,Oversold,-4.207,-0.2069,full,19.29,Negative fading,34.03,Bearish,Bearish confirmed,Bearish divergence,Bearish - bearish divergence vs price over 21 bars,Lower Half,No Trend,Bullish,No,No,Inside,7.46,Very Low,Stable,-16.59,No,"Very Low volatility, stable",Low vol - tight stops,Normal,Falling,Confirmed Up,-0.165,Distribution,60.2127,Neutral,4 - Declining,late,84.0,142.0,1 - Basing,53.0,WAIT,38.0,1.0,Trend agreement,"4 - Declining, trend 33 but components disagree - wait for alignment","4 - Declining, trend 36 but components disagree - wait for alignment","4 - Declining, trend 36 but components disagree - wait for alignment"
2026-07-29,205.47999572753903,210.8000030517578,204.4199981689453,207.7400054931641,679134,212.4066,264.1801,Yes,11.01,Strong Bear,Downtrend,Hold,Uptrend (HH+HL),Bullish,35.35,Bear,Mixed,"Range with bearish lean - ADX no trend, direction not confirmed",13.08,"Underperforming, weakening",Lags both,50.2189,Neutral,-1.749,-1.638,bearish fading,Neutral,-1.9909,0.0374,full,22.57,Negative fading,38.74,Bearish,Bearish majority,Bearish divergence,Bearish - bearish divergence vs price over 21 bars,Upper Half,No Trend,Bullish,No,No,Inside,7.14,Very Low,Stable,-12.46,Partial,"Very Low volatility, stable",Low vol - tight stops,Normal,Falling,Confirmed Up,-0.1736,Distribution,61.0465,Neutral,4 - Declining,late,84.0,143.0,1 - Basing,53.0,WAIT,38.43,1.0,Trend agreement,"4 - Declining, trend 35 but components disagree - wait for alignment","4 - Declining, trend 34 but components disagree - wait for alignment","4 - Declining, trend 36 but components disagree - wait for alignment"
2026-07-30,207.7400054931641,208.6000061035156,204.2899932861328,204.7700042724609,327702,212.1071,263.589,Yes,10.97,Strong Bear,Downtrend,Hold,Uptrend (HH+HL),Bullish,33.84,Bear,Mixed,"Range with bearish lean - ADX no trend, direction not confirmed",6.25,"Underperforming, weakening",Lags both,46.6352,Neutral,-1.6913,-1.6486,bearish fading,Neutral,-2.7359,-0.0469,full,16.64,Negative accelerating,36.26,Bearish,Bearish confirmed,None,Bearish - all 4 components agree incl. MACD acceleration,Lower Half,No Trend,Bullish,No,No,Inside,5.75,Very Low,Stable,-11.99,Partial,"Very Low volatility, stable",Coiled - low vol squeeze,Dry-up,Falling,Weak Down,-0.2034,Distribution,57.1098,Neutral,4 - Declining,late,84.0,144.0,1 - Basing,53.0,WAIT,38.0,1.0,Trend agreement,"4 - Declining, trend 34 but components disagree - wait for alignment","4 - Declining, trend 34 but components disagree - wait for alignment","4 - Declining, trend 34 but components disagree - wait for alignment"
2026-07-31,205.69000244140625,207.9199981689453,203.5,204.6000061035156,487886,211.8127,263.002,Yes,14.02,Strong Bear,Downtrend,Hold,Range,Bearish,24.91,Strong Bear,Mixed,"Range with bearish lean - ADX no trend, direction not confirmed",8.57,"Underperforming, weakening",Lags both,46.4309,Neutral,-1.6403,-1.647,Bullish crossover,Neutral,-2.3902,-0.0121,full,19.78,Negative fading,37.58,Bearish,Bearish confirmed,None,Bearish - all 4 components agree incl. MACD acceleration,Lower Half,No Trend,Bullish,No,No,Inside,4.84,Very Low,Stable,-9.17,Confirmed,"Very Low volatility, squeeze confirmed - expansion pending",Coiled - low vol squeeze,Normal,Falling,Weak Down,-0.2359,Distribution,37.939,Neutral,4 - Declining,late,84.0,145.0,1 - Basing,53.0,WAIT,38.0,1.0,Trend agreement,"4 - Declining, trend 25 but components disagree - wait for alignment","4 - Declining, trend 33 but components disagree - wait for alignment","4 - Declining, trend 33 but components disagree - wait for alignment"
2026-08-03,206.00999450683597,208.30999755859372,203.1000061035156,205.8500061035156,537714,211.5789,262.4334,Yes,16.21,Strong Bear,Downtrend,Hold,Range,Bearish,25.67,Bear,Mixed,"Range with bearish lean - ADX no trend, direction not confirmed",0.0,"Underperforming, weakening",Lags both,48.2265,Neutral,-1.482,-1.614,bearish accelerating,Neutral,-0.9336,0.1473,full,11.49,Negative accelerating,35.95,Bearish,Bearish majority,None,Bearish - price momentum agrees but MACD shows deceleration,Lower Half,No Trend,Bullish,No,No,Inside,4.64,Very Low,Stable,-7.3,Confirmed,"Very Low volatility, squeeze confirmed - expansion pending",Coiled - low vol squeeze,Normal,Falling,Weak Up,-0.2184,Distribution,46.16,Neutral,4 - Declining,late,84.0,146.0,1 - Basing,53.0,WAIT,38.0,1.0,Trend agreement,"4 - Declining, trend 26 but components disagree - wait for alignment","4 - Declining, trend 33 but components disagree - wait for alignment","4 - Declining, trend 40 but components disagree - wait for alignment"
