Date,Close,High,Low,Open,Volume
2021-07-27,407.01171875,415.8534805438946,404.8073402168188,409.434119241478,104782
2021-07-28,404.2744445800781,407.4235653798014,400.4712578720665,405.04960094880505,78694
2021-07-29,407.32666015625,408.925438635306,401.1495386373773,404.5408994712682,73752
2021-07-30,408.3925476074219,411.7596905578096,403.3539422285359,403.5719642097003,81634
2021-08-02,410.0639953613281,412.58326839029456,405.8974484858826,408.4167510851696,88674
2021-08-03,406.45458984375,411.808089087828,403.66882924109706,411.808089087828,202254
2021-08-04,407.6173095703125,410.9844520906863,397.467475398912,408.9011936296226,652120
2021-08-05,415.8050537109375,422.4666552122779,399.69609008042346,407.44777182743775,342436
2021-08-06,410.7179870605469,422.4666289788226,406.9632664474897,418.5907883459894,233418
2021-08-09,405.1222534179688,410.7179924915518,399.2115904606768,410.6937744013399,165558
2021-08-10,396.42584228515625,407.93224467351246,386.130640148206,402.6029635673264,334926
2021-08-11,390.9996337890625,396.42581647615725,386.13061500946816,396.42581647615725,345764
2021-08-12,392.8649291992188,397.273686329134,383.0057413145909,391.4599250657808,95412
2021-08-13,397.37060546875,401.3917846026058,390.7090037327381,392.86494620863874,72372
2021-08-16,394.4637145996094,399.5749738865188,386.712032778228,397.3705952826274,100008
2021-08-17,393.2283020019531,395.9171607591942,387.6083148566732,394.36681845807146,63108
2021-08-18,395.6991271972656,398.2426477577623,389.2797657826788,394.8512870104334,73544
2021-08-20,393.2767333984375,397.92773067486775,388.7710742424608,390.10339455887066,80878
2021-08-23,387.7052307128906,393.4463085241846,377.9187260041992,390.80591542644544,94888
2021-08-24,378.9603576660156,391.6294951249404,377.8944954826416,385.6461774412599,250752
2021-08-25,379.3479309082031,400.6166198332277,375.4720899793837,399.2116156684028,390520
2021-08-26,375.5689697265625,382.0609851565693,371.5962270951841,379.3479084948228,73058
2021-08-27,372.3229675292969,377.5553468453129,370.1428070167636,374.9876081557265,135124
2021-08-30,372.9285888671875,376.8286480916499,367.23594720536295,372.0807486196817,392070
2021-08-31,375.4478759765625,379.3479350395978,372.97700961533866,374.7938100705092,178592
2021-09-01,373.9944458007813,379.8082074157053,373.0497036242919,374.01866389344593,101240
2021-09-02,383.5144653320313,384.9194695600642,374.3093427119668,374.3093427119668,650740
2021-09-03,380.5833129882813,389.90955433367,378.1609126388296,387.5356197333975,107356
2021-09-06,391.5568237304688,394.36680240355565,381.7461016805031,382.59394185766064,379858
2021-09-07,397.3221435546875,405.43718574791046,390.151843530859,394.8513067150284,338168
2021-09-08,405.7036437988281,407.399324133074,398.9451405525561,401.149519073012,313368
2021-09-09,403.28125,411.8080879938631,399.6960854058083,409.3856874762521,148346
2021-09-13,409.9185791015625,412.75280527885343,400.85882536698153,401.63398165785657,205982
2021-09-14,412.80126953125,416.3864341535744,407.73844649565166,410.8391310106521,140376
2021-09-15,414.8603210449219,431.1146231648109,412.2925823217295,415.6839431633888,428714
2021-09-16,416.1926574707031,422.9511613234408,411.9292381618048,417.6218797947377,136492
2021-09-17,412.1714477539063,425.858010667862,405.0253662324603,417.1373688111822,266590
2021-09-20,407.13287353515625,418.7361787940776,405.5098768954237,416.6529201076037,124648
2021-09-21,403.59613037109375,412.89815395117375,395.7717947119216,407.932233061764,203782
2021-09-22,411.7838439941406,414.23046244892765,403.45078082379473,405.5098211342134,130712
2021-09-23,412.0018615722656,422.46661921082926,408.7316211139249,415.1509820136308,4902364
2021-09-24,434.9904479980469,444.7527338869834,413.74600734148567,420.4560449298448,973104
2021-09-27,437.0252685546875,444.26825196812246,428.764888758766,438.3575888304916,360972
2021-09-28,433.0767822265625,439.4234598404524,428.7648974187435,439.4234598404524,188752
2021-09-29,430.3636474609375,455.023695264284,424.8890284924866,441.3613511478396,844250
2021-09-30,440.9980163574219,443.7837769661065,424.9374890200951,429.9760939491479,284816
2021-10-01,440.5862121582031,446.6906495539145,436.2985455564111,440.9980084126363,204708
2021-10-04,429.61273193359375,442.30611656393626,427.3114514411386,438.93897392933286,117956
2021-10-05,426.87542724609375,433.2705708241911,424.1865684605074,428.66800962659136,75428
2021-10-06,421.8367919921875,428.6679489750196,417.3795695489882,426.87536684815166,81634
2021-10-07,430.1698913574219,431.6717678348929,420.04424546896985,421.8610458386453,136452
2021-10-08,428.7164916992188,439.42349106461614,426.3425271630234,432.44696515563817,104186
2021-10-11,437.26751708984375,452.9889025634631,425.3251001280894,428.7164608959442,291390
2021-10-12,438.4786682128906,443.4445887805954,434.4574896672513,436.0320498472553,116684
2021-10-13,442.9601135253906,446.69061590635073,436.05627266132825,443.2508193039619,172994
2021-10-14,443.22662353515625,445.2614459421161,438.9389863246821,445.2130097585083,92306
2021-10-18,445.7701416015625,448.14410599115695,440.3924241577964,445.72170541823175,133636
2021-10-19,438.8421020507813,449.2584249932014,430.7270597584306,446.206206045068,81392
2021-10-20,434.0457458496094,441.1675798673306,430.8481593558363,437.001062716125,111446
2021-10-21,430.6301574707031,440.5620002682798,422.5635809407175,431.2842233971263,410158
2021-10-22,435.7898559570313,438.4302784524912,430.72703292818034,430.72703292818034,89146
2021-10-25,446.9813232421875,448.1440872968147,431.4053059502243,442.33032616431547,550700
2021-10-26,450.0578002929688,460.6436787788291,443.2992969015534,449.5975382782968,318828
2021-10-27,456.86468505859375,461.8790417250131,446.1334401720924,450.05774630131725,476586
2021-10-28,453.7882995605469,465.1008981189586,443.5415335707361,460.25609709688615,294604
2021-10-29,465.14935302734375,472.3681186689771,447.175152339965,455.6051182858778,499066
2021-11-01,479.8048706054688,508.704121326073,471.0115742504527,475.2749933532168,1666234
2021-11-02,500.0318908691406,503.0598914425908,484.5043098425518,484.9645718437798,374324
2021-11-03,488.7919921875,508.219632666252,481.4278886409033,503.3748315922172,295194
2021-11-04,496.0591735839844,499.0144902905879,484.262065707254,491.2628088880157,47450
2021-11-08,498.99029541015625,508.7041458514818,487.3870197396102,501.6791838373423,207358
2021-11-09,508.9221496582031,520.1136884301533,501.4612026644274,502.5997191882327,401460
2021-11-10,504.46490478515625,511.5867386082212,499.0145036530237,508.9220980547342,315530
2021-11-11,522.5845336914062,525.1522430416513,507.4687172937168,510.1576058239754,316250
2021-11-12,509.915283203125,528.8100062861862,507.25064276833433,525.6608857723426,151522
2021-11-15,505.0220947265625,515.8259660424806,500.2984135022151,512.5799728573902,248342
2021-11-16,500.4921569824219,517.1097877998546,499.0629053000727,505.0220337817573,92378
2021-11-17,485.7882080078125,504.2711063021989,483.6564837141294,501.9698257996106,88022
2021-11-18,503.5928649902344,515.0266437684827,482.8571501893059,489.2280463782318,221456
2021-11-22,506.0636596679688,511.1022048733154,494.6541308390813,511.1022048733154,165536
2021-11-23,498.0213012695313,506.8630632033759,491.7473075535514,506.28171073247415,148916
2021-11-24,489.6640625,498.5057951070754,486.2000178188104,498.5057951070754,63144
2021-11-25,477.4309692382813,492.1349299474604,474.790546509445,486.9025502469309,60112
2021-11-26,454.2243347167969,483.9714261830614,450.1062536594001,477.4309445036666,91692
2021-11-29,448.3621215820313,460.2318842206019,436.03209692708487,445.7216990810201,89048
2021-11-30,459.67474365234375,476.7284502248581,444.752761490264,445.7217217549486,408186
2021-12-01,457.8578796386719,466.2393788513874,451.0751587268277,453.90938485003824,132916
2021-12-02,478.0607299804688,486.9509278256545,453.7156053982356,459.72317035710296,321222
2021-12-03,480.6284790039063,483.5111415232439,472.416535365575,477.2129002007968,79580
2021-12-06,477.5520324707031,484.96457196225646,467.28104860898736,480.62846922595287,86360
2021-12-07,488.8404235839844,491.7473041999447,476.48618096615326,480.0713455539651,107354
2021-12-08,477.6973571777344,494.2423636789035,476.6799608414868,491.4081374788128,91600
2021-12-09,476.5830993652344,492.2318013077048,471.44759235743066,477.6973977257844,73504
2021-12-10,480.7496032714844,483.99562589576,475.27498398772826,475.27498398772826,55410
2021-12-13,477.2129211425781,485.44908323336375,469.9941554819381,482.5422024954394,61932
2021-12-14,490.9963989257813,498.9902915861511,478.157675343157,479.1508537062393,191458
2021-12-15,482.4695129394531,492.71627924750703,474.306034791848,492.71627924750703,168322
2021-12-16,477.3582153320313,496.5920803585173,474.7904768305824,482.0576780065607,59662
2021-12-17,491.8684387207031,494.16971927615583,476.2439549494717,476.2439549494717,139606
2021-12-20,487.79876708984375,491.86841167648606,467.6686252519664,488.8404111121147,178040
2021-12-21,474.2333679199219,488.9131396543987,470.23640680951536,487.7988116885743,85606
2021-12-22,473.79730224609375,476.5830627184177,465.1250969476019,476.5830627184177,174188
2021-12-23,487.3143005371094,488.8404246920754,472.3681011642949,472.3681011642949,76826
2021-12-24,473.4339904785156,490.8752752148237,470.8420040324553,489.7125110709416,53798
2021-12-27,490.560302734375,496.5920856892494,473.4339436072679,473.4339436072679,115708
2021-12-28,490.875244140625,498.0455437198036,471.3991381705923,491.2628223072771,139564
2021-12-29,489.6398315429688,501.43691031005847,487.871467325825,495.5747128485709,59048
2021-12-30,500.6375122070313,504.3437968941796,487.87147307631017,491.7473139746324,100840
2021-12-31,490.22119140625,519.8471621984359,487.8714746820363,505.7972388957755,147262
2022-01-03,491.89263916015625,498.0455423385188,489.3975843896593,495.1386617412123,48442
2022-01-04,497.8032836914063,498.53000381358345,489.8093623474566,495.96226529595407,51092
2022-01-05,483.656494140625,507.4929217743029,479.7322170271091,500.41952390514695,174984
2022-01-06,492.619384765625,499.4990084488192,479.6353233407672,479.6353233407672,86428
2022-01-07,484.1651611328125,492.4740064189674,477.2128837409571,488.5981657388378,131746
2022-01-10,478.9812622070313,489.51870437133726,475.7594577171735,486.587576113057,143388
2022-01-11,474.4513854980469,483.9956499751852,467.8624675567431,474.7905275031847,121586
2022-01-12,487.29010009765625,490.5845590084876,471.3991580328135,476.7042212752015,180824
2022-01-13,497.0281372070313,499.014493752092,484.044047111402,489.71247009041656,125500
2022-01-14,501.29150390625,503.3263556811128,491.6745863614999,497.02811478199953,199914
2022-01-17,508.6556396484375,510.3270722413316,500.0803068858216,501.436874744282,106058
2022-01-18,494.1212463378906,512.5799255920482,486.9024813043558,511.3202892098356,99540
2022-01-19,488.3317565917969,499.7412578243775,482.13041679558273,494.16973628779937,83430
2022-01-20,486.2000122070313,488.3317365355156,479.150832466507,488.3317365355156,44326
2022-01-21,480.0955810546875,484.4316840447983,476.8979945189862,482.97824368411216,42228
2022-01-24,449.40374755859375,482.51798150829154,443.2993098737067,480.0955809078888,111466
2022-01-25,446.23040771484375,460.2561130747108,441.62784658409663,450.6149468779652,221362
2022-01-27,426.2940673828125,445.2372281563305,422.0064005990717,445.2372281563305,119852
2022-01-28,421.5704040527344,434.40912771411695,419.341777674981,426.9723398510858,181450
2022-01-31,418.83306884765625,425.3493324551858,405.1949414752118,412.4621433638351,387498
2022-02-01,421.6430358886719,424.7921566191301,418.0336531373905,421.0616538397542,108180
2022-02-02,441.8216247558594,447.9018439818413,414.5211538948186,422.9511193035668,344734
2022-02-03,484.50433349609375,496.1803220195312,447.5385066048029,453.4733880185067,3671444
2022-02-04,489.7609252929688,496.4709625809641,469.945678168856,484.5042986764153,631360
2022-02-07,510.2544555664063,519.3627057792391,484.52857217356666,486.9025366680367,757472
2022-02-08,502.0667724609375,515.9713282611077,494.6542029620573,511.12652705677806,146400
2022-02-09,498.651123046875,507.710876899464,494.2908023206939,503.68972771414457,98466
2022-02-10,505.9909973144531,507.4928737044494,496.5920721212989,501.43687282492135,92482
2022-02-11,504.4891662597656,511.07808398067056,494.1697161774515,511.07808398067056,68962
2022-02-14,486.2969055175781,503.1325891706151,482.0577045977486,503.1325891706151,188332
2022-02-15,507.1537780761719,515.4868119056099,486.5149086543017,488.3559270684725,194018
2022-02-16,536.34375,542.5934963461607,499.25677250099625,508.7041350082931,545828
2022-02-17,522.46337890625,549.4004620424613,514.7601330865213,546.4935812909139,720426
2022-02-18,508.0742492675781,527.0659043749353,504.7313839423695,527.0659043749353,143854
2022-02-21,513.7910766601562,519.3625970576968,496.5920354329657,496.5920354329657,538486
2022-02-22,517.8124389648438,528.5921229474561,489.1796426441155,503.85938615356326,310798
2022-02-23,511.1748962402344,545.2823040763341,503.8350115495968,521.7850213151593,251378
2022-02-24,492.0137939453125,506.4512960178659,484.4801337791115,501.4369384613804,155294
2022-02-25,512.1197509765625,516.4558245337931,501.4369403306529,501.4369403306529,196924
2022-02-28,518.442138671875,524.4497036877418,502.89033942528965,513.5489015325694,133576
2022-03-02,508.4134521484375,526.557209071556,502.0182790499616,513.742733493514,159408
2022-03-03,510.39984130859375,519.7503319200063,501.82456625468313,515.9713630694374,108306
2022-03-04,497.99713134765625,508.7041302612167,493.97592266171625,501.9214085244005,122652
2022-03-07,488.4286193847656,496.5678494927574,474.572470931748,494.1696966798305,206956
2022-03-08,495.041748046875,502.890331387213,476.4619484986056,490.8752311178441,106658
2022-03-09,477.7458190917969,497.5368195272115,474.3060221788927,497.5368195272115,180464
2022-03-10,475.2750244140625,491.747349419239,467.9836041126002,491.747349419239,194010
2022-03-11,476.2196960449219,483.5595514452948,470.9630694844603,477.2128742854627,101842
2022-03-14,474.7420654296875,486.8540680218285,470.4301806787578,481.1856448946428,105152
2022-03-15,476.0744018554688,479.58688272627546,471.3991568682671,479.58688272627546,110586
2022-03-16,474.98431396484375,484.4801123385516,468.83141062408026,479.6353112151661,564062
2022-03-17,476.1228332519531,486.75717769553154,473.94267273337385,483.9956351246005,478252
2022-03-21,474.1849365234375,481.57325865062256,467.66867273326574,481.52482246480224,325012
2022-03-22,477.091796875,480.6042777354658,470.042617062198,476.219738575431,208202
2022-03-23,482.0819091796875,486.418011913096,476.1954938095834,480.31357458773215,429540
2022-03-24,484.5285339355469,486.41801814491447,475.75945599432873,484.4558796630749,80910
2022-03-25,479.8048706054688,489.2280147669537,477.8911978053073,488.9857747091794,210472
2022-03-28,480.2651062011719,486.9024893330088,472.8525667552404,486.9024893330088,83822
2022-03-29,502.98724365234375,507.2264447590191,480.6042854653546,481.96082390542665,345150
2022-03-30,509.5034790039063,517.3278439864939,501.9213540570604,507.7351149148642,168856
2022-03-31,509.6972961425781,515.9712895755288,506.5239279354135,509.5034922808077,170084
2022-04-01,528.93115234375,532.8069931669696,509.6730682533776,509.6973159147777,412466
2022-04-04,532.29833984375,542.6177911349862,528.2771899116907,532.9281877218614,273796
2022-04-05,548.576904296875,554.7297786218378,531.4747311337608,535.3505723817735,476598
2022-04-06,556.2315673828125,574.1088941424642,548.4072022716468,548.431449931873,508686
2022-04-07,563.4503784179688,565.6547866157566,546.9780543713557,555.6744488514736,172704
2022-04-08,558.67822265625,571.565381107816,553.3005055330766,569.2398530401887,844058
2022-04-11,561.97265625,564.7826644258081,553.9302985911288,562.7236240451007,611380
2022-04-12,558.5086669921875,573.1156942776826,555.2868625910347,563.9105726404664,376790
2022-04-13,557.7092895507812,564.1528395189555,552.1377682948107,561.2944541870986,187192
2022-04-18,551.5079345703125,556.9583359380663,542.641983829817,556.1347433876394,197222
2022-04-19,554.1725463867188,569.264113216282,546.4935486876308,546.4935486876308,327800
2022-04-20,563.3534545898438,565.4609310869329,552.6463976250899,552.6463976250899,127312
2022-04-21,564.0802001953125,593.4881184062061,558.1210713501629,565.3882728000348,574560
2022-04-22,551.6049194335938,566.3330692416527,547.4625903371738,558.1211540428533,214622
2022-04-25,545.8637084960938,556.8856308414083,535.374761576689,551.3141096558647,81696
2022-04-26,558.43603515625,581.8606376758551,549.8849490109038,549.8849490109038,291564
2022-04-27,549.5941772460938,561.7061784233233,545.0400529753292,555.6986140112913,54884
2022-04-28,550.1756591796875,561.9969869400027,547.9713099308183,551.9924597840194,76986
2022-04-29,550.5388793945312,568.3435207923687,547.4624429811261,553.2762034375628,270122
2022-05-02,552.2588500976562,554.3420789387069,537.7728840066476,547.9469655959625,77104
2022-05-04,545.8637084960938,557.3216747623176,540.9462827622327,557.1521185543633,108884
2022-05-05,529.0038452148438,552.3073267340015,520.1378355241741,552.3073267340015,149762
2022-05-06,519.3384399414062,564.9765026387195,504.828284032617,532.9281309365439,1248068
2022-05-09,507.056884765625,538.5965289362102,499.01452655414255,520.331651960339,545116
2022-05-10,497.3915100097656,519.3384232105516,489.373340641821,503.9804275882229,242722
2022-05-11,485.1583862304688,501.4369058382497,475.8563623530288,500.97667339735847,515576
2022-05-12,497.779052734375,504.2953455329369,462.654275220825,483.9471814291786,215048
2022-05-13,479.5626220703125,509.5762001823746,476.24394516559744,508.7041123335477,105858
2022-05-16,488.7919921875,498.5300305181824,472.3681047183944,485.9335477256919,135418
2022-05-17,492.7646789550781,498.7722437924586,483.0024230572316,491.16590060055,281776
2022-05-18,496.4709777832031,507.4928999540427,484.964575516942,497.5610579979015,274552
2022-05-19,500.3225708007813,512.0954607737842,483.9956152440969,483.9956152440969,164088
2022-05-20,491.5777587890625,505.7729906244007,487.6534521291321,503.7624454667123,104270
2022-05-23,500.3468322753906,501.43691251999934,489.3733459848688,495.8169550870333,93468
2022-05-24,487.7503356933594,509.6730599944515,483.9229311143232,500.3468181647051,131236
2022-05-25,473.9911193847656,496.10764896203113,467.6928777475524,488.8646651651718,73452
2022-05-26,481.9124145507813,486.36963787658567,474.3545064147681,474.7905503810019,87458
2022-05-27,486.17584228515625,492.6194225219563,483.99568155742014,491.4082221176585,44444
2022-05-30,486.24847412109375,494.169712089698,476.36506805117216,494.169712089698,85818
2022-05-31,496.3014221191406,499.983459020232,482.0576954700881,486.8540602481188,109060
2022-06-01,495.6473693847656,500.7828762801437,490.1243138867375,498.7965196622275,45988
2022-06-02,487.79876708984375,502.4058536404984,483.0024319380703,494.72685603737983,126950
2022-06-03,485.7640075683594,490.6572449867045,482.10615898033376,486.9025240302523,59532
2022-06-06,476.41351318359375,488.016817947539,474.7905166130952,486.41803946892617,40384
2022-06-07,464.0350341796875,477.1886807317086,460.2560953111961,475.75945852167854,82192
2022-06-08,465.8760681152344,469.4612328048232,455.5808656414444,464.1319515242731,61716
2022-06-09,467.0146484375,472.6588244661436,458.0517656254417,465.1009459230232,201268
2022-06-10,464.0350341796875,471.8351815371526,458.0517167687694,468.9767371170925,50508
2022-06-13,459.1902160644531,462.6784785708835,449.8639744806945,457.8336777481517,86876
2022-06-14,453.44915771484375,462.67849775067566,448.1440946799738,456.5013764456274,261544
2022-06-15,467.5475158691406,474.30601919668106,452.0441526267568,453.255352880068,70428
2022-06-16,452.0926513671875,476.24397435234977,446.8360241420621,473.53089741509336,89314
2022-06-17,438.4060668945313,468.3953682026328,431.2357375525836,448.6285854696537,163256
2022-06-20,444.6558532714844,449.4522183420802,428.7649110690895,440.6104560516724,254406
2022-06-21,457.4219055175781,460.25610231952334,445.5036771258496,445.5036771258496,122012
2022-06-22,458.1001586914063,463.8170180328494,451.6565791903648,455.4113000149562,53874
2022-06-23,461.5884399414063,468.1047035486866,455.4113183363127,455.4113183363127,35086
2022-06-24,469.2916870117188,471.035803641404,457.7126001442185,461.5884411615816,34418
2022-06-27,461.5641784667969,474.5966748861143,459.2871161750721,474.2817805760749,65882
2022-06-28,455.0237121582031,466.94191069379576,448.3136450852185,466.94191069379576,65586
2022-06-29,447.562744140625,454.926848128765,444.7527652632655,450.5665269006938,24370
2022-06-30,437.848876953125,446.2061584219398,433.68236004897335,443.4930817732343,223698
2022-07-01,434.1668701171875,437.8489071904677,428.9344611799834,432.2047019805761,84892
2022-07-04,428.1835021972656,435.0631254627446,416.19261984180577,426.3424837496829,621100
2022-07-05,428.6437377929688,433.6096584625115,421.7641149513438,422.95109702544414,121918
2022-07-06,423.9200744628906,431.6717558244978,421.5218921275799,428.64375529262,739304
2022-07-07,424.4288024902344,427.8686290785772,422.5877839514288,424.7679444877217,1589082
2022-07-08,429.5643005371094,433.9246215187603,425.8580158745784,429.4916166926209,149452
2022-07-11,465.0040283203125,471.8352159757209,426.4636394403105,428.9587239672376,403066
2022-07-12,456.0169067382813,466.7481530782315,452.5044259161272,459.38404944047903,134386
2022-07-13,457.0343017578125,464.6164273375912,442.2576583440518,457.7368038341699,438912
2022-07-14,472.5861511230469,476.7284503415234,453.2553820097288,459.33560175804894,120848
2022-07-15,480.5558166503906,482.9782171182919,467.1114940535383,472.5861131969317,375048
2022-07-18,486.9024963378906,495.3566799246868,476.4134904344247,476.4134904344247,132496
2022-07-19,496.56787109375,502.8903602619697,484.5043339510448,485.23105412483375,112548
2022-07-20,482.13037109375,501.43689076010617,475.7594461124872,498.53001023396064,142162
2022-07-21,489.3000183105469,493.8024850002042,481.2494168178653,487.7828967567551,112754
2022-07-22,489.2511291503906,501.07007154090405,487.6116281205299,489.3000569964546,78416
2022-07-25,487.7095031738281,494.3163752560087,479.6099733731027,491.64915055244,60162
2022-07-26,486.8775024414063,501.6328614859903,480.85791407767,490.1564744369225,124324
2022-07-27,483.8922119140625,498.6964995604852,479.3897449036992,490.5725057258467,76490
2022-07-28,488.8840942382813,494.0472367012312,478.60673715980096,485.4827724691642,182262
2022-07-29,482.1793212890625,505.05867502696015,479.65890994514496,488.8840790537295,127436
2022-08-01,470.1890563964844,486.7551642078776,467.8888801751198,486.7551642078776,392006
2022-08-02,478.4109802246094,479.9036380609637,467.3750619607836,467.3750619607836,84148
2022-08-03,474.3244934082031,489.3979441127808,469.69967686224135,475.2054037335101,134502
2022-08-04,494.4631958007813,508.4844587036008,469.3326235772408,475.4990256614506,206042
2022-08-05,484.9689025878906,517.7830290301172,482.5463767709788,504.0798864848968,1205808
2022-08-08,494.1451110839844,496.225052350417,478.6556541751823,484.9688996144286,1050570
2022-08-10,493.43548583984375,497.71771792622974,485.5561907490858,496.54315089148594,132270
2022-08-11,487.44036865234375,497.693261898796,484.99337884987216,494.29194009926425,150514
2022-08-12,487.7584838867188,492.456692307372,483.0357816719266,485.482771447367,64892
2022-08-16,494.8058166503906,501.9021171583831,488.8106914566317,489.3979750007289,111862
2022-08-17,512.93798828125,514.797724419665,490.5480316831229,492.3343461795812,283360
2022-08-18,523.7781372070312,526.1027773861795,513.867829074873,518.2724104669434,234976
2022-08-19,523.4600219726562,530.6052199115665,509.4387591158703,527.0815786581463,176088
2022-08-22,521.1598510742188,527.0326260479368,510.1239042063911,525.6133601477637,100716
2022-08-23,522.8237915039062,528.0113972067871,504.2266716227063,515.1891366020192,172848
2022-08-24,536.03759765625,543.6966277684774,515.1891972275185,520.2300200006731,299392
2022-08-25,526.959228515625,547.6362913480235,519.7406089469177,547.6362913480235,183078
2022-08-26,531.5840454101562,536.8695673257924,521.6982304186826,532.4649856430831,84096
2022-08-29,530.3361206054688,536.9184993865535,510.36865959081024,511.7879256478997,548546
2022-08-30,538.3622436523438,543.7211273568208,529.7243578086989,529.7243578086989,147148
2022-09-01,538.8270874023438,542.7667643900869,527.6443573458629,533.4437105073158,164572
2022-09-02,534.3246459960938,538.1908415762814,531.2414153592576,535.8906953647048,604504
2022-09-05,543.9168701171875,558.794579103653,531.6329940502254,531.6329940502254,103374
2022-09-06,543.57421875,547.4160400232478,533.7373329965682,546.6574493886812,371914
2022-09-07,552.7015991210938,558.8924955426797,532.122449818939,540.7847702054826,238440
2022-09-08,556.4454956054688,562.8076692579499,544.528666904591,562.7587414088159,127206
2022-09-09,567.9952392578125,573.0849898003027,551.0620824211279,556.4454597804818,246460
2022-09-12,559.479736328125,566.2334522216221,543.7211455645827,543.7211455645827,117554
2022-09-13,547.4160766601562,564.9120525989206,545.9233890822841,561.5841227897095,80042
2022-09-14,555.6134643554688,559.3818043202115,538.82709235044,547.4160494627622,209164
2022-09-15,555.1974487304688,562.7586824701331,551.967434393379,562.7586824701331,83440
2022-09-16,532.4649047851562,554.95271395392,529.6263731242952,554.8303644813132,79002
2022-09-19,514.357177734375,541.2985552314005,509.9525967642424,535.1320940804527,116226
2022-09-20,533.9820556640625,543.1827604064816,520.6704562087328,520.6704562087328,260338
2022-09-21,529.1126098632812,538.2888214998792,522.2365447138727,535.8907595773227,66258
2022-09-22,534.6183471679688,542.2529434488393,523.6313270450281,527.5710045467949,371984
2022-09-23,534.3980712890625,537.3100249562074,520.7194223886767,530.9967794095058,105762
2022-09-26,533.590576171875,547.0734530258147,518.7128674529096,529.0636454110308,188200
2022-09-27,523.4356079101562,542.4731406121145,519.520424260855,536.8206300630127,125222
2022-09-28,534.226806640625,537.3589655647871,520.0098316020905,521.6982306849391,84262
2022-09-29,536.89404296875,543.2072287077564,532.4894614349537,535.9152470723508,197210
2022-09-30,538.6558837890625,540.7847529951949,532.6607586992968,538.3377631626375,174306
2022-10-03,550.9397583007812,560.5564402472952,538.3377607202837,540.7847505417395,256402
2022-10-04,549.3980712890625,558.1827994497842,547.6117570036045,555.4666172049551,79736
2022-10-06,552.0408935546875,553.0686173125811,545.1648283866333,552.1632430435072,112044
2022-10-07,565.5482177734375,569.3655454010668,551.0865452515574,553.5090410307738,235554
2022-10-10,565.98876953125,568.1910604632782,555.5401345019313,564.7163467187156,711810
2022-10-11,570.1486206054688,580.3281220199596,562.5629522626492,566.2089431503939,937304
2022-10-12,575.1404418945312,577.9789738759964,557.9136581021472,573.0115727789124,280430
2022-10-13,558.867919921875,577.4895343102095,555.8336767735766,577.4895343102095,113656
2022-10-14,570.71142578125,576.0213815388323,558.8679596620437,561.6819978471315,96820
2022-10-17,584.9284057617188,588.745733666916,564.2513423806488,565.8174516647382,243966
2022-10-18,592.9056396484375,597.5549203555445,582.3835833113005,587.8648166696099,344310
2022-10-19,595.4749755859375,599.047604636855,576.6086600858229,592.9056362624724,355898
2022-10-20,589.2105712890625,598.1910704474578,583.362290345155,595.4748882361303,192106
2022-10-21,593.2971801757812,598.0443165663796,584.6348003023779,588.7457551795046,91412
2022-10-24,594.5450439453125,599.5124447211937,582.4569393644596,597.5548530649612,30434
2022-10-25,592.3672485351562,596.3068659081345,587.7668961838607,594.9120937979378,79962
2022-10-27,598.9985961914062,606.853457174607,578.0768338573623,593.9089053110974,149646
2022-10-28,597.775146484375,604.3575852448502,594.6185533690489,601.9350293680268,968358
2022-10-31,604.9692993164062,611.7474491042894,597.5549082850699,598.0443062443534,112374
2022-11-01,599.0475463867188,623.2482495743171,592.9300724018904,609.2514810452211,372436
2022-11-02,599.072021484375,604.4064711128343,597.5793935743815,599.3412142545343,103278
2022-11-03,597.8240356445312,601.4700261458601,587.277486879603,597.6771923764293,159014
2022-11-04,598.53369140625,607.8077586399953,587.693514891706,603.8681409965747,176782
2022-11-07,592.3672485351562,601.9594357253527,588.1828724636097,598.5336503187857,63952
2022-11-09,588.0850219726562,597.8240525198464,579.9854625077594,594.447194926776,130306
2022-11-10,594.7163696289062,599.6348429615392,579.2759000293396,579.2759000293396,132280
2022-11-11,596.6494750976562,609.7653032668675,589.6999889174207,599.5124409285935,70866
2022-11-14,590.6788940429688,601.886120226061,587.399951329145,597.0655618592433,71852
2022-11-15,586.029541015625,596.0866926074799,580.8419347851311,590.6298936128402,35998
2022-11-16,571.763671875,588.2318657620038,568.0931871023905,586.9594429890252,161926
2022-11-17,555.5890502929688,571.7636772390636,544.8957165033052,571.7636772390636,335720
2022-11-18,574.357421875,584.3411519980328,540.8336623173238,558.3785668675652,150356
2022-11-21,581.722900390625,583.1910942789245,565.8908882433203,577.2448970831189,100856
2022-11-22,584.2188110351562,594.8387228032432,577.7587819006181,584.6347873503188,277052
2022-11-23,590.3363037109375,591.8289914218873,583.3623826101036,584.2922507050741,91122
2022-11-24,588.7212524414062,592.2449536001129,580.8664510232364,591.0458927528111,238310
2022-11-25,592.5140380859375,594.6184730391668,584.4879599874749,587.1796485485576,55346
2022-11-28,597.4815063476562,604.4064996480923,591.4129595042114,592.1470564673467,112160
2022-11-29,599.3412475585938,607.8322905549487,591.6576634356636,597.0655350056662,114556
2022-11-30,599.7816772460938,606.3395619366074,589.7245255488557,599.3412071460394,96492
2022-12-01,599.634765625,601.8370561333146,591.6086282687293,600.4667181428708,44224
2022-12-02,602.2531127929688,605.3852716600164,596.9920847652038,599.6348456761804,62384
2022-12-05,600.2955322265625,606.8289831144477,595.0100700464479,606.7066336231354,35016
2022-12-06,605.5810546875,607.832273381461,595.4749747479008,600.2955327617109,122458
2022-12-07,614.267822265625,625.4505529902242,608.101420311096,611.7474109841786,226964
2022-12-08,614.0231323242188,628.9497693715776,602.938257126103,614.1944096536196,140012
2022-12-09,622.9301147460938,625.7930805573885,613.2155782283371,617.277604757836,217946
2022-12-12,622.6365356445312,626.9187676640947,615.3689881080927,623.9823799935369,66042
2022-12-13,621.3396606445312,626.4294115616626,607.367384223418,623.248324706076,70072
2022-12-14,624.7899169921875,630.1977286005036,616.005187773906,625.4505922893712,89486
2022-12-15,613.2645874023438,620.9970992643651,602.9627959256156,620.5566291409147,158596
2022-12-16,616.9839477539062,625.4260620641843,607.6120251674369,611.7474137882621,111442
2022-12-19,616.2498779296875,622.0247976659286,606.3640631849612,616.9839748584828,56784
2022-12-20,608.7620849609375,612.677268323026,596.7229080707066,607.3428190439889,234634
2022-12-21,594.9610595703125,616.0296650602157,584.341148029313,611.8208546691683,443868
2022-12-22,589.7734375,603.476579633059,582.3835406550064,598.0932023665001,152056
2022-12-23,585.73583984375,589.7244445079067,575.0425081301165,589.7244445079067,117798
2022-12-26,583.1910400390625,588.7946222951915,571.1273694306606,584.8305111136584,102098
2022-12-27,583.460205078125,591.5108371034011,577.9300441541958,579.4471658327618,433020
2022-12-28,582.9953002929688,592.1715117351456,576.9756816905168,583.5091920301146,156458
2022-12-29,586.5923461914062,589.1127574758393,577.538484498112,577.538484498112,120612
2022-12-30,587.057373046875,589.5287970107328,582.554875769105,587.2530844468508,82380
2023-01-02,584.3167114257812,587.5957138323263,577.6854044472817,586.5434961963382,68494
2023-01-03,589.57763671875,596.1111465927065,581.9186072403044,587.1796347588672,552912
2023-01-04,579.3248291015625,591.143801660359,577.4895867707233,589.2840655353908,42146
2023-01-05,587.4243774414062,591.6576218740522,578.4928649427004,587.2775341614819,177574
2023-01-06,588.574462890625,590.7033320479909,582.3835668078784,582.3835668078784,52626
2023-01-09,590.0916137695312,593.1503511413409,583.5581626915385,590.7033612438933,65972
2023-01-10,595.7196044921875,596.918605472376,585.5156700418064,588.7456842917244,319976
2023-01-11,611.4049072265625,622.0248192689148,590.3607945368982,595.5973289144526,456876
2023-01-12,610.7931518554688,618.9905677388987,599.2922997205075,611.4048993094561,159340
2023-01-13,608.2481689453125,621.1682854721641,603.4765394134207,610.793073873561,81882
2023-01-16,606.2172241210938,610.2792510517442,597.5549041974175,608.2482375864189,56522
2023-01-17,606.4129638671875,610.5239184324796,601.005152578553,606.1927586947976,45764
2023-01-18,613.4602661132812,615.613628816078,595.5238211750211,604.4064049859612,123226
2023-01-19,606.7310791015625,616.5435314197938,602.7180400024765,605.3852348043015,86092
2023-01-20,595.3525390625,613.8028158012654,592.6608506409268,602.9871342736803,64382
2023-01-23,606.6576538085938,609.3004145427537,587.0083152388025,595.3525737279197,62040
2023-01-24,609.8143920898438,612.7752140981356,603.7702790932757,606.6577391955088,37848
2023-01-25,611.3069458007812,614.879574605953,601.959457234198,605.2139654349161,47690
2023-01-27,604.4309692382812,611.2335530314822,595.1079142834269,610.3526725555737,64650
2023-01-30,596.5516357421875,607.4652344447095,592.6609457502866,603.9170991377817,61018
2023-01-31,601.445556640625,605.5075833186161,589.7489940140621,591.1437661535311,281748
2023-02-01,620.0426635742188,627.603897194096,605.6788467389047,605.6788467389047,421122
2023-02-02,650.825927734375,655.303931447125,614.6838968615303,619.0884789250285,502744
2023-02-03,664.7247924804688,681.7068781361338,652.3919875379011,652.4164215918132,478424
2023-02-06,668.5665283203125,678.2810656908597,666.070610720617,674.6840027023901,141478
2023-02-07,671.2092895507812,682.0983939565449,662.5224759237113,663.1342233622374,100984
2023-02-08,672.5305786132812,680.7279935398108,665.5811522435906,665.5811522435906,62754
2023-02-09,669.7410888671875,675.711719909919,665.5812063276397,665.5812063276397,31726
2023-02-10,673.729736328125,679.2843914134645,665.6057418660415,665.6057418660415,55914
2023-02-13,670.4017333984375,694.3822316442197,666.1929232055325,673.729663173827,113168
2023-02-14,665.4588623046875,677.6203894101975,663.7948973270151,671.4050593435228,43812
2023-02-15,677.6204223632812,691.1277944877424,655.6220073442393,665.4588946663489,92456
2023-02-16,694.7738647460938,711.2910468204989,672.4328346735573,679.773804484404,318646
2023-02-17,693.9907836914062,699.8390652705345,690.0021784691198,693.5013857436646,68178
2023-02-20,694.5780639648438,701.9679613109046,692.1555679270199,696.9027043057513,63290
2023-02-21,691.9108276367188,702.2860400108791,685.6465101430256,699.9124719632154,96240
2023-02-22,710.336669921875,723.3302101094692,687.0902660110497,690.5405456457788,671004
2023-02-23,696.11962890625,731.1360150198788,692.4980722691596,718.5340182983729,315294
2023-02-24,713.4932250976562,716.9679383112465,699.7411557717545,700.5731083225593,485056
2023-02-27,699.1783447265625,721.3725282716684,695.4344387205163,715.573174914555,98954
2023-02-28,702.9223022460938,716.9679995699535,700.7444455154515,714.5210098103291,223920
2023-03-01,703.1424560546875,709.6269784439164,701.0870087031636,705.8830724370382,118046
2023-03-02,698.8357543945312,708.0364594295185,692.498075059802,706.5193377857063,78508
2023-03-03,704.586181640625,713.6156093669518,699.8145517844148,702.065830073445,103724
2023-03-06,725.0675048828125,726.26650587821,702.2860080426087,708.0119397518697,163532
2023-03-08,734.6597900390625,745.0350033245215,718.0691865595234,728.2241946502442,347020
2023-03-09,740.8015747070312,747.7999885485995,730.9646889000999,740.5568757578989,292358
2023-03-10,742.661376953125,751.2258409377574,737.5226985623456,741.193183127188,222816
2023-03-13,733.240478515625,744.4232097238366,724.5291711100946,743.8603901331996,243600
2023-03-14,734.537353515625,740.9729481419507,731.6498938259132,731.6743876184107,116282
2023-03-15,728.1262817382812,743.1507746558148,726.3399673024411,743.1507746558148,158016
2023-03-16,695.2387084960938,730.4998543184322,690.1734517151584,725.0430552852382,180812
2023-03-17,704.5128173828125,709.5780740342419,687.3349021652438,698.7134040919289,169900
2023-03-20,707.9385986328125,790.3776559395342,665.6056777419334,790.3776559395342,407508
2023-03-21,712.39208984375,726.2665088427913,702.4328541807885,711.5845713324923,348694
2023-03-22,700.5486450195312,721.8619488287918,695.4344605326869,717.8978375325678,87662
2023-03-23,711.5601806640625,716.8457028301641,702.2861126890497,702.2861126890497,209696
2023-03-24,699.2028198242188,723.8195603435091,695.9483712841374,711.5601179301509,217790
2023-03-27,688.0200805664062,707.1555280323203,685.1571145715669,697.8569671917061,78520
2023-03-28,676.959716796875,693.9662956211595,673.7052084693594,692.4981017658255,62572
2023-03-29,672.0657348632812,677.9385102635065,661.6660284253824,676.959714363469,216368
2023-03-31,674.9531860351562,680.2631417763697,664.6024075772016,675.4425839788803,145262
2023-04-03,679.2109375,684.6677366271722,658.2647409445459,673.2158125724211,196456
2023-04-05,701.4296264648438,705.6873648222487,679.4801398978097,682.6122987913187,203204
2023-04-06,705.858642578125,709.5046331788503,689.121197901189,705.0266302711235,158646
2023-04-10,695.26318359375,712.1718462888251,676.2745199480634,709.1376030087735,146542
2023-04-11,695.7526245117188,703.6074259559571,690.6628737595587,700.7689536213985,74980
2023-04-12,704.586181640625,706.1767249260284,692.0331724270544,695.7525847770368,88650
2023-04-13,721.2991943359375,723.3302078827184,701.1360216391106,704.5862415222543,215190
2023-04-17,733.044677734375,736.0299931601285,721.3725490483715,721.3725490483715,136520
2023-04-18,716.552001953125,733.485158638045,711.3888298174544,733.3383153604494,173402
2023-04-19,718.7542724609375,720.8342136362884,708.2811449474494,716.4785601679503,126060
2023-04-20,727.7592163085938,733.5096419908798,711.0951928818411,719.0479092509601,144368
2023-04-21,724.5292358398438,735.1002802959977,718.7054475078835,727.7348165948017,51288
2023-04-24,741.804931640625,745.2796450855707,716.2338891347879,728.7135366735217,156876
2023-04-25,724.676025390625,737.6205774669447,722.8407830504495,727.2453646668707,140472
2023-04-26,723.3302001953125,731.1360739262041,721.9109341330695,722.9631517175409,112830
2023-04-27,718.4851684570312,726.7070784857023,716.968046654624,723.3302204474636,118770
2023-04-28,724.4067993164062,730.9158157467244,694.4801633911203,720.3692663536273,333510
2023-05-02,716.9679565429688,758.5667799601376,710.7281330303935,758.5667799601376,640090
2023-05-03,703.8765869140625,719.7330921117003,698.5666312154492,719.4149715026399,471362
2023-05-04,703.1670532226562,714.3742193577596,698.3709290427252,709.6270827694124,312632
2023-05-05,703.4850463867188,733.0936218169095,700.3284535636856,733.0936218169095,943762
2023-05-08,698.0772094726562,709.0397348985174,695.4344487396694,709.0397348985174,305592
2023-05-09,688.3871459960938,704.7330495092931,678.7949581037427,697.4165740375081,655050
2023-05-10,690.0756225585938,707.6205276076994,680.7770612490076,680.7770612490076,855786
2023-05-11,701.3806762695312,703.4850515867888,693.3056101834258,694.9450813496854,149788
2023-05-12,693.3544921875,703.3137277537013,689.1946099333311,701.3806298966758,399518
2023-05-15,698.8357543945312,700.475285262528,688.7786627179199,692.6693523881269,142490
2023-05-16,696.4622192382812,702.5307658408985,690.5405159188491,698.8602811708834,208114
2023-05-17,689.2435913085938,700.7933709866736,686.3806252477312,696.4132832281794,189750
2023-05-18,700.35302734375,709.137697491513,690.516079813517,692.8897078911996,159888
2023-05-19,686.7720947265625,699.8389947175647,684.422960917842,699.8389947175647,188190
2023-05-22,690.9564819335938,694.6758943955738,684.5698745475455,687.6041179331438,75008
2023-05-23,679.7003173828125,694.602520508325,677.8161472610009,690.9564700088075,101190
2023-05-24,702.775390625,708.3056108403671,680.7524849299269,681.7312807385968,642980
2023-05-25,712.6367797851562,713.5421539719775,697.2941672292175,703.2647978448091,353380
2023-05-26,715.1082763671875,718.3872785488616,708.0364997305797,713.542226789138,312720
2023-05-29,720.0266723632812,723.2322525580353,709.1375689069802,719.4149249780958,247466
2023-05-30,714.447509765625,722.816201876965,706.8618423432431,720.0266577535032,782070
2023-05-31,705.6629028320312,718.8277193885699,703.2648409737687,716.9679833170293,105862
2023-06-01,706.6906127929688,710.6057962433453,695.5568098559604,704.977720033429,157980
2023-06-02,705.4671020507812,714.3007584078069,701.8211114412478,709.4801411005077,231260
2023-06-05,705.3692626953125,709.0152533892657,698.3708483772094,705.4916121782097,120134
2023-06-06,710.1409301757812,712.1963777010385,700.9157308835001,700.9157308835001,71424
2023-06-07,718.2159423828125,721.2012577507379,709.7248406663375,710.7526240925205,101486
2023-06-08,714.5209350585938,720.9320356099012,708.3545334576489,720.8831077680196,142506
2023-06-09,713.6156005859375,723.819535435467,709.5291398357612,719.4149540839327,98332
2023-06-12,728.6400756835938,730.6710889842866,710.1897981367697,714.985861871597,221216
2023-06-13,743.101806640625,744.1540241068542,727.2453022345604,730.5976660066293,419338
2023-06-14,752.7919311523438,760.9649130698078,741.4134283861996,747.3106978022422,371568
2023-06-15,746.7966918945312,758.5667351328121,732.6286467702064,758.5178072916395,387306
2023-06-16,748.6075439453125,757.4656343925369,734.0968835980005,748.7788212699605,386576
2023-06-19,746.4296875,763.4607590993688,743.4199380693933,763.4607590993688,249116
2023-06-20,773.4444580078125,787.3433704040503,753.8196140416838,763.4607288363766,521875
2023-06-21,783.3303833007812,791.7969921264477,766.4461532394982,778.1427767373913,168405
2023-06-22,777.2128295898438,786.9518602060075,768.5994380929943,783.3303036275148,425801
2023-06-23,769.186767578125,802.6126729135311,754.7985150150067,781.3727890114072,331722
2023-06-26,769.8229370117188,777.2617615848703,762.6288114013807,763.460763978564,245359
2023-06-27,762.9224853515625,780.7855107407619,756.9028665979956,767.8653927576419,241129
2023-06-28,752.0088500976562,764.928967446089,748.7788356957877,763.460773650607,122331
2023-06-30,750.8343505859375,768.3058941668077,741.9273313226448,752.0089176760658,152483
2023-07-03,751.0789794921875,765.4183627417245,748.7788331169045,753.7217402631446,106669
2023-07-04,758.3710327148438,760.4754677444561,745.8913852968601,753.1344986750539,187308
2023-07-05,771.6826782226562,775.8425606185043,756.9517527692981,760.5243815468216,177966
2023-07-06,773.4444580078125,776.0872186327448,766.7886584738402,775.9893032075518,121605
2023-07-07,773.5423583984375,782.7430634048529,750.4427999334639,773.2487315877984,155467
2023-07-10,773.6402587890625,776.0872483984143,760.9159128204329,776.0872483984143,98641
2023-07-11,773.9828491210938,777.1639357599096,765.2226139675477,773.248752204444,114338
2023-07-12,767.718505859375,782.0578890480663,763.9990935542717,775.1573902105397,88623
2023-07-13,778.3384399414062,782.0578520706475,766.054564475972,768.8441086376641,129549
2023-07-14,776.919189453125,792.2373680769928,770.8506433636936,783.0366633858267,112305
2023-07-17,775.3531494140625,784.2601676715784,773.2487144593409,776.9681267072831,50623
2023-07-18,772.8082885742188,782.0579217496122,767.424911140398,779.2683773393801,44328
2023-07-19,777.01708984375,782.0579125506922,769.3335660386033,778.142729008511,67961
2023-07-20,774.5701293945312,782.0579420982397,770.3123910279282,773.2977066434399,39297
2023-07-21,779.5015258789062,781.9179088899729,764.4115477692644,775.3098619485958,84567
2023-07-24,774.520751953125,779.0576472519451,768.6524111911804,771.8084991822353,73064
2023-07-25,765.0032958984375,778.3179921784131,761.4526741053521,772.2523842385851,101355
2023-07-26,769.0469970703125,776.690619035423,759.5294308025472,759.5294308025472,207633
2023-07-27,756.9652099609375,772.2031535885524,754.4995252379376,770.2799074651364,184554
2023-07-28,753.7597045898438,763.4744768343625,750.7515817271277,756.9650942397188,68774
2023-07-31,772.8441772460938,779.008388908015,755.5843845927141,757.5569323245289,139327
2023-08-01,773.3866577148438,793.9504432530683,770.2798710318588,778.9097671541748,161872
2023-08-02,764.3129272460938,778.5645963276181,760.4171335238435,776.69065194556,87357
2023-08-03,758.493896484375,774.1263732114793,753.2173554367384,757.4583209756419,110161
2023-08-04,751.9844970703125,758.8391122588002,748.7791071085443,754.4994833085321,280046
2023-08-07,725.7002563476562,755.7816075107543,708.1445945935858,753.9077233927901,397489
2023-08-08,726.0947875976562,730.2864512707373,717.9087270520555,725.9468224478913,475677
2023-08-09,735.2178955078125,739.6068264304254,718.993677709326,725.8975950535856,214289
2023-08-10,739.2122192382812,746.0668342446758,732.5055693820656,733.7877132932372,71465
2023-08-11,731.963134765625,741.6779077496183,729.8426219876563,739.9026269247993,49047
2023-08-14,731.174072265625,737.2396803366431,721.9524361289937,731.9631394794051,69521
2023-08-16,732.9987182617188,734.7739991059893,726.8838085115626,729.349493072321,31133
2023-08-17,734.1328735351562,739.6067412426745,727.4262237841082,733.5904349886331,73340
2023-08-18,737.3875732421875,743.8969557364718,730.3849936889238,732.1602743512404,75137
2023-08-21,736.05615234375,743.6504729263728,731.0754815075251,741.0368231799749,84952
2023-08-22,726.93310546875,737.1903772542139,723.3825438031384,736.0068366332177,62514
2023-08-23,727.4755859375,733.9357279750241,724.911297942099,730.7303378820828,40408
2023-08-24,719.4374389648438,731.32202627344,715.9361789972107,727.5248962038364,99862
2023-08-25,695.0271606445312,720.4730127089449,692.0683392371024,719.43743725582,300510
2023-08-28,717.0211181640625,720.9662137248001,700.2544620309277,700.2544620309277,124357
2023-08-29,725.1578369140625,727.179686235585,717.0210777783385,722.8894191338816,72095
2023-08-30,730.5823974609375,733.5412191853827,727.8701442135293,728.1167126905665,44800
2023-08-31,730.2864379882812,733.5411294475315,723.7276932225063,732.8014241069121,109769
2023-09-01,735.0205078125,737.6341573133919,718.0565873739985,729.5960022197878,68636
2023-09-04,731.322021484375,740.3464508183245,725.5029819950973,734.773979778637,71083
2023-09-05,731.815185546875,735.7602808867504,728.8070623896956,731.7658838946021,41123
2023-09-06,740.9381713867188,746.4119787831125,731.3713037566268,732.0617074366615,92118
2023-09-07,782.1644287109375,789.0190436924912,739.7053534617105,744.587420834033,339199
2023-09-08,796.0216064453125,798.3886877826686,771.562026814609,789.0190861348176,282990
2023-09-11,796.3668823242188,805.2926491887945,780.3892329095329,802.8269644086696,152650
2023-09-12,771.4140625,799.3255984849651,769.2935497902182,796.3667771396181,127967
2023-09-13,784.926025390625,792.4217428258441,761.7979515907955,771.4141217011534,115511
2023-09-14,776.2467651367188,796.5640410872118,772.8441085622616,786.5533381589662,179832
2023-09-15,783.7918090820312,793.9011156375694,773.4852357249586,780.2905490949541,198070
2023-09-18,789.068359375,814.6128754477447,779.4028879573641,793.4572899230616,574526
2023-09-20,894.8462524414062,933.8040695327704,791.1888948418161,804.7994619380576,10950814
2023-09-21,878.37548828125,891.4436171143656,871.4715711618683,890.5560067460159,1076803
2023-09-22,882.0247192382812,895.9312170709177,867.9703164420071,880.6439719240931,914115
2023-09-25,899.1858520507812,936.9601272466168,881.9753618845128,889.5203806723441,1526289
2023-09-26,883.8493041992188,907.3719106295226,877.8329978037929,903.8706506225471,325524
2023-09-27,876.0084228515625,897.7064469878673,871.4222254892563,891.0490986733192,158102
2023-09-28,882.369873046875,888.0409473570137,869.8934854856199,883.405448490121,94332
2023-09-29,863.1868286132812,891.788768376353,856.3322137685185,877.7836685908222,164969
2023-10-03,873.2468872070312,886.6601874318318,863.1868819397416,864.2224574384234,359351
2023-10-04,870.6825561523438,884.6383554237675,862.0526598319105,872.309932108863,109461
2023-10-05,864.715576171875,879.5096835486393,860.5239124151251,870.6825207743611,72735
2023-10-06,860.42529296875,871.4715114449228,853.6692812750206,867.7729846701214,51568
2023-10-09,856.3815307617188,884.8355660852742,848.2447718902343,859.0444820682251,210654
2023-10-10,853.6693115234375,862.7923445578745,851.8447289955012,858.3048106182487,341769
2023-10-11,870.1400756835938,876.6001571501853,855.0500983119509,855.0500983119509,605985
2023-10-12,866.5895385742188,877.7837226435873,862.2006079215251,876.5015786836959,98243
2023-10-13,861.4608764648438,876.1563202020914,860.0307673924337,865.7018418333816,85637
2023-10-16,877.1919555664062,879.7562434077023,860.9184376109947,861.4608761700331,93470
2023-10-17,898.7420043945312,907.0760300824386,877.4385142952408,877.4385142952408,214389
2023-10-18,931.3876953125,936.9601666986596,898.4461845175219,898.742054635951,249291
2023-10-19,931.2891235351562,936.9601984203318,915.5580429011492,931.3877268455112,276769
2023-10-20,906.6815185546876,933.7547471881038,897.1146503781911,926.1111250167726,138547
2023-10-23,870.8798217773438,914.029303320672,841.2916058619187,906.7308526492486,306427
2023-10-25,877.6357421875,887.646445625449,843.954527063583,865.9484213990492,186637
2023-10-26,850.4146118164062,877.5371422019685,845.0394073914283,871.9153693189402,160222
2023-10-27,851.4994506835938,865.9483857549236,846.2722116473271,849.2310330109544,122276
2023-10-30,860.22802734375,866.934677198415,852.4857418328244,854.852823050883,108127
2023-10-31,872.5071411132812,941.8914788535424,802.8268730751658,916.2483600575296,3041130
2023-11-01,921.4755859375,935.973822626725,876.2549569422292,876.2549569422292,1079905
2023-11-02,914.4237670898438,923.59610128345,907.3718854230948,922.412560697771,259981
2023-11-03,958.3622436523438,964.5757564241904,908.900589527716,914.4237588117596,816377
2023-11-06,953.726806640625,977.3973788840324,939.0313022938916,968.5209142927546,278402
2023-11-07,944.6036987304688,960.3840789755092,942.1873159659724,960.3840789755092,169367
2023-11-08,930.9439086914062,959.4471867644188,922.2153490230056,949.2885781751116,272349
2023-11-09,909.147216796875,961.6169973046668,899.679011979288,936.9601512199316,379281
2023-11-10,936.9601440429688,946.3297454833984,903.3775319722728,909.344476639597,223767
2023-11-13,946.5269775390624,952.6418871362092,923.201578098994,945.737970538838,135748
2023-11-15,953.8253784179688,968.0277453735148,943.9133386581532,946.5269883359216,255675
2023-11-16,954.5651245117188,975.3755389276746,947.3160357713888,951.0638643731742,161974
2023-11-17,956.3403930664062,974.783664559995,946.970792173939,946.970792173939,129467
2023-11-20,967.1893920898438,985.3367932542428,956.3896823195586,956.3896823195586,186682
2023-11-21,973.5015869140624,982.3780515213082,968.5702176878148,975.4248329517748,113535
2023-11-22,961.912841796875,980.3561742164792,947.7105349487844,973.4522574966448,168860
2023-11-23,963.4415283203124,972.0714239885252,958.8553913122016,966.548314839819,83538
2023-11-24,996.0379028320312,1010.9306126566084,970.394784852449,971.2330934766782,349192
2023-11-28,985.23828125,1009.9444293223652,975.2768791782954,996.1365953277236,117046
2023-11-29,972.5645751953124,996.5310768187488,966.696294212475,990.0216335862272,95162
2023-11-30,988.098388671875,1011.4237882676762,961.2224274526704,972.0714393209732,958653
2023-12-01,975.4248046875,995.9885896861372,973.4522570541582,992.191459570905,109354
2023-12-04,978.3342895507812,988.6901642560272,964.0333197197274,983.314960107639,185430
2023-12-05,1010.634765625,1015.8127033359008,978.3343572448532,984.10403518662,373349
2023-12-06,991.9448852539062,1023.7522156535468,983.2163861069088,1013.6922709408638,324638
2023-12-07,998.3063354492188,1004.4212449448688,981.9835163758391,993.128398087135,177905
2023-12-08,991.4517822265624,1002.547362977668,982.3287491645424,998.1091306772258,43793
2023-12-11,983.9561157226562,994.1640258375731,977.3973706399156,994.1640258375731,47696
2023-12-12,982.3287353515624,1000.2789311093096,976.411092367517,976.411092367517,52808
2023-12-13,990.5147705078124,993.5228935741516,979.3698885486972,983.6108538715176,229004
2023-12-14,980.4547729492188,994.4105714753564,975.4248005843068,991.2051815846596,213513
2023-12-15,955.2554931640624,987.3093922081129,939.8203440505072,984.1533039550696,131233
2023-12-18,950.8665771484376,976.5096967749412,948.8447278327463,955.2555077393722,204957
2023-12-19,935.3327026367188,961.0744840678216,932.2752780386832,950.0775074893944,97893
2023-12-20,911.4156494140624,941.7929324422016,896.5229382157232,939.9189880303456,110318
2023-12-21,916.1004028320312,939.0806307251164,889.1751399028142,904.3637806307704,253059
2023-12-22,938.1929931640624,941.4969864591976,914.1278873156468,922.1660432151364,254983
2023-12-26,933.9520263671876,946.4283543453292,913.2895773456478,946.4283543453292,174442
2023-12-27,937.0093994140624,942.7791371871403,925.2234156185012,935.7765571801624,175024
2023-12-28,934.5437622070312,945.8366096801224,931.535639043666,939.9189666581404,195838
2023-12-29,934.0013427734376,940.707992962958,924.730344436756,934.9876166306428,241591
2024-01-01,935.776611328125,943.3709319678646,925.6180027724422,934.2972005618398,108660
2024-01-02,938.0450439453124,941.8915360773548,923.6947713251805,940.905262217588,125731
2024-01-03,928.8233642578124,941.3983553852744,926.357679723016,938.0450003390006,93822
2024-01-04,922.80712890625,934.4451480076522,917.2346577132348,929.9576141411112,118801
2024-01-05,931.04248046875,936.9601233530852,917.1360437695126,926.1111113984706,133623
2024-01-08,939.5243530273438,946.8228028784812,931.0424228305064,935.9737915954984,222620
2024-01-09,953.6281127929688,972.4659173358398,932.2752620301244,943.863978590668,233630
2024-01-10,956.6363525390624,964.3292766879434,938.9327245276626,958.658201933706,132410
2024-01-11,982.3287353515624,987.457371310544,954.7130680926832,962.6032587380772,443996
2024-01-12,1008.2184448242188,1018.3277518033808,984.4985707321,985.2875777739248,221183
2024-01-15,1047.7679443359375,1060.342935249751,1011.2758138409492,1011.2758138409492,299562
2024-01-16,1036.77099609375,1082.928659235458,1031.2478867558352,1050.3816230289278,375774
2024-01-17,1047.17626953125,1055.3130288659645,1020.793443809601,1030.6561823971333,129537
2024-01-18,1034.8477783203125,1058.468987527932,1018.9194324687888,1045.4502216054625,128520
2024-01-19,1058.814208984375,1099.49800026945,1039.9762844614313,1040.0256463057344,338185
2024-01-23,1053.4390869140625,1082.879337587607,1041.9983342047744,1082.879337587607,137025
2024-01-24,1071.68505859375,1105.0211603080058,1032.92457151803,1052.354116705108,370667
2024-01-25,1045.8447265625,1070.057675304501,1032.6286340062973,1060.2442994811552,302945
2024-01-29,1064.0908203125,1090.7694542005154,1036.2778270878048,1045.8447551254385,476632
2024-01-30,1085.0985107421875,1102.604872694993,1045.943484560579,1076.5179758584366,1334225
2024-01-31,1123.8590087890625,1134.2148838152011,1077.0110027184346,1089.8325622746063,1115747
2024-02-01,1168.5865478515625,1183.528620767706,1111.9744047458892,1124.3521897293208,550966
2024-02-02,1172.1865234375,1198.3227816378312,1160.055306379064,1173.6659342790283,388072
2024-02-05,1151.9678955078125,1184.416330342079,1129.1356310341637,1178.6466522046608,222852
2024-02-06,1144.521484375,1181.457513691746,1136.5820518189837,1146.937927635775,357107
2024-02-07,1152.6580810546875,1156.948468174004,1129.2834413865066,1153.8416817890572,215545
2024-02-08,1137.9134521484375,1169.2770086732485,1135.2011990663937,1161.830592962825,101895
2024-02-09,1149.9459228515625,1158.5265774013635,1125.4864041273663,1143.633866661289,73003
2024-02-12,1135.7437744140625,1173.5179931030086,1130.0233375519877,1165.775766953043,91886
2024-02-13,1188.80517578125,1196.3008330553805,1124.59877142788,1135.7437142291817,375987
2024-02-14,1175.687744140625,1184.514846588022,1154.4828572116971,1158.871727511179,156492
2024-02-15,1216.7166748046875,1225.888948737132,1172.6795263753108,1175.6877095672262,250756
2024-02-16,1219.2811279296875,1237.7737638436868,1209.221182150378,1222.9796551124873,158885
2024-02-19,1252.22265625,1274.1672500875188,1219.2810845677611,1222.9796116190282,294270
2024-02-20,1268.9398193359375,1276.9286128628175,1251.6800282122313,1262.3318331779035,250734
2024-02-21,1254.096435546875,1281.169601838922,1242.951494008854,1272.2931380848418,121808
2024-02-22,1260.0633544921875,1274.709496014194,1238.316089927617,1263.022175825714,143144
2024-02-23,1275.9918212890625,1281.6628960503472,1260.112836036417,1261.2963165243466,196899
2024-02-26,1239.1051025390625,1314.7030157056647,1234.8148354564837,1282.4025477654093,451667
2024-02-27,1274.9561767578125,1284.1285718575557,1247.7350421706594,1252.6664114942291,212170
2024-02-28,1274.2657470703125,1297.19661287479,1258.7319347511504,1284.9175522470669,129839
2024-02-29,1252.8143310546875,1292.906386275046,1245.8118109490383,1274.2657868314554,245439
2024-03-01,1290.0955810546875,1294.7310200758786,1247.6364428840118,1259.1265575239113,176332
2024-03-04,1298.1829833984375,1306.5169494549434,1279.1972113715278,1298.133621546957,319651
2024-03-05,1272.835693359375,1318.3521326493617,1267.805600692773,1301.9307702904846,298730
2024-03-06,1241.4227294921875,1282.5996588374574,1232.9407992628894,1280.8244383121134,162795
2024-03-07,1305.7279052734375,1316.6755203524742,1228.8477904811748,1239.7461641071611,329291
2024-03-11,1307.6512451171875,1340.3462494532223,1298.2324014730468,1312.7799417080985,221774
2024-03-12,1291.279052734375,1323.382315073301,1277.224650212729,1321.113837034711,185513
2024-03-13,1249.4117431640625,1307.5525376179485,1205.621160782085,1303.854010734247,347260
2024-03-14,1243.4447021484375,1282.9450162758365,1225.8397387728176,1248.0801408833368,111433
2024-03-15,1262.430419921875,1272.2931575775146,1236.885905314819,1252.5676822662354,292412
2024-03-18,1267.9044189453125,1277.2246588383916,1247.6858046548205,1247.6858046548205,76763
2024-03-19,1259.12646484375,1277.2245649084837,1240.8803996307715,1270.4686134896554,50157
2024-03-20,1214.6949462890625,1264.4031763655378,1205.769239472796,1257.499258865882,170606
2024-03-21,1230.1300048828125,1244.8747501287987,1220.464473423367,1223.3246915405296,262805
2024-03-22,1224.2618408203125,1237.576538476755,1208.185528084628,1229.8835538951275,222397
2024-03-26,1248.0802001953125,1255.428012643342,1211.2922576835997,1221.6973746048518,180115
2024-03-27,1283.1422119140625,1292.610416301196,1244.776137071502,1255.4279422537466,320622
2024-03-28,1256.2169189453125,1313.66736907781,1232.842277521408,1300.8951712405897,479647
2024-04-01,1259.373046875,1283.142221519039,1247.9322948051256,1260.4579239825762,204280
2024-04-02,1292.8077392578125,1299.26776038128,1265.0933492893516,1272.2931961541706,1158734
2024-04-03,1329.74365234375,1346.8554787140222,1280.5285655895143,1293.3994868518737,1198119
2024-04-04,1329.79296875,1361.0577990188383,1322.593122090045,1346.8554326892577,553902
2024-04-05,1344.636474609375,1351.195220011742,1303.2129715141243,1330.4834684641166,430660
2024-04-08,1387.933837890625,1464.9617994142734,1362.0441500280356,1390.5967290557326,2433964
2024-04-09,1380.6353759765625,1407.5606992864552,1376.345108959866,1402.4813650597846,302092
2024-04-10,1400.1142578125,1405.4401603939957,1359.578428844297,1392.6186010360154,697101
2024-04-12,1364.7564697265625,1417.9658969375823,1355.5840745634505,1400.1143639418815,393368
2024-04-15,1348.236328125,1363.7701409764768,1327.5739395058583,1355.0416416436456,296982
2024-04-16,1374.7672119140625,1387.983306239798,1340.790003856185,1348.6309535902012,508467
2024-04-18,1385.6160888671875,1424.179370456413,1377.1341582467437,1400.5087992022898,530399
2024-04-19,1402.925048828125,1409.8783269299588,1355.5346673336082,1365.9891450143357,290949
2024-04-22,1436.3106689453125,1441.8830199325678,1413.577008338635,1415.4015908987392,1014933
2024-04-23,1437.54345703125,1469.498632539739,1417.472688443091,1447.8499703105044,372060
2024-04-24,1424.968505859375,1451.0060391693437,1420.2343432240586,1448.8856467088078,188411
2024-04-25,1444.5460205078125,1452.7813830879134,1398.6349245680071,1427.7300031838206,227597
2024-04-26,1435.521484375,1459.6358300975326,1428.1737928842606,1447.8005447574433,195025
2024-04-29,1452.8800048828125,1474.4794265819276,1440.0092031953238,1449.8225799835675,237759
2024-04-30,1475.6136474609375,1478.4245038596378,1446.0254319067085,1464.5673080838376,302582
2024-05-02,1450.414306640625,1493.2186160134904,1434.042184731582,1479.7559538179046,919071
2024-05-03,1428.02587890625,1473.4930776379483,1402.185432750982,1470.1397225924857,907077
2024-05-06,1426.990234375,1445.6308334166483,1410.322182948452,1439.4172602711817,282937
2024-05-07,1424.524658203125,1456.726524547809,1415.401624789403,1434.436758880803,491222
2024-05-08,1415.204345703125,1431.6258290858898,1401.5444772080325,1427.1382349921107,355286
2024-05-09,1368.4549560546875,1429.6532961211976,1363.2770183831292,1414.3166897170609,409761
2024-05-10,1396.0213623046875,1400.5583186212962,1357.5074382304338,1375.7041437713765,188646
2024-05-13,1401.6922607421875,1420.234256132934,1375.4081605816382,1397.1061839392246,497039
2024-05-14,1473.7396240234375,1489.273436356293,1409.3358967966194,1411.3578062422882,617762
2024-05-15,1466.9837646484375,1513.930376344064,1450.5129189360478,1476.353366326137,816465
2024-05-16,1548.203369140625,1611.9659973380292,1475.3670697215446,1482.862726869202,648712
2024-05-17,1561.3701171875,1597.7142846982576,1543.272016010789,1553.3813230337066,407703
2024-05-21,1555.994873046875,1576.953191140602,1531.8804065798308,1570.345084493024,363939
2024-05-22,1508.505859375,1567.8794972153808,1499.136257763975,1552.0005122482796,262005
2024-05-23,1504.6593017578125,1533.2120008188474,1495.289700554713,1508.4564318506448,565685
2024-05-24,1464.7645263671875,1502.04560296143,1452.288138988944,1502.04560296143,221058
2024-05-27,1466.4906005859375,1513.4865732630176,1457.7621011582055,1464.764621361452,347510
2024-05-28,1495.9307861328125,1502.0949973827417,1464.6165929831725,1472.013646483087,375291
2024-05-29,1494.9940185546875,1531.683359299514,1484.5394189493895,1497.2131348189655,368425
2024-05-30,1479.7559814453125,1488.0900679099686,1462.6441538257634,1469.5480709375506,353567
2024-05-31,1554.811279296875,1626.217526286622,1469.5479576945766,1479.4600575134368,1810755
2024-06-03,1577.8902587890625,1612.5578101004496,1563.244115601965,1602.6950712007529,196396
2024-06-04,1579.6654052734375,1666.358893596757,1468.611003027972,1558.3125541081329,1098138
2024-06-05,1512.648193359375,1590.2680195294708,1493.218646187103,1587.900938151411,383187
2024-06-06,1504.2647705078125,1558.0166932833708,1499.1361948412566,1528.7244092131234,375476
2024-06-07,1544.40625,1564.9700357495522,1501.1581656386693,1528.7244716633409,284657
2024-06-10,1573.9945068359375,1591.8460399585026,1552.0005511866611,1553.3813586955648,245868
2024-06-11,1620.6944580078125,1628.387441977344,1580.996936672158,1582.7722777096662,450052
2024-06-12,1658.0743408203125,1663.5480885625868,1627.3025238359146,1639.877515679862,556101
2024-06-13,1664.633056640625,1675.0875353996382,1619.5602693382057,1671.5862150648695,348579
2024-06-14,1712.5164794921875,1735.6446722166943,1667.7889869777368,1667.7889869777368,592090
2024-06-18,1706.8453369140625,1773.270850257325,1701.3222279631025,1718.0888818038982,351318
2024-06-19,1682.5338134765625,1729.57914800127,1669.317840302698,1715.1302121295082,166698
2024-06-20,1645.499267578125,1686.0350975556453,1632.283174293415,1682.9776727884876,233370
2024-06-21,1664.7315673828125,1674.2983750635565,1638.7432768897756,1652.0086113122634,146496
2024-06-24,1670.599853515625,1701.3223064915087,1630.6065231274144,1664.6329692572444,187257
2024-06-25,1651.466064453125,1701.0263213486453,1643.230702560381,1671.7340385653113,153029
2024-06-26,1629.620361328125,1672.6711193788854,1623.50539110564,1658.6167167506244,198854
2024-06-27,1618.130126953125,1676.6654526474856,1612.5082940809273,1632.1845285414936,204398
2024-06-28,1612.1138916015625,1641.1102450714784,1602.6949286323152,1630.8037319960204,143283
2024-07-01,1600.623779296875,1647.0772513487796,1585.928275550202,1621.335529164135,211017
2024-07-02,1583.117431640625,1630.0640409603825,1563.7864890259898,1606.689399800019,355652
2024-07-03,1586.2242431640625,1619.7575532618114,1575.177904071481,1595.7910511222833,162834
2024-07-04,1583.659912109375,1603.1881829821648,1569.358940929282,1594.4103214202592,314594
2024-07-05,1681.8433837890625,1780.2241945399549,1574.0929720142758,1581.983162350187,3452736
2024-07-08,1632.92431640625,1714.1439435054783,1625.379297409107,1687.1200160594094,230422
2024-07-09,1819.8724365234373,1871.750536683941,1624.3930101182343,1640.3213566704155,2339150
2024-07-10,1687.5638427734375,1846.7977004865977,1677.8489494751034,1846.304563583931,1118108
2024-07-11,1734.7569580078125,1752.3125588757075,1682.4350863551576,1704.2810744380438,519127
2024-07-12,1685.24609375,1727.113491277421,1673.114997528104,1727.113491277421,262051
2024-07-15,1661.082275390625,1704.5276841662146,1656.939973614489,1695.3552897258055,188703
2024-07-16,1713.7987060546875,1725.9791635010158,1660.8850921918347,1663.350776711122,433520
2024-07-18,1672.325927734375,1727.6066255732978,1638.200876363491,1716.1165110610923,407094
2024-07-19,1624.243896484375,1679.506045664159,1586.263401869438,1665.8885627144052,368542
2024-07-22,1623.84765625,1631.4733980104447,1577.647228304499,1595.473750658222,179659
2024-07-23,1665.145751953125,1683.6160343915424,1539.5183090950898,1623.798122873215,465206
2024-07-24,1643.6549072265625,1684.4083423277643,1634.147452794022,1667.5226158116009,204858
2024-07-25,1647.71533203125,1661.3328141141528,1609.239779561234,1633.107487615045,112038
2024-07-26,1696.9859619140625,1703.423317474285,1634.3455405011273,1658.857009749667,241109
2024-07-29,1725.1617431640625,1743.037832933218,1668.7606525525412,1698.4715247048118,250121
2024-07-30,1706.9390869140625,1747.989558209665,1698.5210068886902,1728.1823110911416,200143
2024-07-31,1707.087646484375,1736.897651892813,1699.1153015794378,1704.0175471764535,247262
2024-08-01,1739.323974609375,1746.9497167739664,1710.702476912478,1721.2002942317065,299348
2024-08-02,1698.6199951171875,1730.4106021176883,1688.6173596414194,1728.1822868481136,136180
2024-08-05,1611.27001953125,1652.7662272710013,1588.0956366442497,1640.0400949161517,473647
2024-08-06,1574.0323486328125,1640.9808181162732,1533.229468900351,1640.9808181162732,765159
2024-08-07,1606.4173583984375,1613.3003286314383,1524.266725849866,1590.521993727495,705684
2024-08-08,1603.4462890625,1632.1172321310496,1579.5784585523018,1605.2784353202856,288203
2024-08-09,1589.3336181640625,1634.0979500129388,1580.618380739788,1624.1943260734663,206295
2024-08-12,1602.0101318359375,1614.290649297707,1549.966662273719,1585.5701408132693,363911
2024-08-13,1697.1839599609375,1712.3365527120525,1614.8848704726322,1624.689482200186,1343852
2024-08-14,1707.13720703125,1718.8235318459144,1658.3618582589286,1713.3269721038796,439338
2024-08-16,1702.0863037109375,1732.143777326252,1683.6655878906963,1711.6927702991204,582461
2024-08-19,1715.2086181640625,1730.2620778777623,1686.438542867745,1706.6419594579115,290352
2024-08-20,1691.09326171875,1740.9579813499654,1655.3906510106697,1724.2208336282238,506173
2024-08-21,1689.706787109375,1703.0766791467474,1668.2654175521532,1693.9158271952144,293187
2024-08-22,1729.66796875,1761.8547474413112,1694.9062719421538,1708.2265981507103,752669
2024-08-23,1706.9886474609375,1742.740706738998,1694.609117178101,1742.740706738998,228930
2024-08-26,1672.6724853515625,1719.8632767118577,1654.8955290730376,1706.988565833372,434665
2024-08-27,1710.15771484375,1733.0845060017134,1674.0094899035446,1683.6159561191596,387300
2024-08-28,1729.8165283203125,1734.6693283100883,1702.6310076182658,1710.1578586524563,322096
2024-08-29,1679.5555419921875,1747.7915324291932,1675.6931046289906,1744.5232883002168,293096
2024-08-30,1687.478515625,1707.2361971250536,1664.3535777899954,1687.478515625,622412
2024-09-02,1644.595703125,1687.4784414694411,1635.7320084021028,1687.4784414694411,383618
2024-09-03,1667.5225830078125,1671.7316229352264,1634.097854172467,1651.9243762179844,226680
2024-09-04,1683.120849609375,1715.6047837375438,1655.390703219812,1668.067389926864,423084
2024-09-05,1678.3670654296875,1707.1867072035984,1669.7509611407695,1693.5196580965098,265097
2024-09-06,1707.830322265625,1726.6967735692442,1675.4950879471253,1688.56782273333,686477
2024-09-09,1772.055419921875,1778.2946302564435,1706.0477444186984,1720.9526254072591,1059285
2024-09-10,1782.6026611328125,1793.8928160864302,1766.855996504017,1793.8928160864302,301275
2024-09-11,1771.0155029296875,1802.4595080844576,1744.325285494436,1775.7197241733145,338330
2024-09-12,1799.1417236328125,1807.4112247838784,1760.1214242450123,1762.844920611125,484008
2024-09-13,1869.80419921875,1880.698185548944,1803.945100040759,1827.169049814407,390577
2024-09-16,1916.2520751953125,1969.2364592613549,1869.8040582558465,1869.8040582558465,948303
2024-09-17,1872.9732666015625,1932.246551186933,1842.866347255536,1932.246551186933,521741
2024-09-18,1861.3365478515625,1888.9676827458247,1848.0162220469729,1883.66926813148,146696
2024-09-19,1848.659912109375,1892.037710674433,1825.2873847358103,1875.7462983101111,473219
2024-09-20,1911.498291015625,1925.6109540856835,1838.2610457569613,1861.5840058732813,565268
2024-09-23,1993.450927734375,2020.289724529273,1889.462875991384,1925.314067319085,866490
2024-09-24,2006.4742431640625,2030.2429410100333,1965.8693843438616,1985.6766325488377,422372
2024-09-25,2031.6292724609373,2040.1464855720903,2001.076738368551,2023.260758778143,422615
2024-09-26,2114.2255859375,2175.974533177103,2013.0600480507528,2040.7407481752905,1790106
2024-09-27,2099.072998046875,2144.035351962294,2080.751294596124,2108.18428329728,672692
2024-09-30,2043.8109130859373,2178.351746881068,2021.676336795521,2099.568366652214,727588
2024-10-01,2075.651123046875,2119.177501965755,2010.4356625968217,2054.061174470316,394845
2024-10-03,2126.456298828125,2154.9292147268125,2020.8342570877137,2053.0705980540224,447763
2024-10-04,2036.33349609375,2132.200622137203,2030.242864216177,2102.143269195689,374539
2024-10-07,1916.9454345703125,2043.9099666083944,1892.5825437432816,2025.2911051569915,683901
2024-10-08,1892.4833984375,1928.235454331337,1872.03239216734,1928.235454331337,712737
2024-10-09,1989.637939453125,2020.33917196833,1886.7888347059563,1891.394043762005,764585
2024-10-10,1998.2047119140625,2026.231895176782,1967.453911169251,2010.1385062462448,354407
2024-10-11,1999.8387451171875,2059.4089438560304,1981.764632198917,2030.2428209564127,412634
2024-10-14,2003.3544921875,2022.41896777395,1987.360115763476,2005.879964583762,196032
2024-10-15,2028.9554443359373,2076.7404311678115,1998.551366356928,2024.300789312964,196325
2024-10-16,1992.80712890625,2054.407620468108,1975.772944360032,2030.2428751569253,498151
2024-10-17,1999.7396240234373,2028.212541803228,1965.968291809481,2009.4452234850423,215696
2024-10-18,2002.908935546875,2040.146537489269,1952.9946465673968,2000.5320416156908,373752
2024-10-21,1998.4027099609373,2034.2539007547248,1978.7936073177389,2005.4838251767503,320957
2024-10-22,1891.6417236328125,2014.099935939901,1873.7656342089567,1980.7247718910755,299065
2024-10-23,1881.8370361328125,1906.6455403664727,1842.1235302327148,1892.5824434092983,433303
2024-10-24,1851.5321044921875,1894.0681219317555,1830.6849272631896,1881.8371702643256,325577
2024-10-25,1831.32861328125,1884.4120125002005,1808.550278614318,1851.9776446592432,182120
2024-10-28,1810.5804443359373,1851.9776399391749,1792.5558974812332,1832.2199589294469,191744
2024-10-29,1831.82373046875,1840.489400963188,1778.4927425188907,1814.1952324196711,225832
2024-10-30,1791.466552734375,1852.274827702748,1785.4253663298125,1833.4579422792551,175229
2024-10-31,1853.017578125,1861.8812730620923,1779.3840385098354,1791.4665320734605,339541
2024-11-01,1898.6236572265625,1906.4475440536555,1861.8812378290245,1862.8220337140071,61888
2024-11-04,1822.2667236328125,1890.601725769043,1798.5475937126284,1881.6884646208389,283061
2024-11-05,1839.1029052734373,1855.5924627708937,1788.594424837818,1815.433220655232,453208
2024-11-06,1862.921142578125,1886.640272449016,1833.8044653757345,1846.035416191583,329427
2024-11-07,1761.408935546875,1912.4886334644448,1716.1988718976438,1897.583753228995,1974593
2024-11-08,1770.322265625,1828.208896576732,1738.184934857972,1763.785777405373,523985
2024-11-11,1777.75,1796.8639209829275,1743.0377509767052,1772.74862173199,567433
2024-11-12,1744.2261962890625,1800.082659372027,1734.2235603094564,1780.2754115336595,122952
2024-11-13,1743.4833984375,1757.3484717171334,1713.425924470778,1738.085971839752,430043
2024-11-14,1791.0208740234375,1802.4596083570896,1735.1149636492426,1735.1149636492426,402442
2024-11-18,1792.1102294921875,1816.473118996884,1764.132493249998,1782.6522207412738,198215
2024-11-19,1796.07177734375,1817.31500244807,1775.2246004840138,1798.4485503866422,166974
2024-11-21,1818.1072998046875,1851.9280782595213,1781.2163012664992,1797.26012341416,487976
2024-11-22,1820.2364501953125,1838.0629726654288,1797.5572488789603,1825.6834431722928,155528
2024-11-25,1830.437255859375,1861.8812612014744,1824.049466911195,1846.0354632338024,196849
2024-11-26,1797.0621337890625,1839.152535613669,1763.3402458520447,1817.3149964271283,213194
2024-11-27,1831.6256103515625,1837.8649415498724,1802.1128846886568,1807.1141420485264,191448
2024-11-28,1815.3837890625,1849.9969055055071,1803.4994406331284,1849.9969055055071,75008
2024-11-29,1835.240478515625,1846.035452497086,1802.4595083394288,1817.8101250313312,333233
2024-12-02,1824.5941162109373,1853.7603609916484,1796.517366769033,1832.170412636555,189554
2024-12-03,1856.0877685546875,1869.804264003272,1825.23795474472,1828.209042028623,283319
2024-12-04,1897.5343017578125,1913.6276902774184,1842.1730210716005,1858.910169310759,415532
2024-12-05,1947.0028076171875,1958.9367222554,1891.5920826632023,1910.2109431432875,493392
2024-12-06,2061.98388671875,2083.227109816199,1959.927002769792,1960.719340971801,1618159
2024-12-09,2086.000244140625,2117.7907301674027,1995.580114182654,2062.429572101924,530463
2024-12-10,2062.726806640625,2118.979437997241,2054.1107023204872,2074.809179279368,252454
2024-12-11,2110.41259765625,2147.254028653796,2040.146437405101,2062.7267473028496,377646
2024-12-12,2032.669189453125,2125.317637136925,2022.6665537367007,2110.4126351731848,186535
2024-12-13,2068.56982421875,2082.1873067427714,1997.808481569644,2030.2924155117569,205504
2024-12-16,2135.86474609375,2144.1343679693464,2064.5093361926192,2068.9659665186527,335812
2024-12-17,2041.483642578125,2141.1635220393946,2030.2429325535427,2135.864986451554,258555
2024-12-18,2018.95263671875,2066.638607440349,2010.6831353807447,2044.1078642659063,178481
2024-12-19,2024.2017822265625,2035.244347430937,1967.4539669840776,1990.62847188026,174978
2024-12-20,1958.441650390625,2034.798688316888,1947.6962425053048,2027.3214038225856,166495
2024-12-23,1986.4688720703125,1998.551244517091,1945.07167702258,1973.396016368682,100136
2024-12-24,1964.086669921875,1995.77826682836,1947.349642020716,1986.8650051984112,101048
2024-12-26,2019.5469970703125,2032.2236843948376,1958.9864318454588,1977.6547392704133,170059
2024-12-27,2052.971435546875,2093.6258554108485,1986.4191388317447,2035.2936139595483,300779
2024-12-30,2109.818359375,2176.1230650180223,2051.931491242368,2064.4597190350114,1061502
2024-12-31,2118.533447265625,2148.9870884209467,2065.4501723081403,2113.4331780636244,327247
2025-01-01,2238.02099609375,2364.6882501245173,2066.391144106383,2109.323450788876,2764672
2025-01-02,2270.603759765625,2282.686132334987,2178.450492781202,2238.218958589588,845019
2025-01-03,2315.021484375,2329.8273526688567,2270.6036377057544,2270.6036377057544,866444
2025-01-06,2202.9619140625,2393.705799338876,2190.53306000332,2354.536920048839,903986
2025-01-07,2132.646240234375,2198.604471081908,2089.6646099021737,2198.604471081908,648118
2025-01-08,2085.3564453125,2141.064329096154,2031.233238049324,2134.230925400436,609088
2025-01-09,1993.698486328125,2088.5751299542344,1985.924165810913,2059.953753839521,495725
2025-01-10,1958.39208984375,2005.4838705694765,1941.803519556324,2005.4838705694765,281057
2025-01-13,1835.53759765625,1936.0098093771048,1755.2686810941436,1906.4970839800824,1414634
2025-01-14,1851.9776611328125,1877.628071099464,1808.3521496881613,1832.1704134201625,395477
2025-01-15,1899.3170166015625,1929.2259120551464,1847.8181729532728,1866.7835157740576,419353
2025-01-16,1915.7073974609373,1936.108837797783,1901.7433124324168,1914.172408346796,527641
2025-01-17,1904.8134765625,1930.761043688675,1891.988331983444,1925.908243804168,169498
2025-01-20,1912.736328125,1928.2355233051687,1873.7655932683,1920.114600275391,167418
2025-01-21,1847.8182373046875,1919.8671028025465,1842.074086955566,1917.440642356,255323
2025-01-22,1861.3365478515625,1893.8204826416525,1822.2667998748284,1861.881295524281,269032
2025-01-23,1900.455810546875,1916.301608375099,1824.891234689837,1861.3364971584467,297169
2025-01-24,1825.0892333984373,1891.5920894117608,1817.7605278261367,1885.0557220773785,450609
2025-01-27,1776.5120849609375,1798.4980814314715,1694.559598045489,1778.740400315134,660690
2025-01-28,1746.2069091796875,1786.6137428522886,1701.5911562639465,1786.6137428522886,510536
2025-01-29,1809.88720703125,1841.0836212700924,1741.0570232344392,1746.2068591322031,250546
2025-01-30,1780.671630859375,1877.974738607948,1755.4173891536386,1869.8042486443271,687394
2025-01-31,1800.033203125,1824.7426962994405,1726.5978080205302,1768.7376550107035,859443
2025-02-01,2036.82861328125,2069.8572940910285,1812.7096878975544,1820.682153105537,2426406
2025-02-03,2028.60888671875,2035.194699859667,1864.456200617245,1980.7247687198703,1353584
2025-02-04,1997.659912109375,2097.8846564776977,1950.27109688931,2097.2903423406933,648531
2025-02-05,1950.172119140625,2006.969377873804,1942.1006415053191,1975.7729626736927,598088
2025-02-06,1962.1553955078125,1985.676501195288,1940.26841186792,1955.9656308532133,269306
2025-02-07,2018.9031982421875,2055.9922195484714,1945.8144091319168,1965.8692465335816,608756
2025-02-10,1957.69873046875,2032.1739291233555,1939.179003305979,2021.081919415253,229604
2025-02-11,1870.5965576171875,1965.2751792903991,1836.181464067435,1963.8390812678413,435509
2025-02-12,1975.822509765625,1986.666929442682,1796.220195874861,1865.842719376876,923104
2025-02-13,1975.5748291015625,1984.091920981747,1913.4295927411813,1958.936693559096,499928
2025-02-14,1944.675537109375,1995.18401827952,1912.934495498561,1991.4207137874623,738076
2025-02-17,1930.3153076171875,1939.8227623698435,1840.5884993806296,1916.3512221154256,578341
2025-02-18,1854.5030517578125,1931.454157369036,1839.152435457738,1928.7306609287004,472942
2025-02-19,1879.6087646484373,1920.3126338430309,1827.3671496741104,1841.479813434948,585530
2025-02-20,1897.1876220703125,1908.576788867876,1842.123500688686,1877.8259901569188,521041
2025-02-21,1895.3060302734373,1915.8560499354487,1863.664000163446,1893.5233296078688,318911
2025-02-24,1860.69287109375,1913.627691469048,1844.450904029696,1871.784881292017,237480
2025-02-25,1861.1881103515625,1890.453246793024,1833.7549992811005,1863.8620404793016,368401
2025-02-27,1907.883544921875,1911.944127365853,1848.3627904891605,1869.8537265174668,783893
2025-02-28,1899.16845703125,1932.5436211406,1860.2471668354708,1898.524697300449,1272178
2025-03-03,2012.9114990234373,2058.9633488165937,1891.1464950784248,1918.7280626574927,3822987
2025-03-04,2080.404541015625,2195.336138278808,1964.383690257224,1980.7246687746144,3758035
2025-03-05,2110.660400390625,2137.103029389304,2033.6597200742915,2101.251957136539,1225509
2025-03-06,2123.4853515625,2146.8084334330547,2060.5480171900035,2127.743958056172,1334284
2025-03-07,2080.503662109375,2181.1245714248566,2068.520181216499,2138.142701284752,926367
2025-03-10,2062.47900390625,2118.880087103061,2045.0980976245955,2080.75113952023,644563
2025-03-11,2001.9185791015625,2045.395512630837,1968.840450770017,2035.194731555525,902903
2025-03-12,2026.9251708984373,2124.3272859129256,2007.2169355356748,2010.089010590503,2073678
2025-03-13,2006.1275634765625,2046.237118657836,1995.7287585681988,2039.7008720737624,520624
2025-03-17,1994.3917236328125,2049.852014533307,1983.1510143870155,2006.2760716829184,742096
2025-03-18,1994.3917236328125,1994.3917236328125,1994.3917236328125,1994.3917236328125,0
2025-03-19,2188.75048828125,2218.411794044981,2128.8831290718167,2136.063256530221,963321
2025-03-20,2187.36376953125,2233.019571873725,2134.4289487828337,2217.421364419679,799916
2025-03-21,2131.953125,2209.6470081934885,2077.037577379152,2187.611444432999,3002387
2025-03-24,2189.592041015625,2228.315305936077,2158.54432615886,2160.425917924354,741065
2025-03-25,2177.311767578125,2247.924656066809,2155.177070906088,2218.411807766659,464589
2025-03-26,2177.311767578125,2197.41617294355,2153.543069637768,2188.7009353412127,263274
2025-03-27,2171.022705078125,2214.499756839929,2141.658558437054,2179.737942020284,1473060
2025-03-28,2115.81005859375,2213.45988443888,2100.558574897031,2187.7600294401805,1027627
2025-04-01,2065.25244140625,2128.0413243125345,2035.1948441941863,2112.690706266301,585532
2025-04-02,2091.397705078125,2118.8306939791005,2048.9605814126085,2068.074623239073,358738
2025-04-03,2073.076171875,2104.520179259226,2057.9731447061986,2059.9538695807955,271312
2025-04-04,1996.6695556640625,2091.595764920111,1969.8803260155823,2079.018211142832,453071
2025-04-07,1943.2889404296875,1957.9463514587408,1640.089605936316,1640.089605936316,897349
2025-04-08,1958.39208984375,2012.7630100690697,1933.2369814662536,2012.7630100690697,664065
2025-04-09,1920.6097412109373,1963.1457555090265,1901.4956996228177,1954.0839158867432,460710
2025-04-11,1948.24072265625,1985.5774549461216,1905.4571184579725,1980.7246553617176,742973
2025-04-15,2004.0972900390625,2008.8510778254629,1952.103265035882,1972.7028509184893,764428
2025-04-16,2033.5111083984373,2042.127212684136,1982.705470316993,2005.483804891064,332614
2025-04-17,1995.9764404296875,2059.953828422104,1986.1718283175624,2032.124547774976,322346
2025-04-21,2010.53466796875,2038.1658028863576,1973.8912594620467,2023.6075240804223,532538
2025-04-22,2022.6170654296875,2072.234073838601,2010.8317293461264,2021.3295460237284,574885
2025-04-23,1906.8436279296875,2084.2174945953107,1898.029379136096,2046.0885454188224,1306494
2025-04-24,1831.774169921875,1938.139109999437,1821.8705464676111,1926.2547618543203,1331275
2025-04-25,1722.438232421875,1842.07405833125,1711.5442460553998,1840.0933335373447,1530943
2025-04-28,1729.5689697265625,1797.5078081592092,1712.3366392877535,1752.9414988660055,1478167
2025-04-29,1729.0736083984375,1755.9124032427255,1696.5896757620744,1746.5039611497723,879950
2025-04-30,1689.8553466796875,1733.1341335426146,1666.878867344417,1730.1630464565417,1198310
2025-05-02,1663.41259765625,1688.5678258089465,1621.2231852488244,1686.58710108659,1281215
2025-05-05,1665.78955078125,1701.3435849915577,1635.3854735686436,1660.4415696618037,1076691
2025-05-06,1674.0096435546875,1727.885262380473,1660.540617954391,1672.5240999276416,1193491
2025-05-07,1661.5308837890625,1675.9902709668777,1621.0251599612532,1653.9051419710445,1019049
2025-05-08,1592.70068359375,1688.5678074722944,1575.7655115802745,1661.5308669481926,2718584
2025-05-09,1578.6375732421875,1599.4351824254284,1525.1580067709967,1525.1580067709967,896283
2025-05-12,1608.5465087890625,1644.7938681513272,1602.4063104686606,1626.17500728649,884428
2025-05-13,1565.8619384765625,1635.5834743692874,1561.8014768878995,1621.4212439448518,706027
2025-05-14,1543.8759765625,1577.3501532984792,1535.0617269836307,1576.5579359111837,777058
2025-05-15,1556.2554931640625,1567.7436727782354,1536.05207610805,1547.5402557222226,471666
2025-05-16,1548.1343994140625,1564.7725354907418,1533.0809398352333,1556.849636576865,600896
2025-05-19,1602.40625,1629.1460329110014,1545.163258966321,1547.9363218479605,1137207
2025-05-20,1594.6815185546875,1626.0760797701166,1579.6280581449523,1622.213642157638,769576
2025-05-21,1564.079345703125,1634.0979171912993,1559.919751195786,1614.2906697101926,959026
2025-05-22,1543.8759765625,1590.3239975125807,1540.7067443317733,1564.772599118798,1066305
2025-05-23,1542.390380859375,1571.7050828638255,1533.1799624510284,1545.955661216403,1148751
2025-05-26,1536.943359375,1557.542823775406,1527.1387479042396,1541.0038208424105,758592
2025-05-27,1536.34912109375,1553.1852805964352,1533.1798891216474,1548.5305051388016,294419
2025-05-28,1540.5086669921875,1548.827735081425,1534.269335701798,1542.9845729179222,281014
2025-05-29,1536.1510009765625,1568.7339461324502,1535.0616265816277,1545.9556123186585,475862
2025-05-30,1517.5322265625,1549.8180139150788,1506.341084023854,1506.341084023854,608133
2025-06-02,1530.9022216796875,1559.8207549374984,1507.3315485808714,1517.532329494509,713447
2025-06-03,1528.3272705078125,1542.9846829913304,1519.7111656291377,1542.9846829913304,600521
2025-06-04,1536.547119140625,1544.8661866972725,1517.23505415626,1527.931015428212,406596
2025-06-05,1569.724365234375,1574.3790200418855,1530.6050514004585,1544.9653058458202,731506
2025-06-06,1573.8837890625,1607.3580846543664,1562.494622104074,1569.7243155743504,1563716
2025-06-09,1554.274658203125,1587.2536511141336,1545.5594213790328,1578.4395231300732,1193534
2025-06-10,1608.84375,1618.9453983183605,1550.412367266851,1556.8497229916898,1882252
2025-06-11,1617.2618408203125,1626.4722597348823,1584.777904906798,1620.2329280967738,1619097
2025-06-12,1606.466796875,1638.4555501952634,1602.406335284507,1617.2617710257105,980690
2025-06-13,1629.047119140625,1632.4143754446727,1559.9197759759022,1559.9197759759022,936552
2025-06-16,1659.0550537109375,1663.6108174923454,1595.7709927002666,1629.047145353816,1057668
2025-06-17,1653.80615234375,1659.748326587112,1632.3152162939514,1659.0550003890796,751866
2025-06-18,1615.875244140625,1657.7676214083806,1609.5369006941162,1636.0786609853146,788540
2025-06-19,1576.3597412109375,1622.90677275565,1551.4026577615232,1616.568550281658,1134919
2025-06-20,1594.4833984375,1604.3870220302797,1568.832989153433,1575.666513611219,524993
2025-06-23,1596.1669921875,1608.7446668922762,1577.2510949947916,1579.6279888746883,311114
2025-06-24,1615.281005859375,1627.759547391108,1593.9882151628842,1594.4833963418723,353848
2025-06-25,1629.6412353515625,1634.3950229553386,1605.0802008884543,1615.2809813785466,537976
2025-06-26,1644.8929443359375,1658.659005958373,1624.9866841537228,1629.6413391044732,653059
2025-06-27,1608.3485107421875,1666.779891366442,1601.3169619983769,1651.924455614513,914421
2025-06-30,1619.836669921875,1637.1680114153703,1610.824396524026,1624.0952764749572,481994
2025-07-01,1688.4688720703125,1698.5705201456983,1615.8752601310678,1619.836709712607,1194162
2025-07-02,1739.1754150390625,1745.018577473846,1672.0289157520317,1693.5197318276255,1857196
2025-07-03,1824.544677734375,1830.3877191147888,1720.4574939284305,1747.6924596277536,3061466
2025-07-04,1823.4552001953125,1859.7025607041307,1800.0826717639109,1817.315001680688,1505974
2025-07-07,1809.094970703125,1824.247563973145,1783.7417171198358,1818.3053894976624,694681
2025-07-08,1792.6549072265625,1812.264130569916,1783.741645869373,1799.6864558962427,508614
2025-07-09,1792.15966796875,1816.324533266218,1782.454189563937,1792.654849139215,435762
2025-07-10,1779.384033203125,1797.4087009887244,1772.946677756949,1792.1597320366122,504138
2025-07-11,1782.4542236328125,1792.5558713458431,1756.9028263908983,1772.7486241486515,684795
2025-07-14,1810.8775634765625,1817.3149187746744,1760.7652525654134,1771.8572625677004,766662
2025-07-15,1864.1590576171875,1883.9663041693807,1816.8196899999105,1817.314871163716,755234
2025-07-16,1842.668212890625,1865.1495113655944,1834.844325940251,1861.881267166753,302880
2025-07-17,1864.4561767578125,1903.872647508464,1839.697117465656,1849.996910309961,745629
2025-07-18,1836.29443359375,1881.572380007709,1821.0690535724136,1872.715790370284,548049
2025-07-21,1810.7197265625,1824.9499864280265,1786.239806984534,1817.1880044150903,479965
2025-07-22,1755.590087890625,1807.1373358170856,1749.8184666411496,1806.1422161387725,923889
2025-07-23,1740.663330078125,1759.6702135215369,1721.557080434233,1721.557080434233,684327
2025-07-24,1755.689697265625,1764.3471898782452,1728.7218568001815,1746.4350356662833,338581
2025-07-25,1738.673095703125,1785.5433308728236,1731.508282434604,1756.4857626736598,352865
2025-07-28,1730.214599609375,1751.3112104488118,1717.477140144117,1731.6077915050714,372752
2025-07-29,1736.3843994140625,1739.4692462079606,1711.605894438039,1721.5570914987252,110963
2025-07-30,1746.136474609375,1756.3862560247303,1730.9112162095978,1739.369733589887,175310
2025-07-31,1729.6175537109375,1750.3160923890946,1719.1687966951954,1726.532706886919,379166
2025-08-01,1688.7181396484375,1737.6779805522458,1678.7669425968852,1731.1102147931358,150047
2025-08-04,1730.9112548828125,1741.4594995566406,1682.7474364287311,1687.723034998893,291097
2025-08-05,1742.156005859375,1765.44183107627,1730.3141786385386,1731.5082736857344,386793
2025-08-06,1761.7598876953125,1816.0933973710617,1713.7950467265791,1746.5345081576618,491528
2025-08-07,1818.5811767578125,1830.0250528359047,1726.7315836455523,1726.7315836455523,1574061
2025-08-08,1791.5140380859375,1821.3676289790567,1754.3960248189965,1821.069044480297,631672
2025-08-11,1753.3013916015625,1786.1403410998992,1731.508246275934,1786.1403410998992,716175
2025-08-12,1737.0809326171875,1766.3374762368137,1701.1571355644128,1753.301432397248,407025
2025-08-13,1747.231201171875,1766.1384752913982,1736.4838599246332,1742.3550903935047,152116
2025-08-14,1776.4876708984375,1792.2106110230616,1737.3795388896751,1749.0223909933322,288357
2025-08-18,1906.3507080078125,1930.134092475344,1840.971394114754,1840.971394114754,1751520
2025-08-19,1919.386962890625,1925.4571688825383,1892.717705827516,1906.350797390071,440159
2025-08-20,1917.9937744140625,1973.9194541404595,1912.719591303307,1918.590821951705,741947
2025-08-21,1892.0211181640625,1925.6560908542467,1876.497153795977,1925.6560908542467,274009
2025-08-22,1910.6297607421875,1927.5467950820923,1885.6522813940653,1887.742008399964,259210
2025-08-25,1895.10595703125,1926.750690206692,1892.02111029514,1910.6297998602,332685
2025-08-26,1855.898193359375,1892.9165966692624,1850.1264506561504,1885.751783601081,373925
2025-08-28,1870.924560546875,1899.18598487876,1840.9714812814805,1840.9714812814805,462099
2025-08-29,1872.5167236328125,1892.120654950244,1861.868991246513,1881.7713855944185,157873
2025-09-01,1938.791748046875,1943.0706898455303,1865.849425900509,1870.825024369577,295241
2025-09-02,1930.830810546875,1955.708803150558,1925.5566275250649,1942.374174820069,238189
2025-09-03,1951.0316162109373,1959.6892302934768,1928.5419357851367,1946.3546023146,453742
2025-09-04,1934.5126953125,2030.0441864390432,1924.860082819752,2028.0539470405736,664247
2025-09-05,1934.01513671875,1947.7478371669367,1911.6249434714275,1934.512696568691,270112
2025-09-08,1875.0045166015625,1941.7771465932071,1872.218254287,1935.607331481424,476415
2025-09-09,1877.7908935546875,1890.6279621139668,1860.1773232701569,1889.7323300796777,319720
2025-09-10,1880.4776611328125,1901.87273482654,1867.8396894477423,1885.2542843147296,261297
2025-09-11,1877.5919189453125,1886.7469716949308,1868.8348169003584,1876.795774586835,171992
2025-09-12,1875.701171875,1887.1450485778328,1862.067958918184,1877.7908989779933,132536
2025-09-15,1879.880615234375,1884.2591662425016,1869.431858305119,1879.1840800289208,217780
2025-09-16,1914.709716796875,1930.5321437129408,1883.064984439311,1893.712716229756,309578
2025-09-17,1930.731201171875,1939.4883031571808,1899.7830026714128,1915.605430260427,439015
2025-09-18,1951.4296875,1970.336961371749,1925.5565758860275,1929.5370545958688,382455
2025-09-19,1954.216064453125,1959.3906381682616,1926.4522012527289,1946.4540824058504,433161
2025-09-22,1987.0550537109373,1990.239388142136,1940.582891113076,1954.216103806592,936294
2025-09-23,1954.4150390625,1988.4480833117443,1941.57797097741,1986.2588686195263,548671
2025-09-24,1934.711669921875,1950.434609753596,1914.8092759447973,1950.434609753596,384989
2025-09-25,1917.894287109375,1967.25220098214,1910.530376878153,1937.597584702857,362163
2025-09-26,1880.875732421875,1922.3722970557808,1868.1382730670684,1899.6835191642515,486116
2025-09-29,1886.348876953125,1911.6249416002763,1852.315831840336,1875.900120114602,879094
2025-09-30,1871.8201904296875,1898.6884228282,1860.87387352659,1891.3245126166555,799938
2025-10-01,1868.6358642578125,1875.8006776728864,1827.338395757322,1863.4611688139696,432865
2025-10-03,1889.9312744140625,1890.8269064336523,1853.012358058469,1868.6358101403275,338348
2025-10-06,1883.5626220703125,1949.6384731572984,1872.6163053393925,1885.851324502033,320954
2025-10-07,1902.8677978515625,1918.1926651729368,1871.223065006341,1885.751787996253,602419
2025-10-08,1883.16455078125,1910.6298302968528,1854.9031269131945,1910.6298302968528,453385
2025-10-09,1883.0650634765625,1889.7323169000192,1852.912887871425,1881.771359272215,294578
2025-10-10,1939.5877685546875,1956.3058279802217,1892.9166306767625,1930.532203646928,1126480
2025-10-13,1902.3702392578125,1929.537055048687,1884.0601343678989,1929.537055048687,444585
2025-10-14,1871.422119140625,1914.112779377997,1864.3567934310768,1902.469927256248,409374
2025-10-15,1903.9625244140625,1914.212184190685,1861.172378352053,1866.8445119146315,391384
2025-10-16,1948.0462646484373,1958.992581147404,1903.663951138451,1903.9625356327963,228414
2025-10-17,1961.7789306640625,1975.3125338047887,1931.527268571836,1945.3594562017047,134668
2025-10-20,1961.679443359375,1974.0188300204047,1939.886298410348,1970.2374481797751,222762
2025-10-21,1953.419921875,1977.302794073166,1941.577973448496,1977.302794073166,35674
2025-10-23,1962.574951171875,1972.0285879722687,1941.4784629018768,1954.3155308520616,145698
2025-10-24,1996.2100830078125,2022.978826760808,1963.3711334867469,1965.261885178328,732438
2025-10-27,1969.93896484375,2020.4910949895727,1965.3614384465868,2015.117424230045,265523
2025-10-28,1942.0755615234373,1997.7027764553911,1933.2189719929304,1997.7027764553911,198251
2025-10-29,1955.5096435546875,1963.172137915406,1929.5370444050568,1943.2697444713103,121878
2025-10-30,1952.225830078125,1957.4004038064431,1927.546813509446,1955.41016445331,256389
2025-10-31,1927.9449462890625,1978.297979211503,1922.5712755717425,1955.4102259308868,127593
2025-11-03,1924.9595947265625,1945.4590364939363,1892.021156562168,1927.9449538618471,175025
2025-11-04,1908.241455078125,1922.4717149503024,1876.895185470151,1903.2658567276528,396298
2025-11-06,1776.7862548828125,2011.5350204417184,1767.3326175703585,1924.5615328722256,2860574
2025-11-07,1744.146240234375,1781.264253434886,1703.7444049262413,1781.264253434886,917742
2025-11-10,1762.9539794921875,1772.30812866608,1698.1717134018336,1749.022304140517,315959
2025-11-11,1771.41259765625,1775.293588877523,1731.5083209904092,1761.361912731623,240014
2025-11-12,1789.2252197265625,1794.1013305490967,1763.352107539193,1771.3130651353067,225467
2025-11-13,1778.9754638671875,1798.1813229344018,1771.5120660132816,1788.2301257958609,317336
2025-11-14,1759.7696533203125,1793.504234516358,1753.89842295706,1776.2886155905544,401542
2025-11-17,1780.169677734375,1789.1257551456083,1756.386292314074,1759.6702359546894,143839
2025-11-18,1768.8251953125,1780.2690714003163,1740.9618448378164,1780.2690714003163,361223
2025-11-19,1786.2398681640625,1789.2252272752005,1751.9082383859788,1766.3374740898112,186454
2025-11-20,1785.841796875,1800.171544910496,1769.322834080078,1776.5872565106188,229864
2025-11-21,1767.631103515625,1785.841720438429,1755.3910830879397,1785.841720438429,313227
2025-11-24,1776.5872802734375,1781.2642943559388,1757.381421135524,1771.313097180766,196437
2025-11-25,1738.175537109375,1786.0408920162515,1714.5912487317394,1786.0408920162515,535031
2025-11-26,1767.2330322265625,1771.312998546278,1741.4594086831385,1751.9081651352371,299463
2025-11-27,1749.619384765625,1771.21355485422,1732.105302572622,1767.3325637807334,553260
2025-11-28,1756.7843017578125,1760.466195972229,1742.6535294621874,1751.4106312080555,150617
2025-12-01,1760.7647705078125,1769.322775385178,1743.449663934101,1757.3813393308346,207241
2025-12-02,1736.8819580078125,1784.0506563361816,1732.6028946849904,1769.4223237828346,292489
2025-12-03,1745.9375,1752.0077058276277,1717.5765887717298,1736.98142277002,245153
2025-12-04,1743.8477783203125,1752.405783404888,1726.53267132736,1739.4692273661242,219135
2025-12-05,1725.9356689453125,1744.8429436503156,1714.7902551818286,1731.5083150897667,290940
2025-12-08,1714.7901611328125,1734.792163613898,1693.5941851160378,1726.0350619567776,208595
2025-12-09,1730.1151123046875,1743.4497407813778,1696.679114173658,1714.8898535490468,225965
2025-12-10,1720.9599609375,1732.1052525179036,1707.326748737388,1718.6711371341437,198789
2025-12-11,1737.677978515625,1749.221464261555,1715.088809824906,1715.088809824906,92083
2025-12-12,1787.9315185546875,1796.0915729892645,1738.4741179949187,1738.4741179949187,201435
2025-12-15,1797.3851318359375,1809.1275927439056,1776.2886430406334,1781.2642414805232,147119
2025-12-16,1806.7392578125,1813.605607865588,1781.2642184249123,1781.2642184249123,145718
2025-12-17,1817.8846435546875,1822.064097537037,1796.190986375943,1799.1763453560693,138651
2025-12-18,1845.5489501953125,1852.9128601859168,1806.6397946657,1811.1178332644304,255235
2025-12-19,1772.706298828125,1851.8183168057776,1747.6292089240485,1848.7334699594253,850041
2025-12-22,1757.580322265625,1794.8973100966066,1750.4155091919044,1777.184252757576,594908
2025-12-23,1757.7794189453125,1762.8545049950071,1740.0662401331244,1759.8691459687668,151531
2025-12-24,1768.7257080078125,1784.0505750669763,1746.4350033285343,1760.3666785687624,165843
2025-12-26,1755.2916259765625,1788.4290384005108,1750.913075094314,1768.427157148738,64530
2025-12-29,1723.1492919921875,1770.0194067577495,1719.8654697835238,1754.4955633383663,111998
2025-12-30,1699.6644287109375,1725.2389561268883,1693.6937105772924,1722.552181556577,207504
2025-12-31,1722.2535400390625,1735.9862398816072,1679.7619793179438,1699.6643724378246,184871
2026-01-01,1763.551025390625,1781.463179397875,1724.5423830313307,1729.5179813666778,197014
2026-01-02,1807.23681640625,1820.571444338296,1742.4545498968878,1774.8954269878327,590199
2026-01-05,1839.8768310546875,1867.7401825551872,1759.9686708402116,1801.1666505680078,602390
2026-01-06,1814.7001953125,1845.4494172307243,1797.186113517761,1840.9713787418923,266141
2026-01-07,1833.70703125,1842.9616930934849,1781.861318930352,1814.501293834148,630307
2026-01-08,1810.3216552734373,1851.917706073844,1802.161722568367,1824.0543553107768,240598
2026-01-09,1792.5091552734375,1834.1050856415527,1773.9003440913627,1805.0476391360835,168386
2026-01-12,1784.5482177734375,1807.93353086986,1770.0193728828096,1781.2642741530467,154279
2026-01-13,1784.4486083984375,1800.0720606690368,1752.007730274315,1781.2642739287294,159533
2026-01-14,1803.25634765625,1809.028090389512,1757.480842380739,1792.0115681580949,109184
2026-01-15,1803.25634765625,1803.25634765625,1803.25634765625,1803.25634765625,0
2026-01-16,1797.28564453125,1819.4768621675453,1786.8368878053352,1806.042746377084,138252
2026-01-19,1759.172607421875,1810.1226861157904,1753.500352398123,1786.339301623973,254576
2026-01-20,1739.3697509765625,1770.5169247564652,1718.969797090772,1756.3862735815028,432160
2026-01-21,1705.3365478515625,1725.537525955168,1681.7522600139755,1724.5424062746863,660566
2026-01-22,1700.9581298828125,1735.1901499420712,1693.7931952503898,1711.6058619457865,245339
2026-01-23,1689.812744140625,1736.4838825275406,1682.3493463647187,1700.9581577040558,346663
2026-01-27,1659.362060546875,1701.654646797695,1643.340658050302,1694.0917615512858,604560
2026-01-28,1693.1961669921875,1720.760934050718,1636.9719040271225,1649.6098756082015,536357
2026-01-29,1724.044921875,1763.0535664669878,1668.3182173295454,1707.525958751084,591021
2026-01-30,1808.032958984375,1813.1080450240509,1690.8078128622567,1691.7034448632746,1269386
2026-02-02,1829.22900390625,1839.876857697157,1757.281921696083,1783.254521854518,433710
2026-02-03,1808.9285888671875,1910.9283552762693,1796.7880559805844,1858.8835478260028,706706
2026-02-04,1871.0240478515625,1885.85135596574,1794.797901639398,1808.928674539816,941831
2026-02-05,1852.912841796875,1883.96052718345,1832.2143038894449,1883.96052718345,345561
2026-02-06,1871.720703125,1876.6963017183064,1825.5471238842,1854.8036679077568,336840
2026-02-09,1927.546875,1937.0005122289624,1880.079713503356,1880.079713503356,1382090
2026-02-10,1938.791748046875,1985.7613490050485,1920.0834492133504,1941.478522630343,729715
2026-02-11,1952.623779296875,1956.106698162232,1924.7604283740195,1949.4394449240908,387390
2026-02-12,1964.3662109375,1978.9944213652925,1935.706716109071,1952.6237503471343,685935
2026-02-13,1987.4530029296875,2005.1661820607976,1942.7722258788087,1950.4345989276248,618695
2026-02-16,1965.759521484375,1996.707720517693,1946.8522467822388,1990.2394423301205,451670
2026-02-17,1992.627685546875,1996.906627316239,1966.3565015151191,1966.754573684834,371368
2026-02-18,2006.8577880859373,2019.6948561122529,1961.679452288412,2009.5446840772515,495144
2026-02-19,1959.4901123046875,2007.8529038336223,1947.548676298799,2006.857784166465,243797
2026-02-20,1958.7935791015625,1970.336942957308,1942.5730799207229,1950.4345495941027,247143
2026-02-23,1952.225830078125,1981.084300698556,1945.458967687644,1969.1428645797569,221246
2026-02-24,1949.93701171875,1958.3955289933656,1923.964412382197,1950.4345715584327,315256
2026-02-25,1932.721435546875,1970.7350810266253,1918.5907843762568,1955.5097010047648,302374
2026-02-26,1955.3106689453125,1965.361353343446,1921.2775032583704,1935.5077631660768,239179
2026-02-27,1931.726318359375,1958.3955749825027,1922.571265684042,1958.3955749825027,256347
2026-03-02,1893.2152099609373,1925.5565998814263,1853.7090068632765,1853.7090068632765,268981
2026-03-04,1834.6026611328125,1872.715794367837,1823.3578813676684,1868.536218728268,453584
2026-03-05,1937.199462890625,1946.454124649801,1812.1129657399224,1836.791982781344,811414
2026-03-06,1938.99072265625,1966.5554895745445,1899.384910267746,1929.5370855686265,957837
2026-03-09,1865.9488525390625,1908.9380947903585,1847.738235622693,1899.6834333507868,683868
2026-03-10,1878.5870361328125,1934.512715215361,1862.6651207812456,1890.7274479985529,440437
2026-03-11,1931.6268310546875,1974.317490605126,1885.652349369337,1895.7030340739743,906158
2026-03-12,1943.96630859375,1959.8882235860715,1882.7664478420145,1931.527312505999,638482
2026-03-13,1824.25341796875,1930.432764736214,1811.1178862844288,1928.5420129775955,979856
2026-03-16,1795.29541015625,1824.253368868114,1762.854532526045,1811.1178375373424,599040
2026-03-17,1806.4407958984373,1822.760661400356,1771.3130227561974,1800.1714933516637,386880
2026-03-18,1810.7197265625,1843.1606034975,1793.9021798508516,1822.6611625980515,326171
2026-03-19,1725.0400390625,1791.215500612922,1718.770736220525,1791.215500612922,464044
2026-03-20,1700.261474609375,1744.2458377033945,1691.802957261437,1729.6175054051591,401052
2026-03-23,1613.1884765625,1684.7376052998593,1594.1817151154014,1680.4585421188976,687659
2026-03-24,1657.7698974609375,1670.7064532873126,1617.0694782968894,1631.9962734811684,710170
2026-03-25,1736.0858154296875,1746.3355969950776,1659.8596702170337,1661.9493973054855,902460
2026-03-27,1667.0244140625,1730.513097273399,1659.9590887365734,1730.513097273399,366704
2026-03-30,1602.8392333984375,1656.7747933905025,1597.1670997648023,1633.9865282329006,832954
2026-04-01,1548.704833984375,1671.8010919892292,1512.581940371207,1671.8010919892292,1494091
2026-04-02,1520.8414306640625,1529.4989231486616,1442.9235124043978,1520.443358503658,2032026
2026-04-06,1557.7603759765625,1565.0246767773165,1481.6337202312925,1519.5477558565717,731043
2026-04-07,1532.98193359375,1545.2219547789734,1503.9244862660616,1545.2219547789734,1393726
2026-04-08,1611.496826171875,1622.1445581057494,1573.7817661902025,1582.7378432662138,1505962
2026-04-09,1647.5201416015625,1659.262602584227,1586.817840248769,1611.4968572574385,820689
2026-04-10,1681.7523193359375,1688.0216221339426,1630.304678630106,1647.5201768249538,642000
2026-04-13,1721.5570068359375,1727.6272124495206,1623.4382329377738,1628.4138312234268,803685
2026-04-15,1796.091552734375,1801.1666388583435,1733.79708443673,1765.1433546710052,879409
2026-04-16,1840.27490234375,1867.8396693322395,1786.5384387614693,1802.1617693983403,1412659
2026-04-17,1856.9927978515625,1862.8640282183185,1819.5763224343991,1834.0055576957047,441787
2026-04-20,1879.7811279296875,1911.624958577517,1843.75784309916,1865.6504766695425,782344
2026-04-21,1860.6748046875,1904.858020787734,1851.917703015172,1889.135202910713,422078
2026-04-22,1879.383056640625,1893.812292409748,1858.2865674162888,1870.8250514448875,504021
2026-04-23,1820.8701171875,1888.737233685855,1811.416479821844,1888.737233685855,777802
2026-04-24,1809.525634765625,1837.289497892552,1777.0847577729537,1820.87002331448,304562
2026-04-27,1906.9478759765625,1910.6297701730057,1831.020196415797,1831.020196415797,939773
2026-04-28,1882.368408203125,1919.4864217602712,1863.7597183240848,1917.5956700273432,575101
2026-04-29,1828.33349609375,1890.7274534683768,1819.476906358904,1890.7274534683768,683145
2026-04-30,1772.3082275390625,1835.995889842544,1749.0224017144371,1834.105138072994,575535
2026-05-01,1772.3082275390625,1772.3082275390625,1772.3082275390625,1772.3082275390625,0
2026-05-04,1793.4046630859375,1810.620282373797,1769.322815092394,1799.1764058982274,305152
2026-05-05,1793.5042724609375,1815.993953242585,1772.3081743962962,1793.4046633119146,465048
2026-05-06,1797.783203125,1812.112950919774,1752.3062819965232,1811.117831232284,476947
2026-05-07,1740.0662841796875,1816.889597950992,1732.2048142500084,1814.700261724921,1769507
2026-05-08,1684.5386962890625,1728.3239635969348,1681.7523125069138,1719.5668615455309,1025677
2026-05-11,1652.9932861328125,1684.7376284113789,1639.957242541023,1671.801072493276,668476
2026-05-12,1622.64208984375,1690.708298737636,1618.2635390541657,1643.340627317475,949693
2026-05-13,1622.64208984375,1654.7845033830918,1615.0792047387777,1622.64208984375,415498
2026-05-14,1659.0634765625,1668.815697984917,1593.286090221276,1641.9474667114569,817538
2026-05-15,1649.908447265625,1679.7620379881637,1641.9474897396149,1664.9347303010552,411996
2026-05-18,1625.82666015625,1629.4090668820468,1574.279409657287,1629.0109946959412,690436
2026-05-19,1673.791259765625,1686.2302554535383,1625.7269318377007,1625.826540982858,409067
2026-05-20,1669.9102783203125,1678.169820093923,1652.8937564173116,1666.825431667066,316316
2026-05-21,1654.386474609375,1702.2517071136856,1644.236302422653,1681.8517535921865,231969
2026-05-22,1649.1123046875,1667.6216281349334,1645.927970263518,1658.7650385828574,146278
2026-05-25,1644.236328125,1673.5923592611662,1633.986546630001,1666.825496714526,241058
2026-05-26,1632.8919677734375,1646.823643810185,1602.839279437994,1646.823643810185,529628
2026-05-27,1649.0128173828125,1656.774799570545,1622.4431701952014,1632.8919269616104,225572
2026-05-28,1649.0128173828125,1649.0128173828125,1649.0128173828125,1649.0128173828125,0
2026-05-29,1581.2452392578125,1647.0226286286882,1573.284281476779,1646.9231409513404,685025
2026-06-01,1537.260986328125,1587.016972143062,1532.484363100061,1582.339836591713,480289
2026-06-02,1571.8909912109375,1578.856828833463,1500.7399354951435,1525.6179270041623,428890
2026-06-03,1573.085205078125,1579.0559230303832,1538.7535768526402,1564.8256633210074,308002
2026-06-04,1599.75439453125,1644.7338775496971,1561.9398461887554,1572.4880906420103,1336959
2026-06-05,1574.080322265625,1617.965074850913,1564.4275887065544,1617.965074850913,479288
2026-06-08,1544.624755859375,1584.7281285178185,1534.6735588200168,1559.2530883919758,468770
2026-06-09,1563.134033203125,1567.1145119008925,1543.2316397142874,1548.2072380864968,248363
2026-06-10,1573.980712890625,1604.5309592453343,1558.8549426940178,1563.2334934797414,470394
2026-06-11,1549.202392578125,1569.0051773649157,1543.9282095952217,1552.4862146928429,218476
2026-06-12,1576.070556640625,1580.1505229272295,1548.6051570097766,1562.238369154711,141096
2026-06-15,1603.3367919921875,1631.996287583482,1579.8519916609005,1610.1036544573622,301662
2026-06-16,1613.487060546875,1632.1952374965583,1605.227518679083,1618.0645867433632,375165
2026-06-17,1687.324951171875,1700.6595795427834,1624.1348497669792,1626.0256015055052,1266953
2026-06-18,1697.9727783203125,1705.5356636813506,1678.9658950316166,1688.6186289246148,498732
2026-06-19,1660.158203125,1696.67904662379,1645.1317988462126,1696.67904662379,502331
2026-06-22,1656.57568359375,1709.3170266620082,1624.632366143549,1666.924952566209,939642
2026-06-23,1653.7894287109375,1671.7015830400117,1634.9816423704954,1670.8059510286437,407064
2026-06-24,1644.73388671875,1661.4518247733615,1639.061631551011,1648.5152686893368,140717
2026-06-25,1629.2099609375,1664.337735728353,1624.6324345093356,1644.932901141386,113015
2026-06-26,1629.2099609375,1629.2099609375,1629.2099609375,1629.2099609375,0
2026-06-29,1627.518310546875,1645.729050107667,1618.064673157578,1629.2099654898664,256970
2026-06-30,1620.3533935546875,1643.2411457712274,1612.0938517736745,1631.1006130151045,319805
2026-07-01,1598.560302734375,1631.0011805044048,1591.594464867669,1620.0548638567243,188067
2026-07-02,1591.2958984375,1616.6714509543383,1584.2305728159615,1602.0432398579903,269798
2026-07-03,1575.473388671875,1616.571878999264,1569.3036954027943,1607.11824227997,262053
2026-07-06,1590.0023193359375,1607.118329737742,1572.687212107625,1577.5633229757382,557277
2026-07-07,1597.565185546875,1607.914454688569,1574.7769201951087,1597.1671133732382,285842
2026-07-08,1567.114501953125,1605.028537013775,1554.3769216112971,1596.968091996876,303195
2026-07-09,1607.71533203125,1612.9895149294025,1576.2695744123816,1580.2500531356452,254119
2026-07-10,1653.888916015625,1661.9493611669964,1607.8148260229543,1610.9992818988223,383021
2026-07-13,1707.724853515625,1713.8946683981674,1623.5377531308748,1646.9230655418926,680248
2026-07-14,1737.677978515625,1745.240985445599,1692.7981041606392,1707.724899720473,866904
2026-07-15,1745.3404541015625,1754.594994363066,1729.8166111834182,1744.4448220828178,247095
2026-07-16,1733.199951171875,1753.599905236935,1725.4380903147917,1746.4350919112314,194828
2026-07-17,1686.9000244140625,1741.800048828125,1675.0,1741.699951171875,359288
2026-07-20,1714.300048828125,1718.4000244140625,1660.0,1674.9000244140625,239639
2026-07-21,1702.800048828125,1727.0,1692.199951171875,1721.9000244140625,144786
2026-07-22,1660.699951171875,1711.4000244140625,1651.0,1711.4000244140625,135607
2026-07-23,1633.9000244140625,1664.199951171875,1621.9000244140625,1659.0,175294
2026-07-24,1637.199951171875,1654.4000244140625,1601.300048828125,1630.0,253186
2026-07-27,1643.199951171875,1669.0999755859375,1638.300048828125,1642.5,135207
2026-07-28,1645.199951171875,1656.0999755859375,1612.199951171875,1650.0,266593
2026-07-29,1680.800048828125,1687.0,1639.800048828125,1640.0,156603
2026-07-30,1691.4000244140625,1704.0,1665.5,1688.0,230182
2026-07-31,1681.199951171875,1721.0999755859375,1672.0,1695.5,187626
