Date,Close,High,Low,Open,Volume
2021-09-22,178.83412170410156,181.2242031968161,177.709381678661,179.91199458226433,55544
2021-09-23,180.4743804931641,182.0208963153709,179.11531896730864,179.11531896730864,70426
2021-09-24,177.94371032714844,183.2393692417865,177.0532773983075,181.59911913348407,94225
2021-09-27,178.55294799804688,180.56810678227308,177.61566218178416,178.834136603295,41792
2021-09-28,178.74041748046875,180.09947916909877,177.84999873976963,178.92787179927157,72270
2021-09-29,178.74041748046875,181.3179536940886,177.52194295547892,177.9905859034098,81883
2021-09-30,181.17735290527344,182.77073594804085,177.75625106154823,179.34964840616237,104529
2021-10-01,175.1318359375,180.89613717867329,173.86649454219634,180.0994386258014,394350
2021-10-04,178.9747314453125,182.1615119386456,175.55364378969244,176.02228671796078,1635631
2021-10-05,185.3014068603516,187.92581006072103,179.021594621435,179.021594621435,783268
2021-10-06,182.95819091796875,191.39376337701097,181.45854217302485,186.47301277590304,636213
2021-10-07,198.5171661376953,200.4854580423387,185.4888829127957,185.4888829127957,1868928
2021-10-08,194.43995666503903,202.03197815900452,193.9244465608085,201.51646805477395,970755
2021-10-11,195.79901123046875,197.53299579926767,194.5805510489855,195.79901123046875,371891
2021-10-12,212.2483673095703,219.60606658665256,194.7679927977217,197.06434015557429,4510036
2021-10-13,212.2483673095703,224.292495603432,210.04575425279185,213.18565311292625,1881639
2021-10-14,207.09332275390625,221.19947881859747,205.7342610198396,213.88864572608776,660152
2021-10-18,215.76318359375,220.1684238973007,206.90583583730157,210.8893004004206,726416
2021-10-19,203.1098480224609,218.3876107784933,201.51646488144232,218.3876107784933,693189
2021-10-20,203.67221069335935,210.56125286039904,198.61085870544912,203.1098334829761,492502
2021-10-21,210.56126403808597,213.23253447644183,202.9223899523062,205.1718703095605,643957
2021-10-22,210.2801055908203,212.2952646337122,205.4999415935603,211.63916733848103,363321
2021-10-25,207.93687438964844,214.6384625881464,200.1573988677872,210.8893191368251,440610
2021-10-26,207.7025604248047,212.76389854613217,205.3124785279037,208.0774690627372,187252
2021-10-27,209.24905395507807,212.34209994221897,205.4061764707749,208.4055024594244,434429
2021-10-28,208.4523468017578,219.32486731233848,206.9058310222168,209.06159112539947,626313
2021-10-29,205.5467834472656,211.63914128499852,202.59432452941016,208.0774523041084,279910
2021-11-01,206.3903350830078,209.9520240659241,204.32830913558684,209.9520240659241,144071
2021-11-02,211.73284912109372,213.2325120695741,204.3282972798557,206.39032310763184,311139
2021-11-03,231.97824096679688,234.6963641301136,212.5764273099432,212.62329446141692,4133316
2021-11-04,246.0375061035156,250.0678233334493,234.41516867879244,234.41516867879244,1687486
2021-11-08,247.39659118652344,252.6922500824152,242.2883722829876,249.9741270618744,1873329
2021-11-09,242.0540771484375,249.27118982531903,239.00789805557235,248.28702249463797,705013
2021-11-10,236.6646881103516,250.63024220285695,234.9775706416706,242.05408199801303,908009
2021-11-11,255.69155883789065,257.5661304675048,237.64882120470116,237.6956883558108,3030158
2021-11-12,248.75564575195312,259.3469924606699,246.5061655513109,257.2849522579271,840486
2021-11-15,243.0850830078125,262.25256085435177,241.91347573343876,252.5047940523005,1480134
2021-11-16,245.61573791503903,249.3180283489157,241.257364568776,241.819741782031,417262
2021-11-17,237.88316345214844,247.6777982126776,234.97757145152548,244.35044472074048,315660
2021-11-18,232.82179260253903,241.9603293724745,228.6977407040248,239.10161905515147,458717
2021-11-22,216.65362548828125,238.30493504171923,214.3572779421524,233.1029955462208,800413
2021-11-23,226.6825714111328,228.4165415214754,216.0443720969027,216.51301498648385,559410
2021-11-24,223.8707275390625,229.63502970688432,221.9961558679859,228.557156716754,280170
2021-11-25,227.3386993408203,229.26013830832213,222.04302539127391,223.8707443492927,237843
2021-11-26,212.76385498046875,226.35449769948548,211.49851355830512,224.9017019967389,529308
2021-11-29,207.7025604248047,217.4503280295272,203.9534168380887,210.93619390797767,569865
2021-11-30,207.46823120117188,214.2635536982721,204.56263930925908,209.6708443949857,243366
2021-12-01,220.68392944335935,222.55850096430845,208.3586274138576,208.3586274138576,747684
2021-12-02,221.4806365966797,224.7142697345765,217.54403911133372,220.0747079017814,295153
2021-12-03,226.6357269287109,228.27597720629404,222.0898847243845,222.0898847243845,323888
2021-12-06,225.55783081054688,232.8686631948889,223.4489376786317,226.63571810352275,331312
2021-12-07,220.82455444335935,227.76046408996933,218.481339792228,226.72944392273263,182739
2021-12-08,225.04234313964844,227.57301212863777,221.71497544030717,221.9492969078404,150373
2021-12-09,226.0264587402344,231.22839764770453,225.089172965982,226.1670601874798,174575
2021-12-10,223.35520935058597,228.60400125770812,222.13673494830613,225.7921438532992,100399
2021-12-13,221.0589141845703,227.05753900938277,220.35594966751336,223.8239050912909,129748
2021-12-14,218.9968414306641,222.93345359132,218.38761132581607,219.93412731618255,81498
2021-12-15,214.5915985107422,222.7459827738873,212.9513482272766,218.4813434783548,142171
2021-12-16,214.1698303222656,219.5592243019288,213.04509009122725,214.591606121174,148402
2021-12-17,206.6715240478516,215.10709645796797,205.68737107296863,215.10709645796797,217335
2021-12-20,196.642578125,204.23458508080057,194.95546070087295,204.23458508080057,252827
2021-12-21,201.7507781982422,204.79695719542815,194.25249143593817,197.345537585758,167813
2021-12-22,202.21942138671875,206.01543192549468,201.0009469258732,202.78179861536964,144152
2021-12-23,203.06298828125,209.0147595773995,201.75079371764684,202.64121247879527,124475
2021-12-24,200.1574249267578,204.89072201065963,198.7983631090838,202.5475070485151,134149
2021-12-27,197.0174865722656,199.45443554954525,190.4564854969638,199.45443554954525,128729
2021-12-28,200.53228759765625,202.45372628620467,197.34552170092653,197.34552170092653,106575
2021-12-29,206.296630859375,209.43653002117608,200.81350266221145,201.5633342373057,221342
2021-12-30,205.3124542236328,208.59295447367356,204.32830128825137,206.1560057100477,78824
2021-12-31,209.34278869628903,211.8265903401586,204.4220382569712,204.4220382569712,138566
2022-01-03,209.71771240234372,213.37312155699763,208.87416084414588,209.01474800322976,134455
2022-01-04,211.02989196777344,213.4199736160872,206.9058401720587,210.8893048186329,151163
2022-01-05,217.02853393554688,217.91895260193812,208.1243186679408,212.060916241671,300591
2022-01-06,216.27870178222656,219.2311463783417,213.0450685812798,214.54471730397063,166734
2022-01-07,245.33453369140625,256.8162835967347,215.48197821681427,216.27867678812603,7235590
2022-01-10,233.75909423828125,244.86593770767465,232.4468997186729,239.94518680637208,1507828
2022-01-11,232.4000244140625,240.41382131837787,230.33799839762716,235.25874912636587,590341
2022-01-12,239.9920196533203,243.2725199807243,232.4468803417683,234.60264056014591,618352
2022-01-13,237.9768524169922,243.17880562751137,235.68050512991184,241.16361832944912,271783
2022-01-14,236.05545043945312,242.00722139332223,232.54062845138407,236.24290475178069,278450
2022-01-17,233.1029815673828,242.75702841490877,232.165695743387,235.96170619093928,361411
2022-01-18,226.49508666992188,236.57090807774145,225.0423052572471,234.60261666290225,198164
2022-01-19,233.0092620849609,234.3214565207384,223.2146137609167,226.49511415220704,255787
2022-01-20,231.0409240722656,236.1022611101088,229.26008697053985,233.38413831234945,181132
2022-01-21,225.08920288085935,231.22842837849927,222.3710794950208,230.0568210049744,144774
2022-01-24,214.12294006347656,226.1202012710782,210.88930688494335,226.1202012710782,226100
2022-01-25,218.0126953125,220.496497104307,206.43720929744364,215.01336913889145,190387
2022-01-27,217.9189910888672,220.35594036586943,213.27942833250628,215.5289089713937,154367
2022-01-28,223.1208953857422,228.6508760792009,217.45031323623817,217.45031323623817,230788
2022-01-31,226.30767822265625,231.650205004752,223.30836619602772,225.60471379601609,284155
2022-02-01,220.63706970214844,231.7907792073528,219.32487531416967,228.6508660836124,338419
2022-02-02,223.02716064453125,224.94859945860955,222.3241962712231,222.3241962712231,108728
2022-02-03,230.57229614257807,234.2745720210837,223.21459723192427,223.9644286976351,467204
2022-02-04,229.91619873046875,233.8527960439864,227.0106071670998,230.6660301953877,156942
2022-02-07,229.30699157714844,231.4627520250314,225.0423521389808,229.0726701002448,127771
2022-02-08,227.80731201171875,231.8376437317909,224.9485875183044,230.5254350568265,162884
2022-02-09,223.73013305664065,231.2752871282876,223.07403581168165,227.76046513545643,117380
2022-02-10,222.79283142089844,224.6674030177118,220.82453982535216,221.80867847220216,99332
2022-02-11,223.40208435058597,225.4172431738127,220.4496253911098,220.4496253911098,128902
2022-02-14,210.3737945556641,223.3083414318108,207.6556714614928,223.3083414318108,208938
2022-02-15,214.49786376953125,215.5757367324549,206.20287861365256,213.6542979577312,170771
2022-02-16,218.0595550537109,220.21531544591468,213.5605942548393,214.49788013824548,122332
2022-02-17,213.701171875,219.3248869243421,211.8734673443332,217.9658253144538,54903
2022-02-18,210.60813903808597,215.9975329673967,209.01475586718104,213.7011853709295,71803
2022-02-21,207.23390197753903,210.60812237211843,204.6563659544445,210.60812237211843,152342
2022-02-22,202.1045837402344,206.1313324245137,197.5025789741852,205.9395852737137,237947
2022-02-23,210.6374664306641,214.1369142758848,201.3375901905918,201.3375901905918,166900
2022-02-24,195.6809539794922,205.79575855599515,190.79132130044653,202.2963255999709,420294
2022-02-25,210.3018951416016,214.71213797434388,202.1045767225513,202.29632386669323,511597
2022-02-28,209.534912109375,211.64416015675047,204.6452790014572,204.8849666120537,108565
2022-03-02,215.7667694091797,217.92395769883728,207.28182295144543,208.91169562220176,203492
2022-03-03,215.9105682373047,219.5538223639781,213.7533800263049,216.8693185533046,88198
2022-03-04,218.21160888671875,221.99867024901735,213.4657824423472,214.66422050822467,139222
2022-03-07,214.47247314453125,217.7801592774094,209.5349141694464,210.9250993987,212797
2022-03-08,220.5125732421875,224.2996340741687,214.1368894762805,215.52707451215096,154863
2022-03-09,218.6909637451172,225.593963435781,217.01315060915317,225.593963435781,66577
2022-03-10,218.25950622558597,223.43676677222825,216.6775740367994,222.52595688688535,88178
2022-03-11,221.23162841796875,223.86819170355668,215.81469515569,217.9239428582867,49688
2022-03-14,217.3007659912109,223.38883670597576,216.19820891501087,221.85483025882203,64198
2022-03-15,207.90499877929688,218.69093915483268,206.2271858319913,218.4033111522781,159055
2022-03-16,221.13577270507807,223.2929610933411,209.91839601198456,209.96633645759772,352744
2022-03-17,226.84033203125,233.93507856212423,219.31413615199148,221.9506995374253,479857
2022-03-21,223.14913940429688,231.92169907585455,220.80020402065176,231.92169907585455,117890
2022-03-22,224.97076416015625,228.85370601016484,220.84814935160747,222.4300815800628,131121
2022-03-23,223.4367828369141,228.66196957212208,222.4300919946848,224.9707746937381,91131
2022-03-24,221.5672149658203,233.6954012183261,219.7455804966506,222.1424564065821,398792
2022-03-25,218.3074493408203,224.9228354598568,217.0131451603389,221.5672092721825,184843
2022-03-28,214.4245147705078,218.2595162571567,211.8838321373508,216.72552444011893,146915
2022-03-29,216.34202575683597,220.12910160770167,213.0343397438684,214.52040581617857,164951
2022-03-30,216.43788146972656,221.4713205736737,215.71881874059127,217.44457221638973,91011
2022-03-31,217.3487091064453,222.4780295121099,215.23946118771804,215.23946118771804,152587
2022-04-01,221.2795867919922,224.9228410986774,216.5817012338506,216.6775821219356,114227
2022-04-04,235.133544921875,243.76229886396212,227.2238538082951,229.5248490077701,1327772
2022-04-05,239.97525024414065,246.59063739370131,234.12686641140357,236.5237426331201,747955
2022-04-06,236.66754150390625,243.47466054937647,234.79796652505385,235.7567169226725,310528
2022-04-07,233.6954040527344,251.6719735952524,232.0175908954327,238.9685311185397,912896
2022-04-08,241.5092010498047,246.15914597845796,232.9763290078492,235.51701151770985,624570
2022-04-11,259.53375244140625,264.56719218604616,243.0432333840419,243.33086143818116,1931417
2022-04-12,299.8492126464844,306.1769716667918,252.1513762622714,260.78013058303355,12462892
2022-04-13,284.7967834472656,299.8971016550572,281.48911225223094,295.2951116190354,2858143
2022-04-18,292.08331298828125,303.58831816169453,276.8391869852569,285.2282532575374,3142567
2022-04-19,275.1613464355469,300.8079179238775,265.33415549142023,294.14459138509625,1349664
2022-04-20,278.181396484375,284.7488419570166,265.28622237523405,272.4288946266575,1019484
2022-04-21,297.64410400390625,306.2249034114197,280.91389609927467,281.4891522502027,3215330
2022-04-22,304.73883056640625,319.26389375485644,293.4255579171456,296.06212160431033,3562394
2022-04-25,287.3375244140625,308.4300345229462,285.80351782712256,303.9238956598242,876123
2022-04-26,291.93951416015625,299.8012796111515,289.0632627891202,292.41888938866225,559584
2022-04-27,285.8034973144531,296.2538707211536,280.1468758611694,287.7209980958198,494669
2022-04-28,279.3798522949219,292.2750564900879,278.13348851595134,287.816873116091,322695
2022-04-29,271.9974975585937,285.7076164427886,270.84698538620063,282.2081833683078,412767
2022-05-02,278.0855407714844,285.0364811453634,272.285112576778,272.285112576778,519248
2022-05-04,267.4434509277344,282.6396222212398,261.8826807376064,278.27731935771635,569786
2022-05-05,270.4635009765625,279.71543673401123,266.53261837893785,272.14131422175365,430692
2022-05-06,265.04656982421875,274.6340741874209,261.2594938972574,267.2996099425782,487907
2022-05-09,262.0744323730469,266.43673506747234,254.88380424460445,262.88937607935185,460972
2022-05-10,270.51141357421875,275.161358763964,262.9372914321154,262.9372914321154,786949
2022-05-11,269.5526428222656,272.2850870475537,247.35757907841145,269.4088361280373,684137
2022-05-12,267.68316650390625,270.84703163006924,259.821400253978,263.65640247174883,484516
2022-05-13,271.7577819824219,282.06434762185904,269.55263875548616,273.00414565857994,344041
2022-05-16,266.14910888671875,275.976300191144,262.7934825876467,273.1479748927161,257062
2022-05-17,292.8982238769531,295.1992188019803,267.73102788097924,268.35420973960817,1009213
2022-05-18,287.6251220703125,294.04876150004566,285.27617186990875,294.04876150004566,506243
2022-05-19,276.8870849609375,283.7900990743494,271.8057198904664,280.33859201764346,284349
2022-05-20,296.73321533203125,303.7320807591466,279.18809669440753,279.18809669440753,1323240
2022-05-23,297.787841796875,311.01858391193406,293.08997129275906,299.1300863325172,728086
2022-05-24,290.6451416015625,301.8145765145556,285.18028255946365,298.93832567385,448297
2022-05-25,257.1368408203125,294.2404596812554,245.44007551791697,291.4600896775264,1477095
2022-05-26,246.78233337402344,262.60171409362414,238.05771399719856,258.91051940730296,668960
2022-05-27,255.6028594970703,258.67084318588127,251.28848274761813,251.28848274761813,371477
2022-05-30,253.20594787597656,261.40325084233143,251.67194161817577,257.9996991448942,270787
2022-05-31,248.6998291015625,259.53372535754704,247.35758449481116,252.9183246908117,329116
2022-06-01,243.57054138183597,253.01422401846787,242.5638505387064,249.27510332040976,503045
2022-06-02,248.5081024169922,249.89827286921255,242.56383854365228,243.5225888936272,249294
2022-06-03,244.96072387695312,254.26061433429032,243.5225982964622,250.76115201477052,245102
2022-06-06,235.6129302978516,246.11125975012368,234.8938674383464,244.5772531314309,225346
2022-06-07,239.3999786376953,245.9194844655809,235.708798272267,236.71547451687528,514338
2022-06-08,233.93511962890625,239.68762257060067,232.97636913862385,238.24949683517707,184565
2022-06-09,231.6340789794922,233.8871334131715,229.4768907984598,233.8871334131715,182828
2022-06-10,228.51817321777344,233.83922645609115,226.36098472784872,229.5248494762417,153412
2022-06-13,216.19821166992188,225.59396836238227,214.2807109012308,225.59396836238227,230158
2022-06-14,221.03990173339844,225.1145908244068,212.84258310679,212.84258310679,330308
2022-06-15,219.93734741210935,223.24504816861528,217.6363521835035,220.99197875902007,135085
2022-06-16,209.96633911132807,224.7790299720752,206.70659357961267,221.3754631017024,258350
2022-06-17,212.98638916015625,216.8693310902985,206.1313298562205,209.00758097049336,252858
2022-06-20,202.15252685546875,215.52709195426584,199.13245433034035,214.0410259145395,240877
2022-06-21,211.74002075195312,213.8013281537052,203.2071338551926,203.2071338551926,181549
2022-06-22,204.50148010253903,212.1714839347628,202.5360386946575,211.6921086952488,176918
2022-06-23,209.15138244628903,213.32195230948057,204.21382400862635,205.60400908656703,146836
2022-06-24,220.36880493164065,222.0945441019473,210.6374787267352,210.7333596270284,309147
2022-06-27,216.3899688720703,224.3476003576384,214.8080365161685,224.01203185578265,193903
2022-06-28,228.99752807617188,231.87377914032623,215.862636513038,219.93732552059004,360369
2022-06-29,222.1424865722656,227.2238671172169,221.23167652868275,226.07336945009268,131623
2022-06-30,214.9039001464844,223.38884718977548,213.84928346527076,222.430096772652,113679
2022-07-01,211.452392578125,216.773459945486,209.4390109917605,212.84257765948647,185514
2022-07-04,215.2394561767578,217.1569568999361,211.50033561830804,211.88382991119587,87598
2022-07-05,217.25282287597656,224.05994119840847,216.1981916988688,216.34199839148872,182074
2022-07-06,228.18258666992188,229.62071221616088,217.3007641849656,218.35539543728868,340355
2022-07-07,228.2784881591797,232.9763595157741,224.73109978815884,229.8124801026487,162118
2022-07-08,230.62741088867188,241.22160569976276,227.27178449968915,230.0042143530959,232077
2022-07-11,227.46353149414065,232.01759587600435,226.5527215436419,229.14134468745883,83999
2022-07-12,236.0443420410156,237.7700956612048,226.36097192275784,228.13465135873764,366682
2022-07-13,230.38772583007807,238.34535713757887,229.62072257826415,237.77010104137585,286099
2022-07-14,218.21160888671875,227.6073516197014,215.7188518579452,225.30635638496503,473988
2022-07-15,224.4434509277344,225.78569549506588,214.28069190296063,218.2115739820107,510930
2022-07-18,225.5460357666016,227.5594174955436,222.52597780255888,224.44347863798163,187564
2022-07-19,236.76341247558597,237.48247528810305,222.4780371186613,222.4780371186613,410392
2022-07-20,239.06442260742188,243.5226061998842,230.2439070573156,236.66754656214744,477995
2022-07-21,243.1390838623047,246.78232332773763,238.82470747804797,240.26283293946688,394550
2022-07-22,245.4400787353516,247.3575793504715,240.5983867563,245.1045102759581,234601
2022-07-25,236.37991333007807,244.48135125967164,234.8938472887041,241.79684722192675,197477
2022-07-26,235.18148803710935,241.6051131187577,231.1547390776709,237.4824832626825,187791
2022-07-27,243.2349853515625,248.2684398250663,234.41448416962265,235.181487452698,438000
2022-07-28,244.529296875,248.1725513868638,241.6051051761605,244.72104403259905,171157
2022-07-29,246.59060668945312,251.48021016593128,244.4813441734803,248.31634565071136,207829
2022-08-01,250.37765502929688,252.15134907798117,245.53597733034476,247.78904656739024,143921
2022-08-02,254.739990234375,256.753342645655,247.741094834662,249.94623828610852,406893
2022-08-03,245.05661010742188,255.6028645941684,243.52260360305613,254.69204000318047,241292
2022-08-04,242.9473419189453,251.6719762817955,239.68759645885288,246.97410524295,171399
2022-08-05,243.09115600585935,246.35091599812097,241.02983396015657,243.81021877379465,97419
2022-08-08,249.22715759277344,255.50696049045072,243.66638817695056,244.1937037792587,356517
2022-08-10,255.6028594970703,259.34198016151424,247.7410946056837,250.4735390654181,324650
2022-08-11,261.8826904296875,263.6563846875157,256.5136818352113,258.335331172774,558980
2022-08-12,266.14910888671875,274.6819813383255,262.9852151066358,268.54598481462733,1421669
2022-08-16,266.8202209472656,274.1067297388116,264.6151067610858,267.9707331149402,317244
2022-08-17,261.83477783203125,270.3676517701927,259.58170821553074,268.4501506938084,214834
2022-08-18,257.42449951171875,263.7522584240904,256.0342996358122,262.84143378004933,189295
2022-08-19,254.9796905517578,260.6842380995292,249.7065631456084,256.2260544169875,181270
2022-08-22,249.08334350585935,257.80797804276966,247.59729208166308,256.27397154308096,122894
2022-08-23,247.7890472412109,252.6307249533292,241.84478318587207,246.3988474876873,282666
2022-08-24,260.49249267578125,263.3687438458838,247.9328567145856,248.3163510188513,524504
2022-08-25,264.9506530761719,267.97071069016323,262.7934648863584,266.5325852302876,414517
2022-08-26,275.736572265625,297.21257158658614,266.00526327348865,267.97068954338977,3507480
2022-08-29,287.57720947265625,296.5415027822544,268.45012627226095,268.45012627226095,3447813
2022-08-30,288.248291015625,295.2951120410804,284.5570962633637,290.69312199848133,688044
2022-09-01,299.70538330078125,303.20481643716164,286.85813368926307,289.1591288160104,1557861
2022-09-02,297.3085021972656,308.28617662253174,294.52813191421194,301.6228789581648,750678
2022-09-05,300.52032470703125,304.4032521251313,297.21262412217544,299.7053810149482,577616
2022-09-06,291.93951416015625,303.3486387468507,289.7343998125254,302.0063939587823,346599
2022-09-07,334.9873962402344,345.00634999256096,288.53595520544894,290.50138189430663,4228324
2022-09-08,332.3028869628906,347.59493794118043,323.7700144479647,343.1367545339358,3035434
2022-09-09,330.4812927246094,337.48015932530217,322.140152083243,333.64515751478734,1185103
2022-09-12,344.57489013671875,349.3207163509075,329.42664542224674,331.6317596530117,1842906
2022-09-13,336.6651611328125,347.8345962475185,333.6451035472785,346.30061917842875,646580
2022-09-14,330.8647155761719,335.5146601186273,328.8513342088603,328.8513342088603,433732
2022-09-15,326.3586730957031,339.06211756119586,325.16023493858114,333.3575694885418,385061
2022-09-16,333.9037170410156,354.5204094196489,327.22373788083496,330.3474773726286,2889589
2022-09-19,338.0846862792969,344.9569064453006,332.558070938555,342.16957587897565,1381751
2022-09-20,334.1439819335937,345.96615126567787,332.606135191373,344.0918959654734,713599
2022-09-21,334.3842468261719,340.00698301234905,323.90771243861946,335.44151822278394,625122
2022-09-22,339.2861022949219,348.17674378565283,332.7022159732272,333.9517291332767,917172
2022-09-23,325.5416564941406,343.1306973126692,323.7635223643591,339.9589126837486,426183
2022-09-26,296.5148620605469,324.2920993499041,291.37270218434907,324.2920993499041,719211
2022-09-27,316.2665405273437,321.0242469378083,300.7439667888135,300.7439667888135,1075278
2022-09-28,312.13360595703125,321.16841424304744,308.5292918004836,311.36469733642787,396748
2022-09-29,323.9557189941406,328.6173041337178,315.4495617241276,318.1407710150271,690248
2022-09-30,335.1531982421875,339.28613374767923,318.1408222959825,323.4271501589067,634981
2022-10-03,341.44873046875,357.5480020672062,334.38426810989574,335.92211484539934,2349507
2022-10-04,356.8751220703125,361.39254056010645,341.64091211069115,348.176722919943,1260699
2022-10-06,384.8927001953125,413.2946835781827,361.8250899490884,362.3537109511044,6802535
2022-10-07,376.86712646484375,397.57990853183634,370.5235271377229,381.5767581677716,2736265
2022-10-10,432.6138000488281,446.83881420783695,369.3700862550064,371.6287955569254,11764808
2022-10-11,414.01556396484375,443.76318267317305,406.7108145438727,436.1700705126992,4486886
2022-10-12,446.4063415527344,450.7795643999401,406.1341139328667,413.054408957088,7143500
2022-10-13,456.642578125,467.0710662246231,439.245749362622,441.6486254532271,6221210
2022-10-14,446.8388671875,467.8880575350851,438.3326792894251,467.8880575350851,3710339
2022-10-17,419.7824401855469,445.9737887718232,412.3335245325693,445.9737887718232,2340057
2022-10-18,438.5248718261719,441.1680354371789,422.7620110669262,424.63623675554174,2285802
2022-10-19,446.1180114746094,449.7223259527496,426.7988800053806,439.7263663331047,2477415
2022-10-20,448.08831787109375,454.4318868991008,433.8632746802126,442.8980823652964,1474453
2022-10-21,426.1260681152344,449.6742547061818,416.1301090613924,446.3582738411933,1611173
2022-10-24,420.6474914550781,429.538133178427,416.2261934884213,429.538133178427,298065
2022-10-25,428.2405700683594,434.440002186334,417.2834608353663,422.3775758053256,1143399
2022-10-27,436.2181701660156,439.1496675245814,423.8673800950352,429.442041388434,801267
2022-10-28,428.81732177734375,440.4472495634752,425.789703342323,436.36235963299015,683462
2022-10-31,430.1628723144531,441.1680567035778,427.7119503988935,431.0279311853414,898913
2022-11-01,437.94818115234375,444.8204007598504,428.6730855050108,431.5565367528024,1012384
2022-11-02,475.0005493164063,481.5363604398829,435.9778363963984,439.630196259756,4288602
2022-11-03,484.371826171875,519.0212913922084,471.1079311259932,474.8083665699091,7656249
2022-11-04,489.5139770507813,495.7134100041813,471.1560244987663,486.3421918800111,2749382
2022-11-07,496.2419128417969,499.7020892922919,481.2479908815369,489.513860407123,1812897
2022-11-09,485.9576416015625,500.6632601239084,477.9320300025936,496.9147501484985,1062800
2022-11-10,451.9329833984375,488.40862780416126,442.1772822161191,485.38100955157336,1532491
2022-11-11,443.52288818359375,458.56488690372856,434.4400046717123,451.74071282235576,2177645
2022-11-14,445.68548583984375,464.0434363993685,440.78361256360006,446.9349697213246,1801949
2022-11-15,466.3020935058594,479.0373358364425,434.4399647866836,447.8480241052599,1872596
2022-11-16,476.6826171875,483.4587166926441,462.93814700639007,469.2817463721341,2983043
2022-11-17,476.9228515625,482.8819665851243,467.7438474248706,473.36658326507575,1521502
2022-11-18,467.8399963378906,479.6140897228709,463.8512277106004,476.9228801105265,1151893
2022-11-21,457.4595947265625,469.0414465825378,453.6630384978645,467.8400084509228,884162
2022-11-22,495.9536437988281,498.6448533889736,451.74072206482407,454.6241734822591,3051334
2022-11-23,498.7890930175781,513.2543971597923,492.2051765073123,497.3954129778887,3280519
2022-11-24,486.0538330078125,502.6817253842879,482.4014434077406,498.7890774845655,942303
2022-11-25,471.78070068359375,492.3973600811008,468.8491742340573,486.0537906246271,889638
2022-11-28,476.6826171875,486.438289202674,468.1764291287968,472.3093646758797,1496312
2022-11-29,463.7550964355469,481.3922132233785,461.3522202882125,475.7694771722191,947638
2022-11-30,491.4842529296875,494.6560667844919,461.92887872963627,465.6293135609171,2978287
2022-12-01,482.4975280761719,499.798236254202,477.2112005773294,493.9832877382688,1184347
2022-12-02,496.0016479492188,498.7409617641921,482.4974966773953,484.9484184436608,1072119
2022-12-05,495.3288879394531,514.9844274460576,491.9648905130848,496.86676394165465,1596647
2022-12-06,498.1642761230469,502.6336492674492,489.561997028605,493.0701903724605,873305
2022-12-07,502.9219665527344,509.40973200754746,494.2716126129836,497.5875933560148,1023066
2022-12-08,523.7308959960938,528.4404979337008,498.9331678182931,502.8258740149256,2819086
2022-12-09,515.8494873046875,535.1685889723113,504.7001062582818,524.9804170940167,2164257
2022-12-12,516.23388671875,521.9046978776673,506.045715345473,513.1101477351359,785459
2022-12-13,515.7532348632812,526.4220385436741,510.9955877416575,519.021169395429,958844
2022-12-14,502.969970703125,520.174585580143,500.75933661210206,517.819755469808,533245
2022-12-15,485.8615112304688,506.2859565591482,479.80627564228814,504.5558976288056,913948
2022-12-16,464.6681823730469,491.19591050467005,461.3522016906024,485.8615374054157,710058
2022-12-19,483.3626098632813,487.15916630105175,463.2265232677296,466.542475094402,707605
2022-12-20,498.2123107910156,501.720533388534,472.6457323636238,482.0169492228923,1410787
2022-12-21,466.3982849121094,503.787063211456,462.40951616256575,501.2399908947244,784306
2022-12-22,429.3459167480469,471.05984031451777,424.8284979107722,468.9933727182264,1370357
2022-12-23,383.6912841796875,425.1168464918077,377.25156421694817,425.1168464918077,1580526
2022-12-26,436.9870300292969,444.09953722927696,379.65441367821165,379.65441367821165,2094812
2022-12-27,448.7130737304688,454.5280219646408,431.1720787887973,442.03306666372407,1267717
2022-12-28,437.4195556640625,449.3858606203133,434.0074541233618,446.9349388176547,469275
2022-12-29,458.90130615234375,464.37984626221447,431.3162757791874,438.2846167249235,873505
2022-12-30,465.86962890625,475.5291790727618,461.35221011607007,464.2356614292955,594814
2023-01-02,461.6886291503906,469.32975770527054,455.7775596900537,468.08027384054327,414482
2023-01-03,473.3665466308594,483.36250438874936,461.0638339029918,461.68857576311353,1734999
2023-01-04,464.1875915527344,475.4811086101613,459.4779311866048,470.96369005439766,584288
2023-01-05,469.6181640625,472.78994914109927,461.3522634754999,466.25413714132446,637510
2023-01-06,458.4207153320313,469.521991211296,455.6333555828972,469.0414159899949,343974
2023-01-09,460.0066528320313,465.9657685616879,456.5465050327541,459.86248611789193,293235
2023-01-10,450.4431762695313,460.82361927588784,447.1272246414336,460.0066354839268,295395
2023-01-11,447.8961181640625,456.2581389698764,445.49324199365446,447.8961181640625,346976
2023-01-12,460.294921875,464.1875986041805,447.8960875495735,449.77034256717695,520188
2023-01-13,469.810302734375,472.8859957402754,461.3521909661224,461.3521909661224,498543
2023-01-16,481.6324768066406,486.34210795402817,473.8471526113357,473.8471526113357,821324
2023-01-17,473.7510681152344,482.2572557725371,469.3778451419695,481.536392908901,312117
2023-01-18,468.6570129394531,476.1539754789509,467.11916619668807,473.84722003079673,220085
2023-01-19,461.256103515625,468.5608529354776,457.7959559660123,468.0322319111133,185737
2023-01-20,476.34613037109375,482.8819411698426,461.4482996006684,462.21720816570416,916168
2023-01-23,473.1263122558594,486.43825194601175,465.2448667790372,480.0466072760928,399180
2023-01-24,468.7049560546875,481.3440771220805,464.7642338058933,467.5996390333378,387119
2023-01-25,468.4646911621094,479.5179205749691,457.5075826540188,467.119086491288,484355
2023-01-27,467.984130859375,479.0854357438033,457.50759720983217,469.0414021815086,482475
2023-01-30,462.4094848632813,483.2664319164136,453.7591308600138,470.53118852271433,589948
2023-01-31,482.6898193359375,485.3810291509101,468.2244859174953,475.67340270149447,774968
2023-02-01,460.3430480957031,508.5447109317704,448.8572877784287,487.495549979516,1319488
2023-02-02,474.3758239746094,492.1090626728613,459.7182786508572,462.2653509759832,702392
2023-02-03,463.1783752441406,479.806294883613,459.09348601459135,475.28887623814194,374518
2023-02-06,461.8327941894531,472.7899035233888,456.834800084578,463.1783989616936,359258
2023-02-07,473.8952331542969,477.0189722190632,461.7847605534061,461.8328063446854,324619
2023-02-08,463.6589660644531,475.0005588476898,461.6405442754719,472.9821370587085,165935
2023-02-09,459.5260314941406,468.2725063695574,455.681429731934,466.3502054884541,172315
2023-02-10,458.6129150390625,471.82873325649945,452.70184584820544,460.2949282667363,349124
2023-02-13,425.2129211425781,461.3521812032273,416.1781134604113,458.4687300707071,788431
2023-02-14,432.27740478515625,438.1404282595339,425.2129432763562,427.4716526474669,331745
2023-02-15,428.5769958496094,435.0167158387328,425.1168482335429,431.1240387711636,249994
2023-02-16,430.2589721679688,437.32343349857297,422.90617744916943,432.22934809391006,719321
2023-02-17,429.2017517089844,434.10362521294303,425.0207704248884,426.7988754160621,246995
2023-02-20,435.8190307617188,439.6629007359576,427.255414822186,430.6127464191335,197037
2023-02-21,424.9198913574219,437.6679807839548,422.3897314433548,435.429779531756,152759
2023-02-22,408.1333618164063,420.3948852421895,405.7978406157245,420.3462403058732,318870
2023-02-23,407.30615234375,415.918413816386,401.71061908779154,409.6417030261846,243472
2023-02-24,411.8313293457031,424.0928240186795,408.81460061752415,408.81460061752415,349574
2023-02-27,399.958984375,417.2807971233289,395.677190968445,408.717210310219,306098
2023-02-28,401.5160217285156,404.824679031044,389.7410671921469,401.90527028803166,404461
2023-03-01,424.9685974121094,429.0071067690124,402.1971861991899,402.6837543071965,691003
2023-03-02,427.8393249511719,437.1814384229676,424.2873837560687,426.5255851398981,359488
2023-03-03,426.5256042480469,430.0775753000368,422.04920127984735,429.15308398830433,266184
2023-03-06,426.5256042480469,434.99190145753295,423.8008346415114,428.6665158658686,229136
2023-03-08,422.779052734375,432.5590600993618,417.5727678937393,426.03903539086303,276292
2023-03-09,418.9351806640625,427.3528037901176,417.1835471884749,423.4116136211638,108155
2023-03-10,413.6802062988281,418.3026032682625,407.7440695143183,414.7506620628808,189821
2023-03-13,398.4505920410156,415.5291188890872,396.066396692877,405.8950773415146,205483
2023-03-14,396.6502990722656,408.2306132707888,393.5362515257808,398.0613286653928,199187
2023-03-15,393.87689208984375,405.9437754941187,393.1470399117897,400.7374906844475,115341
2023-03-16,396.21240234375,400.4455508008813,387.6001409373989,395.04465670928096,236309
2023-03-17,407.1115417480469,408.86317505707535,400.9321208392491,400.9321208392491,153264
2023-03-20,408.5225830078125,416.9402352695276,399.958995946934,408.717222135553,263162
2023-03-21,415.2373046875,418.4486428582361,404.7274139784478,409.3984864150595,169826
2023-03-22,414.2154235839844,420.2002053610298,411.63661855622206,417.3294713481474,100312
2023-03-23,410.37152099609375,418.0592905415415,407.1115089964474,410.663449958193,198583
2023-03-24,399.8130187988281,412.1718308774892,397.76942681326295,408.7172092026188,84855
2023-03-27,394.8986511230469,404.8246520672614,389.4004376294737,401.3213558694352,144875
2023-03-28,389.7409973144531,401.8565533048288,389.1571097309851,394.6066776804263,154281
2023-03-29,423.6548461914063,428.1312786042752,391.0061092032323,391.2007483203065,475057
2023-03-31,443.1661682128906,461.26650537605946,440.1494404027364,453.4814166777293,1170320
2023-04-03,435.4297790527344,448.5671169828808,430.661388193956,443.1661935707212,283420
2023-04-05,451.194580078125,455.427728364656,432.16977980011535,437.3273896311242,471091
2023-04-06,448.567138671875,456.7414767285467,445.4530909846859,449.97816832875776,288351
2023-04-10,445.2584838867188,454.2599942917759,442.82564323670334,450.5620883828572,244209
2023-04-11,453.5787658691406,459.3202632198369,443.8960492886868,445.20978903193935,270504
2023-04-12,451.8758544921875,469.0517045383223,448.4212027500624,454.406014854561,433822
2023-04-13,455.3790893554688,459.2229594650781,450.562053363729,452.5083257324708,183959
2023-04-17,449.8322143554688,455.8169961244859,447.8859419299178,454.84385991171047,231367
2023-04-18,441.8038635253906,453.481498684652,439.1277388013932,449.8322376973828,174021
2023-04-19,446.1343078613281,452.2650541122011,442.8256209853544,443.40950865157095,194285
2023-04-20,447.25341796875,452.216418689305,445.2098259429025,447.9832701424269,132388
2023-04-21,442.1930847167969,449.5889257993688,434.9918827539348,449.5889257993688,251850
2023-04-24,443.4581909179688,450.3674343776138,439.46832644416304,444.7232561350912,272395
2023-04-25,449.540283203125,457.6659467824113,444.6259275336489,445.599063741732,287036
2023-04-26,443.9934387207031,451.632564647012,442.7770183406464,450.95135735507495,154825
2023-04-27,445.2098388671875,451.5352245560109,442.77699821764,444.723270737278,192904
2023-04-28,450.0755004882813,454.3086489729664,445.69638751055743,446.66952372782936,203395
2023-05-02,482.62689208984375,485.6435904380048,450.5133986994729,453.1895231486705,1048645
2023-05-03,497.02935791015625,511.2371239228483,484.6218702677588,484.6218702677588,1945791
2023-05-04,491.2391662597656,498.4890431886614,481.7024429055879,496.8833743185284,470951
2023-05-05,490.2173767089844,498.3430404853066,488.2711042456236,494.1585665681855,310174
2023-05-08,483.1134948730469,495.91023040065215,477.9072100856397,493.67199924553455,309789
2023-05-09,478.1504821777344,490.4606492806429,472.9928424519604,485.5463233048517,255196
2023-05-10,500.2406311035156,501.9922643121831,481.7023991370421,482.5782157413758,834209
2023-05-11,494.40185546875,505.73891643708106,488.5143930885207,503.8899338205688,399423
2023-05-12,493.4774169921875,498.92698613800064,485.5950071292937,495.32636999761627,204150
2023-05-15,492.260986328125,502.9168106272001,489.7794710299959,493.380087095001,315213
2023-05-16,504.0845336914063,515.5675285643463,493.1853967595155,493.3800358717046,1387668
2023-05-17,502.2356262207031,511.8696994553549,495.3750271090095,506.0308815908452,442743
2023-05-18,500.3379821777344,505.8361658637152,496.78601142306456,504.6683905885144,200981
2023-05-19,493.3800659179688,502.7708542444385,487.8818521880209,500.6785876031458,203076
2023-05-22,465.1104736328125,492.3096134792174,463.2128461026573,492.3096134792174,645473
2023-05-23,465.7430419921875,475.86365363505735,461.5098931215255,467.2027464511908,430240
2023-05-24,468.5164794921875,473.917374031719,454.64928733622855,468.0785562818416,248044
2023-05-25,441.6091918945313,454.600565992695,434.0187414787159,437.9112862453412,767907
2023-05-26,447.3993835449219,460.2934386443677,441.4146016458634,445.1125074556567,480982
2023-05-29,447.4480285644531,455.5250771262188,445.6963952221604,448.1292358074342,261005
2023-05-30,445.1611328125,450.99994956974206,440.4900615880517,450.3187424022941,233413
2023-05-31,442.5823364257813,455.7196752606888,438.93307563830695,447.6913015282453,327333
2023-06-01,444.1393432617188,449.7835508817927,442.5823194459135,444.5285917912302,231020
2023-06-02,450.9513244628906,456.4008933076082,445.6963947438904,447.0587795306296,437061
2023-06-05,491.4338073730469,511.8696686697479,452.0704340914873,454.4546297885404,5322415
2023-06-06,494.5478210449219,509.3395029344949,482.5782281520049,492.4069095590396,2671455
2023-06-07,491.8230590820313,503.8899427472823,489.3415735020837,500.19203684426986,828089
2023-06-08,484.0866394042969,501.1165237779844,480.92394659204064,495.4236707763709,537691
2023-06-09,494.1099243164063,499.0242504339495,477.6639278513357,483.9406387610705,773118
2023-06-12,549.530029296875,557.6070479553439,495.1803660653405,496.5913957502362,8308265
2023-06-13,548.0703125,557.9963134883601,540.0905838860039,541.7935722135724,2450979
2023-06-14,534.0086059570312,552.6928369420604,531.4297707076361,548.0704389861681,1058182
2023-06-15,534.4951171875,549.7247241664378,528.6562993392979,534.2518331104916,1123109
2023-06-16,574.0531005859375,584.2710312634949,535.2249402530098,538.1443490180262,5709517
2023-06-19,582.0814208984375,591.6667883662293,574.1503373948607,578.8213791081221,1900833
2023-06-20,577.1184692382812,589.2340280188475,559.6020158867714,580.9623694917456,2103018
2023-06-21,562.4727172851562,602.3713010372176,559.650598578632,579.9891686885003,2482743
2023-06-22,562.5213012695312,577.0210526739861,549.8218872571199,565.4893544455335,1174093
2023-06-23,546.4159545898438,565.2948198779582,538.4362261877897,562.4727012518783,748381
2023-06-26,574.3935546875,577.0696788304743,545.1021832807849,548.6540942332442,1603543
2023-06-27,565.489501953125,578.72419178021,562.5700929406762,577.5077713583564,509910
2023-06-28,564.224365234375,570.2091767111896,558.6288320015318,569.2846854283982,469532
2023-06-30,559.84521484375,572.009416710664,556.1473093553114,566.316593995155,470905
2023-07-03,561.5482177734375,577.2157458245878,558.4828744602148,560.5264366690299,616476
2023-07-04,547.2431640625,565.0029011972523,543.9831812781664,563.4459069052923,410338
2023-07-05,552.449462890625,559.553345660779,547.2431482980326,549.919272994671,302530
2023-07-06,556.1473999023438,561.4996495951922,549.968008106084,555.6121868121643,320422
2023-07-07,560.5750732421875,571.2309260762049,547.6323741897518,556.6338836722133,758870
2023-07-10,564.2730102539062,574.1503665898898,551.7682336550297,563.4458682297394,1262471
2023-07-11,599.743896484375,619.693190856355,569.3820317074267,570.1605882725107,7978689
2023-07-12,595.7540283203125,607.5289532699414,588.1635773960173,600.4250704740692,2557665
2023-07-13,585.584716796875,607.2369975592023,580.6217458634937,595.5593629907561,1422587
2023-07-14,568.3115844726562,591.9587840707526,550.3572083238245,589.720582517859,829499
2023-07-17,591.5208740234375,604.4149299510625,572.3014321690531,574.053125019038,1983672
2023-07-18,587.7256469726562,598.7220746606635,579.9892019467784,594.488955753657,781621
2023-07-19,577.3617553710938,591.5208766682744,574.1504174576393,588.7474619692742,515420
2023-07-20,590.2071533203125,601.7387944703395,577.1184584862888,577.3617425560828,1392270
2023-07-21,583.3952026367188,598.2355309773525,580.5730836530767,590.6937247714567,722639
2023-07-24,592.05615234375,598.1868991926015,580.8650848244639,585.7794112907842,615435
2023-07-25,585.1468505859375,618.81740250679,577.0698311022292,595.0728528145247,2539624
2023-07-26,591.3262939453125,599.354668386263,585.0009080221394,588.6988140673508,650311
2023-07-27,591.5208740234375,601.0089529135766,587.3363998279173,592.6400045225361,489913
2023-07-28,602.079345703125,615.0220445721378,590.3530670172058,592.8345523116135,1276389
2023-07-31,604.2203979492188,607.2370969482816,595.559460468507,602.0794860488206,451313
2023-08-01,607.5289306640625,617.4549319936558,601.9333973954044,607.1883567450484,1041906
2023-08-02,585.584716796875,608.9399859337674,565.4894302187988,607.5289265443093,863333
2023-08-03,588.9907836914062,597.6517210801073,579.9892723338754,583.8818177857806,529119
2023-08-04,584.0277099609375,594.0510008692836,579.3566087183316,589.7205329315241,316148
2023-08-07,582.5193481445312,593.0779123236847,579.0160813266469,586.6065323624124,258369
2023-08-08,575.95068359375,587.2391000797305,573.4205530238107,584.9521941842808,260667
2023-08-09,576.7778930664062,586.3146168640947,575.3181886260807,578.7728105890793,294773
2023-08-10,579.0646362304688,588.8933466781411,574.7828729404908,580.1837665264884,261101
2023-08-11,566.754638671875,582.8113885792848,561.5483235191243,581.643613070549,385912
2023-08-14,639.8370361328125,648.5952617224632,579.3079540674564,593.6130677429895,8368871
2023-08-16,755.4456176757812,767.8044592539025,634.1928713160726,642.1238956824607,11983540
2023-08-17,759.094970703125,809.5521242776101,750.9206612937253,757.002763263008,7808779
2023-08-18,728.441162109375,762.5495773871681,721.6778529766195,753.4507767825539,2989896
2023-08-21,742.1622924804688,752.7207957210647,715.3523446122588,732.625510900622,2667733
2023-08-22,743.232666015625,757.4891330564861,731.9443114749344,749.5094054833372,906267
2023-08-23,777.0978393554688,801.2803076559538,742.502862052443,742.502862052443,3639252
2023-08-24,764.2037963867188,785.1262233289258,759.0461867405337,781.428317888011,1014763
2023-08-25,767.755859375,796.0254556710088,753.2074605004411,773.7406116990268,1322887
2023-08-28,781.623046875,821.2297040782244,775.4435960581245,778.5089989998959,2643290
2023-08-29,772.4268798828125,792.2301783364026,765.4689321042422,788.2403435654528,806741
2023-08-30,781.4769897460938,811.0603530839113,765.5662371185567,773.5946105242075,2921109
2023-08-31,795.3928833007812,802.6427601796894,776.6600106502821,784.7857339048252,1459457
2023-09-01,793.8358764648438,818.6508502311367,789.3107692551346,797.6797764371581,1206367
2023-09-04,795.3928833007812,812.5687617229546,787.6564976966035,794.0791731328515,1128705
2023-09-05,807.8976440429688,820.3537748905546,791.256980231722,799.3827027258959,1216756
2023-09-06,799.0421752929688,809.6493844971145,791.1597951876852,807.8977510732209,615272
2023-09-07,882.5372314453125,940.4388345519204,794.8576253894232,797.047181809421,14969899
2023-09-08,861.5173950195312,948.613077745644,855.435294270501,899.907626826513,10954186
2023-09-11,873.7789916992188,883.6076432681127,854.413558138109,870.8595831862184,2043777
2023-09-12,792.9114379882812,881.6614796021747,781.0878676905343,873.7790994036768,2686141
2023-09-13,777.4871826171875,817.3371220783987,755.2509847026801,796.6579777287094,2249820
2023-09-14,771.6483154296875,788.0456356589043,767.8044157909212,784.834298270441,951609
2023-09-15,822.9292602539062,837.5392005392899,773.0119642788457,774.3268351253305,5059649
2023-09-18,801.9396362304688,846.402580370927,797.020967992482,832.2309495166875,1972743
2023-09-20,821.6630249023438,829.8446153113741,784.066802025418,792.9788894549689,2361293
2023-09-21,808.2705688476562,829.2114831592517,796.2417418478697,822.4909463280505,962791
2023-09-22,787.7194213867188,814.7478157526928,779.6839527914292,812.7998233659558,969703
2023-09-25,775.6417846679688,794.732144246566,765.7557597406285,791.1770346372238,739418
2023-09-26,822.1988525390625,840.3151566813592,770.7231216739568,775.7879134125791,4995911
2023-09-27,813.2867431640625,831.0621719817201,809.4881345964299,819.958592667105,1425920
2023-09-28,807.0531616210938,821.4196043976498,803.5467993666957,816.208748932474,603886
2023-09-29,819.2281494140625,832.7667198671289,803.6442107966659,810.851806186415,1394027
2023-10-03,808.416748046875,822.9780013621393,805.0564496744289,822.5883791501443,423055
2023-10-04,785.3331298828125,806.2740483351341,774.6678595256326,806.2740483351341,685298
2023-10-05,795.8521118164062,822.0526281271461,789.228950872754,789.2776387833989,1312381
2023-10-06,795.5112915039062,805.2999401341885,786.9888258771426,800.6247708799644,562034
2023-10-09,765.3173828125,785.917422686494,760.8857127526289,785.917422686494,646201
2023-10-10,780.5117797851562,795.511344058389,776.9080416404502,786.0148817326232,683892
2023-10-11,783.2389526367188,791.8101060445706,778.2228491663956,784.6999467215118,466147
2023-10-12,780.5117797851562,792.589355650461,775.5444232708812,786.9401899514016,371892
2023-10-13,777.9793090820312,787.1835832199254,775.0573210666997,777.6871221700978,456531
2023-10-16,790.251708984375,795.6574348774523,774.9112704670566,782.0214895287248,834465
2023-10-17,784.943359375,798.6766784818932,783.5797412666866,796.7286865831568,470772
2023-10-18,773.4989624023438,793.8067556228199,764.1485649495208,789.2289624431253,550762
2023-10-19,767.75244140625,776.2749074542103,765.5609501367745,769.4569346158421,300017
2023-10-20,738.4837646484375,771.9891907244349,731.130106881839,771.3074410961651,694857
2023-10-23,681.4563598632812,747.9315902466708,674.9792623544172,739.2630016262665,976476
2023-10-25,665.48291015625,703.1765753543731,650.6294679610319,685.2550213199546,834757
2023-10-26,723.1434326171875,742.6233550558052,631.4416739581924,665.1419754458043,2838282
2023-10-27,743.6460571289062,761.5676099862646,720.7571477084356,734.7339686179032,2169160
2023-10-30,722.89990234375,741.7953906237633,711.0658261945435,741.7953906237633,621277
2023-10-31,723.63037109375,741.2109877573969,719.7830748393119,726.6010471314298,455174
2023-11-01,715.9844970703125,727.8672611764334,711.1145166537059,727.3802631347728,324890
2023-11-02,722.072021484375,730.2049249996093,717.2020407380097,722.4129558054249,235074
2023-11-03,723.6790771484375,732.4450417437753,721.2927748967729,725.5783813670278,235202
2023-11-06,742.9642333984375,751.5353874219652,720.8058215207462,727.4777306560194,899720
2023-11-07,755.13916015625,761.5188226854553,743.1103321686951,743.1103321686951,822203
2023-11-08,756.1131591796875,768.2881104077773,748.0290034538366,758.937771643806,468486
2023-11-09,759.132568359375,767.3140997607214,753.1911566039181,759.0838209969837,506672
2023-11-10,753.8729248046875,770.6743562683579,750.9509367240491,762.9310759650664,588785
2023-11-13,748.7107543945312,760.739581493354,745.5939552328932,760.739581493354,279237
2023-11-15,769.7977294921875,778.7585047525683,748.7107513590947,756.113097320975,907947
2023-11-16,763.1259155273438,778.4663535229477,759.7169293060985,773.3528741910798,459757
2023-11-17,755.5775146484375,766.5349713545862,749.9770367764058,760.8858055645733,334522
2023-11-20,765.9017333984375,774.3268226059912,747.2497456044632,759.3760077348736,502609
2023-11-21,788.8880615234375,795.949532428858,759.9116809115396,769.4081417843465,1628794
2023-11-22,784.164306640625,802.475482520847,773.8399708341249,792.1510872663374,644736
2023-11-23,812.1178588867188,822.831814965562,784.2615968609257,787.8653939770454,3174679
2023-11-24,812.312744140625,822.9780132824319,807.9297617082116,815.9165415857658,1128392
2023-11-28,807.8810424804688,821.71179839851,804.5207441895923,816.3060727163166,631948
2023-11-29,808.027099609375,823.8058475150009,805.0077356324224,812.2153301843753,613548
2023-11-30,825.072021484375,827.7992579540468,791.3717822885785,812.3126971429839,1698735
2023-12-01,814.2606811523438,832.2309197970403,810.267321208189,828.6758105080245,663460
2023-12-04,819.763916015625,828.8707566009558,815.1374341192037,821.6631610252219,499222
2023-12-05,814.7965087890625,831.7927543596671,803.790363624491,823.0267885643077,680630
2023-12-06,839.3411865234375,849.2272712753273,806.6636274146505,819.0333904720474,2979065
2023-12-07,825.8513793945312,842.9450003520212,823.0267667118197,842.1658153027241,772067
2023-12-08,810.75439453125,841.4352723288107,808.4167800627099,827.6532034437201,616053
2023-12-11,819.9586181640625,827.4097123368813,814.3094525003336,815.186072796432,389391
2023-12-12,812.2640380859375,826.9713550292794,808.4167417026916,823.9519909780246,320664
2023-12-13,810.0725708007812,818.4002255923041,805.7382762525839,814.7477402058463,393028
2023-12-14,812.1178588867188,823.0266260565952,808.4166859490816,814.8450358171882,418135
2023-12-15,806.4200439453125,819.3254916471523,801.3065646672251,815.2833842481302,379587
2023-12-18,811.8257446289062,823.0266997137682,806.5174540251753,808.6602573223148,478121
2023-12-19,827.5070190429688,859.064514794201,812.9945135888288,814.2606965623039,2908041
2023-12-20,785.625244140625,836.5652886147333,773.1094178172114,832.5231809502507,1108849
2023-12-21,795.803466796875,813.2867079165375,769.4568853342091,785.0408222523703,1134947
2023-12-22,798.3359375,812.9945671055469,792.1023385999379,800.429993473361,424135
2023-12-26,849.51953125,861.743172155597,798.6769157022769,800.6249081795996,3921279
2023-12-27,848.4967651367188,880.9795127795135,839.5846766345392,855.2173028655692,3060990
2023-12-28,838.4645385742188,858.8697692374786,831.890064744997,852.58748235551,968297
2023-12-29,850.5421142578125,869.7785376836262,837.8801646610743,842.5066462444979,1448171
2024-01-01,851.0777587890625,863.7397077691754,847.3765855921685,851.2725698937417,604835
2024-01-02,842.5066528320312,855.8017237917622,828.9680828396899,855.8017237917622,465924
2024-01-03,845.477294921875,854.1945718261209,837.6853261937006,842.5066187338592,537995
2024-01-04,841.240478515625,866.759189288637,837.7340567407035,849.7142568283437,952233
2024-01-05,841.1430053710938,854.1945768466987,834.4711558875816,845.331236145507,422997
2024-01-08,842.2144775390625,852.9771230398006,832.6693272182271,842.5066644926378,480205
2024-01-09,840.2664794921875,859.2107162512339,838.0263002661218,846.4513311845004,861695
2024-01-10,881.9534301757812,887.0669094782913,840.6559735534519,843.7727728274392,4321529
2024-01-11,862.0352172851562,893.0570280505242,857.3600479985082,883.4144430953103,1696471
2024-01-12,853.415283203125,868.5609086896104,852.2464761462395,866.8564157373179,497315
2024-01-15,870.02197265625,886.2390306864738,848.2044373321294,854.1945368256718,1136044
2024-01-16,860.7202758789062,900.6541118227351,849.4706339843297,870.7524227751953,2148923
2024-01-17,873.6744384765625,897.5373411997239,847.4739215033609,858.0905020042939,2319823
2024-01-18,858.7237548828125,887.3105189535391,838.6107100098761,873.7232603686554,1055131
2024-01-19,865.2981567382812,873.6744993969996,858.0905618380788,863.0579181557832,578086
2024-01-23,873.090087890625,921.789890663462,862.0351969923901,903.8683394638574,1538702
2024-01-24,874.9893798828125,888.2844505368254,842.5553213745227,873.0901350305289,818922
2024-01-25,886.2390747070312,926.2702906169536,879.8593526969549,879.9081000603329,1313121
2024-01-29,881.6611938476562,894.5666408880278,876.5964027422127,892.1803387909632,442791
2024-01-30,879.4212036132812,893.6415245295885,876.596590819215,884.3885605153857,780334
2024-01-31,906.7416381835938,919.2087757827557,887.3590929335833,905.8163300428744,1162408
2024-02-01,896.1737670898438,922.7151602005724,887.0182396305408,911.8551396057184,950915
2024-02-02,867.7818603515625,900.7029175208471,863.544941534648,900.7029175208471,651993
2024-02-05,855.2172241210938,874.2588351049164,848.3505638236029,872.6030893699765,580336
2024-02-06,847.8148803710938,859.0645229486785,840.8020968655858,857.3113419343019,428511
2024-02-07,853.171875,857.7983563628339,849.8115766468675,852.0517557329549,216028
2024-02-08,868.90185546875,880.2976211832589,842.993584227218,856.0938430351962,946511
2024-02-09,846.1104125976562,873.8206131601522,833.302340275447,873.8206131601522,536664
2024-02-12,753.6294555664062,841.581288378126,735.3670293410491,840.5586043991065,1088054
2024-02-13,776.8593139648438,789.8621983784867,730.4971204965335,773.3529515656635,806840
2024-02-14,790.1542358398438,797.7027046568037,754.8468816959986,774.3268012236373,497558
2024-02-15,793.3197631835938,807.9297035737152,789.0341568899582,798.5793655032373,324876
2024-02-16,769.8951416015625,811.9717802272703,767.5088395382717,802.7675062391471,582627
2024-02-19,817.8157958984375,825.4129530942064,780.1708253051976,780.1708253051976,889120
2024-02-20,803.7903442382812,817.815912951785,795.8522516247342,817.815912951785,380066
2024-02-21,786.8914794921875,807.7836484519711,782.2162506150286,807.7349605361683,285878
2024-02-22,793.6119995117188,806.4687597450816,771.7457754768559,789.9595141867862,403678
2024-02-23,809.4669799804688,823.3843281324749,795.0578535903214,799.6314152176442,376052
2024-02-26,799.2379150390625,815.1715408930615,795.5988043459771,808.4833693089748,255474
2024-02-27,787.6810913085938,810.4504451828296,783.5009767551629,799.2378786033732,251978
2024-02-28,792.6480712890625,845.5142240885532,784.9271180706003,793.6807934304705,2278219
2024-02-29,800.3690795898438,803.0246940722068,785.8616216187836,795.6971863449261,396407
2024-03-01,804.4015502929688,813.4011150586425,800.614882294722,802.5819950276327,238069
2024-03-04,805.9262084960938,824.417058423264,796.7790851527195,804.2541504638897,408001
2024-03-05,821.5155029296875,835.482016153114,808.2374912091838,814.3847188575652,1086883
2024-03-06,793.2874145507812,821.2204407507566,782.9600721927757,821.2204407507566,533247
2024-03-07,795.5988159179688,813.4011631916594,793.238256486183,797.369205476048,287030
2024-03-11,783.451904296875,800.0740328672947,781.9274037549782,799.0413105667532,252136
2024-03-12,756.2073364257812,786.3041991721627,751.1420568353318,783.845308099657,344117
2024-03-13,674.52294921875,767.1739716470423,662.3760520136119,752.4697918508373,895016
2024-03-14,714.9964599609375,721.1928543403724,672.1133575264181,674.9165297674562,574460
2024-03-15,748.2406005859375,754.8304410824504,707.0787854470236,720.5042955312942,994227
2024-03-18,749.4700927734375,760.1416573521542,744.5523100124569,748.2406470831924,300605
2024-03-19,749.0274658203125,761.9612582439534,741.2574052272788,742.7819058473686,365847
2024-03-20,738.8968505859375,755.469754270329,731.7660656717969,751.4371964694259,285204
2024-03-21,749.8142700195312,763.4365634954474,744.6014326018571,747.5029362686786,370356
2024-03-22,768.0592041015625,780.3044330543321,744.5521825167617,749.8141851573446,707306
2024-03-26,777.5997314453125,783.5994620105122,762.7480525646579,778.4849562926198,350818
2024-03-27,764.1250610351562,785.6157463274027,755.3713842622162,781.8290778538019,437350
2024-03-28,752.1256103515625,775.8784620010669,749.6175534736238,769.1411245011013,471323
2024-04-01,794.12353515625,809.4669924092346,766.6331192157555,784.8780801246285,1656396
2024-04-02,811.483154296875,815.8599920592525,788.8121924430626,796.3855883418989,994021
2024-04-03,868.2344360351562,889.1350101113353,806.6146018638367,808.5325489030137,7045898
2024-04-04,873.3489379882812,878.315885919146,849.7927496462958,872.4145473799356,1389343
2024-04-05,883.38134765625,914.5108767359482,865.6281037375044,872.1196130471278,3229226
2024-04-08,899.6591186523438,914.7075206962024,879.2994876369946,887.6597176648631,2491544
2024-04-09,882.4960327148438,905.1178312686932,873.8899136997923,903.8883856951144,731085
2024-04-10,866.9066772460938,886.9220269495067,863.7592846063119,882.4960229336789,515399
2024-04-12,867.3983764648438,896.0198424809936,863.2182619417435,866.2672626401044,714124
2024-04-15,845.661865234375,864.0052179403306,822.3023983996853,843.9898071809554,675890
2024-04-16,870.0048217773438,886.9220042557281,831.3019005529537,835.6787386406971,1227987
2024-04-18,850.4320068359375,883.725364675607,846.4977815062742,876.3486921824883,448847
2024-04-19,856.13671875,871.4310094490372,834.6459744280834,836.0229774623947,876663
2024-04-22,854.3663940429688,872.4146321498048,846.9897201521868,870.4475191122629,403899
2024-04-23,942.2470092773438,953.0661294256224,855.4973248093893,855.4973248093893,7171326
2024-04-24,967.376953125,1001.7522637245016,954.2464982758298,958.475779086428,4223795
2024-04-25,1006.9158935546876,1060.1262723174725,954.7874028505132,968.8030819549376,7794493
2024-04-26,982.4253540039062,1025.25928620855,974.7536255601644,1012.0796055253484,1569294
2024-04-29,984.7367553710938,1000.9162714009208,969.9342424197076,992.7527046282715,844804
2024-04-30,972.7864379882812,1002.9324654307798,968.8030466049908,988.4741744548382,697236
2024-05-02,974.3602905273438,1002.2440938560676,955.3284358468828,973.7209547767488,1319033
2024-05-03,985.5726318359376,995.1623062807874,955.1315506944442,978.0484617519649,952374
2024-05-06,938.9522094726562,993.588759454835,934.3786478678518,993.3920361542424,883018
2024-05-07,898.3804931640625,959.9511034506444,891.8398187027376,942.6405337944713,1352680
2024-05-08,914.6583862304688,932.4115691859856,893.3151980096744,899.7574811280193,1108353
2024-05-09,885.840087890625,924.3462845934424,866.5131807878017,917.6581131385008,782695
2024-05-10,897.54443359375,908.8061670422992,875.8570257047268,887.1679249698636,671588
2024-05-13,891.9873657226562,912.74038274002,876.3487942040496,899.8065914504382,702634
2024-05-14,969.1965942382812,975.6388772745764,896.0199669936947,898.0362458022494,2828234
2024-05-15,963.3443603515624,971.5570325548744,944.4108990154592,963.8853043834328,1153889
2024-05-16,974.6060791015624,979.3763037186663,957.0003951978532,965.9999604397112,1010615
2024-05-17,1066.5194091796875,1076.7976460875825,978.687830478128,979.622221108984,5745300
2024-05-21,1193.3983154296875,1214.6923387408733,1075.0765345521145,1116.2383521397503,6509026
2024-05-22,1172.989501953125,1215.6758796693357,1157.6460439893267,1193.3983000948228,2816054
2024-05-23,1402.1580810546875,1407.567641645225,1278.6234123088425,1292.3932029029374,14603622
2024-05-24,1435.697265625,1483.2030889802877,1349.4394151730469,1376.9789950745376,8164728
2024-05-27,1398.1748046875,1497.4155604869586,1380.9625657640784,1450.7458521169588,3695547
2024-05-28,1380.0279541015625,1407.0266491878017,1335.718810535334,1396.5517495662457,1751271
2024-05-29,1420.9931640625,1435.9923997447656,1346.931316242228,1367.1434490720717,2864671
2024-05-30,1388.0931396484375,1433.3367322330532,1380.1262370776772,1415.3868286532872,1218185
2024-05-31,1346.8822021484375,1397.9288049877214,1334.6860783776256,1391.7323514401917,1287442
2024-06-03,1394.043701171875,1460.5813185867696,1373.0940209633045,1460.5813185867696,1117229
2024-06-04,1254.673828125,1376.0447198736408,1254.673828125,1376.0447198736408,1383908
2024-06-05,1160.7440185546875,1239.2317410891355,1129.2209903785856,1239.2317410891355,2970705
2024-06-06,1276.8038330078125,1276.8038330078125,1193.201534533374,1196.988202863431,1834439
2024-06-07,1331.2435302734375,1384.847351773181,1298.4910555337028,1305.179286791911,2693039
2024-06-10,1303.21240234375,1351.210009036424,1295.343950103184,1346.3905580264668,844779
2024-06-11,1306.5072021484375,1363.6518085720516,1300.4092001098932,1317.965658942148,1075126
2024-06-12,1342.8497314453125,1348.4559554449186,1306.556472745673,1313.0479216039143,1088153
2024-06-13,1509.8082275390625,1547.134143106274,1331.2435236454812,1356.324210644343,5663976
2024-06-14,1603.1968994140625,1659.21038723034,1500.9070358931654,1553.8224171628433,11892498
2024-06-18,1817.1697998046875,1856.9546108953143,1614.2128266577215,1617.9503892599537,14576795
2024-06-19,1741.288330078125,1872.1996670784636,1721.2237548659368,1827.447849451949,5457899
2024-06-20,1732.2396240234375,1776.1063390685208,1697.7168155985569,1745.8127514685243,2538518
2024-06-21,1617.212646484375,1740.501419939802,1605.9017476340964,1709.4210610246882,3005182
2024-06-24,1724.2725830078125,1789.3840842765646,1691.7168924049508,1695.7494493567988,7499773
2024-06-25,1914.050048828125,2031.0440387749572,1724.272762610335,1734.8459942891875,20215533
2024-06-26,2053.174072265625,2126.449027180015,1937.606190353668,1937.606190353668,19131293
2024-06-27,2087.205078125,2138.939999341816,2031.0931389413329,2070.3861680726527,10068220
2024-06-28,2064.583251953125,2118.23605930656,2017.2740949723384,2098.909272877119,3398709
2024-07-01,2268.572998046875,2271.031889221866,2092.7130531862867,2092.7130531862867,9513296
2024-07-02,2365.994384765625,2433.2695532630205,2292.965314697252,2298.571538717685,7084172
2024-07-03,2418.66357421875,2437.646020127187,2286.768568476821,2409.7131151691237,5490800
2024-07-04,2624.91552734375,2652.6517714785978,2379.2230757162506,2419.548890558899,10822653
2024-07-05,2666.077392578125,2787.202522441185,2504.1841329947897,2632.8823599323705,8211761
2024-07-08,2557.88623046875,2739.6475278511507,2539.1004445513304,2672.224678725092,3972546
2024-07-09,2504.2822265625,2626.0957922261227,2439.269287542221,2586.753533166556,2412591
2024-07-10,2430.564697265625,2578.8850607610034,2386.2554303284,2526.658116226048,2128812
2024-07-11,2552.0830078125,2552.0830078125,2473.644383716519,2473.644383716519,3098954
2024-07-12,2545.640869140625,2632.9807338122887,2525.773075991766,2616.2602734182624,1644765
2024-07-15,2455.05517578125,2555.967916277694,2447.088273054079,2551.345249317637,1089181
2024-07-16,2520.41259765625,2548.247292870617,2406.762603245649,2462.726868504851,1868013
2024-07-18,2490.807373046875,2574.9506716289493,2402.680863120246,2546.870088204572,2144098
2024-07-19,2414.97509765625,2561.180648046746,2381.730846134887,2491.3481495784977,1858841
2024-07-22,2526.0185546875,2535.706680627409,2341.0607380614965,2385.124109848024,2893707
2024-07-23,2401.057861328125,2591.6711417114743,2399.730204249573,2535.6084263120238,3762141
2024-07-24,2339.83154296875,2429.3844047815624,2331.0287608632807,2400.8612680452607,1236916
2024-07-25,2222.83740234375,2320.7504872730874,2222.83740234375,2289.719235688606,1686099
2024-07-26,2176.364501953125,2270.2449156662096,2168.74193958045,2193.330850460047,1406510
2024-07-29,2285.14599609375,2285.14599609375,2174.2500052917253,2211.0349208244006,1683330
2024-07-30,2399.385986328125,2399.385986328125,2303.489231391871,2328.028917065725,1214676
2024-07-31,2365.994384765625,2469.218591335365,2344.847920032022,2447.088570102525,1348238
2024-08-01,2311.653076171875,2433.318976996475,2291.686829588434,2407.74650593669,793156
2024-08-02,2288.342529296875,2349.519692372805,2247.4264849858664,2257.2620494715816,753818
2024-08-05,2173.954833984375,2228.73887933016,2173.954833984375,2179.6595093265,1044477
2024-08-06,2065.271728515625,2226.722411754892,2065.271728515625,2169.72536773114,1283335
2024-08-07,2143.120361328125,2188.3639597724464,1931.655716425319,2096.942432245499,2791493
2024-08-08,2052.14111328125,2172.626767028065,2036.9452155890076,2142.18574580051,1771919
2024-08-09,2021.2576904296875,2124.4818897806176,1998.3900034216324,2099.7945273257897,1740077
2024-08-12,1976.112548828125,2019.487366088872,1953.343192038232,1991.6526693553533,1043546
2024-08-13,1919.2137451171875,2001.1439252024395,1908.542061605344,1996.6195895539893,799969
2024-08-14,1934.3603515625,1973.801059817877,1860.2002939906636,1928.7049021814917,1400895
2024-08-16,1934.311279296875,1971.4405345720795,1904.4111397778768,1966.129305831363,801430
2024-08-19,1890.0511474609373,1979.505552472242,1884.4940298842148,1927.7705107375057,791411
2024-08-20,1746.845458984375,1886.41202142616,1722.748326263731,1873.576681953601,2942955
2024-08-21,1771.729248046875,1834.234303560572,1703.5196376090278,1711.3880885910555,2650000
2024-08-22,1722.3548583984375,1798.629587152448,1718.273075220309,1798.629587152448,1214323
2024-08-23,1735.731201171875,1815.497603233804,1714.5847380325094,1721.2237439018452,1833693
2024-08-26,1759.8284912109375,1785.9910704489694,1730.0759066871813,1785.155071425375,749700
2024-08-27,1748.517578125,1782.2043884474758,1743.2555748317634,1760.6644769585969,604641
2024-08-28,1744.3372802734375,1782.2042017792323,1740.8948328638198,1759.3857412606956,646857
2024-08-29,1728.1578369140625,1759.533190319,1712.4700401485557,1749.1567422391383,521154
2024-08-30,1781.220703125,1847.069758398634,1704.8475219629404,1740.9441151518902,2480956
2024-09-02,1801.18701171875,1831.9722571950424,1760.566081478415,1788.105662641206,1183854
2024-09-03,1881.6910400390625,1942.3273189914464,1826.5135473911455,1848.2992266353751,5277573
2024-09-04,1929.19677734375,1962.14591887163,1888.4284099561128,1888.4284099561128,2998200
2024-09-05,1870.035888671875,1952.1628505895085,1855.970983695495,1944.19594745485,1446809
2024-09-06,1801.3837890625,1868.6590798902207,1794.0071150696149,1868.6098540383805,978980
2024-09-09,1758.35302734375,1822.2841960067867,1741.878456957506,1803.842512738603,843188
2024-09-10,1760.4677734375,1790.0727995716525,1747.6815391548455,1767.1558854859834,546974
2024-09-11,1728.2562255859375,1766.4181434869593,1726.141555223625,1764.4510306035136,364803
2024-09-12,1721.9122314453125,1752.8942596644945,1714.3881206425172,1738.8294744472632,465123
2024-09-13,1751.4827880859375,1771.8098535263923,1716.7346139475878,1731.5001066134214,607275
2024-09-16,1724.16650390625,1761.4738832564042,1719.6875900517246,1761.4738832564042,363350
2024-09-17,1699.705078125,1752.171844916758,1690.7473696917923,1737.4063518416167,503350
2024-09-18,1690.2550048828125,1744.296727760592,1677.359833015829,1704.4299007434906,608544
2024-09-19,1674.357666015625,1784.6066821401453,1644.1376712676783,1781.7521162450057,2151421
2024-09-20,1826.5897216796875,1841.748983739637,1645.8601287080023,1682.7738576712502,5810787
2024-09-23,1772.892578125,1844.8988608155807,1765.9527491896886,1826.6389421114416,1447221
2024-09-24,1728.4976806640625,1771.8590573261586,1722.7884291320302,1771.8590573261586,680934
2024-09-25,1691.9776611328125,1766.986430678575,1684.2504112154272,1727.5625199784188,791630
2024-09-26,1678.688720703125,1706.2018255591329,1663.6279913258022,1697.0471726765786,600097
2024-09-27,1671.6505126953125,1708.2197384308076,1665.2521328549285,1682.2817149563955,516282
2024-09-30,1695.4229736328125,1705.4143138473246,1644.974209658974,1666.531851857732,736079
2024-10-01,1681.395751953125,1706.004905046994,1674.5051890868417,1697.0471973532017,318718
2024-10-03,1632.4727783203125,1667.811545646789,1629.125909519136,1643.8914011461975,499934
2024-10-04,1633.7032470703125,1670.469297439447,1572.475602609759,1632.4727894263528,1207497
2024-10-07,1514.102783203125,1647.8288976054569,1477.5335575303409,1634.0477718190314,1218102
2024-10-08,1638.083740234375,1658.4601923088658,1487.5741269006414,1508.0489915610028,2039399
2024-10-09,1610.767578125,1679.6732108753386,1600.6778247579862,1646.303173268154,885531
2024-10-10,1715.5533447265625,1760.8341868463945,1626.025172829461,1629.1259501809132,4985663
2024-10-11,1720.8194580078125,1747.249661245548,1697.0469949224364,1726.282617245855,1370623
2024-10-14,1671.5029296875,1727.5132655030714,1661.6592685372232,1720.278198589994,650845
2024-10-15,1746.1177978515625,1810.052448707526,1655.7530611717664,1672.3887522789737,3354735
2024-10-16,1750.941162109375,1780.7182359836174,1714.864121300439,1745.0842320071251,1081766
2024-10-17,1717.4237060546875,1762.0155441473066,1707.8754017293727,1759.7023075491009,595787
2024-10-18,1737.0616455078125,1800.40557939454,1658.0662667508898,1717.4234699066294,3006209
2024-10-21,1775.8948974609375,1840.7646489620845,1764.9684575342335,1771.859020391311,2590482
2024-10-22,1549.096923828125,1771.8590261213567,1439.537046143416,1771.8590261213567,3426226
2024-10-23,1584.5833740234375,1627.1079426742078,1511.100418560187,1567.0616088860857,1470667
2024-10-24,1561.69677734375,1631.4390896963766,1553.3296657096992,1574.9364529822928,843328
2024-10-25,1481.766357421875,1562.7796163950268,1465.7704080914737,1560.2202885345384,951494
2024-10-28,1497.8114013671875,1539.9423176016935,1446.4275401220943,1486.392778886264,641421
2024-10-29,1525.127685546875,1549.0969775039484,1493.5788222246267,1502.2904387058693,498413
2024-10-30,1580.8428955078125,1599.5951202126005,1540.533146543212,1540.533146543212,671898
2024-10-31,1589.2591552734375,1599.5949998880992,1550.9181416485656,1584.3865908769935,380591
2024-11-01,1585.32177734375,1603.384873220877,1579.9077632019364,1592.7045239007684,170192
2024-11-04,1518.729248046875,1596.0512550329902,1515.9238286301627,1582.8607249592867,439869
2024-11-05,1524.438720703125,1555.200164070549,1486.9343929819397,1515.9239291466445,691343
2024-11-06,1564.3052978515625,1579.9074753672076,1532.6086396442704,1533.1500890245643,517034
2024-11-07,1551.0655517578125,1588.766819898213,1545.503979651607,1570.0638647693,343180
2024-11-08,1502.2904052734375,1555.2000851815114,1497.0240704684522,1550.3766670737944,260980
2024-11-11,1472.7593994140625,1505.0958025322318,1464.2446084151045,1494.317041546802,275218
2024-11-12,1439.6846923828125,1499.1895752599278,1435.3534574961077,1476.49988851511,273441
2024-11-13,1362.5595703125,1434.516831666235,1348.5816191134495,1431.2683753218655,703813
2024-11-14,1384.4124755859375,1447.018134089688,1353.5033567165449,1415.9121900695225,828483
2024-11-18,1365.70947265625,1410.5472738363494,1349.664258083956,1406.511397090752,500890
2024-11-19,1387.218017578125,1433.237135777009,1379.4907672177485,1399.7686861778209,411727
2024-11-21,1360.0494384765625,1402.6232720630069,1356.0627077291504,1399.768586356627,394303
2024-11-22,1353.798828125,1376.1438918957492,1349.5660055715823,1370.1392823511849,336103
2024-11-25,1420.489501953125,1427.3307980583795,1392.877985691453,1412.4176281014638,463461
2024-11-26,1515.7269287109375,1554.3140307444671,1415.8629184130364,1427.0354493198315,2342205
2024-11-27,1640.59375,1673.4223347103243,1511.5925272506688,1524.7830567448782,1960221
2024-11-28,1694.4385986328125,1708.8595863402372,1653.7350835550685,1673.4224059783428,1448899
2024-11-29,1652.9969482421875,1693.0606046844775,1614.8034914581835,1693.0606046844775,1003122
2024-12-02,1636.4102783203125,1693.7496053849611,1620.5127412906131,1642.907070745047,744250
2024-12-03,1677.802734375,1712.7969969463263,1618.642356386413,1643.8913706323935,995063
2024-12-04,1748.67724609375,1786.9691143901175,1712.8464134003991,1742.2788659468106,1605248
2024-12-05,1732.73046875,1757.4380344154652,1718.1618020586322,1756.1091641812243,529803
2024-12-06,1752.4178466796875,1800.2088715489904,1742.328093595308,1747.2499243681762,1050474
2024-12-09,1727.414794921875,1764.7715598299606,1722.6406434566702,1759.062188489754,447763
2024-12-10,1723.8712158203125,1746.2655456760797,1683.26611223568,1730.2203294069743,464724
2024-12-11,1706.595703125,1737.406414518038,1702.9535960998332,1729.0885678504008,349094
2024-12-12,1742.4757080078125,1777.7652093097413,1684.2504280891292,1711.4189089166364,790300
2024-12-13,1693.4051513671875,1737.406270609077,1675.2435236367776,1732.4844398141504,508368
2024-12-16,1718.4078369140625,1740.1624236536522,1687.8433418870593,1693.1096764412891,453397
2024-12-17,1727.75927734375,1763.1964558503053,1695.0783718968985,1711.7141825059616,1086085
2024-12-18,1669.73095703125,1724.6093657885042,1661.363845382162,1722.148450597596,547477
2024-12-19,1628.8798828125,1643.596108655012,1599.693402502504,1599.693402502504,365402
2024-12-20,1547.620361328125,1641.4305003578563,1535.8079679222517,1635.7703951842088,442865
2024-12-23,1533.3470458984375,1578.4803283014287,1501.3060010227834,1573.9030018443698,406117
2024-12-24,1538.7611083984375,1573.0170982780055,1519.9105928683543,1547.226753367237,238997
2024-12-26,1532.7564697265625,1563.1734070317862,1523.8971745985484,1545.2579916154436,303857
2024-12-27,1669.2882080078125,1726.529004967517,1511.9864451424323,1533.9378589146586,3900341
2024-12-30,1612.5885009765625,1653.7350521239207,1600.1363659100125,1653.7350521239207,666907
2024-12-31,1591.12939453125,1630.5040386910837,1552.3453460014382,1602.400338357251,372359
2025-01-01,1624.302490234375,1648.813230347741,1580.8919689184906,1586.7981655645124,428606
2025-01-02,1623.810302734375,1655.4576970416967,1611.4073138440658,1624.2040732087407,374070
2025-01-03,1617.2152099609375,1653.538345783907,1606.5348610142382,1621.251087238626,339107
2025-01-06,1510.8543701171875,1623.4658823671166,1498.6974721260783,1617.2643275211517,396538
2025-01-07,1549.93359375,1594.8206610664224,1495.3996911929917,1510.8541899303514,548553
2025-01-08,1518.58154296875,1556.233546506075,1511.494155073534,1550.3766162427978,271099
2025-01-09,1511.5435791015625,1562.0414934862672,1496.2366364989389,1518.8770592880674,370342
2025-01-10,1449.0853271484375,1508.0981475665278,1442.096351796679,1508.0981475665278,412641
2025-01-13,1349.959716796875,1438.9464378001644,1328.894257862093,1422.8028094500564,604668
2025-01-14,1416.7489013671875,1441.9979157209582,1344.4964060057507,1374.9133423551289,740461
2025-01-15,1386.3319091796875,1448.5439159372306,1378.3585681685588,1430.6776480110805,474711
2025-01-16,1425.1654052734375,1440.029310577882,1406.7576855869954,1422.2614529416278,248484
2025-01-17,1483.8828125,1509.8209585654197,1411.1382448624,1425.3622886979788,1080745
2025-01-20,1566.66796875,1574.0014483840976,1471.6273704404166,1494.120112571628,967459
2025-01-21,1524.635498046875,1605.501201866714,1515.9238815908886,1574.9858510035206,723457
2025-01-22,1518.532470703125,1528.228453282557,1444.8034217748618,1524.4386676240238,479181
2025-01-23,1510.3131103515625,1561.89380315761,1494.169480621796,1519.8121480622824,419354
2025-01-24,1512.7740478515625,1534.085480284897,1483.43988656866,1510.0177743837587,310788
2025-01-27,1431.0714111328125,1481.3724922406077,1409.661449551625,1481.3724922406077,427804
2025-01-28,1483.538330078125,1539.056609814725,1369.4502593060424,1442.0965355795156,1617043
2025-01-29,1513.26611328125,1541.3205482377778,1486.0483655103474,1490.330334181862,487256
2025-01-30,1496.0888671875,1570.014740928333,1479.5023216129714,1520.8456998616373,922102
2025-01-31,1598.8072509765625,1623.2195764801872,1498.4511827149574,1502.53632575424,2120516
2025-02-01,1571.688232421875,1683.0200195997525,1536.6939678361268,1613.9667103649062,2410489
2025-02-03,1484.3748779296875,1557.7594219876007,1450.9556954247855,1543.4861129077774,983607
2025-02-04,1497.959228515625,1563.468845601385,1466.7056024237104,1524.1926111416883,1684885
2025-02-05,1503.1270751953125,1547.4728172597693,1496.2857786807542,1506.0801735748712,595465
2025-02-06,1499.97705078125,1516.9080989540148,1483.9811023010404,1516.022145467352,360314
2025-02-07,1478.1436767578125,1505.0765776941369,1469.6280152128754,1505.0765776941369,452495
2025-02-10,1487.599853515625,1574.3893270723088,1453.5871271334272,1478.6387792399732,2881334
2025-02-11,1437.0511474609375,1486.263143228433,1421.851757459977,1481.3122333575857,607263
2025-02-12,1398.2359619140625,1426.7532515341943,1348.6774259082106,1425.862063570098,943374
2025-02-13,1396.552490234375,1454.2800189388142,1388.4329266295467,1403.186660208541,801247
2025-02-14,1337.5872802734375,1417.9901281758555,1326.8438301514266,1409.5240240451908,583800
2025-02-17,1281.9390869140625,1348.9743566416312,1276.344534717083,1324.9130077577215,828140
2025-02-18,1210.2994384765625,1302.0892563348627,1198.12015221687,1288.3752605850914,815372
2025-02-19,1338.528076171875,1391.7503586807477,1189.307576223903,1210.299507150498,4593601
2025-02-20,1334.31982421875,1360.906187178153,1305.5549883007084,1326.8439016480463,934356
2025-02-21,1306.248046875,1383.28425487231,1299.1187848192346,1330.804608839216,1016652
2025-02-24,1324.7149658203125,1360.955602881366,1259.9570387826575,1277.334781248372,2333905
2025-02-25,1318.130126953125,1374.0754055773398,1309.9116895190296,1324.8634123752086,1219387
2025-02-27,1297.0394287109375,1333.2305083642,1278.1764132224089,1323.873336793188,596439
2025-02-28,1243.668701171875,1295.1581696917297,1233.7668803026722,1272.383981692563,915025
2025-03-03,1202.427490234375,1277.4337769033436,1173.2666786174143,1250.3027658678598,1109785
2025-03-04,1251.39208984375,1317.9818309345396,1179.2572327230298,1179.306790172944,3853810
2025-03-05,1281.6915283203125,1289.167329450112,1244.856687600196,1257.87760429582,1099481
2025-03-06,1284.4639892578125,1330.5570078120486,1272.3838177030566,1305.3569252965417,845010
2025-03-07,1371.5504150390625,1385.2644095005714,1276.8890542611334,1290.2069518078947,4153076
2025-03-10,1347.1424560546875,1409.028823936656,1326.9427214036505,1382.2939130116456,1016946
2025-03-11,1300.6041259765625,1329.269848048097,1282.929400513562,1329.269848048097,954381
2025-03-12,1286.69189453125,1325.2595542452118,1276.0969959494955,1308.7730005014516,782310
2025-03-13,1290.5537109375,1359.1733732373975,1270.1064280605142,1294.712547942486,2045313
2025-03-17,1323.427734375,1341.6965430141772,1290.3060756055431,1297.7324402347729,1345787
2025-03-18,1354.37109375,1366.2532786782172,1326.200341126251,1327.3390746895725,1079993
2025-03-19,1625.235107421875,1625.235107421875,1358.529625338922,1358.529625338922,7963944
2025-03-20,1707.123291015625,1765.395476365895,1631.8199030857827,1693.2111858475052,11603199
2025-03-21,1684.8935546875,1715.2426551383776,1667.020843302236,1698.6075502987717,2377276
2025-03-24,1687.814697265625,1736.7791465197483,1664.5454213572932,1684.893587979572,2206937
2025-03-25,1702.9149169921875,1772.4256395347104,1675.3878112249888,1737.3237387652775,2495203
2025-03-26,1684.547119140625,1732.71949737594,1668.456661720472,1700.142485563235,1679494
2025-03-27,1679.2496337890625,1712.2721784457906,1661.525352281068,1678.3584458381465,986191
2025-03-28,1669.149658203125,1727.8674959559728,1657.6635718026523,1691.2307639500295,807872
2025-04-01,1674.645263671875,1688.2602658155488,1643.7020769817077,1663.5057164634147,605974
2025-04-02,1701.9248046875,1709.0540664653945,1629.2454245000652,1683.012232515252,1023221
2025-04-03,1712.915771484375,1746.9284971337574,1665.4860321263882,1665.4860321263882,2433114
2025-04-04,1620.1356201171875,1714.945539598676,1597.708096174895,1701.182107515005,1398649
2025-04-07,1508.542236328125,1524.8802388876354,1391.2056724916413,1406.157396114162,1453310
2025-04-08,1550.4271240234375,1583.3011201966096,1513.988375722712,1560.4279386945902,980915
2025-04-09,1550.971435546875,1568.8442676591085,1498.244247989716,1550.4269080106894,794242
2025-04-11,1599.242919921875,1636.7708417999413,1571.468387416242,1602.0649144402685,1169719
2025-04-15,1681.923095703125,1726.8773820006725,1615.2839206295191,1622.2151945251642,2473482
2025-04-16,1704.5982666015625,1736.383083762028,1671.526164527406,1698.1620837767528,2071724
2025-04-17,1697.7659912109375,1746.6810049805629,1686.2799044681965,1704.796259063422,1024910
2025-04-21,1723.1146240234375,1771.435552737505,1700.142450559137,1706.5786333946842,2091025
2025-04-22,1717.0745849609375,1740.6409649499542,1713.0148629283626,1730.8381389588312,794520
2025-04-23,1717.767822265625,1752.6221811349444,1677.368347368698,1725.887266507462,1300707
2025-04-24,1712.3216552734375,1796.1900161692158,1705.0932788552311,1716.8764679647734,2139815
2025-04-25,1600.92626953125,1721.9264588300368,1582.112811959214,1715.0941790110903,2245648
2025-04-28,1732.42236328125,1759.8504765751034,1606.4712641194888,1614.9868049497643,7642809
2025-04-29,1938.5782470703125,2000.068521261773,1737.670307623393,1737.7693016428552,17639880
2025-04-30,1898.1788330078125,2024.427033951212,1836.886545002888,1960.5602970033744,8792427
2025-05-02,1862.5322265625,1927.8842345120613,1854.6107710534625,1898.17877635317,3126898
2025-05-05,1910.9521484375,1918.9725979698208,1831.4404903792904,1875.9986776386515,2828373
2025-05-06,1814.904541015625,1940.2615531400788,1803.1213515019565,1915.011913127284,2019380
2025-05-07,1775.1983642578125,1922.9334724985697,1752.7211600015964,1782.3276264147405,4662211
2025-05-08,1759.25634765625,1839.7581942799884,1736.779264137298,1800.150913455877,1990407
2025-05-09,1777.3765869140625,1817.9740465594532,1724.1047500550414,1730.6400475734622,3822483
2025-05-12,1803.4185791015625,1841.5405872462852,1775.3963793113849,1831.8367550061691,1801294
2025-05-13,1896.00048828125,1905.1101140746655,1800.9430189719112,1816.983918569133,4553005
2025-05-14,2166.51806640625,2242.662960251136,2074.5302616552854,2153.6457012950614,17289335
2025-05-15,2236.623046875,2317.916840282422,2125.722667985792,2196.2235747880604,10837289
2025-05-16,2457.33447265625,2534.8657669229733,2230.681923240944,2250.683550084343,14393037
2025-05-19,2458.5224609375,2594.276491603997,2348.90937660662,2499.219032369652,9626311
2025-05-20,2370.891357421875,2489.7131810496394,2332.8684705584383,2470.503749593932,3436543
2025-05-21,2475.949951171875,2485.0595767086825,2325.8382717519016,2364.5544824628823,3981357
2025-05-22,2729.139404296875,2769.9348517209505,2420.4006282306746,2449.7101102406286,15650434
2025-05-23,2753.794921875,2867.863826048822,2719.732520172788,2781.420899616605,7939225
2025-05-26,2700.5234375,2759.9343579521237,2676.461966368159,2733.892522805212,2963815
2025-05-27,2787.3623046875,2831.92049428286,2705.1771994338364,2709.038812501308,4916001
2025-05-28,2863.408203125,2915.0956524176445,2795.184521919993,2799.244364600775,4612369
2025-05-29,3059.662353515625,3116.1027270270783,2889.351050989836,2890.2421180846623,5916123
2025-05-30,2973.71435546875,3074.5149253640343,2896.579278998457,3059.662196255996,4744712
2025-06-02,2936.879638671875,2998.666895127867,2844.7927181066407,2970.545824684971,2069290
2025-06-03,3119.568115234375,3157.393015941974,2934.6020856363925,2940.8402800336758,3890828
2025-06-04,3323.545654296875,3431.4754848699004,3154.818749804939,3154.818749804939,5974176
2025-06-05,3372.064697265625,3497.520704457508,3277.502319174635,3359.6874226463856,5836616
2025-06-06,3220.269775390625,3445.8332779696675,3166.106869628739,3391.373269266124,3760706
2025-06-09,3238.984375,3384.4420113228225,3184.425251145172,3307.702907789318,2891598
2025-06-10,3203.634765625,3279.7799069352086,3139.966256031936,3251.163501914633,1815766
2025-06-11,3068.177978515625,3230.567823161007,3003.221943960013,3214.1307056031005,2449663
2025-06-12,2949.05908203125,3129.965284044739,2936.5826922053607,3073.524910368513,2225357
2025-06-13,3039.165283203125,3126.994367337893,2859.645260567396,2871.527443090529,4781988
2025-06-16,3038.472412109375,3119.073125707993,2944.999091486419,3050.156365661561,2541470
2025-06-17,3142.6396484375,3172.9390722874964,3015.302147816851,3044.7105045732437,2933678
2025-06-18,3197.099609375,3253.737969998862,3081.5454212359427,3156.60102154946,3156544
2025-06-19,3108.08203125,3247.697686428754,3081.743336383029,3181.256622521077,2408455
2025-06-20,3255.322509765625,3267.600670131687,3082.436632157558,3108.0822498105226,3186035
2025-06-23,3458.408447265625,3503.659714016841,3223.0422461776616,3239.8753393220613,4933488
2025-06-24,3151.55126953125,3489.401314392108,3120.063434066269,3480.489676529018,5120055
2025-06-25,2973.615478515625,3177.4938431136184,2955.6930887174044,3164.621477903124,4434340
2025-06-26,2953.613525390625,3056.2955829481007,2813.799887917219,2997.28064435972,3889392
2025-06-27,3002.82568359375,3034.907479996425,2952.82149836053,2975.496566848045,2498494
2025-06-30,2985.5966796875,3028.9666990789424,2965.892154838157,3014.411072214707,1345451
2025-07-01,2953.9111328125,3032.1355171352866,2939.850595624733,2999.558623399595,1201055
2025-07-02,2944.206787109375,2979.358244826178,2906.1838985582285,2967.5751768241944,1120902
2025-07-03,2913.214599609375,2960.050015468974,2904.401834640026,2944.1082300923804,653274
2025-07-04,2944.701904296875,3008.172661831524,2925.98756277556,2925.98756277556,1417707
2025-07-07,2863.507080078125,2939.949319894792,2852.714193537276,2939.949319894792,860265
2025-07-08,2806.07666015625,2885.390334687784,2788.2533842384805,2861.625966797425,1028707
2025-07-09,2952.029541015625,2969.2586105115743,2809.146235097436,2811.720804904253,2437396
2025-07-10,2868.359130859375,2957.376391769523,2851.724025694098,2957.376391769523,1129182
2025-07-11,2774.093994140625,2876.9738074746974,2762.6077862173142,2866.477781553615,908759
2025-07-14,2642.795654296875,2771.1233331587664,2619.229275272888,2765.578217478896,1518404
2025-07-15,2647.152587890625,2718.0497191569943,2587.6427919090142,2648.6378609612025,1491543
2025-07-16,2598.633544921875,2659.628852838568,2594.2768408179622,2659.628852838568,784648
2025-07-17,2620.417724609375,2637.845025680709,2561.996982674254,2604.079720508875,1233673
2025-07-18,2592.49462890625,2685.3737547611013,2562.690293857204,2631.903923360991,1101399
2025-07-21,2560.80859375,2616.2587847474206,2530.0140791529784,2579.4240633621494,782808
2025-07-22,2604.4755859375,2623.784133625209,2556.0555443821404,2583.3846624221983,711531
2025-07-23,2620.71435546875,2634.478028762578,2584.374728516118,2618.1400276052923,566848
2025-07-24,2592.197265625,2639.8251147682004,2581.2063908760147,2631.8045441661584,337909
2025-07-25,2549.124267578125,2614.080298977443,2537.341199291552,2592.197181595367,574434
2025-07-28,2470.50390625,2561.699758364538,2460.602086986473,2530.0139367212514,790071
2025-07-29,2468.325439453125,2483.376155684305,2399.309810747944,2430.8965160306893,754649
2025-07-30,2531.2021484375,2549.6193875252807,2476.3459237665006,2481.395948371656,593948
2025-07-31,2586.256103515625,2616.456652582013,2478.7224902467337,2494.56540123238,1204116
2025-08-01,2555.362548828125,2596.1579974390143,2527.043489674188,2594.2767484028973,524864
2025-08-04,2598.831787109375,2631.903769380045,2540.9061398148933,2554.966675937644,491693
2025-08-05,2626.556884765625,2641.8055909544823,2609.1295847695133,2613.0903127919337,446123
2025-08-06,2570.215576171875,2665.4710438992984,2555.7590628530893,2648.6379485428047,525028
2025-08-07,2522.0927734375,2564.5714863007697,2476.4452846479635,2561.6009401776414,424286
2025-08-08,2493.080078125,2577.3444141869154,2450.70024374306,2521.0031598261944,1115222
2025-08-11,2519.02294921875,2658.4406199141777,2441.887869916153,2475.454942235407,1672950
2025-08-12,2485.059814453125,2543.084578624865,2461.592548482057,2534.766904452663,491328
2025-08-13,2613.189208984375,2623.882980354994,2480.4057164483115,2501.6946277870893,1042521
2025-08-14,2562.491943359375,2621.011797221859,2515.260309529231,2617.0510691565446,767020
2025-08-18,2646.260986328125,2652.6971683341617,2586.255869697476,2604.0791429449623,692470
2025-08-19,2576.849609375,2691.314748349584,2564.571448942392,2637.8449189121748,1043134
2025-08-20,2538.62841796875,2610.0203883175345,2527.9344050393643,2592.296228904448,551570
2025-08-21,2554.372314453125,2617.545970875178,2520.1121642118933,2544.76759793804,699951
2025-08-22,2527.736328125,2609.327217581408,2522.98340679644,2553.679044791216,475780
2025-08-25,2493.8720703125,2589.127514642952,2486.346591657033,2554.768253262284,575504
2025-08-26,2400.399169921875,2489.614665334864,2387.5268038474924,2473.474650292869,538682
2025-08-28,2314.748291015625,2410.00374604494,2306.133756418521,2410.00374604494,575561
2025-08-29,2328.61083984375,2406.1421347568657,2300.192666271687,2320.986487189339,775274
2025-09-01,2460.602294921875,2474.46484306228,2334.9482945466666,2336.82954366826,1258179
2025-09-02,2518.824951171875,2563.581128001071,2430.8967436240364,2470.4049076477995,1110683
2025-09-03,2476.841064453125,2541.202892019603,2462.6816557834145,2520.0130947182506,734035
2025-09-04,2381.58544921875,2506.447483070391,2373.763108933504,2488.327106014912,843683
2025-09-05,2382.675048828125,2408.122678454841,2364.5546694696386,2387.7248320961244,480856
2025-09-08,2347.2265625,2403.1718486342543,2341.1863552641453,2386.536741753566,440991
2025-09-09,2329.898193359375,2390.4972820414973,2326.9276474264902,2351.484208820401,380093
2025-09-10,2389.210205078125,2413.865883513282,2337.027658663887,2337.027658663887,708758
2025-09-11,2333.066650390625,2430.896674902433,2327.917752625506,2396.240306828467,959367
2025-09-12,2561.878662109375,2566.343767038124,2338.722737124865,2351.621929141252,4291340
2025-09-15,2472.27880859375,2594.1263535163635,2462.6538341314063,2554.039735070786,2942377
2025-09-16,2421.37646484375,2490.5359198252727,2407.782751499763,2478.628975188658,1588077
2025-09-17,2583.41015625,2604.6441103842653,2431.001169691981,2433.3824616939414,6160562
2025-09-18,2606.033447265625,2705.853440046017,2550.070898759906,2598.6909275689472,5290008
2025-09-19,2585.09716796875,2642.349683061375,2575.869236660657,2614.269087848601,1784478
2025-09-22,2647.707763671875,2738.597547285093,2634.4117710296814,2674.1015905555523,3371327
2025-09-23,2660.01171875,2674.1015560503897,2599.683145399637,2660.2101193955828,1515851
2025-09-24,2693.748046875,2723.7138115802404,2640.365192209479,2672.0177257620226,2583699
2025-09-25,2695.83154296875,2807.856198656585,2668.4457141332623,2713.4935602759933,3692647
2025-09-26,2591.2490234375,2703.5711612614687,2584.7994279359323,2702.876637887708,1374928
2025-09-29,2474.263427734375,2629.3512025799864,2462.257160518147,2609.6056144117374,1906360
2025-09-30,2509.488037109375,2539.156078841655,2476.6446161738063,2489.543806883045,1095838
2025-10-01,2623.6953125,2724.7059455288118,2496.3901756268647,2510.3809330618687,3349596
2025-10-03,2703.2734375,2712.6006901834107,2611.788454430037,2634.411699394093,1566682
2025-10-06,2723.118408203125,2771.540036250696,2664.9729682145407,2706.7463577242643,1737848
2025-10-07,2689.3818359375,2758.442212693836,2672.4145849416795,2737.406658658027,978883
2025-10-08,2662.7900390625,2716.7680957086527,2642.349685490191,2703.57118251376,1078745
2025-10-09,2700.89208984375,2714.7835260148786,2654.3558755694376,2678.0704447054677,844152
2025-10-10,2639.372802734375,2751.8933358467166,2632.526406272865,2717.760190484757,1324205
2025-10-13,2585.39501953125,2636.4956637266605,2579.8383477294715,2636.4956637266605,659926
2025-10-14,2542.529541015625,2609.506106172991,2531.218040243569,2597.6984826960656,692581
2025-10-15,2598.988525390625,2616.5512212017666,2525.7607635832755,2547.6894846720656,906814
2025-10-16,2592.7373046875,2620.520176685682,2570.0149812736686,2599.683022687045,613347
2025-10-17,2576.265869140625,2649.890671889463,2569.9155954562234,2587.776012721942,1065579
2025-10-20,2616.55126953125,2621.5124968151545,2577.8536967167947,2592.737378568508,592875
2025-10-21,2621.810302734375,2634.3124505411165,2615.8568298033265,2623.497071615352,153503
2025-10-23,2589.959228515625,2639.769905567496,2583.31123192808,2634.4118766157294,483335
2025-10-24,2591.348388671875,2660.210127984052,2583.8072261359466,2614.566835970898,1611348
2025-10-27,2553.9404296875,2598.19467301242,2538.759268321377,2593.7295685524023,697354
2025-10-28,2551.9560546875,2593.729686320246,2533.2027120029024,2568.9235493049414,601347
2025-10-29,2546.201171875,2560.985532330436,2512.464826234072,2551.956001745217,357133
2025-10-30,2532.805908203125,2572.0986838480235,2525.2647456589625,2553.8414639218,428032
2025-10-31,2536.278564453125,2557.016396419181,2525.3638650504818,2531.4164166435003,434933
2025-11-03,2553.841552734375,2559.9934264725343,2526.2570789918886,2536.2788555836446,374801
2025-11-04,2536.377685546875,2569.6179070040685,2530.225812413236,2559.993174912215,359062
2025-11-06,2564.160888671875,2628.2600477711635,2551.063295928732,2604.346833240181,1372854
2025-11-07,2554.13916015625,2587.478462585829,2505.419810700683,2550.070856831982,545511
2025-11-10,2661.698486328125,2726.69056493185,2559.993325154357,2564.8552310822283,3632699
2025-11-11,2770.234619140625,2783.06222732315,2669.7032561999067,2676.862721612024,3367115
2025-11-12,2800.76220703125,2848.492300504359,2730.4595626389028,2789.227337334792,2497852
2025-11-13,2734.337646484375,2848.4921630874137,2724.592704316836,2796.784564319357,1500945
2025-11-14,2880.8095703125,2888.0683278618767,2726.1839539777397,2727.5759846061046,3473994
2025-11-17,2871.85986328125,2962.845344602857,2856.9442106055767,2918.4960402067413,2463454
2025-11-18,2841.531494140625,2899.7025421272083,2817.9645676651576,2863.8054393394805,1277240
2025-11-19,2813.489990234375,2846.901152208492,2786.2441594440074,2838.5484830988653,698504
2025-11-20,2904.67431640625,2947.034624595889,2813.0921113269847,2819.0583724326625,3107722
2025-11-21,2801.06005859375,2898.6085249274097,2794.198955418876,2898.6085249274097,1204830
2025-11-24,2696.650634765625,2794.1991063691185,2689.7895312200944,2794.0002795414425,1036557
2025-11-25,2694.86083984375,2794.198991583315,2684.81753639678,2696.7500587807654,1561183
2025-11-26,2742.29248046875,2762.9755671627936,2709.676871770579,2709.676871770579,809480
2025-11-27,2769.637939453125,2851.674031076725,2740.4031138684045,2755.4183016848096,1752370
2025-11-28,2777.493408203125,2849.8840924619267,2759.594624649631,2783.2608425683643,1590264
2025-12-01,2719.620849609375,2829.0023097399167,2710.7709922150243,2799.171002431587,1149897
2025-12-02,2593.732666015625,2745.7730430370902,2580.5076471684,2724.0955775857856,1711353
2025-12-03,2545.704345703125,2618.1943230941324,2525.120550088189,2605.1678888686965,1570551
2025-12-04,2536.755126953125,2574.441916142565,2525.71744573276,2556.5431310940653,996024
2025-12-05,2457.005615234375,2560.221978871928,2449.150135374594,2540.6328038498123,1223554
2025-12-08,2350.309326171875,2463.071568959808,2342.851499459239,2459.094061379735,1131826
2025-12-09,2432.245849609375,2442.388445236526,2277.123056257346,2338.774422845973,1954181
2025-12-10,2381.035400390625,2442.090042721381,2369.600066456822,2434.234562604406,761770
2025-12-11,2380.93603515625,2410.270154727654,2337.780173300697,2377.6547854862365,904753
2025-12-12,2336.78564453125,2431.2514471825134,2327.040702651562,2389.4876186419547,1025850
2025-12-15,2336.686279296875,2376.163238115249,2317.3954637259108,2336.7858140982157,872274
2025-12-16,2277.22265625,2334.3993285135325,2268.173729271608,2329.82509762533,817680
2025-12-17,2222.432373046875,2295.021886797399,2209.505473337877,2282.094987088402,1019581
2025-12-18,2209.7041015625,2235.35907184812,2156.405650136396,2213.085128381655,1775059
2025-12-19,2284.28271484375,2299.9939194401813,2208.014050201869,2223.3273583517166,1240287
2025-12-22,2413.3525390625,2428.2681913434794,2301.982335364519,2301.982335364519,1959258
2025-12-23,2407.088134765625,2459.4917493098965,2384.615362285679,2424.290903842761,1429945
2025-12-24,2440.002197265625,2496.8805099910305,2398.437192392818,2406.491742757977,1436916
2025-12-26,2482.16357421875,2515.276373608908,2434.2346560959118,2443.084513416592,1381625
2025-12-29,2469.435546875,2565.1940928576814,2456.807008540193,2497.874823903958,1552839
2025-12-30,2400.72412109375,2483.7545895761696,2378.5494683826114,2475.799574631746,1081551
2025-12-31,2430.356689453125,2453.6250119118567,2404.4033551379407,2414.347124183176,658122
2026-01-01,2428.367919921875,2442.686850147188,2392.470816793867,2436.223400309632,641933
2026-01-02,2423.29638671875,2480.9702440965457,2397.4425885838764,2436.223285786187,760901
2026-01-05,2487.93115234375,2505.82993761241,2424.489853782381,2436.2235504565097,1684840
2026-01-06,2493.400146484375,2534.6667889885034,2467.8447079932107,2496.383277267806,1158517
2026-01-07,2489.522216796875,2494.8917551931563,2448.056503973001,2490.019405269413,569122
2026-01-08,2445.5703125,2537.6497053416906,2416.3357303998077,2485.9421094648224,1022488
2026-01-09,2440.399658203125,2553.5597942104,2418.4240751052125,2441.195208250206,2847446
2026-01-12,2466.452392578125,2493.2012771408104,2373.7765130399803,2446.167200703799,1414465
2026-01-13,2435.626708984375,2502.249962029256,2410.369632549108,2481.8652353513444,954435
2026-01-14,2417.330078125,2465.855716070781,2410.3694403023446,2426.279469611271,606996
2026-01-15,2417.330078125,2417.330078125,2417.330078125,2417.330078125,0
2026-01-16,2410.468994140625,2438.2120108601835,2396.448183594226,2428.168707672447,610176
2026-01-19,2365.821533203125,2421.3078142138243,2355.8777639455734,2386.504621812393,523626
2026-01-20,2266.08544921875,2387.498967365139,2258.229968715631,2371.5889367621226,957562
2026-01-21,2261.312744140625,2299.596257139521,2220.443753935977,2252.263816688306,1352692
2026-01-22,2288.85693359375,2315.2079230166214,2260.218828610803,2289.0557604320584,674627
2026-01-23,2222.233642578125,2305.960132693289,2202.346103701944,2298.0051171428163,538599
2026-01-27,2374.17431640625,2396.448261229231,2176.492145723077,2230.38732362538,1853924
2026-01-28,2504.537109375,2513.784863319729,2382.2287477498708,2392.868532280773,2417633
2026-01-29,2570.46435546875,2633.0105670498237,2535.661163034937,2579.6125746406483,3427892
2026-01-30,2748.656494140625,2794.199003317653,2513.7847261163797,2559.52606211375,5213657
2026-02-02,2568.97265625,2585.2803398908995,2475.99841844881,2522.7341315681247,1849047
2026-02-03,2538.809326171875,2700.5448169009496,2527.840824731732,2687.282852835017,1444609
2026-02-04,2515.177001953125,2556.558166567058,2496.2314085154208,2538.809331678641,752711
2026-02-05,2432.11572265625,2511.78683124079,2426.033092659326,2503.8097392797235,624915
2026-02-06,2394.523681640625,2448.768057562528,2380.165012290397,2413.0705193727536,713281
2026-02-09,2507.499267578125,2531.43054510244,2411.076210574716,2415.064756828768,1128413
2026-02-10,2508.197021484375,2587.5691832091343,2492.8412169644835,2520.063091742041,1340856
2026-02-11,2476.48828125,2516.273929781164,2454.95003571279,2513.6812775333706,548101
2026-02-12,2489.05224609375,2499.52218003142,2448.26945794173,2476.488471433473,668281
2026-02-13,2425.833740234375,2480.87562667158,2417.158701321377,2472.8985346244044,440467
2026-02-16,2423.540283203125,2440.9901720967905,2384.6519593829557,2417.1587069271964,378824
2026-02-17,2430.021728515625,2480.875691648286,2420.0503631954957,2426.033182387573,598812
2026-02-18,2498.0263671875,2507.299785533976,2407.1873760632598,2435.0073876611527,948899
2026-02-19,2441.388916015625,2517.7696695047366,2424.0388382439664,2503.8097584658985,442428
2026-02-20,2470.206298828125,2540.703800652428,2413.2697073317127,2425.0359667137773,1067714
2026-02-23,2439.095703125,2479.379920564722,2425.23535963565,2476.8870793013352,411712
2026-02-24,2409.381103515625,2433.0131911512035,2388.1420462324318,2418.056142844946,377293
2026-02-25,2416.361083984375,2440.9903084243674,2401.104845868414,2420.050440582492,336511
2026-02-26,2462.4287109375,2480.8757371178376,2411.4749358411405,2415.0647247987954,559425
2026-02-27,2427.130126953125,2455.7478966982617,2419.4519809128747,2451.659539545441,280499
2026-03-02,2363.91162109375,2485.163525550766,2337.886502645533,2363.21367418209,1281767
2026-03-04,2307.87255859375,2380.6635271732894,2293.4140785334307,2363.911584346128,596042
2026-03-05,2402.20166015625,2512.5846229658914,2315.350972883782,2328.313747495104,3792001
2026-03-06,2515.974853515625,2568.6237111910787,2418.454851817035,2425.733997202429,4692276
2026-03-09,2464.024169921875,2515.9748369278973,2429.024580437965,2515.9748369278973,1117486
2026-03-10,2504.607666015625,2532.7268683857724,2444.081525368888,2512.7841371386403,1076740
2026-03-11,2442.087158203125,2566.629412668915,2393.127657500154,2511.786903851203,694118
2026-03-12,2416.859619140625,2432.1158570474827,2384.851438501562,2411.0761784609717,588730
2026-03-13,2302.587646484375,2418.554674623827,2294.411175555319,2416.85959119634,600975
2026-03-16,2297.901123046875,2329.809491863321,2235.580090202254,2307.373920039257,808957
2026-03-17,2350.051513671875,2361.618151803235,2279.2548172980487,2312.2598916552856,571325
2026-03-18,2385.7490234375,2397.116282809648,2343.2709087365524,2370.1935957731,703469
2026-03-19,2289.22607421875,2364.4100705458545,2282.644875801758,2333.598649415241,447708
2026-03-20,2274.26904296875,2344.267978583533,2261.804836362074,2308.371063556307,489233
2026-03-23,2130.0830078125,2242.560057143673,2098.0750712476697,2242.560057143673,951888
2026-03-24,2148.829345703125,2242.560184912449,2114.4281334401285,2193.7004921331204,1178824
2026-03-25,2170.76611328125,2227.60289254493,2161.7918849764587,2175.751795672801,808970
2026-03-27,2062.47705078125,2159.797671103234,2054.101201510924,2148.829169541768,1065721
2026-03-30,1967.1510009765625,2145.8378190005706,1958.0769611497133,2043.6313243688053,1785373
2026-04-01,2352.544189453125,2360.521281440629,2046.124094794816,2059.0868692745103,9291894
2026-04-02,2248.842041015625,2305.379632980428,2183.7289776068937,2295.4082677858764,4136283
2026-04-06,2253.030029296875,2300.792772550186,2174.854621341836,2263.49996304665,2896110
2026-04-07,2298.698974609375,2319.938032156452,2222.6174059246327,2238.5715909828627,2040364
2026-04-08,2470.305908203125,2498.8241099470506,2385.2503581125825,2442.984465032033,3031579
2026-04-09,2516.373779296875,2572.612180755381,2444.0813827446405,2456.944346271806,2601637
2026-04-10,2532.52734375,2633.437509354254,2518.766811294527,2532.6269113355693,2321199
2026-04-13,2514.678466796875,2532.527356387986,2434.0102205271746,2434.0102205271746,1368690
2026-04-15,2558.552490234375,2612.397862123768,2547.6837995814626,2591.557806306153,1014010
2026-04-16,2600.332763671875,2631.1441859259785,2553.6667240865536,2573.410076615906,1261148
2026-04-17,2704.234375,2720.288371136758,2598.6377097245163,2607.512127811578,2245038
2026-04-20,2660.160888671875,2734.846317539645,2652.383175034219,2704.2342746965423,1421551
2026-04-21,2699.7470703125,2771.042329971722,2660.36017861265,2660.36017861265,1745029
2026-04-22,2809.7314453125,2819.902189528432,2692.667467192893,2699.7472341401085,2097582
2026-04-23,2871.3544921875,2931.581442125296,2772.8373528590632,2801.9536912830204,2652583
2026-04-24,2870.456787109375,2970.4696265124157,2809.93065039006,2885.713024211793,3648371
2026-04-27,2843.235107421875,2929.78661005439,2813.5206325030213,2891.696041914719,1603369
2026-04-28,2867.066650390625,2926.3962726217965,2818.0075828810545,2846.8247305881546,1599578
2026-04-29,3063.9013671875,3329.438873827357,2995.796893496974,3091.123243146093,17027141
2026-04-30,2922.40771484375,3105.0830737027613,2876.738814268615,3063.203340531433,4007073
2026-05-01,2922.40771484375,2922.40771484375,2922.40771484375,2922.40771484375,0
2026-05-04,2770.344482421875,2970.469736202821,2752.096835152664,2947.535595909882,3203077
2026-05-05,2908.048828125,2920.4134669468176,2772.637884459929,2772.637884459929,3139248
2026-05-06,3012.349365234375,3065.696167961961,2917.820776385785,2924.302163633062,3680289
2026-05-07,3084.941162109375,3121.0374571749744,3016.338117557284,3020.326663828434,2623449
2026-05-08,3042.562744140625,3120.837961783272,3026.309370005501,3092.220192046815,1371456
2026-05-11,2933.177001953125,3018.3323667912323,2906.6530720833966,2996.495173506228,1396305
2026-05-12,2783.307373046875,2932.578669773418,2770.244786525737,2918.5189466763622,1299830
2026-05-13,2845.229248046875,2875.7417229275043,2792.0820662980086,2792.0820662980086,1693895
2026-05-14,2697.653076171875,2859.289005378241,2656.371721125592,2847.2235559649826,2729454
2026-05-15,2678.208984375,2728.6641915980863,2630.4462406123707,2711.214301829051,1375094
2026-05-18,2574.307373046875,2651.3860767687383,2542.698193215601,2647.6967202355177,1496793
2026-05-19,2650.887451171875,2677.311569078986,2587.569281847288,2587.569281847288,1343404
2026-05-20,2639.819091796875,2648.394563135447,2579.592144138329,2627.45469648415,1184785
2026-05-21,2682.895751953125,2736.0429363677054,2667.739081339648,2702.2401040297086,1328528
2026-05-22,2686.285888671875,2721.185668220322,2666.8417257805977,2689.67605559425,668064
2026-05-25,2668.0380859375,2744.0198385940707,2657.368774069504,2725.174056109552,922534
2026-05-26,2654.8759765625,2717.0971978478588,2647.397452684859,2668.0381298988414,744373
2026-05-27,2643.907470703125,2684.291499578658,2622.369224592894,2654.8759723730227,637795
2026-05-28,2643.907470703125,2643.907470703125,2643.907470703125,2643.907470703125,0
2026-05-29,2647.197998046875,2702.2398835172985,2608.70843221869,2647.3973766562463,1118570
2026-06-01,2594.150390625,2668.636437764514,2582.583509960536,2656.2717992194785,687343
2026-06-02,2607.412109375,2622.468967745128,2547.7835420479323,2562.640778366912,654353
2026-06-03,2600.7314453125,2626.1584267928392,2567.626561249934,2607.412211366086,528597
2026-06-04,2668.8359375,2701.2428749065944,2582.5836271716794,2582.5836271716794,1188201
2026-06-05,2651.0869140625,2715.900790234615,2632.63988776736,2673.323107960626,715283
2026-06-08,2603.5234375,2629.4489868584837,2577.5978881415167,2577.5978881415167,493862
2026-06-09,2664.947265625,2680.502449884356,2605.019261037529,2613.594732823686,692367
2026-06-10,2596.54345703125,2685.687363133361,2585.874145124228,2677.311513874388,504556
2026-06-11,2528.838134765625,2578.3957732577246,2522.7555043547927,2567.6266496891662,635680
2026-06-12,2641.115478515625,2651.6852231110115,2567.626564937564,2567.626564937564,808526
2026-06-15,2661.556884765625,2706.228651803528,2652.3832770071426,2692.26873981928,585709
2026-06-16,2655.573974609375,2676.0152736021664,2635.132675616584,2665.345961352773,393126
2026-06-17,2810.32958984375,2826.882154154748,2662.454432406103,2662.454432406103,2606074
2026-06-18,2817.2099609375,2854.60258179523,2786.9966745961456,2823.890727175773,1745631
2026-06-19,2790.287109375,2851.810382576545,2767.053780297172,2801.9535577063257,1347157
2026-06-22,2852.408935546875,2926.2966084389573,2836.85350786352,2852.807692793508,2757228
2026-06-23,2794.176025390625,2856.796250173487,2782.2103866464427,2851.810567363411,809861
2026-06-24,2774.731689453125,2820.001832611376,2759.076695093736,2781.1135091171022,747160
2026-06-25,2716.99755859375,2800.956402423809,2707.225572296419,2776.2273687657243,615904
2026-06-26,2716.99755859375,2716.99755859375,2716.99755859375,2716.99755859375,0
2026-06-29,2670.13232421875,2747.01140679054,2655.5740330925087,2722.18280386814,625687
2026-06-30,2718.3935546875,2740.131179692142,2648.5939977084427,2672.1265171522814,950291
2026-07-01,2730.75830078125,2762.068291620109,2692.268731904078,2724.1771020599776,666552
2026-07-02,2763.364501953125,2780.016633241552,2725.174124336141,2739.134035693882,485732
2026-07-03,2740.6298828125,2801.654592657254,2734.1484950598056,2775.928420273633,530210
2026-07-06,2757.780517578125,2784.803015557056,2719.29119267444,2737.139839607101,539426
2026-07-07,2687.58203125,2753.991175445393,2678.308613201021,2751.199388025508,539656
2026-07-08,2612.098876953125,2691.869797080672,2598.5377231548305,2662.354459256868,424615
2026-07-09,2619.77685546875,2650.0897086216246,2599.834124857244,2612.3978990775718,315209
2026-07-10,2654.37744140625,2667.3402162891507,2617.483389816456,2634.035953582005,314601
2026-07-13,2633.038818359375,2642.611182981962,2600.2328804591384,2623.4662102952525,260024
2026-07-14,2609.107666015625,2631.4434279746,2603.523603805108,2612.4978330024446,212911
2026-07-15,2612.697021484375,2645.403147533823,2600.532004812744,2622.56881894793,259911
2026-07-16,2583.38134765625,2627.354922173577,2574.107929321347,2617.583179019638,272224
2026-07-17,2573.808837890625,2580.58941518142,2557.1567060404755,2580.58941518142,245213
2026-07-20,2554.364501953125,2598.5376972212075,2545.6894631641376,2562.6407835220657,280972
2026-07-21,2612.198486328125,2628.4518602524386,2544.692392778537,2552.868863534112,312416
2026-07-22,2581.38720703125,2633.537498450298,2573.6094930790828,2617.483502259819,304900
2026-07-23,2567.028076171875,2596.5434135799624,2557.156522321741,2572.6121378787648,262762
2026-07-24,2558.452880859375,2580.090694225053,2528.2395962155065,2543.695211968352,284650
2026-07-27,2639.9189453125,2651.38601532991,2562.640864760387,2571.9142831149475,479760
2026-07-28,2603.224365234375,2642.112691025536,2582.5836871566057,2642.112691025536,332253
2026-07-29,2618.580322265625,2657.368835660948,2576.700588270218,2601.5291903337384,856027
2026-07-30,2578.79443359375,2608.209961096388,2559.350271346244,2608.209961096388,414345
2026-07-31,2593.75146484375,2624.9618865804778,2582.6833955464504,2607.511997495897,441279
2026-08-03,2575.304443359375,2615.2897152166142,2567.626540838185,2607.5120016667397,317050
2026-08-04,2539.60693359375,2582.2844258116547,2536.7153350302747,2574.6065232107585,465645
2026-08-05,2500.120361328125,2560.6464973712987,2492.8412162882582,2551.7720800179227,519110
2026-08-06,2591.95654296875,2636.9274968813224,2464.6222595142144,2500.8183634631714,1437003
2026-08-07,2591.557861328125,2633.437595909033,2578.2958966891965,2581.586495951718,356679
2026-08-10,2579.492431640625,2590.261555018092,2546.18816840447,2585.5750619435253,307551
2026-08-11,2568.025390625,2604.5206859750806,2564.1366554306737,2582.5836817287363,251700
2026-08-12,2569.0224609375,2576.600795949259,2539.3079870687134,2571.615113294559,307019
2026-08-13,2624.762451171875,2662.254637414592,2569.022374894281,2569.022374894281,975141
2026-08-14,2611.101806640625,2658.066790991321,2596.244326325328,2628.451884831564,433845
2026-08-17,2592.65478515625,2642.4118005523,2582.583608841682,2614.491977754012,276098
2026-08-18,2669.33447265625,2680.3029744116548,2585.4751936769503,2592.554960368416,1265997
2026-08-19,2630.745361328125,2698.251455862998,2622.4690794233866,2681.300134817295,479078
2026-08-20,2610.303955078125,2647.9957631298403,2604.520514741466,2643.4088378941906,279800
2026-08-21,2594.05078125,2652.2834594355577,2585.475309389911,2606.5149883480685,363828
2026-08-24,2588.666259765625,2654.975839442397,2581.586492979912,2606.514906392232,489377
2026-08-25,2600.033447265625,2614.4919266463926,2569.6207837405623,2584.8770210168504,344854
2026-08-26,2622.768310546875,2669.434349675429,2593.55216100602,2610.403671288381,737510
2026-08-27,2635.431884765625,2658.2662142377167,2624.9619510577027,2631.4433385911784,384851
2026-08-28,2605.41796875,2642.411831771415,2599.634771569542,2634.434739449086,199226
2026-08-31,2558.15380859375,2604.620469010892,2535.818047341444,2604.620469010892,393623
2026-09-01,2522.954833984375,2563.7378646834427,2506.402513425171,2556.65809784711,327932
2026-09-02,2487.95556640625,2527.741218384079,2479.878662769706,2515.7755794804857,273379
2026-09-03,2502.61328125,2529.2367775889456,2493.838431204397,2499.8212503116447,270890
2026-09-04,2525.9462890625,2557.05690109495,2510.690050982281,2510.690050982281,299818
2026-09-07,2499.422607421875,2535.219712674566,2494.835681853201,2522.7555056309347,215499
2026-09-08,2518.4677734375,2561.5440243555718,2504.8070511858223,2510.789870575597,348575
2026-09-09,2486.7587890625,2545.9888472548114,2480.9755917224898,2518.4677806068835,237008
2026-09-10,2428.32666015625,2501.416817094301,2412.073285895353,2490.847072412812,370821
2026-09-11,2420.548828125,2442.186641257627,2352.9429254524,2411.076031475284,460144
2026-09-14,2420.548828125,2420.548828125,2420.548828125,2420.548828125,0
2026-09-15,2352.045654296875,2430.620060167628,2343.270804298854,2427.5288396023657,270785
2026-09-16,2307.972412109375,2363.213680945577,2283.4427550064856,2363.213680945577,428399
2026-09-17,2333.10009765625,2365.1080341504667,2313.0575560603625,2313.1573670898088,269660
2026-09-18,2411.800048828125,2430.0,2345.0,2349.0,531793
2026-09-21,2372.199951171875,2418.800048828125,2366.10009765625,2408.0,180334
2026-09-22,2399.699951171875,2459.199951171875,2386.89990234375,2390.199951171875,584333
2026-09-23,2380.60009765625,2415.300048828125,2376.0,2407.0,190571
