Date,Close,High,Low,Open,Volume
2021-07-27,69.31744384765625,72.78331604003907,69.21842043887425,71.29794224330357,3798754
2021-07-28,67.68353271484375,70.10964783823731,65.85157316779276,69.31744543978186,6030700
2021-07-29,71.05037689208984,71.05037689208984,67.68352825310201,68.32719171504111,4868533
2021-07-30,74.21917724609375,74.56577052283504,71.05038271161824,71.05038271161824,6499927
2021-08-02,73.47648620605469,76.10064804662842,73.0803925776676,75.55601553009534,3410171
2021-08-03,70.95136260986328,74.71430535077218,70.80282370647159,74.16967277833926,2757267
2021-08-04,68.67378234863281,72.28819353645602,68.32719663034884,72.23867805312887,3118601
2021-08-05,71.4959945678711,72.09015017633178,65.50499099257992,68.67378564769241,4874822
2021-08-06,71.05037689208984,73.67453866460984,70.80281460326724,72.93185179814199,1330330
2021-08-09,68.2281723022461,71.79306795885796,67.98060999893968,71.29794335224516,2306241
2021-08-10,66.24767303466797,70.30769324634379,64.86132264275378,68.07963254487515,4302595
2021-08-11,64.66326904296875,66.34668948552647,62.97984104540999,65.35644038872756,5520154
2021-08-12,67.58450317382812,67.88158093505426,64.36619349888393,65.1583958254861,3002807
2021-08-13,68.47573852539062,69.81257352877087,67.53499718597314,68.3271996239034,2104088
2021-08-16,65.60400390625,68.82231353183963,65.35644162735849,68.52523577516934,1579860
2021-08-17,62.88082504272461,66.19815839618292,62.38570043608898,66.19815839618292,2976507
2021-08-18,60.00909805297852,63.62350902616568,59.81105124143467,62.97984555614578,3186327
2021-08-20,57.28591537475586,60.40520190200745,57.03835307187878,58.42470347899081,4680541
2021-08-23,58.37519073486328,59.91007622988071,55.00834196466302,58.42470243905722,5035987
2021-08-24,61.246917724609375,61.246917724609375,57.92958407895196,59.21690741409508,2514939
2021-08-25,64.26717376708984,64.26717376708984,62.08862479951884,62.880823393862606,1794208
2021-08-26,67.43596649169922,67.43596649169922,63.67302420516625,66.24767051805756,4612796
2021-08-27,67.73304748535156,69.51549153062281,65.85157247506365,67.23792288027589,3661275
2021-08-30,69.56501007080078,70.70379822352965,68.32719850370468,68.82232313054313,2771576
2021-08-31,67.43596649169922,71.00086196762575,67.13889627578958,71.00086196762575,3051283
2021-09-01,67.53499603271484,69.41647112441852,67.08938689086497,68.72329966931822,2354107
2021-09-02,67.93109893798828,69.31744943774363,67.33695088237954,67.53499771591497,1879461
2021-09-03,68.129150390625,69.26793096688375,65.50498840685054,68.72329842063003,2102786
2021-09-06,71.4959945678711,71.4959945678711,69.31744918685656,69.31744918685656,5544083
2021-09-07,72.88233947753906,73.7735652669319,70.01061529171854,72.1891680607901,4688394
2021-09-08,74.07064056396484,74.76381195746389,72.13965015921484,72.98136043846412,3392689
2021-09-09,74.5657730102539,75.06089764497007,72.38722008450141,74.26869520742328,2334640
2021-09-13,77.33845520019531,77.73455636144497,73.32795077442088,74.96185578769865,5955645
2021-09-14,78.62578582763672,80.11115958676713,77.63553665488311,77.73456006115815,4552200
2021-09-15,78.97237396240234,80.11116205718658,78.47724936075718,79.31895967255358,2935022
2021-09-16,76.24918365478516,80.11115680544339,75.85308248843535,80.01213340260627,3974921
2021-09-17,73.57551574707031,76.74431004297311,72.43672769994848,76.2491854620507,26647927
2021-09-20,70.10964965820312,73.22892873996462,69.91159527594701,73.17942081065222,3138674
2021-09-21,73.47648620605469,73.57551716815314,67.33694430603457,69.31744266797675,2666291
2021-09-22,72.58345794677734,75.01447977525342,72.43461817618989,74.41912826320879,1233981
2021-09-23,72.385009765625,73.82378426738272,72.1865617648406,72.93075312324103,1588638
2021-09-24,70.54933166503906,72.93074526953384,70.0532041461987,72.43461775069348,1509530
2021-09-27,71.09508514404297,72.53385212657606,70.5493417670511,70.5493417670511,1344333
2021-09-28,70.10282135009766,71.93849169303118,68.96172651952644,71.44236416411373,2031416
2021-09-29,72.13694763183594,73.22843437206922,68.46560654108843,69.75554128665169,1660814
2021-09-30,70.8470230102539,72.63307783352029,70.45011941498146,72.38501403276331,1498776
2021-10-01,71.6904296875,72.33539700497805,70.05320728784201,70.45011083477509,1232045
2021-10-04,75.2625503540039,75.2625503540039,72.43462473788729,72.93075230458516,2610560
2021-10-05,78.98350524902344,78.98350524902344,77.39589858694218,77.89202614198668,5959439
2021-10-06,78.28893280029297,81.96027382488359,78.14009301382448,81.36492224931565,6775422
2021-10-07,78.63621520996094,80.37266160260992,78.04086367511381,80.37266160260992,2119318
2021-10-08,75.95712280273438,79.87652700008232,75.36176375021661,79.47962348850542,4883447
2021-10-11,78.23931121826172,79.72769383206621,77.69357546871667,78.88427853163809,5509327
2021-10-12,76.25480651855469,79.2811877444582,75.41139115782443,78.38815659826487,6470080
2021-10-13,74.61758422851562,77.29667767486043,73.97262443746237,77.29667767486043,4943113
2021-10-14,78.33853912353516,78.33853912353516,75.5106135301584,76.10596509134733,5525548
2021-10-18,78.38814544677734,82.20832570448968,77.8424021655449,82.20832570448968,9025802
2021-10-19,74.76641845703125,78.884278536189,74.46874647643645,78.38815099822554,4170863
2021-10-20,72.83152770996094,75.21294152470547,71.04546545632607,74.86564617461116,3598998
2021-10-21,71.83927154541016,73.77416598360183,70.9462404315118,73.3772624251686,2351903
2021-10-22,71.24392700195312,73.57572522798239,70.84702340447215,72.43463022408955,2197418
2021-10-25,68.86251068115234,72.83153138242561,68.2671590900226,72.13694821751906,3086093
2021-10-26,72.2857894897461,72.2857894897461,70.05321529951182,70.45011889183696,5090283
2021-10-27,75.80829620361328,75.85790441973428,73.02997871042871,73.52610629347552,8679347
2021-10-28,72.13694763183594,76.75093567366616,72.03772362917096,76.20519987385568,4508738
2021-10-29,70.69817352294922,73.6749387239155,68.96172715571889,72.33539589754176,2557800
2021-11-01,72.98036193847656,73.82377721671736,71.93849110809923,72.43461863298268,1971404
2021-11-02,75.46100616455078,76.60209351536578,72.08733718613908,72.7819127536183,5302109
2021-11-03,73.12919616699219,75.21293788551255,72.5338446346887,75.21293788551255,4474557
2021-11-04,75.36177825927734,76.05636143083807,73.42688367699262,73.42688367699262,2720262
2021-11-08,74.46875,76.85015623865884,74.02223065252211,76.85015623865884,2563299
2021-11-09,75.6098403930664,79.08273346359346,74.56797701409197,74.56797701409197,5411903
2021-11-10,74.2206802368164,76.4036383030677,73.92300069582524,75.41138326017071,3541154
2021-11-11,73.02996826171875,75.60982981038909,71.93848924923957,74.41912680955818,5393234
2021-11-12,75.16332244873047,76.40364130101975,72.5338449678161,73.82377960231914,5383695
2021-11-15,73.82378387451172,75.41139058325592,73.02997673498665,75.41139058325592,3470017
2021-11-16,73.82378387451172,75.60983858298422,73.02997673498665,73.42688030474919,4678058
2021-11-17,74.02222442626953,77.0982135343938,73.52609690656222,73.9230004363891,6729681
2021-11-18,72.2857894897461,74.61758768548506,71.49198987540217,73.97262786455136,4054373
2021-11-22,69.8547592163086,74.12145152241598,68.46560058885053,73.4268759938397,7003958
2021-11-23,74.46875,75.31216534038381,68.96173103991337,69.40824281708545,10810937
2021-11-24,75.06409454345703,77.39589235020343,73.52609621863223,75.21293431203767,11570772
2021-11-25,76.3044204711914,78.48737871362418,74.91526178495883,75.11370978143242,11843213
2021-11-26,72.2857894897461,75.80829846246048,71.98811747323201,74.8160432668008,7322926
2021-11-29,69.45785522460938,72.83152399243721,67.47334507533482,72.4346204485212,6452543
2021-11-30,71.24392700195312,73.02998183515776,68.96173699416744,69.45786459844203,20919768
2021-12-01,70.35089874267578,73.22844048188497,69.90437933796878,71.93850562869599,3938271
2021-12-02,71.4423599243164,72.58345468716854,70.20204117563036,71.09507218874528,4736744
2021-12-03,70.6485595703125,72.73230132117371,70.35088758469345,71.93849421891177,4402447
2021-12-06,77.69357299804688,77.69357299804688,69.65630108284498,71.04545965894809,23169675
2021-12-07,77.24705505371094,83.54787318262164,76.25479999182562,80.37266001271075,36451021
2021-12-08,86.3261947631836,88.50915298194641,77.89202630930934,77.89202630930934,68351504
2021-12-09,91.6843719482422,92.97429902472156,85.53238584012894,87.07038425973364,68240661
2021-12-10,86.12774658203125,92.9743007852564,85.0362599047118,91.73398189767131,41928347
2021-12-13,86.72309875488281,91.0890227845002,85.63161964005491,88.11225743298459,34187042
2021-12-14,79.82691955566406,86.22696947591358,79.18195979861507,86.22696947591358,46404854
2021-12-15,81.21607971191406,83.69671750134519,80.07498481471458,80.17421638253644,27762935
2021-12-16,78.93389892578125,82.257952110113,77.99125200644151,81.86104854251236,16295972
2021-12-17,79.52925109863281,82.25795273752954,75.80829431831911,78.73544395737684,26139739
2021-12-20,73.37726593017578,78.4873815096222,72.33540255611584,78.4873815096222,20985610
2021-12-21,74.81603240966797,76.75092673229432,73.92300134910764,73.97261712981303,14199444
2021-12-22,75.95712280273438,76.65169827026533,74.81602804581509,75.85789124711152,8366841
2021-12-23,77.59434509277344,79.08272772936351,76.20519402153383,77.09821754724341,12519731
2021-12-24,76.40364074707031,78.73543865840682,76.05635298500836,78.28892690294222,9716743
2021-12-27,79.18195343017578,80.8687839319221,74.51835030541568,76.205188377467,21297440
2021-12-28,79.97576141357422,82.35717522324735,79.5292496362693,80.22382519436714,15653610
2021-12-29,79.72769927978516,81.01763399467792,78.98350792203301,80.37266663723153,10486373
2021-12-30,78.28893280029297,80.22382731346526,77.991253227356,79.77731552436582,8212329
2021-12-31,78.18971252441406,79.7773193249983,77.9416487252507,78.68584012274079,7319291
2022-01-03,80.1742172241211,81.36492034742449,78.2393151858708,78.78505853339658,11538209
2022-01-04,78.5369873046875,80.91840089578584,77.79279603061333,80.67033713776112,9471150
2022-01-05,84.8874282836914,88.75721718357444,77.89202668103067,78.38815423950858,64296043
2022-01-06,86.07813262939453,87.81457910895004,82.85330345307716,84.24246215078274,35407197
2022-01-07,85.53238677978516,88.50915208632486,84.9866510157696,86.92154543689814,21854085
2022-01-10,86.22696685791016,87.5168939031493,85.83006331694989,86.32619085057388,12406178
2022-01-11,83.84555053710938,86.6734758754834,83.39903879905748,86.62386766586938,11866708
2022-01-12,84.44090270996094,85.87967706559685,82.40678441243496,84.44090270996094,16692570
2022-01-13,84.68897247314453,86.1277469307521,83.3990453670167,84.83781225431852,11635065
2022-01-14,91.13864135742188,92.72624821129058,83.89518272092509,84.2920787566623,73660895
2022-01-17,95.60377502441406,100.56505040264318,91.78359449723872,91.88281849074222,97303221
2022-01-18,88.70761108398438,92.42856786124624,87.41767637307788,89.79909022458668,57777590
2022-01-19,87.51689910888672,90.2952164905649,86.67348376561844,89.20373736572913,20345484
2022-01-20,87.16960906982422,90.1959901546437,86.47503352755695,88.2610881663752,18899213
2022-01-21,83.69671630859375,86.72309739669345,82.65485299406359,85.43316273644966,16420328
2022-01-24,78.33853912353516,84.14323766346818,76.89977221980311,83.29981475061922,20258470
2022-01-25,81.16646575927734,82.059489244085,75.01447993429271,77.19744557682476,16458470
2022-01-27,81.31529235839844,83.74632159487015,79.3307824038769,80.37265315812257,16532148
2022-01-28,80.57110595703125,83.1509751088591,80.17420999857018,82.00988030252064,9188373
2022-01-31,78.73544311523438,82.6548554240936,78.14009155081317,82.05949628936652,12467363
2022-02-01,82.40679168701172,84.78819794601488,79.18196251011358,79.33079472357187,29211240
2022-02-02,83.20059204101562,85.08587832257408,82.55562468544221,83.59749561139202,11113001
2022-02-03,81.86103820800781,83.54786869447508,81.56335867731126,83.54786869447508,7257937
2022-02-04,81.61297607421875,83.2005826053705,80.86878480302526,82.55561532294179,6713713
2022-02-07,80.27344512939453,82.20833969150567,79.87654154554178,81.91066768134576,7765584
2022-02-08,79.38040924072266,81.21607969035323,77.7431867860716,80.91840769788396,10370855
2022-02-09,80.27344512939453,81.21608451702689,79.67809353876851,79.97576554892842,6116291
2022-02-10,82.35716247558594,84.24244843185907,79.03310984153586,80.76955603831027,15664502
2022-02-11,80.47189331054688,83.49827462738767,80.07498972583404,81.16647647637087,10358348
2022-02-14,76.3044204711914,78.78505827864038,75.51061334468541,77.693579157424,10777354
2022-02-15,78.73544311523438,79.38041046431813,73.42687967949428,76.00674150552344,18872946
2022-02-16,77.69357299804688,80.47188257994792,76.89976593447219,79.57885152600268,10826073
2022-02-17,76.10596466064453,78.88428202421075,75.7586768827752,78.33853868019767,7471062
2022-02-18,75.2625503540039,77.19745240630908,74.46875078947087,74.91526257137659,6448886
2022-02-21,70.69817352294922,74.91525755765146,70.25166177092643,74.61757800943268,17055143
2022-02-22,69.60669708251953,70.54933640350683,68.0686986426922,69.30901752309951,12888573
2022-02-23,71.59120178222656,73.62532004738571,70.74778652251155,70.74778652251155,10736975
2022-02-24,63.3554916381836,68.76328690362081,62.51207625045301,67.42373635629468,18906002
2022-02-25,69.35863494873047,69.85476251264083,66.67954156143098,66.67954156143098,17256268
2022-02-28,72.18656158447266,73.67494429755456,66.58031851780294,68.21754101625423,16868265
2022-03-02,70.40049743652344,72.83152701236978,69.90436987863305,70.94624077832516,11965418
2022-03-03,70.6485595703125,72.53384576045543,70.30127180193749,71.44236667257445,6997355
2022-03-04,69.40824127197266,70.6485601479572,68.8128897255612,69.85476060951048,7589656
2022-03-07,67.77103424072266,68.66405787834772,66.97722704027092,67.47335464797662,6149955
2022-03-08,70.89662170410156,72.53384408321749,68.31676003686408,68.41598402977603,10957777
2022-03-09,73.32765197753906,73.82377951788736,70.99585405196318,71.88887756834572,9602607
2022-03-10,72.93074798583984,75.90751320975167,72.33539645511857,75.26254589717635,10585243
2022-03-11,72.33540344238281,73.37726682920785,71.93849986012776,72.43462744537003,5532757
2022-03-14,73.37726593017578,74.31991287277029,71.88888319268494,72.88113835101217,7547136
2022-03-15,71.83927154541016,74.31990932273574,71.44236798697692,73.9230057643025,6663322
2022-03-16,72.33540344238281,73.0299790335995,72.03772386311499,72.83153102762508,4713073
2022-03-17,74.41912841796875,75.41138346354167,72.83152185911312,73.12919383060186,11963425
2022-03-21,73.32765197753906,75.60983412095793,73.02997242520789,74.96487437474953,7031932
2022-03-22,72.43462371826172,73.57571861966535,71.69043237869053,73.42687883768997,6516547
2022-03-23,73.12919616699219,74.6175787829036,72.63306862835505,72.98036396164541,8192858
2022-03-24,71.98810577392578,73.5757123149066,71.69042623548339,72.73229704972664,6510558
2022-03-25,71.04545593261719,73.17880568006304,70.45010445131493,72.58345419876078,6426940
2022-03-28,69.55707550048828,71.44236155559985,69.45785151238873,71.44236155559985,6442134
2022-03-29,70.6485595703125,71.83927022370541,69.75553604314977,70.10282381152479,10627576
2022-03-30,72.88113403320312,74.2702926866224,70.74779162543334,71.44236716699017,13692989
2022-03-31,78.09046936035156,79.03311619947308,73.22842567449257,73.42687365625224,34754018
2022-04-01,80.3726577758789,81.31529703031346,77.99124417956962,78.38814770733869,19341069
2022-04-04,81.36491394042969,82.00988123572584,79.67808338685994,81.01762618767182,14479491
2022-04-05,81.66260528564453,84.19285148169502,81.0176378971314,81.86105329581488,18145370
2022-04-06,82.95252227783203,83.69671357979279,81.21607590659025,81.86104321568399,10940036
2022-04-07,79.28118896484375,85.63162351626427,78.73544559757325,83.34943361534083,22202203
2022-04-08,80.3726577758789,81.66259234855211,79.92614603857942,79.92614603857942,9786163
2022-04-11,80.81916809082031,82.25794240737368,80.07497682821496,80.3726563613791,9749343
2022-04-12,78.4377670288086,81.36491648395048,77.64395993742835,80.86878894441419,11829428
2022-04-13,80.02537536621094,80.7695666915564,78.68583249465021,79.03312026575031,12488634
2022-04-18,77.99124145507812,79.3307841904871,77.64395371927651,79.3307841904871,10006291
2022-04-19,76.05635833740234,79.18196355653235,74.41913583497177,78.63622019895351,6851894
2022-04-20,77.09821319580078,78.38814776949683,76.30441370993832,76.40363769938298,9200541
2022-04-21,76.70132446289062,78.98350671630824,76.40364489621162,77.89202758899496,5146698
2022-04-22,76.65170288085938,78.3385334436429,76.00673558204028,76.4036391174909,6876040
2022-04-25,74.56797790527344,76.10596888413268,73.97262631441482,74.96488148928125,4917668
2022-04-26,76.55248260498047,76.89977037649058,75.41138772404238,75.46100350724625,5084058
2022-04-27,77.29667663574219,78.2889317720924,74.91526279444051,75.80829393121688,9129112
2022-04-28,75.06409454345703,78.78505090644758,74.66719101734368,77.89201986526882,7897363
2022-04-29,73.62532043457031,76.70131709370318,73.17880869775689,75.51060651169219,7421906
2022-05-02,67.22528076171875,70.40049394669623,66.53070524322536,70.15243018004783,12196340
2022-05-04,65.14154815673828,69.16017672807882,64.19890127928392,67.67179409344035,9508973
2022-05-05,65.78651428222656,67.17566532637055,65.0423229784471,65.93534648673811,5956819
2022-05-06,67.37413024902344,68.96173707039571,63.70278143114943,65.43922804802989,9023084
2022-05-09,69.01134490966797,69.55708066992675,66.67953937935258,68.4656015791036,9178445
2022-05-10,65.09193420410156,70.59895313520867,64.49658264756977,69.7059220152581,7683872
2022-05-11,63.50432968139648,66.53071092089795,61.02369180321693,66.28264713307999,8116499
2022-05-12,61.32136535644531,63.00819980915403,60.72601380144359,62.26400847282544,6546733
2022-05-13,63.00819778442383,64.39735641499192,62.11516669546538,62.80974601074943,6093786
2022-05-16,64.1492919921875,64.84386751525928,63.057809140648246,63.50432468058918,4397503
2022-05-17,67.4237289428711,68.26715180817125,64.3973555231481,65.14154682525619,5688889
2022-05-18,66.58031463623047,68.26715282156573,66.18341108848655,67.96947326818142,5601345
2022-05-19,63.50432968139648,64.79426440617226,63.10742610682655,64.4965848326683,5761323
2022-05-20,65.33999633789062,65.88573966697828,64.05006925961023,65.14154834747997,4349558
2022-05-23,65.38961791992188,66.92760890776975,64.5462025304174,65.38961791992188,4525515
2022-05-24,63.90123748779297,66.1834199446709,63.405109879301264,66.08419593703385,3938165
2022-05-25,60.924461364746094,64.39735402724443,60.37871806108855,64.39735402724443,5096716
2022-05-26,60.87485122680664,62.115170149807206,57.15389445780494,61.122915011406754,6837785
2022-05-27,61.56943130493164,62.51207445453056,60.9740797289497,61.81749509244962,4025670
2022-05-30,62.46245956420898,63.15703889415496,62.11516800665958,62.56168356056434,3270914
2022-05-31,62.46245956420898,64.19890221134467,61.76788023426301,62.4128475660313,5916748
2022-06-01,64.89347839355469,65.48882987838816,63.15703214677925,63.50431988207336,6870235
2022-06-02,66.28264617919922,66.77877374769531,64.19890433527094,64.79426347371097,7583721
2022-06-03,64.00045013427734,66.92759947663772,63.70277059390282,66.87799126677875,5113937
2022-06-06,63.30587768554688,63.80200904470127,62.36323453791363,63.70277747365618,3089453
2022-06-07,63.802005767822266,64.34774152901115,62.561683111368914,63.057810659889135,2780424
2022-06-08,63.25625991821289,64.69502672352463,62.85935638113559,64.44696295913948,3425614
2022-06-09,63.30587768554688,63.95084126065688,62.61129832491432,62.710526110806406,2974277
2022-06-10,63.40509796142578,65.78651154862726,62.61129090892359,62.95858244068144,8095438
2022-06-13,59.48569107055664,62.31361645213445,59.13839953157959,62.31361645213445,5829999
2022-06-14,59.48569107055664,61.12290963378229,59.08878753605504,59.4360790750321,4372637
2022-06-15,60.7756233215332,61.96633016812848,59.58491647493793,60.08104401225657,6036154
2022-06-16,58.14614486694336,62.41284464315967,57.6500173380952,61.96632911016579,7593736
2022-06-17,58.14614486694336,59.33685169320948,57.30272958196255,58.245372643804586,4747808
2022-06-20,52.58951950073242,58.74150178426375,51.15074887056863,58.49343801303388,7360163
2022-06-21,54.7724838256836,55.0701596070696,53.13526135033116,53.681000913731,4473853
2022-06-22,52.787967681884766,54.97092947716112,52.58951592137737,54.5244139623076,4316306
2022-06-23,54.02828979492188,54.47480533738954,52.63913117061197,53.18487070689345,5459852
2022-06-24,55.76473617553711,55.96318794829188,54.57402932416122,54.772481096916,3678223
2022-06-27,56.11202621459961,57.15389333237383,55.81435043597167,56.80660555483339,3461641
2022-06-28,56.06241226196289,56.45931580973701,55.36783294593457,55.96318826759574,2504307
2022-06-29,55.91357803344727,57.501188596926255,54.77248684438591,55.36783843996982,4270957
2022-06-30,54.72286987304688,56.905828048728246,54.3755783195319,55.81434896088756,3808892
2022-07-01,54.7724838256836,55.268611389711246,53.82984069700046,54.72287182631141,2275417
2022-07-04,54.574031829833984,55.169383390280096,54.1771282661013,54.77248361170032,2198796
2022-07-05,54.42518997192383,55.86396060415362,54.12751420305109,55.02054529482207,2787315
2022-07-06,54.7724838256836,55.268611389711246,53.92906469574483,54.574032043041946,2614158
2022-07-07,57.55079650878906,57.94770006773841,55.16938272539872,55.26861050771249,6198423
2022-07-08,57.451568603515625,58.4438236482385,56.95544108115418,58.34459587267465,3989738
2022-07-11,62.0655517578125,63.901225845889805,56.80660082293785,56.95544059243016,10378458
2022-07-12,65.33999633789062,67.47334630118023,63.40510193531724,63.50432593052257,30587623
2022-07-13,65.09193420410156,67.32450821882513,64.09967908644664,65.88574132634781,10481272
2022-07-14,63.20664978027344,65.6376754997364,62.512070462547904,65.09193217392529,5281220
2022-07-15,66.58031463623047,67.62218550277005,62.66091008173491,63.30587361537783,13866386
2022-07-18,67.72140502929688,68.81288403585458,66.87798977742524,67.4733412746108,9781458
2022-07-19,70.10282135009766,70.7477886517514,67.07644039557904,67.32450416003778,16962999
2022-07-20,67.96946716308594,71.24391167497697,67.52295544342118,70.8470081628834,10763310
2022-07-21,68.96172332763672,69.35862684646109,67.67178878403377,67.96946831572828,6848045
2022-07-22,67.87024688720703,69.65630143379089,67.17566381050338,69.35862946117953,5489189
2022-07-25,62.71052169799805,64.19890053011511,61.9167183924847,64.19890053011511,11178314
2022-07-26,64.2485122680664,67.07643754881606,62.16477824910904,62.5120659905511,13018606
2022-07-27,63.65316390991211,65.19115471790144,63.20664837379922,64.34773942702918,5307641
2022-07-28,65.73690032958984,67.671794745131,63.75239013096072,63.75239013096072,10415963
2022-07-29,66.03457641601562,67.47334320626236,65.29038513065244,66.3818641684574,5847688
2022-08-01,66.13380432128906,66.97721964723009,65.48883698840274,66.38186809776028,5441809
2022-08-02,67.32450866699219,68.61444335665276,65.63767798387221,65.88574176493725,8603516
2022-08-03,66.23302459716797,67.9198551542921,65.88573684367833,67.42372762921967,5156622
2022-08-04,65.33999633789062,66.87799475964269,64.00045347685477,66.48109120851582,5266031
2022-08-05,67.52296447753906,69.25941095125661,65.24077465538795,65.68728643479298,11429048
2022-08-08,73.92300415039062,74.96487502224318,67.07644252038729,67.8702496199231,36068373
2022-08-10,74.76641845703125,77.59434390936184,73.72455516949127,74.81603423894978,32293928
2022-08-11,74.96487426757812,76.10596155250349,73.22842787884156,75.26254624917824,12360369
2022-08-12,74.36951446533203,75.5602250914665,73.97261849359262,74.667194014442,6808606
2022-08-16,73.6749496459961,75.2129482559543,73.17882203895235,74.76642886743103,4896911
2022-08-17,75.41138458251953,77.19744671917502,73.27803468882139,73.77416221896955,14204376
2022-08-18,75.16332244873047,76.80054484781341,74.71681069002852,75.41138621918833,9432137
2022-08-19,72.23616790771484,76.05634819017078,71.69042462294759,75.2129329439618,9493845
2022-08-22,70.6485595703125,72.5834615432114,70.4501115798998,72.5834615432114,5773943
2022-08-23,71.39276123046875,72.08734443812898,69.50748233756435,69.50748233756435,5410984
2022-08-24,72.78191375732422,73.87339290854624,71.04546724437365,71.09508303000894,6259899
2022-08-25,71.39276123046875,74.02223912097577,71.09508920173438,73.2284394740441,5942565
2022-08-26,71.09508514404297,73.07959550356793,70.49973355024673,71.93850053277983,6938271
2022-08-29,73.8733901977539,75.80829221193814,68.51521863922709,68.76328241768873,25474457
2022-08-30,73.72455596923828,76.40364167518085,73.47649219756562,74.6671952734722,9906146
2022-09-01,73.47648620605469,74.46874121183366,72.73229495172046,72.93074292475428,5814444
2022-09-02,75.80829620361328,79.08273370953853,73.02997871042871,73.67494608245079,31331172
2022-09-05,78.09046936035156,80.5711069838736,76.25479903300631,76.50286279535851,21339429
2022-09-06,76.89976501464844,78.98349906872627,76.10595796056873,78.48737155250274,8298125
2022-09-07,78.83466339111328,79.77731026304201,76.05635369825745,76.35402568125691,17012233
2022-09-08,79.52925109863281,81.86104916690155,79.18196331319805,80.37266645477607,18093496
2022-09-09,78.4377670288086,80.52150118079989,77.8920237071965,79.9757578591878,10002540
2022-09-12,77.29667663574219,79.72769869167783,76.99899706671476,78.88428333984133,8462143
2022-09-13,76.2052001953125,78.23931875459675,75.95713640245056,77.79280695556773,7409068
2022-09-14,78.38814544677734,80.02536772016975,74.56796518906499,74.91525292698341,13399006
2022-09-15,78.58660125732422,80.76956702965892,78.23931348477038,79.87653592144497,10596717
2022-09-16,75.16332244873047,78.98350299972036,74.71681069002852,78.58659945292669,11295010
2022-09-19,73.82378387451172,76.00674215274675,73.42688030474919,75.56023036820511,6143693
2022-09-20,73.77416229248047,75.6098326417967,73.62532251922664,74.36951381519042,4691172
2022-09-21,74.76641845703125,76.8005443908036,73.0795878560777,73.92300315655447,10595222
2022-09-22,74.8957290649414,75.84062562755061,74.05028651178912,74.5476020896747,5535993
2022-09-23,72.60807037353516,75.2438443088912,72.06102023260789,75.09464812605349,6432148
2022-09-26,68.8284683227539,72.55833490646744,68.28142577686906,72.0610193619723,7379275
2022-09-27,70.51935577392578,71.46425240771191,68.57982032101108,69.22633213864931,12327441
2022-09-28,69.7236328125,72.21021035637256,69.12685571965707,69.87282898281885,7451400
2022-09-29,72.01129150390625,73.00592258106398,70.61880647819885,70.61880647819885,7449800
2022-09-30,72.45887756347656,73.5032433035201,71.36478481912783,72.01129658256272,6584243
2022-10-03,73.4535140991211,76.28821155919871,72.75727528030694,74.59734152011634,12942210
2022-10-04,74.10001373291016,75.49249873014132,73.70215979249657,75.09464478972774,5173649
2022-10-06,76.93472290039062,77.92935411458684,74.5973410647163,74.84599886826535,16101027
2022-10-07,78.97370910644531,79.81914400501118,76.28820064293659,76.93471236128681,17609909
2022-10-10,79.47103118896484,80.21700455884542,77.33257267762046,77.73042665924348,17173119
2022-10-11,76.8849868774414,81.90786936710401,76.08927896401315,79.6202223957556,19629414
2022-10-12,77.1336441040039,78.37693296713464,76.18874001496475,77.38230187663005,9871709
2022-10-13,76.08927917480469,77.63096041568049,74.9454518917452,77.08391027512893,7325714
2022-10-14,75.4427719116211,77.97908440308858,74.84599473375626,77.13364943541059,7708904
2022-10-17,74.59732818603516,75.79088240163867,73.80162031667773,75.3433014678955,4658638
2022-10-18,75.1941146850586,76.13901884648658,74.7962607006907,75.04491849236643,5363223
2022-10-19,74.39840698242188,77.68068495643784,74.1000146264055,75.59196122962172,8827535
2022-10-20,75.98982238769531,77.0839151495506,74.0005600612553,74.10002165989059,7363828
2022-10-21,77.3823013305664,79.81914444973337,76.38767024708064,76.58659342840461,20310083
2022-10-24,79.520751953125,80.76404080535293,78.57585546080495,78.57585546080495,11490355
2022-10-25,77.9293441772461,79.91860635197315,77.68068640540521,79.86887935066477,5176936
2022-10-27,77.73042297363281,79.76941220156702,77.28283441986689,78.37693471456149,6191909
2022-10-28,76.58659362792969,78.12827484672223,76.33793585641044,78.0785402570452,3684531
2022-10-31,82.25598907470703,82.95223539895257,77.33256815669579,77.48176433963647,42534639
2022-11-01,82.70357513427734,84.74256427831938,81.31109011613103,82.70357513427734,28107905
2022-11-02,82.15652465820312,84.44417914883711,81.65920912445077,83.00195954789557,12580424
2022-11-03,80.61485290527344,82.45491890466661,80.26672595291735,81.55974940569796,7288522
2022-11-04,80.81378173828125,81.80841289813702,79.96834677009055,80.76404714491505,7261452
2022-11-07,79.57048797607422,81.41055399283432,79.17263401850724,81.31109240055085,5936327
2022-11-09,79.71968841552734,81.21163514474458,78.92398045790476,79.66995382251338,7773088
2022-11-10,77.97908782958984,80.06781183811476,77.73043002885036,79.22237683328729,5403501
2022-11-11,82.40518951416016,84.44418641332699,78.12828010901939,78.72505728317466,17873922
2022-11-14,82.50464630126953,83.84740435037,81.21163043072917,82.45491929957551,14200642
2022-11-15,81.65921020507812,82.75330287612529,81.21162925415112,82.7035758751517,6309836
2022-11-16,80.06780242919922,82.05706460135323,79.81914465767997,81.55974905831474,5015209
2022-11-17,79.22236633300781,81.06243229690749,78.77477779794063,79.86887804692739,7678519
2022-11-18,77.8796157836914,80.01806651254775,77.28283107119557,79.57048556660871,6459846
2022-11-21,76.48713684082031,77.78015278086913,76.0892828637155,77.78015278086913,4714139
2022-11-22,76.7855224609375,78.1780076016143,76.1390182781532,76.88499164761218,5296359
2022-11-23,78.7747802734375,79.76941137582148,77.03417584426555,77.28283361986155,7515737
2022-11-24,79.07317352294922,79.96834304278245,78.12827700050109,79.07317352294922,5873820
2022-11-25,79.81914520263672,80.7143147039043,78.82451410976897,79.07317188298592,8965433
2022-11-28,79.96834564208984,81.90787334107699,79.6699532629687,81.06243838481166,12305268
2022-11-29,78.7747802734375,80.36619610799833,78.17800312969374,80.26672692701347,5989912
2022-11-30,79.07317352294922,79.52075448864925,77.92934622474193,78.97371192928624,7515609
2022-12-01,78.57585144042969,80.36619033140744,78.27745909578921,79.47102088591856,6466905
2022-12-02,80.96297454833984,81.55975170164082,78.27746597583564,78.77478153499199,12783273
2022-12-05,83.00196075439453,83.996591836357,80.01806750850713,81.46028713041247,20399306
2022-12-06,83.15116119384766,84.79230408084092,82.05706846532993,82.95223800263837,18299086
2022-12-07,83.25061798095703,86.93075751323326,82.35545608378581,83.54901033896935,54227720
2022-12-08,82.75330352783203,84.74256570483216,82.35545716317839,83.44954984284186,15244999
2022-12-09,84.49390411376953,88.32323970216366,83.15115372267039,83.30034989688866,47128910
2022-12-12,85.0906982421875,87.37834534284654,84.64310966992149,84.74257126761388,19198357
2022-12-13,83.59874725341797,85.98585583018259,83.15115870394978,85.53827486914749,10536406
2022-12-14,82.50464630126953,84.34471989790853,82.15652693567917,83.99659294388513,9446356
2022-12-15,80.81378173828125,83.39982123621954,80.06780836838942,82.3057284780649,9649483
2022-12-16,78.7747802734375,81.65921198803765,78.1282761276344,80.16726533446169,12721187
2022-12-19,78.6255874633789,79.76940709904903,77.33256406423091,78.87424522564332,7298007
2022-12-20,79.1229019165039,79.96833677906831,78.17799787963449,78.57585181155675,6899659
2022-12-21,75.29357147216797,80.31646157838775,74.34867495956017,79.5704882510343,11892786
2022-12-22,71.61343383789062,76.18873503762491,71.1161183251275,75.7908811097279,10360451
2022-12-23,66.04351043701172,70.96693163583498,65.44673325964429,70.96693163583498,10198737
2022-12-26,70.96692657470703,71.4145151171372,65.29753241138864,65.54619018326109,12945730
2022-12-27,73.00592803955078,73.40378201784709,71.06639274101883,71.71290450719616,7368348
2022-12-28,73.50324249267578,74.49787362900851,72.21021898006988,73.05565392826604,5896243
2022-12-29,73.15512084960938,73.6524364023914,72.11075515339387,72.90646307321836,3816095
2022-12-30,73.30431365966797,74.59733720662285,72.75727107321286,73.55297145035671,5062948
2023-01-02,75.1941146850586,76.23848044547016,72.9561945599769,73.50324473703697,6781121
2023-01-03,76.23847961425781,77.23311077011654,75.79089104106129,75.89036022739397,9292954
2023-01-04,74.05028533935547,76.53686318941352,73.30431198433806,76.4871361854724,6802146
2023-01-05,74.00055694580078,74.5973341009215,73.00592582445516,74.44813791503302,5705596
2023-01-06,72.35941314697266,74.34867536407157,71.51397822239225,74.05028299613348,6111673
2023-01-09,71.91183471679688,73.5529700329706,71.61344233834707,73.1053890537293,4868817
2023-01-10,71.96156311035156,73.30431366243474,71.51398212246835,72.35941709315527,6566480
2023-01-11,72.75727081298828,73.30431339748682,71.81236665869048,72.2599552333895,4405672
2023-01-12,72.01129150390625,73.15511876032421,71.71289914538578,73.10538417109318,3554357
2023-01-13,73.25457763671875,73.552962395753,71.8620926625944,72.35940818275077,4960291
2023-01-16,72.40914916992188,73.85136127047019,72.21021839121754,73.50324189327922,2990512
2023-01-17,70.96692657470703,72.60806938675171,70.41988402964745,72.45887320594166,3699294
2023-01-18,71.71290588378906,72.4588792617517,70.91720550035573,71.16586329300995,3419247
2023-01-19,71.31504821777344,72.0112945543369,71.11612502928858,71.21558662353101,2851712
2023-01-20,71.26531982421875,72.35941251640213,70.91720045694673,71.66317378185809,3040594
2023-01-23,71.31504821777344,72.11075614857933,71.06639043795074,71.7626367745142,2673078
2023-01-24,70.66854095458984,72.0610183896409,70.12149082765343,71.91182979905179,4053384
2023-01-25,70.1214828491211,71.41450613561244,69.77336352996788,70.96691764947373,2953755
2023-01-27,67.5851821899414,70.61881016920303,66.83920884308363,70.51934857397531,5224068
2023-01-30,67.33651733398438,70.12148723840022,66.73974023687597,67.93330201952527,6016462
2023-01-31,68.92794036865234,69.42525593382751,67.43599367312683,67.63491686382358,4683005
2023-02-01,67.93331146240234,71.11612814835385,66.39163012451216,69.62418140398279,6310033
2023-02-02,68.67927551269531,70.61880298175066,66.78947504197605,67.93330224176133,8312507
2023-02-03,67.237060546875,69.27605732828891,66.29216404140008,69.02739955438152,5377060
2023-02-06,68.48035430908203,69.42525847049991,66.69002276209594,67.18733834544211,5057426
2023-02-07,67.5851821899414,68.82847110137104,67.13760121720006,68.82847110137104,3393366
2023-02-08,67.53545379638672,68.77874268222435,66.98840365124491,67.6349153895671,3854973
2023-02-09,68.38088989257812,69.22632483174516,67.2370625803247,67.53545495341109,5080161
2023-02-10,69.02740478515625,69.82310516889689,67.7343812274815,68.13223521356862,5071381
2023-02-13,68.28142547607422,70.22095305568801,67.73437534416625,69.42525274106082,3134586
2023-02-14,67.5851821899414,68.62954791091562,67.18733580903056,68.28142853340198,2447497
2023-02-15,68.43062591552734,69.12686468271367,67.33652558361534,67.53545636597818,3826674
2023-02-16,68.18196105957031,69.52471145045659,67.73437253698646,68.53008040706932,4075310
2023-02-17,67.43599700927734,68.62955138937119,67.03814301976816,68.13223579959315,3344573
2023-02-20,66.88894653320312,67.88357770841804,66.6402887393994,67.63491991461431,3014273
2023-02-21,66.3418960571289,67.3862618218446,66.09323826442838,66.88894623644353,3590096
2023-02-22,64.25316619873047,66.34188994736704,63.208804324412185,65.94404358643277,4011250
2023-02-23,64.00450897216797,65.09860165088914,63.80558579001247,64.4520975146673,3497387
2023-02-24,64.55155944824219,65.64565213276839,63.407732173696736,64.25316708499275,3738529
2023-02-27,63.00988006591797,64.50182674903411,62.76122228539862,64.50182674903411,2751182
2023-02-28,63.50719451904297,63.95478306922936,62.4628326179244,63.10934435368266,3057751
2023-03-01,65.4964599609375,66.04351013090836,63.25853986485694,63.55693224637441,3222182
2023-03-02,65.24779510498047,65.94404139029413,64.80021416961877,65.49645286649978,2232353
2023-03-03,67.0878677368164,67.83384109603274,65.4467324172872,65.59592101838372,4381683
2023-03-06,67.38626098632812,67.88357656556302,66.83921081379633,67.28679938816785,4147861
2023-03-08,67.33651733398438,67.78410584814004,66.34188630932621,66.64027865209665,2566831
2023-03-09,68.38088989257812,69.82310198948464,67.2370625803247,67.3862587668679,10564407
2023-03-10,66.9884033203125,68.33115379269714,66.78948013493445,67.88357283137995,3253317
2023-03-13,64.35263061523438,67.2867969808027,63.80558805070801,67.03813920008166,4539363
2023-03-14,63.30826950073242,64.50182375647718,62.91041555267321,64.35262757740085,4324108
2023-03-15,63.00988006591797,64.35263056303585,62.76122228539862,63.80558799895321,3487441
2023-03-16,62.66176223754883,63.5569317872005,61.36874250577608,62.86068922571773,3959419
2023-03-17,62.21417617797852,63.35800349066669,62.01524919391753,63.00988032000581,2827461
2023-03-20,62.16444396972656,62.66175952148438,60.77195890711807,61.66712841796875,3657955
2023-03-21,62.064979553222656,63.3082683760499,61.56766402409176,62.51256049406736,3933770
2023-03-22,61.6671257019043,62.76121834989669,61.26927176033449,62.16444123175836,2820367
2023-03-23,61.86605453491211,62.41310087537489,61.51793137700562,61.66712755813933,4735304
2023-03-24,60.47357177734375,62.21417625001361,59.77732922943248,61.96551846820363,4526553
2023-03-27,57.091827392578125,60.77195947457591,55.997730891964885,60.67249788098225,9585889
2023-03-28,56.1966552734375,57.09182475123192,55.45068197334762,57.042090162519465,6887297
2023-03-29,58.43457794189453,59.08108968361916,56.09719634190539,56.49504651093727,10185193
2023-03-31,60.62276458740234,62.61202673107943,59.72759510506109,59.72759510506109,13373696
2023-04-03,60.97088623046875,61.91578654298003,59.87679352811878,60.7719592498006,4301372
2023-04-05,61.36874008178711,61.86605563545764,60.72222834432879,61.16981310147558,2407231
2023-04-06,62.16444396972656,62.96014809369575,61.368739845757375,61.368739845757375,3735429
2023-04-10,62.16444396972656,62.81095570469834,61.76659001063369,62.6120287251519,2271115
2023-04-11,62.76122283935547,63.90505015752705,62.263907273927245,62.41310346124237,3642422
2023-04-12,62.860687255859375,63.35800281358893,62.41310249505945,63.05961423779451,3350433
2023-04-13,63.50719451904297,64.20344084541075,62.9601481702872,63.059613557289694,3024457
2023-04-17,62.51256561279297,63.40773515621444,62.26390782786664,63.25853896757196,1948581
2023-04-18,62.064979553222656,63.50719155232916,61.76658720037101,62.66175667049318,2732605
2023-04-19,60.87142181396485,62.21417223131773,60.72222563682946,62.01524525987602,2735199
2023-04-20,60.92115783691406,61.4682042096675,60.62276925125008,61.02061943406316,1859408
2023-04-21,61.61739730834961,62.36337063219351,60.02598527428603,60.921154780585326,2911352
2023-04-24,63.40773010253906,64.15370339786305,61.07034862821045,61.716856540961416,7291817
2023-04-25,62.56229782104492,63.95478288125462,62.16444386263743,63.507194332383776,3650949
2023-04-26,62.76122283935547,63.25853840478369,62.01524949121313,62.46283425894187,3305837
2023-04-27,62.56229782104492,63.45746353613698,62.46283243433478,62.76122100603213,2308508
2023-04-28,64.45210266113281,65.34726464074372,63.00988291582959,63.05961750955623,8525932
2023-05-02,64.10397338867188,65.24780070756339,63.75585401033968,64.8002197337696,4197389
2023-05-03,64.55155944824219,65.2477981779135,63.358001377894006,63.65638994692692,4769177
2023-05-04,67.1375961303711,67.63491165726273,64.55155690822112,64.65101849591291,13273982
2023-05-05,66.242431640625,68.08249771066922,65.94404685513402,66.98840498700238,5568326
2023-05-08,65.8943099975586,67.38625663901274,65.44672904049555,66.44136013479833,3818065
2023-05-09,66.29216003417969,67.33651806840173,64.25316337601879,65.6456483434141,12523785
2023-05-10,66.14295959472656,68.28141770081392,65.69537869299222,66.83919823929821,4812446
2023-05-11,67.03814697265625,67.93331660472694,65.34726931464847,66.4413697474205,3621723
2023-05-12,65.84457397460938,66.93867422527985,65.5461892058716,66.54082027852994,2022589
2023-05-15,67.68464660644531,68.82846625365256,65.04887278217035,65.94404225303786,8362404
2023-05-16,67.03814697265625,68.08250521971028,66.73975456582131,67.78412040130947,3849990
2023-05-17,66.04351043701172,67.43599557649142,65.49646026450534,66.83921081069046,3361846
2023-05-18,65.19806671142578,66.44135549243366,64.99913595340502,66.44135549243366,2246103
2023-05-19,64.5018310546875,65.49646224315896,63.80559225813098,65.49646224315896,3263323
2023-05-22,64.8996810913086,65.59591984542058,63.70612677327853,64.05424615033452,3328229
2023-05-23,64.00450897216797,65.14833624064451,63.75585120025711,65.14833624064451,2768696
2023-05-24,63.80558395385742,64.94941118941766,63.65638777731778,63.905045542072926,2278045
2023-05-25,63.05961227416992,64.10397035982162,62.91041609381026,63.855312588699846,2235848
2023-05-26,63.00988006591797,64.05424577947257,62.66176069087752,63.25853784643733,2528995
2023-05-29,63.00988006591797,63.75585340747604,62.86068767413633,63.55693021843385,2111006
2023-05-30,63.00988006591797,63.80558799895321,62.91041847139688,63.15907625191623,2216204
2023-05-31,64.35263061523438,64.55156139287116,62.46283375828437,62.96014931972647,4363560
2023-06-01,64.20343780517578,65.2975304508786,64.0045070405908,64.45209556958245,2822269
2023-06-02,64.30290222167969,65.09860254972106,63.95478285388452,64.55155999702383,5684496
2023-06-05,67.1375961303711,67.78410783301676,64.60128390785066,64.65101849591291,13345652
2023-06-06,66.69001770019531,67.83383738432654,66.39162533746273,67.38625642866067,3520611
2023-06-07,68.62954711914062,69.42525504864888,66.5905502925465,67.13760044263756,10435722
2023-06-08,68.48035430908203,70.56907824144926,67.48572314238967,69.22632768410129,13627323
2023-06-09,69.77336883544922,71.61343473811709,68.82846479626173,68.87819938353624,16539389
2023-06-12,70.02203369140625,71.2155880226304,69.42525652579418,70.0717606952878,8218927
2023-06-13,69.62417602539062,71.91183055874093,69.32578366419433,70.61880711146763,13323141
2023-06-14,69.42525482177734,70.76800530855554,69.22632404583376,70.02203197274174,6066199
2023-06-15,68.28142547607422,70.07175687531011,67.78410993376987,69.5247143318351,4024887
2023-06-16,68.03276824951172,69.02739934208226,67.78411047636908,68.43062220422654,4196086
2023-06-19,68.1322250366211,70.0220254969292,67.93330186750761,68.1322250366211,9362483
2023-06-20,67.78411102294922,68.67928053116755,66.73974533195565,68.3311535752143,6075220
2023-06-21,67.28679656982422,69.1765972094482,67.03813879062193,67.9333083134368,9285414
2023-06-22,66.29216003417969,68.28142210519223,65.99376768815478,67.53544882856254,4529199
2023-06-23,65.19806671142578,66.49108249061446,64.89967436861089,66.49108249061446,3273937
2023-06-26,64.70075225830078,65.69538329939114,64.50182149702313,65.19806777884597,3357912
2023-06-27,65.1483383178711,66.19270402856904,64.50182657260252,64.94941512937302,5345465
2023-06-28,64.40235900878906,65.99376713456299,64.25316283702814,65.24779386419091,4121218
2023-06-30,64.6012954711914,65.2975418865243,64.40237226020147,64.65103006815592,3075117
2023-07-03,67.8835678100586,68.9776604255745,65.69538257902678,65.69538257902678,18679092
2023-07-04,67.237060546875,68.7787417804741,67.0381373631223,68.28142623265931,4244083
2023-07-05,66.69001770019531,67.53545261002697,66.54082151882902,67.28679483722748,3010068
2023-07-06,67.237060546875,67.73437609468981,66.59054881702914,66.69001799733854,3980559
2023-07-07,66.3418960571289,67.33652722793104,65.8943150656414,67.03814242975058,2998096
2023-07-10,64.94941711425781,66.4910908433152,64.65102473395847,66.4910908433152,3053810
2023-07-11,65.24779510498047,66.14296456413652,64.99913734346116,65.09859893038235,3146791
2023-07-12,64.40235900878906,65.64564779274252,64.20343583872952,65.4964516209816,3698893
2023-07-13,63.60665893554688,64.99914018438656,63.35800116315944,64.65102082073076,3356786
2023-07-14,63.7558479309082,64.15370186325053,63.109340033622274,63.60665555194205,3855274
2023-07-17,65.6456527709961,66.04350672971906,64.00450993403457,64.15370611710982,4691306
2023-07-18,64.6012954711914,66.09324231891807,64.452106857166,65.84458451096363,2808201
2023-07-19,65.69538879394531,65.94404657501485,64.3526307054232,64.65102307807994,4392506
2023-07-20,64.8996810913086,66.5408239699249,64.75048490444651,65.79485062404778,3411194
2023-07-21,64.40235900878906,65.09859769242999,64.30289742375929,64.65101676557975,3422277
2023-07-24,64.20343780517578,65.04887268647192,64.15370321692134,64.40236098132802,2663983
2023-07-25,64.6012954711914,65.24780728955977,64.35263766323696,64.452106857166,3446629
2023-07-26,64.65101623535156,65.79484342489427,64.45209306692347,64.84993940377966,2857187
2023-07-27,63.358001708984375,64.99914074434979,63.20880552658001,64.7504829698202,5189013
2023-07-28,63.40773010253906,64.20343798625777,63.15907233743107,63.457460896717386,3633414
2023-07-31,63.45746612548828,64.05424708745089,63.30827373066016,63.65639311280915,2988190
2023-08-01,65.79484558105469,66.3916226943284,63.407729539527125,63.70612189038034,13863049
2023-08-02,64.80021667480469,66.73974425426466,64.05424336140732,65.94404393970058,7501187
2023-08-03,65.29753875732422,65.59592355950986,64.35263457931875,64.75048857066665,3512546
2023-08-04,65.09860229492188,66.09323339240537,64.70075592667492,65.64565243391102,3548567
2023-08-07,72.75727081298828,74.79626013628317,67.73438042366719,68.28143059659925,82571092
2023-08-08,69.82310485839844,73.45351013409466,69.52472006148521,73.40378312882592,18959399
2023-08-09,71.41452026367188,72.21022063794656,69.57444654846333,70.07176212804758,13091607
2023-08-10,69.47498321533203,71.66317626392018,69.12686383600285,71.41451848033743,6633810
2023-08-11,68.43062591552734,70.51934980551978,68.18196812889887,69.87283804259907,5322266
2023-08-14,67.5851821899414,68.43062472046019,66.49108946556998,68.43062472046019,4411282
2023-08-16,68.28142547607422,68.97766419992713,66.98840203070972,67.13759821108762,4099613
2023-08-17,67.6349105834961,68.9279339682595,67.18732965177247,68.28142227587779,3505589
2023-08-18,66.88894653320312,68.3311587018913,66.73975033923416,67.68465450874852,3282196
2023-08-21,66.69001770019531,67.88357197425964,66.39162533746273,67.08786406592809,3253280
2023-08-22,67.43599700927734,68.43062818883344,66.78948522487914,66.88894682514801,7643950
2023-08-23,66.9884033203125,68.13223060731907,66.69001854224543,67.5354534627518,7459049
2023-08-24,68.57981872558594,69.8728423307818,66.98841031118374,67.38626431189276,28108178
2023-08-25,71.11611938476562,72.4588697715467,68.28142243746498,68.43061861120347,41741414
2023-08-28,71.06639099121094,71.91183351993652,70.22095605091863,71.61344114645298,13178184
2023-08-29,71.01667022705078,72.8567364560352,70.12150061638881,71.21559343456057,15128266
2023-08-30,72.45887756347656,74.2492166639988,70.56907686591053,71.26532322208404,28450150
2023-08-31,75.79088592529297,76.48713224045862,72.60806947675367,72.60806947675367,37712192
2023-09-01,74.44813537597656,78.128274952504,73.55296587960865,76.98444768428016,26917281
2023-09-04,74.8957290649414,76.88499137648371,74.44814049178429,74.99519066283182,14672516
2023-09-05,78.92398071289062,80.06780806000599,74.14975571703111,74.9951906819656,44880947
2023-09-06,78.37693786621094,80.51538877371671,77.7801531038588,79.2223728282985,19672811
2023-09-07,77.23310089111328,79.17262836157649,76.78551237516848,78.5261166752779,9699663
2023-09-08,75.74115753173828,77.97907744022963,75.59196135348562,77.58122349436682,9947633
2023-09-11,76.8849868774414,78.1282757494024,76.18874055608342,76.18874055608342,15472425
2023-09-12,71.31504821777344,77.82988508450113,70.81773265812807,77.58122730467845,16082178
2023-09-13,73.00592803955078,73.4535090223632,70.81773495313783,71.76263910014575,8259981
2023-09-14,73.60269165039062,74.89571494448653,73.00591458712792,73.40376849211374,6207543
2023-09-15,72.50861358642578,74.54760292555926,71.91183640395828,73.95082574309174,8133621
2023-09-18,73.65243530273438,77.13364412023287,73.05565057755966,74.59733180353933,26097873
2023-09-20,73.50324249267578,75.09465079312149,72.85673073637284,73.50324249267578,7781450
2023-09-21,73.40377807617188,74.10001680947832,72.16048920352962,73.50323966829664,8569336
2023-09-22,72.10724639892578,73.90244291287851,71.907775046895,73.5533775581422,6135937
2023-09-25,71.50884246826172,72.60591592040159,71.30937871826592,72.30671268635356,4139573
2023-09-26,71.40910339355469,73.00483605979684,71.15976992667143,71.50883525849729,5263678
2023-09-27,75.74751281738281,76.3957814268784,71.45898126428591,71.6085828832548,32477186
2023-09-28,75.79737854003906,77.29337943227668,74.84991435191019,75.8971104110441,13522002
2023-09-29,76.9443130493164,79.98617692405116,75.49817430741118,76.29604448287985,28070817
2023-10-03,77.29337310791016,78.04137349282541,76.0965755356671,76.49550298704585,11686714
2023-10-04,74.80004119873047,77.34324564310877,73.95230892028893,76.79470896402995,7589608
2023-10-05,73.85257720947266,75.6477736365932,73.4536421337613,75.2987082987409,4735510
2023-10-06,75.14910888671875,76.04671093099373,73.603245885685,74.3013765817578,6706942
2023-10-09,71.9576416015625,73.5035045638311,71.55870652421606,73.2541710916213,6624292
2023-10-10,72.8552474975586,73.50350847253377,72.40644265828257,72.5061745306592,4291383
2023-10-11,72.9549789428711,74.20164636291655,72.65577571843855,73.35391403909645,4275608
2023-10-12,72.70565032958984,74.00217996786233,72.30671520663886,73.25417946572469,4524253
2023-10-13,74.35124206542969,75.94697471444252,72.15710301511527,72.25683487898104,16161122
2023-10-16,75.59791564941406,76.14644475064632,74.50084222884134,74.65044384156073,9371515
2023-10-17,74.20164489746094,76.64510994887085,73.70297793929124,76.04671112087802,7552077
2023-10-18,72.75550842285156,74.94964767267393,72.25684144912658,74.4011109579548,7159987
2023-10-19,72.80537414550781,74.05204151101309,72.3067071993057,72.40643906673539,4724519
2023-10-20,68.66644287109375,71.50884318689765,67.71897863551058,70.8107124458421,12781867
2023-10-23,64.67710876464844,68.76617666727057,64.32804338437361,68.61658265362037,11020427
2023-10-25,63.48030471801758,66.5221685696855,61.83470224925093,64.87657370997273,8855789
2023-10-26,63.18110275268555,63.72963945614887,61.33603650957419,63.43043623443178,6922516
2023-10-27,64.42776489257812,65.47496847389465,63.67976450851015,63.67976450851015,8884326
2023-10-30,64.97630310058594,65.77416563051865,64.22830269868139,64.62723776817452,4846851
2023-10-31,65.02616882324219,66.17310435804215,64.82670508199611,65.42510391478835,4232467
2023-11-01,64.27816772460938,65.47497298704525,64.07870398539701,65.1757697691728,3059898
2023-11-02,64.67710876464844,65.32537739033289,64.47764500707842,64.77684064343345,2252947
2023-11-03,65.87390899658203,67.76883737278507,64.97630693945459,65.12590855048482,7705809
2023-11-06,65.6744384765625,66.62191028570726,65.47497473203418,66.27283731920154,3925113
2023-11-07,66.07337188720703,67.02083606310013,65.52483519018223,65.52483519018223,3476766
2023-11-08,65.92376708984375,66.82136909199468,65.77416548797633,66.4224340233661,3054725
2023-11-09,65.37523651123047,66.3227006193136,65.17576517701855,66.22296875673433,2495579
2023-11-10,65.52483367919922,66.07337036357492,64.87657273645996,65.22563807694735,2682583
2023-11-13,65.72431182861328,66.47231232527643,65.47497832972556,66.02350746184582,2557117
2023-11-15,68.16777038574219,68.96564054752088,66.02350098388405,66.62190740974495,10051485
2023-11-16,69.41443634033203,71.06003875973666,67.86857339590327,68.21763873115792,11452636
2023-11-17,68.6165771484375,69.96297642664852,68.36724366695198,69.46430946367748,4279287
2023-11-20,68.01817321777344,69.01550718055049,67.32004248745122,68.91577530608365,3494673
2023-11-21,67.41976928710938,68.4171031748153,67.1704358151829,68.11790757393574,3312042
2023-11-22,66.37257385253906,67.91843682660826,65.67443555959001,67.41976987838197,4010334
2023-11-23,66.7715072631836,68.01817474464,66.42244189018669,66.57204350977236,3859392
2023-11-24,66.57203674316406,68.01816783104204,66.37257301002698,66.92110208068078,4559743
2023-11-28,66.52217102050781,67.27017147850027,66.32270727533148,66.82137424732645,3284836
2023-11-29,66.72164154052734,68.56670779202932,66.42243831744959,66.82137341186858,4174532
2023-11-30,66.47230529785156,67.56937105516528,66.22297182532328,66.92110250478099,5386972
2023-12-01,66.57203674316406,67.81870409790496,66.42243513878442,66.82137021411224,3704472
2023-12-04,67.51950073242188,68.51683461389962,67.27016726205244,67.81870394048666,5394266
2023-12-05,66.6717758178711,68.31737842585216,66.27284069941288,67.61924767534116,6180720
2023-12-06,66.27284240722656,67.22031428911244,65.77417539856705,66.97098078478268,5511041
2023-12-07,70.16244506835938,71.50884444060291,66.32271070712613,66.57204420602511,30944967
2023-12-08,68.11791229248047,71.20964603672324,67.61924531408472,70.51150770153666,9725191
2023-12-11,68.26750946044922,69.0155099626852,67.96831382498758,68.36724894799102,5709768
2023-12-12,67.41976928710938,69.26483545755458,67.22030555318968,68.51683504177515,6287029
2023-12-13,67.86857604980469,68.41710513835324,67.22030748238011,67.61924257072246,4703278
2023-12-14,67.56937408447266,68.66643989097062,67.36991034112904,68.31737453559228,4611654
2023-12-15,73.9024429321289,76.09658215071475,67.71897558959093,67.81870746110528,85909624
2023-12-18,77.89177703857422,80.93364851509173,74.00217325830631,74.60057969300438,117218898
2023-12-19,80.83391571044922,81.88111174094746,76.64510876129484,78.34058095823369,63856429
2023-12-20,74.35124206542969,82.87844197533578,73.80270540058771,81.98083998243686,56801214
2023-12-21,77.09391784667969,77.49284534185834,72.4563134292127,73.80271274807622,28387133
2023-12-22,81.78137969970703,83.27738054787241,76.8944420738894,77.49284089134478,96176248
2023-12-26,85.57125854492188,86.46885303985981,82.42965498547585,82.52938686168513,89498056
2023-12-27,83.87577819824219,87.16698306203222,83.07791565575475,86.16964917713265,42923515
2023-12-28,82.52938079833984,84.32458487443283,81.28271341467912,84.17498326658277,29032391
2023-12-29,83.92565155029297,84.52405038519149,81.48217886163084,82.77871601145597,24134427
2024-01-01,84.3245849609375,88.46351459169395,83.87578013692692,85.67098421486152,39295978
2024-01-02,84.97284698486328,86.0200506450331,82.32991818272282,84.77338324438044,27995040
2024-01-03,87.81525421142578,90.15898738858536,83.32725159637616,84.77338272871503,37469600
2024-01-04,91.00672149658205,94.39765839470384,87.7653862104024,88.66298827300142,114078436
2024-01-05,91.70484924316406,92.70218314514106,89.16165235855499,91.60511737477712,36278438
2024-01-08,91.55525970458984,93.6995216110402,90.40832413964053,91.90432506547332,30058600
2024-01-09,90.35845184326172,92.7520547787168,89.76005301166144,92.15365594711652,22853557
2024-01-10,88.7627182006836,90.55792228656615,87.8651161577423,90.50805254732624,17582934
2024-01-11,88.9621810913086,91.206182372739,88.51338387864404,89.06192056883745,18782724
2024-01-12,87.4661865234375,90.4083263137598,86.81792552723073,89.41099233922093,12352599
2024-01-15,88.16432189941406,89.31125745328646,85.57125517482478,87.71551706056619,26633387
2024-01-16,85.87044525146484,89.66031702607872,84.12511096745519,88.41364968035752,21200731
2024-01-17,83.77604675292969,86.41898308301738,82.8784447301947,84.52404717036656,14360146
2024-01-18,84.37445068359375,84.82325552671459,80.98351373036003,83.02805137233962,16519441
2024-01-19,88.31391906738281,90.70751431788152,83.5765830864357,84.87311257894689,32726022
2024-01-23,93.40032196044922,103.52326264352192,92.40298805293573,100.98005813574098,70934276
2024-01-24,105.36833190917967,106.91419494526566,92.7520560911056,93.99872351168496,142518213
2024-01-25,105.4680633544922,108.50993489202588,103.52326522987497,106.31579567524705,80094032
2024-01-29,102.9747314453125,107.71206775877724,101.37899862995629,106.11633494342102,27205254
2024-01-30,100.78059387207033,104.7200597425742,99.8331220994433,103.62299397184373,20236161
2024-01-31,102.82512664794922,104.42085941393294,100.7307269170297,100.7307269170297,15237495
2024-02-01,103.17418670654295,104.96939073180091,98.73605399000752,103.67285364588643,16705582
2024-02-02,96.54193115234376,101.72806474266164,95.84379280926544,99.38433143951902,27295902
2024-02-05,97.9880599975586,103.12433133094628,96.9907260535631,97.0904579261518,28710804
2024-02-06,103.22406005859376,104.07179236335114,97.73872353374094,98.58645583849832,49773379
2024-02-07,105.51793670654295,107.31313328093324,100.98006411503567,104.0717978895864,44856361
2024-02-08,106.7646026611328,112.1501999175098,104.9195287617232,106.714732919885,77772611
2024-02-09,101.82778930664062,107.06379226304972,98.48672227531414,106.91419065677016,39678094
2024-02-12,93.79925537109376,102.42618742986495,92.65231987611348,102.27659343365106,26310702
2024-02-13,96.44219207763672,97.09046068144156,89.7101877646223,94.74672736835112,26819226
2024-02-14,99.28459167480467,100.38165743068656,93.99871902048234,94.74671943709096,17975536
2024-02-15,101.4288558959961,102.22672606991948,99.03526059233378,99.58378967898392,18419125
2024-02-16,100.13232421875,102.77526055278076,98.88565685449528,101.82778879051492,12642154
2024-02-19,107.0139389038086,110.40486834242374,99.3843324488157,100.63099992155786,75541679
2024-02-20,110.55445861816406,112.997931179473,107.21339165581678,107.51259486219864,85981341
2024-02-21,111.90086364746094,115.44140213451698,108.21073115848893,110.10566714298294,100721176
2024-02-22,114.84300231933594,116.13953184888214,109.1083322838538,112.49926913099316,71453350
2024-02-23,112.00060272216795,116.3888659010477,110.80379744779296,114.54379966323864,34300190
2024-02-26,114.79313659667967,117.08700773476296,109.7067349525105,111.70140286073796,38708823
2024-02-27,112.44940185546876,117.48594130148612,111.3024663014292,115.64086742326616,36197163
2024-02-28,104.5704574584961,113.19739717944518,103.77259490724504,112.6488604931039,36949265
2024-02-29,107.0139389038086,107.31313453183408,101.82779765176858,104.72006771034124,33571297
2024-03-01,108.11100006103516,111.90086444808476,107.11366612617144,107.66219522491404,28760836
2024-03-04,110.2552719116211,112.0006063351308,106.1163344712015,108.5597996204934,25112238
2024-03-05,107.81179809570312,111.70140200889512,106.8643338901422,109.60700224303918,26194032
2024-03-06,103.12432861328124,107.26326589359884,102.07712495606155,107.26326589359884,21374177
2024-03-07,102.27659606933594,104.86966272760178,101.82779124196723,103.82245907279544,13437190
2024-03-11,95.44485473632812,102.67552578026373,94.79659376445991,102.47606203646644,21874509
2024-03-12,92.40299224853516,96.69152368013356,91.5552599104678,95.74405946859724,28026862
2024-03-13,83.47684478759766,94.14832213432084,80.0360458596815,92.75205314579912,37865971
2024-03-14,90.4083251953125,91.20618779964056,82.08058813274675,82.08058813274675,30025156
2024-03-15,89.85978698730469,92.70218721078774,87.06725650472916,89.71018537363629,23353125
2024-03-18,89.85978698730469,92.05392623331493,88.01472070953879,89.85978698730469,16308070
2024-03-19,87.11711883544922,92.50272367642668,86.1197848874554,89.26138834544676,21191489
2024-03-20,87.21684265136719,89.36111196327765,85.07258094851018,87.96484304326246,14085001
2024-03-21,88.8624496459961,90.6077839843088,88.51338430014432,88.76271777704615,11615072
2024-03-22,91.85445404052734,93.00138958944662,88.7627203588284,88.8624522306792,18475914
2024-03-26,90.30858612060548,92.65231922310078,90.00938291217896,91.9043188110882,15077486
2024-03-27,92.70217895507812,94.04858574913364,90.5080475135232,90.5080475135232,29057965
2024-03-28,91.55525970458984,94.0984567130731,91.10645486140749,93.1011227625179,10339390
2024-04-01,98.33712005615234,99.0352583447547,92.05392111305346,92.30325458561424,21764045
2024-04-02,98.78592681884766,100.13232607539686,96.54192552158104,98.58645547143608,18144552
2024-04-03,98.33712005615234,100.08245436407763,97.7885909819509,98.18751845080514,12529712
2024-04-04,97.14031982421876,100.73072021091592,96.3424496898178,99.1848496789092,15807039
2024-04-05,98.78592681884766,99.33445590385828,96.54192552158104,97.33978808406572,10546347
2024-04-08,96.74138641357422,100.4315187279963,96.29258921094714,99.3344529811995,10689126
2024-04-09,96.791259765625,97.73872394390868,95.34512101938992,97.14032511504246,10072580
2024-04-10,96.2427215576172,97.19018572103955,95.04592391865695,97.09045385263518,8611155
2024-04-12,98.73605346679688,101.02992441924287,96.44218251435086,96.44218251435086,33874602
2024-04-15,94.3976593017578,96.64166067529062,92.3531216733618,95.6941888632554,17075845
2024-04-16,93.89899444580078,95.8437926363987,92.85179073759925,92.85179073759925,8760640
2024-04-18,92.05392456054688,95.24539008522603,91.35578624579868,94.44751989952924,11491860
2024-04-19,91.55525970458984,92.75205740163442,89.31125831584062,90.55792575403464,9279741
2024-04-22,94.84645080566406,96.24271976447233,91.75471728840884,93.2008483759634,12262973
2024-04-23,96.04326629638672,98.38699965146051,95.1456641834285,95.34512793783944,25074452
2024-04-24,96.09312438964844,97.68885718499727,95.84379090259225,96.69152323677248,7267210
2024-04-25,96.84112548828124,97.93819131673922,95.544595912487,95.74405965982328,9088625
2024-04-26,95.54459381103516,97.38966006500424,95.29526032782164,96.99072497005184,8205604
2024-04-29,97.68885040283205,98.73605401938636,95.3949870466017,96.09311771826884,20542524
2024-04-30,100.2320556640625,103.52326053545916,97.738720946051,98.08778628476188,55534187
2024-05-02,103.32379150390624,104.1216616751395,99.7832606905616,101.57845716225562,35446967
2024-05-03,100.33179473876952,106.06646500217248,98.78593166798042,103.82246359475394,53454401
2024-05-06,97.7387237548828,102.32645824605632,97.09045518775903,100.9800589814478,22485869
2024-05-07,96.34245300292967,98.98538935383527,94.99605376274872,98.43685266643936,13778610
2024-05-08,96.39232635498048,97.48939216184516,95.19552106735658,95.74405777531597,11441340
2024-05-09,92.95152282714844,97.09046031852688,92.25339209277082,96.64166307629186,9654703
2024-05-10,93.45018768310548,93.94885465603356,90.30859184090173,93.69952116956952,9526574
2024-05-13,92.6523208618164,93.3005894188371,89.95951476551205,93.05125594375636,10232874
2024-05-14,96.09312438964844,96.39232761773756,93.0512604129953,93.30059390005152,9331913
2024-05-15,97.04059600830078,97.98806021356346,95.24539186152988,96.39232742146385,10791167
2024-05-16,95.69418334960938,97.48938738862236,95.24538614438298,96.7413869738759,7322639
2024-05-17,96.34245300292967,96.7413880838491,95.34511910515803,96.04325739903048,6063669
2024-05-21,100.28192901611328,102.82512595470727,99.73339231476052,101.47872668026882,14217727
2024-05-22,102.67552185058594,103.82245735615908,100.2819265804118,100.2819265804118,18068681
2024-05-23,100.28192901611328,102.82512595470727,99.78326205453948,102.62566221369936,8867002
2024-05-24,102.875,103.97206583956586,98.58646090736022,99.28459924821436,19124367
2024-05-27,105.76726531982422,108.50993360138536,103.22406077875505,103.27393051840502,53978252
2024-05-28,104.96939849853516,109.1083359231386,104.12166616073787,106.56513130069254,44478664
2024-05-29,104.07179260253906,106.36566365273472,103.3736619050294,104.57045956048997,13922300
2024-05-30,101.17951965332033,104.02192731460254,100.23205550559535,103.72272410529273,13135368
2024-05-31,103.47339630126952,104.22139675645944,99.18485731455912,101.67819216519212,19562723
2024-06-03,103.27393341064452,107.81179831088032,102.42619346717744,107.81179831088032,20733216
2024-06-04,83.22750854492188,101.7280549075065,82.62910974374726,101.7280549075065,42816848
2024-06-05,89.85978698730469,91.00672254669024,83.62644982657248,86.46885005005554,23515467
2024-06-06,93.89899444580078,94.74672679531643,91.70485515458192,92.4528556292818,17066161
2024-06-07,97.190185546875,98.0877875790136,93.00138620896666,93.74938663423984,14904003
2024-06-10,98.10774230957033,99.83312576280964,97.19018930289448,97.3397909155414,12259637
2024-06-11,107.28321075439452,108.05115453400434,96.84112326953692,98.13766042468018,68533806
2024-06-12,111.27254486083984,112.1900902386822,106.41552594380384,107.71206308005571,66304221
2024-06-13,111.93079376220705,113.99527475658354,111.10300474861704,112.20007058362386,46383556
2024-06-14,117.63552856445312,119.97926927890232,111.32241086213584,112.299793807305,100724538
2024-06-18,123.85890197753906,128.65607569853282,122.42273869763493,123.6694060978145,134767373
2024-06-19,126.69132995605467,130.15207996648184,118.78247145909329,124.36754003546098,103780909
2024-06-20,124.18801879882812,129.1547451655328,123.42007501339523,126.86087406105617,44175866
2024-06-21,121.1561279296875,125.16540693944536,120.4380462899568,123.689349390104,26308724
2024-06-24,116.43873596191406,119.5803393533611,111.95073329100518,116.08967060932083,32723863
2024-06-25,114.78316497802734,119.97928174927765,114.25457918205964,117.58567865727908,27787672
2024-06-26,114.95271301269533,116.9174621083138,113.4467366202127,115.49127425786898,27631323
2024-06-27,110.78385162353516,116.73793623394606,109.70672918356,115.19206564273802,27420759
2024-06-28,112.86827850341795,116.48860552216028,107.20342150318169,110.70406571162492,76735218
2024-07-01,114.23463439941406,117.97463680533102,112.4294623397222,113.6960731398755,32126458
2024-07-02,112.3596420288086,115.94006711578017,111.5019342569052,114.68342425779662,19433970
2024-07-03,118.3935089111328,120.29842035359124,112.34966778158928,112.99793635239124,37446162
2024-07-04,124.68668365478516,126.25249760889642,120.25852621262212,120.67740463393888,81231538
2024-07-05,130.012451171875,131.14941123852648,123.9885533471482,125.01580607324088,81150138
2024-07-08,130.93997192382812,135.03901520242346,128.23720535220988,130.6507517647443,62798648
2024-07-09,126.37217712402344,132.74514772357264,125.66407097052992,131.64807435007896,32470004
2024-07-10,122.5823211669922,127.74850379579505,120.09895411812514,126.66141342738636,41380482
2024-07-11,123.7691421508789,125.9134116734656,122.99122288432518,123.5198086624166,30814134
2024-07-12,120.32833862304688,125.1554311295902,119.68007005510428,124.56700777083182,18974550
2024-07-15,122.28311157226562,123.84892550991276,119.19137796654212,120.67740336504772,24171375
2024-07-16,119.80972290039062,123.1607655315009,119.2811371321653,122.87153777719658,13812272
2024-07-18,117.52582550048828,120.12886764085634,116.13953196017628,119.47063121025218,17898873
2024-07-19,115.19207000732422,117.23660762683345,113.54646748540875,117.18673788623892,16767204
2024-07-22,117.1368637084961,117.9247584039084,112.20006393880998,113.06774717252948,15591688
2024-07-23,112.22998046875,117.5756906823621,105.11899263285072,117.1867310772979,22695699
2024-07-24,119.14151000976562,120.37820194874612,111.95073330897496,112.20006679073214,38491498
2024-07-25,117.99457550048828,124.7664738371338,117.03713583528072,118.68273835103444,47128405
2024-07-26,122.9214096069336,124.26780892057396,117.23660912309464,118.34365041874553,32948436
2024-07-29,129.47389221191406,130.65073889112733,123.17073475613914,123.47990582548812,67512941
2024-07-30,134.45059204101562,135.33821867866442,127.81832713007788,127.90808353635374,76304970
2024-07-31,134.18130493164062,137.16333896498764,131.65805121808108,135.9366224493228,46816752
2024-08-01,134.0117645263672,140.12542680777537,132.94462506124785,134.22121136204788,71593483
2024-08-02,132.41603088378906,135.43795149105108,129.6534116212506,131.3488762680607,47960008
2024-08-05,124.12818145751952,130.1520793778249,121.94401769053458,126.76114245459948,47529025
2024-08-06,123.32034301757812,129.53373680242913,122.3728712105688,126.15276775057772,29474132
2024-08-07,137.5323486328125,139.41730923091126,123.9686157463263,126.11287769859058,111529895
2024-08-08,136.0762481689453,142.12008954193664,134.8495316571274,138.13075369514542,90092092
2024-08-09,132.15670776367188,137.83154001026676,131.25911335345825,137.38274280515995,43769620
2024-08-12,140.04562377929688,142.8182107913256,130.3116504377801,132.74514757768617,97933373
2024-08-13,136.05628967285156,145.81021405913012,135.38807778179574,141.62141469624305,74871556
2024-08-14,131.03970336914062,137.37277985945437,130.15207678751332,136.3355440587008,43547033
2024-08-16,131.35885620117188,133.89207764082985,130.46124654981003,133.24381668549165,28783090
2024-08-19,137.17330932617188,138.0210492989674,131.36883345851496,132.39608624355864,39467432
2024-08-20,140.4146270751953,142.12007466716838,136.73447792491848,137.6320723092578,48812603
2024-08-21,146.21913146972656,148.1040920323227,138.35016718865273,139.21784285803733,80012635
2024-08-22,145.22178649902344,150.29821228271658,144.18456596247975,145.11207916378356,55554468
2024-08-23,149.58013916015625,150.82680657765547,142.9578424471247,145.610754363909,62355062
2024-08-26,145.76034545898438,151.48504760445732,144.86275102353434,150.09875407257775,33201517
2024-08-27,147.62538146972656,149.99902601775486,145.11209555370527,145.76035656000056,25519951
2024-08-28,145.96978759765625,148.85208190829525,144.82285972044664,147.6054145556295,17395873
2024-08-29,146.3986358642578,147.79491244920175,141.3720797255393,145.8600822565088,34214211
2024-08-30,149.22109985351562,151.5947595103807,144.86275538738684,146.6080897896445,31396131
2024-09-02,147.09678649902344,149.819503861019,145.62072132874852,149.22109741705805,19920242
2024-09-03,152.3227996826172,154.58675185799464,146.3088775858483,146.85741426509492,72331894
2024-09-04,152.941162109375,156.33209133661018,149.4704291245772,151.59475523550077,44839217
2024-09-05,157.16986083984375,159.87264266604737,152.262979403744,153.98836295644014,55212229
2024-09-06,152.4823760986328,160.23166459684174,151.7842454271967,157.07011802768253,40340937
2024-09-09,153.0608367919922,154.47704912178364,148.61272084560147,152.29288541818076,29955389
2024-09-10,153.8587188720703,155.93317539708875,152.1931729352281,153.0608486365849,18370696
2024-09-11,146.65794372558594,154.8360781426386,145.86007361263057,153.88861404142574,27148390
2024-09-12,149.9990234375,151.88398403756398,146.4585000081782,147.4558339810821,27424865
2024-09-13,150.31817626953125,155.56414744158243,149.85939595012957,150.34809507100215,25419575
2024-09-16,149.22109985351562,151.3454260243439,148.15396044669438,150.79688931144128,12795460
2024-09-17,153.2204132080078,154.905909947999,148.55288260356247,148.95182529776292,39043901
2024-09-18,156.7709197998047,161.56809347359885,151.09608741512486,153.3899584525074,73753268
2024-09-19,154.26759338378906,162.45571102915113,151.40525008978744,158.47634346925796,50852319
2024-09-20,161.37860107421875,162.9643583734796,155.19513374050572,155.47438602396895,51799301
2024-09-23,161.17889404296875,170.7551592591759,160.280173536282,165.76231834516494,74114528
2024-09-24,156.24595642089844,162.94634003625958,155.5968932315865,161.61825783271,29258238
2024-09-25,158.12327575683594,159.1218439264732,154.62828716310554,156.24596272209675,25582500
2024-09-26,154.568359375,158.03339212244558,153.8793601409877,157.5740592997707,12841726
2024-09-27,150.78379821777344,156.1461045765842,150.09478372178157,154.56836499196527,18664270
2024-09-30,148.1775360107422,151.2731035552303,147.33874237155734,150.2845155424428,17486935
2024-10-01,148.40719604492188,152.5213072524518,147.38866748558294,148.517039152726,18282976
2024-10-03,141.0577392578125,147.48852094070148,139.99925939763668,146.09053154743935,23657348
2024-10-04,139.62979125976562,143.59410817665693,137.1433509916303,141.14761916864387,29172729
2024-10-07,130.06350708007812,141.29739924630368,128.97507140706088,139.77957132727894,32908553
2024-10-08,140.4685821533203,141.4971061458615,128.62556308913597,129.8138616451832,36591834
2024-10-09,139.0605926513672,142.64546382723853,138.44148528501714,141.5470327866751,17612249
2024-10-10,138.32167053222656,140.9978259790532,137.60270021341972,140.2488998333745,9758321
2024-10-11,137.32310485839844,140.42865260895587,136.8038451215205,138.85091300466885,10248827
2024-10-14,136.5042724609375,140.5684524251369,136.03494417915178,138.2018353854888,10387015
2024-10-15,134.70684814453125,138.27174403968914,134.41727006205926,136.90371044028558,9020999
2024-10-16,137.6526336669922,138.3416329319788,134.06776221760745,134.70684526171135,13831523
2024-10-17,132.33026123046875,137.79243046628014,131.21185449295393,137.60270007165968,11767270
2024-10-18,129.88377380371094,132.09060100518872,126.798194087097,130.8124349210982,17042504
2024-10-21,124.79106903076172,132.64979587998576,123.722601362718,131.01214464332946,17190104
2024-10-22,114.73548889160156,122.20477483859077,113.3874233313386,121.2261822588026,40452014
2024-10-23,121.7554168701172,123.72259737746576,112.40881822035462,115.73405204388892,28978501
2024-10-24,116.8224868774414,122.87381510616198,116.53290119689385,122.0749575309638,15254870
2024-10-25,113.11780548095705,118.13062215578904,111.35034310339807,117.5614385814764,20175998
2024-10-28,117.21192932128906,118.87954395905864,112.18913263360258,114.735484520342,14625084
2024-10-29,117.04217529296876,118.68981431126107,114.48584319380576,117.082118934327,11886164
2024-10-30,118.8196258544922,121.4758208757348,115.51436760966334,116.64274691278295,14959506
2024-10-31,121.51576232910156,122.52431068955929,116.7426077235857,118.3303274476632,17196532
2024-11-01,121.7154769897461,122.62417770638147,120.88666355734762,121.88523175489642,4093134
2024-11-04,119.18909454345705,121.62560325816808,117.1819704363636,121.4258850578399,13044018
2024-11-05,127.64697265625,128.79531997187786,118.4301849753992,119.18909892762083,38171252
2024-11-06,127.746826171875,131.31171423066056,127.0378436860628,128.92513691609807,23012805
2024-11-07,124.7511215209961,129.40444522182446,124.32173690405853,127.91658840328964,13290530
2024-11-08,126.60845947265624,131.06207260663476,123.12345868470682,125.2104625078247,31358773
2024-11-11,127.91658782958984,133.60842331372731,123.5328665831588,125.86952004717926,33272873
2024-11-12,126.02928924560548,132.68974480480574,124.92087795490286,129.31457947624548,24478044
2024-11-13,120.52717590332033,127.28748672721396,119.8481492382958,125.32030619978394,16794140
2024-11-14,126.70831298828124,128.11629774825084,121.25613175856388,121.47581797232966,29193373
2024-11-18,127.55709838867188,129.7140017163045,125.25040830892586,128.51572293633868,16152272
2024-11-19,129.05496215820312,132.21042615137384,127.61702148438263,127.81673208087064,17406221
2024-11-21,127.1576690673828,128.5057422124007,125.53000566788896,128.06636977292993,11893049
2024-11-22,126.09918975830078,129.8637960992742,124.9807982618182,127.7068851529652,13007261
2024-11-25,126.78820037841795,130.6626497115023,126.1191615402616,129.114866017527,9808320
2024-11-26,128.04638671875,129.25466085723886,126.51857870268071,127.3473920769112,9930221
2024-11-27,133.34878540039062,133.9579125875516,127.30745260264634,128.24610149261486,21389448
2024-11-28,132.99929809570312,135.73536515239738,132.14052885295197,133.80813588215483,17052000
2024-11-29,128.90516662597656,134.7068454905937,128.33599066924805,133.50856668548062,20074283
2024-12-02,129.3345489501953,131.1319746383411,128.31600518742263,128.81528925429976,9203076
2024-12-03,129.99359130859375,132.50998725206304,129.61414578189263,129.6640772355729,9018349
2024-12-04,128.93511962890625,131.01214328950954,128.0364143539937,130.36308006173286,9024794
2024-12-05,129.17477416992188,131.94081216201064,128.45580389589924,129.31457309892957,10419163
2024-12-06,132.07061767578125,134.68687658281073,127.3873382455331,129.61414856612527,33369110
2024-12-09,130.74252319335938,132.69972351094805,130.32312639036346,132.01070903569007,9861253
2024-12-10,126.7282943725586,131.25180711579765,125.77965000807994,130.91229758344815,15473013
2024-12-11,126.3088836669922,127.28748381004462,125.070661289197,126.72828808171204,12729041
2024-12-12,124.59134674072266,128.2161464412651,124.211893580228,126.3288608351547,10446349
2024-12-13,125.05069732666016,125.71973618307058,121.675531981032,124.24185191517005,10459452
2024-12-16,125.4301528930664,127.07779195571383,124.6412830965632,125.2204544841434,10633258
2024-12-17,120.80677795410156,127.05780907822891,120.4273171818617,126.2689393267207,12863499
2024-12-18,118.69979858398438,122.1348678351078,118.33032562629934,121.18623114118807,11212585
2024-12-19,116.96228790283205,117.97084389540734,115.43447981001762,115.54432291903426,10905183
2024-12-20,113.1876983642578,118.49010042532076,112.83820103518804,117.62134339151557,10793947
2024-12-23,112.43877410888672,114.92520671217258,111.530081038292,114.37599879126626,10712726
2024-12-24,114.15631103515624,116.58283195357548,111.2904176911642,112.8182333659596,17510902
2024-12-26,114.5058135986328,115.73405583604196,112.87815017623372,114.7254998214597,14683752
2024-12-27,112.82821655273438,116.53290358722764,112.57857450767308,114.8153727167212,16995184
2024-12-30,110.77117156982422,113.98656241713594,110.3417869358328,113.07786169138662,8949902
2024-12-31,112.46873474121094,113.0379183161294,109.65277269396108,110.74121600438424,9491841
2025-01-01,113.85674285888672,114.76544357812791,112.11923632334108,112.69840770801322,6864927
2025-01-02,114.3759994506836,115.4544549059664,111.9694464968657,114.2761441570768,8587433
2025-01-03,114.23619842529295,116.23333473476148,113.4373408541174,114.78540633931456,8836897
2025-01-06,106.3674774169922,114.29611107257836,105.8382375093268,113.8367706316146,15036806
2025-01-07,108.99372100830078,110.29185510263277,107.44593724445676,107.44593724445676,10951561
2025-01-08,107.07646942138672,109.22338491617386,105.63852880255908,108.89386320641805,10106581
2025-01-09,104.72982788085938,107.99515009284436,104.3503747154526,107.04650575162152,8961866
2025-01-10,100.3261489868164,104.78975009153206,99.95667600753798,104.5500882365278,13688166
2025-01-13,92.93673706054688,100.9452502408105,92.06798003071802,98.94811394844376,19857234
2025-01-14,97.92958068847656,98.47879623251278,93.9752516268275,93.9752516268275,13523471
2025-01-15,97.05084228515624,100.35610046967992,96.68136932187222,100.35610046967992,15804761
2025-01-16,102.19346618652344,102.75266956048104,98.86823986225124,98.86823986225124,14615612
2025-01-17,103.60144805908205,106.61712059262658,102.03369633054125,105.84822645072477,36537842
2025-01-20,105.32897186279295,106.24765273278454,103.3617913874288,103.85108764798316,10711253
2025-01-21,101.43455505371094,105.9980112191387,101.11501354872256,105.54865097812755,11164260
2025-01-22,99.02800750732422,102.3432536581134,96.30192056174272,102.043687766347,13539512
2025-01-23,100.88534545898438,102.61287182163156,98.21917015557436,98.85825320316768,10208892
2025-01-24,99.0080337524414,103.18204893076737,98.35896293022302,102.44310301330252,12992414
2025-01-27,94.11505126953124,97.85968195664788,93.36612513210792,97.85968195664788,12380396
2025-01-28,93.735595703125,96.03229789468357,91.12933220212886,94.86397497864266,13304998
2025-01-29,96.0023422241211,97.08079766458113,93.73559585467258,94.36469105237236,8694770
2025-01-30,95.02375030517578,97.24056523352152,94.43459112580626,96.00234284122136,8652119
2025-01-31,97.88964080810548,98.21917014718755,94.42460788626428,95.25342133239045,9769666
2025-02-01,105.96805572509766,106.7968615066341,97.43029492233885,97.8896353610429,44391010
2025-02-03,101.57435607910156,104.84965847734328,100.865373588376,103.8510903013686,15059349
2025-02-04,100.59575653076172,102.60288070993812,98.21916700003251,99.75696291467044,20209031
2025-02-05,101.69417572021484,104.95949780434154,100.90531359387276,100.90531359387276,14326537
2025-02-06,99.83685302734376,102.69275110007813,99.30760547631928,102.303310107502,8798724
2025-02-07,100.3960418701172,102.34324669883814,98.3589619470482,100.20631148530376,10456363
2025-02-10,97.83971405029295,100.90531807136932,97.38036598125868,100.406033979217,6025226
2025-02-11,92.3675537109375,97.80974707138296,91.52876012329314,97.80974707138296,9678134
2025-02-12,91.90821838378906,93.11648499606304,87.92393338415347,93.11648499606304,11537975
2025-02-13,91.10935974121094,93.96526538094652,90.5701320030996,92.60721202980776,9461732
2025-02-14,85.5772933959961,92.26770504024871,84.3790145795331,91.82833258559252,17216703
2025-02-17,86.90538787841797,87.67428964682952,83.68999710536015,85.34762394850252,13736747
2025-02-18,83.4603271484375,87.33476879728876,81.7028450851006,87.11508258706286,12326587
2025-02-19,88.67285919189453,89.24204276105625,81.94250403977158,83.38044468543097,17697580
2025-02-20,91.01949310302734,91.57868885803416,87.29483035878926,88.40324167208546,18631853
2025-02-21,89.281982421875,93.00663737478538,88.5430365016573,90.86970213192971,12560035
2025-02-24,87.23491668701172,88.57299438939371,86.29626016127051,87.97385500596192,8372899
2025-02-25,86.10653686523438,88.74275623110874,85.43749039963394,87.43462674459758,7975278
2025-02-27,83.03094482421875,86.56587705874618,82.661471858825,86.07657317035351,9534116
2025-02-28,79.07661437988281,82.71140184299995,78.35764409162309,81.69285806180854,18116989
2025-03-03,79.48602294921875,81.47317142786987,77.119421317492,79.38616765824835,26746217
2025-03-04,79.83552551269531,81.19357889067471,77.83838908842806,78.39759246778307,12619830
2025-03-05,83.3205337524414,83.65005547119786,80.21498601462972,80.3747529663797,11561710
2025-03-06,82.87117004394531,85.37757827622013,82.5416483388817,84.07943661176658,11810000
2025-03-07,83.74991607666016,85.12793742368446,82.30198764323946,82.83122756017335,11737506
2025-03-10,80.13509368896484,86.8754286721488,79.51597869600825,84.47886359887822,13680805
2025-03-11,80.14508056640625,80.88401885237977,78.14794429844626,79.77560761418435,12196162
2025-03-12,79.0067138671875,81.13366125971598,77.93824626364452,80.73423248058947,10075241
2025-03-13,77.43896484375,80.14508367767202,76.88974930135211,79.58588032037494,17994296
2025-03-17,77.5288314819336,79.33623741709691,76.93967992326706,78.34765706996858,11745897
2025-03-18,77.5288314819336,77.5288314819336,77.5288314819336,77.5288314819336,0
2025-03-19,81.892578125,82.67146008216501,80.0352407109278,80.78416684181269,13986473
2025-03-20,81.32339477539062,83.49028589111697,80.70427976298141,83.21068802050331,13778436
2025-03-21,82.6914291381836,84.29912452893781,81.18359666091875,81.58301784099353,29780674
2025-03-24,84.8183822631836,85.27772270427236,83.28058637685835,84.66859551493344,23675047
2025-03-25,81.1336669921875,85.58728029071139,80.83409348205879,85.47743717822891,17053762
2025-03-26,79.65577697753906,82.33193989082125,79.38616693253663,81.53308995189047,13888936
2025-03-27,81.1336669921875,81.53309579953552,79.17647421650015,79.61584666643006,16235932
2025-03-28,78.98674011230469,83.38044155001135,78.58731132370036,81.38330522546019,14783782
2025-04-01,80.65435028076172,81.5730388161537,78.64723368110207,79.0865985091896,11313467
2025-04-02,81.63294982910156,81.78273658183993,78.38760319981006,80.75421256135824,12132102
2025-04-03,83.10084533691406,83.38044320895887,80.4845939570494,80.88402275360082,10592373
2025-04-04,79.04666137695312,83.0808701500758,78.55735747979418,82.77131644987087,15913067
2025-04-07,74.23355102539062,75.24210696847726,71.4974764861197,72.87550537944821,14963582
2025-04-08,75.85123443603516,77.05950096223216,74.6030242703188,76.40044995633845,8467955
2025-04-09,74.95252227783203,76.02098988470851,73.6344126355314,75.24210795314046,6443242
2025-04-11,75.90116882324219,76.88974917952142,75.19218633593319,76.88974917952142,6031521
2025-04-15,82.40184020996094,82.64150205074797,77.39901927443967,77.88831553372341,21436023
2025-04-16,82.27203369140625,83.01097202895484,81.55306336580405,82.43180826086042,10346751
2025-04-17,83.18073272705078,84.27915620512891,81.95249050930563,82.48173042756788,12134499
2025-04-21,85.76702117919922,86.67572188843091,82.68144913077919,83.77987261543927,13789712
2025-04-22,85.51737976074219,87.46458469702891,85.17787023071095,86.2663059083095,10452018
2025-04-23,85.60725402832031,86.58584658529028,83.20070104065275,85.9767193817093,9584860
2025-04-24,85.27772521972656,86.37614870851058,84.87829641876763,85.37758051534861,7442748
2025-04-25,81.03380584716797,85.71708522948055,80.38473503437646,85.56730610369581,12429494
2025-04-28,81.73280334472656,82.57160457071089,80.5245367709676,81.03380867179843,7638393
2025-04-29,81.08373260498047,83.24064351565319,80.9339534737981,81.88259019081568,5883125
2025-04-30,79.27632904052734,81.5930069671528,78.5673465304901,81.08373505036211,6497118
2025-05-02,77.93824768066406,80.66433448221099,77.73852947823453,79.2963009833032,6065540
2025-05-05,80.474609375,80.80413871677855,78.33767398884306,78.39759326273885,6906235
2025-05-06,76.24067687988281,80.88402031027805,75.89117955038434,80.40470424520127,9334713
2025-05-07,77.5987319946289,77.83838622354855,75.34196578509643,75.34196578509643,10562494
2025-05-08,75.30203247070312,79.33624134008492,74.39333174155769,77.8383890231408,12999539
2025-05-09,74.03384399414062,74.93255687665935,71.95682035864637,73.79418976495916,15885424
2025-05-12,81.7827377319336,82.48173242991483,76.44039934458893,76.88975199065246,43207862
2025-05-13,82.6115493774414,83.2306567769217,81.41326298319478,81.83265979286931,22418441
2025-05-14,85.5273666381836,86.2762927775399,82.37188751416313,83.01097054360285,22273786
2025-05-15,89.9510269165039,90.34046791209228,85.7869992753848,86.14647682491405,30612198
2025-05-16,88.30338287353516,91.09937677462266,87.92392971461105,90.6699921602086,29053392
2025-05-19,89.67142486572266,92.51734263136322,88.7427561613062,89.01236621553718,29493618
2025-05-20,85.91680908203125,90.70993188432756,85.64719140093504,90.37042235224588,27241564
2025-05-21,85.00810241699219,86.40609932684268,82.88115503641774,86.16644510810181,29531003
2025-05-22,84.37901306152344,85.36759344824402,83.38044485961191,84.8782971624792,19591611
2025-05-23,86.97528839111328,87.56444758865074,79.49601473252955,79.88545571968535,67134134
2025-05-26,85.84690856933594,87.55445926113494,85.43749195430254,86.97528788212361,11734517
2025-05-27,87.1949691772461,87.3747117461484,85.22778873383471,86.2663005076625,10987153
2025-05-28,87.48455810546875,89.05230982982143,87.18498460666177,87.37471499713756,14789162
2025-05-29,88.30338287353516,88.83262278045868,87.05517267099083,87.58441257791435,8134007
2025-05-30,87.46458435058594,88.87256915930149,85.87686458089806,88.31337340924347,9160910
2025-06-02,88.93247985839844,90.54017524102966,86.70567707869697,86.9852749507249,13417775
2025-06-03,87.40467071533203,89.9610027930364,87.15502867279152,89.00237826389726,7241784
2025-06-04,89.74132537841797,91.36898877459464,86.22636110675667,87.77414483830472,19301994
2025-06-05,88.76272583007812,90.29053394234704,88.38327266039738,89.87113713083609,14946136
2025-06-06,91.28910064697266,92.0679826038084,85.65717675457667,88.37328340705967,54799698
2025-06-09,91.85828399658205,92.71705323386256,90.96955893310088,91.72847287688911,13192220
2025-06-10,91.608642578125,93.82546515373038,91.22918941287936,92.02804700320456,13468418
2025-06-11,91.43888854980467,93.46598074981546,90.6999502248312,91.66856258486882,11225638
2025-06-12,87.9039535522461,92.36755442844628,87.4745689404345,91.43888573864308,14769885
2025-06-13,86.67572021484375,90.3105077446465,85.47743383960305,86.27629142309685,47310798
2025-06-16,84.59869384765625,87.2049572966158,82.98101072188022,86.6757174025728,25066209
2025-06-17,81.792724609375,85.15789455482043,81.57303838725093,84.62865462977831,15580565
2025-06-18,82.25205993652344,83.36047117469111,80.76418793163188,81.73280024052349,10430180
2025-06-19,79.25635528564453,82.72138030006671,78.98673762398045,82.12224094527018,12181342
2025-06-20,81.60298919677734,81.99243015988111,79.25635560363486,79.25635560363486,11071127
2025-06-23,81.62296295166016,82.47174440230056,80.29487302891565,80.29487302891565,9518730
2025-06-24,83.53022766113281,84.82836169111057,82.38187275957794,82.38187275957794,12343549
2025-06-25,87.02521514892578,87.47456776569547,83.3305084503237,84.0794345572534,18286736
2025-06-26,87.39468383789062,88.30338453935109,86.1564614267797,87.37471582640023,11087468
2025-06-27,86.83548736572266,88.133629037351,86.61580114881905,87.37471509308503,7323723
2025-06-30,86.41609191894531,87.89396857110184,86.12650623015786,86.82550091449261,5610455
2025-07-01,85.88684844970703,87.04518353852892,84.98813559378553,86.4660121848828,5733399
2025-07-02,85.55731964111328,86.56587560866569,84.77843770084384,85.92679260031792,5560812
2025-07-03,84.39897918701172,86.10653747836864,84.18928078351382,85.51737829080449,7003892
2025-07-04,84.47886657714844,85.57729005240144,83.72994044150266,84.38899909773684,6232012
2025-07-07,83.23065948486328,84.98814168252298,83.08087272840025,84.37901445978531,5172632
2025-07-08,82.97102355957031,83.7598933087968,82.29200453430586,83.23065341059342,5612934
2025-07-09,82.38187408447266,83.72993959125174,82.13223204179243,82.98101346321107,7747345
2025-07-10,82.03237915039062,83.30055741221241,81.46319558115238,82.78130530036046,5965343
2025-07-11,81.09371948242188,82.74135847261583,80.88402108272017,81.89257705902212,6910721
2025-07-14,82.11226654052734,82.4817318991668,80.56448278120884,81.28345310506077,8509957
2025-07-15,82.6015625,83.13080242561617,81.96247946320264,82.20213369738397,5525179
2025-07-16,83.2506332397461,83.48029965847304,82.08230266043638,82.68144967278833,5926918
2025-07-17,82.49171447753906,83.55019426575308,82.39185918744779,83.38043951075089,4235645
2025-07-18,81.4432144165039,82.88115496464437,80.96390597943726,82.51168201311654,5234128
2025-07-21,81.61298370361328,82.17217946705867,80.8141260828591,81.44322131673516,4551018
2025-07-22,80.20499420166016,82.82124552009095,79.89544051037518,82.01240013098793,7137619
2025-07-23,80.59443664550781,81.50313734337666,79.75564303375558,80.5245371778618,6175205
2025-07-24,79.13652801513672,81.2035638364715,78.93681742715553,80.88402232461924,7223726
2025-07-25,75.83126831054688,79.6657663780809,75.29204059133669,79.17647011412868,19087592
2025-07-28,76.27063751220703,78.8868889779218,75.35195658292247,75.80131685071468,13112568
2025-07-29,78.55735778808594,78.87689930459138,75.81129526176807,76.2706357155902,10464692
2025-07-30,76.8897476196289,78.9867392128338,76.64010558190284,78.63724188371138,5860749
2025-07-31,75.46179962158203,76.93968393031838,75.30203266895886,76.3605125378088,11844443
2025-08-01,73.15510559082031,75.99103551052727,72.83556408411431,75.49175143014475,7440393
2025-08-04,74.90260314941406,75.18220102770641,73.15510879161612,73.39476302751372,11714562
2025-08-05,73.91401672363281,75.43184469323452,73.54455135589801,75.04240369463943,4677682
2025-08-06,72.75567626953125,74.49318272335505,72.46609059081555,74.00388646133837,10562288
2025-08-07,73.8541030883789,74.17364460733978,72.04669708598806,72.54598118551885,6686300
2025-08-08,72.84554290771484,74.36337074981911,72.49604558172713,73.8441110496628,3733818
2025-08-11,73.085205078125,73.76423172246412,72.14654858253172,72.895474692385,4495272
2025-08-12,71.88692474365234,73.73427444543563,71.69720196051493,73.43470854752188,4513554
2025-08-13,71.49748229980469,72.69576872267767,71.30775952049802,71.89691110742902,5095065
2025-08-14,70.98820495605469,72.35624604164533,70.24926667041132,71.8469741603714,7160882
2025-08-18,72.82557678222656,73.16508630241194,71.64726603948642,71.87694007020693,5410484
2025-08-19,74.27349853515625,74.84268209339604,72.82557772058135,72.92543301495365,7859206
2025-08-20,75.16222381591797,75.62157188455768,73.94397703162814,74.27349874212791,4714243
2025-08-21,72.69576263427734,76.14081962225696,72.50603225239011,75.1622195064604,16568740
2025-08-22,73.51459503173828,74.48319980473585,72.59590648014155,72.69576939682685,6243020
2025-08-25,74.13369750976562,74.64296940072153,73.4047470247709,73.84411183131895,6994479
2025-08-26,71.7171630859375,74.03384085229823,71.40760940227865,73.97392920216303,6414011
2025-08-28,69.61018371582031,72.0466924010022,69.20077474243253,71.71716308830723,11171055
2025-08-29,70.12944793701172,70.59876859081959,68.46183325537838,69.79991860305387,22471463
2025-09-01,71.22786712646484,71.6472639160773,70.00961277890174,70.4989090334496,7052642
2025-09-02,70.17936706542969,71.76709435617724,69.89976920755471,71.30775392988689,11083136
2025-09-03,71.5773696899414,71.73713664214281,70.2492721404939,70.38907108059671,5871614
2025-09-04,69.88978576660156,72.45610572050565,69.75997464402784,72.1465520182687,7005387
2025-09-05,69.73999786376953,70.60875492089421,68.951135707753,70.13942665848676,9246925
2025-09-08,70.97000122070312,71.77999877929688,69.69999694824219,71.01000213623047,19859380
2025-09-09,70.05999755859375,71.80000305175781,69.8499984741211,71.5,11176292
2025-09-10,70.68000030517578,72.1500015258789,70.16999816894531,70.31999969482422,14886869
2025-09-11,70.27999877929688,71.6500015258789,70.0199966430664,70.9000015258789,9747524
2025-09-12,73.0199966430664,73.69999694824219,71.06999969482422,71.0999984741211,43056071
2025-09-15,73.87000274658203,74.61000061035156,73.30000305175781,73.75,18414288
2025-09-16,76.45999908447266,76.88999938964844,73.43000030517578,74.05000305175781,30880989
2025-09-17,75.12000274658203,77.20999908447266,74.80000305175781,76.94000244140625,21695644
2025-09-18,77.63999938964844,78.70999908447266,75.29000091552734,75.5999984741211,75186359
2025-09-19,76.41999816894531,77.55000305175781,76.0999984741211,77.54000091552734,12650396
2025-09-22,74.8499984741211,76.5,74.5199966430664,76.20999908447266,10534961
2025-09-23,75.33999633789062,75.95999908447266,73.95999908447266,74.88999938964844,9392547
2025-09-24,75.66999816894531,76.55999755859375,74.5199966430664,76.30000305175781,13673226
2025-09-25,76.4000015258789,77.38999938964844,74.80000305175781,75.5,18975097
2025-09-26,72.0999984741211,76.27999877929688,71.81999969482422,76.05000305175781,20761048
2025-09-29,74.06999969482422,76.19000244140625,72.30000305175781,72.45999908447266,31113853
2025-09-30,72.87999725341797,74.73999786376953,72.30000305175781,74.44000244140625,9135917
2025-10-01,73.41999816894531,73.7300033569336,72.69000244140625,72.91999816894531,6815107
2025-10-03,75.87000274658203,76.1500015258789,72.80999755859375,73.5,18386988
2025-10-06,74.44000244140625,76.13999938964844,74.16000366210938,76.0,9295845
2025-10-07,74.45999908447266,75.18000030517578,73.76000213623047,74.45999908447266,8631290
2025-10-08,73.22000122070312,75.06999969482422,73.0999984741211,74.45999908447266,7974634
2025-10-09,73.9800033569336,74.79000091552734,73.62000274658203,74.1500015258789,14941670
2025-10-10,76.04000091552734,77.66999816894531,74.3499984741211,74.3499984741211,23042103
2025-10-13,76.41000366210938,76.94999694824219,74.3499984741211,75.51000213623047,23452335
2025-10-14,74.94000244140625,78.29000091552734,74.70999908447266,76.41999816894531,16171894
2025-10-15,77.2300033569336,77.80999755859375,75.0999984741211,75.2300033569336,14589569
2025-10-16,77.31999969482422,78.16999816894531,76.79000091552734,77.26000213623047,9256415
2025-10-17,75.45999908447266,78.94999694824219,74.5,77.69000244140625,23155508
2025-10-20,76.41000366210938,76.9000015258789,74.69999694824219,75.44999694824219,10137619
2025-10-21,77.20999908447266,77.73999786376953,76.47000122070312,76.76000213623047,12306411
2025-10-23,76.69999694824219,77.94000244140625,76.5,77.3499984741211,9929257
2025-10-24,77.73999786376953,78.5,76.5999984741211,76.69999694824219,13512704
2025-10-27,76.8499984741211,78.30000305175781,76.6500015258789,78.1500015258789,10910508
2025-10-28,75.66000366210938,77.18000030517578,75.44999694824219,77.0,7460096
2025-10-29,77.1500015258789,77.58999633789062,75.2699966430664,75.69999694824219,10148290
2025-10-30,74.66999816894531,76.98999786376953,74.55999755859375,76.8499984741211,13552459
2025-10-31,73.51000213623047,75.44999694824219,73.30999755859375,74.91999816894531,8597963
2025-11-03,77.51000213623047,78.0999984741211,73.5999984741211,73.80000305175781,30486532
2025-11-04,76.97000122070312,78.9000015258789,76.5199966430664,78.0,14544831
2025-11-06,74.69000244140625,77.22000122070312,74.25,76.97000122070312,9013433
2025-11-07,74.87000274658203,75.33000183105469,73.12000274658203,74.30999755859375,7558179
2025-11-10,74.22000122070312,75.30000305175781,74.0999984741211,74.87000274658203,4309461
2025-11-11,78.30000305175781,78.80000305175781,74.1500015258789,74.44000244140625,30606710
2025-11-12,76.86000061035156,80.06999969482422,76.33000183105469,79.0,23059064
2025-11-13,75.69000244140625,77.69000244140625,75.41999816894531,76.80999755859375,8658321
2025-11-14,75.86000061035156,76.68000030517578,75.12999725341797,75.5,6635718
2025-11-17,76.22000122070312,76.55999755859375,75.51000213623047,75.9000015258789,5242709
2025-11-18,74.31999969482422,76.36000061035156,74.18000030517578,76.19999694824219,8731102
2025-11-19,73.79000091552734,74.69999694824219,73.4000015258789,74.63999938964844,7723099
2025-11-20,73.4000015258789,74.48999786376953,73.19000244140625,74.0999984741211,6554864
2025-11-21,71.6500015258789,73.88999938964844,71.45999908447266,73.4000015258789,9266296
2025-11-24,71.16000366210938,72.5999984741211,70.8499984741211,71.6500015258789,7976408
2025-11-25,70.70999908447266,71.58999633789062,70.5999984741211,71.16000366210938,6408924
2025-11-26,71.72000122070312,72.19000244140625,70.75,70.80000305175781,5181489
2025-11-27,71.44000244140625,72.51000213623047,71.11000061035156,71.80000305175781,7997055
2025-11-28,70.16999816894531,71.61000061035156,70.0,71.44999694824219,10637604
2025-12-01,71.16999816894531,72.98999786376953,70.58000183105469,70.58000183105469,9866187
2025-12-02,70.72000122070312,71.47000122070312,70.22000122070312,71.16999816894531,5732665
2025-12-03,68.80000305175781,70.9000015258789,68.55999755859375,70.80000305175781,8915417
2025-12-04,70.47000122070312,72.26000213623047,68.72000122070312,69.12000274658203,20826668
2025-12-05,69.02999877929688,70.29000091552734,67.44999694824219,70.19999694824219,19958374
2025-12-08,66.48999786376953,71.33000183105469,65.69999694824219,70.9800033569336,30628278
2025-12-09,67.20999908447266,67.4800033569336,64.94999694824219,66.5,15322290
2025-12-10,66.04000091552734,68.06999969482422,65.61000061035156,67.0,14627114
2025-12-11,66.83999633789062,68.26000213623047,65.75,66.30000305175781,18204686
2025-12-12,66.55999755859375,68.05000305175781,66.19999694824219,67.01000213623047,12579661
2025-12-15,66.0,67.23999786376953,65.69999694824219,66.55999755859375,8696082
2025-12-16,65.43000030517578,66.58000183105469,65.05999755859375,65.80999755859375,10204719
2025-12-17,64.52999877929688,65.75,64.16000366210938,65.43000030517578,8998191
2025-12-18,64.62000274658203,65.45999908447266,64.0,64.79000091552734,10156497
2025-12-19,64.12000274658203,65.25,63.45000076293945,64.91999816894531,9656526
2025-12-22,63.95000076293945,65.69999694824219,63.70000076293945,64.44999694824219,13302618
2025-12-23,66.26000213623047,67.13999938964844,63.72999954223633,64.05000305175781,20754927
2025-12-24,64.23999786376953,66.98999786376953,64.05000305175781,66.05000305175781,13934322
2025-12-26,61.470001220703125,64.94000244140625,60.720001220703125,64.23999786376953,59247417
2025-12-29,64.8499984741211,68.04000091552734,61.34000015258789,62.0,171871693
2025-12-30,63.5,66.5,63.11000061035156,64.5,95495171
2025-12-31,67.79000091552734,71.58999633789062,64.2300033569336,64.30000305175781,164483732
2026-01-01,68.91999816894531,70.6500015258789,67.22000122070312,67.79000091552734,49902209
2026-01-02,67.7300033569336,69.27999877929688,67.36000061035156,69.0,18210925
2026-01-05,67.19999694824219,70.19999694824219,66.55999755859375,67.7699966430664,18916545
2026-01-06,69.47000122070312,70.0999984741211,66.3499984741211,67.44999694824219,26747246
2026-01-07,69.62000274658203,71.29000091552734,69.16000366210938,69.47000122070312,23079561
2026-01-08,66.94000244140625,69.5,66.5,69.5,14329615
2026-01-09,64.88999938964844,67.5999984741211,64.0,67.0999984741211,15384199
2026-01-12,63.18999862670898,65.08000183105469,62.5,65.0,25709244
2026-01-13,62.68000030517578,65.05999755859375,61.68000030517578,63.75,23551913
2026-01-14,64.41000366210938,66.30000305175781,62.5,62.68000030517578,28613605
2026-01-15,64.41000366210938,64.41000366210938,64.41000366210938,64.41000366210938,0
2026-01-16,68.0199966430664,69.05000305175781,63.90999984741211,64.45999908447266,40137629
2026-01-19,66.05999755859375,68.63999938964844,65.5999984741211,68.0199966430664,12971011
2026-01-20,63.31999969482422,66.1500015258789,62.900001525878906,66.0,14658791
2026-01-21,62.02000045776367,63.59999847412109,61.810001373291016,63.31999969482422,13915361
2026-01-22,62.369998931884766,63.66999816894531,62.060001373291016,63.0,10921759
2026-01-23,61.09999847412109,62.720001220703125,59.84000015258789,62.68999862670898,13573172
2026-01-27,60.95000076293945,61.77999877929688,59.81999969482422,61.38999938964844,12004577
2026-01-28,64.51000213623047,65.23999786376953,61.310001373291016,61.380001068115234,30894146
2026-01-29,65.81999969482422,67.80000305175781,62.59999847412109,64.0,20753501
2026-01-30,68.61000061035156,69.75,64.5199966430664,65.25,30274800
2026-02-02,66.47000122070312,67.2300033569336,63.45000076293945,65.69999694824219,12970736
2026-02-03,68.5199966430664,70.13999938964844,67.41999816894531,69.5,32331657
2026-02-04,68.8499984741211,71.16999816894531,67.48999786376953,68.19000244140625,25061755
2026-02-05,71.05000305175781,72.69999694824219,67.61000061035156,68.51000213623047,34309311
2026-02-06,70.91000366210938,72.55000305175781,70.62999725341797,71.0,20995424
2026-02-09,72.23999786376953,72.55999755859375,70.5,71.30000305175781,17503816
2026-02-10,72.30000305175781,73.5,71.69999694824219,72.12000274658203,13387936
2026-02-11,71.6500015258789,72.69000244140625,71.30999755859375,72.30000305175781,7799430
2026-02-12,71.62000274658203,72.55000305175781,69.7699966430664,71.30000305175781,12537177
2026-02-13,69.73999786376953,71.05000305175781,69.19999694824219,71.05000305175781,12930607
2026-02-16,69.0,70.48999786376953,68.6500015258789,69.5999984741211,8191543
2026-02-17,72.12000274658203,73.0,69.0199966430664,69.30000305175781,32146168
2026-02-18,73.79000091552734,74.0999984741211,71.4000015258789,72.12000274658203,25079749
2026-02-19,71.37999725341797,75.4000015258789,70.69999694824219,74.5,20022181
2026-02-20,71.30999755859375,72.06999969482422,70.30000305175781,71.05000305175781,14195356
2026-02-23,69.69000244140625,72.33999633789062,69.12000274658203,71.66000366210938,12747887
2026-02-24,69.4000015258789,70.1500015258789,67.8499984741211,69.5,10533828
2026-02-25,70.25,71.0,69.45999908447266,69.69000244140625,8828806
2026-02-26,69.58999633789062,70.77999877929688,68.80000305175781,70.19000244140625,10017221
2026-02-27,68.51000213623047,69.94999694824219,68.26000213623047,69.4000015258789,7677734
2026-03-02,67.5,68.12999725341797,64.5,66.23999786376953,20290476
2026-03-04,66.5,67.05000305175781,64.5,66.5999984741211,12902033
2026-03-05,70.08000183105469,71.0999984741211,66.79000091552734,66.79000091552734,25165455
2026-03-06,69.63999938964844,71.0999984741211,69.0999984741211,69.37999725341797,13018974
2026-03-09,68.4000015258789,69.3499984741211,65.68000030517578,67.69999694824219,12962925
2026-03-10,69.80999755859375,70.5,68.70999908447266,69.08999633789062,16206878
2026-03-11,72.05999755859375,72.48999786376953,69.29000091552734,69.47000122070312,31936878
2026-03-12,74.47000122070312,75.9800033569336,70.69999694824219,71.9000015258789,60068640
2026-03-13,71.97000122070312,77.19999694824219,71.4000015258789,76.0,70956744
2026-03-16,71.2699966430664,72.94999694824219,69.30000305175781,72.31999969482422,20368200
2026-03-17,71.73999786376953,72.18000030517578,70.3499984741211,71.5,10071338
2026-03-18,72.62999725341797,75.05999755859375,71.51000213623047,71.9000015258789,25631636
2026-03-19,70.68000030517578,72.18000030517578,69.37000274658203,71.0999984741211,13791772
2026-03-20,71.16000366210938,72.4800033569336,70.7300033569336,71.30000305175781,11233604
2026-03-23,66.48999786376953,70.0,66.19999694824219,70.0,16207486
2026-03-24,69.58000183105469,70.38999938964844,66.55000305175781,68.0999984741211,18090046
2026-03-25,70.93000030517578,72.30000305175781,70.16999816894531,70.16999816894531,16122155
2026-03-27,70.76000213623047,73.30000305175781,70.30999755859375,71.5,29249289
2026-03-30,67.86000061035156,71.0999984741211,67.1500015258789,70.5,18372015
2026-04-01,72.47000122070312,73.44999694824219,69.5999984741211,69.75,19790318
2026-04-02,71.72000122070312,72.44999694824219,69.68000030517578,70.8499984741211,17408397
2026-04-06,72.87999725341797,73.44999694824219,69.83000183105469,71.44000244140625,17152455
2026-04-07,72.63999938964844,73.88999938964844,72.05000305175781,72.13999938964844,10484050
2026-04-08,75.16999816894531,76.4000015258789,74.63999938964844,75.5,22442676
2026-04-09,79.61000061035156,81.51000213623047,75.25,75.38999938964844,77596073
2026-04-10,84.4000015258789,84.80000305175781,80.23999786376953,80.4000015258789,65713388
2026-04-13,86.0,89.80000305175781,81.69000244140625,82.25,71995655
2026-04-15,88.12000274658203,91.1999969482422,87.51000213623047,87.9000015258789,34514977
2026-04-16,91.4800033569336,92.0500030517578,86.83999633789062,88.9000015258789,58647228
2026-04-17,95.48999786376952,96.1999969482422,91.0199966430664,91.5,57350410
2026-04-20,93.3000030517578,97.48999786376952,92.91999816894533,97.0,35534087
2026-04-21,97.83999633789062,99.5,93.23999786376952,93.9499969482422,40345376
2026-04-22,100.37000274658205,101.5,97.2699966430664,97.83999633789062,49463580
2026-04-23,97.75,99.9000015258789,96.79000091552734,99.3499984741211,25959845
2026-04-24,100.22000122070312,100.94000244140624,96.20999908447266,98.1999969482422,31438140
2026-04-27,106.69000244140624,107.9000015258789,101.75,101.75,54279670
2026-04-28,107.23999786376952,108.8000030517578,105.31999969482422,107.1999969482422,32108858
2026-04-29,107.0999984741211,108.1999969482422,104.61000061035156,107.69000244140624,28019806
2026-04-30,116.02999877929688,119.5,106.8000030517578,106.8000030517578,234723195
2026-05-01,116.02999877929688,116.02999877929688,116.02999877929688,116.02999877929688,0
2026-05-04,126.04000091552734,128.49000549316406,119.37999725341795,122.3499984741211,180555133
2026-05-05,128.77000427246094,133.39999389648438,125.5,126.0,136578601
2026-05-06,141.4600067138672,142.9499969482422,128.0,128.89999389648438,167554753
2026-05-07,146.24000549316406,147.6699981689453,140.2100067138672,143.9499969482422,130722218
2026-05-08,141.14999389648438,146.9499969482422,137.8000030517578,146.0,71352732
2026-05-11,148.4600067138672,151.8000030517578,137.64999389648438,139.3000030517578,112674256
2026-05-12,147.77999877929688,153.5500030517578,146.6999969482422,150.5399932861328,98852575
2026-05-13,153.4600067138672,154.6999969482422,146.0,149.0,72932114
2026-05-14,151.58999633789062,155.3000030517578,142.0,154.0,91824844
2026-05-15,147.88999938964844,153.25,146.1999969482422,152.63999938964844,31370839
2026-05-18,139.69000244140625,148.0,137.10000610351562,147.3000030517578,50784047
2026-05-19,138.1699981689453,142.5,134.92999267578125,140.0,46887470
2026-05-20,139.33999633789062,142.1999969482422,135.61000061035156,138.1999969482422,27652548
2026-05-21,141.75,146.1999969482422,138.9499969482422,140.89999389648438,40951694
2026-05-22,148.2100067138672,148.97999572753906,141.1199951171875,142.74000549316406,44851554
2026-05-25,162.83999633789062,163.02999877929688,155.0,158.89999389648438,106724688
2026-05-26,161.8000030517578,168.24000549316406,160.0,163.3699951171875,73548899
2026-05-27,173.9199981689453,176.44000244140625,161.19000244140625,162.49000549316406,79961509
2026-05-28,173.9199981689453,173.9199981689453,173.9199981689453,173.9199981689453,0
2026-05-29,179.94000244140625,189.0800018310547,170.32000732421875,175.0,111112652
2026-06-01,182.27999877929688,188.0,178.00999450683594,180.0,61616434
2026-06-02,189.94000244140625,191.38999938964844,176.5,180.0,64857457
2026-06-03,199.4100036621093,199.42999267578125,189.0,189.8999938964844,65716679
2026-06-04,197.0800018310547,208.97999572753903,193.6600036621093,200.0,78777077
2026-06-05,187.22999572753903,197.0,187.22999572753903,196.0,43262952
2026-06-08,177.8699951171875,177.8699951171875,177.8699951171875,177.8699951171875,4280312
2026-06-09,178.00999450683594,184.6999969482422,171.10000610351562,173.0,66709753
2026-06-10,169.11000061035156,176.39999389648438,169.11000061035156,176.0800018310547,15620529
2026-06-11,163.67999267578125,170.6999969482422,160.66000366210938,160.66000366210938,52686036
2026-06-12,171.86000061035156,171.86000061035156,169.00999450683594,170.0,9299089
2026-06-15,180.4499969482422,180.4499969482422,180.4499969482422,180.4499969482422,7783340
2026-06-16,188.97999572753903,189.47000122070312,181.5,184.0,34029890
2026-06-17,190.1300048828125,193.3999938964844,185.1000061035156,189.94000244140625,30846259
2026-06-18,199.6300048828125,199.6300048828125,194.5599975585937,197.1300048828125,26354654
2026-06-19,209.6100006103516,209.6100006103516,204.009994506836,206.9900054931641,26062936
2026-06-22,209.4600067138672,220.08999633789065,205.1000061035156,218.9900054931641,42947143
2026-06-23,202.2899932861328,213.0,198.9900054931641,208.0500030517578,33804636
2026-06-24,204.7700042724609,207.0,195.0,202.0,22572686
2026-06-25,215.0,215.0,209.509994506836,209.8000030517578,23441205
2026-06-26,215.0,215.0,215.0,215.0,0
2026-06-29,210.92999267578125,213.9499969482422,204.25,212.1999969482422,41711096
2026-06-30,212.8500061035156,219.9600067138672,209.1199951171875,213.0,26600842
2026-07-01,212.08999633789065,216.6100006103516,210.0,214.0,15347183
2026-07-02,204.58999633789065,209.5,201.4900054931641,209.5,29245008
2026-07-03,214.47999572753903,214.8099975585937,205.42999267578125,205.42999267578125,19588825
2026-07-06,224.9499969482422,225.1999969482422,210.8500061035156,212.8999938964844,28826361
2026-07-07,226.0399932861328,229.5,217.0500030517578,224.9499969482422,31851432
2026-07-08,214.7400054931641,223.8000030517578,214.7400054931641,220.0,16300117
2026-07-09,214.67999267578125,217.4499969482422,208.8099975585937,213.5,21988011
2026-07-10,217.25,222.6600036621093,214.67999267578125,221.7899932861328,16018388
2026-07-13,214.6300048828125,218.7899932861328,211.5,214.0399932861328,11156951
2026-07-14,212.77999877929688,214.5500030517578,206.1000061035156,211.9499969482422,12863408
2026-07-15,223.0800018310547,223.4100036621093,214.3000030517578,214.3000030517578,32151413
2026-07-16,224.3800048828125,229.3999938964844,221.17999267578125,226.0,14379534
2026-07-17,213.1699981689453,219.6999969482422,213.1699981689453,217.2400054931641,14642282
2026-07-20,208.02999877929688,213.6999969482422,203.1600036621093,208.25,18348510
2026-07-21,217.97000122070312,218.42999267578125,209.0,209.0,20144780
2026-07-22,217.8999938964844,228.0,214.1100006103516,222.0,55935312
2026-07-23,207.009994506836,222.3999938964844,207.009994506836,221.9600067138672,29190459
2026-07-24,196.8500061035156,204.77999877929688,196.6600036621093,202.0,31552378
2026-07-27,192.5399932861328,200.8999938964844,191.1000061035156,200.0,26134081
2026-07-28,188.38999938964844,196.8999938964844,182.9199981689453,187.0,42541118
2026-07-29,193.55999755859372,195.5,181.0500030517578,189.0,39755540
2026-07-30,184.69000244140625,195.52999877929688,183.89999389648438,193.0,21043194
2026-07-31,193.9199981689453,193.9199981689453,191.00999450683594,193.9199981689453,33042791
