Date,Close,High,Low,Open,Volume
2021-07-27,154.28089904785156,160.47466372653426,153.06092767986758,154.65628696995705,167517
2021-07-28,153.81167602539062,155.97011005485015,150.33942005778275,155.313199085776,109219
2021-07-29,156.81472778320312,159.44237175395608,152.2163221952141,156.72087721871094,119708
2021-07-30,157.61239624023438,161.69465225745856,154.8439764941053,155.78242483649382,128791
2021-08-02,157.5185546875,162.16387096180375,155.7824195847755,157.65931620627882,128358
2021-08-03,154.4216766357422,159.02006775678043,153.0609294117276,157.65932053276586,65483
2021-08-04,153.38937377929688,158.8793021340063,152.59170130560435,156.72086815183062,76483
2021-08-05,150.90249633789062,156.15779846413852,147.5240765770571,155.9701116595556,117759
2021-08-06,156.7208709716797,160.47466428836665,151.51247988085956,152.02862932582102,226145
2021-08-09,154.60935974121094,159.020063953371,151.51247744089946,157.65931676190252,102098
2021-08-10,146.2102508544922,157.0962427549792,140.39187414497167,157.0962427549792,156650
2021-08-11,146.63255310058594,149.9640475709483,136.68499497040807,146.44486629653423,481284
2021-08-12,146.39794921875,148.6502196327425,144.94335134656956,145.88179973899744,73016
2021-08-13,146.5856170654297,153.6239790978887,145.64716879443515,147.05484120092697,154183
2021-08-16,144.23951721191406,148.04023612207152,142.69108306905812,146.58563822811172,65853
2021-08-17,140.20416259765625,146.35100148923004,138.89034077759365,146.35100148923004,87761
2021-08-18,138.37420654296875,142.31568675473102,137.95190764877734,141.70570105418625,79669
2021-08-20,134.59034729003906,140.9127466750109,133.15343966772548,138.85317031283998,93450
2021-08-23,127.93268585205078,137.32048580053734,125.92100921416755,136.98520148856312,142596
2021-08-24,133.1055450439453,133.967698421335,128.36375262773484,128.36375262773484,55027
2021-08-25,134.35086059570312,139.42793703893673,133.44082203912822,136.98519119561885,162871
2021-08-26,135.88357543945312,137.4641680405134,134.78193744803406,136.6499145084637,61690
2021-08-27,133.2013397216797,137.9431319593876,132.19550146107977,136.02725512661831,74849
2021-08-30,138.3742218017578,139.23637527428463,134.39878263221715,134.39878263221715,81881
2021-08-31,136.69781494140625,140.8169532314363,136.26674555899191,139.85901477407955,65850
2021-09-01,134.7340545654297,140.5774857127173,134.11140033921922,138.90109320847705,113326
2021-09-02,134.0155792236328,136.55412480895055,133.15344049170167,135.73987130447537,62195
2021-09-03,136.4583282470703,138.901074199492,135.4524899587813,135.59618949538296,64520
2021-09-06,133.7760772705078,138.18259928156397,133.15342322452264,137.8952148691945,66408
2021-09-07,134.0634765625,136.88939192765986,133.63240720459086,136.88939192765986,29401
2021-09-08,132.7223663330078,136.98518922825332,131.23755891098395,136.98518922825332,54330
2021-09-09,131.90811157226562,136.02724951622324,130.42330416471373,136.02724951622324,93777
2021-09-13,132.53079223632812,135.06932331712713,132.09970823428446,135.06932331712713,61574
2021-09-14,135.45248413085938,136.36253730590568,134.11137621549642,135.06931461703567,63253
2021-09-15,136.5541229248047,137.94313069240863,130.3754231192699,137.94313069240863,235230
2021-09-16,135.1651153564453,138.75738439018875,134.5903464642543,136.98519248674995,58386
2021-09-17,133.4887237548828,136.64990882553764,132.19550104999297,136.02725470361597,79957
2021-09-20,130.2796173095703,135.45247862065855,129.7048484452363,130.95017123997368,77997
2021-09-21,129.2258758544922,131.0938673058034,124.72356859259494,130.27961387230985,125197
2021-09-22,130.71067810058594,132.1475855504648,129.89643931584163,130.9980625139574,55590
2021-09-23,131.9560089111328,134.01557053554933,131.71652432145746,132.57866299749705,46920
2021-09-24,130.80648803710938,134.59034169517935,129.80064981990606,131.95601116377904,62453
2021-09-27,136.5062255859375,138.9010716488487,130.27962582236842,130.75859503495067,252009
2021-09-28,134.302978515625,137.70366320869704,133.24925490647803,137.46417857702974,66900
2021-09-29,136.79360961914062,138.70948646361884,130.37542511353467,134.2071788024911,162506
2021-09-30,134.15927124023438,138.66157864235893,133.53660253141086,138.37419420882344,92562
2021-10-01,131.3812713623047,134.1114021820904,130.80651698028544,134.1114021820904,135435
2021-10-04,133.24925231933594,135.06932963787636,131.76444470843106,133.4408370975536,47160
2021-10-05,133.58450317382812,134.97351089109893,132.5307797338549,134.97351089109893,33588
2021-10-06,132.14761352539062,135.213013810665,131.8123438196312,134.11139037934157,41185
2021-10-07,137.7515411376953,138.90106426337562,132.19549564376436,135.0693107664549,189186
2021-10-08,144.40921020507812,146.56457155142257,138.56578026375243,138.613680105956,386822
2021-10-11,139.8590087890625,148.00148532815174,139.04475528836147,145.31925483893806,247392
2021-10-12,140.6732635498047,143.64286389694257,137.9431331919224,141.15223276227664,97299
2021-10-13,139.23635864257812,142.68492826980858,138.6615897295494,142.68492826980858,153056
2021-10-14,138.5178985595703,141.34381391765908,137.94312967247637,140.3379756737346,77897
2021-10-18,135.59619140625,139.95481430560508,134.4945534113686,137.94313770067788,145040
2021-10-19,133.63241577148438,138.5179077862665,132.24340792162857,135.78777731618572,83697
2021-10-20,130.6149139404297,134.11138344781247,127.88478350202118,134.11138344781247,158552
2021-10-21,129.89646911621094,133.63242349619352,128.12427700799915,133.63242349619352,79345
2021-10-22,128.55532836914062,132.00391240261754,127.88477442290336,130.2796203858791,47310
2021-10-25,126.01680755615234,129.2737924790397,125.48993847883736,127.4058154021784,60845
2021-10-26,126.3520736694336,129.08220405467344,124.53199649059404,127.31001210397665,79135
2021-10-27,127.5973892211914,128.79481219552125,126.87893543659352,128.3158430057893,57257
2021-10-28,125.82521057128906,130.04013354663496,125.48992629546358,130.04013354663496,43061
2021-10-29,124.34040832519533,126.63945465840573,123.23877038542274,126.44786990013486,56934
2021-11-01,125.20254516601562,127.45370623859272,122.13714522876802,122.13714522876802,36619
2021-11-02,125.20254516601562,127.02263688471068,123.7177377319954,126.352068315361,61029
2021-11-03,124.38832092285156,127.88479062498163,123.57406734548788,125.20255988323365,61445
2021-11-04,124.57990264892578,126.73526423587266,123.81354893905952,126.73526423587266,22288
2021-11-08,124.53199005126952,127.8847743988037,123.86143610515865,127.07052092475352,74031
2021-11-09,126.49576568603516,128.9385114723219,124.81937352522776,126.83103534800884,180691
2021-11-10,126.78314208984376,128.26793478747143,125.72940409445116,128.26793478747143,59442
2021-11-11,140.86483764648438,142.6370148282704,122.8076938566106,127.88477004782264,1505420
2021-11-12,139.0447540283203,142.63702305712962,137.46416150243627,140.8648457731051,306588
2021-11-15,134.4945526123047,142.3975448294525,133.5366141617413,141.7748906833786,101706
2021-11-16,139.8590087890625,143.4033780062112,134.59034749906357,136.02725512360874,295360
2021-11-17,142.73281860351562,145.07976471084862,137.32047260393256,137.32047260393256,227868
2021-11-18,136.74571228027344,143.2117967488678,129.8964582825546,143.2117967488678,114860
2021-11-22,132.86605834960938,139.18845788350927,130.5191121012761,133.63241202295794,85306
2021-11-23,134.0155792236328,135.35670178294603,131.42914841085914,133.15344049170167,89959
2021-11-24,144.93609619140625,150.15685802882066,135.8356805532959,136.6978193459033,1042486
2021-11-25,149.19891357421875,151.92904400326802,138.90107523763544,145.36715977455984,511270
2021-11-26,141.77488708496094,147.52251764245935,140.62536389685732,147.52251764245935,200321
2021-11-29,136.17092895507812,140.62535099877027,133.7281978857717,139.85899740466397,150370
2021-11-30,135.6440887451172,141.10433492144176,135.06931983519647,138.13471991515232,74134
2021-12-01,140.3858642578125,142.3975259673405,135.88355705994073,138.3741879313057,157745
2021-12-02,147.09144592285156,148.19306924863764,140.14639244355456,140.43377689023183,295978
2021-12-03,146.13351440429688,148.86363023404652,144.74450656632098,147.04355301421342,130714
2021-12-06,140.14639282226562,147.23513123556674,134.68614678856284,147.23513123556674,77444
2021-12-07,146.0856170654297,146.51668645468555,141.87069363295728,142.73283241146902,92037
2021-12-08,149.86947631835938,152.59960690685224,146.08562214360973,146.6124912452289,219245
2021-12-09,146.8519744873047,150.49214369865174,145.98982106996957,149.8694749055239,136379
2021-12-10,154.37176513671875,158.4430032793183,146.56457313358442,147.0914421695521,474643
2021-12-13,154.75494384765625,157.6287589066026,150.25263651203616,155.47339761239283,318779
2021-12-14,153.6054229736328,157.58086134933177,151.35426196470772,155.6649846156013,110564
2021-12-15,154.99444580078125,159.4967536408196,151.59376134330154,153.84492257181117,188493
2021-12-16,151.54586791992188,157.10191414857258,149.43840614132515,157.10191414857258,75413
2021-12-17,146.94776916503906,153.27016950386653,145.89404551988943,153.17436980113362,72894
2021-12-20,138.9968719482422,142.58914105837616,135.73987251819915,141.8227873914848,188265
2021-12-21,141.1522216796875,143.11598360305314,138.94896055190983,140.81693741048988,76570
2021-12-22,146.2292938232422,147.80990098488502,138.90107076419898,138.90107076419898,99107
2021-12-23,143.49917602539062,148.04938345018684,142.7328223778184,146.56457599869944,87011
2021-12-24,146.0856170654297,148.48046324683017,142.06227840407308,143.6907708840292,79849
2021-12-27,152.83908081054688,153.7491194038715,146.18141158530184,148.48045799127777,102683
2021-12-28,153.17434692382812,154.75495408095512,150.73161565577954,154.0365002687102,77445
2021-12-29,151.92904663085938,156.14397003658837,150.58792400759577,153.17435494370136,46757
2021-12-30,150.77951049804688,154.4675794828802,149.43840247646085,150.77951049804688,51184
2021-12-31,149.72576904296875,153.74910724370727,147.57040772646818,150.8273923134995,76938
2022-01-03,154.99444580078125,158.01194610395032,151.2105918059718,153.0785688801708,130538
2022-01-04,158.87408447265625,171.47096818830107,154.7070467173778,154.7070467173778,1254155
2022-01-05,162.0352783203125,167.16025472751852,155.18602444617764,158.92197844716387,308482
2022-01-06,160.93365478515625,162.61004702250162,157.48507062153936,159.97571636381605,120326
2022-01-07,167.11236572265625,175.9732967056083,162.8495423893891,165.62755814806263,964332
2022-01-10,170.32144165039062,175.5422027374679,167.8786959331037,169.986157380908,448330
2022-01-11,166.0586395263672,171.18360156774895,164.81331659268287,171.18360156774895,133169
2022-01-12,162.89743041992188,168.0223921707947,160.98155358961873,167.2560531322576,208607
2022-01-13,174.8237762451172,178.3681457716219,164.86122169218805,165.57967556716798,889280
2022-01-14,180.09242248535156,181.9124996317625,171.37517703953446,173.53053847885383,664735
2022-01-17,190.3902740478516,200.97549723906548,180.0924353257665,180.90668888546807,1745764
2022-01-18,189.95919799804688,199.53858252021783,185.07370604494736,191.9229747484881,813794
2022-01-19,191.7313690185547,195.80260730572792,187.7559304202247,190.2465761603463,312936
2022-01-20,195.08416748046875,201.1670827337337,192.06666708625528,192.44983663514608,378506
2022-01-21,190.6776580810547,196.4731888301421,188.9054660396293,193.5035736842352,217322
2022-01-24,181.14614868164065,193.98251678507089,172.4289038089519,193.3119628603208,487813
2022-01-25,186.654296875,189.1928277037265,174.39268283966638,178.94289008823702,268234
2022-01-27,190.96502685546875,194.22201158519792,184.6905273802452,187.6601276651205,283529
2022-01-28,185.5526733398437,194.8925731517518,184.21156536749024,189.3844271088317,264255
2022-01-31,183.780502319336,191.1087258080397,182.4872795309853,186.79800266951253,125702
2022-02-01,187.5164489746093,191.58768733038,183.7804949184592,186.3190259287945,155477
2022-02-02,186.46270751953125,190.77343040752743,184.88211497405808,188.9054534127918,123687
2022-02-03,184.9300231933593,189.67181566150072,183.44521565241104,186.79800027269008,129374
2022-02-04,183.73260498046875,189.1449515926046,181.91251308249875,186.27113612768687,132087
2022-02-07,177.93707275390625,186.031649990782,176.88333457855768,183.7805033317826,149887
2022-02-08,172.71629333496094,183.2536155453171,169.55509374845815,181.48142369041983,302338
2022-02-09,190.05499267578125,198.9638236549232,150.30054490014206,176.59596843568622,1203181
2022-02-10,182.53517150878903,189.95919437174783,178.55971823779058,189.1928407012076,524430
2022-02-11,177.26651000976562,181.4335334245312,175.3985329881824,181.05036389799423,105157
2022-02-14,165.5796661376953,181.96040478419445,160.98155867628162,174.344797066499,172028
2022-02-15,171.08779907226562,174.3447836900125,159.3530540162071,168.74083836747027,183573
2022-02-16,179.03868103027344,181.72091147242696,171.47097352057096,174.1532039627245,195881
2022-02-17,173.05157470703125,181.72092058095103,172.1415361052343,181.05036659104704,55804
2022-02-18,171.56678771972656,177.21861890839088,170.60884923914065,173.38686498604727,62210
2022-02-21,170.6088409423828,175.20693373200356,163.0890183886822,168.78874914759248,111188
2022-02-22,167.01657104492188,172.28523240763892,158.53881009630322,162.84953302943532,108524
2022-02-23,166.68128967285156,170.6088431498662,165.72335122645586,167.20815874176532,44523
2022-02-24,152.55169677734375,161.89159658003825,149.05522731338368,161.89159658003825,122481
2022-02-25,158.39511108398438,162.4663490474441,147.23512060219548,154.27597327991165,207719
2022-02-28,156.4313507080078,159.83203510498245,152.312212478587,155.47341226474626,103287
2022-03-02,158.05984497070312,159.20936819254842,153.27015269886363,153.65332223381847,46895
2022-03-03,152.79116821289062,161.36471359987326,150.25263740912337,161.36471359987326,104911
2022-03-04,158.34722900390625,159.83203652757336,151.16269061549835,151.8332446083536,136826
2022-03-07,155.52130126953125,158.34721655677333,152.02481742516426,158.34721655677333,99777
2022-03-08,156.23976135253906,161.26893803190862,154.18018498984722,157.86825373484365,117015
2022-03-09,161.22105407714844,162.46637706293262,157.53298496866864,159.30517705809018,62170
2022-03-10,161.60421752929688,166.05864020052303,159.97572504801272,164.19064848392242,63446
2022-03-11,162.7058563232422,165.052802670775,160.69417967279622,162.37057200917414,63309
2022-03-14,163.18482971191406,164.81332224241095,160.02362973096038,160.9336683847397,31751
2022-03-15,164.23854064941406,166.6812865655816,157.58087149447226,165.5317633747323,99961
2022-03-16,163.99905395507812,170.51303810962852,162.6579460189855,166.87286920411682,174377
2022-03-17,163.85537719726562,170.4651467523423,162.8495388866285,165.7233542787455,64556
2022-03-21,163.37640380859375,167.44764217717827,162.1310809136306,167.44764217717827,43014
2022-03-22,169.5072021484375,170.75252502997648,161.70000979610313,163.80747141725655,95274
2022-03-23,170.51304626464844,179.9008461172219,168.5492694938223,173.38686165113128,220799
2022-03-24,172.0936279296875,173.38685061810625,168.59715861208122,170.22565097073374,47893
2022-03-25,167.7350311279297,175.30273915732795,166.68129296926264,175.30273915732795,84257
2022-03-28,163.47218322753906,169.93826747161603,162.17897514891172,168.59715954926617,94974
2022-03-29,161.36471557617188,164.76539971460764,156.14395438070375,160.93364623287258,64595
2022-03-30,163.7595672607422,165.7233439125821,162.13107489713593,164.23853646280168,63077
2022-03-31,160.50259399414062,165.723355745979,159.01778643833825,162.84954032841867,84784
2022-04-01,166.4897003173828,167.63922349797286,161.17313916305105,162.13107758303946,88642
2022-04-04,166.01072692871094,167.06445039398662,163.8074656948001,164.8612037770557,115506
2022-04-05,166.87286376953125,168.0223869083139,164.09484829939151,166.68127901589742,99257
2022-04-06,171.7583770751953,176.40437005980962,164.47803858170064,166.34601574528708,206497
2022-04-07,168.6450653076172,175.25483469769586,167.8787116321201,169.7466886669701,114734
2022-04-08,170.56094360351562,172.38102080806974,168.166097483323,169.07613608560004,48814
2022-04-11,174.10531616210938,178.70342372142372,171.8541549206487,174.68008508839154,157399
2022-04-12,169.890380859375,174.6321730096316,166.72918122021062,174.6321730096316,86919
2022-04-13,175.39852905273438,177.21860618841794,169.60299873777114,171.56677540541722,130263
2022-04-18,169.98617553710938,174.15321365385492,167.30394494569734,173.9616288866785,66259
2022-04-19,174.0574188232422,185.84006504594305,169.07614165262345,169.07614165262345,406386
2022-04-20,171.5188751220703,180.04452111871976,167.7350213284333,177.02702097597916,152290
2022-04-21,173.77000427246094,176.0690649957143,171.71044274463063,172.85996579776798,50415
2022-04-22,172.0936279296875,176.7396350223238,170.56093525794748,171.47097381569623,81180
2022-04-25,165.67544555664062,175.3027295278792,159.87991523628466,169.65089873961944,141855
2022-04-26,170.0340576171875,172.237318751961,167.73501141732427,168.07028107060722,85701
2022-04-27,171.9978485107422,174.34479474740735,167.59132587363092,169.55510258401702,70173
2022-04-28,173.6742401123047,175.87750142254296,170.65672529057167,174.00950979228807,79244
2022-04-29,176.1648712158203,180.61929368008768,172.5247168798346,175.30273247666167,128777
2022-05-02,167.01657104492188,175.3027326140392,164.33434051868804,172.42891732528446,155817
2022-05-04,162.94532775878906,171.4709736757641,161.2210357146312,167.63922007407106,69497
2022-05-05,160.35887145996094,167.68710849416658,157.0060872868807,163.04110172182092,92267
2022-05-06,158.538818359375,160.45469531840067,155.6171030734646,159.97572607864424,49216
2022-05-09,157.0540008544922,159.97571595551898,155.473408310107,159.97571595551898,40291
2022-05-10,149.39048767089844,160.21519430519868,146.0856031781333,157.0539947228661,63995
2022-05-11,147.1393585205078,152.50380531654815,144.21764319050456,149.5820899865449,69823
2022-05-12,141.96646118164062,146.37298345814332,140.8169380798945,145.65452969242958,74863
2022-05-13,138.66159057617188,147.57042108062777,135.97935999396205,144.02605174059156,103627
2022-05-16,140.2421875,141.7748949134241,136.02726403855556,139.76321826042764,56157
2022-05-17,147.95358276367188,149.43839020513167,139.04475273189303,139.04475273189303,53544
2022-05-18,154.37176513671875,156.09605715580392,147.71409627398128,148.95941909981946,106384
2022-05-19,153.55752563476562,156.91030997344183,148.71993387985117,149.0073183179908,78943
2022-05-20,156.4313507080078,160.4546892463102,154.7549584323001,155.85658179525862,53279
2022-05-23,159.40093994140625,162.56213950603447,159.25725503177844,159.40093994140625,49398
2022-05-24,158.20352172851562,161.41262123184583,151.49795289395823,161.41262123184583,44514
2022-05-25,153.03067016601562,162.84953945679283,151.59376246492627,162.84953945679283,47727
2022-05-26,153.9407196044922,158.01195837700948,151.45008818443554,153.27016555359162,88411
2022-05-27,159.4488525390625,160.35889114579152,152.69538352368477,156.14396780042512,42639
2022-05-30,162.94532775878906,164.76540487280127,160.35888238406227,164.76540487280127,39974
2022-05-31,163.99905395507812,167.63922286058985,161.50842284276607,166.6812844442436,37322
2022-06-01,162.7537384033203,166.44180731875855,161.8436997902974,164.6696153220974,19883
2022-06-02,163.37640380859375,164.71751177733523,160.98155770942637,162.94533443413974,34743
2022-06-03,168.30978393554688,169.45930716030512,164.71751472256432,165.77125287183154,59808
2022-06-06,170.0340576171875,177.21859526298414,165.86701993583372,169.50718859976655,107074
2022-06-07,170.51304626464844,172.42892318897032,167.6392308781656,167.68713072466983,58304
2022-06-08,167.7829132080078,173.24317405153448,165.8670363132913,172.23733575841214,23657
2022-06-09,167.8787078857422,171.61466187207074,166.58548517363909,170.2735539326144,25165
2022-06-10,167.63922119140625,170.32145165386478,166.6812827845982,169.5071981612859,15133
2022-06-13,161.60421752929688,168.549271461022,158.10774794839324,168.549271461022,47466
2022-06-14,161.0294647216797,165.05280342394985,159.01778806205397,159.01778806205397,40469
2022-06-15,165.5796661376953,167.20815857151374,161.07734375063526,164.23854354391847,45236
2022-06-16,157.1977081298828,169.41142357235327,154.70706227129253,169.41142357235327,78967
2022-06-17,156.71871948242188,160.74205761813144,152.07271265071086,153.7012049179053,23426
2022-06-20,148.2888641357422,156.71872480247563,145.60663374855704,156.71872480247563,23278
2022-06-21,149.53419494628906,153.17434929100122,144.74450279063572,152.21641085987056,23790
2022-06-22,148.95941162109375,151.49794237106033,146.61246561541122,148.4804424518941,20061
2022-06-23,151.97694396972656,153.2701668493105,147.80992007870023,152.64751264327802,19899
2022-06-24,161.1731414794922,162.51424943995875,151.9769266686398,155.04234135024427,51652
2022-06-27,162.89743041992188,166.5854845480673,161.26893803756025,165.53176106158872,30477
2022-06-28,165.38804626464844,168.549245666282,159.01776223862748,162.80161570584966,35364
2022-06-29,169.36351013183594,170.46513343261023,162.9932110735478,163.04111091640314,34836
2022-06-30,172.8120880126953,179.3260723010832,169.26771872278707,169.3635184131821,190024
2022-07-01,174.536376953125,175.685900132099,170.51303851822584,174.3447921927927,37295
2022-07-04,181.6730194091797,184.4989495024748,174.5363809502558,174.5363809502558,234179
2022-07-05,179.6134490966797,185.21739455528805,177.84125721880048,182.00829508463545,110859
2022-07-06,180.4755859375,183.9241699712529,177.93705506333453,183.253616024962,63236
2022-07-07,196.32945251464844,207.72892710436585,181.3856237399052,184.11573913658032,1116790
2022-07-08,203.8337554931641,206.31894178877585,195.45236184151017,202.03078828057488,375916
2022-07-11,207.9270172119141,214.8465385446653,205.14945334415287,206.31894844128607,535818
2022-07-12,199.6430511474609,207.24477589973813,198.9121149312085,207.24477589973813,148113
2022-07-13,202.1282501220703,206.61133214529605,193.74685594817265,201.44604586747616,150982
2022-07-14,201.5922393798828,206.12403853402915,199.7892572079242,200.27654807916304,98751
2022-07-15,226.39532470703125,228.0521105703208,200.81255589305297,202.4206096987,2238920
2022-07-18,241.3551483154297,245.5945845930897,229.41652267548784,233.85087231593923,2498413
2022-07-19,234.4356231689453,241.20896278612608,230.196186965542,239.747090284392,654232
2022-07-20,234.14324951171875,250.3213114097064,231.46314988151173,235.8974995165869,1197191
2022-07-21,232.194091796875,237.5055591282196,229.8063695878416,234.19198727130828,224977
2022-07-22,235.556381225586,241.69624857899765,232.19407751591208,232.19407751591208,305213
2022-07-25,230.8784027099609,237.94412015518228,229.02670339682945,237.89540296610264,183341
2022-07-26,232.43771362304688,240.77038934975823,229.85507830894267,230.97584121032327,254046
2022-07-27,231.0733184814453,240.23438017461825,230.050004760064,233.85086730126773,170694
2022-07-28,238.9674224853516,243.15812664010983,233.7046874162647,233.7046874162647,241491
2022-07-29,251.9780731201172,255.3403917014846,236.8720724514613,240.8678482845337,640942
2022-08-01,236.23858642578125,257.09462782397014,233.89959641005504,254.17088286884447,684499
2022-08-02,227.61355590820312,234.8741865000977,225.22583374992053,234.3868956567365,335540
2022-08-03,229.0267028808593,231.999180083926,225.9080443690095,228.1495852862861,167091
2022-08-04,222.5457305908203,231.51187899263704,219.57325351915352,230.0012744279274,220016
2022-08-05,226.39532470703125,230.97585557763253,221.2300388865932,223.52031175736187,315599
2022-08-08,224.1050567626953,233.89960572668764,222.4970029216989,233.89960572668764,326355
2022-08-10,218.2088317871093,229.46525314381043,216.1622191855777,224.1537859721361,221525
2022-08-11,224.8359832763672,226.93134274265944,218.549934619362,222.93555203647293,265576
2022-08-12,225.6156616210937,228.4906746373265,221.2787760673594,226.6877074303029,142341
2022-08-16,235.800048828125,238.18777111500663,224.1538000187305,226.7851677404152,259099
2022-08-17,230.7809600830078,241.69627264775104,228.05212822408768,236.7746318635993,259368
2022-08-18,230.6834716796875,232.73009907619505,228.05210422056047,231.95043078843327,102619
2022-08-19,231.1220245361328,236.38477419078905,229.07541206287928,234.8741697101673,121657
2022-08-22,228.1982879638672,233.899596578851,226.102943359556,233.899596578851,135094
2022-08-23,241.40386962890625,246.0331324260992,224.25124166081588,225.61565001056164,412451
2022-08-24,241.98863220214844,249.4929081045432,239.74709138170945,243.4505047105735,236301
2022-08-25,263.7218017578125,265.9633276672785,243.0606587776932,243.1093908346241,1049651
2022-08-26,278.3405456542969,281.4104721291492,263.28324615790973,266.0608100130138,1890551
2022-08-29,269.4718322753906,276.78119481450614,258.6539697691253,271.56717692156263,478531
2022-08-30,269.3743591308594,294.9571271602729,265.62221387150447,272.88285898041033,920724
2022-09-01,255.9251403808593,268.8870640817959,253.3912222103814,268.8870640817959,368498
2022-09-02,270.397705078125,273.90617541132656,257.9230414491784,257.9230414491784,529336
2022-09-05,272.2493896484375,275.2705987092879,266.54808105232604,272.493035060734,289412
2022-09-06,263.3319702148437,273.75997588564854,261.1878787166896,273.662511773574,263745
2022-09-07,278.43798828125,284.5778407569982,260.21329959629634,262.0162815905626,542144
2022-09-08,282.3850402832031,289.5969387286016,278.73035900257497,280.63080516525054,332799
2022-09-09,275.9040832519531,283.5058085610249,272.93159124301474,282.3850455623874,193263
2022-09-12,277.2684936523437,282.14140215238496,273.1265214273088,278.243075352352,236628
2022-09-13,288.8172912597656,295.8830085484701,279.7049464631997,280.6308109701929,790432
2022-09-14,286.33209228515625,289.3045843227745,280.87445854489494,282.62869371256846,139994
2022-09-15,300.414794921875,303.43600399841745,283.7007254999001,288.13506012997874,639110
2022-09-16,279.7536315917969,302.120290825462,275.4654785736158,300.1711276588461,547264
2022-09-19,283.7981872558594,286.4295398553436,268.9845343376187,280.67951409142825,320447
2022-09-20,279.022705078125,289.0121666533693,276.82989643965675,287.5015770436172,149239
2022-09-21,277.9994201660156,287.50159140744825,274.2960217327702,281.0206292783327,155492
2022-09-22,278.4866943359375,282.57994898408,274.92947741702835,279.21763054154366,118901
2022-09-23,269.179443359375,287.50156510309574,266.255698629513,279.99727506636884,256135
2022-09-26,248.6645050048828,264.74510242102525,243.25558867983824,260.50566624475874,294920
2022-09-27,261.967529296875,268.00994727770245,248.518314748415,248.518314748415,414830
2022-09-28,266.74298095703125,269.9590881611203,257.7281016592321,258.2641096126241,342705
2022-09-29,265.7196960449219,271.2748236627854,258.8976241067115,268.5947239727742,197762
2022-09-30,273.3701477050781,279.31510160711,263.3319687948308,266.06078546697444,230512
2022-10-03,264.89129638671875,276.0502688421352,262.6497703546529,271.03117899338014,225252
2022-10-04,272.2981262207031,276.6837439542781,267.5713989372531,267.5713989372531,193655
2022-10-06,278.6329040527344,285.1626133856762,273.8574596373265,273.8574596373265,251704
2022-10-07,280.2896728515625,282.0439078269485,274.1497909539715,280.04602745265504,133978
2022-10-10,277.1710205078125,287.4041280246548,273.85744878406655,277.5121300400817,169732
2022-10-11,265.8171691894531,284.1880409094914,262.94214116398155,278.6329131030079,187020
2022-10-12,266.74298095703125,272.20061381950137,257.0945998610271,267.23027172988526,170874
2022-10-13,267.27899169921875,269.6179814849494,260.21327541911177,268.7895812140804,75023
2022-10-14,259.8721923828125,274.49091720924343,255.4378577488772,268.6921742065489,122202
2022-10-17,260.1158752441406,267.9125296073483,257.28959398585306,260.94427571860666,116973
2022-10-18,260.7980651855469,266.9379179120944,259.1412644221939,262.7959457455848,89277
2022-10-19,262.8446960449219,270.6900668229697,258.70272382530845,262.99087735135714,133936
2022-10-20,259.4823608398437,266.109504074404,256.314970519733,262.84467938409443,86546
2022-10-21,255.1454467773437,264.745081327474,252.02680355387463,261.87008349998854,116231
2022-10-24,254.8043975830078,258.2641507242628,250.8573238494565,253.4887063384907,33842
2022-10-25,254.9993133544922,260.8955508892116,253.439976579117,256.75357837999246,66121
2022-10-27,253.68360900878903,258.5078004041264,251.92937381514287,257.19210913795496,76699
2022-10-28,247.3488311767578,256.6073421841685,246.4229815631104,252.7090154985488,115787
2022-10-31,239.3085479736328,249.8340336845093,234.19199386552003,248.51834239404835,170191
2022-11-01,235.8487548828125,241.062772561034,230.9758467240767,239.308522649702,145199
2022-11-02,241.3551483154297,254.12217433590533,236.38479064503613,236.43352270346807,499820
2022-11-03,237.0182647705078,242.67084156426432,231.95044294094345,241.6962598712352,201481
2022-11-04,234.97164916992188,240.2343842974344,232.2915495479424,237.01826177687173,109120
2022-11-07,233.6072235107422,236.18987386085945,227.1262613484584,235.75130021226144,200778
2022-11-09,230.43983459472656,238.6750467926997,229.0754261950508,235.84876587725583,85282
2022-11-10,227.9059295654297,230.87839176332272,224.44616166141333,230.43983298584143,48586
2022-11-11,245.9844207763672,251.4420843699819,223.56904116198896,231.9504499226965,507701
2022-11-14,244.62001037597656,254.26836340259047,237.7979383734593,254.26836340259047,257362
2022-11-15,242.0860748291016,244.37634764473447,239.25979400511403,241.20895729639804,99753
2022-11-16,242.281005859375,245.4971134304714,240.81913337399084,242.5733684597031,89114
2022-11-17,240.47802734375,245.30220364150424,238.72377736158404,243.3530402993057,92208
2022-11-18,244.4250946044922,246.32552595518163,240.03947693169965,240.72168115105785,149688
2022-11-21,244.9611053466797,247.5437407884208,240.72166919188948,244.42508246133647,92254
2022-11-22,247.7386779785156,249.44419604172265,243.15814672580416,243.6454376010062,108084
2022-11-23,251.6370086669922,256.3149889642675,248.5183353075597,248.5183353075597,255159
2022-11-24,248.46958923339844,256.16879320769533,247.98229840733924,256.16879320769533,78370
2022-11-25,257.6794128417969,261.6752040285974,247.9335951871005,250.6624419755406,483442
2022-11-28,265.0862121582031,266.4506205371136,256.21751308247707,257.2895588594325,276495
2022-11-29,255.2916717529297,267.7175876268229,254.36580730087152,266.8404403598745,249083
2022-11-30,255.2429351806641,260.01837944814406,253.8785267816516,258.1666802107791,107758
2022-12-01,255.1454467773437,258.2641197426825,252.9039210310419,256.7047832600132,75057
2022-12-02,258.3128356933594,262.2599089345948,254.6581547710319,257.6793636151965,88405
2022-12-05,260.2132873535156,264.40397633923993,258.2641241523657,263.039568046809,113943
2022-12-06,258.1179504394531,260.99294840044223,256.07132306977906,258.26413173545745,63378
2022-12-07,258.16668701171875,265.0862230469815,255.68151556740256,258.26415113033124,95897
2022-12-08,256.8997497558594,263.13706687413065,254.95058629753248,260.2133216866403,58869
2022-12-09,252.22174072265625,258.9463784770285,251.68573266600305,258.9463784770285,46585
2022-12-12,247.9822998046875,253.0501214500725,247.20263150441227,252.36793213486865,57418
2022-12-13,248.0797576904297,252.3191788720352,246.1305944241461,249.49289808429816,63867
2022-12-14,245.7894897460937,250.27255642429867,243.7915943846085,249.3954388855665,139532
2022-12-15,243.8890686035156,248.85944118476905,242.96321896961769,248.46959958511863,56103
2022-12-16,245.8382263183593,248.7619713290832,237.60301417900789,245.59458090079903,86469
2022-12-19,241.8424224853516,247.54373089730527,239.259787146805,247.54373089730527,73302
2022-12-20,239.162338256836,243.4017745120265,237.0669935937956,241.84243787608747,70050
2022-12-21,234.7280120849609,243.1581379741676,232.1940936767352,241.4526199723448,80141
2022-12-22,224.34869384765625,237.7979236513024,221.473680941633,237.7979236513024,97467
2022-12-23,205.7829132080078,223.2766660418017,204.66215023841,223.1792019266471,171214
2022-12-26,223.66650390625,232.5352034735654,196.9142387661604,206.61132386982567,139115
2022-12-27,229.80636596679688,231.9504427151869,219.86563568176183,227.95465182928183,125710
2022-12-28,228.9779663085937,230.97586175790207,225.4207490695576,230.92712969895567,35915
2022-12-29,230.5860290527344,232.925019112181,223.91013866537065,228.39322029540213,42306
2022-12-30,233.4123077392578,237.2131702676396,230.43983069991515,233.6559531544345,51497
2023-01-02,236.5797119140625,238.28522991962217,229.3678131532135,238.0415844902565,92245
2023-01-03,233.9483337402344,237.5055509007792,230.9758566613337,234.4843566349437,58309
2023-01-04,231.41441345214844,236.3360538361188,230.09873712655025,234.0457809742809,25565
2023-01-05,230.24493408203125,232.77885253247285,227.4673701986985,231.51189330725205,29864
2023-01-06,228.2957458496093,231.99915900193315,226.4927638934581,231.99915900193315,24546
2023-01-09,230.97586059570312,233.5097789387985,228.3444930061419,229.4652560015861,26778
2023-01-10,225.713119506836,233.8995995424472,224.0563187799948,230.97585454816647,50539
2023-01-11,227.3699188232422,229.80637312938293,224.7385511467976,227.9546589341538,18612
2023-01-12,224.5436248779297,229.6601789657687,219.4270707900907,229.6601789657687,47755
2023-01-13,226.68771362304688,227.90594077091163,224.15379520711343,225.32329029487624,28230
2023-01-16,225.469482421875,229.56272259092825,224.1537911774588,226.20041869745367,17350
2023-01-17,222.7893829345703,228.29576360024643,222.2046279652345,225.4694826139756,23709
2023-01-18,228.831771850586,230.8296671850653,222.2046137300636,225.12835864756445,47677
2023-01-19,227.61355590820312,231.2195051748887,225.4694791716011,228.685586841036,29554
2023-01-20,227.1750030517578,231.12204708923707,225.372020935896,228.05212064432283,18346
2023-01-23,225.56692504882807,232.73010628762887,224.83598879470296,231.4631471396248,50599
2023-01-24,225.3232879638672,228.7830560021985,221.4736931906267,225.95677499676543,48791
2023-01-25,219.1346893310547,229.7088912810842,217.5753527470909,229.7088912810842,121044
2023-01-27,221.42495727539065,223.76396225692693,214.9439949770236,217.38044920512195,73251
2023-01-30,215.2850799560547,224.15377889551232,213.0435540638481,223.5203067730949,71977
2023-01-31,219.5245361328125,221.7173450397996,214.8465408237194,218.50122233536447,38079
2023-02-01,223.03302001953125,228.7343138381375,218.6474025263252,219.7681654928812,53560
2023-02-02,223.5203094482422,228.97795781628125,220.5478324139957,222.20461826016944,43433
2023-02-03,222.9842834472656,227.467350093656,218.30628857504183,224.202510504046,42912
2023-02-06,225.469482421875,227.36991376419223,219.5732601580197,219.5732601580197,39664
2023-02-07,229.90380859375,231.6093265057836,222.69191022838248,222.69191022838248,80522
2023-02-08,228.88052368164065,232.9250318852482,223.7639696339521,231.70680473103664,101625
2023-02-09,232.3402557373047,238.13902835984925,227.5160796202833,229.0266841280812,79131
2023-02-10,236.3360595703125,237.7979321037371,230.97586028108893,232.14535533364133,48463
2023-02-13,223.3741149902344,239.3572632435836,215.52872960063007,236.2385900139981,123919
2023-02-14,211.0456695556641,219.1834178067587,208.5604832529948,218.6474097699138,185845
2023-02-15,213.7744903564453,215.9185670070485,205.7341917634816,213.14100336292307,95953
2023-02-16,215.86984252929688,217.03933757332703,207.58589823359023,211.63040626488424,67812
2023-02-17,215.138916015625,217.13681152812285,212.7999258215876,212.7999258215876,38351
2023-02-20,238.52886962890625,244.4250918523474,224.2025216999478,224.2025216999478,1901271
2023-02-21,260.7980651855469,267.81503548133367,238.7725131282033,239.25980397132213,2009354
2023-02-22,264.01416015625,267.2302974112852,246.81280016979,259.2874332569439,1096980
2023-02-23,255.730224609375,267.03537794521094,254.7069257512244,261.48025052186455,480264
2023-02-24,257.1921081542969,259.8234906765757,249.98020942529467,255.43787296736,248601
2023-02-27,260.6031188964844,264.014154561993,253.4886849766004,255.34038410378807,342543
2023-02-28,259.0438232421875,265.76846126615686,255.9738966070876,262.16249681103926,304383
2023-03-01,252.9039306640625,259.2387112009273,250.8573033114705,255.58403012196683,145929
2023-03-02,246.1793365478516,257.97178073951056,238.8699740003612,250.6136712632468,349405
2023-03-03,256.7535705566406,261.13918837394755,247.2513837482052,248.56707504177209,323021
2023-03-06,256.8022766113281,271.61593027085604,254.12217695029904,259.0925495427639,455207
2023-03-08,257.7281494140625,260.505683540489,255.6815218404793,257.92304791419605,111994
2023-03-09,270.34893798828125,271.9082745433557,254.3658052179779,257.7281237354237,400195
2023-03-10,270.397705078125,276.5862750914447,263.6243503534407,270.348958147908,529432
2023-03-13,258.2154235839844,281.31299115870445,256.31497744383074,278.73035569937485,459794
2023-03-14,260.7006225585937,263.1857941666078,254.7556678341162,257.38705050061657,142555
2023-03-15,260.7492980957031,266.6942518704796,257.77683607925013,265.0861981608924,81225
2023-03-16,261.2366027832031,263.7218038681468,258.2641406087941,260.55441346445406,141379
2023-03-17,258.5078125,264.8913111475478,255.92517677778125,263.13707587181904,120653
2023-03-20,261.6752014160156,264.5014825592848,249.4929294692737,258.4103465859138,259229
2023-03-21,264.35528564453125,267.0353853146602,259.092550422471,261.18789512528804,259030
2023-03-22,262.7472229003906,270.787521638722,260.31076873725993,264.35527669968246,101684
2023-03-23,267.86376953125,272.2493869084483,261.38280757776465,261.38280757776465,165358
2023-03-24,266.4993591308594,273.9061557395539,263.9654409396302,269.7641838041179,128727
2023-03-27,268.35107421875,270.4464189033201,266.20698260456913,268.8870822513588,136718
2023-03-28,262.55230712890625,271.42100665190327,259.3849165665411,268.00997066166394,77044
2023-03-29,261.4802551269531,266.5480918038858,260.0671295237564,262.5523009326742,78044
2023-03-31,262.0650329589844,270.25151390842194,257.338305408896,263.0883616663362,160124
2023-04-03,271.1773681640625,272.8828862028302,260.7980786193654,263.23453296046216,195984
2023-04-05,286.8681335449219,290.9126417107842,270.93371656816754,272.5417704483449,507662
2023-04-06,279.60748291015625,289.304582691682,275.319329391896,289.304582691682,252144
2023-04-10,268.9358215332031,277.9994190933089,267.035375395501,274.6371004625657,207053
2023-04-11,268.25360107421875,272.8341467586108,266.79172858880065,272.736682644542,133237
2023-04-12,265.7196960449219,271.9082958229589,263.91671394144873,269.66676979715334,106999
2023-04-13,278.6329040527344,288.1838226254235,265.7196964363836,267.4739613539175,400068
2023-04-17,283.3109130859375,286.47830362210834,272.200657873255,277.1710305091593,191006
2023-04-18,283.0184936523437,293.73889136449213,280.9718663225595,285.50369460346406,205606
2023-04-19,282.9698181152344,286.9656092534978,273.5163632082605,284.1880453072736,201435
2023-04-20,284.0905456542969,290.4253262606534,280.1435019424693,283.6032548384233,126328
2023-04-21,312.06103515625,315.7644332794463,280.1922054562988,285.5524041693758,1646237
2023-04-24,304.8004150390625,320.44243883016964,302.4614249967295,317.7623392574841,896356
2023-04-25,300.51226806640625,311.28138377271944,297.4910588990731,306.3110112383161,275309
2023-04-26,304.020751953125,307.9677956653791,300.7071506113298,301.0482601308523,185044
2023-04-27,304.5567626953125,315.13097944446804,302.89996200950145,304.9953363303423,264006
2023-04-28,304.45928955078125,310.8915341364614,302.8999530236663,306.1160901874416,172951
2023-05-02,292.95928955078125,304.459342679009,290.42537096978384,302.21781647767034,341998
2023-05-03,286.6244506835937,293.20287639580977,283.6032418155354,289.4507313375052,401210
2023-05-04,295.6880798339844,303.0461894643976,287.5015995576661,287.5015995576661,308290
2023-05-05,290.18170166015625,303.1923733252835,287.5016019806754,295.2982555937106,298783
2023-05-08,300.3660888671875,303.38726831382013,290.4253437287172,295.20078806313023,201485
2023-05-09,294.61602783203125,302.4126812155253,293.6901930878648,302.02285449472504,91542
2023-05-10,294.3724060058594,298.6118425712724,291.49740768540664,295.78556144162195,48287
2023-05-11,294.9571228027344,300.8046125516412,292.6181328515458,294.90840561824183,58986
2023-05-12,300.0736999511719,306.993235980374,293.4465562775512,297.24741896512404,229663
2023-05-15,297.1012268066406,312.74325064804225,295.395708891266,300.1711531059406,479447
2023-05-16,294.85968017578125,301.8766802824866,293.34909044399825,298.075817617135,165208
2023-05-17,306.6033935546875,310.5991842747906,295.395704560814,296.2728220989167,514228
2023-05-18,305.7749938964844,310.1606113388244,303.28982257590707,308.2114480311177,153422
2023-05-19,312.7432556152344,316.4954010370271,304.80042086013924,307.2368750636575,365897
2023-05-22,305.7749938964844,315.22844783561044,303.1436115343316,314.1564020679974,101710
2023-05-23,299.7813415527344,307.38306703476906,298.22200485999366,303.5822042937517,81245
2023-05-24,312.7919921875,319.2729542058915,300.7559028722748,301.1457295835556,719088
2023-05-25,309.2347717285156,316.7390629631617,307.8216460619583,313.62038952339014,181263
2023-05-26,307.3830871582031,311.96363341640205,304.16697918414894,308.9424239530289,80947
2023-05-29,312.06103515625,317.90852466142496,304.8978545640368,307.43177263131986,216652
2023-05-30,322.5865478515625,333.3556639117912,307.3830671403951,314.10767502940945,705673
2023-05-31,290.327880859375,316.6903335421948,288.47618158809627,312.9869052577644,1518915
2023-06-01,301.0482788085937,306.70087046916075,291.6435714261016,294.66478062066136,453756
2023-06-02,339.105712890625,352.79857381745376,302.21778976271827,303.8745608001626,3473801
2023-06-05,343.9786376953125,354.94268229152675,339.1544461762284,342.80912770829985,921199
2023-06-06,342.3218078613281,347.3408974588209,331.89377220908835,343.9786085790428,356148
2023-06-07,335.8408508300781,346.4637851289775,333.4043966449236,342.95528515398047,165287
2023-06-08,331.7963256835937,340.61627748128205,328.67765259102254,337.88746083168536,161105
2023-06-09,328.97003173828125,338.1798404424692,327.50815922916394,335.1586313085856,234370
2023-06-12,354.0168151855469,360.3028792721019,329.2624450686419,333.40441744176945,767056
2023-06-13,350.41082763671875,358.54859053156645,347.535829554645,353.8218634825459,206440
2023-06-14,345.8302917480469,353.626944661665,343.19890949295257,350.4108074896752,155811
2023-06-15,347.1947326660156,351.92145988717675,344.612097094208,347.3896609039108,109204
2023-06-16,342.3705444335937,350.60577181850545,340.0315542669875,348.4129629607108,89910
2023-06-19,340.177734375,347.4383800197068,337.15655486397964,347.4383800197068,90992
2023-06-20,344.0760192871094,352.5548910374179,337.3514122481767,343.58872849092774,149082
2023-06-21,342.2243347167969,348.8027607441069,340.12899015276867,348.4129340390109,59955
2023-06-22,336.2793884277344,347.2434320551809,331.3577629628293,342.0781611763326,129847
2023-06-23,327.6543884277344,339.64173176992324,324.68189631604395,339.64173176992324,111958
2023-06-26,330.96795654296875,335.4022914518889,324.63317539201216,330.38320156527493,97953
2023-06-27,335.1098937988281,337.54634783293056,331.99122073842875,331.99122073842875,50262
2023-06-28,343.1989440917969,349.7773706508517,335.2561090836832,338.13113703216766,164750
2023-06-30,344.1247863769531,355.52737383065306,343.0527406141596,345.6841229644827,103462
2023-07-03,344.4659118652344,347.8769477964543,335.5484655658323,345.0506370885165,77001
2023-07-04,343.4913330078125,365.3706743879499,341.10359593948675,343.05275934485525,631060
2023-07-05,349.9722900390625,352.50620837572944,343.1014712949153,343.8811544902828,131085
2023-07-06,351.1417236328125,353.87056984174944,346.95103482798606,349.6311341138764,74315
2023-07-07,356.6968994140625,367.9533060643965,348.9002458749573,350.2159371080559,391704
2023-07-10,358.0613098144531,363.3727919640805,356.30707465520595,358.3049552388971,70402
2023-07-11,362.4469299316406,368.39188427707927,355.2837484556561,359.5231848183305,91895
2023-07-12,357.1841735839844,364.4935359356349,352.7985561729941,364.1037092252544,107714
2023-07-13,354.55279541015625,365.2731936519813,351.9214427777405,357.37910601286217,77786
2023-07-14,375.9448852539063,383.9851841608271,351.62906029925705,351.62906029925705,521487
2023-07-17,367.1736450195313,377.6016808093365,363.5189637486002,376.1885254878276,124666
2023-07-18,362.4956665039063,372.9724195272345,358.5973397975516,368.6355191696659,74799
2023-07-19,362.6905517578125,368.3918603061631,360.059199172177,364.05496010686846,57209
2023-07-20,359.523193359375,365.66307608831295,358.6460757529193,363.9575580650314,67787
2023-07-21,355.1375732421875,362.105826600104,352.84730024908765,355.72232822325805,51815
2023-07-24,353.87060546875,359.23080458018507,352.79855969808864,354.55279478326406,44028
2023-07-25,359.4744567871094,364.93212011571137,352.79856636470663,355.5273831580714,65738
2023-07-26,357.5740051269531,363.2753137866676,356.6968875812752,360.98504093715655,38315
2023-07-27,351.7265319824219,362.6418589936764,346.2688684767946,359.13335890135363,57893
2023-07-28,363.3240661621094,365.2732296710088,352.94477642559474,353.2858859880271,88361
2023-07-31,365.61431884765625,370.4385101599469,361.4236294339352,364.9808466909598,66304
2023-08-01,380.2817687988281,384.9597487860621,365.9554067573831,366.4426975786312,262371
2023-08-02,374.3855590820313,384.81359530736415,365.61432366546575,382.1334955967469,159657
2023-08-03,388.46826171875,393.4873513981162,371.3643354722967,376.09106254582497,180603
2023-08-04,410.34759521484375,414.1484874746403,386.9089182360818,390.3199540391706,686777
2023-08-07,412.5891418457031,414.5870223041915,399.6271882324584,413.0764326640536,138996
2023-08-08,430.5701599121094,458.0046570791226,404.4513836592939,412.5403994357312,842115
2023-08-09,429.1570434570313,443.4346589450184,421.9938622487757,434.6147067462674,248302
2023-08-10,396.9591674804688,444.3697634886776,382.0418189612305,436.9849345139115,568181
2023-08-11,385.04498291015625,406.41176743958096,381.10640733230446,394.8422016796413,372905
2023-08-14,369.3399353027344,387.1127457937864,361.65969480339805,385.1927082056628,292351
2023-08-16,380.5156555175781,389.1312898314803,366.386009232989,368.79836881151294,186431
2023-08-17,383.1249694824219,415.2243684739845,380.1217873857394,388.14665967034176,749142
2023-08-18,387.3096618652344,396.0729860629284,384.0603191521936,385.9311664940711,198378
2023-08-21,382.7803039550781,390.3620737636061,379.3340504146466,387.9496842657255,180146
2023-08-22,374.2138977050781,386.177344986321,368.0598734035938,383.0264725243823,289913
2023-08-23,374.5093078613281,381.7956666042702,367.22294911838605,375.2970109501528,450657
2023-08-24,375.98626708984375,387.80199350849153,372.54001355107147,380.0725331331702,243851
2023-08-25,372.8846740722656,378.5463767572483,369.241479455393,376.8724700308045,94252
2023-08-28,367.9122009277344,383.66650391448775,362.4474390987836,375.050869468607,186190
2023-08-29,370.3245544433594,375.7893157388738,364.8597630988996,367.2721525278429,113691
2023-08-30,366.8290710449219,374.8046926038253,365.40135542660914,372.195392291991,93207
2023-08-31,367.0752258300781,372.1953860170875,363.1859005399553,370.0784076884199,200315
2023-09-01,370.27532958984375,373.3769819392521,365.5982710267677,367.1737072893828,109729
2023-09-04,361.7581787109375,375.59244414184775,358.5088657180553,372.2938809224379,297440
2023-09-05,362.102783203125,370.4230359244476,359.9365546694829,365.59825692214906,148088
2023-09-06,360.0350341796875,365.6967365756659,357.47495404302094,363.9243895843297,154423
2023-09-07,360.1827392578125,364.1705652223193,358.5088625983581,364.1705652223193,93918
2023-09-08,367.9614562988281,369.24148141482,361.2166392285277,362.152032952076,128154
2023-09-11,369.4876403808594,374.6570210923837,367.56757266842806,370.7184453121747,122126
2023-09-12,351.6163330078125,372.0969135437055,350.5824389119426,372.0969135437055,126781
2023-09-13,356.7364807128906,362.2504926826632,348.61316836113,362.2504926826632,167620
2023-09-14,354.8164367675781,360.9212109421734,351.56709385545497,356.73647435074673,158783
2023-09-15,370.0291748046875,373.4262083637656,355.75183789954684,356.9826428051624,300376
2023-09-18,357.7703552246094,378.497096613513,355.01333436656,371.2107380046435,191300
2023-09-20,362.5951232910156,367.2229617314169,352.99484507760786,357.6226835180091,125468
2023-09-21,358.50885009765625,364.1705525242018,350.1885971208061,360.4781378981938,302482
2023-09-22,355.50567626953125,362.7428151111307,352.4533041483343,359.0996506265271,208851
2023-09-25,350.8778381347656,358.06572614188127,349.54856294195787,355.55489637131296,157148
2023-09-26,352.5025329589844,355.4072446216616,349.94245268748136,352.3055921500424,58208
2023-09-27,351.8132629394531,354.3241229815438,347.7762468797253,354.3241229815438,54613
2023-09-28,351.96099853515625,355.4072524246639,350.5824729401938,353.3887142600113,43940
2023-09-29,356.44110107421875,359.3950328510769,351.5178814461218,352.45330519503943,48507
2023-10-03,366.2383117675781,368.0598789491054,351.07477162109626,356.44109291242296,147867
2023-10-04,362.0535583496094,364.02284606421387,355.997974588044,362.64432062483405,63144
2023-10-05,368.0106506347656,369.2414554863869,360.03502918647035,363.1859016261995,70898
2023-10-06,371.9984436035156,373.1308080978515,359.39501403501686,368.99529180718514,137741
2023-10-09,360.82275390625,367.76448108792977,359.4934786877093,364.3674477570975,57362
2023-10-10,371.3584289550781,380.02331302631467,362.9397358998863,362.9397358998863,182472
2023-10-11,365.3521118164063,377.118618593673,364.4167181286364,377.118618593673,82298
2023-10-12,367.1737060546875,370.7184301214148,365.4013590457975,367.1244858790312,45319
2023-10-13,367.8629455566406,370.2260847687799,364.31822171395896,368.89680957165615,48827
2023-10-16,353.536376953125,371.21074681161207,347.7269840075072,369.0937684562954,279391
2023-10-17,353.8810119628906,358.60732071643497,350.53322870972204,357.4257360158121,137468
2023-10-18,351.4194030761719,356.93341494441296,349.6470560698199,356.0964616168228,73968
2023-10-19,358.9519348144531,361.9551168483312,348.56395331023856,349.6470676495233,107610
2023-10-20,354.6194763183594,361.265822301186,352.0101761274832,358.41036114798294,60587
2023-10-23,339.1113586425781,356.44109757304614,337.38823178966976,356.44109757304614,134866
2023-10-25,348.2685546875,354.47179915310056,327.24640170015874,339.1113485133435,121172
2023-10-26,338.8652038574219,345.7577113950377,332.85886985056703,343.73920335002947,88140
2023-10-27,346.64385986328125,350.9763168985596,340.4898357210632,340.4898357210632,70770
2023-10-30,345.70849609375,353.5363974496485,342.06530146719064,344.7238521459176,59932
2023-10-31,347.53009033203125,349.6962889687265,343.68995493030405,348.317793463748,30039
2023-11-01,351.96099853515625,355.99801476656296,346.9393082863695,347.57932085605967,52478
2023-11-02,352.8471374511719,357.08109408011563,352.6994468801988,357.08109408011563,22338
2023-11-03,360.4781494140625,368.9460932366813,352.69946836323004,354.3733450177925,224390
2023-11-06,359.9858093261719,363.18590194318017,351.02554398875924,357.81958076584914,97655
2023-11-07,360.4781494140625,363.28439062926645,356.4903234612101,363.28439062926645,43775
2023-11-08,373.67236328125,382.9772602362909,360.8719924705616,362.2504879326924,274083
2023-11-09,357.86883544921875,384.0111188266876,348.563938627301,379.0878993545505,259558
2023-11-10,364.0720825195313,367.912187724958,356.9334142348345,359.29655358825505,84504
2023-11-13,365.9921569824219,370.1768936412652,363.6782377612719,367.7645040183529,37621
2023-11-15,362.4474487304688,368.2568421014233,360.3796903987191,365.7952321943282,78766
2023-11-16,367.2721862792969,372.2938763374093,362.4474370269724,362.9889791694672,65492
2023-11-17,364.6629028320313,369.1430209070679,361.2166489130955,368.84763973359605,102241
2023-11-20,370.373779296875,384.1095730658298,365.15517889554326,365.15517889554326,256889
2023-11-21,369.14300537109375,373.8200640642364,366.3367641454185,372.09693717728913,68268
2023-11-22,374.952392578125,382.04184081908926,370.2261137834473,370.2261137834473,110324
2023-11-23,386.3250427246094,405.6732894775221,377.16783636480176,377.16783636480176,912454
2023-11-24,387.0635070800781,393.1190608046626,383.5187831769971,388.93432440285966,187273
2023-11-28,381.6479797363281,389.9189824450705,380.0725434944374,388.14663545353534,88494
2023-11-29,383.7649536132813,386.86657583667176,377.1186073993245,384.7003773222316,134101
2023-11-30,383.518798828125,387.5065946012391,380.9587186798166,385.6850274264506,84000
2023-12-01,383.42034912109375,390.903649170418,380.367946858336,387.900497134658,136060
2023-12-04,383.1741638183594,388.5897052138491,381.3033464369796,387.94969269508056,132124
2023-12-05,377.1678466796875,388.1466505765586,374.164694702314,381.2048928165284,66188
2023-12-06,378.3493957519531,382.7802930346696,374.60776117723736,380.9586959197637,132711
2023-12-07,382.5341491699219,383.9126445985827,374.7062182677154,377.7094001451356,84740
2023-12-08,377.06939697265625,392.8729196925913,374.2631558222054,386.7681154371876,210659
2023-12-11,381.69720458984375,384.897297288022,377.3647774082534,380.56487010643167,71066
2023-12-12,376.1831970214844,384.7496111315156,374.5585405658433,381.6972089745535,97459
2023-12-13,364.8597717285156,379.0878875806672,362.348941895287,379.0878875806672,312155
2023-12-14,373.3769836425781,373.9677459509248,366.48447625502274,369.1429967894256,101266
2023-12-15,378.3002014160156,380.0725484305689,372.0969267671846,374.1646849834616,125109
2023-12-18,379.1863708496094,386.9158314529916,376.380129732592,378.8909596510592,141155
2023-12-19,386.9650573730469,390.4605312406799,376.7739868751886,379.23559665491535,568245
2023-12-20,375.7401123046875,400.50389998807606,371.50612557231096,389.9189782305547,339512
2023-12-21,374.3123779296875,378.15248318483015,367.2229597776428,369.2414677819384,69521
2023-12-22,378.3493957519531,380.17099286685897,373.180015588784,376.1339471105949,81006
2023-12-26,383.1741638183594,385.8327143411785,376.4293471614601,380.121761749294,159636
2023-12-27,378.6940612792969,388.9343521358694,375.6908792650815,384.0603526654736,180133
2023-12-28,379.2848510742188,382.8787953825741,376.33091930588046,380.6633465563204,62054
2023-12-29,379.5802001953125,383.4203051602621,375.0508325230113,375.149302916768,68570
2024-01-01,382.1403198242188,384.0111373038581,376.3801467548712,380.5156633300306,87713
2024-01-02,379.5802001953125,384.3064786061819,378.15245460820336,378.3001752233111,98329
2024-01-03,380.3186950683594,382.0418218421319,377.2170728853581,380.5156358620833,52354
2024-01-04,378.9402160644531,385.0942405229217,377.4139999693844,382.4849401623205,63447
2024-01-05,383.1741638183594,385.63577354358193,377.1186099041012,377.6109318491457,105665
2024-01-08,377.41400146484375,397.6976721701175,376.1339763919893,388.5897159354947,299186
2024-01-09,382.0418395996094,389.96821110780576,378.64480606812657,381.9433691981705,120957
2024-01-10,377.2662963867188,384.404964512452,375.1493180557734,379.3832747176641,82148
2024-01-11,394.79296875,397.7469003379568,377.61092132713975,377.61092132713975,319003
2024-01-12,391.1498107910156,397.5007763149426,385.980430031663,395.4330180014118,88454
2024-01-15,389.8204956054688,396.8114729753699,381.8448743820308,394.3498633415276,169326
2024-01-16,380.2202453613281,394.7929934704393,377.2170934117712,390.9036379498478,226296
2024-01-17,381.3033447265625,383.6172638676815,370.5707323825248,377.1678283871605,186149
2024-01-18,373.229248046875,382.8295258087743,371.1122697296814,377.70939569846246,115010
2024-01-19,370.9153747558594,383.8634362267762,369.2414680809799,375.1493315702756,100535
2024-01-23,370.521484375,373.770827246521,365.64751514113885,367.2721715524259,111285
2024-01-24,362.6443176269531,373.4261797948602,359.5426955118805,373.4261797948602,149163
2024-01-25,361.7581787109375,366.09060605109664,356.93342939919324,364.26903879539054,76251
2024-01-29,359.64117431640625,364.4659232803347,359.39501334835944,361.75815263181966,52511
2024-01-30,375.4939575195313,378.7925205964706,360.08428648427684,360.3304474594373,191406
2024-01-31,383.7157287597656,384.9957537731926,374.1154510122244,379.08789054393645,135323
2024-02-01,391.2974548339844,411.5811238870088,387.1127185265208,403.7039731906067,611815
2024-02-02,387.5558471679688,400.5531286896369,385.9804109095688,392.8729182472397,473500
2024-02-05,391.34674072265625,398.4854091918909,385.9804193020662,386.4727412654617,140817
2024-02-06,392.5775451660156,398.28846791505777,386.2758000028613,390.0666851263047,110356
2024-02-07,411.0888366699219,415.5197343106755,393.9067882434203,396.8114998274935,402082
2024-02-08,409.66107177734375,424.77536125374223,406.2148182181821,416.7012995159312,325541
2024-02-09,396.9591674804688,410.5964909969926,394.10370628668176,408.7256736665077,102904
2024-02-12,382.9280090332031,399.6669554351853,379.5802257625961,398.9777227303544,103181
2024-02-13,410.20263671875,428.3200776725827,368.7983445143662,384.70036683952793,1389168
2024-02-14,444.320556640625,454.9054784885734,403.7532162363509,412.5657910967798,1210616
2024-02-15,444.6159362792969,491.2388304564027,438.3634716201975,456.3332226033765,2431085
2024-02-16,423.05224609375,449.982262798365,419.85215341520586,447.5206530456387,1073423
2024-02-19,466.7704162597656,474.4998766773027,423.3968656473325,423.3968656473325,1035432
2024-02-20,467.0658264160156,482.27855620002657,457.2193877018546,466.2288731155227,597683
2024-02-21,468.9366760253906,483.2632333206028,459.3856177959503,462.7826514056349,642664
2024-02-22,465.1950378417969,475.2876381480255,458.99176303884354,467.5089270435786,222937
2024-02-23,464.9488830566406,473.9583691476326,461.50262924759846,463.5211373161723,189749
2024-02-26,466.3765869140625,485.5771433629491,464.1119179165934,467.70586221646727,427571
2024-02-27,453.0838928222656,480.5554521225149,448.2591436342347,469.6751488490499,407158
2024-02-28,442.5482177734375,469.1336033677287,438.7573327066843,455.8901307465491,486178
2024-02-29,473.4660339355469,491.18962445787946,441.9574285625112,447.02833872994455,6201828
2024-03-01,468.887451171875,480.3092967130749,464.3580830871157,474.59837394247495,685054
2024-03-04,471.7921142578125,480.01389675562126,466.96736520277614,472.6290675747656,262179
2024-03-05,466.5242614746094,477.15843347978415,461.945673411482,475.04145513327865,246536
2024-03-06,447.9145202636719,465.8350519099317,439.05272484388473,465.8350519099317,547975
2024-03-07,444.1236267089844,454.11778650492096,441.7112671418892,448.9976261173372,175876
2024-03-11,428.910888671875,449.1453087889028,426.1538677236504,446.9298600148218,155265
2024-03-12,426.3507995605469,437.57573377013455,418.7198094991283,430.3385952504838,191889
2024-03-13,409.3164978027344,448.0622127954909,399.0269566120365,435.21262140041983,453514
2024-03-14,430.5355529785156,433.1941035756636,392.5775419739168,409.3164885734246,237542
2024-03-15,434.7203063964844,437.1819162854792,413.2550801840291,430.1909381909441,190196
2024-03-18,454.314697265625,456.8747774594546,430.97865446355166,430.97865446355166,382634
2024-03-19,449.194580078125,459.8287226728207,446.7329702137095,458.84407872705447,181230
2024-03-20,445.9944763183594,456.7270890542519,438.1665451218837,449.4899502205391,163702
2024-03-21,454.5608520507813,462.78263465497287,446.5360102468728,447.81603530187147,145263
2024-03-22,464.7026977539063,469.379756250014,451.8038567337986,453.9208350959317,220540
2024-03-26,459.0902099609375,468.887428605956,454.905473462634,464.99807325266,79936
2024-03-27,471.4967346191406,480.4077498396466,460.91181275937134,461.7979862541208,231063
2024-03-28,475.7799377441406,482.32781357638015,472.57984511457767,478.6353990038075,113471
2024-04-01,479.62005615234375,490.3526687969453,475.927641477668,486.4140931439577,122760
2024-04-02,487.89105224609375,494.5866187437166,475.8291644761349,481.4908668987686,204666
2024-04-03,483.2139892578125,492.3219452448421,480.40774816012754,492.3219452448421,188669
2024-04-04,483.164794921875,487.3495316802503,476.5676684832098,486.51257831878553,84968
2024-04-05,469.724365234375,486.2664009513369,468.6905011484794,483.1647786447026,179116
2024-04-08,466.7212219238281,473.66294959741975,464.1119215241279,469.7736241107567,126354
2024-04-09,470.2166748046875,476.6661102745307,466.721201035917,466.721201035917,77340
2024-04-10,462.6349487304688,472.530608040767,460.3210295241408,469.6751467016367,86895
2024-04-12,457.8594055175781,468.3951070834752,455.6439567812028,468.3951070834752,71350
2024-04-15,445.9944763183594,455.1024325933648,435.4095541609206,448.01298433810575,142219
2024-04-16,461.6502990722656,471.10288653326495,440.23429422186814,443.089755525465,155610
2024-04-18,450.76995849609375,464.6534432832334,448.50528958036,464.60422310856615,83149
2024-04-19,456.5301513671875,462.7826463219653,442.0559036498906,452.6408258795951,129452
2024-04-22,471.4474792480469,477.0599614017639,459.7302230479683,462.7826250956224,151607
2024-04-23,466.3273620605469,471.8413739695852,464.4565446402341,471.4474923661952,91987
2024-04-24,485.4786682128906,491.6326926555495,469.9705266173904,472.629077196198,330503
2024-04-25,481.2446899414063,507.09159144721065,480.5062070412404,497.2451527783328,743476
2024-04-26,471.5951843261719,493.2573490422071,470.6597606484012,487.7925576412944,160554
2024-04-29,472.43212890625,483.06630100397786,467.1150578818596,482.4755086570573,118065
2024-04-30,470.75823974609375,478.586140474734,467.6566175687478,474.3029636840376,78175
2024-05-02,475.5337829589844,478.3892442557987,466.1796659201101,471.4474867396869,73719
2024-05-03,470.75823974609375,477.9461279697176,463.27494033242266,477.9461279697176,112679
2024-05-06,462.1918640136719,476.5184515122387,455.98861914968126,474.5983837906018,126190
2024-05-07,457.0224609375,463.5211166981289,453.2315759063876,461.2564477439304,73133
2024-05-08,456.7270812988281,462.733415128523,450.96690844535885,456.87477187477407,49319
2024-05-09,448.16064453125,461.9949087214471,444.8620816076688,455.7916344064407,100757
2024-05-10,466.47503662109375,469.3304978539454,448.0621841058646,450.9668955619228,122562
2024-05-13,456.4809265136719,468.3951239343695,443.7790259779479,463.9642263022136,95171
2024-05-14,462.3395080566406,465.4411602253682,456.5301153475506,458.6470936166751,65752
2024-05-15,460.9610290527344,467.4104645330466,457.8594068227567,463.6687997382453,74298
2024-05-16,469.2812805175781,478.6353974034866,458.9425197489424,467.755064469983,121836
2024-05-17,474.007568359375,480.8508554970795,467.8043237970558,471.0536366537093,119461
2024-05-21,471.9398193359375,477.552301705457,466.8196889758868,469.6259301606466,111453
2024-05-22,471.7921142578125,480.3092779032767,464.75191644851947,473.4167706678114,96996
2024-05-23,483.8540344238281,487.3987586785528,472.9737307193713,473.1214213031204,237012
2024-05-24,474.7460632324219,498.9190896614511,469.4289920382128,488.678768784962,303964
2024-05-27,484.2478637695313,495.275887600493,481.7862539902047,484.4448045714564,280785
2024-05-28,473.5644836425781,501.8729950453461,466.7704168667567,494.2912251892001,556316
2024-05-29,472.875244140625,477.4046121973628,467.7550837201479,473.1706252980208,143422
2024-05-30,477.3061218261719,490.1557124674113,472.8752243569243,473.6137072684656,238255
2024-05-31,477.8476867675781,487.34952472245067,475.68148815295,481.8847328866349,140024
2024-06-03,465.4904174804688,491.3373206192573,462.7826466754528,484.4448131155804,353693
2024-06-04,446.9791259765625,470.659800575918,417.53824830305257,470.659800575918,277538
2024-06-05,461.5026245117188,467.7058692847584,447.0283466426954,447.0283466426954,139983
2024-06-06,480.6047058105469,486.1187178004312,461.7487806562625,461.7487806562625,187839
2024-06-07,498.3775024414063,512.0148264242255,478.29077295301454,485.8725429792598,743881
2024-06-10,491.7311401367188,505.8115654345987,487.44793331448,500.3960241774786,246748
2024-06-11,492.9127502441406,500.3960500137805,481.88472636794006,491.6819453494284,209892
2024-06-12,496.3590087890625,520.2858742049347,483.46016735691927,503.15304586432944,708829
2024-06-13,509.405517578125,517.1842287319575,497.04824816869706,497.04824816869706,554421
2024-06-14,523.4859619140625,527.3752573034523,511.03019233908657,511.03019233908657,328863
2024-06-18,513.2948608398438,526.7844944941323,510.9317515027193,523.1412999892667,291133
2024-06-19,519.104248046875,523.5843655301879,492.1742328273997,514.7717910818459,299404
2024-06-20,528.5076293945312,536.4340010109576,514.7718345523089,520.5812577781049,465434
2024-06-21,510.9809875488281,532.200052555273,509.06091983547856,530.1323243088332,236029
2024-06-24,540.6187133789062,551.2036351492982,502.1683816651076,502.1683816651076,643386
2024-06-25,545.6404418945312,554.8468383316845,534.6124181814033,547.0681274729699,429065
2024-06-26,580.3491821289062,586.4539266874323,547.8066507203088,549.3821171369435,986283
2024-06-27,569.2719116210938,583.0569266278344,567.1549031344716,578.9706302831064,452841
2024-06-28,573.948974609375,578.4290925007487,565.185619535605,569.1241952814978,176677
2024-07-01,573.505859375,579.9552649881414,569.1241819408247,573.6042997271812,138180
2024-07-02,583.9922485351562,600.5835336123994,569.7149125845112,576.8043603864788,377925
2024-07-03,576.4105834960938,594.7249366450101,573.4073714165063,582.8107690725716,243112
2024-07-04,567.8441772460938,585.3216073358642,567.1549144624106,578.1337185297915,182520
2024-07-05,569.0257568359375,589.3093979561726,566.3672061789619,569.8134599681792,252260
2024-07-08,558.0961303710938,580.7921594279179,555.3391395701113,573.0627291308596,224376
2024-07-09,564.496337890625,568.6318543051505,555.6837629341958,560.1639407737034,132747
2024-07-10,560.7054443359375,582.9091508144434,551.4005480677167,564.496299064747,278136
2024-07-11,565.2840576171875,570.9457602291436,554.7976357946501,560.7054993897347,147150
2024-07-12,559.9669799804688,573.5550533448542,553.5667948358481,567.9917914492192,101707
2024-07-15,564.3486938476562,566.1702610832874,546.4773824369122,556.3238217600998,186999
2024-07-16,553.074462890625,564.200926382606,549.7266497594949,564.200926382606,106016
2024-07-18,551.9913330078125,559.9669844644798,546.4773513397577,553.3206382995368,144454
2024-07-19,535.7446899414062,553.6159996977968,531.7076742317657,549.4312633728247,103083
2024-07-22,544.1141967773438,547.4620100868166,525.7506240444993,531.7077076382751,86201
2024-07-23,540.3233642578125,564.2009798992739,517.2334517519539,541.6033893654043,312585
2024-07-24,564.0040283203125,566.1702569752754,541.6033790225952,543.0311247336772,120243
2024-07-25,564.8902587890625,568.9272750353394,555.5361410545147,555.5361410545147,82542
2024-07-26,567.0564575195312,575.918252798787,561.7393563128196,564.8902288761341,117311
2024-07-29,565.3333129882812,580.1521915002436,559.3269492057975,570.7980745534236,75205
2024-07-30,562.8717041015625,570.9950161990257,560.8039158725629,570.9950161990257,49349
2024-07-31,554.1575317382812,569.1241298721438,552.4344050474919,562.2316231089865,89890
2024-08-01,540.5695190429688,559.6716353761775,537.0248249244685,559.6716353761775,104470
2024-08-02,546.3789672851562,554.1083984712283,528.0645532405175,536.6309678664051,77161
2024-08-05,514.0825805664062,539.9294841689652,510.0455644238321,528.3106976167277,173401
2024-08-06,550.9082641601562,558.9331360150518,518.3657951600869,528.7537763252974,301651
2024-08-07,563.9547729492188,566.2194418162107,546.4773443680775,551.5482843054247,168164
2024-08-08,552.2374877929688,561.2470031992718,550.4159206813912,561.2470031992718,60539
2024-08-09,558.8346557617188,560.4593423008142,550.0713607601915,556.3238257359412,60673
2024-08-12,538.0094604492188,557.8007791476928,531.7569355156575,551.4005936852744,191158
2024-08-13,530.7230224609375,545.344959244685,528.5567940231516,545.344959244685,98793
2024-08-14,512.7041015625,536.6309368175378,508.2732039190525,530.8707939202142,123465
2024-08-16,511.7194519042969,524.5198227307378,506.0577494233711,524.5198227307378,84033
2024-08-19,522.1566162109375,525.7505902652575,512.6548392158826,516.9380158797297,77058
2024-08-20,516.69189453125,527.5229775990799,509.35628534300434,522.1566562413487,125704
2024-08-21,523.6828002929688,528.3598585153577,508.22394014149,520.9750297431646,105541
2024-08-22,530.1815185546875,535.4001191911326,523.8797735724066,523.8797735724066,68997
2024-08-23,531.9046630859375,540.4710772978109,526.2921806645104,532.5939258566209,96271
2024-08-26,535.4493408203125,540.0771791700632,530.8215024705618,534.1693157698438,85034
2024-08-27,538.0094604492188,540.569510595028,529.1968853698482,539.3879258746947,50343
2024-08-28,531.1661376953125,537.9601442117238,528.1629859679059,532.0030609299058,55627
2024-08-29,520.97509765625,533.9231898305343,516.6427002705365,531.1661987490987,48161
2024-08-30,518.1688232421875,528.1629823044473,516.9380184363865,524.8151691935125,32197
2024-09-02,516.248779296875,523.8305492663616,512.3102037384813,520.3842956527672,62317
2024-09-03,512.9502563476562,517.3811539375906,508.0762569791494,516.2487894032273,47175
2024-09-04,508.5685729980469,519.9904181685259,507.0916071519732,512.9502503609777,64036
2024-09-05,515.8549194335938,519.1042320080255,508.8639122786577,512.999428326975,57741
2024-09-06,508.7655029296875,519.2519241540806,507.0915963203137,517.1349758786636,49349
2024-09-09,509.1138305664063,519.0662075132404,502.3462263914566,517.5236012353788,110191
2024-09-10,514.3886108398438,519.0662404505723,507.621006235456,509.1138628722103,71461
2024-09-11,509.7607727050781,518.9667216217995,502.69457881347006,514.0402827553047,64588
2024-09-12,507.7702941894531,512.8957319734707,497.8179170424411,512.8957319734707,74634
2024-09-13,518.3197631835938,522.4997735206563,504.884054721634,508.5664462267721,109418
2024-09-16,567.4845581054688,572.2616869958405,547.4802435568336,559.3235966811519,1043112
2024-09-17,555.7407836914062,575.993847598588,540.6629074867092,573.1076338268633,223686
2024-09-18,570.1716918945312,574.7497609305555,555.3426261458874,556.4373632974839,352778
2024-09-19,573.9038696289062,580.5719139210587,555.4421608739582,570.2712275639051,393342
2024-09-20,563.65283203125,586.692608468212,561.3140477965591,573.2568998773369,296526
2024-09-23,574.9488525390625,593.4105004026925,572.0626388053453,580.1738506558157,812272
2024-09-24,571.1669311523438,581.218807463071,568.3304673062167,579.2283320950468,216817
2024-09-25,571.8138427734375,576.9393415344665,567.3352728541084,576.9393415344665,189548
2024-09-26,571.1171264648438,579.6762070808469,566.6883673216632,577.2378625813899,92808
2024-09-27,569.8233642578125,579.6762423263305,567.6836395320782,579.6762423263305,81260
2024-09-30,559.7217407226562,573.7545688458952,552.307207259097,573.7545688458952,145110
2024-10-01,569.4750366210938,570.9678932039463,562.6576217793727,564.2997883183065,61066
2024-10-03,559.2738647460938,571.1669679859014,554.8947943562468,569.4253019265632,126795
2024-10-04,553.7005004882812,565.245294888636,545.4400392737853,562.2098318859255,109277
2024-10-07,542.4542846679688,562.0107293537123,529.4664451088393,562.0107293537123,114297
2024-10-08,551.8593139648438,553.103361110842,535.1890822084666,537.4283670712636,48913
2024-10-09,561.2145385742188,564.5983101582771,553.3023870593036,555.8899806673767,45352
2024-10-10,558.6766357421875,566.986906643914,556.3378515406607,565.2949904742313,40801
2024-10-11,564.8969116210938,566.9869473021602,558.9254852371731,563.354305287479,34045
2024-10-14,558.5274047851562,582.1642999653258,541.5088038087414,564.299771248679,215777
2024-10-15,573.7545166015625,575.1478736369846,563.2547713347677,563.2547713347677,94263
2024-10-16,569.9229125976562,575.894339000868,563.3045573696338,575.844528518582,41239
2024-10-17,561.9111938476562,574.2521659049344,558.3283623443123,572.858808795584,69487
2024-10-18,550.4659423828125,566.7878648067367,548.425717265944,566.7878648067367,56147
2024-10-21,542.9021606445312,555.9895605838949,534.5421397391942,552.3569187125845,72017
2024-10-22,517.473876953125,548.3759967441657,512.7962474091313,548.3759967441657,171871
2024-10-23,517.6729125976562,529.3669555420441,510.0593199147913,521.7036131232072,58441
2024-10-24,508.7655334472656,522.7983609693191,505.6802904478852,518.9667200538937,58930
2024-10-25,501.9978942871094,513.8412169483912,493.7374334522623,513.8412169483912,97398
2024-10-28,493.0407409667969,502.0974099360283,467.51290053012747,502.0476602008885,214788
2024-10-29,490.8014831542969,498.5643557140209,485.92482432512463,492.8914884731551,85925
2024-10-30,523.3955078125,528.122886680526,487.6664516489937,491.8464619548822,173331
2024-10-31,519.46435546875,523.2959965062947,512.597190699822,523.2959965062947,34772
2024-11-01,526.4807739257812,527.5755111616676,519.4643598815289,524.8884178109481,11975
2024-11-04,511.2536315917969,527.2271849325981,509.0640964474261,527.2271849325981,59148
2024-11-05,517.5733642578125,520.7083873743396,507.22289804184754,515.1848301759493,41136
2024-11-06,525.13720703125,528.7200385239221,513.0947941777055,513.0947941777055,51696
2024-11-07,518.7676391601562,538.4235832818121,516.4288549168933,527.4759688343075,85556
2024-11-08,512.9953002929688,522.4500587319418,509.61146771175066,519.51409527831,37785
2024-11-11,507.1731567382813,514.9857790464648,503.6400445493599,514.9857790464648,27636
2024-11-12,505.531005859375,513.4929075223021,504.68504773324014,513.4929075223021,58178
2024-11-13,481.2969665527344,505.481230953924,477.7141046930873,504.7348026653411,61630
2024-11-14,511.0545654296875,532.8502956338322,503.5902825850475,523.4452871006878,500960
2024-11-18,504.4362487792969,515.4336439028878,494.7326809261406,515.3838334208691,179807
2024-11-19,506.7252807617188,514.1397835772198,501.6993424077735,504.4362461469455,37543
2024-11-21,499.0121765136719,504.087894856169,495.6283744094219,499.1117063580825,34354
2024-11-22,499.5097961425781,503.98836579784137,497.1212317342199,503.98836579784137,38382
2024-11-25,500.9031372070313,511.40288310642455,498.7136324250474,506.775064110033,57641
2024-11-26,510.3578796386719,511.552177025762,502.3462283146953,502.3462283146953,30947
2024-11-27,517.6231079101562,545.3902642760193,514.7369550021043,530.4616986480261,362764
2024-11-28,511.9502868652344,526.8290415849307,510.15881044573047,520.0614375101528,105924
2024-11-29,518.5188598632812,521.6538830258938,510.5569579843825,518.9667289928674,33500
2024-12-02,525.336181640625,527.3764674668174,515.3340551712006,519.9121849158311,48723
2024-12-03,526.8788452148438,530.4616765182984,520.5590495826149,527.3764640483506,71557
2024-12-04,532.203369140625,544.8926500317759,527.2769302928097,528.9688465605277,104981
2024-12-05,532.1536254882812,539.3193492811732,527.4262462787019,533.3479229111783,66270
2024-12-06,553.8497924804688,563.652859747691,521.5045665045204,532.1536222824229,195351
2024-12-09,577.38720703125,591.1712256203934,559.3236175061635,566.190782303591,411085
2024-12-10,585.000732421875,591.171218569308,572.2617014770238,583.2093166357147,155941
2024-12-11,589.7280883789062,610.0807115408722,587.0409344336621,587.0409344336621,367126
2024-12-12,580.0245361328125,593.1616863004452,576.8895737341268,590.2257228519057,108792
2024-12-13,603.1140747070312,610.0807389363205,564.399302049328,582.1145825422562,587918
2024-12-16,628.6419067382812,643.4211620324141,607.1447363396937,617.0473634340243,634364
2024-12-17,637.4000244140625,644.9140572219945,621.6752802294615,622.0235891415842,245002
2024-12-18,631.2792358398438,648.8949545777378,623.6158937059027,639.39044706986,208314
2024-12-19,630.3836059570312,636.1559726739739,620.5804778157624,631.2295337344012,105200
2024-12-20,612.817626953125,641.6297711366035,610.0807232192702,639.8383553869784,129631
2024-12-23,600.9742431640625,623.8647095905305,595.7492453928035,621.3766154137405,106086
2024-12-24,628.44287109375,636.6535822922535,592.713812610951,600.4766546860927,203528
2024-12-26,617.7938232421875,641.9283382862842,611.0262188014008,629.8859860053765,133092
2024-12-27,634.7128295898438,638.9425897243116,614.360206911566,617.0473607929489,135075
2024-12-30,640.5349731445312,661.8330846786009,637.947379366892,648.8452445642572,427689
2024-12-31,642.276611328125,647.899728507746,637.0516135175786,646.6556814099969,99177
2025-01-01,645.6604614257812,652.8759347904623,642.2268791930006,650.8854593795159,110739
2025-01-02,669.6954956054688,681.2402290237804,641.9283385249647,645.6604800280169,560441
2025-01-03,661.5842895507812,670.6409287127999,654.8664347866327,663.8235744721641,116022
2025-01-06,641.0325927734375,673.2285695434576,637.001892146154,666.8590238215724,199298
2025-01-07,662.9776000976562,668.3020973498566,641.928299018105,641.928299018105,91446
2025-01-08,643.7197265625,662.828302383721,637.0018721464488,662.828302383721,89709
2025-01-09,625.8054809570312,649.5419375859403,623.5661960341808,646.755223308578,58820
2025-01-10,620.8790283203125,634.3645480435398,607.1945096483577,634.3645480435398,111828
2025-01-13,588.3347778320312,610.478816174477,565.7926201204658,607.0949837704206,348327
2025-01-14,583.806396484375,601.5714254489018,575.2971265028812,599.133080993635,101859
2025-01-15,579.57666015625,589.9271567101154,574.4512223607554,585.6973964131638,112840
2025-01-16,562.3590698242188,588.3845608835352,550.6152767040561,587.5883828447004,293627
2025-01-17,562.0604858398438,570.3209465240063,552.8047874649511,566.2902460254468,122650
2025-01-20,566.0414428710938,570.121893150479,551.2123768172028,569.2759654017857,107137
2025-01-21,546.9826049804688,582.0149834877994,543.6983327832631,571.9133574760232,158447
2025-01-22,531.4071655273438,549.8190624043946,521.0566694716395,546.9825986009677,137522
2025-01-23,547.1817016601562,550.2171646424287,524.7888523318483,525.4855309042939,111232
2025-01-24,528.3717041015625,552.7052165743515,526.0328591268259,547.1816596463777,81199
2025-01-27,502.8438415527344,523.4452738305614,498.4648018026764,517.6230969126495,179320
2025-01-28,524.9381713867188,536.4331554255098,492.6426937581212,503.0926902923844,170955
2025-01-29,542.4542846679688,548.7740803748887,515.9809867103216,521.0069248392431,133621
2025-01-30,518.1705322265625,550.1176380632403,516.0307468761466,549.3712097890703,188559
2025-01-31,540.5135498046875,542.7030848094593,520.0614280043931,522.4997724246051,78003
2025-02-01,552.9540405273438,557.3331106948846,527.575479236773,537.080047845107,43766
2025-02-03,537.4780883789062,561.0154834340058,531.5066623939663,548.375952950319,60205
2025-02-04,543.499267578125,551.3616694730993,537.4780918203215,537.4780918203215,36793
2025-02-05,544.4945068359375,547.0821612335485,535.338368835968,535.338368835968,32605
2025-02-06,554.9445190429688,556.9349944494994,539.8667042851918,547.3807367959475,28847
2025-02-07,558.4776611328125,576.8397481508829,547.3807364506092,553.3024129301999,125202
2025-02-10,549.4209594726562,561.3140621221926,525.8338138622408,561.3140621221926,70150
2025-02-11,528.4712524414062,548.4257574515477,523.4950636236906,548.376007712269,48909
2025-02-12,532.9497680664062,542.3547761223577,510.1090515718059,529.5659357173964,50496
2025-02-13,552.655517578125,574.2024394422646,526.331466601062,528.0731326861013,286293
2025-02-14,532.1038818359375,562.2098234622889,519.9122195244398,552.9043141492675,137726
2025-02-17,537.8264770507812,544.395021568992,518.021222535028,533.4474068756484,67543
2025-02-18,520.3102416992188,537.3785920365988,513.6919476407654,537.3785920365988,105650
2025-02-19,535.7861938476562,540.4140734707538,517.0259874181521,520.3600094299828,65951
2025-02-20,554.4468994140625,569.5247748951906,531.0090636839183,538.4733464479443,77542
2025-02-21,556.9349975585938,571.7143139812832,548.674536724275,557.2336174668313,124171
2025-02-24,537.4780883789062,559.8211860881205,533.1488288376194,559.8211860881205,52468
2025-02-25,541.309814453125,549.8190847197964,537.4781128251519,537.4781128251519,35560
2025-02-27,519.5140991210938,544.6936017380264,510.60670921906575,542.4045670900308,70037
2025-02-28,497.7681274414063,515.582876120399,492.6924091187702,515.5331263845105,166983
2025-03-03,497.0216979980469,517.1752916611761,477.714092820981,500.40550008108,107700
2025-03-04,482.0931396484375,504.5855179221788,479.7543249603453,483.2376569381119,147551
2025-03-05,508.4669494628906,516.5283811389298,482.192679502527,482.192679502527,88648
2025-03-06,529.4664306640625,533.8952503626872,510.0095467237069,510.0095467237069,118452
2025-03-07,535.8359985351562,546.8333629006027,521.8031106086216,524.6893242178737,75479
2025-03-10,519.2652587890625,543.300273024099,514.5876295509296,535.8359904348936,44961
2025-03-11,525.336181640625,527.2769072527789,502.744304676319,519.2652561302842,58312
2025-03-12,525.1869506835938,527.2769255726901,512.6967295965422,520.608820779899,37393
2025-03-13,518.6681518554688,526.8788628836771,513.1445340227195,525.1869466441183,42241
2025-03-17,513.0450439453125,525.8836348132238,511.50243763035934,517.5236136790737,48369
2025-03-18,513.0450439453125,513.0450439453125,513.0450439453125,513.0450439453125,0
2025-03-19,537.7766723632812,547.1816808727734,527.3764868881624,527.3764868881624,89019
2025-03-20,533.895263671875,550.5157450172189,530.4616815392806,540.613117987804,77898
2025-03-21,550.366455078125,552.3569305033624,529.4664631131329,530.26264113433,96179
2025-03-24,559.9705200195312,581.2188207615634,549.5702738347459,550.366451851275,295786
2025-03-25,553.0038452148438,567.6337906217382,542.3050400769723,562.757162400936,112780
2025-03-26,540.2647705078125,555.0440870555715,535.786200780217,551.7598147375661,48435
2025-03-27,540.3643188476562,545.7883764362965,534.7412015710453,538.4733429286663,53264
2025-03-28,537.3786010742188,545.639061724803,520.4595604005815,537.4283508096555,158011
2025-04-01,540.8619384765625,544.842889263775,524.6893259035115,532.0042986772193,67533
2025-04-02,541.1605224609375,564.7974188442888,532.7507513882786,543.200747684076,124655
2025-04-03,550.0181274414062,552.3569116885991,533.4473957929533,533.4473957929533,44434
2025-04-04,530.0138549804688,550.1176698070748,524.2912378816163,550.0181703292394,68242
2025-04-07,472.7379150390625,490.7517237707894,446.861734426398,446.861734426398,464005
2025-04-08,504.4362487792969,508.51672954071415,480.7495726169631,482.6902983364925,117271
2025-04-09,493.7374267578125,509.561700040077,488.0148100093156,509.561700040077,97703
2025-04-11,513.0450439453125,515.2345790751604,503.3912259258626,507.5712364929377,59337
2025-04-15,535.33837890625,537.1297946032256,520.509312995393,520.509312995393,76972
2025-04-16,539.2197875976562,543.1012390254109,532.4521832122675,537.4283718404196,45439
2025-04-17,537.52783203125,547.0821499457414,535.2387975784867,539.21974819007,66260
2025-04-21,543.7481079101562,551.3617008203635,535.5373966614775,537.627432335108,85123
2025-04-22,550.9635620117188,555.3426321544595,539.0705201875138,548.3759683102279,64973
2025-04-23,552.3071899414062,562.0107578006313,541.9566932604367,552.3071899414062,58524
2025-04-24,544.7433471679688,558.0298073089499,543.3500507927902,551.3617023696606,43770
2025-04-25,533.5967407226562,546.1367119987724,521.8528867483197,544.6936051211302,59184
2025-04-28,532.8004760742188,537.6274153448666,522.54953995781,525.5850027806779,58384
2025-04-29,530.2626342773438,541.658118088367,525.7343148923837,536.433120164685,34742
2025-04-30,518.4691162109375,532.5019441394098,515.5331527097347,529.4664811613492,49840
2025-05-02,511.00482177734375,522.4003058714081,509.8602740964087,518.4691047108589,29861
2025-05-05,538.1748046875,544.2955410497033,515.5331462378641,515.5331462378641,120041
2025-05-06,524.1917114257812,540.1652644437603,519.8623909618971,539.4685859012916,94187
2025-05-07,545.48974609375,547.1816622923932,507.1233458204725,517.5235916869245,135634
2025-05-08,563.6030883789062,582.1145457505805,542.3050383850284,544.8926320659942,319605
2025-05-09,565.095947265625,567.534291750848,538.4235893681872,542.4045401213716,87071
2025-05-12,574.202392578125,585.1997568114841,569.8233224810605,574.202392578125,85659
2025-05-13,594.107177734375,596.8440815041381,572.1621978384456,583.2093123931476,166033
2025-05-14,598.4861450195312,621.0283024095972,593.9080760623832,597.0430990021492,243078
2025-05-15,617.5449829101562,623.0187901720512,600.8250019681744,601.2230605950743,142883
2025-05-16,617.2464599609375,627.895515953094,606.846213404371,622.0235889753701,89587
2025-05-19,645.5609741210938,671.7854638568195,622.5211965073195,625.0092908179003,403766
2025-05-20,654.9161376953125,680.742567424116,644.5657023566087,646.7054269040129,334841
2025-05-21,670.8399658203125,676.7616423396826,649.8404744513915,654.8664127345752,141665
2025-05-22,661.4349365234375,680.7425717750872,653.025226739642,671.7854326727834,127781
2025-05-23,660.6885375976562,670.3423556520839,646.9542691799244,661.4847763710238,132157
2025-05-26,676.363525390625,684.9226061682787,660.6885314124133,660.6885314124133,108644
2025-05-27,682.2354736328125,689.6500069758238,672.8304648014488,686.7140434816056,121443
2025-05-28,660.7880859375,686.1168976615464,657.0559445462699,682.2354463168715,158671
2025-05-29,693.431884765625,711.594973243519,655.2147318348904,658.8473738282652,230426
2025-05-30,807.6851196289062,830.0282174883719,744.188968377614,752.3996791621213,3652236
2025-06-02,894.370361328125,914.6234237254477,802.1118166663342,807.6851233509796,3388757
2025-06-03,936.3196411132812,950.45202898106,881.830375577456,897.7044294669278,1969702
2025-06-04,986.2805786132812,995.1382186019532,911.1898806355516,921.5901269383436,1299362
2025-06-05,971.7003173828124,997.2281890346388,948.56104054144,992.301750203384,588419
2025-06-06,956.7219848632812,987.2757942745048,948.5610236084856,960.3546267508972,244326
2025-06-09,978.2191772460938,980.5082118484228,937.5636800221714,963.3901109512182,247319
2025-06-10,1033.6041259765625,1049.7767380389964,975.5817214892872,983.4938730779596,665793
2025-06-11,997.8253173828124,1043.3077542446863,989.266297257655,1035.0970430249924,361367
2025-06-12,1014.4955444335938,1031.0164662690602,996.2329565901024,1002.8015012368568,255754
2025-06-13,1031.165771484375,1044.9996000108863,985.2853371531214,1009.8677208451325,271178
2025-06-16,1011.7586059570312,1038.53052397296,980.3091194186544,1030.0710036531036,210023
2025-06-17,1057.2410888671875,1109.4910696769953,1017.0334602890822,1017.0334602890822,433008
2025-06-18,1081.6243896484375,1146.812459522344,1033.5543597565154,1060.624776818485,588764
2025-06-19,1095.358642578125,1118.6472302094635,1079.9324574640266,1086.7996222319705,340428
2025-06-20,1072.9656982421875,1104.6639934536208,1040.073166432903,1094.612117373293,241371
2025-06-23,1112.2279052734375,1132.6799664722462,1046.1937887626982,1046.1937887626982,284421
2025-06-24,1122.7276611328125,1134.5710144410016,1096.9509795771023,1123.125780523395,147951
2025-06-25,1107.6995849609375,1160.6461831936672,1098.294637080446,1138.5519543533806,179992
2025-06-26,1170.947021484375,1178.859112988621,1114.6662782163407,1120.587894223772,269408
2025-06-27,1138.0045166015625,1192.2947825494691,1118.9458115508237,1182.7405247834297,187932
2025-06-30,1170.4990234375,1181.546137503672,1143.577916804281,1145.618081176313,154029
2025-07-01,1145.5185546875,1203.2423393720137,1133.6752021527104,1184.3328236995003,180758
2025-07-02,1106.9033203125,1161.940013666783,1099.638158002659,1154.4757309237416,141950
2025-07-03,1132.9786376953125,1136.7604681143905,1101.7281491839872,1106.9033367001905,102160
2025-07-04,1146.5137939453125,1158.556145434617,1137.6561543991556,1149.001888116201,51015
2025-07-07,1107.6995849609375,1148.0067127155808,1099.8371826566802,1148.0067127155808,68948
2025-07-08,1109.3914794921875,1134.471543870114,1091.7758197831668,1107.7991233782675,76425
2025-07-09,1117.2537841796875,1132.5804685973408,1109.7895016537825,1124.0214489320977,45742
2025-07-10,1129.7938232421875,1137.855346051665,1111.6805451398873,1118.6472092544614,84383
2025-07-11,1142.134765625,1153.9781186088196,1129.7937937888264,1139.547171890555,74572
2025-07-14,1143.3291015625,1164.4280918970096,1118.0500400560006,1159.252904528613,101525
2025-07-15,1145.219970703125,1153.3809927216084,1133.5757382299794,1143.3291162677597,37984
2025-07-16,1134.6705322265625,1145.1205285808348,1129.694343486433,1140.542459237712,38898
2025-07-17,1147.6085205078125,1195.2804286805429,1124.6185548784458,1124.6185548784458,215084
2025-07-18,1139.9453125,1151.8881651789127,1124.7181267387946,1147.608594373377,42756
2025-07-21,1138.5518798828125,1139.945236900743,1115.6614137662875,1124.6185526814495,54801
2025-07-22,1136.0638427734375,1143.3291266316185,1128.599559969407,1132.8791307059755,72453
2025-07-23,1135.4666748046875,1147.5090262375734,1129.5947482911065,1136.0637931051083,58047
2025-07-24,1084.80908203125,1144.5233434274655,1026.090058324971,1135.4667047468347,333385
2025-07-25,1032.4595947265625,1065.8995565155292,1006.185295646312,1065.8995565155292,201180
2025-07-28,1035.4453125,1064.9043236989228,996.3324228564028,1020.118627842426,89855
2025-07-29,1067.491943359375,1071.8710135808062,1027.6824349626877,1034.051980603953,82835
2025-07-30,1106.704345703125,1125.5143629269903,1056.0467214086664,1059.928172818191,126298
2025-07-31,1096.6524658203125,1128.5995722720154,1035.743844582086,1084.7096132036777,208398
2025-08-01,1083.8138427734375,1117.9505440844812,1043.0090975450528,1090.1833882776143,128917
2025-08-04,1142.5328369140625,1145.518549902514,1074.856675842498,1074.856675842498,144349
2025-08-05,1190.9013671875,1198.2661502158571,1145.8171737978453,1149.4000050987029,202763
2025-08-06,1149.4000244140625,1248.0280545032465,1134.570958639315,1204.237596450501,183236
2025-08-07,1039.0999755859375,1220.699951171875,1034.5,1209.9000244140625,452799
2025-08-08,992.0,1040.0999755859375,954.0999755859376,1039.0999755859375,445777
2025-08-11,1043.300048828125,1071.800048828125,990.0,992.2000122070312,314402
2025-08-12,1023.5999755859376,1062.4000244140625,1007.5,1056.0,114614
2025-08-13,1012.0,1044.300048828125,1008.0,1026.199951171875,81515
2025-08-14,1004.7000122070312,1050.300048828125,999.9000244140624,1014.0,77006
2025-08-18,1100.300048828125,1105.0999755859375,1027.0999755859375,1059.199951171875,255521
2025-08-19,1134.300048828125,1145.0,1070.0999755859375,1085.0999755859375,176502
2025-08-20,1162.300048828125,1183.0,1145.0,1150.800048828125,177738
2025-08-21,1142.4000244140625,1177.199951171875,1113.5999755859375,1162.4000244140625,127098
2025-08-22,1142.199951171875,1164.0,1132.199951171875,1136.5999755859375,100534
2025-08-25,1139.0,1165.0999755859375,1120.0999755859375,1165.0,89196
2025-08-26,1136.800048828125,1205.0,1088.199951171875,1139.9000244140625,1008563
2025-08-28,1119.4000244140625,1136.699951171875,1106.0,1125.0,71734
2025-08-29,1174.699951171875,1200.0,1102.0999755859375,1122.0,241450
2025-09-01,1240.9000244140625,1250.0,1180.5,1180.5,285698
2025-09-02,1126.300048828125,1250.5,1116.9000244140625,1246.0999755859375,280597
2025-09-03,1048.0,1143.0999755859375,1040.0999755859375,1132.0,329883
2025-09-04,1059.300048828125,1128.5999755859375,1050.0,1092.5999755859375,222520
2025-09-05,1068.699951171875,1094.4000244140625,1024.5999755859375,1065.4000244140625,165046
2025-09-08,1147.5999755859375,1175.5,1056.800048828125,1074.9000244140625,247899
2025-09-09,1139.0,1158.0,1128.0999755859375,1146.0,64448
2025-09-10,1115.800048828125,1154.800048828125,1103.9000244140625,1150.0,68465
2025-09-11,1072.0999755859375,1119.699951171875,1061.0999755859375,1115.800048828125,148715
2025-09-12,1093.300048828125,1110.0,1064.0999755859375,1080.0,85037
2025-09-15,1103.699951171875,1115.699951171875,1082.0,1082.0,62772
2025-09-16,1089.5999755859375,1110.0,1084.9000244140625,1110.0,48720
2025-09-17,1112.9000244140625,1124.0,1083.199951171875,1089.5999755859375,75245
2025-09-18,1109.4000244140625,1154.9000244140625,1101.699951171875,1122.0,121336
2025-09-19,1117.5999755859375,1122.0,1094.800048828125,1106.0,48554
2025-09-22,1102.699951171875,1140.0,1097.0,1117.5999755859375,63435
2025-09-23,1176.4000244140625,1196.0,1102.800048828125,1102.800048828125,436602
2025-09-24,1258.4000244140625,1294.0,1176.4000244140625,1193.0,1301397
2025-09-25,1280.0999755859375,1290.699951171875,1232.5999755859375,1260.0,392187
2025-09-26,1298.5,1320.9000244140625,1260.0,1285.0,422628
2025-09-29,1322.699951171875,1337.9000244140625,1260.0,1324.5,718423
2025-09-30,1249.800048828125,1320.0,1236.5,1320.0,311525
2025-10-01,1318.0999755859375,1330.0,1223.0999755859375,1252.199951171875,255949
2025-10-03,1302.5999755859375,1336.5,1291.0,1336.5,162095
2025-10-06,1264.699951171875,1319.0,1252.4000244140625,1319.0,182938
2025-10-07,1258.5999755859375,1303.4000244140625,1233.0999755859375,1275.199951171875,178417
2025-10-08,1233.9000244140625,1287.300048828125,1226.4000244140625,1251.0,150665
2025-10-09,1190.9000244140625,1239.0,1185.0,1233.9000244140625,163422
2025-10-10,1163.0,1204.9000244140625,1142.199951171875,1196.800048828125,147275
2025-10-13,1179.5999755859375,1246.9000244140625,1160.0,1169.0,420531
2025-10-14,1139.5999755859375,1201.699951171875,1121.0999755859375,1180.0,149498
2025-10-15,1168.699951171875,1174.0,1125.300048828125,1143.0,186202
2025-10-16,1187.800048828125,1218.0,1164.0,1174.0,224964
2025-10-17,1183.199951171875,1191.699951171875,1155.0,1180.0,93185
2025-10-20,1175.0999755859375,1216.0,1166.5999755859375,1184.0,150907
2025-10-21,1188.0999755859375,1194.800048828125,1173.9000244140625,1175.9000244140625,18938
2025-10-23,1165.800048828125,1197.699951171875,1160.0,1182.0,103153
2025-10-24,1146.5999755859375,1202.699951171875,1136.300048828125,1165.800048828125,139717
2025-10-27,1147.0,1162.9000244140625,1136.0999755859375,1156.9000244140625,66052
2025-10-28,1154.0999755859375,1170.699951171875,1141.300048828125,1156.0,102722
2025-10-29,1155.5999755859375,1167.0999755859375,1150.0,1154.0999755859375,70498
2025-10-30,1135.4000244140625,1155.5999755859375,1131.0,1150.5999755859375,69825
2025-10-31,1127.699951171875,1143.5,1120.0,1135.4000244140625,58528
2025-11-03,1156.300048828125,1162.0,1131.300048828125,1138.0,117816
2025-11-04,1199.199951171875,1224.0,1145.9000244140625,1160.5,365691
2025-11-06,1155.0999755859375,1207.0999755859375,1145.5,1201.4000244140625,163591
2025-11-07,1200.199951171875,1217.5999755859375,1131.4000244140625,1164.199951171875,236822
2025-11-10,1386.300048828125,1424.800048828125,1269.9000244140625,1269.9000244140625,2617712
2025-11-11,1429.5,1467.699951171875,1360.4000244140625,1390.0,1066150
2025-11-12,1424.699951171875,1447.0999755859375,1391.699951171875,1420.0,325175
2025-11-13,1423.5,1460.0,1409.0,1410.0,262007
2025-11-14,1430.4000244140625,1441.9000244140625,1411.0,1417.9000244140625,93428
2025-11-17,1457.300048828125,1480.9000244140625,1411.199951171875,1433.0,283582
2025-11-18,1366.699951171875,1455.800048828125,1356.199951171875,1450.0,252102
2025-11-19,1397.300048828125,1423.800048828125,1368.0,1370.0,215857
2025-11-20,1393.0,1414.4000244140625,1381.0,1397.300048828125,119869
2025-11-21,1334.300048828125,1395.0,1328.0,1393.0,132670
2025-11-24,1412.300048828125,1430.0,1334.300048828125,1339.0,476525
2025-11-25,1473.800048828125,1494.699951171875,1382.4000244140625,1383.5999755859375,558508
2025-11-26,1505.199951171875,1524.0,1461.9000244140625,1472.0,380124
2025-11-27,1499.5,1514.5999755859375,1481.5,1505.199951171875,129785
2025-11-28,1536.300048828125,1542.0,1482.300048828125,1499.9000244140625,266079
2025-12-01,1519.300048828125,1584.0,1485.800048828125,1543.0,350182
2025-12-02,1550.5,1564.0999755859375,1515.699951171875,1519.0999755859375,250889
2025-12-03,1557.0999755859375,1574.4000244140625,1541.0999755859375,1555.300048828125,167053
2025-12-04,1563.300048828125,1573.5,1536.0,1554.0,133975
2025-12-05,1524.800048828125,1561.0,1518.699951171875,1558.0,112399
2025-12-08,1487.9000244140625,1546.0,1477.300048828125,1532.0,235390
2025-12-09,1511.699951171875,1518.0,1415.199951171875,1452.0,265413
2025-12-10,1479.0999755859375,1529.5,1461.699951171875,1511.699951171875,138495
2025-12-11,1477.800048828125,1498.9000244140625,1462.199951171875,1470.0,80073
2025-12-12,1481.300048828125,1484.0999755859375,1452.699951171875,1480.0,82577
2025-12-15,1575.699951171875,1596.0,1498.0999755859375,1500.0,621130
2025-12-16,1498.5999755859375,1574.9000244140625,1468.5,1574.9000244140625,335776
2025-12-17,1445.5,1500.0,1435.0,1500.0,190063
2025-12-18,1451.5,1458.0,1396.199951171875,1450.0,295864
2025-12-19,1542.0,1549.9000244140625,1456.4000244140625,1464.4000244140625,311640
2025-12-22,1584.800048828125,1598.699951171875,1530.300048828125,1563.0,186739
2025-12-23,1574.699951171875,1620.0,1560.0,1580.0999755859375,212730
2025-12-24,1553.0,1575.0999755859375,1546.0,1572.300048828125,69260
2025-12-26,1517.5999755859375,1561.5999755859375,1511.199951171875,1553.0,105274
2025-12-29,1499.699951171875,1520.5999755859375,1480.300048828125,1511.199951171875,87956
2025-12-30,1520.0,1534.800048828125,1477.0,1499.9000244140625,100701
2025-12-31,1544.5,1550.0,1495.199951171875,1520.0,100555
2026-01-01,1616.5999755859375,1650.0,1553.0,1553.0,907914
2026-01-02,1655.4000244140625,1664.800048828125,1587.9000244140625,1620.0999755859375,419036
2026-01-05,1682.0,1703.0999755859375,1644.699951171875,1655.4000244140625,252141
2026-01-06,1670.800048828125,1699.5,1660.0999755859375,1678.0999755859375,117511
2026-01-07,1669.699951171875,1695.0,1633.5999755859375,1660.0,88483
2026-01-08,1583.300048828125,1676.800048828125,1550.0999755859375,1665.0999755859375,180161
2026-01-09,1530.9000244140625,1610.0999755859375,1522.5999755859375,1583.0999755859375,177694
2026-01-12,1511.199951171875,1547.4000244140625,1466.9000244140625,1542.0,182660
2026-01-13,1498.699951171875,1539.0,1467.199951171875,1524.0,173490
2026-01-14,1531.5999755859375,1547.9000244140625,1487.699951171875,1498.699951171875,192247
2026-01-16,1540.800048828125,1557.9000244140625,1510.199951171875,1548.0999755859375,135102
2026-01-19,1479.300048828125,1526.5,1470.0999755859375,1522.4000244140625,94253
2026-01-20,1362.0999755859375,1491.0999755859375,1351.0,1479.300048828125,236068
2026-01-21,1394.4000244140625,1419.4000244140625,1363.0,1368.0,183080
2026-01-22,1388.199951171875,1450.0,1364.0999755859375,1434.800048828125,112154
2026-01-23,1377.5999755859375,1399.800048828125,1353.9000244140625,1399.300048828125,140415
2026-01-27,1355.0,1370.0,1315.0999755859375,1358.0,155680
2026-01-28,1332.800048828125,1390.0,1296.300048828125,1364.300048828125,157952
2026-01-29,1324.800048828125,1361.5,1287.0,1320.0999755859375,126217
2026-01-30,1348.0999755859375,1367.199951171875,1302.0,1315.0,113120
2026-02-02,1373.699951171875,1388.0,1221.199951171875,1270.0,477701
2026-02-03,1471.800048828125,1483.0,1394.0,1427.0,290702
2026-02-04,1528.0,1538.0,1440.0999755859375,1464.0,283700
2026-02-05,1521.0,1548.699951171875,1494.800048828125,1532.4000244140625,119547
2026-02-06,1476.0999755859375,1523.0999755859375,1446.300048828125,1521.0,121034
2026-02-09,1548.4000244140625,1557.300048828125,1476.0999755859375,1476.0999755859375,179268
2026-02-10,1639.0,1687.0999755859375,1520.0999755859375,1550.0,509852
2026-02-11,1732.4000244140625,1755.0,1633.9000244140625,1650.0,753262
2026-02-12,1784.199951171875,1823.9000244140625,1663.4000244140625,1750.0,1359046
2026-02-13,1624.4000244140625,1760.0,1603.0,1760.0,722582
2026-02-16,1651.4000244140625,1740.4000244140625,1614.300048828125,1645.300048828125,615318
2026-02-17,1635.699951171875,1662.4000244140625,1616.5,1662.4000244140625,211645
2026-02-18,1691.0,1703.5,1635.0,1649.9000244140625,282943
2026-02-19,1665.0,1745.0,1660.0,1695.0,250978
2026-02-20,1720.199951171875,1734.699951171875,1660.199951171875,1665.800048828125,267695
2026-02-23,1661.9000244140625,1745.300048828125,1651.0,1745.300048828125,176521
2026-02-24,1672.699951171875,1707.4000244140625,1642.0999755859375,1670.199951171875,293164
2026-02-25,1719.0,1768.0,1681.0999755859375,1685.199951171875,465044
2026-02-26,1748.199951171875,1759.0,1712.199951171875,1730.0,197107
2026-02-27,1757.4000244140625,1812.0,1725.0,1748.199951171875,414359
2026-03-02,1663.9000244140625,1736.5,1640.0,1650.0,342670
2026-03-04,1533.699951171875,1605.0,1525.0,1605.0,418358
2026-03-05,1508.300048828125,1566.9000244140625,1461.0999755859375,1556.9000244140625,383467
2026-03-06,1531.9000244140625,1554.800048828125,1486.0,1510.0,250412
2026-03-09,1476.699951171875,1489.4000244140625,1429.0999755859375,1480.0,458299
2026-03-10,1503.9000244140625,1521.0,1486.5,1510.0,142626
2026-03-11,1470.4000244140625,1525.5999755859375,1451.0999755859375,1521.0,171273
2026-03-12,1392.5,1466.0,1379.9000244140625,1466.0,222556
2026-03-13,1434.0,1450.0,1327.800048828125,1375.0,394662
2026-03-16,1452.4000244140625,1465.800048828125,1394.5,1440.0,233068
2026-03-17,1562.0999755859375,1579.0,1451.0,1472.5999755859375,474423
2026-03-18,1649.199951171875,1663.0,1565.0,1574.9000244140625,377273
2026-03-19,1575.300048828125,1614.9000244140625,1561.0999755859375,1591.5,282496
2026-03-20,1568.0,1620.199951171875,1552.5,1563.199951171875,134099
2026-03-23,1480.4000244140625,1560.199951171875,1465.199951171875,1560.199951171875,146583
2026-03-24,1571.800048828125,1599.0,1520.0,1536.800048828125,263243
2026-03-25,1623.300048828125,1636.0,1569.5,1599.0,174304
2026-03-27,1608.800048828125,1624.0,1587.0,1605.0999755859375,210899
2026-03-30,1522.199951171875,1590.0,1510.0,1559.4000244140625,181922
2026-04-01,1593.5,1623.9000244140625,1566.0,1589.800048828125,139816
2026-04-02,1613.9000244140625,1624.9000244140625,1535.0,1565.0,125149
2026-04-06,1662.199951171875,1760.0,1594.0,1616.9000244140625,539364
2026-04-07,1634.4000244140625,1659.4000244140625,1624.9000244140625,1642.4000244140625,117511
2026-04-08,1691.699951171875,1739.0,1642.0,1736.300048828125,339538
2026-04-09,1725.5999755859375,1755.0,1671.0,1691.699951171875,263409
2026-04-10,1823.300048828125,1848.0,1742.0,1751.0999755859375,685769
2026-04-13,1847.800048828125,1864.9000244140625,1726.0999755859375,1770.0,471581
2026-04-15,1779.300048828125,1898.0,1774.0,1898.0,505678
2026-04-16,1798.5999755859375,1811.199951171875,1731.300048828125,1811.199951171875,346916
2026-04-17,1794.9000244140625,1807.0,1780.0,1800.0,173029
2026-04-20,1795.4000244140625,1810.0999755859373,1750.0,1750.0,225627
2026-04-21,1774.800048828125,1803.199951171875,1766.0,1795.4000244140625,110375
2026-04-22,1794.4000244140625,1839.0,1770.0,1774.800048828125,258551
2026-04-23,1786.199951171875,1808.300048828125,1753.199951171875,1794.4000244140625,126369
2026-04-24,1727.0,1811.9000244140625,1720.800048828125,1800.0,193326
2026-04-27,1747.5999755859375,1760.0,1726.0,1726.0,125806
2026-04-28,1663.199951171875,1757.0,1660.0,1747.5999755859375,234296
2026-04-29,1610.4000244140625,1680.300048828125,1604.0,1674.800048828125,245540
2026-04-30,1621.4000244140625,1645.0,1537.9000244140625,1600.0,361982
2026-05-01,1621.4000244140625,1621.4000244140625,1621.4000244140625,1621.4000244140625,0
2026-05-04,1568.300048828125,1653.5999755859375,1540.0999755859375,1647.9000244140625,411438
2026-05-05,1561.699951171875,1594.5,1553.300048828125,1568.300048828125,159746
2026-05-06,1644.199951171875,1648.4000244140625,1571.5,1575.0,288796
2026-05-07,1707.300048828125,1719.0,1653.800048828125,1669.699951171875,524275
2026-05-08,1736.0999755859375,1759.699951171875,1700.0,1707.300048828125,210446
2026-05-11,1705.0,1765.5,1696.800048828125,1736.0999755859375,170731
2026-05-12,1640.0,1700.0,1630.199951171875,1690.9000244140625,122213
2026-05-13,1649.0,1719.4000244140625,1633.0,1633.0,119632
2026-05-14,1636.9000244140625,1683.9000244140625,1592.0999755859375,1662.199951171875,148815
2026-05-15,1636.0999755859375,1669.5,1612.0999755859375,1630.0,85373
2026-05-18,1629.199951171875,1648.699951171875,1554.0999755859375,1600.0,275063
2026-05-19,1626.0999755859375,1634.9000244140625,1594.5,1603.4000244140625,109310
2026-05-20,1649.800048828125,1659.9000244140625,1588.800048828125,1617.0,100431
2026-05-21,1629.5999755859375,1672.699951171875,1613.0999755859375,1672.699951171875,85426
2026-05-22,1624.9000244140625,1656.699951171875,1607.800048828125,1656.699951171875,137291
2026-05-25,1591.0,1655.699951171875,1588.0,1624.9000244140625,181101
2026-05-26,1619.300048828125,1660.9000244140625,1591.0,1591.0,142396
2026-05-27,1668.0999755859375,1675.0,1623.699951171875,1623.699951171875,187867
2026-05-28,1668.0999755859375,1668.0999755859375,1668.0999755859375,1668.0999755859375,0
2026-05-29,1724.800048828125,1746.0,1668.0999755859375,1668.4000244140625,572256
2026-06-01,1761.199951171875,1803.0,1669.199951171875,1750.0,675840
2026-06-02,1746.800048828125,1755.0,1675.0,1740.0,273298
2026-06-03,1771.9000244140625,1782.4000244140625,1691.300048828125,1746.800048828125,193931
2026-06-04,1691.9000244140625,1779.9000244140625,1687.300048828125,1779.9000244140625,244778
2026-06-05,1664.4000244140625,1711.0999755859375,1638.0999755859375,1711.0999755859375,209930
2026-06-08,1609.0,1652.0999755859375,1608.0,1626.0,106626
2026-06-09,1643.4000244140625,1660.0,1591.4000244140625,1609.0,145541
2026-06-10,1612.800048828125,1657.0,1605.699951171875,1645.0,86418
2026-06-11,1603.5,1614.0,1578.0,1606.800048828125,91928
2026-06-12,1634.0,1679.0,1614.199951171875,1636.0,113803
2026-06-15,1679.9000244140625,1714.0,1614.199951171875,1625.0,165436
2026-06-16,1615.0999755859375,1689.9000244140625,1604.0999755859375,1680.199951171875,183968
2026-06-17,1652.5,1661.4000244140625,1615.199951171875,1632.699951171875,127549
2026-06-18,1672.4000244140625,1685.0,1641.0999755859375,1669.0,101230
2026-06-19,1646.4000244140625,1672.0,1636.0,1670.0,70642
2026-06-22,1652.800048828125,1669.5,1631.0,1645.0,89106
2026-06-23,1597.4000244140625,1653.699951171875,1590.0999755859375,1652.800048828125,175266
2026-06-24,1504.5999755859375,1597.4000244140625,1497.0,1597.0999755859375,339191
2026-06-25,1548.9000244140625,1574.0,1506.5,1518.699951171875,349016
2026-06-26,1548.9000244140625,1548.9000244140625,1548.9000244140625,1548.9000244140625,0
2026-06-29,1503.199951171875,1545.300048828125,1497.300048828125,1545.0,129314
2026-06-30,1533.5999755859375,1557.800048828125,1507.4000244140625,1508.699951171875,147520
2026-07-01,1526.199951171875,1575.5999755859375,1522.5,1537.0,105139
2026-07-02,1522.800048828125,1540.0,1502.4000244140625,1533.699951171875,175536
2026-07-03,1524.5,1540.0,1512.0,1523.0999755859375,63627
2026-07-06,1516.300048828125,1534.0,1509.5999755859375,1518.5999755859375,69339
2026-07-07,1492.0999755859375,1530.699951171875,1480.0,1517.9000244140625,91752
2026-07-08,1448.199951171875,1512.800048828125,1428.199951171875,1494.9000244140625,178980
2026-07-09,1495.4000244140625,1503.4000244140625,1451.0999755859375,1455.800048828125,99019
2026-07-10,1491.0,1508.0999755859375,1485.0,1508.0999755859375,80635
2026-07-13,1461.800048828125,1492.9000244140625,1450.0,1485.0,116922
2026-07-14,1492.4000244140625,1510.0,1428.0,1468.0,166683
2026-07-15,1462.5999755859375,1495.800048828125,1458.300048828125,1488.0999755859375,95927
2026-07-16,1458.9000244140625,1469.9000244140625,1451.0,1464.800048828125,67628
2026-07-17,1419.5999755859375,1461.5999755859375,1384.4000244140625,1456.0,299513
2026-07-20,1456.199951171875,1464.699951171875,1410.0,1410.0,98702
2026-07-21,1462.5999755859375,1469.800048828125,1432.9000244140625,1452.5999755859375,82699
2026-07-22,1475.300048828125,1506.800048828125,1449.0,1456.5,106724
2026-07-23,1474.5,1514.0999755859375,1446.800048828125,1462.300048828125,125427
2026-07-24,1465.800048828125,1472.5,1430.0,1462.5,80809
2026-07-27,1493.9000244140625,1524.800048828125,1465.800048828125,1465.800048828125,106677
2026-07-28,1489.300048828125,1503.9000244140625,1472.0999755859375,1495.0999755859375,62109
2026-07-29,1501.5999755859375,1514.0,1482.199951171875,1484.199951171875,76830
2026-07-30,1516.5,1521.0,1483.9000244140625,1504.300048828125,98595
2026-07-31,1568.300048828125,1601.9000244140625,1519.300048828125,1530.5999755859375,246792
2026-08-03,1625.699951171875,1652.0,1579.0,1579.0,308949
2026-08-04,1634.300048828125,1645.699951171875,1590.5,1626.300048828125,142707
2026-08-05,1697.9000244140625,1706.800048828125,1627.699951171875,1638.4000244140625,301902
