Date,Close,High,Low,Open,Volume
2021-11-15,507.3568115234375,547.9294324986719,502.78243995576105,538.9795869587662,5443649
2021-11-16,505.6662292480469,532.4660543235991,499.7991148601968,514.01944197381,1376334
2021-11-17,512.1796875,526.9469669800893,507.2075517885253,508.64948328385617,754426
2021-11-18,467.0327453613281,516.4557607866176,462.4086647830003,514.1188810598089,698455
2021-11-22,437.6971435546875,471.2093536769594,416.7147227241484,467.0327471305448,731185
2021-11-23,451.2213745117188,462.6075789111295,431.5814358966081,436.354674661529,216371
2021-11-24,489.4073486328125,535.9962698050341,453.70741762253584,459.52482290977343,1195517
2021-11-25,507.7048034667969,515.8591187846622,478.6675469408218,495.2247540332757,527490
2021-11-26,465.1433410644531,501.0918796865169,462.40866615707256,501.0918796865169,481602
2021-11-29,446.39837646484375,473.8942832424672,437.94574502901855,470.3640787229797,227492
2021-11-30,432.8741760253906,453.85659737233095,427.8026212552989,447.49226895009855,239039
2021-12-01,438.8407287597656,445.4536941820681,429.5925675691562,432.8741653213051,131342
2021-12-02,441.724609375,443.4151175404261,437.548002665101,438.5424299438853,85250
2021-12-03,439.4373779296875,453.11075206408185,436.5535450908445,445.50338997881175,140677
2021-12-06,437.9954833984375,447.4922512583608,435.8574405866392,447.4922512583608,141403
2021-12-07,426.8578796386719,444.2106465818572,423.6259912080937,438.64184813966665,105284
2021-12-08,423.1784973144531,438.5424102196563,421.6371472406673,430.5869923471909,102373
2021-12-09,418.5047302246094,426.6093065523128,412.6873245203026,426.6093065523128,154383
2021-12-10,420.7918701171875,432.3769411068251,412.7370036031334,412.7370036031334,316174
2021-12-13,417.9080505371094,428.1506390418461,415.67058923143776,420.79188348380615,96128
2021-12-14,404.2843933105469,422.38298171122136,402.9916500022895,415.72030688248105,245085
2021-12-15,395.2351379394531,413.0353803334757,389.31828343408085,408.70961555915,211813
2021-12-16,400.65472412109375,410.6487359717333,396.0306435800566,397.77089122918426,109676
2021-12-17,383.1030883789063,406.7207349694294,377.8823454483696,406.7207349694294,129960
2021-12-20,366.6453552246094,372.9102350341785,357.19829593707686,372.9102350341785,277064
2021-12-21,366.4464416503906,378.3795686512175,363.463159900184,377.882355026183,127077
2021-12-22,363.5128479003906,375.54542299321815,361.9714978917784,363.5128479003906,82759
2021-12-23,359.43572998046875,369.6286089620015,357.64574278008365,364.6564728734489,99003
2021-12-24,349.9886779785156,364.9547957468409,346.25957584213785,359.43573672400606,163720
2021-12-27,338.701904296875,349.0439409213388,337.6080283270499,349.0439409213388,130964
2021-12-28,359.63458251953125,373.8051697928445,339.9946457723077,343.77348725369666,226195
2021-12-29,380.4678955078125,401.7486339076769,358.2921482494502,363.4631824090493,507436
2021-12-30,373.6560363769531,381.8600611277445,364.5570331773958,379.8712066427042,147291
2021-12-31,380.0203857421875,389.81550069392256,371.3191468874125,380.3684413658811,226116
2022-01-03,380.9153442382813,387.62772814520383,374.4018579194572,380.0701053576407,96786
2022-01-04,364.9548034667969,385.5891690579032,361.9715216945887,378.9264942943004,142163
2022-01-05,356.9496765136719,367.9380855791249,354.463608367867,365.0542525994936,96423
2022-01-06,358.5904541015625,372.91019970056215,353.02165571653217,353.02165571653217,214544
2022-01-07,368.5347290039063,372.8107538552367,359.83349094217925,359.9826489537354,179570
2022-01-10,403.2402648925781,404.7319058231302,364.3581519000182,371.9158053509845,471680
2022-01-11,401.5,414.57671219675166,393.99208644241,403.339696471979,190304
2022-01-12,400.1078186035156,407.71518115806,386.533892422268,402.842493599088,180958
2022-01-13,401.5496826171875,419.4991114010997,393.3456583929711,400.1077814165882,180418
2022-01-14,420.7918701171875,422.6315665351366,398.5167065622494,404.7318766583544,237880
2022-01-17,445.5531005859375,457.53596670948775,426.8081719014076,427.4048039511195,499300
2022-01-18,426.2611999511719,464.3974879544024,421.73656847091945,454.45321626373,255516
2022-01-19,450.1772155761719,457.4365221583768,417.5599844833292,426.6092782737905,207883
2022-01-20,436.75244140625,453.4588063430423,432.57583499829695,452.2654815557672,105728
2022-01-21,426.3606872558594,442.2218141744114,417.7588975358265,435.5094301767973,113775
2022-01-24,397.5222778320313,426.3606669680635,388.3735353464239,426.3606669680635,120209
2022-01-25,390.7104187011719,406.6709925665088,378.9264509784952,390.8098674850463,123626
2022-01-27,396.57757568359375,416.3667022626803,380.71647923369926,387.8266280110665,190148
2022-01-28,393.64404296875,408.5604520971792,390.809919164846,403.339708902229,85288
2022-01-31,395.2351379394531,399.5608723662663,384.79365141056974,397.77091538603406,74597
2022-02-01,394.1412353515625,401.6988883052419,387.826616424886,396.7764614193064,30327
2022-02-02,408.7593078613281,417.1622302399696,395.1853820052628,395.1853820052628,140190
2022-02-03,403.389404296875,413.1348094685037,399.06363972843593,409.7040233475839,50655
2022-02-04,399.5608215332031,406.91960680965286,398.5663943712514,404.2346413333797,36963
2022-02-07,392.20208740234375,404.5329787949383,382.8544776538049,399.5608427215122,46132
2022-02-08,388.3238220214844,400.953059614196,382.854472415548,392.7987444263414,81705
2022-02-09,399.5608215332031,406.07433765249215,378.8767487036105,379.87117586556224,193523
2022-02-10,386.782470703125,404.5329719049207,383.948347120041,399.7597334947337,58551
2022-02-11,380.9153442382813,389.3182666015073,377.88235327860224,387.52830969866574,59704
2022-02-14,366.2475280761719,377.88233853317087,360.13180682467646,377.88233853317087,79739
2022-02-15,371.16998291015625,374.9487944417705,359.8335179678013,365.94923968101136,85698
2022-02-16,383.8986206054688,397.7708926247616,373.8549298447021,374.7001687135212,156385
2022-02-17,389.5668640136719,391.1082140679573,380.6667282424472,382.85448026870114,48864
2022-02-18,384.7438659667969,387.82659626300455,381.21366165263714,383.848887583384,26284
2022-02-21,380.0203857421875,386.633321202314,375.8935185262825,386.633321202314,46267
2022-02-22,377.58404541015625,380.368429618687,358.1927137041056,372.9102251163598,72832
2022-02-23,382.30755615234375,386.23552545548455,377.584026866186,377.584026866186,41866
2022-02-24,358.6401672363281,382.00920667258765,355.0602232106331,362.9659316695633,106190
2022-02-25,376.0923767089844,378.2303891054409,362.9659256161896,372.9101975508797,50176
2022-02-28,367.6398010253906,376.1421426731813,363.9604077154907,363.9604077154907,41092
2022-03-02,366.9436645507813,369.678339557596,363.5626178845854,366.9436645507813,51878
2022-03-03,367.98779296875,376.88792902537216,365.9492292383561,371.9157927585467,40212
2022-03-04,368.9324951171875,369.72802474663024,360.6290218395224,367.938067906629,20864
2022-03-07,353.7177734375,365.3525536748538,353.12111103744104,359.9826527693436,29505
2022-03-08,352.8724975585937,365.4519955537304,349.49145115222444,357.99379156283794,40375
2022-03-09,362.2698364257813,364.1592724860388,352.1764058690618,353.0216751043068,35497
2022-03-10,366.49615478515625,370.6727614190231,363.01565937277104,369.8274921779416,74261
2022-03-11,362.8664855957031,372.9102065619401,358.5904606994637,363.9603616044535,75508
2022-03-14,355.01055908203125,371.9158238002232,353.27031124339385,362.9659777729451,42675
2022-03-15,347.8009033203125,357.993781830772,346.11036498933026,357.993781830772,50298
2022-03-16,346.4087219238281,355.10995994227324,345.5634527325344,352.0272295462364,41228
2022-03-17,356.9993896484375,359.98267145608463,349.04397149471185,349.04397149471185,96098
2022-03-21,357.39715576171875,358.68992942481856,350.4361648523739,350.4361648523739,77117
2022-03-22,364.3084411621094,371.9158038068377,356.8502365403145,358.9882491290599,76938
2022-03-23,354.41387939453125,370.9213784458041,350.1875634202828,370.9213784458041,47396
2022-03-24,349.789794921875,357.99381996268653,347.1545687055409,350.6350641774004,130039
2022-03-25,355.4082946777344,359.734059304177,349.143415113584,351.8283504921435,140634
2022-03-28,374.1532287597656,380.46784746082767,361.9714957303779,363.86090131441375,273010
2022-03-29,390.9093627929688,397.7211956077159,377.93206881432377,379.57289807476434,196508
2022-03-30,404.8810424804688,409.7040206375734,388.8210487118719,397.3233894283317,142896
2022-03-31,406.8699035644531,425.0182008901765,388.7216062387298,407.71517279707126,169906
2022-04-01,412.4386901855469,420.0460523617818,406.8698916747209,416.665005877623,64915
2022-04-04,415.7700500488281,422.6813014065881,411.7426013736472,416.6650285274754,131275
2022-04-05,422.333251953125,427.4048064908738,412.6872957919947,422.6315679797536,126506
2022-04-06,440.083740234375,444.9067181692274,417.6594192674705,417.6594192674705,153155
2022-04-07,423.5763244628906,445.4039856897843,422.7310551806276,441.6251740540959,96412
2022-04-08,433.4708251953125,437.54798292387807,426.4103857649932,427.603710584699,57858
2022-04-11,437.0010681152344,441.5256999737082,433.02335910646224,441.5256999737082,77208
2022-04-12,427.6036987304688,436.9513084006561,425.6645535390824,436.9513084006561,46646
2022-04-13,433.6199951171875,443.6140073009834,430.7859017007119,431.5814313706855,115212
2022-04-18,436.7026977539063,445.4536753012393,432.6752797426544,434.3657877700584,73752
2022-04-19,427.7031555175781,452.464387349162,420.0460537465112,452.464387349162,107091
2022-04-20,438.8904418945313,443.5145222113133,430.636678093304,430.636678093304,70293
2022-04-21,438.6915588378906,447.989459346663,433.52055554006455,437.547973612723,90208
2022-04-22,449.2325134277344,452.4644020135454,433.3216773129723,435.0619250130245,134637
2022-04-25,425.0181884765625,445.40394652100406,412.7867457889017,445.40394652100406,136333
2022-04-26,444.7078552246094,447.5916880302154,430.13947249131513,430.13947249131513,86701
2022-04-27,439.5368347167969,447.4922525397253,433.6697201418893,437.6474290533535,46291
2022-04-28,428.9959106445313,447.6414216282775,425.6645732792664,447.4922636099098,46609
2022-04-29,424.22265625,441.4759745103873,420.69242142606777,441.4759745103873,52273
2022-05-02,425.0679321289063,429.5925638920053,415.6705826547644,415.6705826547644,23520
2022-05-04,409.5548706054688,425.2170998550535,406.7207468622321,418.70358313322726,33919
2022-05-05,402.6435852050781,417.6097334424374,398.7653250212564,415.7202973999887,27312
2022-05-06,385.6886291503906,400.9033544953037,378.9762449663092,397.7709146122348,70589
2022-05-09,386.5835876464844,394.3401079412873,377.8823493393288,382.9041947375971,50821
2022-05-10,391.6054382324219,395.7323355907798,382.9041998099994,382.9041998099994,69106
2022-05-11,380.81591796875,397.96978760072057,374.9985126327536,387.8266177662903,45600
2022-05-12,377.7331848144531,386.8321877893536,368.98220708783305,372.9102067378088,36191
2022-05-13,373.6560363769531,385.8377700978252,372.9599251681846,381.412556729606,34367
2022-05-16,377.7828979492188,385.7880553452764,372.9599198226206,373.407424214345,25083
2022-05-17,388.522705078125,392.0032001518054,379.6722790413308,381.5119753640636,17592
2022-05-18,385.1913757324219,397.7211643183889,382.9041750010695,394.3400876153036,15852
2022-05-19,377.4348449707031,380.61702426225935,372.95992241242703,377.8823493655351,22989
2022-05-20,383.6997375488281,386.18580552523946,378.4292552303304,378.4292552303304,9524
2022-05-23,392.1026611328125,399.7597632646984,380.1198246465944,381.5120167576158,16208
2022-05-24,398.3675537109375,404.8313306946353,389.9149222707173,395.8814856402845,29591
2022-05-25,379.4237060546875,399.3122511048089,374.9487834184101,395.9809440869227,21019
2022-05-26,375.6448974609375,379.9209225398866,370.9710771999834,379.9209225398866,53946
2022-05-27,417.55999755859375,421.5874461426514,371.7168951155377,379.3242878806984,148198
2022-05-30,421.5377197265625,427.4048346341697,407.8643445680442,426.6093049457699,68211
2022-05-31,436.8518676757813,453.5085236896616,413.9303322852366,419.64828882731496,238727
2022-06-01,443.0173645019531,472.2535212076636,434.8630484596572,441.2274074914555,302355
2022-06-02,456.7404174804688,465.3919465750346,441.52569290452,447.4425470993395,126292
2022-06-03,460.5689392089844,482.0982814397724,449.2821847233953,462.8064003487373,251335
2022-06-06,446.6470031738281,465.441672546158,444.5089906084131,461.4142542333416,76877
2022-06-07,448.2877807617188,453.3593656772583,441.6251365646464,441.7245853566199,36660
2022-06-08,474.8390197753906,489.7057195492479,444.65814616623777,452.4146970537984,326227
2022-06-09,495.2744445800781,497.2135897189858,474.8389781816315,487.7665315143251,322652
2022-06-10,483.2916564941406,495.1253350178075,473.5959905459557,485.2805110476145,200321
2022-06-13,453.5085144042969,473.69540486108485,449.0833315534504,472.3529220657119,81757
2022-06-14,474.5406799316406,488.2140541607872,445.5033930660125,445.5033930660125,188846
2022-06-15,473.0490417480469,507.1578833311158,465.4416492200718,476.72840426174673,261691
2022-06-16,447.4425659179688,484.1866356350815,442.1223739106567,472.3529570952503,119386
2022-06-17,441.5256652832031,453.9062957392695,422.8304465498549,447.4425191078713,125370
2022-06-20,434.7138366699219,450.8235691620736,427.6036883860281,443.017309711571,102385
2022-06-21,451.32080078125,456.4420949051279,435.1613584234976,441.52568657489496,58586
2022-06-22,448.3375244140625,454.8510106562423,446.1000631380832,451.5694129238104,30789
2022-06-23,467.6791076660156,472.3529277214212,445.553102104328,447.6414053279669,94143
2022-06-24,470.9607238769531,482.0982902111912,467.38077991871216,469.369634301345,115693
2022-06-27,469.2204895019531,482.29720136640617,466.38636585741136,477.2753560478838,43613
2022-06-28,483.5899353027344,488.2637552825283,472.35292007983895,476.2809196595068,138425
2022-06-29,472.1540222167969,495.1750361648485,467.1321769979727,475.33620139442456,134737
2022-06-30,475.4356689453125,488.7609878758853,469.5188147353793,476.0323313581016,101632
2022-07-01,462.6075744628906,474.242355220827,457.58569858083325,471.3585222302708,41998
2022-07-04,454.85101318359375,469.27020815335743,450.57498819363377,466.8835888485539,48243
2022-07-05,462.1600341796875,469.2701824821808,451.4699419420724,451.4699419420724,74264
2022-07-06,456.6409912109375,467.0824770128872,452.4643847511535,453.4588119703868,38973
2022-07-07,447.4425659179688,462.9058979533452,443.6140148277996,462.9058979533452,187237
2022-07-08,447.392822265625,459.7237143320541,445.0062028894632,448.4866983310568,98252
2022-07-11,452.2157897949219,471.3585142667245,445.6028546832559,454.4532510968209,104458
2022-07-12,451.2213745117188,459.0276346636829,445.5034176997245,456.4421176878874,103035
2022-07-13,444.1112060546875,455.4476703833742,440.630710756998,452.46438869964027,160402
2022-07-14,441.0781555175781,448.7352568031393,439.6362543413419,447.3927740650852,131785
2022-07-15,432.6752624511719,449.3816265640924,422.5818328684696,443.2161963939112,191711
2022-07-18,437.6474304199219,440.73016090543473,431.63112746403976,432.5758454724667,62912
2022-07-19,441.9731750488281,453.3593481223959,433.8188599829247,440.5312434898239,100320
2022-07-20,456.3426208496094,465.3919141384703,448.48665230010704,448.586101086305,110267
2022-07-21,451.6688537597656,464.596407571016,449.4811017450115,457.3868102532033,36892
2022-07-22,448.73529052734375,456.59125962718457,447.4922564815616,455.4476743745672,21102
2022-07-25,449.5307922363281,457.9834232222596,446.10003669172016,448.5861046287589,22556
2022-07-26,445.6028442382813,450.47553155647614,439.0396185037179,449.4811043344972,28847
2022-07-27,442.7190246582031,448.6358485981447,441.2770930040305,444.5089815725107,22311
2022-07-28,446.4481201171875,455.4476744715623,442.719017979047,442.719017979047,44263
2022-07-29,443.21624755859375,455.4476908731697,440.7301793769717,447.5917214887463,45160
2022-08-01,446.7464294433594,461.7622865637123,442.5201137502391,443.51454097214975,131744
2022-08-02,447.9397583007813,455.4476717551201,446.39837788437,449.38165957708907,42057
2022-08-03,450.47552490234375,459.3259209777223,444.9564660408886,447.9397476627584,70720
2022-08-04,434.0177917480469,459.87290062612016,423.8249122864987,450.4755508372004,105399
2022-08-05,439.1887817382813,454.1549298154782,436.55355563821337,439.53683733961344,201513
2022-08-08,437.3490905761719,445.4039573368813,433.5702791810297,439.2385266212541,155241
2022-08-10,436.50384521484375,445.4039507243662,434.0674863597311,443.4150962622368,55559
2022-08-11,442.5201110839844,446.4481107258688,437.1999194093153,437.54797500438906,77978
2022-08-12,476.1317443847656,481.3027781067348,442.5201162344979,442.5201162344979,320786
2022-08-16,464.7952880859375,486.2252134169297,462.9555916138089,480.9547308117096,96419
2022-08-17,487.46826171875,493.4348253610969,462.9556051434317,469.0713571548469,219878
2022-08-18,478.0211791992188,496.91529647432606,473.1982010884393,487.2693402527671,98218
2022-08-19,464.2483825683594,485.3302227335818,463.9500361753181,481.3028043813789,44245
2022-08-22,455.4476623535156,465.3422252357893,453.2599103516781,464.2483492348705,35395
2022-08-23,456.7901306152344,464.4472016828847,452.5140755382264,453.45879349701545,37155
2022-08-24,464.8947448730469,476.3306583832929,453.5085405868842,456.7901687592009,41763
2022-08-25,486.9710083007813,490.99842629135713,465.3919260847699,465.3919260847699,325203
2022-08-26,486.3743591308594,507.15788194907424,483.2916286808825,497.2136097539944,353012
2022-08-29,476.4797973632813,492.68897929077815,467.828298740179,470.364076017336,130387
2022-08-30,479.4631042480469,487.0704668271585,475.3362371290855,483.2916553237145,74857
2022-09-01,489.45709228515625,493.23590360116094,477.3250680011235,480.010033647634,132983
2022-09-02,518.6932373046875,535.9962959989908,493.1364747948753,493.1364747948753,826687
2022-09-05,524.6597900390625,547.6808050324622,520.085448991335,538.9795666411159,317696
2022-09-06,506.36236572265625,529.8308244465605,502.7326819973175,528.8363972007168,228885
2022-09-07,501.3902587890625,514.3675229665652,498.1086304775298,505.914890883016,97483
2022-09-08,501.9371337890625,517.1021487277117,499.20245896406016,517.1021487277117,120638
2022-09-09,487.3687744140625,505.169015137802,483.4407748542037,505.169015137802,126162
2022-09-12,476.5792541503906,492.14203436665497,474.3417928632996,484.2860652503709,154234
2022-09-13,475.0876159667969,489.6062598031546,473.3473682892628,480.5072565872645,108999
2022-09-14,473.0490417480469,482.4961003591167,468.4249308867254,470.4635249007783,70448
2022-09-15,473.595947265625,479.3139035843176,469.3696317257218,473.3473404691601,87880
2022-09-16,457.1382141113281,476.7781520903436,452.4643939469378,475.13732286725246,108855
2022-09-19,461.9114379882813,466.3863604230439,452.4643795148934,461.8119891980068,67686
2022-09-20,449.5307922363281,469.3199172931632,444.0117335551059,464.3974906388229,149732
2022-09-21,451.7185668945313,455.2487714037947,447.4922511888588,449.92861002878,91570
2022-09-22,441.8240051269531,454.4532430577144,438.542407414556,449.4811069192274,74624
2022-09-23,431.0841979980469,445.5033926254325,427.95175833815136,442.5201109783872,83324
2022-09-26,418.7035827636719,428.5484368470165,407.7151737563172,425.7143131062813,173573
2022-09-27,426.4103698730469,430.78587381722303,409.20679150643394,421.9851870555414,91929
2022-09-28,422.5818786621094,428.3495446636718,416.1678106598877,426.7087457449094,69312
2022-09-29,418.95220947265625,428.9462220490661,412.6873296198421,427.2556834995701,85110
2022-09-30,428.6975708007813,435.26079637208426,414.9744572703277,419.001905627666,69936
2022-10-03,440.1832275390625,451.46998318827167,425.8634808378356,427.3054125266708,156003
2022-10-04,448.6855773925781,452.4643887198053,439.6362835486799,445.3045005395206,48668
2022-10-06,447.9894714355469,453.11076564993607,446.49783057616105,453.11076564993607,27688
2022-10-07,446.6470031738281,456.2432202796528,445.0062042444404,448.8347553113531,51050
2022-10-10,443.21624755859375,450.2766569163909,438.04521360181496,438.04521360181496,31489
2022-10-11,427.8026123046875,446.4978323440067,423.2282409149572,446.4978323440067,47725
2022-10-12,420.7421569824219,434.4652402879896,418.0074821655688,427.6036986352057,160374
2022-10-13,427.10650634765625,433.42112549121583,419.6980111532616,420.7421779803134,42018
2022-10-14,431.6808776855469,437.3490948334359,424.9187541395853,433.0730697737559,37296
2022-10-17,425.3165588378906,431.97920339039,422.6315930489279,430.4378532488634,38193
2022-10-18,427.2556457519531,434.4652430420859,422.9298813083714,422.9298813083714,53010
2022-10-19,437.05078125,447.2933699002445,420.6427314419796,420.6427314419796,105199
2022-10-20,435.26080322265625,444.5089641635653,432.5758376088387,439.5368280990958,37765
2022-10-21,426.8578796386719,443.5145353962672,423.5265424176508,442.52010818685847,72976
2022-10-24,441.42626953125,444.509000210715,432.6753214871358,437.4485603571049,24627
2022-10-25,439.7854309082031,449.4810961458628,433.2719448619075,434.5646880879248,36592
2022-10-27,430.4378356933594,450.47553845352274,427.75287001390353,442.5201205558888,57045
2022-10-28,438.2937927246094,442.4703991448235,427.6037002191311,434.6641394782978,33204
2022-10-31,444.1609497070313,447.3928384482688,439.6363176083039,442.5201507232902,90290
2022-11-01,439.8351745605469,450.3264005910761,438.14466639015023,444.5089949235805,88070
2022-11-02,434.7138366699219,444.11118568159526,432.7249823053357,444.11118568159526,17739
2022-11-03,430.5870056152344,438.5424237328368,428.1009374534836,437.54799646813655,27697
2022-11-04,450.77386474609375,461.36453934139024,431.2333751597563,433.57028528988064,100173
2022-11-07,462.5578002929688,467.3807782228554,442.1720429449506,453.45879759494056,99954
2022-11-09,467.8282775878906,476.03230179865335,457.98342425696814,467.281324432001,48195
2022-11-10,465.9388427734375,472.3529102196341,447.4922307343902,472.2534614321913,105909
2022-11-11,468.4249572753906,481.3525118924953,458.5801332903288,475.2865297732482,60805
2022-11-14,470.81158447265625,476.33064346355326,463.45279868811264,464.3975166961992,39315
2022-11-15,476.1814880371094,480.20890620398126,470.9110054777032,470.9110054777032,39441
2022-11-16,465.5411071777344,480.2089089942392,464.39752191917006,480.2089089942392,51293
2022-11-17,466.13775634765625,470.71212759945,457.5359670200229,465.5410939500292,20183
2022-11-18,458.2320556640625,472.5518320609169,455.2487739726363,466.38637109296513,24809
2022-11-21,453.0112915039063,461.364504126992,450.0280099520926,453.80685145956215,24819
2022-11-22,450.1275024414063,458.0332114602559,450.02805364385546,452.4644126200452,22435
2022-11-23,458.33148193359375,470.4635056882142,451.6688380253261,454.6521195701499,120618
2022-11-24,460.6684265136719,468.32552852673,453.8068845142172,462.4086742123204,114000
2022-11-25,451.1218872070313,462.20974426997367,450.475515605135,462.20974426997367,31718
2022-11-28,452.6632995605469,459.92260639820586,451.4202654892004,452.4644019701268,38169
2022-11-29,456.5415649414063,458.9281843157997,447.5917195267969,452.6633046645779,25644
2022-11-30,452.81243896484375,462.2097579494,450.5749777284003,459.42537388305226,34499
2022-12-01,452.16607666015625,457.486238098418,450.4755382187856,457.2376312892465,38350
2022-12-02,450.0280456542969,455.4476863757201,448.4866955359165,451.22137050869645,115166
2022-12-05,453.7073974609375,461.36449882832295,449.2821844042328,450.1274535703741,60802
2022-12-06,451.4202575683594,460.1214959151087,447.4922578328225,452.4643940309649,65724
2022-12-07,447.4425659179688,455.9449070066784,446.54755708967326,455.9449070066784,34831
2022-12-08,452.2157897949219,453.4588238515324,445.45369666596486,451.4202601376956,97454
2022-12-09,454.9504699707031,462.1600675822607,448.9839064301037,448.9839064301037,84740
2022-12-12,477.374755859375,481.1535973537754,452.4643671268874,457.3867938093594,126904
2022-12-13,493.4844970703125,511.1355798370592,479.36361871791127,481.99887507095445,291177
2022-12-14,506.4617919921875,509.8428689582904,479.8111535309252,497.16392137793946,215310
2022-12-15,490.4017639160156,512.1797133624477,482.29718836657406,506.1634409867757,92862
2022-12-16,481.7502746582031,493.6336616248533,475.0876002034211,485.6285347128107,55284
2022-12-19,490.2029113769531,501.9371404612126,478.9161563342272,481.7502799873141,61089
2022-12-20,500.2963562011719,508.15232541698106,490.3023441170473,495.1750619264521,104103
2022-12-21,479.015625,508.15233168355536,470.7618605038736,507.1579044199867,105741
2022-12-22,473.0490417480469,499.500781581034,462.6075559147592,480.5569551367876,96259
2022-12-23,460.8175659179688,471.85571408730016,450.8732937559603,471.3585004791997,85725
2022-12-26,476.97698974609375,488.8604066594044,458.4309289502544,458.4309289502544,47233
2022-12-27,480.8055725097656,484.13690984691567,469.17076161509567,481.3027861318026,32380
2022-12-28,491.9431762695313,495.2247740792445,477.6233994880258,480.8055788500296,29451
2022-12-29,495.9208679199219,499.8985768092816,480.1094508067088,491.2470478359201,57845
2022-12-30,490.1531982421875,500.8432914585613,485.2805106595753,495.7219970569637,52845
2023-01-02,491.6448059082031,507.10816721188166,485.6782426560465,496.0202795569493,68335
2023-01-03,489.5565185546875,498.1583384664571,487.2693480396283,496.0202956205193,27941
2023-01-04,484.4352111816406,494.9264364967865,481.1038739455752,489.5067960420301,24892
2023-01-05,479.1150207519531,489.6559553159428,473.446803826631,485.330190854835,32791
2023-01-06,465.2925109863281,482.2972232786445,462.4086779888035,482.2972232786445,48313
2023-01-09,470.5132446289063,475.5351204217455,468.822736521895,471.3585138561674,18758
2023-01-10,464.0494689941406,476.131753982226,461.7622984638075,472.35294258058576,23679
2023-01-11,465.3919677734375,471.3585314628406,463.4031132103032,466.8836086957882,11398
2023-01-12,459.3756713867188,467.2316404401887,457.4365261477404,462.6572691092092,38447
2023-01-13,464.5964050292969,467.38078908056,457.5856749845824,457.5856749845824,30694
2023-01-16,473.6954345703125,476.3306607576111,465.6405676403996,468.32553339954114,23694
2023-01-17,459.0773315429688,475.7837274659551,457.4365326583703,471.3585140871033,36607
2023-01-18,470.5132446289063,478.8167181893346,456.442105189833,460.9170277897333,153365
2023-01-19,469.518798828125,472.8004268135285,463.00531277358994,470.5132260332455,27457
2023-01-20,472.1043395996094,481.8000053417815,464.3975283686521,472.949608836378,38375
2023-01-23,465.0936584472656,474.5904269844288,462.4086926092392,474.5904269844288,21485
2023-01-24,464.7952880859375,472.4026504381064,461.4142415235859,469.7177150860233,18082
2023-01-25,446.7464294433594,469.419357963918,434.66414476664704,469.419357963918,101923
2023-01-27,449.2325134277344,460.3701108470724,437.1004887512237,446.4978384705096,59212
2023-01-30,442.8681640625,452.3649317794141,439.0893224558276,452.3649317794141,21287
2023-01-31,450.2766418457031,455.8454404556522,441.5256942782909,443.514548757022,31586
2023-02-01,448.4369812011719,456.9890312860293,443.6140029619135,456.93932206245904,22701
2023-02-02,442.4206848144531,452.166090235059,439.1887961981959,448.4369879855314,20697
2023-02-03,445.0558776855469,449.5805396181096,439.5865281289945,442.7189980621185,23114
2023-02-06,448.8347473144531,452.4644007232805,442.3212305900397,444.5089826885854,19185
2023-02-07,446.1995239257813,456.1437965307908,444.6084342394774,447.49226722542784,22112
2023-02-08,459.5745544433594,461.9114645855767,445.5034147133226,447.4922692432928,21967
2023-02-09,462.1600341796875,466.8835633079361,455.0001463094439,457.5856630596713,20531
2023-02-10,429.5428771972656,454.403559281897,408.7096134713396,454.403559281897,335456
2023-02-13,435.9071960449219,442.2218152234556,422.63158603753465,422.9299020769095,58063
2023-02-14,437.05078125,442.2218151466839,430.1394996464049,431.5317220899432,59110
2023-02-15,438.6915588378906,441.227366438925,433.9680295772988,433.9680295772988,18916
2023-02-16,436.5535583496094,442.0229081694792,425.6645679328642,437.5479855895857,73993
2023-02-17,428.05120849609375,438.7413010988088,426.6092768897466,432.57584020288994,41288
2023-02-20,426.4601440429688,429.493135100464,424.17294309611714,427.6037293426385,18381
2023-02-21,425.1176452636719,432.47640077300287,421.6371499223319,427.4048157775481,15956
2023-02-22,423.1288146972656,426.5098614361549,418.7036010884536,426.3607034111696,24254
2023-02-23,420.2946472167969,429.5925475444956,419.3499595915821,423.277928796967,33607
2023-02-24,417.0627746582031,424.421530098918,414.0297837423207,418.7533130900951,42373
2023-02-27,417.55999755859375,421.836052955957,413.68173734052857,413.68173734052857,20360
2023-02-28,413.43310546875,419.54882663588745,412.7369942946816,415.72027587353,13572
2023-03-01,417.3114013671875,418.6538842627105,413.43314105040827,417.4605593894651,20116
2023-03-02,423.7751770019531,434.36582140695737,417.85835292658106,418.7035918319828,104129
2023-03-03,418.4549560546875,425.6148440753325,416.615290001996,425.6148440753325,44365
2023-03-06,417.4605407714844,421.5874380713571,415.6705838889573,420.69242928258274,27208
2023-03-08,418.4052429199219,426.50981850175054,414.8252989430837,414.8252989430837,20231
2023-03-09,412.1900634765625,423.82487354723264,409.70399554244574,417.1621993447961,29441
2023-03-10,412.0906677246094,416.6153301555187,411.2951380223132,412.1901165242746,14825
2023-03-13,403.2402648925781,411.6928968323732,391.2076886499556,411.6928968323732,67939
2023-03-14,397.9200744628906,407.2676849296983,392.7987799832445,407.2676849296983,23289
2023-03-15,396.3786926269531,403.8866059357884,392.7987485955675,403.8866059357884,10262
2023-03-16,390.4121398925781,397.7708953877493,387.27970016090177,397.7708953877493,20295
2023-03-17,390.5115661621094,401.2016583590749,387.8266006341004,394.2406680912834,72942
2023-03-20,391.6054382324219,392.7987630693586,375.54544424225287,390.06408813659726,28601
2023-03-21,399.908935546875,401.30112770754255,385.39029079131217,392.7987863694372,21348
2023-03-22,399.4614562988281,405.2291224673336,394.389871027894,399.90893037279983,13955
2023-03-23,396.5278625488281,404.63243849756526,390.06408547906665,404.63243849756526,29080
2023-03-24,402.6933288574219,410.5990073223597,389.0199541077534,402.2458244538827,34305
2023-03-27,397.5222778320313,410.6487291639879,390.9590521660529,392.7987485769914,36006
2023-03-28,394.4892883300781,399.0139200193306,384.2964093763133,398.76531321558025,49525
2023-03-29,389.8652038574219,395.78205832566726,385.8377855034143,395.78205832566726,43861
2023-03-31,393.8428955078125,399.7100404905712,380.8656321897004,387.77691363345264,68885
2023-04-03,395.5334167480469,397.72116871570114,392.20207957582727,397.72116871570114,16439
2023-04-05,403.6877746582031,406.7704750108358,394.78763818234165,394.78763818234165,17589
2023-04-06,412.58782958984375,422.28349456376185,401.4005238507075,407.7151424929662,31329
2023-04-10,400.3564147949219,412.5878577660085,398.11895349429545,412.5878577660085,22028
2023-04-11,396.87591552734375,404.2346709962731,393.3954202051126,400.2569620565804,28841
2023-04-12,398.7653198242188,401.7486015186643,397.273678976996,398.417264223698,13454
2023-04-13,399.1133728027344,404.1849577194758,397.7708899795513,403.4391373007641,15006
2023-04-17,394.2904052734375,405.42800263075856,392.8484736195617,399.1133835133715,31451
2023-04-18,396.4284057617188,399.6602942314327,395.4837181098471,397.3731237611008,15230
2023-04-19,407.66546630859375,408.7096027898552,395.533441629355,395.78204844370407,20088
2023-04-20,404.7815856933594,411.6928669760434,401.5496972448759,411.6928669760434,16340
2023-04-21,405.87548828125,417.60974839429946,403.19055283363326,403.19055283363326,27589
2023-04-24,408.5107116699219,413.085083195902,403.1905500365932,409.8034853335207,11936
2023-04-25,433.86859130859375,447.3928077995658,403.2899537747555,408.7095943547165,112837
2023-04-26,441.277099609375,444.5089882262324,431.382536166453,436.503860868098,86464
2023-04-27,448.0391845703125,455.3979704855403,437.5479892400388,441.6748562508688,56102
2023-04-28,462.1600341796875,471.0601696234964,452.4643691269668,452.51407834720777,155357
2023-05-02,452.0169067382813,466.2869442364253,448.4867020430228,462.4086839246244,39790
2023-05-03,455.547119140625,463.701404200364,448.48667975349576,448.48667975349576,24427
2023-05-04,468.9221496582031,479.7614307776698,459.7236977514612,460.0717533525698,109948
2023-05-05,473.3970642089844,477.3250638526089,463.10476679767066,468.8724325135522,89151
2023-05-08,470.0657653808594,476.18148679694514,465.44165446740624,472.3529358787416,30655
2023-05-09,473.4965515136719,476.3306753803225,467.3311204792609,471.2590900948708,18444
2023-05-10,458.1823425292969,472.9993020673618,453.4588132248711,468.7729863739283,70215
2023-05-11,474.2920837402344,487.2693470690905,458.4806663634531,465.04389220980426,79476
2023-05-12,475.0876159667969,481.45194426084777,468.4746808616697,474.2920863103572,29246
2023-05-15,464.0991821289063,482.0485807855265,460.6683961813205,475.2864880264559,55984
2023-05-16,470.9607238769531,475.1870394400479,450.028013291237,457.4365080055481,288139
2023-05-17,487.8659973144531,490.89898817850064,466.3863634200613,466.3863634200613,144628
2023-05-18,483.04302978515625,502.2852028672015,477.3250731793618,490.2526272446362,167105
2023-05-19,477.0267639160156,485.5788139871463,467.7288630599488,483.0430366389059,80509
2023-05-22,469.96630859375,479.1150207771674,468.3752189778264,471.4579494185201,57768
2023-05-23,468.1266174316406,480.308350970754,465.2924937632428,465.39194255551314,55245
2023-05-24,466.0880432128906,476.4300800773942,463.6516844211642,464.3975048250588,29515
2023-05-25,472.8004455566406,474.3417956466768,464.94444604674754,466.3863776903384,25252
2023-05-26,467.5299377441406,477.3250516442591,460.4694986190674,477.3250516442591,49259
2023-05-29,475.4356689453125,484.2860653012333,468.37522948024815,468.37522948024815,74642
2023-05-30,477.57366943359375,486.6229631487922,472.35292656107663,472.35292656107663,37739
2023-05-31,476.7781372070313,482.2971960746548,474.5406759881282,477.57366683474834,35905
2023-06-01,532.31689453125,545.7416623998255,472.0048879171152,472.0048879171152,930357
2023-06-02,535.7974243164062,544.4489540819187,522.074339530607,525.952630330845,299189
2023-06-05,554.8903198242188,569.5084102811712,530.0296424127395,537.9850591844128,676598
2023-06-06,539.178466796875,562.8458231950474,535.1012786570706,558.8681141972025,182915
2023-06-07,553.4982299804688,556.8295979673128,537.8857693883448,540.5706746348701,243384
2023-06-08,533.361083984375,556.8793150497555,532.0186313421772,553.4982377875135,96302
2023-06-09,528.2398071289062,544.6478579898501,523.0687729003912,533.3610714351543,93711
2023-06-12,529.43310546875,545.9405739551398,528.040883005791,529.1347287302416,93184
2023-06-13,531.2230224609375,540.1728672623179,528.637475323527,534.0074064823631,58448
2023-06-14,541.6644897460938,556.8792132549487,533.4604656222485,535.0018155913614,230745
2023-06-15,527.9414672851562,545.493072361975,524.5603902547933,543.4545085767669,80610
2023-06-16,523.9636840820312,538.7309028256415,519.5384711722406,531.4218876283022,84358
2023-06-19,534.1068115234375,537.9851017847358,513.6713452120227,525.5547620947003,97865
2023-06-20,566.3760375976562,570.8012510733797,532.0185876729236,538.3331765383217,525327
2023-06-21,557.37646484375,578.9058387450722,553.8959695235839,571.7956597415812,206641
2023-06-22,539.6259155273438,563.0943719154836,535.1012234530695,556.8792022475424,232315
2023-06-23,548.1780395507812,556.481483082747,530.1789300131554,539.6259891981575,87987
2023-06-26,534.5045776367188,551.8573430403928,532.416304960237,548.1779505530069,83121
2023-06-27,572.1934204101562,576.7677611342483,540.1728532564582,541.9628100313195,338973
2023-06-28,568.9118041992188,590.689785204463,560.9066769932806,576.7678037349975,357488
2023-06-30,562.8458251953125,586.7120792671985,561.8513979423172,572.3425933224127,217493
2023-07-03,563.7407836914062,580.6460454836584,561.4535526576171,565.7793472391156,180730
2023-07-04,580.9443359375,593.9713069380979,563.8898865428488,571.7955942898593,463079
2023-07-05,591.8333740234375,599.0429712437254,579.7510592314298,586.7120496510182,347864
2023-07-06,579.8504638671875,599.6395890096939,575.0772255464125,593.6730259349705,158065
2023-07-07,584.1763305664062,592.2808766588525,578.2594759818431,579.5522193351447,112186
2023-07-10,583.0326538085938,590.5903369272969,577.7622018003653,584.1762693638311,99330
2023-07-11,584.0767822265625,598.1479511577403,581.8393210626308,591.6841744619377,102572
2023-07-12,582.8338012695312,605.1089964949302,575.4253666309947,591.7339375147475,198286
2023-07-13,578.8560791015625,592.7283514057362,574.7789516464394,588.5020355848065,204822
2023-07-14,593.7723999023438,608.4401996957789,576.6683022585523,581.7398562142091,229659
2023-07-17,588.25341796875,606.153108175731,585.3696154079715,598.3468786690285,123686
2023-07-18,581.988525390625,596.4574291754716,577.8119189643238,592.678617911683,76156
2023-07-19,575.8231201171875,589.4964955917106,574.7789835835928,582.0382907874252,110097
2023-07-20,577.5136108398438,582.6846445481415,573.7845087466033,576.7180811989567,51315
2023-07-21,579.7510375976562,587.6070364846195,572.9889450099632,578.5080036405429,54354
2023-07-24,610.7772216796875,614.5560330448424,578.7566524791234,585.7176431446799,407542
2023-07-25,605.8547973632812,625.7433422090188,601.2804563267705,617.5393174601521,186747
2023-07-26,593.7227783203125,615.5007594043831,589.894257680361,609.0866914937303,211786
2023-07-27,642.052001953125,648.0682748988168,593.7227994011909,598.3966197878115,492457
2023-07-28,642.9468994140625,650.5045826144684,631.5606957395506,644.1899334244891,223459
2023-07-31,654.7806396484375,670.6417665399297,646.9743492623311,650.3554262148517,273427
2023-08-01,665.2221069335938,674.1719519939888,661.294107240305,661.294107240305,185633
2023-08-02,645.4329833984375,671.2383822321443,638.4719927678819,669.796450605382,169855
2023-08-03,640.3117065429688,650.7531922764399,636.383706913754,638.621168142355,79892
2023-08-04,619.279541015625,655.12862956488,614.0587981969466,645.2838366666696,244316
2023-08-07,633.6490478515625,638.2233888658917,621.8650486705917,624.9975187466146,70648
2023-08-08,638.7205810546875,645.3832554611641,635.2400858403361,638.1239490102352,67069
2023-08-09,645.482666015625,648.4162383708763,637.1792232408644,643.7424184297155,47022
2023-08-10,641.7536010742188,651.3498483082191,636.582627933744,651.3498483082191,53426
2023-08-11,642.7479858398438,650.7531732238135,638.6211494449277,641.7535586562468,62813
2023-08-14,634.5440063476562,646.3777149454357,621.5170336013805,646.3777149454357,47579
2023-08-16,633.1517944335938,643.1954846226438,625.5941114869161,633.450110447077,57707
2023-08-17,631.1629638671875,636.433415954053,628.676895836117,633.4998435383857,28169
2023-08-18,636.0853881835938,642.3999766794471,630.0690550162609,636.234515847854,269871
2023-08-21,617.2907104492188,632.7540419227562,606.6006175981046,632.7540419227562,149109
2023-08-22,637.6764526367188,649.3609724316216,591.9825098955201,595.1646891276042,13257803
2023-08-23,644.78662109375,666.1668059048827,641.4055443339817,649.858175538383,746761
2023-08-24,630.9640502929688,652.0459188010992,623.5058463887965,646.3776716949246,372368
2023-08-25,628.0802001953125,639.4166946427249,619.528150485875,629.5221317856881,162044
2023-08-28,622.2130737304688,637.5272152717596,615.6498181884733,631.4612339948548,210792
2023-08-29,658.907470703125,665.4707269614839,624.9975258008493,626.3897482270224,383986
2023-08-30,673.2769775390625,695.4526937359574,663.7304999325594,663.7304999325594,935326
2023-08-31,681.2821044921875,695.8007791810527,673.2769770360966,675.2161223689445,383475
2023-09-01,695.80078125,709.0266519596106,681.2821065179638,681.2821065179638,400387
2023-09-04,692.0716552734375,700.0270732561596,688.5911599059965,699.9773640327721,183516
2023-09-05,699.2315673828125,705.04894270256,689.1381061958732,700.0768062942204,300992
2023-09-06,696.6957397460938,701.0712441293081,682.7240483673445,698.0879622393961,135135
2023-09-07,697.1929321289062,702.5628636449663,690.1325228161453,693.5135997995941,118612
2023-09-08,696.7454223632812,703.4080358598915,685.2597399702801,701.0711562836199,401744
2023-09-11,713.0540161132812,724.3408013214005,696.745446347548,696.745446347548,277482
2023-09-12,685.9559326171875,724.3408624345925,672.3322666029145,722.2028194827266,269614
2023-09-13,678.9949340820312,699.0326680354275,668.8020544704823,686.1548226310997,171852
2023-09-14,694.7566528320312,712.4077372903922,686.1548324658622,686.1548324658622,152136
2023-09-15,710.766845703125,724.9374333929039,696.1487536315069,702.7617188314117,292876
2023-09-18,701.7672729492188,740.8482489777671,697.6403758748924,719.1697485963475,147865
2023-09-20,690.2816772460938,713.7004260771947,687.1492072332308,713.7004260771947,128056
2023-09-21,678.1994018554688,698.5851610021508,674.4205903477716,698.5851610021508,127781
2023-09-22,679.6909790039062,688.1933192723399,674.221629502046,682.1770469592973,83970
2023-09-25,667.2606201171875,684.4641977367942,664.2773386561569,680.188173114987,148581
2023-09-26,671.7852783203125,683.3206701800418,667.1114583726212,671.1389370616545,221542
2023-09-27,682.3262939453125,706.0433599996869,676.2105419715311,676.2105419715311,197035
2023-09-28,680.4368286132812,700.872295945235,676.0613245458707,688.1436396059783,253567
2023-09-29,680.9837646484375,690.5303026092,678.6468849027161,687.9447553574213,76984
2023-10-03,675.4646606445312,690.5302566689716,671.3377635778971,685.0111372751549,115328
2023-10-04,673.0283203125,681.1826355338064,668.2550818667415,671.288072703472,89633
2023-10-05,687.5469970703125,692.0219195139997,671.7852893794242,680.1882114404632,190111
2023-10-06,684.862060546875,706.1427673212777,681.1826675757097,693.9113242614776,348549
2023-10-09,665.17236328125,684.0167097381095,651.3498012365436,651.3498012365436,132636
2023-10-10,672.7300415039062,683.7184505897621,670.9400845746078,671.685905019734,99147
2023-10-11,694.7566528320312,700.0271053481988,674.122286493384,674.1719957190504,135956
2023-10-12,686.6519775390625,700.4745398153221,683.1714823596466,699.9275563025415,101276
2023-10-13,693.6627197265625,699.0823604064134,689.1380878544019,691.0772331410486,63935
2023-10-16,695.4029541015625,704.0047739722795,688.7402794803448,691.6738519659954,209115
2023-10-17,696.9940795898438,707.932779273722,694.3091138920693,696.0990707922449,79722
2023-10-18,688.7402954101562,704.8500291474113,685.011193188339,701.0712177016412,57350
2023-10-19,680.7848510742188,692.7179777236881,679.1937917989645,692.7179777236881,76570
2023-10-20,689.8839111328125,714.7943018390359,683.9173475770692,684.6631680215372,253380
2023-10-23,663.581298828125,692.6185869752823,656.5208895562068,689.883912008761,97297
2023-10-25,652.89111328125,680.585944981107,646.3776277864052,663.9789999435918,115375
2023-10-26,665.1226806640625,684.16598788988,618.9315807644367,662.6863823155337,514263
2023-10-27,668.255126953125,680.9837838989416,658.9074863159498,671.23840876988,86173
2023-10-30,677.0060424804688,688.1436395368321,659.006933990245,668.2550950415479,140409
2023-10-31,672.8792114257812,684.0665177960058,671.2383822134731,674.2713731348407,47062
2023-11-01,662.5868530273438,676.6580226484468,657.4655891958099,674.2216637892601,53378
2023-11-02,676.1608276367188,684.7625870194772,668.2054095560044,668.2054095560044,44034
2023-11-03,685.9559326171875,694.9057782286774,676.1608480870668,682.7737531496527,82822
2023-11-06,696.546630859375,703.5076221236232,688.4917331223003,688.4917331223003,77846
2023-11-07,693.563232421875,705.7946743075032,672.3819461279797,701.0711453142512,107008
2023-11-08,637.6764526367188,684.016736651687,632.2568121673129,676.2105072794834,888425
2023-11-09,608.2911376953125,648.3168329767273,605.1089584780345,643.8916197444985,844229
2023-11-10,627.0360717773438,629.8204558558732,605.4569889524547,609.5838861957359,262101
2023-11-13,623.5556030273438,632.406029944665,617.5890394502795,632.406029944665,106939
2023-11-15,618.28515625,628.5277450106736,615.7990880704664,624.5003266988339,148119
2023-11-16,615.4012451171875,621.9645010187402,610.478879059797,620.5225694475265,89440
2023-11-17,616.544921875,619.478494529378,606.6006489415322,611.5727854082661,134378
2023-11-20,621.0695190429688,624.5003051513555,607.2967260815726,618.5337417263427,138500
2023-11-21,614.6553955078125,621.8152831078381,612.5671227763542,621.5169671026321,86891
2023-11-22,628.6769409179688,634.8921114413292,610.7275405855085,614.6554798002526,489969
2023-11-23,614.8543701171875,626.4891813381872,610.5783449867412,626.4891813381872,291418
2023-11-24,610.7275390625,619.2298801782495,601.6285051609811,618.5834781674221,82678
2023-11-28,610.7275390625,621.4673415610796,606.6006415672703,610.7275390625,98596
2023-11-29,631.3120727539062,634.4445426578891,610.5782902695046,614.5559990009019,282904
2023-11-30,627.0857543945312,637.4278213274615,623.5555500503641,631.2623606826384,103326
2023-12-01,623.0584106445312,635.9859655023813,621.2684536493724,632.25686313954,83641
2023-12-04,620.4231567382812,633.3507103878783,614.5063027365771,633.3507103878783,97874
2023-12-05,620.8208618164062,626.9863223272237,615.6001192434992,616.5448371814095,84219
2023-12-06,621.019775390625,628.6768768338845,618.285100639105,626.4891248936649,86731
2023-12-07,633.4501342773438,641.4552611978885,617.5392988794827,617.5392988794827,131318
2023-12-08,628.627197265625,639.2178108404149,625.0472228232142,638.1239651662186,72895
2023-12-11,621.9645385742188,632.0579387921357,620.2242908785411,631.6602043072803,79621
2023-12-12,622.3125610351562,630.4668766257877,619.627595320616,630.4668766257877,60523
2023-12-13,620.771240234375,625.5444791216014,611.572787735908,622.3125904059239,43196
2023-12-14,641.2066650390625,651.5487324973624,619.3789752262701,626.489154190729,463410
2023-12-15,640.3117065429688,648.0682266631147,635.787014169115,639.3669885518887,196851
2023-12-18,632.0579223632812,640.3117169185473,629.4724358463443,640.3117169185473,60602
2023-12-19,632.6546020507812,641.4055493446971,626.9863548245451,632.8534996314424,67540
2023-12-20,619.3789672851562,638.4222727519492,615.4012584206581,629.4724278068285,98867
2023-12-21,624.0030517578125,631.4612555636828,608.589430559014,608.589430559014,124262
2023-12-22,617.240966796875,630.267938661961,609.8821813387995,624.0030595260419,137260
2023-12-26,627.7819213867188,633.9970918041681,614.8543669184241,617.2410166367341,106814
2023-12-27,615.8487548828125,630.9640605124214,611.174934888161,630.9640605124214,213955
2023-12-28,616.644287109375,621.5667139256368,603.9156309920356,615.8487574823575,213197
2023-12-29,615.3516235351562,628.229469678655,607.2967863895076,620.5226578226842,149236
2024-01-01,613.9096069335938,622.5611357026146,608.3408388980274,622.5114264816758,109719
2024-01-02,605.307861328125,618.5337312233172,603.4184253309458,618.5337312233172,132251
2024-01-03,596.308349609375,612.3683139496376,588.8003750027391,606.6006477981033,278479
2024-01-04,609.1860961914062,616.0476683493347,600.6837555226836,603.3687211799174,98888
2024-01-05,592.33056640625,612.5671349802698,589.2975149903499,609.1860583338652,206990
2024-01-08,574.9281616210938,595.2641511324716,572.4420933976954,592.5792460072214,232617
2024-01-09,569.9559936523438,586.513170687451,566.9229420315237,580.6957956444444,130111
2024-01-10,579.0052490234375,580.795205880985,568.5140539882085,570.8012244559092,84336
2024-01-11,575.5247192382812,582.33652101087,569.0112334748903,581.1929661931088,71483
2024-01-12,587.3087158203125,594.4686042354904,571.1990427549413,579.9499905090372,99964
2024-01-15,587.3087158203125,587.3087158203125,587.3087158203125,587.3087158203125,0
2024-01-16,581.690185546875,599.3412678239752,580.0990656569991,596.6563023245113,169188
2024-01-17,571.8453979492188,585.5187731143576,570.7018429887856,581.4416455249443,73811
2024-01-18,569.4089965820312,576.5688846382415,566.3262965067978,576.5688846382415,71239
2024-01-19,577.2152709960938,581.7399025435398,564.8843496385309,576.7677666243642,80346
2024-01-23,556.1334228515625,569.806797128199,551.9071071660567,565.8290882477229,127588
2024-01-24,573.68505859375,576.7180493229438,548.9735070047058,559.912205873614,69377
2024-01-25,568.6134643554688,579.2041383793077,559.8625170800772,573.6850795240053,71084
2024-01-29,567.86767578125,575.5744870611414,565.8291120333157,568.6134962276911,76273
2024-01-30,570.7018432617188,583.7288164199985,567.8676890818471,567.8676890818471,135555
2024-01-31,598.2473754882812,604.0151017681072,572.2431407884569,572.3922684505095,182705
2024-02-01,599.490478515625,607.0978717019399,586.7121118823006,596.6563849650514,122060
2024-02-02,615.1029663085938,625.9919568875,603.7167621022948,623.5058887505362,398076
2024-02-05,610.1804809570312,630.4668192943516,602.7720471727564,616.5448390575677,257003
2024-02-06,591.7836303710938,603.4184412992,585.4193324077438,596.7557666057527,211155
2024-02-07,594.7172241210938,604.6117877203244,587.5076263234419,589.7947969340369,85421
2024-02-08,602.6726684570312,610.5783778334569,590.2423268887605,598.5955407006494,178368
2024-02-09,606.6503295898438,610.4789109058918,593.6730661619906,597.20327074807,86770
2024-02-12,613.5616455078125,630.26801204714,605.6062270895588,607.5950816941223,237132
2024-02-13,610.5782470703125,621.9147404307312,603.0206252933762,620.9203133182388,88394
2024-02-14,618.7823486328125,622.4120323282737,603.617333258525,610.5783239221324,206607
2024-02-15,621.2186889648438,628.9752090480929,612.6665785591937,623.5058594041965,164979
2024-02-16,641.9027709960938,646.3776934894825,615.0532360357614,615.0532360357614,275453
2024-02-19,633.0523681640625,650.1565291406474,628.1300017929866,646.3777176992564,113918
2024-02-20,635.5383911132812,637.8753314204029,627.6327435304123,631.4612639234366,57967
2024-02-21,623.0584106445312,638.4223245184428,621.5667696993947,637.427897221685,111039
2024-02-22,630.8646850585938,638.4223080408813,626.4891807877807,628.9255397409602,91401
2024-02-23,628.7266235351562,639.3172979367704,623.754487326891,637.1792550892075,53291
2024-02-26,628.925537109375,663.2829870428286,625.4947508994591,642.4000144372823,400897
2024-02-27,622.61083984375,644.3888195989441,621.5169942119446,631.4612661193357,214273
2024-02-28,621.2684326171875,632.4060301028309,615.7493734460274,626.4891757484244,103448
2024-02-29,631.809326171875,640.4111461237511,622.0142420813762,624.0030965724437,279923
2024-03-01,635.0910034179688,644.3888741606412,631.2624219924381,640.4111650608842,100063
2024-03-04,658.1119384765625,664.2773995333919,641.9524957483924,661.2444085757244,198462
2024-03-05,644.6871337890625,658.6091144199323,637.1792206592758,658.3107984025603,86391
2024-03-06,645.0352172851562,649.6095580542974,629.4724075750023,638.4222522324668,134998
2024-03-07,642.1016845703125,655.3275547967044,638.3725823996181,646.9246324330684,56384
2024-03-11,638.3228759765625,646.3280031990993,631.759619710335,646.2782939756097,85318
2024-03-12,634.4942626953125,644.3888254723564,627.0360586967898,638.3228438315658,139492
2024-03-13,600.48486328125,638.8697910782207,575.1269687167703,634.2456801443362,247350
2024-03-14,600.2362670898438,612.3682917448984,576.767808140084,598.5954985354246,66957
2024-03-15,600.1865234375,620.5225717831802,595.7116010448328,599.5401821755709,109227
2024-03-18,597.7999877929688,603.8162607396587,590.689808413683,590.689808413683,124303
2024-03-19,601.3798828125,616.5448984601076,595.6619260929103,597.7999689704183,36553
2024-03-20,601.9764404296875,607.3960804412551,595.2143480671422,607.3960804412551,197855
2024-03-21,608.3408813476562,616.8929315765366,602.4737361870131,605.0095742770517,54459
2024-03-22,624.69921875,627.9808165788659,608.3408781347921,608.3408781347921,164134
2024-03-26,610.5286254882812,627.9808116785866,607.1972577662426,624.6992138753278,77076
2024-03-27,606.6503295898438,620.4728925942375,604.4625775085339,611.125252199105,55067
2024-03-28,607.2470092773438,625.3953061351802,602.6228984026811,608.4402733914312,174883
2024-04-01,606.2027587890625,623.555524478788,604.6116996469452,617.3403548689304,61190
2024-04-02,615.5504150390625,620.9203460072325,606.5508613362186,610.5782792148375,67024
2024-04-03,614.7549438476562,624.3511304830339,604.6117736636367,615.5504735161037,82295
2024-04-04,614.5560302734375,624.3014050222644,612.3185689981701,616.5945939630101,44209
2024-04-05,626.0913696289062,636.4334372624297,611.572756119366,614.1085334569541,86595
2024-04-08,635.0910034179688,641.4055923358234,623.5556106116588,626.4891832117345,153843
2024-04-09,626.4393920898438,640.3613721189123,621.7158631514097,637.378090684112,36392
2024-04-10,626.0913696289062,634.3948735477029,616.1968670899848,626.4394555819225,73647
2024-04-12,615.8984985351562,626.9863867501426,611.6721826847389,626.0913779391038,53767
2024-04-15,603.9156494140625,614.406844634493,591.2864113542217,611.7219396482855,68728
2024-04-16,606.6005859375,612.964944231901,601.6284499871927,602.622877177254,55372
2024-04-18,602.374267578125,613.4621549737487,601.7278656295838,608.5894374871027,46074
2024-04-19,609.2855834960938,614.5063265181677,597.6507726221816,602.3743020231057,139454
2024-04-22,610.1307983398438,616.047652337456,607.5950211108727,611.52302070223,23292
2024-04-23,609.086669921875,621.3678217639242,606.6006018813775,615.5504468271683,35460
2024-04-24,607.4458618164062,615.5504681876779,603.6173411791931,603.6173411791931,42723
2024-04-25,611.0258178710938,616.5448768067305,607.147527432527,607.4458434597196,39638
2024-04-26,609.0369262695312,618.1856682803624,608.0922083285457,615.5504120284052,36787
2024-04-29,617.091796875,621.3181125438575,609.5838835316808,611.5727379640844,47457
2024-04-30,624.8981323242188,633.4501827266629,616.8432348709621,620.9204231705191,77306
2024-05-02,615.3018188476562,637.8753280175154,613.213546043514,624.8980654317321,78837
2024-05-03,609.23583984375,619.4287185013014,606.6005835225707,616.5448553835964,41206
2024-05-06,602.374267578125,613.4621549737487,601.7278656295838,610.7274802137986,62316
2024-05-07,612.6665649414062,619.9756411746205,600.6340202702904,604.562019793512,51503
2024-05-08,605.6558837890625,621.4175915802804,601.8273632853236,621.4175915802804,26651
2024-05-09,606.7498779296875,609.3850740164427,601.6285527481174,606.6006895476886,40275
2024-05-10,608.0425415039062,617.8376254346545,596.6563375892406,606.7497982448004,34680
2024-05-13,601.7776489257812,611.0755190383486,600.1368197553187,608.5894510194781,20828
2024-05-14,602.27490234375,610.2800297546985,599.5402273422131,604.8106797516248,21097
2024-05-15,603.6670532226562,606.9984209451005,601.6284894881885,603.120130371217,26059
2024-05-16,609.5341796875,646.3776962338237,597.6507622100432,606.7000256793083,265821
2024-05-17,622.7600708007812,626.4891730211452,608.5894823633981,609.5342003982283,89177
2024-05-21,688.5911254882812,721.6558298263035,675.1166490925423,701.0711746858842,1552114
2024-05-22,719.0206298828125,721.7055956674282,684.1659659926843,696.0990933065101,410545
2024-05-23,707.13720703125,740.8483157437748,695.2040797977932,718.026197770784,288185
2024-05-24,704.80029296875,720.9597353119489,702.2645156938984,713.9987447641093,174783
2024-05-27,716.7333984375,719.0205688394692,704.0544517429761,712.8053988911731,162694
2024-05-28,733.34033203125,737.069433935916,712.009856997557,735.5280839543243,198183
2024-05-29,707.7835693359375,735.776719679006,706.0433217119995,727.4732160277752,76552
2024-05-30,696.3973999023438,713.5015609591139,688.3425633528008,713.5015609591139,80548
2024-05-31,724.738525390625,726.9262773520288,701.3197771580278,701.3197771580278,106444
2024-06-03,724.5894165039062,752.7814038495914,708.6785810196347,752.7814038495914,112727
2024-06-04,671.3377685546875,731.6000924041699,621.5169908464441,730.9039812354182,285990
2024-06-05,729.4620971679688,734.1856266059186,656.8689079110551,656.8689079110551,151129
2024-06-06,754.3724365234375,773.6643481459586,722.849143387644,725.9318433760279,241309
2024-06-07,778.8850708007812,792.4092558593728,755.7646393981407,755.7646393981407,183014
2024-06-10,785.2991943359375,793.5032189695005,773.7140928481098,787.4371764597927,122383
2024-06-11,789.7741088867188,795.3925862529153,781.6197935579246,782.1667163889673,108116
2024-06-12,790.2216186523438,805.4860522786278,785.6472170001686,795.5417800282744,67313
2024-06-13,796.3870239257812,808.6185274270524,771.7749499505752,792.2104781102483,101369
2024-06-14,809.1654052734375,827.3634104557564,791.116527750512,801.9060990274327,129214
2024-06-18,796.8345336914062,815.380625958604,794.5473631829503,814.5353263892687,129332
2024-06-19,774.5095825195312,801.4088862130862,770.6810621661325,798.2267071077192,95980
2024-06-20,784.0064086914062,797.8786192203322,775.7029053669223,777.0951276892962,67716
2024-06-21,789.9730224609375,806.4804903403264,775.6532459500056,784.0064590305528,60020
2024-06-24,803.5469360351562,805.7346881481516,775.7029727298205,789.973040340819,62245
2024-06-25,790.7685546875,819.5572354718502,786.9399733901903,803.5469204645065,80730
2024-06-26,780.8242797851562,798.8233885234431,775.6532460061111,794.3484659503309,37376
2024-06-27,772.3219604492188,789.3763516448181,765.8581832199484,785.5975401728647,47318
2024-06-28,777.3934936523438,784.3047750985228,765.7586828235634,776.3493571909836,30549
2024-07-01,801.8067016601562,805.4860947256858,779.8795923316285,794.3484970793628,249045
2024-07-02,811.900146484375,837.3077507732279,805.9832921635406,810.4582148220674,267096
2024-07-03,828.7059326171875,860.179579665621,815.6292505687645,820.0046940945584,225161
2024-07-04,854.3621826171875,860.0801392143478,828.3578861625281,828.4075953852381,140596
2024-07-05,837.5066528320312,853.6660958518147,833.3300461894518,853.0694030771472,40862
2024-07-08,802.3535766601562,845.2631353999378,798.375867787686,837.5066152376249,92003
2024-07-09,790.6690063476562,820.2035049783993,784.7522133337758,820.1040865409456,114205
2024-07-10,787.4869384765625,800.0166971495604,770.6810942087126,790.6193477973017,101260
2024-07-11,802.2044677734375,813.5906718264301,786.6913663906413,786.6913663906413,88005
2024-07-12,802.0055541992188,806.2318698909072,791.6634868168436,803.4971950315794,60192
2024-07-15,831.0428466796875,840.0921101775797,797.4312185082034,801.9558502571496,140289
2024-07-16,828.6561889648438,840.1915811154511,816.7727715658001,839.9926835327643,78791
2024-07-18,798.326171875,838.7993724661344,793.6523517329242,830.3467409712177,88327
2024-07-19,763.4217529296875,814.3364363315321,758.3999078445241,810.4581460784257,97151
2024-07-22,809.9112548828125,845.1637116841875,786.5919246244122,793.5529151078141,455317
2024-07-23,817.0711669921875,821.7946963877846,780.7248027711017,812.695662852994,71278
2024-07-24,814.1375732421875,826.369015850428,807.9224031470428,817.0711456660998,65781
2024-07-25,816.12646484375,821.5958147765831,796.7351332637055,814.0879010986987,30638
2024-07-26,825.7723999023438,835.2691678539131,817.021391681714,828.3081772116078,43895
2024-07-29,829.7003784179688,835.070310018515,822.8885758146129,828.3579258653444,96365
2024-07-30,848.7933349609375,853.2185481948918,832.3355767355763,844.2687032837566,84244
2024-07-31,866.394775390625,881.211766272159,853.5169298613088,853.5169298613088,123899
2024-08-01,847.6995239257812,866.3947441424473,830.3467562226037,866.146137329207,66176
2024-08-02,985.527099609375,1014.3157802162826,894.9845119555434,894.9845119555434,3131764
2024-08-05,953.8048706054688,967.6273722314656,927.3530707392464,933.9163266586936,618523
2024-08-06,942.5181274414062,972.997346674194,918.9501896766836,957.6334336526012,262639
2024-08-07,943.4131469726562,954.65016279151,933.966088070032,944.8550786283772,87077
2024-08-08,968.5721435546876,1017.6968740869077,944.2583851016047,944.954496317086,376504
2024-08-09,1043.2535400390625,1090.8866266855646,969.3179027910248,969.3179027910248,1219327
2024-08-12,999.64794921875,1037.1875762597922,989.5047795746168,1037.1875762597922,206673
2024-08-13,975.1362915039062,1033.2767680611732,971.4993720922312,1033.2767680611732,163402
2024-08-14,972.6453247070312,991.876019194799,964.3750757846263,976.331991837044,143601
2024-08-16,983.506103515625,1018.579734312023,978.4244387786996,983.6057809672612,153654
2024-08-19,1027.49755859375,1133.6151838572866,991.8759752485332,1133.6151838572866,318707
2024-08-20,1020.7717895507812,1041.2480559546652,1009.1636539333372,1037.2624174629727,99394
2024-08-21,1037.312255859375,1042.244434693881,998.6017066662696,1017.384003175408,132569
2024-08-22,1006.7722778320312,1038.6573848314176,1001.7403607308784,1036.6146965114572,88032
2024-08-23,987.940185546875,1007.8185705811431,983.7054444590544,1006.473381040106,104738
2024-08-26,984.6519775390624,1005.1779909446363,977.0294197830616,1002.388056231648,48766
2024-08-27,976.6309204101562,990.4809777383942,971.4993865037552,990.4809777383942,54056
2024-08-28,980.3674926757812,997.3562652827336,964.4747463727535,976.6309564360108,75913
2024-08-29,965.122314453125,984.4526850239282,948.5819394157688,984.4526850239282,66897
2024-08-30,974.0402221679688,979.1717560916398,960.5388838373996,978.4742571870606,54023
2024-09-02,985.5986328125,990.4810036236842,974.4886408526496,974.4886408526496,102945
2024-09-03,1006.2242431640624,1015.7400038082952,987.392137597358,987.392137597358,110354
2024-09-04,989.9827880859376,1020.3234738615274,980.4670881638116,993.4204135155692,147659
2024-09-05,987.7408447265624,996.4096205888892,978.9724522285836,989.9827663728876,28839
2024-09-06,961.884033203125,1000.2458048039816,957.151087356266,995.6623447313258,52445
2024-09-09,946.3898315429688,959.9410386731385,930.2978528969132,951.7206594242692,107771
2024-09-10,938.3687744140624,959.741773262885,934.1340334623663,951.5712020869972,60642
2024-09-11,928.7533569335938,951.6209692469064,919.1878491710652,946.38981888577,171096
2024-09-12,958.0977172851562,966.5173912588108,921.728763902737,935.578882804916,135095
2024-09-13,980.3674926757812,1001.391712258482,964.5245546927468,965.7700667726702,151603
2024-09-16,996.2601318359376,1015.1421062527552,985.8476999847788,990.381351581678,159146
2024-09-17,1007.7687377929688,1020.2736666560704,974.2893372807392,996.4096435303156,102648
2024-09-18,1020.4230346679688,1042.4935313669218,1008.9145160906336,1020.3234180355822,90184
2024-09-19,986.0968017578124,1026.301905476025,979.4706534785752,1020.3234477742228,98339
2024-09-20,1000.8436889648438,1009.6618900749382,971.4496041765034,971.4496041765034,80579
2024-09-23,975.684326171875,1005.8257176126044,968.5101646409609,986.4455380602376,71354
2024-09-24,954.759765625,983.406543867566,952.119255651886,976.481484442246,40197
2024-09-25,976.7803344726562,1014.992679738646,946.5891352688632,950.8238761371712,98056
2024-09-26,941.2584228515624,979.4707095222852,936.6250935411476,976.7803912393356,190865
2024-09-27,934.5325927734376,946.5891246664672,927.7071504901804,946.5393163494248,56522
2024-09-30,998.3027954101562,1033.9741858552302,929.500664370546,929.500664370546,577467
2024-10-01,978.9226684570312,1005.1780382914894,971.499404434304,988.438368409056,52960
2024-10-03,957.7489624023438,972.8445320260524,953.016016591237,957.0514634880296,47612
2024-10-04,937.1232299804688,965.022698815613,932.7390034085398,956.9518053718524,94452
2024-10-07,902.2489013671876,955.3077130710006,895.5729448205938,946.3898349031188,120155
2024-10-08,934.93115234375,941.6071090899192,888.5482957999317,896.7188670049737,47527
2024-10-09,974.139892578125,980.3175835899772,912.810831609152,936.6250459332226,126980
2024-10-10,962.5316772460938,989.4347365480032,951.7704656885332,989.4347365480032,34429
2024-10-11,950.8736572265624,970.9513347419066,944.5962889882612,970.9513347419066,37524
2024-10-14,1043.1910400390625,1060.1798733159728,1002.5874073986662,1011.3059918831724,1042437
2024-10-15,1010.0604858398438,1041.2480960758496,1006.9217710802887,1040.600405469586,131017
2024-10-16,1098.7408447265625,1111.993141390572,1015.3414077750832,1015.3414077750832,495096
2024-10-17,1051.311767578125,1105.9150635026365,1046.479205239062,1100.235455679462,168940
2024-10-18,1094.2569580078125,1101.0325918411854,1028.394308740823,1052.2085221577302,185978
2024-10-21,1102.2781982421875,1125.9429279219632,1081.4034642932645,1099.0398668123237,168937
2024-10-22,1019.3270874023438,1096.200117391597,1006.871966588532,1091.267816570104,210570
2024-10-23,1020.9212646484376,1056.1941892575978,1008.5160136255364,1032.37997519227,113433
2024-10-24,1020.4230346679688,1051.2121152612688,1014.544254588818,1036.1164856777934,80225
2024-10-25,1007.9181518554688,1046.2301143983054,988.9365605145888,1027.7965361922402,105865
2024-10-28,1031.8321533203125,1056.7921442896334,988.9366654265724,1006.3738358497108,149810
2024-10-29,1145.6717529296875,1183.734549209367,1012.0033870406252,1056.1941263989302,928574
2024-10-30,1189.4141845703125,1208.744556659583,1141.3374175827814,1143.8783109157678,467065
2024-10-31,1208.9439697265625,1230.5660121372073,1169.9345046105404,1180.5960400304896,266657
2024-11-01,1258.2161865234375,1266.436565489043,1225.7332588160564,1230.565820911855,117241
2024-11-04,1226.480712890625,1271.3688964877404,1216.8154659093905,1257.3195441720534,320328
2024-11-05,1209.740966796875,1238.1386426448394,1200.9227654652311,1218.7086539067586,292518
2024-11-06,1210.986328125,1228.3238787052862,1200.7233826895615,1223.5909333198877,197371
2024-11-07,1206.3033447265625,1236.195633672174,1200.424503574185,1222.8437202833938,182045
2024-11-08,1214.92236328125,1231.163767976465,1189.9622523128085,1206.6521143402226,174478
2024-11-11,1188.5174560546875,1213.826163366772,1175.8629807666102,1213.6269300934623,120798
2024-11-12,1189.2149658203125,1226.1817410179372,1185.727531902951,1191.955092469668,95649
2024-11-13,1135.707763671875,1198.1327307160825,1128.2844388266308,1189.214913033206,123820
2024-11-14,1154.98828125,1165.6000684511316,1112.989589771516,1112.989589771516,80243
2024-11-18,1116.4271240234375,1163.7565815647129,1110.9967401794106,1155.7853045051295,102503
2024-11-19,1108.406005859375,1158.0769975159064,1101.5806247799,1135.9068850661506,115639
2024-11-21,1117.0748291015625,1138.846355526561,1093.6592024352906,1116.3275218675326,105751
2024-11-22,1118.419921875,1128.4338871421876,1106.2139041112102,1115.9787669750551,55139
2024-11-25,1147.0667724609375,1170.781371446022,1128.4838292751078,1151.1022803089509,101407
2024-11-26,1182.3895263671875,1192.303753655304,1145.970705288139,1147.0667315682667,58429
2024-11-27,1240.3804931640625,1274.4079060692534,1166.0483597166096,1182.7382208789709,298841
2024-11-28,1238.6866455078125,1256.4226637943518,1220.651655681958,1241.42677196741,110665
2024-11-29,1245.262939453125,1264.4438248977922,1223.939748970049,1247.9531968107317,132881
2024-12-02,1244.7647705078125,1301.410635477678,1237.3913146810985,1246.9568231118449,246704
2024-12-03,1264.991943359375,1270.422327400152,1239.5336276751286,1257.219899291876,102385
2024-12-04,1254.230712890625,1290.2509479586397,1247.006742548256,1280.386467578513,97186
2024-12-05,1276.64990234375,1285.2688704011032,1249.647224345463,1265.3904243083116,137388
2024-12-06,1290.2010498046875,1314.762572742774,1276.7993882616795,1289.4039950399226,118999
2024-12-09,1298.22216796875,1342.1638095680676,1292.343326659082,1301.261144446975,82321
2024-12-10,1273.162353515625,1316.2570682795074,1262.9990243512902,1304.6488722305758,124970
2024-12-11,1234.8504638671875,1285.3683818498698,1228.6229038776048,1285.3683818498698,94086
2024-12-12,1187.57080078125,1244.166916779884,1183.7346480076324,1244.166916779884,158372
2024-12-13,1189.2647705078125,1198.6807929215893,1160.7176100906297,1191.7059254648552,112594
2024-12-16,1217.3634033203125,1228.8719826122478,1196.8373903163329,1200.6236737378665,83187
2024-12-17,1237.9393310546875,1246.4088127893867,1221.199600855645,1228.822158743281,55744
2024-12-18,1258.11669921875,1264.4438763223236,1230.1176117053967,1240.4801750094982,81412
2024-12-19,1244.1669921875,1265.440314886947,1215.619830048878,1245.6117375949868,86154
2024-12-20,1189.015625,1244.4657219654896,1184.830631698433,1244.1668720645407,76927
2024-12-23,1176.560546875,1189.0156673253534,1150.952746249852,1189.0156673253534,79680
2024-12-24,1172.823974609375,1185.9765327469506,1153.842322974979,1176.660127263499,86455
2024-12-26,1162.6605224609375,1179.9980739023113,1142.8818161418203,1172.5250018699978,87167
2024-12-27,1165.60009765625,1177.0089398916955,1145.8711372490582,1162.66061610756,139316
2024-12-30,1141.935302734375,1177.008872984463,1132.7185136760838,1149.856710623552,99867
2024-12-31,1149.8568115234375,1155.835269815587,1124.199261352962,1134.8607966544776,53354
2025-01-01,1128.78271484375,1150.8532142309516,1078.4640245245612,1149.8568045216607,196384
2025-01-02,1174.318603515625,1187.1224427758182,1124.498122633914,1140.8890121911836,108422
2025-01-03,1165.201416015625,1174.7669238939532,1146.9670715975371,1173.7705142892933,75541
2025-01-06,1111.2457275390625,1173.2223516080016,1100.4347084726862,1159.8206920918797,82728
2025-01-07,1139.5439453125,1147.7144559672397,1111.2458863111433,1120.661909055449,37261
2025-01-08,1127.7862548828125,1145.1238073783595,1114.9824150153445,1139.5439375813664,32400
2025-01-09,1086.2359619140625,1127.686577411209,1078.1151992568398,1127.686577411209,49571
2025-01-10,1036.7642822265625,1086.0865618711707,1031.284028932717,1086.0865618711707,129701
2025-01-13,1007.1210327148438,1049.966646770484,996.4096292009336,1030.2875565937654,112801
2025-01-14,1000.8934326171876,1038.0096898247436,996.9077942593292,1013.2987441692248,73838
2025-01-15,1036.0169677734375,1061.176312266132,981.4635376358124,1006.3737797077872,83976
2025-01-16,1047.774658203125,1087.4316908870658,1040.2517163905868,1055.5964499434465,48288
2025-01-17,1026.2520751953125,1073.4819171540337,1021.3198960574114,1056.2938506106284,81362
2025-01-20,1007.2705078125,1023.1134450753284,992.3243635328566,1017.3342206343864,58452
2025-01-21,985.050537109375,1007.2705205386588,955.55683635132,1001.391679387984,122400
2025-01-22,1000.1959838867188,1004.3809165354868,968.3108754252748,985.0505452043292,82123
2025-01-23,1004.0819702148438,1022.2663846736542,982.4598696426692,1000.1959484324472,41471
2025-01-24,985.9473266601562,1006.2741073926948,977.2785507355144,994.7157192211664,69084
2025-01-27,952.4180908203124,990.3813330295326,937.123227802991,974.7376901629729,141960
2025-01-28,921.4298095703124,952.4181248790898,893.2314290751328,947.5855624778234,175372
2025-01-29,943.1514892578124,973.492173565403,916.696826694136,925.6645130422309,155539
2025-01-30,911.0172729492188,945.5926977706312,906.7327238896464,945.5926977706312,70659
2025-01-31,984.30322265625,992.3243687815648,929.1519742990612,936.5254298424256,224428
2025-02-01,1048.0238037109375,1059.8312346967916,947.5856541740548,947.5856541740548,87961
2025-02-03,981.961669921875,1042.4436845509065,969.0581533188054,1032.280355189307,96812
2025-02-04,993.5699462890624,1006.2741698311812,979.2714307540062,991.7763601950052,28594
2025-02-05,1008.76513671875,1025.3055122992107,987.5914320186934,1024.0101311235696,65662
2025-02-06,1009.4625854492188,1030.2875713236574,997.4060530899236,997.4060530899236,30339
2025-02-07,1001.889892578125,1023.5618022385668,996.409639560542,1018.0317409022094,31946
2025-02-10,977.4778442382812,1009.4127606253702,974.9868201703956,1001.8898801035592,23573
2025-02-11,936.0272216796876,982.260591574144,918.7892865948836,969.5065605969152,77491
2025-02-12,923.9208374023438,946.4396709085524,897.7650843887967,931.6430121015816,102725
2025-02-13,904.989013671875,926.06310090955,899.7578633038295,923.9207959562302,33431
2025-02-14,867.6237182617188,913.7076653987896,861.1968637410206,913.657857078602,70752
2025-02-17,853.0262451171875,857.809059911023,818.699982612038,856.8624586157424,177555
2025-02-18,847.7951049804688,865.6806699097983,836.2367776585712,859.4033014364227,69357
2025-02-19,847.6456909179688,892.9823294313599,834.4930715376935,846.8485753710468,157200
2025-02-20,867.8229370117188,872.705307470566,843.5105189011649,856.1151244312376,98785
2025-02-21,893.7794189453125,909.672164366239,866.1290523057,867.8229608035822,98893
2025-02-24,900.95361328125,906.2345722371856,872.3566443030851,892.8826586661621,47782
2025-02-25,892.633544921875,906.682957229313,879.8795137894621,899.7578981204429,51518
2025-02-27,851.033447265625,892.6335496411868,837.9805053376643,892.6335496411868,69695
2025-02-28,849.8377685546875,863.737633762802,822.5361213043103,851.9302043793887,65093
2025-03-03,852.2291259765625,865.6308473739291,821.0913257113133,858.3072610779489,104409
2025-03-04,844.2080688476562,873.2534342267743,831.0554494153006,849.9374242868702,164891
2025-03-05,847.6954956054688,865.2322808267035,840.4715257634005,852.6277354539466,168338
2025-03-06,869.317626953125,891.7866528018561,841.9661694051043,856.2148154933714,123784
2025-03-07,922.6255493164062,929.7000336716632,866.9262242428044,869.31763178555,92262
2025-03-10,866.6272583007812,951.7704716388068,861.8943126532633,932.5895866462342,112125
2025-03-11,839.7242431640625,858.2076302422628,832.2013623745655,856.9123098440745,120389
2025-03-12,827.11962890625,847.3966018412108,819.0487350406511,837.9805184539995,194212
2025-03-13,816.3583984375,838.9769092222535,812.0738491878108,828.0662116006371,89668
2025-03-17,814.76416015625,822.5859513633462,805.2484604283765,812.1734586491739,179332
2025-03-18,814.76416015625,814.76416015625,814.76416015625,814.76416015625,0
2025-03-19,888.9468994140625,893.3808737328776,850.6349359566589,852.9266660035113,102219
2025-03-20,873.6519775390625,911.0671481009044,872.8548619744358,888.9469023064224,95024
2025-03-21,867.4243774414062,898.1137813942469,861.8943162460367,873.6519375298892,154596
2025-03-24,882.66943359375,894.7758347488859,866.876365513954,891.7367975847128,91260
2025-03-25,875.495361328125,895.7722733335733,866.9262018678035,895.7722733335733,52893
2025-03-26,876.5913696289062,887.9504637066851,867.9724020262389,876.8404720357346,62208
2025-03-27,882.7192993164062,888.7973736212663,866.2785407236362,885.6088507006773,131487
2025-03-28,900.1065673828125,905.5868200582988,883.2672820150171,885.6088201954102,122028
2025-04-01,882.47021484375,904.2915492933704,867.5738786832177,899.0105904073536,48200
2025-04-02,931.1448364257812,941.30822722092,881.8225577708041,881.8225577708041,166272
2025-04-03,900.4553833007812,931.144787349858,897.765065170917,917.0954360725908,92500
2025-04-04,878.5841674804688,906.6829304493982,878.3350650797088,900.4553704303986,57319
2025-04-07,839.8737182617188,856.8624906300099,808.0882261021918,827.0200094510717,128927
2025-04-08,856.2147827148438,861.9939464044189,846.8983770027196,846.9481853210057,63092
2025-04-09,829.6106567382812,851.5316692093636,822.0379676655878,851.5316692093636,259665
2025-04-11,863.6380615234375,871.858441111056,835.6887830887382,839.973332407566,89023
2025-04-15,916.2982788085938,934.8813428843134,880.5770176115235,885.1604776200675,130216
2025-04-16,925.2659301757812,930.0985532250886,908.725555143221,917.6932415426606,51176
2025-04-17,921.728759765625,936.6250966035342,906.8324229277158,935.8777893456058,56191
2025-04-21,942.50390625,950.5748000371152,910.9675167022356,920.682510727772,84756
2025-04-22,964.5245361328124,975.8337612744912,935.130451612236,936.625066079384,79267
2025-04-23,999.3489990234376,1017.3839880697524,949.1299319354227,974.488567874081,145452
2025-04-24,973.4921875,1014.594083850435,970.5527669917352,1012.053251511975,67718
2025-04-25,946.8382568359376,983.007914468203,926.6609617021014,981.2641976047852,111329
2025-04-28,942.50390625,971.4994025536556,938.0200628535986,966.5173543354316,69087
2025-04-29,928.7533569335938,958.5958363950878,924.2695137669056,950.0267382251564,60481
2025-04-30,926.1627197265624,941.4575827027952,907.2807457141736,936.6250204873252,44931
2025-05-02,930.6466064453124,958.4962681268744,923.7713555830672,926.1627630523748,68865
2025-05-05,936.5752563476562,943.7992262613084,925.7143669096891,938.6178839531404,35510
2025-05-06,904.8395385742188,946.5891253778152,890.491276742312,944.8952168849884,65144
2025-05-07,934.7318725585938,941.5573151815196,895.074780472759,899.3095215043775,60168
2025-05-08,929.4010620117188,971.4993679565004,920.3337589038646,940.710286737934,64677
2025-05-09,1026.202392578125,1050.2158424481102,921.6789888657512,930.0986631434592,1210552
2025-05-12,1056.8916015625,1093.061318267368,1020.1241242471264,1031.2839237982917,287614
2025-05-13,1075.3751220703125,1090.86934088592,1050.21577823684,1062.172694118094,185726
2025-05-14,1102.8262939453125,1108.3562947475957,1073.1332365197125,1085.339255226645,111587
2025-05-15,1082.5989990234375,1128.932044080584,1076.1223368111482,1108.007443087034,143816
2025-05-16,1087.4814453125,1110.9468180582437,1080.9549138784355,1094.057724246593,97139
2025-05-19,1090.669921875,1114.4841355986414,1072.2363443081024,1088.0792812460584,123520
2025-05-20,1073.9801025390625,1103.0254677738783,1071.5886950846902,1090.869318859537,60511
2025-05-21,1092.2642822265625,1120.96093070544,1061.2759643796924,1073.9801882610209,99134
2025-05-22,1085.538330078125,1099.0397280648228,1078.1151276211588,1086.08640398065,59838
2025-05-23,1090.37109375,1124.149282498284,1070.1937989832834,1085.5384097965425,197149
2025-05-26,1086.783935546875,1115.928917244721,1084.093678196811,1101.032641918636,101160
2025-05-27,1081.5030517578125,1101.680347045712,1072.3360100551993,1086.7839498909789,75644
2025-05-28,1076.77001953125,1099.986289390393,1067.3041286744085,1088.0792437548607,51906
2025-05-29,1074.6776123046875,1095.0541397741515,1061.6744184980514,1090.072091822495,169521
2025-05-30,1098.4918212890625,1106.0147631506975,1073.8805504375357,1090.072208006183,97001
2025-06-02,1118.4698486328125,1158.5254685011898,1108.4061353456868,1108.4061353456868,261079
2025-06-03,1104.1214599609375,1143.7786109281951,1096.05056647963,1127.4374690651832,97306
2025-06-04,1098.6412353515625,1121.558656875772,1077.0191950011008,1107.0111005824635,144088
2025-06-05,1112.8900146484375,1118.5695012672072,1098.7409239750823,1105.0183537175485,54791
2025-06-06,1112.591064453125,1135.9070761317114,1101.3317076426256,1102.029145790941,126015
2025-06-09,1188.019287109375,1220.6018343615578,1170.9805846057177,1206.652099111711,808293
2025-06-10,1196.9869384765625,1217.612569187231,1175.7633646816143,1189.71309951682,258012
2025-06-11,1176.759765625,1232.558704553874,1165.2014383161402,1202.6664158419771,192448
2025-06-12,1163.906005859375,1201.6699532608952,1157.3297269589798,1185.727399983802,142886
2025-06-13,1214.822509765625,1220.601733975217,1125.2453859411482,1158.2265186715424,296546
2025-06-16,1248.3021240234375,1255.1772536654855,1186.1261342571129,1214.5238107801513,266952
2025-06-17,1256.5721435546875,1275.4043096406317,1245.5120211334292,1249.4976596010565,215368
2025-06-18,1255.0775146484375,1309.2822215091655,1238.0389347223274,1263.7463511947265,247649
2025-06-19,1231.2633056640625,1275.902504817317,1225.583819543382,1247.5048309498488,96524
2025-06-20,1234.8504638671875,1248.5012267115403,1220.60175795821,1220.60175795821,67836
2025-06-23,1228.9715576171875,1250.1950079548965,1217.3134929568455,1217.612464473274,151652
2025-06-24,1217.7122802734375,1254.180851273397,1215.619844212268,1232.55880925457,160105
2025-06-25,1278.4931640625,1287.660205581334,1221.498582229891,1229.5694758568395,151913
2025-06-26,1267.1341552734375,1290.15131643902,1235.6476333671892,1285.2688846271678,104968
2025-06-27,1252.885498046875,1274.9061266306176,1235.5479460898523,1267.1340828330449,115837
2025-06-30,1278.4931640625,1285.368414793617,1244.1170320389497,1246.9070276386024,92917
2025-07-01,1247.3056640625,1300.9124309211431,1236.0461862244078,1290.3505128259635,124239
2025-07-02,1243.3199462890625,1261.0559641721015,1237.0425171625295,1258.166352008586,52525
2025-07-03,1291.247314453125,1311.4743577556917,1238.5372186337752,1250.4941346624198,315370
2025-07-04,1272.5147705078125,1310.2787214838306,1255.47618940656,1300.3146247425086,140765
2025-07-07,1250.59375,1283.2760357637285,1242.722089296269,1272.614379336737,84543
2025-07-08,1263.5469970703125,1270.322631044076,1246.6080337679357,1258.4653324060057,45334
2025-07-09,1262.1492919921875,1281.7175963232246,1239.785724537806,1266.042990175294,108595
2025-07-10,1263.8466796875,1284.8126167769808,1255.6599073196503,1265.9432490219865,83577
2025-07-11,1213.1290283203125,1265.344244097412,1198.752361398896,1263.8466771654375,154228
2025-07-14,1208.1370849609375,1236.9902309450115,1192.0632249784856,1209.4350249933364,156866
2025-07-15,1252.16552734375,1257.95616797701,1199.850622300327,1199.850622300327,95691
2025-07-16,1236.4910888671875,1252.8645115924137,1233.0965794687868,1246.9740573234697,32951
2025-07-17,1251.6663818359375,1258.6550274561769,1233.795514104886,1236.990274782358,41502
2025-07-18,1232.797119140625,1260.7517012356748,1220.2174597000076,1245.6760969651425,77189
2025-07-21,1225.8084716796875,1241.882331984478,1204.0437840483,1241.882331984478,114886
2025-07-22,1234.1947021484375,1239.985342674744,1216.2239000806876,1225.8084253479951,43094
2025-07-23,1265.1444091796875,1272.9318054442667,1230.0015563194795,1241.9820909589553,91270
2025-07-24,1258.95458984375,1280.918904654664,1254.9610780599476,1267.9399913573056,73020
2025-07-25,1247.3734130859375,1273.8304282939205,1242.980525809019,1245.576284058737,78586
2025-07-28,1221.2158203125,1257.856363019397,1210.233663216624,1248.072210675967,127491
2025-07-29,1236.1915283203125,1251.965948671315,1179.583547332662,1228.0048778833468,215307
2025-07-30,1249.2703857421875,1267.9400047801846,1223.412372293862,1257.9562252149865,203259
2025-07-31,1225.2093505859375,1249.2703562682432,1215.1257578374505,1249.0706075582664,91044
2025-08-01,1154.5242919921875,1227.9050717136531,1138.25068257034,1227.9050717136531,130372
2025-08-04,1181.7799072265625,1195.956946958759,1157.619210064691,1158.2182124483486,82406
2025-08-05,1161.6126708984375,1183.9763599296446,1153.3260856918837,1180.0826617979828,41796
2025-08-06,1150.031494140625,1189.8667955735707,1132.7595082209834,1184.974719630525,55479
2025-08-07,1171.596435546875,1175.3903202183155,1129.4649379983273,1147.2359910383343,80880
2025-08-08,1170.3984375,1177.0875205472348,1144.2408639200148,1171.6962556206502,55515
2025-08-11,1165.90576171875,1185.8733197418674,1143.142696823475,1185.8733197418674,58966
2025-08-12,1189.36767578125,1203.444780208229,1150.331001252461,1163.1102874948897,58487
2025-08-13,1198.6524658203125,1208.7360580966665,1184.0761730559725,1189.3676246018542,37887
2025-08-14,1174.4918212890625,1215.3255030027,1159.1167767917818,1203.0454057141233,70227
2025-08-18,1213.5283203125,1227.0064217721615,1197.5542741380862,1198.0534630810366,188058
2025-08-19,1304.0811767578125,1351.803689585146,1208.0372706041555,1221.71499921662,1093003
2025-08-20,1353.201416015625,1381.255810340528,1302.783332587944,1302.8831460024496,736575
2025-08-21,1341.3206787109375,1363.9838077861623,1330.837710994923,1363.9838077861623,154612
2025-08-22,1376.663330078125,1392.238001163072,1337.8264048465517,1355.5975804658228,207066
2025-08-25,1344.1162109375,1405.2168894603174,1338.824759336615,1402.6211313036256,156629
2025-08-26,1358.991943359375,1374.3669873330623,1322.9505256862967,1343.8166480882794,145937
2025-08-28,1341.0211181640625,1367.6778806535656,1334.83122406392,1356.6957239858743,107055
2025-08-29,1292.8994140625,1361.787490950772,1283.8141993111165,1327.8426414695946,267755
2025-09-01,1326.3450927734375,1342.3191398072163,1290.902675917241,1303.3824001623807,145319
2025-09-02,1338.0260009765625,1366.4797708744704,1310.071420024232,1337.826374147252,353353
2025-09-03,1413.703125,1426.482411037057,1331.137320332608,1344.815048993644,492244
2025-09-04,1367.4781494140625,1452.6398323188582,1358.0934947305996,1447.647942860718,236174
2025-09-05,1400.3248291015625,1415.6998732560965,1369.774489497436,1378.6600772512895,120451
2025-09-08,1434.7689208984375,1446.0506404298974,1409.8094722645062,1415.4003643840454,134434
2025-09-09,1429.177978515625,1441.557888977123,1401.8223994004532,1434.768870438536,87426
2025-09-10,1390.8402099609375,1437.6641572342062,1379.5586129615772,1429.1779451949765,87853
2025-09-11,1391.9384765625,1416.4986714084027,1385.9482089166324,1395.7323614871389,57241
2025-09-12,1398.0286865234375,1408.4117196639222,1369.9741687431776,1391.9384835550316,63589
2025-09-15,1430.97509765625,1437.3646187400077,1388.9432904263222,1407.5132169269384,143839
2025-09-16,1436.665771484375,1452.6398175884403,1415.0010202046565,1438.063524892941,104906
2025-09-17,1456.9329833984375,1506.452505079356,1454.636665376785,1497.5669169973764,346827
2025-09-18,1460.626953125,1468.6139767921222,1436.2665065658148,1467.615598833732,102269
2025-09-19,1478.0985107421875,1483.5895893028642,1449.4451131835776,1467.5157291633438,120740
2025-09-22,1504.2559814453125,1513.1415694148682,1467.8151869261053,1468.7137514393962,187340
2025-09-23,1529.0157470703125,1551.8786252533985,1491.975951519008,1504.255926511177,324977
2025-09-24,1516.7357177734375,1542.1943552446858,1500.062854923543,1531.5117600350848,80476
2025-09-25,1458.5302734375,1510.445923345966,1448.8459348504252,1504.0562805212332,133517
2025-09-26,1449.34521484375,1523.5247449489696,1442.75594477741,1458.530365066434,291441
2025-09-29,1457.7315673828125,1464.6203993616327,1415.799695008451,1460.9264498299558,109214
2025-09-30,1450.0440673828125,1475.20314138507,1422.7883023201164,1457.6317149491838,106886
2025-10-01,1505.853515625,1526.519890508202,1455.1358668513435,1461.225947991663,103905
2025-10-03,1524.02392578125,1536.204087903294,1499.5636662452914,1518.5328471099124,85032
2025-10-06,1543.0928955078125,1549.881914142345,1488.6812986304938,1532.5101138841162,182926
2025-10-07,1516.436279296875,1574.941202278035,1513.5409588928692,1553.4760765417575,160533
2025-10-08,1494.9710693359375,1526.2202240122729,1491.4767467385252,1516.536007276936,103092
2025-10-09,1499.5635986328125,1506.6520573144728,1488.881003902791,1506.6520573144728,45940
2025-10-10,1504.1561279296875,1539.498730155978,1496.6682936390455,1506.5522592771536,101478
2025-10-13,1527.01904296875,1535.8048174961132,1491.6764398946525,1504.156164011756,51854
2025-10-14,1527.5181884765625,1541.4954790900736,1514.239713644806,1528.5165663775276,120847
2025-10-15,1529.8145751953125,1561.1635451975749,1522.526367441587,1529.0158240896988,105857
2025-10-16,1501.4605712890625,1568.9508939931488,1494.5717392985962,1541.495501320663,73061
2025-10-17,1464.72021484375,1511.7437902696963,1453.1390554032484,1501.560384284772,103538
2025-10-20,1527.5181884765625,1551.3794446840882,1444.7526361120974,1464.7201941313988,213640
2025-10-21,1545.38916015625,1561.463019809238,1532.1106854716118,1534.9061923122622,28862
2025-10-23,1506.95166015625,1572.4452274786788,1499.5636391574449,1567.4533378676354,130378
2025-10-24,1505.6536865234375,1549.6821275362838,1497.566849908393,1519.0319747570795,70303
2025-10-27,1490.77783203125,1517.734035340294,1471.908587212761,1517.734035340294,66489
2025-10-28,1522.5263671875,1531.911144251511,1485.7860100369376,1497.4671051249738,134346
2025-10-29,1566.25537109375,1586.2229300221643,1509.94683054116,1529.8145760493935,292865
2025-10-30,1578.735107421875,1625.3593091251282,1555.2732255026856,1567.4533877926604,306148
2025-10-31,1611.881103515625,1622.3640713613445,1569.450043187713,1596.2066193904695,214192
2025-11-03,1629.5523681640625,1642.0320919794112,1571.7463849492092,1611.8811279904498,305002
2025-11-04,1727.7928466796875,1783.5023847414625,1672.283057330232,1702.234395670475,2749854
2025-11-06,1706.427490234375,1737.077765467977,1686.2603050215237,1737.077765467977,211722
2025-11-07,1688.0574951171875,1730.1889960706185,1680.9689141386125,1713.316384256114,160578
2025-11-10,1745.663818359375,1780.7068594835778,1650.518352458809,1692.2505988671094,426807
2025-11-11,1761.5380859375,1771.6216788957215,1718.408085212934,1761.5380859375,146493
2025-11-12,1745.16455078125,1786.4974197794768,1698.240789976491,1767.6280532941666,120187
2025-11-13,1760.2401123046875,1795.0835266003685,1745.264443284106,1745.264443284106,121733
2025-11-14,1755.84716796875,1777.1126660359666,1752.1532184792818,1765.1321312087578,77477
2025-11-17,1740.771728515625,1791.788816192485,1730.1889468676986,1777.1127094197943,108502
2025-11-18,1714.514404296875,1757.1450915765445,1706.8268213978467,1745.1645568612498,80956
2025-11-19,1755.447998046875,1811.0576011070264,1715.7125068921855,1772.1208610611752,384920
2025-11-20,1765.531494140625,1787.096432301196,1733.5834014961345,1773.1191417692312,131176
2025-11-21,1694.7464599609375,1767.128856630845,1680.269980626956,1765.5314763891415,127422
2025-11-24,1685.261962890625,1708.2246555129498,1676.675936980217,1696.2441202317368,72666
2025-11-25,1696.6434326171875,1718.7075598975257,1671.3844229240856,1685.0622733176365,104689
2025-11-26,1688.8560791015625,1725.9958111569088,1681.6678067668793,1692.2505884321708,105107
2025-11-27,1666.492431640625,1709.023429967968,1658.505408010673,1705.3293584157298,85992
2025-11-28,1692.350341796875,1703.1328717885838,1670.2862147393332,1674.6791018423369,109595
2025-12-01,1678.373046875,1713.715648563261,1670.2862103386751,1709.2229480572696,67288
2025-12-02,1664.5955810546875,1696.3439262887218,1657.4071867937748,1686.659709060696,96186
2025-12-03,1699.6385498046875,1725.6961884434609,1664.3957614248418,1664.3957614248418,125842
2025-12-04,1659.7034912109375,1699.5387948965003,1641.8325019324984,1688.2570755657373,57778
2025-12-05,1665.5938720703125,1681.467982922775,1634.6441576766404,1657.4071003008642,71965
2025-12-08,1658.6053466796875,1672.283075924896,1623.0629939562127,1672.283075924896,112839
2025-12-09,1699.3389892578125,1706.227821101906,1627.1563406341672,1650.3186590295206,155429
2025-12-10,1673.7806396484375,1718.9072744140435,1667.590745083421,1680.2700963485358,93982
2025-12-11,1688.556640625,1692.1507767961273,1657.6069248157655,1667.3909553998174,36376
2025-12-12,1664.5955810546875,1701.2360025484456,1659.5037560844262,1692.150787707419,49764
2025-12-15,1723.599609375,1736.0793329688986,1652.3154038321904,1659.3040490447736,110274
2025-12-16,1654.9112548828125,1730.0891627823585,1651.317118660431,1723.200330597282,91476
2025-12-17,1643.230224609375,1668.1896723315167,1618.4704037200893,1656.8081397957594,66524
2025-12-18,1670.88525390625,1697.342268649581,1621.6652958278885,1647.3235594904236,81912
2025-12-19,1709.0233154296875,1746.1629240709556,1672.282960445312,1672.282960445312,128190
2025-12-22,1720.304931640625,1730.78789956945,1700.2375602656205,1714.0152240067112,43134
2025-12-23,1776.71337890625,1779.1095103653788,1723.1005316357453,1723.1005316357453,133611
2025-12-24,1749.6573486328125,1797.080301020863,1739.2741936302305,1796.0819230758516,109789
2025-12-26,1746.1629638671875,1761.7376348822795,1729.4901015260104,1749.657286550741,52021
2025-12-29,1731.586669921875,1756.6459310658877,1714.31468334548,1746.1629630203113,99775
2025-12-30,1711.2197265625,1737.1775520529463,1677.2748778442242,1726.1953951146809,62006
2025-12-31,1696.7432861328125,1736.87803003028,1677.274916565534,1715.1134643553723,91792
2026-01-01,1776.9130859375,1787.0964920595316,1720.6045463942355,1757.1451542037853,201516
2026-01-02,1837.2149658203125,1865.9682981360163,1786.197879421766,1797.0802229239323,510731
2026-01-05,1826.332763671875,1862.7735574698784,1809.060777040612,1844.0040039702044,111484
2026-01-06,1780.9066162109375,1835.0186517519803,1768.626518813185,1835.0186517519803,70060
2026-01-07,1784.900146484375,1809.95940863702,1768.4269103211382,1770.124104086003,64645
2026-01-08,1753.6507568359375,1820.442261786728,1740.1726553743465,1785.1994736604615,90845
2026-01-09,1679.171875,1753.1516556860963,1672.283042866863,1743.1678763256973,171502
2026-01-12,1663.9964599609375,1679.671066705696,1623.3625266468066,1667.390969323467,169599
2026-01-13,1716.8106689453125,1725.1970679556694,1666.8917723030768,1677.274927179123,130319
2026-01-14,1681.867431640625,1725.197058051804,1672.2830279147984,1725.197058051804,94676
2026-01-15,1681.867431640625,1681.867431640625,1681.867431640625,1681.867431640625,0
2026-01-16,1668.28955078125,1709.4226734818706,1662.2992830944231,1694.3471908444849,49335
2026-01-19,1660.0029296875,1681.5679903983273,1647.3235787695294,1668.2895152265962,88335
2026-01-20,1576.2391357421875,1659.3041313547037,1552.976881060314,1659.3041313547037,341773
2026-01-21,1566.5548095703125,1592.1132605951157,1522.326739717626,1572.4452638219484,194926
2026-01-22,1612.1806640625,1624.161198731662,1575.4403089948155,1600.1001941065874,85845
2026-01-23,1568.85107421875,1631.3495070927636,1557.46954165527,1631.3495070927636,102619
2026-01-27,1616.0743408203125,1624.5605534053118,1525.3218825562246,1575.9395959319447,110616
2026-01-28,1659.903076171875,1776.1142883868224,1627.655543047424,1776.1142883868224,209924
2026-01-29,1619.968017578125,1709.522591726498,1565.4566065460713,1697.2424943420417,438433
2026-01-30,1665.5938720703125,1677.2748445602945,1587.4208350302786,1617.372171540284,118310
2026-02-02,1637.040283203125,1662.2992942002566,1622.9631784194946,1652.3155146555105,201047
2026-02-03,1748.359375,1765.132172903206,1669.7870809845092,1697.2424739453904,224240
2026-02-04,1766.6297607421875,1772.1208393994816,1730.188966016508,1748.2595823142328,127048
2026-02-05,1783.9017333984375,1793.1865750205434,1718.2084168803535,1777.1127147280822,100584
2026-02-06,1754.5494384765625,1783.1030235497622,1731.7863724057272,1783.1030235497622,48203
2026-02-09,1819.943115234375,1829.028329834529,1738.675129043031,1764.233579146607,172335
2026-02-10,1787.495849609375,1831.0251024803576,1760.6394592279776,1831.0251024803576,89731
2026-02-11,1847.697998046875,1862.8734158027205,1787.4958816085868,1804.767746783991,234531
2026-02-12,1900.412353515625,1915.8872111355315,1762.2368262640628,1847.697951067925,230873
2026-02-13,1800.6744384765625,1900.412419625707,1787.6955251825598,1861.9748687165447,112915
2026-02-16,1822.1395263671875,1860.7768251843413,1787.6954879580117,1809.5599888878623,91106
2026-02-17,1856.883056640625,1871.958538361772,1799.8757036601746,1819.0445103440788,88512
2026-02-18,1854.7864990234373,1866.6670984565185,1831.025056412673,1858.3806350650543,44793
2026-02-19,1838.113525390625,1926.8693449821385,1829.427686418642,1882.6411553095345,143863
2026-02-20,1833.4212646484373,1859.878279932287,1803.0705510426928,1839.411532259875,67640
2026-02-23,1824.0364990234373,1898.3158422415463,1812.055963726075,1898.3158422415463,143630
2026-02-24,1843.005615234375,1851.292200606506,1802.371683192376,1831.923644847676,61840
2026-02-25,1842.6063232421875,1855.4854231932936,1822.139575232792,1843.0056987973203,55146
2026-02-26,1816.6484375,1852.9894181353045,1803.769337967164,1846.9991506197807,59772
2026-02-27,1756.8455810546875,1815.7498784681168,1748.75874425883,1802.870900768788,115971
2026-03-02,1718.108642578125,1763.934214965573,1650.3187552389188,1653.4137025167502,127060
2026-03-04,1661.89990234375,1683.7644037067546,1654.212440918619,1679.271702955684,103864
2026-03-05,1669.9866943359375,1686.8593055210245,1647.32356435106,1686.8593055210245,81025
2026-03-06,1629.9517822265625,1687.158886297204,1609.0856591396418,1681.2684321426705,95015
2026-03-09,1596.905517578125,1607.2886725451544,1547.4858094692677,1594.3097593044445,153846
2026-03-10,1695.944580078125,1703.332601305074,1612.3803941576991,1622.3641736880872,106339
2026-03-11,1618.9696044921875,1694.6466992870469,1598.4030437934782,1679.2716550035166,124401
2026-03-12,1603.8941650390625,1618.9696476002312,1558.5677820634348,1617.3722672662816,140954
2026-03-13,1549.68212890625,1598.203392384018,1537.4021538495267,1597.40464131444,178717
2026-03-16,1577.63671875,1590.9151936524054,1522.7259339047648,1561.3632320010663,98451
2026-03-17,1616.972900390625,1623.8617326070716,1563.759428879545,1599.4014728782838,91324
2026-03-18,1654.8114013671875,1672.1832015388063,1617.1726025556009,1633.146649265631,72737
2026-03-19,1593.810546875,1632.3479104788155,1580.8316338253214,1627.3560208443237,68546
2026-03-20,1581.23095703125,1623.2626419879464,1557.4695144086588,1607.2885956863192,71339
2026-03-23,1516.13671875,1559.1667836871836,1500.562047225119,1557.4695899342553,103596
2026-03-24,1585.4241943359375,1596.4063518533778,1524.7227658542529,1562.461501344926,76546
2026-03-25,1651.117431640625,1663.2975933592809,1585.4241165993624,1585.4241165993624,126724
2026-03-27,1613.478515625,1642.9306639635831,1590.4160102834855,1626.7569905740284,85309
2026-03-30,1548.3843994140625,1605.4915698619054,1522.8259480640977,1575.4404177010058,218563
2026-04-01,1584.42578125,1620.3673868738183,1568.3519208871423,1619.3690089398235,83101
2026-04-02,1601.29833984375,1607.9874230317605,1541.9946681478382,1570.2488114960363,64354
2026-04-06,1594.2099609375,1608.08731695883,1560.6643642853846,1587.4209421216417,60196
2026-04-07,1606.7894287109375,1642.331657843609,1571.0474508733832,1594.3097048671411,79954
2026-04-08,1720.704345703125,1733.0842562897817,1642.3316789565656,1652.315458159949,243849
2026-04-09,1731.8861083984375,1770.223844443192,1702.234333277366,1710.7205454960508,100215
2026-04-10,1790.490966796875,1810.458524981579,1732.1856725230784,1747.1613411616063,160129
2026-04-13,1744.166259765625,1772.0210286434983,1727.1938347993882,1742.1695038872442,69614
2026-04-15,1744.2659912109375,1791.988503210377,1739.1742883348193,1791.988503210377,73150
2026-04-16,1692.849609375,1767.1289524277815,1688.1572818095665,1767.1289524277815,131186
2026-04-17,1701.036376953125,1721.003935683072,1667.5907160804634,1706.4275203123652,147660
2026-04-20,1679.4713134765625,1709.4226515260004,1668.189715934658,1701.0363743700032,68267
2026-04-21,1690.2537841796875,1697.2424294775362,1664.4955856186957,1687.2586504806095,70247
2026-04-22,1712.71728515625,1743.6670000148008,1668.2894686657498,1690.2537824363342,141457
2026-04-23,1671.28466796875,1726.7944569390093,1662.2992665280576,1703.2327619801,82013
2026-04-24,1613.9776611328125,1681.2683548151963,1602.596128893214,1668.1896289235765,144894
2026-04-27,1632.5474853515625,1641.9322619401523,1604.3932774580946,1619.3689458848971,129695
2026-04-28,1625.3592529296875,1638.9371682602905,1588.5190833260465,1632.5475252010935,145953
2026-04-29,1730.18896484375,1738.076174920615,1639.3365725755552,1639.3365725755552,209990
2026-04-30,1805.8660888671875,1812.055983422517,1703.4324134634726,1705.229542526534,226743
2026-05-04,1868.5640869140625,1886.9342649793275,1815.350617009192,1836.9155556630665,181142
2026-05-05,1883.140380859375,1896.4188559224683,1846.5997734219047,1867.965085249244,114948
2026-05-06,1946.3377685546875,1969.7996498375985,1829.128175558364,1897.0178745897665,574107
2026-05-07,1993.660888671875,2030.60087163497,1951.9286429538352,1951.9286429538352,591632
2026-05-08,2009.235595703125,2030.2015323539404,1968.2022869181333,1986.7720921486805,264250
2026-05-11,2008.436767578125,2025.708753953162,1976.7882369774568,2009.6348941784624,105457
2026-05-12,1965.40673828125,2011.7314978925413,1948.8336892735688,1984.775294198696,138691
2026-05-13,1931.9610595703125,1996.0569941940064,1928.866112439306,1946.8369147291128,77851
2026-05-14,1944.93994140625,1969.6997618051687,1916.086796036429,1935.854726989784,51830
2026-05-15,1899.6136474609373,1963.6097705682075,1888.931052309379,1956.8207518638387,66833
2026-05-18,1864.67041015625,1892.3255519264576,1847.3985450994871,1892.3255519264576,46393
2026-05-19,1979.0845947265625,1996.7558351184389,1859.0794959125617,1860.976438330385,124625
2026-05-20,1963.2103271484373,1982.67869620056,1919.0819508402465,1982.67869620056,63190
2026-05-21,1966.4051513671875,1988.96846826596,1935.5552488802075,1970.9976654819689,63674
2026-05-22,1977.087890625,2014.7266903529385,1945.4392366868544,1966.405173504204,67339
2026-05-25,2011.7315673828125,2018.121210631344,1972.794827368952,2009.734811484666,67341
2026-05-26,2035.0936279296875,2046.475160879762,1990.7656227870489,2012.729937582092,87164
2026-05-27,2035.5927734375,2081.6179713553565,2027.7055634641383,2052.6650115619245,102786
2026-05-28,2035.5927734375,2035.5927734375,2035.5927734375,2035.5927734375,0
2026-05-29,2101.78515625,2116.4612629796475,1991.963584641658,2027.6057496415667,165769
2026-06-01,2005.2420654296875,2134.3323800785643,1989.1682051870623,2099.588779486499,345269
2026-06-02,2014.92626953125,2061.949967064272,1983.277738214033,2006.7396193356185,116994
2026-06-03,1967.4034423828125,2047.5731136929087,1946.337693313358,2014.9262054932028,111134
2026-06-04,1986.5723876953125,2020.1178606515384,1961.2135647434884,1967.403458954397,55389
2026-06-05,2000.5496826171875,2039.3864853875737,1979.8831869860344,1992.362910722612,49604
2026-06-08,2057.8564453125,2078.6227540441864,1968.3019978857408,1986.771988735797,108178
2026-06-09,2074.828857421875,2109.572456327057,2057.0576824436025,2080.619497863505,98606
2026-06-10,2074.4296875,2125.546588170683,2057.457262888022,2074.130125375573,91448
2026-06-11,2090.703369140625,2114.464569429348,2021.715355081718,2084.6131661287045,60528
2026-06-12,2111.76904296875,2128.841403830996,2062.049771088424,2126.5450857406613,76671
2026-06-15,2200.225341796875,2246.35035364275,2132.734895896252,2156.49633949704,158547
2026-06-16,2215.89990234375,2278.897649689713,2200.225416978325,2224.386115080818,110788
2026-06-17,2189.94189453125,2282.990664825098,2175.365479887225,2216.298973242949,113799
2026-06-18,2212.50537109375,2239.3616392200806,2190.4411219121075,2212.804689469339,62588
2026-06-19,2211.70654296875,2232.3729161177,2183.4524005140474,2204.1187736629977,60172
2026-06-22,2181.6552734375,2251.3420975335785,2170.4734900390245,2250.343719663276,58061
2026-06-23,2140.22265625,2206.315224504824,2126.4449924761293,2181.655339114885,62742
2026-06-24,2154.199951171875,2171.471937631613,2111.569263490051,2138.7250936853047,43914
2026-06-25,2141.39990234375,2190.0,2129.89990234375,2168.199951171875,47083
2026-06-26,2141.39990234375,2141.39990234375,2141.39990234375,2141.39990234375,0
2026-06-29,2207.199951171875,2216.0,2114.10009765625,2141.60009765625,93653
2026-06-30,2218.0,2263.0,2200.0,2230.0,120306
2026-07-01,2227.699951171875,2248.5,2205.10009765625,2241.699951171875,37975
2026-07-02,2226.800048828125,2239.0,2186.60009765625,2227.699951171875,66821
2026-07-03,2187.39990234375,2252.0,2174.10009765625,2237.800048828125,57634
2026-07-06,2197.89990234375,2225.0,2151.0,2190.89990234375,80894
2026-07-07,2208.300048828125,2248.300048828125,2186.0,2197.89990234375,65211
2026-07-08,2216.5,2268.0,2192.0,2192.0,134710
2026-07-09,2197.800048828125,2288.89990234375,2173.5,2216.5,194439
2026-07-10,2183.39990234375,2230.0,2168.0,2204.10009765625,93163
2026-07-13,2154.60009765625,2200.0,2150.10009765625,2176.699951171875,43004
2026-07-14,2159.199951171875,2175.0,2129.0,2160.0,61367
2026-07-15,2171.300048828125,2185.0,2160.0,2164.39990234375,22179
2026-07-16,2138.89990234375,2189.89990234375,2131.199951171875,2176.5,53064
2026-07-17,2175.300048828125,2186.60009765625,2104.0,2138.89990234375,95491
2026-07-20,2174.300048828125,2187.300048828125,2155.0,2177.0,35477
2026-07-21,2225.60009765625,2239.89990234375,2169.5,2171.0,73578
2026-07-22,2240.199951171875,2250.0,2195.0,2230.0,80609
2026-07-23,2275.199951171875,2339.5,2217.60009765625,2224.5,189561
2026-07-24,2335.60009765625,2365.5,2245.10009765625,2295.0,166714
2026-07-27,2419.300048828125,2434.0,2335.60009765625,2371.60009765625,150998
2026-07-28,2355.60009765625,2439.89990234375,2299.199951171875,2423.0,207559
2026-07-29,2347.699951171875,2390.10009765625,2333.89990234375,2385.0,54235
2026-07-30,2359.0,2416.89990234375,2347.699951171875,2347.699951171875,75434
2026-07-31,2391.699951171875,2399.199951171875,2366.199951171875,2388.10009765625,77584
2026-08-03,2483.39990234375,2498.89990234375,2410.0,2430.199951171875,155265
2026-08-04,2432.39990234375,2542.0,2381.5,2485.0,266543
2026-08-05,2510.300048828125,2543.10009765625,2425.10009765625,2429.800048828125,262112
2026-08-06,2437.699951171875,2590.0,2402.0,2520.0,375740
2026-08-07,2446.10009765625,2479.60009765625,2367.60009765625,2442.5,198016
