Date,Close,High,Low,Open,Volume
2021-07-27,386.4710693359375,404.8396570911106,383.791302759241,397.5799139244258,2330599
2021-07-28,408.0553894042969,413.463634013369,385.3991797239389,390.2227717447058,4790986
2021-07-29,424.2801818847656,427.7395352049477,405.4731023120421,410.00433860928575,2548002
2021-07-30,428.0318298339844,432.61180666999496,415.80236087685614,421.795287777209,1833069
2021-08-02,428.0318298339844,442.64873921932247,424.3776024876498,431.344990013692,2478124
2021-08-03,424.91357421875,435.38902669146125,421.161924333021,431.68608794521685,909060
2021-08-04,411.1737060546875,428.5190946951128,410.2479564903752,428.5190946951128,1674935
2021-08-05,399.0415954589844,414.1457339928409,397.5799046331273,414.04828199014855,1476251
2021-08-06,400.94183349609375,411.70961143844335,397.5799324659998,399.7237577226073,1736766
2021-08-09,465.5972595214844,474.2699825912416,416.3382884319981,416.7768075941957,13161558
2021-08-10,476.8523864746094,545.1133816464543,461.894407621917,468.9592482448261,20850838
2021-08-11,486.1583862304688,509.5454703127522,466.1332328435989,485.0864736253951,7578893
2021-08-12,478.7038269042969,495.7568894403278,474.4162057000168,490.8358747180599,1918516
2021-08-13,488.984375,504.1859978431832,481.5297564762356,481.5297564762356,2797664
2021-08-16,503.0653381347656,528.1577012475409,480.4578379204104,490.6409641663041,5838267
2021-08-17,483.6735534667969,510.4224806816126,481.3835649732357,502.2370468415671,2846613
2021-08-18,461.6507873535156,491.859071064247,452.2472469202309,486.2072105233187,3623680
2021-08-20,454.439697265625,480.40906576556,451.175248376175,455.6577729901827,2441515
2021-08-23,433.8298950195313,468.6181225214936,426.9599295665024,460.0915917997118,2657952
2021-08-24,438.6534118652344,444.8412423227256,428.9575472084442,437.1917210361345,2849668
2021-08-25,460.3352355957031,478.6063739931155,443.6232402891728,445.32854653959794,4691070
2021-08-26,459.4582214355469,471.63898022227926,454.24485072718926,462.8688338958319,2658679
2021-08-27,462.0892639160156,466.6692112449709,455.26803919196414,458.97097786117735,1346020
2021-08-30,499.5572814941406,508.3761385781288,470.6644991140884,470.6644991140884,5769574
2021-08-31,487.3278198242188,505.5502177371428,483.7223032072037,496.9749751590823,2502460
2021-09-01,485.7199096679688,499.9957221161102,483.332469245176,487.3277637490721,1701574
2021-09-02,481.9195251464844,497.9494154854668,480.4091229634738,485.7686567896383,1525755
2021-09-03,512.27392578125,525.0393352642611,478.460132619395,483.3324353955599,8377452
2021-09-06,534.7353515625,547.5495345749996,513.8331559933943,518.8029416436215,5941536
2021-09-07,534.8814697265625,546.5749974205545,526.7933988237987,536.3918718250983,3524987
2021-09-08,530.9349975585938,537.8049944844872,512.6638556841394,537.8049944844872,3217349
2021-09-09,536.4406127929688,556.4170570477478,531.275983002859,531.5683093161933,4521235
2021-09-13,568.549072265625,574.2496432187046,532.05550940477,538.8767338843182,5695633
2021-09-14,557.3915405273438,581.5581548647251,552.7141408937156,572.4469707812658,3046264
2021-09-15,567.5746459960938,574.2496779933263,552.7141203371744,560.7047099638,3207889
2021-09-16,570.4005126953125,594.4209912981496,567.6720347944613,569.2312075066317,4361456
2021-09-17,555.8323364257812,577.1242762240897,545.9415377873302,573.9572793516064,2113066
2021-09-20,551.6421508789062,565.1871777217465,541.8975443664623,549.5958073018362,1784926
2021-09-21,548.426513671875,558.073699159498,533.1762381900934,555.2477391142525,2457993
2021-09-22,560.1200561523438,569.0851074109402,546.7212201473773,551.1550048937472,1786786
2021-09-23,560.1687622070312,572.7393302080133,557.4889950303881,565.6257783252883,1348917
2021-09-24,543.7490234375,563.9690812086974,540.8743527265646,562.0688711132414,1243064
2021-09-27,546.1851806640625,552.3242707102427,534.0044228437221,549.4983705817377,1602071
2021-09-28,542.043701171875,549.9855787413844,538.5843779855096,548.6213101299157,1117400
2021-09-29,548.864990234375,559.1455387420724,536.9278466385098,538.8767680419163,1092189
2021-09-30,541.6539916992188,552.3243489567529,540.7283015548177,550.9601395734244,628272
2021-10-01,548.182861328125,557.2453340492914,535.1738346208787,536.9278520062073,1605653
2021-10-04,560.5097045898438,566.9411202495543,549.6444459704711,549.6931571013392,1332619
2021-10-05,570.3030395507812,574.7855343111735,540.8256077756234,560.8994714088263,2312586
2021-10-06,566.2103881835938,576.3935145798973,558.3659913005599,572.9829020675903,1145894
2021-10-07,636.2741088867188,671.4034042837995,569.0850335293743,570.059494203226,8928123
2021-10-08,614.8358764648438,643.1439426514282,611.0354566495453,640.8052136148831,2400741
2021-10-11,635.1533203125,648.9419597071197,612.3509810770719,616.6385714448296,1912860
2021-10-12,634.3739624023438,643.1441093479982,618.7825900545134,634.3739624023438,1197495
2021-10-13,722.4652099609375,729.8710877281142,652.888689957058,652.888689957058,7037231
2021-10-14,735.864013671875,792.2365407846414,700.0038127071767,728.6042696378014,5972558
2021-10-18,746.0957641601562,785.3665134963823,735.7177352302739,742.5389592655215,2396092
2021-10-19,679.7837524414062,753.5504384490043,656.7865039855714,751.6989988268493,1716466
2021-10-20,626.9192504882812,676.2757073902302,613.9102242879611,674.2293637664808,4178371
2021-10-21,609.1840209960938,636.7125308274252,585.6507755267339,626.7730215771257,2746143
2021-10-22,600.365234375,649.4293680134801,595.6391236060534,613.6666471834964,2566541
2021-10-25,588.5742797851562,610.889454249675,571.0339866789761,602.216729978852,1874816
2021-10-26,622.9727172851562,637.3460126948407,592.4721090907251,592.4721090907251,3210594
2021-10-27,599.3419189453125,631.3529820729772,596.3698263140174,626.5781018299234,1718860
2021-10-28,651.3295288085938,687.3845732216216,602.2166877635474,602.2166877635474,7525179
2021-10-29,631.158203125,660.7817725239199,620.926365842443,647.0419005350305,2563167
2021-11-01,631.8403930664062,652.693818056872,628.722106677483,637.0050233012412,1838861
2021-11-02,632.7659912109375,652.1090705523758,631.8403011863385,636.322796328585,1857969
2021-11-03,627.1141357421875,638.7102411998671,619.4159323380543,637.2972613703647,1127716
2021-11-04,627.1141357421875,627.1141357421875,627.1141357421875,627.1141357421875,0
2021-11-08,649.2831420898438,662.389650189678,639.879632171643,651.9141978328718,1739351
2021-11-09,667.4568481445312,679.7350288021088,644.5083112498622,650.9397278845248,2961288
2021-11-10,669.1134033203125,683.0968893182392,659.0277002957775,662.6332164570651,1784031
2021-11-11,677.2500610351562,695.1801583840371,669.4543768793559,669.4543768793559,2305663
2021-11-12,662.58447265625,685.143199036203,653.0834821533902,683.0968556415128,1816218
2021-11-15,672.670166015625,682.1224460924635,666.5310758960643,667.6029588065238,1495935
2021-11-16,694.4006958007812,702.4887674803955,674.8140588226124,678.029767352054,2855058
2021-11-17,692.7440795898438,707.4584111834192,689.528311957925,690.3079280361819,1717766
2021-11-18,691.8670043945312,701.562898957021,672.377793003136,695.47252039721,2185044
2021-11-22,678.565673828125,705.314631511625,663.9487635613339,698.1036581324906,2997923
2021-11-23,719.8341674804688,729.8711013040636,670.3315733059867,672.3779170891908,3179965
2021-11-24,722.9036254882812,749.7500645738934,715.3028441445225,728.9940046862224,2527904
2021-11-25,740.5413818359375,755.2070027028306,725.9731832433662,728.799142914991,2012494
2021-11-26,710.674072265625,748.8729379921132,706.53261489872,725.9731149045209,2200440
2021-11-29,724.5115356445312,728.7017047893013,658.9303419596059,706.4840125652793,2865447
2021-11-30,729.1888427734375,751.2603987813334,717.7389309167526,730.8454376607393,1737253
2021-12-01,725.6808471679688,746.4368468093006,722.3189460801489,739.274584928762,1408465
2021-12-02,739.56689453125,747.4112905748676,726.9963288262151,729.6760955134131,1741210
2021-12-03,746.8265991210938,791.7492072756708,743.9032174326912,747.7035779418029,3977053
2021-12-06,732.5507202148438,752.2348352672008,729.5299162931584,751.6988938586891,1219012
2021-12-07,741.1260375976562,758.130387884423,735.9126968956781,739.7130577558133,2180750
2021-12-08,751.698974609375,758.1303911551089,744.244326792692,752.2836272130386,1162024
2021-12-09,756.181396484375,797.0113178428225,752.8682067814024,762.0281598592542,5381019
2021-12-10,769.1417846679688,771.772840337117,755.4506243325126,758.0816800016607,1666681
2021-12-13,801.6887817382812,808.3151022058789,775.0860181179163,777.3272656983211,4051746
2021-12-14,779.1787719726562,818.4495867739278,774.6962764278952,801.3965240852633,3330102
2021-12-15,776.352783203125,789.2643863408545,770.5060195181154,785.1229287306394,1914028
2021-12-16,759.5921020507812,786.6333859916526,756.278911939554,786.2923485433028,1694604
2021-12-17,736.5460205078125,778.4965969068421,722.3189195424427,758.7149991514423,12307302
2021-12-20,681.3916015625,736.010108462478,672.3778406551663,733.7688608888989,3720125
2021-12-21,691.1848754882812,710.1381456094226,686.2151503352782,695.7648520962302,1682321
2021-12-22,678.322021484375,704.5350362502019,676.2756779497097,696.5444471803086,1580443
2021-12-23,680.6607666015625,692.8415247726714,674.2293500777603,684.9484172683361,1653715
2021-12-24,694.5468139648438,699.467828250593,662.779421220481,685.7766682956981,2108002
2021-12-27,686.5562133789062,697.7137992992847,676.6654738372229,693.8159568450988,1256299
2021-12-28,710.235595703125,713.3051704320018,687.4819641253788,690.4053459714116,1299478
2021-12-29,691.282470703125,715.8388336974459,688.2128955906533,711.3563380972415,1025937
2021-12-30,704.6812133789062,709.1149972557807,691.623417424243,691.6721285594351,939497
2021-12-31,724.5602416992188,729.5787380955215,703.5606255063177,706.4840076067594,1533044
2022-01-03,721.6368408203125,730.845506092348,717.7389981211534,724.5602228446819,801634
2022-01-04,734.8895874023438,758.861297702961,724.9987871473554,725.9732478827685,2515125
2022-01-05,719.5904541015625,735.7177654082875,717.203013696026,733.7688441754179,859528
2022-01-06,713.597412109375,716.2284673541088,699.6626388574832,713.3050858547043,1238144
2022-01-07,715.4003295898438,725.3885515260187,708.5791048529438,716.326019651621,802851
2022-01-10,720.6137084960938,728.7017206447936,715.156752208778,719.1520174038095,893975
2022-01-11,736.7896728515625,749.3602390130661,721.100880194628,721.100880194628,1570079
2022-01-12,740.0054321289062,756.2788771989274,722.0753326030119,743.5134666344103,2075189
2022-01-13,732.5507202148438,740.0053672307168,726.9475720389404,739.6155592192437,805465
2022-01-14,736.9359130859375,746.4369050232438,726.1194229786258,729.8223617871241,605337
2022-01-17,750.5783081054688,774.5013049268338,742.5390078239107,743.5134684640996,1816236
2022-01-18,751.0167846679688,769.6289580487759,744.4878868539525,754.2324927028262,1800340
2022-01-19,720.467529296875,751.2605245790448,718.2262814746917,751.2605245790448,1244871
2022-01-20,717.3493041992188,725.7783539926301,701.611739311614,720.4188198728887,1261565
2022-01-21,684.217529296875,706.2890260467505,675.4473839581909,701.6603382291116,2285011
2022-01-24,634.5200805664062,685.9228802207513,591.3027147446631,685.9228802207513,5574120
2022-01-25,611.2304077148438,630.281100436273,601.0472826101346,615.2256723605408,3610984
2022-01-27,587.5023803710938,605.919651932536,584.6764205479011,599.2933310615987,3135738
2022-01-28,609.476318359375,639.2460740913793,595.6389676651762,595.8825827848757,3524513
2022-01-31,625.9447021484375,633.2531561759027,619.2696712605597,626.5781252880249,1175644
2022-02-01,646.9444580078125,651.9628947368471,626.5782063589455,636.9074655970253,1886495
2022-02-02,658.3943481445312,662.5358058201095,623.6548029106085,623.6548029106085,2360278
2022-02-03,668.9185180664062,681.6352175201527,653.1809549435538,663.1204653644944,1969604
2022-02-04,664.630859375,671.8906029482473,650.7447954271936,670.4289120063729,895020
2022-02-07,642.997802734375,666.2387237162693,638.2716926177475,663.5589570678742,846598
2022-02-08,609.4276123046875,654.5451209533978,606.1631339877267,651.1832203782852,1824482
2022-02-09,631.4992065429688,633.3994166883052,611.6689562879625,619.2697373929507,995602
2022-02-10,626.6268920898438,638.9538427685159,620.9263212325161,635.0560002742457,447740
2022-02-11,616.353515625,622.3536567706858,612.2070930822122,616.5974228333993,658919
2022-02-14,588.8895874023438,606.7436441282008,554.6938059498644,554.6938059498644,1723385
2022-02-15,636.4515380859375,643.622446781506,581.0845937491413,605.8655935356904,1867264
2022-02-16,635.378173828125,651.3785078979042,626.7438838838387,643.9149247240883,1181020
2022-02-17,641.134521484375,647.4761089983741,634.1587513999123,636.6953625864483,886645
2022-02-18,640.597900390625,646.8419490573015,628.3537698255432,631.2318869382716,622948
2022-02-21,640.2077026367188,648.7932251349874,616.5974711057324,630.2562758454164,1012168
2022-02-22,618.7926635742188,635.9149397935427,600.0118062249027,600.0118062249027,1054831
2022-02-23,622.01220703125,636.2564250146289,618.5975058057888,627.0367197963511,484541
2022-02-24,581.3772583007812,603.914261023969,567.8159934021808,590.2554570589681,2836671
2022-02-25,634.1100463867188,640.012589610022,595.0848884836686,604.8899474972769,1181586
2022-02-28,620.597412109375,625.3292471843786,600.0116696997139,622.0608552062035,1566616
2022-03-02,606.6460571289062,626.6464502059214,602.938679102212,605.8655658939703,931155
2022-03-03,589.5237426757812,620.499959192051,587.8163921591364,614.6461859921261,1293754
2022-03-04,575.4258422851562,595.1335555421485,567.4256743830915,585.27972868748,1918007
2022-03-07,558.4987182617188,569.6208508489865,539.5227261992483,546.8399421965256,2575682
2022-03-08,555.6205444335938,575.2306574768958,549.2301883606127,563.7182507309097,1159673
2022-03-09,559.1817016601562,564.2549240643799,552.4010692132509,561.9622200758427,1195925
2022-03-10,587.6700439453125,598.5483299965894,577.5723086519656,578.694305705743,1709998
2022-03-11,601.6703491210938,604.889912552567,581.1821424056036,588.3042214019321,828712
2022-03-14,598.0116577148438,608.7435740275258,594.1091426920503,604.8898285329865,640797
2022-03-15,616.451171875,628.9392709571241,597.572774175226,600.9874757419416,1877698
2022-03-16,628.7927856445312,638.8417507592643,619.6218507547795,627.3293423885704,926758
2022-03-17,667.8179321289062,681.6718733828213,635.183135953908,644.8906546927788,1850118
2022-03-21,658.1591796875,689.3793020002928,655.7201076318131,677.9156633385642,1255407
2022-03-22,651.9153442382812,662.3057579100093,636.1101416916238,659.7691461947248,1176575
2022-03-23,672.5497436523438,677.2328099078118,654.2567021783626,658.647032132118,1372047
2022-03-24,658.7446899414062,670.1107316699619,654.7445754510608,667.330212935132,527577
2022-03-25,646.2078247070312,667.7204911418739,643.915120445723,663.4276998531691,601930
2022-03-28,642.7443237304688,656.159221446088,638.0613168010943,653.4762419029641,891747
2022-03-29,646.9395751953125,662.2569626206446,643.7687809006409,647.8176651267509,930464
2022-03-30,661.2325439453125,682.9402888406031,645.8663874463989,655.9153540726629,943762
2022-03-31,662.89111328125,672.1108189253667,655.6226655703784,668.3058421364722,696997
2022-04-01,640.7442626953125,662.8422804999859,638.1100528272309,658.4031214872648,1720968
2022-04-04,646.8419189453125,652.1103384842925,642.9881731295455,647.5248710407593,666813
2022-04-05,660.74462890625,666.647171452064,646.1589659045833,654.8908558926842,1419194
2022-04-06,651.6712036132812,659.9152780572775,649.768715734259,655.6224879480811,597461
2022-04-07,633.6708984375,651.0858485015931,630.2561976760969,651.0370789716756,841032
2022-04-08,638.9880981445312,648.0614341271832,628.9879028870173,636.1099812584471,654966
2022-04-11,632.0611572265625,645.1346082679959,629.2806386886311,641.7686766631521,840097
2022-04-12,615.2315673828125,632.9880254703885,613.4266777167469,629.2806475185714,560583
2022-04-13,605.76806640625,623.3293883044128,603.9631170381157,619.2317346186412,563403
2022-04-18,607.377685546875,614.5973623434929,596.0116459797213,598.5482569906113,578215
2022-04-19,617.86572265625,637.8661135588214,610.0606920601246,610.6948746151228,1199844
2022-04-20,645.42724609375,647.8175486572127,622.6463365375937,626.3537142137509,1498343
2022-04-21,648.5004272460938,652.5492507376722,636.451376729769,650.4516847015972,689551
2022-04-22,654.8908081054688,666.6958923356826,632.3049783904793,640.6954214929369,1153895
2022-04-25,650.5004272460938,663.23236970561,638.9880206456816,647.9149874057334,1015207
2022-04-26,658.1591796875,671.2326297250451,653.0371283705574,659.5250838577477,977933
2022-04-27,640.9393310546875,652.6956457996952,635.1343279754882,648.7931307276492,1121708
2022-04-28,636.3538818359375,648.2077955197858,633.1830882507066,645.6711249230076,484866
2022-04-29,620.0609741210938,642.451670680777,615.5731047205222,640.0125982787999,473280
2022-05-02,618.4024047851562,624.207409122228,606.3534107084084,611.7193700952085,407152
2022-05-04,596.157958984375,622.8414420641643,591.3285845743532,619.4267413062416,569404
2022-05-05,598.8897705078125,620.1096988724123,596.3531592120285,606.8411697830376,581135
2022-05-06,580.5966796875,603.9630015432289,576.1088109908003,597.5726447618378,1737332
2022-05-09,586.0115356445312,593.9628756278744,562.0110284418525,572.1575930467081,992665
2022-05-10,557.913330078125,599.5239240532,554.6449972729766,590.2066805116201,1106500
2022-05-11,549.1326293945312,574.9380222714593,530.0103293209281,562.8402612516314,1327842
2022-05-12,555.0840454101562,563.8647050489744,538.888570792185,549.1326737041395,1497236
2022-05-13,555.3280029296875,573.6698150383888,547.3766032729297,563.8647561296635,914750
2022-05-16,540.8886108398438,563.9134258622151,537.6689882789777,558.2547909378344,562176
2022-05-17,572.9867553710938,578.2551744622739,544.6447519741334,546.0594255771035,1061209
2022-05-18,548.4985961914062,572.1088281998742,546.2546615626105,571.7185528089253,794398
2022-05-19,524.1566162109375,541.0349839392819,513.6686057423148,536.5958844411645,1686255
2022-05-20,541.7666625976562,559.0353043267036,535.6202130460039,536.5958418493664,1149255
2022-05-23,525.9127807617188,556.8890003467521,523.7663851329077,541.4740746360168,1047932
2022-05-24,537.1324462890625,540.9374225865104,527.5225260281039,531.7177181332011,461334
2022-05-25,520.302978515625,540.8399588214468,517.132183993064,535.1325524999064,527089
2022-05-26,521.4736328125,530.83964617772,506.4001548095102,523.9127049959073,580401
2022-05-27,524.839599609375,531.1324181750358,518.2541042715668,528.0103936609123,711093
2022-05-30,535.9615478515625,540.4007056218363,528.3516566773909,531.4736801084379,469648
2022-05-31,543.8154907226562,563.9134192147073,528.4981073915496,534.6445566257087,1369582
2022-06-01,557.962158203125,560.937814259796,540.4983781233958,543.3277255824554,640133
2022-06-02,559.2304077148438,561.8646172319709,546.6935426315796,553.5717729117595,338945
2022-06-03,559.035400390625,574.6454639268379,555.6206989920785,563.9135452456916,744038
2022-06-06,564.1573486328125,568.4013100563835,554.4498302487522,558.0596686865002,623473
2022-06-07,572.5477905273438,575.6210453512499,554.2059792968702,559.7670758818299,542790
2022-06-08,580.6455688476562,585.865159690278,564.8891381526577,575.0357026224787,1617768
2022-06-09,579.5235595703125,584.7919793854709,573.3771094844021,573.3771094844021,820716
2022-06-10,586.8895263671875,594.1579732532991,571.2794646725196,574.5478570684364,1013739
2022-06-13,586.6456298828125,588.7920253146183,561.4744168493171,571.718520023805,688622
2022-06-14,583.3284912109375,591.2310607785182,572.0111612496191,578.5478862073619,624706
2022-06-15,584.9869995117188,591.1335085357405,580.4991308902847,585.1333676494929,382991
2022-06-16,555.6205444335938,593.377387018418,551.2302152853036,593.377387018418,614077
2022-06-17,552.9863891601562,570.4989379419543,537.8153733056902,555.1327844189346,711925
2022-06-20,534.0592041015625,558.3523243631682,527.1322042151229,551.2302463639261,835391
2022-06-21,548.5960693359375,555.7669768361023,537.4739366025037,537.4739366025037,488006
2022-06-22,526.6931762695312,548.3033776971187,523.4248436557014,548.3033776971187,714472
2022-06-23,542.2545776367188,559.7671298167727,529.5226312994394,530.644628450601,1214419
2022-06-24,565.9136352539062,570.1576574753315,548.3035422909297,550.5962468070627,786721
2022-06-27,567.5721435546875,577.7674780257101,564.5477176186707,577.7674780257101,452498
2022-06-28,554.4010620117188,568.59644905031,551.4254061005096,568.59644905031,451025
2022-06-29,546.4095458984375,554.7624782234111,544.162566973072,551.1478015136041,413427
2022-06-30,541.036376953125,551.8805873718668,539.2778740720601,547.0934954354233,714487
2022-07-01,554.615966796875,556.8629457047302,534.3930373692763,538.3985189168247,352045
2022-07-04,554.9091796875,560.4778224656909,551.8317545755228,555.593058559991,259032
2022-07-05,547.191162109375,562.627061871024,544.3091994593757,557.2538222302738,279933
2022-07-06,555.4464111328125,561.4546937157226,543.6253080489954,545.1395727141767,546867
2022-07-07,553.7855224609375,565.6555196521691,550.2196814733613,563.7016145756503,587293
2022-07-08,554.371826171875,563.1155648356117,549.7801365178242,555.886090943833,287332
2022-07-11,563.4573974609375,565.4601383133916,549.0473469840431,553.0528286889512,305882
2022-07-12,557.1072387695312,560.868482553857,550.0243321828077,560.868482553857,503229
2022-07-13,567.31640625,570.8822475855206,557.9376251904853,559.9892614980931,1022214
2022-07-14,561.6989135742188,573.1292710069761,554.1763665712276,569.3679676912529,340303
2022-07-15,557.0584716796875,562.8224571452408,553.6879727561846,559.3054510858681,382733
2022-07-18,556.960693359375,565.0205528875082,555.4952643542598,561.7477852941346,380407
2022-07-19,556.7654418945312,564.3368263301065,553.785688059046,558.5727807793779,277087
2022-07-20,559.5007934570312,573.2758019429834,556.8630093816373,565.1671068899599,481299
2022-07-21,565.4602661132812,570.5404325756066,558.8658347436145,563.0667198385978,491512
2022-07-22,561.9432983398438,570.0519951715165,559.7939901170163,569.4658473055048,625301
2022-07-25,556.7654418945312,563.6529474231351,549.4382956665552,563.6041117073089,410441
2022-07-26,540.1082763671875,552.8575568055124,537.0309111391296,552.8575568055124,692010
2022-07-27,537.3240356445312,544.1138694751872,533.3185530483858,542.4042020890455,416401
2022-07-28,550.659423828125,553.3460438049476,537.8124717239342,544.5534693353464,439012
2022-07-29,555.2510375976562,562.5293470649957,535.028164614236,537.3239795847139,1036849
2022-08-01,582.4591674804688,590.0793860367085,552.8575148417357,558.2307542841229,1906169
2022-08-02,573.37353515625,587.5881843133423,571.4196298527746,582.4591828917193,677706
2022-08-03,571.517333984375,576.6463356996194,565.6556177383814,576.6463356996194,283997
2022-08-04,562.7247314453125,593.0102638668484,560.7708261277941,575.3274445946897,1081124
2022-08-05,544.7977294921875,568.2445956903032,541.720304452299,562.7247887547778,898065
2022-08-08,548.5589599609375,558.3773230087221,545.1396253930599,550.5128654282961,499586
2022-08-10,554.3228759765625,560.4776648411241,549.2915467172791,553.8343997233679,689194
2022-08-11,549.0962524414062,562.6270830970243,546.2142300542197,561.1616540488068,389471
2022-08-12,556.7164306640625,559.2565432714251,544.699925277233,549.0962120988869,397496
2022-08-16,557.2049560546875,561.3570050852842,545.4815234977087,561.2593336653606,954535
2022-08-17,526.6751708984375,562.7247489814454,516.1240937807274,561.4547224111723,4916238
2022-08-18,506.1591796875,522.1812281249448,495.5104308311592,509.5785142028177,59249131
2022-08-19,508.8458557128906,517.2965215115391,507.08735255129295,512.9002337933108,7051059
2022-08-22,511.4347229003906,520.0318944733109,504.1564135809874,509.1389079765766,5928548
2022-08-23,520.4227294921875,525.3074931261888,506.2569149535838,511.4347524799327,10059261
2022-08-24,515.4402465820312,524.9655358859088,512.1674787238793,522.6697207768725,2350280
2022-08-25,511.8254699707031,520.4226405719263,509.8226695201945,517.7360210322657,1721705
2022-08-26,518.5664672851562,523.3047235297762,509.3342525928056,514.5609851742857,3274520
2022-08-29,507.1360778808594,513.2420317160097,504.1075486300071,504.7425916802448,2278442
2022-08-30,509.9692687988281,512.8024552546484,508.01536355438816,511.3858620267383,1590405
2022-09-01,514.80517578125,516.2217689529614,506.06143823357,506.8429883746493,2096736
2022-09-02,511.9232482910156,516.3683714411321,508.2108397138348,513.8771538188439,1200849
2022-09-05,510.6531982421875,516.3195120877514,508.6015617548279,511.0439435527832,1129613
2022-09-06,507.8199462890625,513.3885879989475,505.0844909523422,511.483518515506,1034390
2022-09-07,514.75634765625,521.0576442095908,505.2798955314564,505.2798955314564,1508878
2022-09-08,513.1932983398438,520.0808037135449,511.92327161458496,517.7849884651337,905092
2022-09-09,514.8541259765625,520.6670070665074,512.2651772032822,516.8080315779915,1164759
2022-09-12,513.6328735351562,518.7618751253789,512.6070851428036,516.6125672952127,1272764
2022-09-13,531.5599975585938,535.760942324523,514.4144877497804,517.49191293813,4624251
2022-09-14,516.8079223632812,526.3820458613336,515.8309697690217,521.8392520750995,2033856
2022-09-15,514.0724487304688,521.1065190845028,511.92314117389554,520.5203117717361,977265
2022-09-16,503.5702209472656,513.5351492218167,496.3896134977415,512.9001061913413,1525714
2022-09-19,503.1306457519531,507.8688425450288,501.2255760413749,504.5960748172501,2096604
2022-09-20,502.7398376464844,512.4116932678432,501.3233039283983,505.6706957585978,736927
2022-09-21,486.42474365234375,505.13338190546654,474.9944149441804,502.6421644446981,2126465
2022-09-22,468.1068420410156,488.1343707566144,457.848839528148,487.4993575162824,5021056
2022-09-23,464.052490234375,482.5168886198025,458.6304151689065,470.9399942163731,2880334
2022-09-26,457.3603820800781,464.05251376778574,451.7429042818365,463.9548125388835,1773741
2022-09-27,453.8922119140625,469.5234544780304,450.0332369803913,464.0525136177958,1161414
2022-09-28,451.5475158691406,462.8801424845345,447.54200413786543,450.3751607917139,1110128
2022-09-29,458.0442810058594,461.463615468162,452.817578079208,454.6737822530404,766933
2022-09-30,453.0617980957031,458.1419638760528,444.757700448666,458.0442626467712,1474819
2022-10-03,449.0074157714844,456.1391577439726,442.5595227226141,453.0617630521243,1075149
2022-10-04,457.8488464355469,462.0497606546356,449.3982121055384,454.3318109866578,1823809
2022-10-06,463.22210693359375,472.9916337267275,459.5096986778948,460.1447119566025,991262
2022-10-07,460.6331787109375,466.7391328295873,457.3115456332378,462.5870840289055,712017
2022-10-10,454.5760498046875,458.4838603504032,453.3060233030213,455.2599285758792,458055
2022-10-11,450.424072265625,460.1447644596267,448.4213309702095,456.2369532964876,561126
2022-10-12,452.2802429199219,454.82029596795553,444.7576955613422,450.8636496464787,458927
2022-10-13,449.8867492675781,455.0157512950586,445.7835357199007,452.280295472762,350358
2022-10-14,449.300537109375,459.1189295529812,447.5420341893832,459.0700640298408,480156
2022-10-17,449.4470825195313,455.3087987822665,443.6830674906877,448.81206922058107,520984
2022-10-18,453.7944946289063,456.7253525059498,449.0074327259141,451.40094877029617,686749
2022-10-19,474.359375,477.72987376513953,454.28300879507134,454.28300879507134,2722881
2022-10-20,473.0404968261719,485.5943148396605,467.9603309940726,467.9603309940726,1226234
2022-10-21,466.3971862792969,478.9998694239577,462.1963018358194,475.5805351699831,925647
2022-10-24,466.3971862792969,466.3971862792969,466.3971862792969,466.3971862792969,0
2022-10-25,471.0377197265625,482.12613839619,469.3769180907362,472.4543130112703,714531
2022-10-27,467.7161254882813,476.3621632225559,466.00645818884624,472.84512738658617,474318
2022-10-28,453.5014343261719,471.2331190496008,450.7171132968863,470.06076393803977,838347
2022-10-31,454.67376708984375,464.7852331968567,450.1309431328465,461.1216606808541,1420328
2022-11-01,463.7594604492188,474.70131284394046,456.4323151702501,456.96962723168224,1789945
2022-11-02,459.9493103027344,466.78797906993697,456.6765426726713,464.2479259506456,780153
2022-11-03,455.406494140625,459.7539455717562,454.2830045009418,459.1189322809988,486106
2022-11-04,450.2774963378906,460.9751403967854,449.4959460986,457.7023428680736,782112
2022-11-07,448.9097900390625,455.8949962607195,447.4443609094464,452.9641380014873,697925
2022-11-09,448.7632446289063,453.9899477221834,443.19460211565183,452.32911614756887,1012733
2022-11-10,445.001953125,448.3724518526268,440.6056659920417,447.9328112136389,825030
2022-11-11,447.5908203125,453.89217640380457,446.0276902155489,449.3981885554052,637913
2022-11-14,444.7577209472656,452.7687450899103,443.5365300605351,448.8609342523725,597332
2022-11-15,438.2120971679688,447.00467097655854,435.0370010704224,447.00467097655854,1041576
2022-11-16,436.30706787109375,440.3125797762231,432.9854347598509,435.0370115130516,827672
2022-11-17,434.8904724121094,439.43329633681503,428.0518037641824,435.7208881393464,1107407
2022-11-18,435.3789367675781,446.369653935125,431.813065604953,435.72087615341417,845530
2022-11-21,427.70989990234375,436.50247460872185,424.9744441416077,432.7900661028327,648285
2022-11-22,426.0002136230469,429.8103530108148,422.3855065155289,428.833400309178,437919
2022-11-23,419.5034790039063,431.76425314845903,416.4749197029212,427.905278098364,679720
2022-11-24,435.720947265625,445.490475231222,417.549619286768,420.9689540747269,1627143
2022-11-25,432.3503723144531,436.20934710930845,428.29602488311366,435.72087079675606,730082
2022-11-28,440.5079650878906,443.5365244112541,429.56611277068856,431.6176895828807,888688
2022-11-29,440.166015625,443.4876785700966,436.7955467860938,440.8010587148876,864644
2022-11-30,443.9761962890625,450.7171644094094,440.1172209389328,442.4130659011277,1169346
2022-12-01,452.52447509765625,454.57605179174215,443.7319013313616,448.1281882145089,1278107
2022-12-02,451.4010009765625,457.1161804606256,447.9328306799783,452.4756549519453,1217995
2022-12-05,449.2516784667969,453.11062351484907,446.4673574737538,453.11062351484907,727687
2022-12-06,449.2516784667969,452.8663853543054,446.4185217673365,446.95583379484106,420514
2022-12-07,449.4959716796875,451.1567734862549,445.5392951057467,450.3752232024858,384704
2022-12-08,438.5540466308594,451.1078943754586,436.1605304831872,449.4959284363673,927236
2022-12-09,428.0518493652344,446.22317681410686,426.9283596448051,440.1172220136949,614169
2022-12-12,427.2702331542969,429.859151627389,420.1384611592149,429.859151627389,489233
2022-12-13,439.5309753417969,441.5825817952842,428.2960202739965,428.78449658129216,933723
2022-12-14,468.1557312011719,472.1612132951754,441.5826066621808,441.5826066621808,2354167
2022-12-15,453.1106262207031,472.4054410188732,450.8636470559748,471.86812898816,1195554
2022-12-16,442.0710754394531,450.7659480874607,440.8010489163684,450.7659480874607,731978
2022-12-19,447.6885681152344,455.2599514276033,438.7005914832464,442.5595665165328,927631
2022-12-20,442.8526611328125,449.837897012365,440.84991995952,447.0047102404645,400423
2022-12-21,425.8536376953125,446.12540439847095,422.190065399561,443.78072409203554,1000645
2022-12-22,413.39752197265625,428.7845267345236,411.5901535457179,427.9052752824057,940087
2022-12-23,391.318359375,412.2251692601728,390.146034121455,411.2970523470003,1400061
2022-12-26,401.2345275878906,408.2197341572687,388.8760507948754,393.71197908903207,1217228
2022-12-27,414.3744812011719,415.6933733072961,401.5275591757901,405.1422960867631,685653
2022-12-28,409.2454833984375,419.7965905328624,408.3662319241264,412.7625191099124,634721
2022-12-29,406.7542724609375,414.081417888428,401.4298681912686,406.1192591534012,672200
2022-12-30,409.8316040039063,418.52647593291977,407.0472832105219,411.3947340821419,624097
2023-01-02,409.53857421875,414.9118139434919,408.2196821416492,412.9579085890403,280976
2023-01-03,405.875,415.3514230413474,404.99571874275074,409.6362439403749,556703
2023-01-04,400.8436584472656,408.0731318739834,399.62246764062127,407.3892530965711,641742
2023-01-05,405.4353332519531,408.952368611683,397.9616517464193,403.676830479202,618502
2023-01-06,407.8777160644531,419.3569092710575,401.3321216294642,406.7053610027684,1544225
2023-01-09,412.7625427246094,415.5468640644148,406.900826141538,410.3201608149963,888013
2023-01-10,437.1374816894531,448.2258705809878,422.0435510960888,435.72088840012873,9739902
2023-01-11,417.3541870117188,443.24343242318815,415.497953111966,443.24343242318815,3476828
2023-01-12,418.5753784179688,425.7071208986107,415.6933561499917,419.84540494819953,1427849
2023-01-13,415.8399353027344,419.9919845224659,407.5847023896898,419.9919845224659,1278612
2023-01-16,410.8574523925781,421.0177844805815,409.4408888442803,418.6242384029934,578596
2023-01-17,408.7082214355469,413.0556436303182,406.51007757319815,413.0556436303182,638196
2023-01-18,410.5643310546875,411.2970455063021,406.65652064607656,408.7081270734428,659637
2023-01-19,404.5072326660156,410.2224116293722,401.52753901024425,407.38925490820407,899465
2023-01-20,398.5478820800781,406.4123397088476,397.7174662884998,406.4123397088476,641090
2023-01-23,408.12200927734375,409.3432002087541,399.6225084690349,400.4529242652403,481372
2023-01-24,422.6297302246094,425.95136333363126,406.803085074136,410.22241941282334,1309441
2023-01-25,444.5134582519531,450.37517418494593,426.537535353621,430.8361210749699,5392461
2023-01-27,441.19183349609375,454.136456425269,434.74393988550776,445.24618112993295,2139821
2023-01-30,431.47113037109375,444.4157529374352,428.3448997907787,442.5595488718999,1194183
2023-01-31,439.6287231445313,444.5134867350261,433.2296947666754,434.255483194987,1012769
2023-02-01,446.0277099609375,458.7769596326755,430.8361085357645,442.65724128609935,2373206
2023-02-02,440.703369140625,449.83788285277774,436.9909309903365,444.5134787095753,1345041
2023-02-03,434.5485534667969,443.53653032416827,432.3015741595693,443.53653032416827,724849
2023-02-06,461.8646240234375,468.2331435292133,432.07955416109513,432.07955416109513,3185014
2023-02-07,448.7356567382813,465.391783735117,440.8974793280056,464.1180918660568,1520621
2023-02-08,459.4151611328125,463.9221190615112,449.2255366202807,449.71542270165503,1125693
2023-02-09,455.49609375,460.8358642464162,446.923086925655,455.5940769509047,583335
2023-02-10,453.43853759765625,463.62819184501546,450.7931707413508,454.614276133974,632416
2023-02-13,443.54290771484375,457.3086958107395,440.8975106905898,454.12443601130747,477173
2023-02-14,440.9954528808594,445.7963304596004,435.6067060291499,445.5024107732529,505324
2023-02-15,451.9689025878906,455.3001519784402,438.15413852821257,439.86873987323537,1247283
2023-02-16,454.5652770996094,461.4726584345401,452.65470954725583,454.2713275298703,870826
2023-02-17,453.3406372070313,460.9828488841067,450.793223347914,453.29163065380646,489871
2023-02-20,462.5014953613281,468.13518600235824,451.7730067764023,453.6345681386003,1169223
2023-02-21,456.37786865234375,468.1351347909213,453.92843820680673,464.6079788695672,630296
2023-02-22,447.9518432617188,459.2192230954207,446.13925878667726,453.9284295141593,420361
2023-02-23,454.5163269042969,462.35450466475135,448.1478074739276,448.7356767860168,772032
2023-02-24,451.5769653320313,458.5823300286559,449.22551821781576,454.61426489218434,565478
2023-02-27,445.1105041503906,451.47902353123646,429.14022904776425,451.1851038276152,646184
2023-02-28,439.035888671875,452.65471502705,436.09657234053054,446.8740655554603,381050
2023-03-01,450.646240234375,453.6345335166533,440.8974947786048,442.2201932429956,448273
2023-03-02,444.0327758789063,457.1127109134876,442.1711847666173,451.87095352972347,743257
2023-03-03,446.629150390625,455.3001400890817,444.8165658931642,448.4907115365549,525246
2023-03-06,448.6376647949219,453.1935993457771,445.0615024012516,446.6291438328021,538671
2023-03-08,443.59185791015625,454.3203753238633,442.1221996288416,447.4129634615196,645986
2023-03-09,437.4682922363281,450.646240435136,436.0476105701875,444.8165838192452,704236
2023-03-10,427.474609375,445.0125561049808,425.27012187097984,436.88042870554114,1205611
2023-03-13,397.98345947265625,416.3051807458962,395.1420963161345,405.8706133236647,13269484
2023-03-14,422.6737365722656,427.57259775159247,401.8045999084435,407.0953640020614,12142642
2023-03-15,414.4925842285156,432.96129470722406,409.5447469728048,430.1199615336394,5340688
2023-03-16,405.2827758789063,415.42342441242505,398.5713301412448,414.4926288362964,3489547
2023-03-17,410.0346984863281,414.9825365318469,403.1762925379308,410.52458462549936,3624778
2023-03-20,396.1218566894531,409.9366495801156,393.1335636795369,409.5447467116422,1790040
2023-03-21,400.97174072265625,402.686341935276,396.8077092062939,397.6405214896208,2179679
2023-03-22,405.3317565917969,407.2913009216576,401.7065876214451,401.7065876214451,1256764
2023-03-23,405.1847534179688,415.8152870351944,402.6863464403095,405.96858906409886,1654842
2023-03-24,402.44140625,410.3285600118933,398.5223176924832,405.7236488969748,1176131
2023-03-27,406.2135620117188,407.1933342163296,396.8077428673995,403.5681650991595,1343413
2023-03-28,396.0239562988281,405.5277292049898,392.9866563369569,404.6459401580663,1970141
2023-03-29,406.3605041503906,407.5852193527728,396.80772557181,397.6895145374704,1781834
2023-03-31,405.13580322265625,415.9132973833557,403.6661449280154,409.5447781065788,1387772
2023-04-03,411.4553527832031,413.61083371150056,406.4095019663551,407.29132087821887,1074114
2023-04-05,413.2189025878906,415.8152927948139,410.6225123809674,412.4840734783686,928669
2023-04-06,414.7376098632813,418.06885966160337,408.7610226492664,413.16999807616287,755991
2023-04-10,410.2795715332031,418.3626914499767,409.4467592586933,417.3829193388526,589290
2023-04-11,414.1007385253906,417.0400552969897,411.5043480238668,412.48412028106645,1076902
2023-04-12,423.310546875,432.0795196071825,414.1006946139945,414.4925974952616,2123272
2023-04-13,435.36175537109375,436.88039022443377,422.2817913526227,425.4660508001773,2568253
2023-04-17,449.9114379882813,452.8997314493071,428.74835099296354,434.920904328971,3113424
2023-04-18,458.6313781738281,461.374728405862,449.1275757623624,451.8219493439323,3283950
2023-04-19,455.3490905761719,459.4151388745276,447.8048333284105,459.4151388745276,1081397
2023-04-20,467.9881591796875,470.1436698592596,451.67495894198913,451.67495894198913,3508797
2023-04-21,456.9167785644531,467.9392159860774,452.9976897034312,467.2043868246358,1073677
2023-04-24,448.5396728515625,458.5333606200575,444.1797047772833,457.3086454474612,973271
2023-04-25,450.3523254394531,457.5536577241608,448.5397407296553,450.6952517197301,704092
2023-04-26,455.5451354980469,456.524907782245,446.9721280113129,450.3523244516303,847880
2023-04-27,461.1787414550781,463.8241081965306,452.8996552136172,455.5940285004478,703216
2023-04-28,470.2906799316406,480.0884024302164,464.7549727000005,465.3428420299703,2607948
2023-05-02,477.2960205078125,484.0074660474321,473.2299718641896,473.7198579634279,2112246
2023-05-03,479.5984802246094,488.6123962052836,472.7890516402689,476.0712944104206,1185103
2023-05-04,487.6816101074219,497.08742916036726,478.569740653169,492.8254141316589,3966042
2023-05-05,490.1800231933594,501.25146707242936,482.63579513975714,487.43667297391767,2906461
2023-05-08,509.48150634765625,516.7318440120524,492.629413792971,494.53998140188367,5157621
2023-05-09,511.1471862792969,516.6828635193483,505.7584389939691,510.4123571040249,4720804
2023-05-10,528.4892578125,533.975959346107,509.0897164031463,513.3027855742163,5824799
2023-05-11,536.180419921875,542.9898497320681,527.2645154340782,534.2208752168157,6443101
2023-05-12,523.1983642578125,562.3892529662628,519.2792753869675,558.4701640954178,9554296
2023-05-15,535.54345703125,540.8342507962151,513.6455724273836,525.1578957006726,4609617
2023-05-16,531.9183349609375,543.2836682116015,530.0567439179015,537.4050351921793,3025986
2023-05-17,522.0715942382812,533.338974568248,517.3197229758629,533.338974568248,2825295
2023-05-18,511.0001831054688,526.7745515340794,509.4815481432288,524.178131262745,2651993
2023-05-19,524.9619140625,533.7308868996203,507.5219814850909,512.5187956065206,4011432
2023-05-22,518.152587890625,531.3305380730227,516.8788957846423,524.1782118158344,2036828
2023-05-23,519.1322631835938,533.681915867719,517.8095946671041,521.9736264122984,2501404
2023-05-24,521.1408081054688,528.5380755599091,516.7318336199759,519.2302405349798,2403036
2023-05-25,517.66259765625,530.6445787973273,515.1152139563328,522.4145285202933,2665334
2023-05-26,528.2442016601562,536.7191952474157,519.3282388254851,522.1206254552511,3362864
2023-05-29,525.6477661132812,541.422074037282,524.1781078669254,529.5178781221277,3976323
2023-05-30,522.3165283203125,533.6819215557159,521.2388028361713,533.6819215557159,4055275
2023-05-31,530.5955810546875,561.8503356870685,492.8253776870882,501.545343598515,81135054
2023-06-01,519.4752807617188,535.9354432940012,514.8703390329025,528.09726496429,5829695
2023-06-02,520.9938354492188,526.1866158311517,517.4176432179715,525.1578670442525,2220700
2023-06-05,518.3485107421875,527.7543604736532,514.4294216375487,523.8352713690143,1934956
2023-06-06,517.3687133789062,524.0801890254944,513.3516711616587,520.9449059337018,1404825
2023-06-07,522.1696166992188,523.8352414336163,517.6626286061106,519.1813233878131,1519065
2023-06-08,519.8670654296875,532.9960358204835,517.8585445342229,523.1983145737834,2628912
2023-06-09,524.52099609375,529.0769605072252,518.3974201619534,522.6104882434664,3872644
2023-06-12,518.152587890625,526.5786660543552,516.4870227215639,524.8640644269201,1088532
2023-06-13,518.9363403320312,523.3942916300618,517.417645667393,521.2387809517313,1020347
2023-06-14,499.536865234375,521.0428472169958,497.7242806731285,521.0428472169958,2256756
2023-06-15,503.994873046875,508.403848204476,501.9373154263296,501.9373154263296,1019204
2023-06-16,509.48150634765625,512.32286943789,503.7008268746476,507.13002932121833,1214715
2023-06-19,511.8819580078125,519.2792255819368,509.5794576366978,511.1961055610859,1182382
2023-06-20,505.3665161132813,514.1844663898623,504.1907774496266,512.0289554732542,816671
2023-06-21,502.4761352539063,514.184424687216,497.7242641327009,507.5219858675966,1682425
2023-06-22,503.6029357910156,510.4613415313602,501.9862876605706,505.5624802882569,725732
2023-06-23,496.64654541015625,506.4442977683177,495.07890383683934,505.5624788268872,668179
2023-06-26,505.9053649902344,507.5220130834038,498.16520028493,498.2141769361213,1286593
2023-06-27,509.3346252441406,511.8330925428326,506.101388493581,509.3836617014151,802623
2023-06-28,504.4846801757813,519.1322252874162,502.81905563918303,513.1066627292654,1842935
2023-06-30,506.9217529296875,508.9363199447662,499.305918285674,507.9536277340049,1292014
2023-07-03,505.9390563964844,510.9999452301767,505.15291463034623,507.11829903507765,788224
2023-07-04,501.0747985839844,507.9044920864167,499.6990353596331,507.4131459356206,776522
2023-07-05,506.8726806640625,508.297596506962,500.23950758253136,502.1557695796183,866807
2023-07-06,514.881591796875,517.8787910204992,506.87262635030527,506.87262635030527,1385717
2023-07-07,526.03515625,530.6538218806422,514.9798682941533,518.8615147277391,3616985
2023-07-10,525.0524291992188,534.4371276908535,522.7922491404187,527.9022605638613,2035474
2023-07-11,530.80126953125,539.3015219340947,528.8358849323803,530.6538416948235,2123513
2023-07-12,533.4544677734375,539.8911500404413,531.5382658551192,532.6683259635153,1847684
2023-07-13,533.0122680664062,541.2668464785335,523.7749374851041,536.2551402989837,1612941
2023-07-14,537.7783203125,542.4461083828232,533.8475514111752,538.5153394814984,1312952
2023-07-17,534.9776000976562,541.9055673663197,529.9167118207961,539.6945101542718,1182995
2023-07-18,533.9458618164062,539.4980975587509,527.804034658406,537.5327128681909,862210
2023-07-19,544.3623046875,547.5560540353621,534.4862610075568,534.4862610075568,2227259
2023-07-20,553.6488037109375,555.2210872230695,545.3941653253161,546.2786122876224,1854360
2023-07-21,562.1982421875,570.9442276699974,550.8481580910208,555.2211508322695,2413588
2023-07-24,570.7476806640625,573.1061661954906,556.2038464969992,563.9671397240694,2398697
2023-07-25,584.4070434570312,587.64991561097,575.8084869995129,576.8403017786611,2169996
2023-07-26,586.9620361328125,593.447840607684,580.771087299486,586.4706900352664,2446274
2023-07-27,581.3115844726562,594.5288071395297,576.1524501958256,587.2568605482967,1311424
2023-07-28,555.3193359375,594.7744515962352,551.5359949746171,586.5689957515959,3698927
2023-07-31,560.2328491210938,565.34286101193,546.1803614053771,546.1803614053771,1651725
2023-08-01,557.2355346679688,565.0479487375716,555.3192731069319,565.0479487375716,1037389
2023-08-02,545.0010986328125,558.9062179815785,537.5326615137116,556.203814290239,1355336
2023-08-03,553.6978759765625,557.6777669875042,539.5470857390296,539.5470857390296,1425261
2023-08-04,548.0964965820312,556.6950521088672,539.5961862697109,555.2210140185525,638424
2023-08-07,546.9174194335938,550.3077200618741,543.7236692725204,548.096662258054,569876
2023-08-08,546.8681640625,552.2238481052267,542.9373955876572,548.1456518210705,981629
2023-08-09,544.90283203125,550.6515574849759,543.7727119949511,546.8682164569714,540961
2023-08-10,550.651611328125,552.7153011641853,544.9028853122841,545.3942314667587,724768
2023-08-11,546.032958984375,550.3076461729592,544.5097380521274,550.3076461729592,1169346
2023-08-14,540.1859130859375,545.3450471240009,525.8877536047733,545.3450471240009,1954468
2023-08-16,544.90283203125,550.3076392019838,538.564455262544,540.4807170733769,1074965
2023-08-17,557.0882568359375,561.7068623974033,545.4924403795287,545.4924403795287,1689856
2023-08-18,557.0390625,566.5220664414838,555.221105879338,559.1518747705192,1444993
2023-08-21,580.6728515625,584.6036204071166,560.1836829726723,560.1836829726723,2154652
2023-08-22,600.7688598632812,605.6823209236787,582.8839095864529,586.5690053817509,3295859
2023-08-23,576.6437377929688,615.1161592013618,570.9932579680111,608.6303550671928,3431091
2023-08-24,578.8057861328125,589.3697287489886,576.9386467021623,580.7711708055895,1217431
2023-08-25,575.8085327148438,579.7884243096892,563.2792065962869,579.7884243096892,1151562
2023-08-28,580.13232421875,584.1122756662411,575.2188631514996,579.1988145989907,582820
2023-08-29,569.912353515625,583.424371268704,568.0943369579475,580.1323164106907,1190928
2023-08-30,569.371826171875,574.2852866670456,563.6721640144644,570.8949869296248,1245028
2023-08-31,585.29150390625,595.2658546408138,568.0452662132786,571.8777901356178,3932793
2023-09-01,581.9994506835938,588.5835003654267,577.5773358198096,587.40425773933,831685
2023-09-04,573.1553344726562,587.4534967016353,572.0743968389319,585.6846624015485,1018935
2023-09-05,568.8805541992188,583.3752645474027,567.9961072034133,579.6409861018009,876543
2023-09-06,565.09716796875,576.840352385296,563.1317834631783,573.8431530100542,765700
2023-09-07,573.5484008789062,583.3753241529128,565.5394344190789,568.6840618625171,1182455
2023-09-08,581.655517578125,582.7364549702042,571.0915767839771,578.3143402191656,745266
2023-09-11,594.8236694335938,597.4769507831568,577.2826349193837,584.2597266360298,1645727
2023-09-12,573.5484008789062,599.4423197144017,569.0279801855953,596.9855888959,1654348
2023-09-13,561.7068481445312,576.3489861927708,556.2529183272085,573.8922556463394,1863052
2023-09-14,576.84033203125,584.1122784367818,571.9759935558452,576.84033203125,934075
2023-09-15,588.87841796875,591.3351489573555,572.4674429691081,579.4937175880335,1521844
2023-09-18,588.5343627929688,589.6153001851335,576.8403020144557,587.6499158511831,1034472
2023-09-20,592.7598876953125,602.2920130768179,575.7101437448775,582.7364162629951,1783825
2023-09-21,580.721923828125,607.3037338394206,575.1696893249793,587.6498913203454,1867914
2023-09-22,570.0106201171875,586.2741646449551,569.0279278801166,586.2741646449551,606387
2023-09-25,559.5450439453125,575.6120397575315,557.6779045026021,572.5657174865627,1152480
2023-09-26,567.3081665039062,574.7766628351784,561.510318803054,561.7068092501444,878926
2023-09-27,580.1815185546875,582.7364943698585,567.3082143106859,569.863250104631,623755
2023-09-28,569.8140258789062,585.4388552389397,567.013377210018,583.7191439562404,549407
2023-09-29,573.3026733398438,576.9385866228322,569.9614957525433,572.9095724547117,409420
2023-10-03,575.071533203125,576.7912446899892,566.6203436232695,573.204393883019,483018
2023-10-04,563.0826416015625,574.8749482319618,562.2473772067518,570.944179355162,699871
2023-10-05,562.6404418945312,569.8632659982818,560.6259347557565,567.0134344506074,652691
2023-10-06,559.2500610351562,567.8977996669744,558.1691236955625,563.8687259910666,807264
2023-10-09,545.492431640625,556.2038009147687,540.7755209431097,555.6142095696194,1172173
2023-10-10,544.6571655273438,553.2557224932693,541.9547619094814,548.3422613698833,1008953
2023-10-11,549.9636840820312,558.7587308150177,546.4750789770269,549.1774823813848,996464
2023-10-12,550.897216796875,556.1546559918042,547.654344571078,553.9927211816826,475700
2023-10-13,550.4059448242188,551.9782885245826,547.5070504612212,549.2758846426985,357793
2023-10-16,549.9636840820312,553.8452700798213,548.0474223995509,550.3567249535856,277010
2023-10-17,549.76708984375,553.8944085281463,545.3940981421727,551.7815965888827,594822
2023-10-18,548.9318237304688,553.6487941428898,541.954733295149,553.206570669379,578227
2023-10-19,539.8911743164062,548.5388545719412,539.154155090444,545.4924724506969,500130
2023-10-20,531.1451416015625,541.5125324622306,526.6247814092286,539.8911262965942,1321108
2023-10-23,500.1412658691406,536.4517589153367,494.1959593679247,535.075965682401,1531268
2023-10-25,503.8754577636719,508.0518998806794,479.6520994829058,502.40141936943394,1626925
2023-10-26,536.6974487304688,543.4779899302346,509.9190823034129,511.0000198924422,8247071
2023-10-27,541.659912109375,553.6487680481368,535.5672089294698,536.6973288664243,1816563
2023-10-30,537.0905151367188,545.5908283235409,532.9631950923729,544.8046864052806,989644
2023-10-31,532.1278686523438,547.4087215828007,530.8012580682669,540.5298756353096,1400438
2023-11-01,533.1596069335938,541.4633674869973,531.2925278605546,533.5035851688046,561655
2023-11-02,532.0786743164062,539.3014375962199,530.408085672864,535.0758733652143,591842
2023-11-03,538.9575805664062,540.3824963353903,530.9486146770917,534.0932418965245,784444
2023-11-06,546.5243530273438,550.3076944350734,537.6801222239229,542.1022376256333,580483
2023-11-07,554.1893310546875,555.221145967367,545.4433456488232,549.7180931138917,1020888
2023-11-08,552.8626708984375,557.9235602982022,548.6862285712383,557.8744376783438,498569
2023-11-09,555.515869140625,556.8425395512623,545.5907022609541,553.108261339486,721273
2023-11-10,555.4668579101562,558.6114854659525,551.5852110824758,555.2211848195282,736785
2023-11-13,550.258544921875,562.8369938984465,548.3422830123669,560.1345901739232,738903
2023-11-15,578.068603515625,582.6872681871506,554.4839941074226,559.1026587789482,2325445
2023-11-16,569.1754150390625,593.4479278206778,565.6376866295637,582.4417616224268,1868117
2023-11-17,575.6610717773438,580.3779822843394,567.160820337776,570.3545699490129,1018975
2023-11-20,569.2244262695312,581.7537511464178,565.637575940719,576.2506991135673,487724
2023-11-21,575.3662719726562,588.0430250990019,559.0536057596452,570.8950345448825,1656263
2023-11-22,568.1434936523438,578.4125786935534,564.3109702546659,576.7911726243584,860263
2023-11-23,565.7850341796875,572.8113074015649,562.0999384294942,569.6175577513974,479014
2023-11-24,558.3165283203125,567.7012256730417,557.1372858305094,565.9323919277194,986656
2023-11-28,548.587890625,563.4757006316777,545.8854872229064,562.4930084854618,1375997
2023-11-29,545.1975708007812,554.9262466842953,541.7090258049561,553.2556581010256,1285471
2023-11-30,548.3422241210938,552.8625840560322,541.9547250945935,545.9837389505706,3660273
2023-12-01,552.42041015625,556.2037509014398,546.3768295074215,553.7470205529352,2072845
2023-12-04,552.6168823242188,561.9033347301855,549.3248877576073,555.2210403990126,1681465
2023-12-05,568.733154296875,569.9123970229218,552.8135274421834,553.0592005109942,1670248
2023-12-06,562.4439086914062,575.3663363079376,559.250158746059,572.9096055807474,836932
2023-12-07,567.2590942382812,574.4327355780647,563.1317748439976,565.4411375899628,837733
2023-12-08,561.9033813476562,573.2043415145839,560.4293430650135,569.9614692885241,706183
2023-12-11,560.1344604492188,563.0825365568462,556.4493653146844,561.9032941180428,378595
2023-12-12,548.0964965820312,561.805062817711,544.4605239635022,560.1344743196016,878426
2023-12-13,546.3277587890625,552.8626261495372,543.03570382211,552.8626261495372,807360
2023-12-14,548.4404907226562,552.5186873285061,545.7380871830326,549.9145290169964,552515
2023-12-15,543.2322387695312,552.9117929732166,539.0066742850203,550.3076346392185,1254239
2023-12-18,552.9609375,560.9207206820895,543.3796881243711,546.8682335935887,1685214
2023-12-19,550.651611328125,557.9726810255517,549.4232459419386,554.9263588593208,1918653
2023-12-20,528.6884155273438,557.6778360813523,525.0033196942071,554.2384133037581,2182459
2023-12-21,561.5103759765625,563.8196787739304,522.3991764202049,528.6884308154677,3442828
2023-12-22,567.0133666992188,570.8458900496984,561.755987723931,565.0479824125664,1187816
2023-12-26,568.8313598632812,579.5918515225236,566.0307110656632,569.9123572779271,962004
2023-12-27,603.8644409179688,614.8706070850532,570.9442476376564,571.9269399743821,10419288
2023-12-28,620.8648681640625,625.8274513642684,597.4768077511366,607.3037289312539,7406636
2023-12-29,633.34521484375,640.3714890852744,622.1424981459247,627.9895295805021,4121670
2024-01-01,634.4752807617188,646.5132609296659,628.5299446141204,634.8191990607213,2080698
2024-01-02,630.5936889648438,640.4206124021056,619.0961765474914,634.8192540471102,1783141
2024-01-03,627.0068359375,632.7064395173459,619.1944198338066,632.3625211896408,1062492
2024-01-04,637.27587890625,658.3546381688338,627.3015292849832,629.1686684190079,3434482
2024-01-05,635.900146484375,651.3775497991567,633.0012522592308,639.585242511704,1446002
2024-01-08,627.0558471679688,638.0128888109862,624.5008715277346,636.7845236034178,801005
2024-01-09,626.5154418945312,635.3105496668029,621.2089396479209,630.0039874414166,956631
2024-01-10,604.0609741210938,631.8711544600494,600.4741232030206,628.9230775341083,2299073
2024-01-11,596.1994018554688,613.6913119620755,594.5779356466049,606.8124661914838,2528881
2024-01-12,594.8726806640625,600.8180162710419,592.2194597901032,596.7889423898542,1518070
2024-01-15,594.8726806640625,594.8726806640625,594.8726806640625,594.8726806640625,0
2024-01-16,579.4444580078125,589.4187474767798,574.8749154575396,587.6007909664133,1419145
2024-01-17,567.1116333007812,578.5600211936154,565.0480037135097,577.3316559681513,1370375
2024-01-18,566.9642944335938,571.1898590293681,552.3712788220953,567.0134170493684,1231476
2024-01-19,574.8258056640625,577.4790865595593,564.0653142415745,571.5337508567488,1622887
2024-01-23,569.912353515625,581.262436432457,561.3629193779224,579.8866433606347,1948854
2024-01-24,575.5629272460938,588.6327236382996,568.4875302583578,588.6327236382996,2193213
2024-01-25,575.2680053710938,580.3288339279134,568.4874055826626,575.1205775579141,1029950
2024-01-29,586.9620361328125,588.6326248602236,576.8403185191173,579.7883951043939,1113808
2024-01-30,586.5690307617188,597.8699916896086,581.4098964250734,587.0111942932681,1891243
2024-01-31,607.5003051757812,609.3673842921139,582.8838785688828,586.5689741680823,2892565
2024-02-01,618.3590698242188,621.74936992628,609.2691669304976,611.3819791621687,1660958
2024-02-02,619.4400634765625,629.9057603982473,608.5322030056391,618.5065537803673,1737527
2024-02-05,629.960693359375,636.5607626876904,616.8098569614892,620.9471582160786,1141079
2024-02-06,621.883056640625,637.2503917352251,615.6770440614281,625.6263610435763,1086519
2024-02-07,618.0411987304688,627.0054314379879,612.5739390918507,625.5278066977569,567480
2024-02-08,598.4873657226562,620.5532563868887,594.2515194243095,620.1099568629968,761555
2024-02-09,610.1112670898438,612.5739751351321,581.8886689656646,597.9455133960028,794470
2024-02-12,585.0902099609375,618.5337984147491,576.2737028244084,617.6471994374429,613057
2024-02-13,574.6975708007812,590.2126314132712,572.5796178418916,585.0901866781743,544785
2024-02-14,597.2560424804688,604.3486548557983,571.3483615588639,571.3483615588639,1259798
2024-02-15,604.0531005859375,608.2889468141133,599.2754104349173,606.9591083891826,566335
2024-02-16,604.7426147460938,616.7605819688449,602.329148824417,606.8112654648405,724514
2024-02-19,605.629150390625,614.0023577434753,602.9201715411735,608.7814287131102,743984
2024-02-20,630.3055419921875,646.7072034173965,609.3725213179763,610.6038754752827,5326806
2024-02-21,603.1664428710938,632.423426495598,599.4231386644415,632.423426495598,1516659
2024-02-22,603.8067626953125,607.7470955163933,596.6649094571036,605.826171241175,1034652
2024-02-23,639.5652465820312,642.2742252930063,608.0918273513977,633.2114481258941,4777513
2024-02-26,654.1937866210938,659.8580155193894,633.4577954618409,640.3041363290712,2873080
2024-02-27,677.8358154296875,684.4358857666682,655.0804145529958,656.0654978831507,4604527
2024-02-28,650.9430541992188,681.1851245369369,645.2295828947124,678.7224162052777,2014512
2024-02-29,679.0670776367188,708.1270319411428,643.3085696192671,644.2444106811306,8128571
2024-03-01,661.335693359375,685.6180223681332,658.2327168329701,683.007527399747,1345119
2024-03-04,662.9118041992188,683.8448238644293,660.9908797814688,683.8448238644293,1516854
2024-03-05,670.0537109375,676.7522657349698,661.2372028742335,666.9014321725975,1165243
2024-03-06,671.13720703125,676.4566806377221,653.2579820964329,670.8416940808261,1282712
2024-03-07,674.1417236328125,684.8791555145691,668.3790104518305,670.3491770264859,2177919
2024-03-11,690.8881225585938,704.5315618280127,672.3685692363636,679.7074515717544,2312254
2024-03-12,676.702880859375,697.4388691095122,669.3639993784091,692.9567528089611,1391629
2024-03-13,632.9158935546875,677.7864168626905,594.645439060444,673.7968423212549,6954030
2024-03-14,629.3697509765625,638.3339850500652,612.7710611238119,619.9129151232147,2642690
2024-03-15,632.0294189453125,637.4966793403188,617.0562009392116,629.4682264244566,1970945
2024-03-18,653.159423828125,659.1191653465224,635.3786835460796,635.3786835460796,2360158
2024-03-19,644.0474243164062,654.4893429626892,638.333953424891,654.0952856082216,1064611
2024-03-20,628.3353271484375,643.8011462029533,621.6860152089711,640.205628414216,1353887
2024-03-21,668.7730102539062,677.4417304113118,634.9846083070378,635.2308791076726,3073721
2024-03-22,681.1358642578125,688.2777182294493,663.9953906759986,666.7043697686885,2338126
2024-03-26,689.1641845703125,694.188144978989,674.8804781309289,679.6089256037319,2601520
2024-03-27,671.2849731445312,705.3195864137151,667.8864240062833,692.5135045374884,1814402
2024-03-28,695.4194946289062,701.2807516733159,661.9266659462307,675.3730155043044,1914651
2024-04-01,673.9940185546875,703.3494894215693,672.7134222655575,699.3599140065159,1313357
2024-04-02,668.08349609375,687.2433780171565,664.9312175559497,679.3134094709787,1237754
2024-04-03,660.4983520507812,678.722393084248,652.8639564827073,673.8954608687418,1790061
2024-04-04,653.2579345703125,670.4968902124863,652.1250648639445,670.3983458197075,1361499
2024-04-05,652.716064453125,668.7729677333873,649.36681785226,655.0802880387854,1073942
2024-04-08,636.166748046875,657.0505248806161,632.9159853610133,657.0505248806161,1321109
2024-04-09,634.3936157226562,653.4549526420786,633.4085324684286,639.7130893453701,1378613
2024-04-10,641.978759765625,663.1580494333014,635.378690030291,640.3041062320762,2534713
2024-04-12,669.8565063476562,695.5671511443551,650.2533286561313,655.080259884105,9623414
2024-04-15,656.0162353515625,668.8715603855768,642.2743112980796,652.1743864334832,1527913
2024-04-16,667.29541015625,677.6387841658703,648.2832555435612,650.1549377475668,1533800
2024-04-18,667.3938598632812,680.6924829011474,663.5520113802373,677.7372333371771,1354164
2024-04-19,671.0879516601562,677.441750530174,650.2041751211663,659.9565231658177,1542489
2024-04-22,651.3370361328125,670.7924296992529,647.0518880572779,660.9908396496995,1125028
2024-04-23,655.1788330078125,663.7490691440187,644.490703999395,656.0654319657579,1516622
2024-04-24,656.853515625,670.8417101523856,655.1296198940651,658.4789270783376,1410198
2024-04-25,657.4447021484375,663.6507157033867,649.2684616180077,656.5581030157073,1254468
2024-04-26,638.0384521484375,661.2371513554054,636.8563401881112,657.4446047792667,1311938
2024-04-29,627.3502197265625,644.441449535424,623.7547020763593,640.3040880186695,1663062
2024-04-30,616.021728515625,632.423387138491,614.6918903028323,629.320351142369,2251053
2024-05-02,599.1769409179688,637.3489203023852,595.6306649476253,637.3489203023852,3894011
2024-05-03,601.1470947265625,611.6382561117008,597.9455739435042,605.2844566865346,2226760
2024-05-06,597.6007690429688,609.7665229551136,596.5171414087722,605.8261900119464,796509
2024-05-07,605.1365966796875,607.353033875822,591.2469476337942,598.9305845554524,1836754
2024-05-08,605.3336791992188,608.9292572427198,596.9604712688797,604.7426532775503,897463
2024-05-09,596.4678955078125,613.7068520253794,591.7395080307931,606.318727803565,1644309
2024-05-10,581.3961181640625,600.3097276777723,579.228923093533,599.3738866104179,1625619
2024-05-13,562.1378173828125,582.6767804370915,556.5720726068583,582.1349966391426,3818228
2024-05-14,571.0527954101562,574.0572874206198,559.4288246095932,563.2706133669243,1646972
2024-05-15,595.5320434570312,598.9305925614746,572.7274031867931,577.2095197739482,3613180
2024-05-16,596.0245971679688,603.8067787463607,592.8723188023654,601.491797077612,1031717
2024-05-17,603.6097412109375,604.8410952321756,589.2275502927592,596.0245884151689,1271390
2024-05-21,627.7935791015625,633.4085659726077,599.5216761848409,603.8560667825949,3302217
2024-05-22,623.6561279296875,638.2354068765492,621.6367194656723,630.1577128957838,1223389
2024-05-23,618.3367309570312,632.1771377643281,617.056134833794,624.3457143716792,935640
2024-05-24,620.9965209960938,629.8622704766075,616.5636462558368,618.287541988159,1399970
2024-05-27,626.8084716796875,631.044317709012,618.6815347151061,624.2965213701227,956197
2024-05-28,611.6382446289062,634.1473739696324,607.7963957114769,628.4831449982532,783966
2024-05-29,621.2919921875,623.8531844820321,601.4425414683993,614.1008967838912,1091008
2024-05-30,628.5324096679688,635.2802665853595,609.2740424999074,614.6920008406504,1758146
2024-05-31,641.3876953125,647.1997106759126,607.4023223774635,630.4532950267642,6813576
2024-06-03,648.7266235351562,665.9163398961767,646.0176443417917,664.9312565531351,1400844
2024-06-04,624.0502319335938,650.1056956312169,595.9753596208749,649.1698545291844,2563435
2024-06-05,651.5341796875,655.1296979944003,604.9396871340524,625.5279540820743,1555292
2024-06-06,647.1997680664062,662.9118596966148,642.2743512622479,654.8834062559499,698455
2024-06-07,654.53857421875,656.0161990863709,640.4025935770175,645.2295255277963,843536
2024-06-10,650.3519287109375,662.0743825006449,648.5787910084706,660.0057318685513,865101
2024-06-11,641.584716796875,656.0654527795643,639.1220086407956,653.8490154390928,506267
2024-06-12,652.4698486328125,658.3803479701661,644.7369693829916,644.7369693829916,1327291
2024-06-13,642.1757202148438,654.6862279385128,641.2891213428296,650.5489268683216,996441
2024-06-14,640.1318969726562,646.6487781108661,632.0846169846409,643.7852918168734,1704350
2024-06-18,633.2200317382812,653.6592374707327,629.6160554859368,645.7600321840773,1549934
2024-06-19,634.7999267578125,655.9302653325087,632.9238413431569,644.7726496054313,2423762
2024-06-20,629.6654052734375,635.9847332608515,625.1233261330135,634.7999006961915,968158
2024-06-21,621.1243896484375,635.0467754846167,618.6065299516657,631.8377232542209,1369141
2024-06-24,629.5172729492188,632.8251012895367,617.2241227918701,621.1243674162868,616902
2024-06-25,625.913330078125,631.0477655235887,621.0750425243347,629.5173064863387,441400
2024-06-26,632.03515625,639.835645791263,621.1243907013893,625.9133201976374,926986
2024-06-27,639.1937866210938,643.6865077911651,632.1832661131027,641.8104224498505,1142754
2024-06-28,632.923828125,640.8230334682138,628.1843169723026,640.8230334682138,717115
2024-07-01,661.1634521484375,663.5332378185363,633.7630840688774,636.6265700647341,2073935
2024-07-02,662.4965209960938,675.6782964192341,658.596276123242,664.0269800492957,1591881
2024-07-03,662.348388671875,675.2833742196117,653.1655740603129,664.5206823017243,942172
2024-07-04,658.4974975585938,670.3463049981283,651.6844091744009,662.5951739717422,769961
2024-07-05,648.62353515625,658.4975420225886,644.6739324097146,658.4975420225886,1169183
2024-07-08,666.5447998046875,673.3085304480869,647.7348293886295,648.1791717364102,1506819
2024-07-09,671.58056640625,681.3064385603977,668.0258879584176,668.3715143405669,1670930
2024-07-10,681.257080078125,684.1699240042062,654.3010547995493,671.5805659096815,1838313
2024-07-11,710.8297119140625,734.9222502543109,683.2812112277553,684.1698958690489,11050793
2024-07-12,715.2730102539062,728.9484842950751,706.5344788879703,710.9284235590303,2612054
2024-07-15,716.309814453125,754.8677978285468,703.0786216208265,722.3822922982017,3439391
2024-07-16,705.1521606445312,721.8885525552834,699.573323163514,718.4326504648496,792233
2024-07-18,702.5355834960938,712.804574669821,692.9084268705324,701.0544824767766,1328438
2024-07-19,684.7623291015625,702.0418399296481,673.4072219859635,702.0418399296481,1129597
2024-07-22,699.0797119140625,701.0545133601474,669.4576902227886,678.2949387472502,1191022
2024-07-23,689.2550048828125,701.5481549073255,673.1110285209628,699.0796533066664,1200719
2024-07-24,678.78857421875,696.1174431983292,677.356831253977,694.142641941029,487844
2024-07-25,689.1069946289062,708.9537252258406,680.0722538291054,690.1931113271066,3355349
2024-07-26,681.5532836914062,706.2876573773569,679.3316322777074,695.9693087582807,1069519
2024-07-29,676.4188232421875,687.5270808833428,671.4818198461185,687.0827385244656,1145859
2024-07-30,670.4450073242188,694.1426217215402,667.6309397209968,684.3179736994207,1868439
2024-07-31,670.69189453125,674.8389893331464,658.2506703917138,674.0984388423133,1659742
2024-08-01,664.0762939453125,674.4933587314018,659.8304832109529,670.4450401799282,792866
2024-08-02,680.5166015625,684.2687123185185,655.0416745424016,656.5227756513161,1217493
2024-08-05,650.05517578125,668.2233713435226,639.4406190883163,662.5458177635813,3095537
2024-08-06,643.1433715820312,666.2979282409192,640.4280198692143,647.2904662512002,721444
2024-08-07,647.3892822265625,661.0153996052805,641.8598022394119,661.0153996052805,528032
2024-08-08,647.0436401367188,659.4355063605884,640.5268198902828,649.1172176814238,1150238
2024-08-09,670.2476196289062,680.3191193709387,653.9061492066824,655.0416841800206,2076432
2024-08-12,657.2632446289062,668.8157836316584,651.7831229931663,661.6571291604081,1234517
2024-08-13,651.1907348632812,666.6929372688296,648.8209491742999,656.6214384898893,721791
2024-08-14,644.1307983398438,659.3367926550476,635.6391767453192,657.0657831835961,1816896
2024-08-16,678.0480346679688,682.5900535264528,648.1298071912348,648.4260153313703,1924721
2024-08-19,681.701416015625,686.8358510557856,670.4450247774082,685.1573182051992,553062
2024-08-20,690.7854614257812,693.3527392412527,673.0122499626875,685.9965924435752,666703
2024-08-21,673.3578491210938,692.9083688868295,671.6298980764882,691.180417842224,980338
2024-08-22,681.257080078125,686.6877835698808,675.6782423846787,676.2707189252887,783372
2024-08-23,686.5890502929688,691.4273378129024,676.6656853451008,681.1583464615214,740655
2024-08-26,706.6826171875,710.434727391515,681.4545440637276,686.8852473307926,1494572
2024-08-27,698.53662109375,727.6155830886635,687.5270794372115,710.2372950113607,2966671
2024-08-28,691.2791748046875,708.9043126649423,688.2182568791183,696.117462123068,1089403
2024-08-29,680.4671630859375,713.1994575613329,677.3568270186769,691.3285699331757,1577836
2024-08-30,674.740234375,689.8968710581298,669.4576648136845,683.2319164305599,2415730
2024-09-02,706.0408935546875,720.7038308377695,673.9010112263547,676.3695130989787,5417373
2024-09-03,701.8443603515625,727.2205687621412,698.0922499861966,712.9032595332872,2659537
2024-09-04,713.2982788085938,723.3697175806666,692.6615803897362,694.4882475501608,2386638
2024-09-05,724.6039428710938,742.9202731408856,712.6070611336985,740.550487474506,5450342
2024-09-06,709.8423461914062,728.5535401589123,706.9788602209219,728.5535401589123,2095248
2024-09-09,691.3286743164062,705.8928356969627,676.961944877234,705.8928356969627,1527955
2024-09-10,704.4116821289062,716.6554146256162,695.0313754969841,698.2897857474733,2571346
2024-09-11,716.2604370117188,729.0472268841618,706.5838626801437,710.8790915557677,2358392
2024-09-12,716.9022216796875,728.5041791844899,709.8423432726267,709.9410592300366,1373502
2024-09-13,715.1249389648438,736.6009036489795,712.6070792964863,722.6291599893904,1394286
2024-09-16,724.406494140625,728.2079624483013,715.8654546101945,720.8024577454372,684524
2024-09-17,736.0084838867188,749.0915427706581,726.6775354973953,728.7016948186607,3270902
2024-09-18,708.50927734375,741.2416308258767,702.2393077387319,732.6512336876301,2317400
2024-09-19,719.3213500976562,729.4915644081952,689.2056312534853,714.1868548316494,1576534
2024-09-20,738.9212646484375,749.8814482059777,715.9148411728527,722.7772878580693,5302786
2024-09-23,740.7479858398438,758.9655400369867,734.3792395411803,753.7322683355688,1628786
2024-09-24,726.628173828125,744.4507437866839,724.8014464373074,739.5630984393612,943870
2024-09-25,720.851806640625,727.1711946805702,705.0533968069127,725.7394517361599,2492409
2024-09-26,734.7247924804688,745.931825909696,720.8024675560525,733.5893179035993,4039878
2024-09-27,726.183837890625,734.5767436212903,721.6417586296311,734.5767436212903,1177716
2024-09-30,734.0336303710938,736.8970559522801,719.4694715166368,724.7520406217934,864479
2024-10-01,721.8392944335938,736.3047392910754,718.9758684651007,732.6513445225695,1344430
2024-10-03,697.6973266601562,713.545156474843,694.1427081643551,707.2257677421328,1381904
2024-10-04,688.0208129882812,702.0419153336906,677.8999555590684,702.0419153336906,1983326
2024-10-07,666.9397583007812,685.7497279871556,655.9302173231088,685.2560276790294,3099047
2024-10-08,664.9650268554688,672.3705322545582,657.7570136535865,660.1760972043633,1549976
2024-10-09,664.619384765625,685.2560834307362,662.1508830241598,673.4072750717033,1574020
2024-10-10,662.348388671875,673.4072887515244,656.6214765685685,666.4954837350132,2571951
2024-10-11,656.7201538085938,668.4702457502516,653.1655355447435,666.4954444334118,761195
2024-10-14,651.783203125,659.8305432471223,648.3273005415882,658.2507261725973,1692063
2024-10-15,648.5247192382812,661.5090615793389,646.9449023428136,657.5594590745185,1137736
2024-10-16,654.2023315429688,658.1519344022017,644.6739508047634,650.6970710586309,1224255
2024-10-17,640.4281005859375,657.0164813533394,635.0961727102659,655.1897538111572,2594238
2024-10-18,629.2704467773438,645.4638421764803,626.9994372468461,640.4280625050408,1557380
2024-10-21,625.5676879882812,630.9490337408671,618.9520913872196,629.2704405337089,2147746
2024-10-22,627.3450317382812,641.5142684195343,624.0866213719211,630.9490685209596,3989483
2024-10-23,635.9847412109375,646.4512243701087,621.1243733262287,622.2105502122819,1610895
2024-10-24,720.2593994140625,735.5147511543513,655.3871661673211,655.6340163240695,27594688
2024-10-25,690.43994140625,723.0735225792992,686.243488419512,718.3340112592733,2648854
2024-10-28,682.1456909179688,700.8569446296094,675.431378787706,690.4398801922733,4605722
2024-10-29,677.5543212890625,694.4388478790938,662.1014773931225,683.0837406855467,1177278
2024-10-30,676.6162719726562,683.9230606359903,670.4450181239454,673.4072199713266,2147148
2024-10-31,677.0606689453125,682.2938805781365,661.3609737806847,674.3946750142796,984886
2024-11-01,688.415771484375,710.9284951096151,677.8012140921134,677.8012140921134,321861
2024-11-04,680.2203979492188,692.0197886496622,671.8768495932271,692.0197886496622,696834
2024-11-05,680.2203979492188,688.9588704438706,666.7423536613738,679.1342209690458,1178166
2024-11-06,700.41259765625,707.5218940919309,681.3064199848735,683.281221202221,1939077
2024-11-07,695.7719116210938,711.8171726331036,694.438884546557,700.7582729900566,955455
2024-11-08,695.1300659179688,700.9557539291404,689.4525121125308,698.8821763796361,1522921
2024-11-11,690.3905029296875,705.5964358196226,681.3064054701885,692.167811934206,730090
2024-11-12,675.431396484375,698.8821617102622,670.5437512577491,690.3905403033492,892443
2024-11-13,657.5595092773438,671.9755354141008,653.8073986645315,671.4324770814574,980137
2024-11-14,660.2254638671875,674.3452810049813,652.2274825013914,670.1488282733832,756869
2024-11-18,659.3367309570312,670.4449873752516,650.3514098718634,670.4449873752516,943201
2024-11-19,671.8274536132812,687.8232965790907,659.5343029689863,659.5343029689863,1167001
2024-11-21,675.2833251953125,686.0953140447137,665.5080347037372,671.8274229379489,1491622
2024-11-22,677.0606689453125,682.2938805781365,666.4954694504228,675.2833597466758,760433
2024-11-25,664.0269775390625,692.1678977767774,658.5962736335385,685.2560928061106,2637722
2024-11-26,667.334716796875,681.7014447170462,663.8294564816707,664.0269486683345,1043903
2024-11-27,665.3106079101562,675.1846153302124,659.8799038291253,675.1846153302124,673597
2024-11-28,656.3252563476562,670.4450742830068,654.8441552999029,667.1866640311806,718669
2024-11-29,663.1382446289062,665.9523726079778,649.8577542556299,657.6088251604446,1776675
2024-12-02,667.5322265625,676.3694748195782,659.5836630357346,662.5458651152364,1089452
2024-12-03,664.2244262695312,672.1236314333939,661.5584324734971,672.1236314333939,671497
2024-12-04,680.4671630859375,688.6625761992598,662.7433098592593,664.5206189264862,1860493
2024-12-05,666.4954833984375,683.9724881274502,658.8924858308832,683.9724881274502,1369054
2024-12-06,660.571044921875,669.8526352798547,658.6949595518088,669.8526352798547,659081
2024-12-09,651.3388061523438,667.4334232923954,650.3019873472203,660.5709773193313,1236327
2024-12-10,637.4164428710938,652.1780938386117,629.9615804224592,652.1780938386117,1789953
2024-12-11,633.6643676757812,640.8723803736736,632.1832666995231,638.3545207672654,857593
2024-12-12,627.3944091796875,637.2189976231674,624.037222798676,635.6885386394711,1489548
2024-12-13,623.8396606445312,631.4426569962299,618.2114654093182,626.9993544841375,896237
2024-12-16,623.6917114257812,626.061437079695,610.4111592087802,623.9385616146989,2255182
2024-12-17,613.5707397460938,632.0350822355588,609.5223612398929,624.4321460416136,3150407
2024-12-18,603.4498901367188,614.9530707638289,593.8720924326774,610.0160678510395,3565082
2024-12-19,601.91943359375,609.6705651322926,590.4656097518484,594.9089128352654,1964594
2024-12-20,581.0359497070312,606.708367718755,579.1598642843277,601.9194381991823,1590527
2024-12-23,576.7901000976562,586.466614184482,573.5316298171651,583.1094279477978,1077200
2024-12-24,587.4540405273438,589.8731842214883,573.7291471112087,576.7901253471593,1606488
2024-12-26,586.0716552734375,591.6998511422896,579.8510431094027,587.5033982973088,1481714
2024-12-27,592.785888671875,594.3164077181498,581.8751247840688,584.5411182889537,876891
2024-12-30,591.6998901367188,593.4278414220574,586.1704701300979,592.9341410548178,1822923
2024-12-31,587.305908203125,591.0580187070127,577.3331855130347,589.4782017367929,1548728
2025-01-01,584.1956176757812,593.9708479343035,580.9865655687919,589.2806948548574,453009
2025-01-02,589.922607421875,591.4530665759763,579.6042572288783,586.269212486621,1969381
2025-01-03,583.6525268554688,599.6484301717404,580.1472664405644,590.465615759152,1521275
2025-01-06,574.2228393554688,587.6515244347005,571.0137872239611,582.5663869506193,1661234
2025-01-07,577.0863037109375,580.3940716774573,567.8047137877563,570.8162736218663,787355
2025-01-08,565.9287109375,579.9497520607035,564.4476099512895,578.0737269711956,1581135
2025-01-09,558.6219482421875,567.7060467714738,552.9443941946531,565.9287375576508,1288063
2025-01-10,562.3740844726562,566.5211796711935,551.5126762349514,556.8446643853792,1772445
2025-01-13,554.8204345703125,564.4969486294613,549.2415969398784,549.9821474076625,2884183
2025-01-14,562.7197265625,570.2239483564847,553.9811935318861,554.7711020997539,1130150
2025-01-15,563.7564086914062,567.755369238902,554.3267446120602,563.8057666702836,930485
2025-01-16,575.3583984375,577.9749741259587,565.8299576009739,566.7680003167502,1564624
2025-01-17,567.5084838867188,581.5295841890853,565.2374746038207,577.4318476717866,1546189
2025-01-20,559.1649169921875,572.642958547825,551.611338977061,571.2605736773479,1942954
2025-01-21,549.3897705078125,566.6198644133343,547.4643271003711,561.732279188648,2016643
2025-01-22,524.6553344726562,550.0315443530886,521.9894008126842,548.1061009472099,3786430
2025-01-23,535.7636108398438,541.8361494227532,524.062936320959,527.9631812493066,1738327
2025-01-24,518.4346923828125,540.0587904387055,503.5743248497894,503.5743248497894,7353964
2025-01-27,505.8453674316406,515.5713005031555,500.66151374767503,514.4851235715832,3114482
2025-01-28,490.9356384277344,513.004019891405,488.812702823474,509.350625260568,1749811
2025-01-29,495.9219970703125,505.4997958265442,487.1341369467523,491.2812017692358,3576782
2025-01-30,497.4524536132813,510.8811391041863,490.63939490567896,509.30126184670354,2746724
2025-01-31,497.9461364746094,500.9083384289689,493.7496837059333,497.50182426130135,2151141
2025-02-01,497.10687255859375,507.5239374312377,492.5648235121658,503.6730808975771,867040
2025-02-03,479.3829956054688,495.6751056517926,471.5825368220257,493.7003044340564,6332539
2025-02-04,496.0700988769531,518.2372262092983,493.2560008937788,493.70034325594014,6030302
2025-02-05,510.135986328125,512.8104977656626,491.3154353762136,505.1336940879093,2580847
2025-02-06,528.213623046875,529.9470948524672,506.66904489165785,514.0486940986328,4612104
2025-02-07,524.5980834960938,530.789054366557,515.0887764225422,530.789054366557,1676568
2025-02-10,523.6570434570312,529.4517673351265,517.1193427020927,524.4989912141244,1160970
2025-02-11,506.1242370605469,525.836251038542,501.5676766847888,520.1405581261814,2500361
2025-02-12,506.5204772949219,508.8482883812441,490.3248914995222,505.1832215449623,1449261
2025-02-13,511.5722961425781,516.5745883096376,504.6879247243727,510.1359788676191,1005358
2025-02-14,484.6291809082031,517.6146603325457,480.4193208798744,511.5227815079473,2492187
2025-02-17,482.6976013183594,488.7895407952356,470.56329849817934,479.3297192345467,2915888
2025-02-18,501.7657775878906,503.2020948716852,485.0253989815331,487.65036449355694,3212526
2025-02-19,504.5393676757813,508.94732079419,494.03947504254097,500.2304459077357,1595962
2025-02-20,513.0581665039062,515.286916088668,497.2587962446322,497.2587962446322,1562900
2025-02-21,502.6573181152344,519.6948820122834,500.5771458605767,515.7821763373476,1331623
2025-02-24,500.180908203125,508.6996595549624,493.04889798879526,500.0818466277749,1407219
2025-02-25,504.0935974121094,507.1643249567408,497.3082874092987,498.34838863519855,650257
2025-02-27,498.2988586425781,503.4992742500827,487.20465681751193,502.2115643818693,1456475
2025-02-28,489.23529052734375,492.9498731597583,472.19775632427945,490.3249074787221,3533392
2025-03-03,481.3603820800781,499.1903782932484,471.60340588422326,499.1903782932484,1083796
2025-03-04,469.7213134765625,480.3202365553557,459.6671534663112,468.433573508924,1539353
2025-03-05,504.2421875,507.0652762859476,465.5610132759412,465.5610132759412,2597910
2025-03-06,516.9708862304688,527.4212335842075,510.1360298030245,513.1076959960518,1212006
2025-03-07,512.71142578125,524.6971818102827,508.1053796717409,515.584060484239,1035927
2025-03-10,507.3624267578125,517.9613803507759,503.1030209141042,513.107635292905,1761286
2025-03-11,502.8058776855469,504.4402878890969,490.3248748259263,499.7351502013733,1285121
2025-03-12,500.0323181152344,508.2539152562954,486.3626666632812,507.1643285775967,1587133
2025-03-13,481.2117614746094,501.9639074819831,479.8745359785611,500.7752290084409,1388137
2025-03-17,481.3603820800781,486.90746782958433,476.4571210297163,480.5184039908084,682758
2025-03-18,481.3603820800781,481.3603820800781,481.3603820800781,481.3603820800781,0
2025-03-19,503.152587890625,509.4921056760669,486.3626630913528,490.324884379266,940318
2025-03-20,503.6973876953125,512.7609931913039,499.8837436108448,504.341242616998,753432
2025-03-21,504.5393676757813,513.1076653073408,498.3979124857681,513.1076653073408,1818450
2025-03-24,497.209228515625,515.5840166323989,496.2186732483197,507.312904333878,1600763
2025-03-25,489.0372009277344,505.87664230956926,486.4617509058188,500.2799802550669,1499538
2025-03-26,492.2564697265625,499.0912952687404,489.9286587195461,492.3059853999537,2852798
2025-03-27,462.9360656738281,475.6151625223633,457.636588313077,465.56103140074936,8410256
2025-03-28,456.8441162109375,468.879357053724,453.6743271608688,463.5303644824132,2707951
2025-04-01,456.64599609375,460.6082173179908,450.9998187574673,455.6554407876898,1240444
2025-04-02,461.2521057128906,464.0751945860184,448.5234630599119,458.4290168397629,1378880
2025-04-03,445.8984680175781,457.6365545202998,439.36079690713257,454.2191265993501,4325036
2025-04-04,417.8657531738281,447.4833501601404,410.2384653848379,445.7498784107652,4180157
2025-04-07,402.7597961425781,409.0993440972467,376.4110187819704,376.4110187819704,3475481
2025-04-08,407.1677551269531,420.7878908750544,401.57112357451234,411.0804607608748,1686256
2025-04-09,403.6017761230469,409.09934604228704,398.500392055505,406.127680090406,1164353
2025-04-11,426.0378723144531,427.1770049484454,412.0710354980946,424.6511008370125,2314455
2025-04-15,458.1813659667969,461.5987940228694,445.7499083911829,448.3253583522021,6752078
2025-04-16,442.580078125,460.6081959507244,441.1933068067168,460.6081959507244,1718495
2025-04-17,447.433837890625,448.2262700331984,431.7335304524322,440.7971053365156,2582488
2025-04-21,451.2970275878906,454.6153940862756,445.05651068883446,447.4338677338181,1083089
2025-04-22,447.3347778320313,454.7639425539007,445.94800646315207,452.0894311622882,1199046
2025-04-23,473.9312133789063,475.3179848057127,448.72156794458425,448.72156794458425,5766536
2025-04-24,464.7190246582031,483.3909985795324,461.6978430088208,480.4193326046582,3981952
2025-04-25,449.3654174804688,466.55155842809546,446.740451913102,464.71902502958864,2181275
2025-04-28,458.8747253417969,461.1034746823668,447.830040211064,448.7215339014225,1037631
2025-04-29,487.2046508789063,494.5842700372322,462.98556068171183,470.5137873247783,9531228
2025-04-30,476.6056823730469,490.37439516542486,473.188284683897,487.3532135552469,3063465
2025-05-02,493.6432495117188,494.0394655936433,464.0256515049572,465.5610001584208,4404049
2025-05-05,503.7964477539063,505.2327348472768,487.84850086749486,492.3059998601928,1741588
2025-05-06,497.70452880859375,508.89779174700726,494.78237854526543,504.5393544183042,3030894
2025-05-07,506.32232666015625,507.9567368305928,485.3720884788275,486.36264376143737,2188022
2025-05-08,503.3011779785156,510.9284360146535,499.2398950089616,508.1548931341216,2833517
2025-05-09,495.77294921875,498.8931925036274,486.9570127110798,493.0984377006551,1291054
2025-05-12,514.890625,517.9118065272098,503.7964239467135,508.1053454819041,932430
2025-05-13,503.3506774902344,516.9212671740253,501.7162672656436,514.8906408691321,1005905
2025-05-14,523.2113037109375,527.5201949355311,507.6595739394911,512.1170726374963,2757417
2025-05-15,528.7089233398438,530.4423952196465,515.881219337563,523.0132300204917,850032
2025-05-16,537.722900390625,540.1992885483762,523.508456548611,528.7088716798886,801815
2025-05-19,531.0366821289062,543.3691079374697,529.0060558174741,539.6545254926433,854863
2025-05-20,519.4967041015625,535.7417736495157,516.723161540565,532.9187154186009,780051
2025-05-21,520.091064453125,531.4329350848872,516.7232126029231,519.2986322800598,1119968
2025-05-22,523.062744140625,525.786771372211,517.4661426491325,523.0132284645182,1043387
2025-05-23,532.225341796875,534.3055441676933,520.8339560352538,524.9447846457522,702464
2025-05-26,539.8526611328125,554.2157135849699,532.2253729113062,532.2253729113062,3863285
2025-05-27,539.8031005859375,544.6072694095186,536.2370653776456,543.7158059514669,1379965
2025-05-28,534.107421875,544.7063755184472,526.975411729775,526.975411729775,2691428
2025-05-29,537.52490234375,541.8337940729147,531.3834468822616,539.4564369721119,1497046
2025-05-30,538.8126220703125,544.557831300156,530.9376945464003,537.8715823483122,4203570
2025-06-02,536.2866821289062,542.8243231512628,529.5508574892667,534.8503648025508,768745
2025-06-03,528.7089233398438,538.3173224224907,525.7372572601819,534.9989256916476,1313357
2025-06-04,532.96826171875,535.6922887663828,524.1027797810783,527.0249299784601,1009153
2025-06-05,523.1122436523438,536.7819555226819,522.0226569768585,531.3339012278569,1110583
2025-06-06,505.331787109375,522.0226501868353,503.4497380596946,519.645293251082,4829182
2025-06-09,516.426025390625,518.605259327696,503.1030736101928,507.1643567314516,1589318
2025-06-10,511.7207946777344,514.4448214912619,501.617149725167,513.1075961480979,1552476
2025-06-11,514.09814453125,529.6003574660059,512.4141886134943,514.09814453125,2003002
2025-06-12,506.0252075195313,521.0321150536279,502.6077794640364,515.08878294275,1437544
2025-06-13,497.1101989746094,499.23988689067386,463.5303792950948,463.5303792950948,1922178
2025-06-16,495.4757690429688,499.73514470590806,490.3743851067934,494.6337909990812,1359974
2025-06-17,475.4170227050781,499.1903496239658,473.5844893758775,496.5158382538516,3954206
2025-06-18,474.0797729492188,479.32970395106,469.4241509443039,475.4665443242948,2530901
2025-06-19,473.5349426269531,480.3697982873881,470.315637945778,475.1693830331822,2082504
2025-06-20,482.3509216308594,487.20463661741934,470.3156503975797,473.5845010672337,5401406
2025-06-23,472.8415832519531,481.50894221404224,470.81092672893993,475.36748720059376,4620465
2025-06-24,477.2000427246094,484.2825074737179,475.4665708517125,478.9335145975063,2061260
2025-06-25,476.2590026855469,481.85566462587343,473.1883052679257,479.8745539154854,1027515
2025-06-26,476.2590026855469,479.3297303325184,470.5633093931812,478.2401133959349,3502901
2025-06-27,474.7236328125,481.2117580080256,473.6835618276551,480.32026427396585,1200021
2025-06-30,476.8038024902344,478.1410581989273,472.0491188848096,476.9523797402338,1060345
2025-07-01,471.4052734375,484.3815542495648,469.67180161758847,481.4098882725736,2676817
2025-07-02,470.8109436035156,476.80382158113474,466.7001449657431,473.4359394524543,1339966
2025-07-03,474.82269287109375,478.0915132953096,470.51377123601,474.0797763901948,1330215
2025-07-04,475.4687194824219,477.6552516736184,471.0956854306184,477.05892195505663,666146
2025-07-07,465.4305725097656,477.55583156199305,463.2440707717262,475.4686928293194,1635790
2025-07-08,458.4734802246094,468.6606757517233,457.18145780218657,466.7226421180891,2014126
2025-07-09,452.8084106445313,460.2624559350012,444.55924899139177,460.2624559350012,6392096
2025-07-10,451.8642272949219,458.4237933306488,449.2304706459692,454.89555729741255,1817646
2025-07-11,444.4101867675781,453.0071798471866,443.41631403396815,452.2120937925341,3034052
2025-07-14,449.47894287109375,467.1201838571898,442.7703019327192,467.1201838571898,3282577
2025-07-15,452.5599670410156,457.08207596387103,447.7396780919983,451.7151691294411,4731952
2025-07-16,452.26177978515625,459.1692074845293,450.5225024840785,455.1937165106373,3173710
2025-07-17,483.0221557617188,490.973137749566,452.5102502511193,452.5102502511193,34339361
2025-07-18,476.8104248046875,486.0037472214533,470.499327133547,483.02212914034,6706634
2025-07-21,484.9105224609375,493.40815291366,481.084106198408,482.1276908139652,8698089
2025-07-22,470.0521240234375,486.0037693515123,468.1637415549421,485.5068329820322,2402025
2025-07-23,486.0037841796875,488.9854024875384,465.231849367778,471.4932356820288,4471528
2025-07-24,487.792724609375,489.8301819078104,481.6307318708945,486.9976385562126,2158605
2025-07-25,466.5735473632813,486.9479375480431,464.1385471357942,486.00374635846543,4112162
2025-07-28,462.6974182128906,476.7607410261384,461.1569276772383,466.17597262424914,1532707
2025-07-29,467.61712646484375,469.0582540771517,460.361867559474,462.1508263680177,1649095
2025-07-30,458.4734802246094,468.85946243082935,451.71515776324736,468.1140578800649,2852842
2025-07-31,446.7954711914063,454.00104844442905,442.273362426917,445.2549806005816,8040816
2025-08-01,434.8690185546875,450.8703762241868,432.6328048212957,447.24274667835806,1490890
2025-08-04,440.2856140136719,443.4660188430714,429.7505571381977,436.3101231422166,1461100
2025-08-05,444.3605041503906,452.4605608429104,430.3468925754645,430.3468925754645,5080108
2025-08-06,443.2672424316406,447.1433400549475,434.1733129187237,444.2611151725187,1458579
2025-08-07,446.0997924804688,450.1746768451248,428.7070192550012,437.304012526043,1665549
2025-08-08,442.27337646484375,446.5470171838413,437.99973574584624,440.3850242943702,2163302
2025-08-11,443.2175598144531,447.0439455927593,437.7512597533427,442.7206234452613,2797929
2025-08-12,437.5524597167969,447.7893364774248,436.5585870087519,443.71448263891085,921533
2025-08-13,446.0003967285156,447.7893555469458,439.3414371688013,439.8383735439862,1320587
2025-08-14,449.0813903808594,450.2243379320085,441.2794835360082,447.093644959526,1321467
2025-08-18,442.2236633300781,455.19368973730127,440.5340676333161,452.1623901802376,2572430
2025-08-19,452.4605407714844,463.7906833375358,441.4285478793077,443.0684317467936,5221932
2025-08-20,447.590576171875,454.9452280801831,441.1800851294986,453.70288720612473,5362350
2025-08-21,439.937744140625,453.20595073822346,438.8444781056214,448.2365872432868,5051564
2025-08-22,446.8948669433594,449.1807924205334,440.68316238134616,441.7764284503782,894867
2025-08-25,448.3856506347656,452.2120664942963,443.9629354355362,446.8948416243449,1166650
2025-08-26,450.9200744628906,460.3618654969246,439.0929645873664,447.04394651076336,58650435
2025-08-28,447.590576171875,456.2869622902837,443.913235052427,450.2243327587612,3245285
2025-08-29,440.3352966308594,450.9200653673467,439.3911357448541,447.5905856879656,3898250
2025-09-01,448.0378112792969,449.528620363408,438.5960204132597,441.2298073929935,3064165
2025-09-02,442.2236633300781,450.4727944834755,440.1862061274431,448.2365809421897,4087210
2025-09-03,447.2427368164063,449.230482313368,439.34143633374737,442.2236915688134,3590314
2025-09-04,435.2665710449219,453.1065682192888,433.92483680314,453.1065682192888,3549467
2025-09-05,438.3972778320313,446.1991850166312,435.61441592262673,438.8445023729537,4301884
2025-09-08,451.5660705566406,456.5354340923568,439.7886729108759,439.7886729108759,3317333
2025-09-09,442.7702941894531,453.20595768886784,440.8819420985338,452.11269163709727,1694278
2025-09-10,447.2923889160156,454.6470710357394,443.615078186741,448.7831979407293,4099347
2025-09-11,437.25433349609375,448.6341584154037,435.1174827946808,447.3918174636937,4599233
2025-09-12,425.6756591796875,439.9874501191321,423.4394456367227,439.2917271068637,3256814
2025-09-15,431.34075927734375,434.421770766871,427.56405508410927,428.35914112565706,1452381
2025-09-16,429.8996276855469,436.3598002871319,428.50821196055387,431.9867664383304,1368600
2025-09-17,431.9371032714844,434.22299846454166,430.0487511123602,431.7383165892232,1508205
2025-09-18,437.90032958984375,438.4966592921717,431.19168868247846,433.32850897944746,1638234
2025-09-19,433.52728271484375,438.496646201577,432.8812411970983,437.30398683252594,2335111
2025-09-22,418.0228576660156,434.5708318165845,416.780516808907,433.5769591308977,2723801
2025-09-23,418.7682800292969,431.73830699809264,418.0725569874276,420.9051003284832,4907137
2025-09-24,414.24615478515625,423.6382645118484,412.95413232767856,420.2591031894847,2547455
2025-09-25,407.1399536132813,417.3271489915648,405.5994630297761,413.4510514503355,2409924
2025-09-26,404.6055908203125,411.264519853237,403.2638565807284,404.5061974820862,2512505
2025-09-29,402.8663330078125,409.1277193207046,399.8350028638013,407.5872286608853,2086802
2025-09-30,409.2271118164063,411.36393219936,400.828874802935,403.1644818715267,2437936
2025-10-01,411.21484375,413.9976752733536,408.779843419124,412.3081098236706,1311404
2025-10-03,417.1283874511719,418.8179528554929,407.7362782334853,411.2148327095784,1842319
2025-10-06,411.7117614746094,419.4142748154138,410.8172821205045,419.4142748154138,2305014
2025-10-07,411.5130004882813,418.4204282411246,409.77372317373977,412.9044466043859,1808280
2025-10-08,402.7669067382813,415.48846501011786,401.87242738536247,412.7553151186181,1583659
2025-10-09,426.8186340332031,428.5579112210637,402.9656897425447,404.8043299338133,4699597
2025-10-10,430.1481018066406,445.7519156690986,427.36527031819935,432.3843154303986,8389715
2025-10-13,433.0800476074219,434.6205382262855,421.9983725930514,431.34077030779366,2600084
2025-10-14,450.0255432128906,454.0010339844907,431.7382917296479,432.8315577579554,7646062
2025-10-15,449.47894287109375,455.1937110778573,442.86969527199807,450.0255607412444,2676450
2025-10-16,465.6790466308594,471.0956650383243,449.4789335729581,449.4789335729581,7002787
2025-10-17,459.3679809570313,468.2631235569949,457.2808421896326,463.7410148364547,2356950
2025-10-20,458.3741149902344,462.498680751655,455.7900398273456,459.2188825458617,2459282
2025-10-21,459.1195068359375,462.49866795672887,457.1814429347399,462.1508064449001,148421
2025-10-23,475.120849609375,479.493913914978,464.3373546815096,469.2073250248341,4520849
2025-10-24,475.7669067382813,478.400663510488,468.90916036647343,474.67364062606623,2880354
2025-10-27,480.8853149414063,484.0160078996912,473.3318763084762,475.7668765708023,2411589
2025-10-28,481.38226318359375,500.31552657130857,473.1828131552688,493.0105559345013,8308585
2025-10-29,480.1896057128906,483.8669469635828,476.0650399299286,482.0282763382367,1573506
2025-10-30,479.9908447265625,483.6184741071148,475.1705559436367,481.1337922943271,845278
2025-10-31,469.8533325195313,484.21480558229496,468.71038494757926,479.9908464850808,1152617
2025-11-03,478.3012390136719,480.5871341016579,469.9527143624599,470.10178920200894,825005
2025-11-04,480.8356323242188,483.86696246054737,475.3693321081987,477.55586432684265,1658014
2025-11-06,479.9411315917969,483.7675476392419,478.45032250816286,481.0343976525795,1428893
2025-11-07,488.0909118652344,490.3768070499158,473.1828206679492,477.0589183131255,1644050
2025-11-10,482.7239990234375,490.8240557392084,481.6307329499483,489.9792578492127,1363815
2025-11-11,486.7988586425781,489.3829338471495,477.8540039325469,485.0098998328076,1089218
2025-11-12,494.70013427734375,496.93634784263566,485.606205177941,488.4884299293108,1449667
2025-11-13,486.15283203125,497.7314430842867,482.62459602846405,496.3897391847351,1626959
2025-11-14,482.6246032714844,486.4510193442756,474.8226962826687,484.1154123649935,956167
2025-11-17,483.0221557617188,484.9602197534922,477.0589192708333,483.0221557617188,1700170
2025-11-18,485.5565185546875,488.3393804454438,473.3815774004253,484.7117509839652,2096390
2025-11-19,503.8437805175781,505.2848777431503,486.7988393425473,488.0411802252412,5842354
2025-11-20,504.53948974609375,512.341396811179,499.1725830231129,506.8254152435076,2647276
2025-11-21,500.0670471191406,514.6272762297378,497.6817586853186,504.5394743065274,3119184
2025-11-24,502.7008056640625,509.2604019608386,496.63820638452864,499.9179742023285,1898547
2025-11-25,498.2283630371094,503.197726443945,494.0541159737197,502.7007901032615,1347508
2025-11-26,504.0922546386719,507.3223409717671,496.24063590298505,498.8744228698257,816531
2025-11-27,506.3781433105469,517.4101060740394,504.6885475794345,508.7634317369618,2107475
2025-11-28,508.6143798828125,510.5524438778161,502.60146187671694,509.8567208204842,1107443
2025-12-01,505.63275146484375,511.9935612022877,502.0051220659066,511.0990514806799,1237953
2025-12-02,503.2971496582031,507.7198954850936,499.1725838517776,503.893479368544,696651
2025-12-03,488.6375427246094,505.4836983573088,486.6001156724236,505.4836983573088,1154576
2025-12-04,496.5885009765625,501.706939444158,488.63751917661966,489.9792534214777,1353456
2025-12-05,489.8301696777344,496.8369601293724,485.2583491597279,496.5884919526393,1038693
2025-12-08,483.3699951171875,495.9424787426419,479.49389764202994,489.8798491888888,891694
2025-12-09,476.214111328125,484.1650931483357,473.0834183025348,482.0282728502718,1515002
2025-12-10,468.6606750488281,481.9785939336496,466.1759932166732,476.21411388469687,1111844
2025-12-11,480.1896057128906,489.87986487639125,466.1263125827485,470.49934654939,3559650
2025-12-12,489.4822998046875,490.72464066713593,481.084063442301,482.6742658123525,2896193
2025-12-15,483.9166259765625,492.9608738820484,480.1399217363145,486.997637504443,1169034
2025-12-16,481.9786071777344,484.6620454318455,480.18961801107065,481.531352303421,394684
2025-12-17,486.8982238769531,490.4761716205457,477.8539763483291,480.9846995805897,804592
2025-12-18,483.4693908691406,488.1405743977144,479.6429748777746,485.00988143408335,1365960
2025-12-19,493.7559509277344,496.9363557366844,479.493901782562,483.2209244505871,4151451
2025-12-22,490.426513671875,499.2222631202944,488.5878430443056,495.94249522399446,778559
2025-12-23,485.30804443359375,490.3768014488938,480.5374674371871,490.2277266047416,1028261
2025-12-24,481.0343933105469,486.5503747379677,480.04052059709534,485.5565020245161,868011
2025-12-26,479.1460571289063,484.8111135853088,477.85400436016977,480.040536534592,748098
2025-12-29,474.474853515625,482.17736746987407,470.1018194012661,480.2890152762407,2412933
2025-12-30,475.8662414550781,479.642975951743,473.0834099990834,475.0711554192477,1914434
2025-12-31,476.4625854492188,478.45033092904913,469.9030192996608,477.0589151592857,589617
2026-01-01,471.3938293457031,478.996980085625,469.9527320683175,478.996980085625,532720
2026-01-02,483.3699951171875,490.327104037425,471.29444784317866,472.0895338732564,1198062
2026-01-05,478.4503173828125,486.5006924143151,475.6177740881335,484.5129469907632,665079
2026-01-06,473.53070068359375,478.5497461170714,466.2257296455952,478.4503527724244,1057436
2026-01-07,470.8968811035156,475.8165631840772,467.7165066080012,471.09566777911766,591731
2026-01-08,460.0140075683594,470.69813961146,457.2808575108221,469.6545550275012,1597648
2026-01-09,456.8335876464844,466.07662209965554,452.5599471017607,455.29309706958327,1148591
2026-01-12,454.05078125,456.5851446824328,444.1617350517038,455.1937288699091,1289974
2026-01-13,454.24951171875,460.1133849947528,451.3176054113368,455.1440214256577,1165172
2026-01-14,458.8213195800781,461.50478796541546,451.76481744098766,452.4605404536565,780253
2026-01-15,458.8213195800781,458.8213195800781,458.8213195800781,458.8213195800781,0
2026-01-16,457.2808532714844,461.2563442274102,454.5477032392854,458.82134388467006,642454
2026-01-19,444.9071350097656,455.9888102191891,442.42245310942,455.9888102191891,1331585
2026-01-20,443.2175598144531,446.34825287424405,437.00585519955496,443.118166474497,2411410
2026-01-21,441.7267456054688,444.90712013321377,435.0181046988553,440.3352995233299,848022
2026-01-22,466.2257080078125,469.2073262253036,443.3666350070473,447.2427326236679,2758332
2026-01-23,453.3053588867188,468.0146631801463,444.7580473300131,467.1698652922844,2686728
2026-01-27,484.8110961914063,487.79271432377794,458.3741063488475,467.1201740715693,8264444
2026-01-28,491.0725402832031,493.8553718988074,476.5619918176327,486.5007194884906,2665166
2026-01-29,491.0228271484375,495.4455730825133,481.5810358860827,491.0725389850143,1783815
2026-01-30,494.3132629394531,495.958474975361,487.3335496957291,488.57992706067984,1859620
2026-02-02,498.0523986816406,500.2958779549813,481.8494928186243,488.779363190153,1188339
2026-02-03,528.6634521484375,547.8576641807896,521.7335816066612,547.8576641807896,15751143
2026-02-04,531.3057250976562,536.4408242455454,524.3260117710414,528.4640090151283,2098444
2026-02-05,522.7306518554688,529.5607752760337,520.8361339718175,528.463987569668,2352832
2026-02-06,512.0118408203125,521.3846233013252,504.63329262752177,520.4872072214278,959773
2026-02-09,529.062255859375,535.4437325081816,519.3405121127181,519.3405121127181,3699776
2026-02-10,529.560791015625,535.543402373474,524.6750282550103,530.3585212166207,1224152
2026-02-11,536.4407958984375,540.8280683866387,528.5636669313432,529.5607687824555,2187798
2026-02-12,531.255859375,536.5903908463695,524.6750114356346,531.9538428493612,1565000
2026-02-13,526.4199829101562,530.3086439723876,518.5926961436587,524.525464875393,1082968
2026-02-16,523.5781860351562,527.2176323321521,519.5897784146766,526.070940797956,851902
2026-02-17,528.2147216796875,531.2558702463499,518.8419396510772,520.4871820987199,1835116
2026-02-18,530.2587890625,531.4553235385563,522.5810921042662,528.4640177775512,528154
2026-02-19,526.5196533203125,544.018779732853,523.8274659818591,530.4582180508025,2559118
2026-02-20,530.5579223632812,534.1973688179964,522.6808534864352,524.4756248217752,1982341
2026-02-23,534.4964599609375,541.0274652176362,531.9040193708537,533.9480660889894,1142219
2026-02-24,527.9155883789062,535.2442626570429,523.5781588022751,531.4552877863174,821398
2026-02-25,540.4292602539062,541.725480625296,527.5167777496166,528.6634693425424,1312350
2026-02-26,543.7694702148438,545.3150267708353,534.4465922493238,542.9219579846209,917562
2026-02-27,532.9509887695312,544.2680714842842,529.4611319674857,544.2680714842842,1517077
2026-03-02,515.7509765625,527.4669243142822,500.5451720335911,500.5451720335911,1557182
2026-03-04,499.9468994140625,507.3254475777351,495.0112631397841,500.7445992120305,1180839
2026-03-05,509.46923828125,513.5074888862741,500.0466129640126,501.5422658442639,837518
2026-03-06,513.4576416015625,519.4900959956932,508.52197496699335,509.46923395476256,589454
2026-03-09,499.2489318847656,503.5364578692258,491.5712351079769,499.54805028214287,809014
2026-03-10,510.2669067382813,516.3492040971779,498.55095919714825,507.5248764626969,1840641
2026-03-11,514.853515625,535.3440073180022,513.5074524715368,518.4929617188333,3244130
2026-03-12,508.8210754394531,513.5573093531367,501.2431255208669,506.5277532950074,748268
2026-03-13,484.641357421875,510.01761248244,482.5973107360723,507.8738495226419,1136203
2026-03-16,487.7822570800781,491.621075015792,473.0251308409033,482.5973150770182,742736
2026-03-17,500.6448669433594,503.9352910211176,485.6883385369404,491.57123362430485,2097610
2026-03-18,510.3167419433594,527.1179455291266,500.2460370632177,505.23154657977705,2686996
2026-03-19,497.2547302246094,505.530663831659,492.1196310909007,503.53646002956174,965035
2026-03-20,504.7828369140625,512.4605337163107,498.1521153643764,498.2518316402112,1298483
2026-03-23,483.5445861816406,497.3544233705279,478.6089195273605,497.3544233705279,3152852
2026-03-24,493.2663269042969,497.4042937437588,478.2599249057073,490.87325797768887,1604537
2026-03-25,509.9677734375,517.4958805298154,494.26341868153736,498.5509446337336,1883357
2026-03-27,487.3335571289063,507.3753115488325,484.4419676839429,504.5335650275735,8344260
2026-03-30,480.10455322265625,487.4831010181329,473.12484009169344,482.6471508344246,3529118
2026-04-01,495.8089294433594,506.3283425218357,490.57414436628017,490.57414436628017,1772619
2026-04-02,495.1109313964844,497.60368612193065,476.91382190072665,491.57123185800464,1880786
2026-04-06,507.9237060546875,510.964885132798,487.83210868619307,498.0524032473244,967766
2026-04-07,513.6570434570312,515.5016575401252,497.4042650101815,508.4222283043276,1373705
2026-04-08,532.1533203125,541.8750642779736,524.1266618254815,528.4640309436913,2802376
2026-04-09,521.5341186523438,535.24426930492,518.0941050442256,530.7074679879029,1847081
2026-04-10,552.6437377929688,558.2274841878481,524.6251982535846,527.2674818200857,4735536
2026-04-13,567.6500854492188,569.6941321219753,539.2326820025388,548.1567559583254,5054129
2026-04-15,584.0026245117188,589.4866852388321,571.4391034219129,579.7150982967211,4121646
2026-04-16,579.1666259765625,591.9295792411161,576.0257914430489,584.3017252086502,2161265
2026-04-17,592.1289672851562,595.2200198379213,571.6883773577612,576.3249257577722,2982180
2026-04-20,574.8790893554688,593.8738684145695,572.6356100762457,593.2756316167515,1308363
2026-04-21,579.6152954101562,583.9527249889063,573.5828413666542,574.1312352145603,1887348
2026-04-22,586.74462890625,594.2727361268063,578.4187914740749,581.8089622986433,1612696
2026-04-23,572.8848876953125,586.1962346501391,569.095912625657,586.1962346501391,1544192
2026-04-24,563.2130126953125,576.2750847687539,558.8756435516466,573.2339359897708,1501889
2026-04-27,586.9440307617188,590.483730172135,564.21005980153,564.5092390443752,3960338
2026-04-28,597.0646362304688,602.249578548568,584.3017434262597,586.9440879403534,3382848
2026-04-29,597.9620361328125,609.6281408179663,594.6217081716766,603.246664159581,3216609
2026-04-30,605.4901123046875,611.3231339177117,584.4512871302858,597.0645893072214,2865734
2026-05-01,605.4901123046875,605.4901123046875,605.4901123046875,605.4901123046875,0
2026-05-04,573.7822875976562,612.2205528048753,568.348070193451,612.2205528048753,9158079
2026-05-05,576.17529296875,579.3161882120021,567.6999270482646,573.7822849885152,3817731
2026-05-06,580.9115600585938,586.9440754215442,572.6854691363217,580.3133232439192,2439303
2026-05-07,576.9730224609375,586.644861930792,571.3393725419546,582.3074931317652,3178170
2026-05-08,577.62109375,580.2135950938857,573.0344495498242,576.9730140577293,1244286
2026-05-11,591.829833984375,603.8448999799857,566.8524429950344,573.0344870867754,6486335
2026-05-12,582.4072265625,602.8478166045631,580.911573632593,591.9295989028604,4022177
2026-05-13,589.6361694335938,595.8182132302019,576.3248837457494,582.3074949957053,3189067
2026-05-14,585.8472290039062,596.1672705331953,578.717986692548,596.1672705331953,1254626
2026-05-15,571.8877563476562,588.6390553278194,569.5944342544777,587.3428350889156,1639648
2026-05-18,565.9051513671875,572.3863134903528,553.9399289859592,569.3451649734443,1311612
2026-05-19,578.06982421875,582.0083888796909,564.8582240964587,570.2924416014325,1097146
2026-05-20,586.8941650390625,588.6390933968931,568.3979366177114,570.9904381214512,1366708
2026-05-21,582.6066284179688,594.3225757514072,579.3162043172529,587.5422949981777,763533
2026-05-22,592.0292358398438,598.2112796110041,582.606610988297,582.606610988297,2484984
2026-05-25,592.9266967773438,601.8008675854487,590.9823358101853,597.2640659009277,711240
2026-05-26,606.2379760742188,607.833314825842,588.3898271063563,588.8883780735226,1904541
2026-05-27,616.906982421875,619.9979740924267,599.5075413980039,610.2263872525212,1907699
2026-05-28,616.906982421875,616.906982421875,616.906982421875,616.906982421875,0
2026-05-29,605.6895751953125,618.2031921551866,603.2466633127224,618.2031921551866,1914358
2026-06-01,598.4605712890625,609.7776534868784,593.2756292483473,607.0356232676634,1573058
2026-06-02,609.5782470703125,612.4698670414936,589.0878143617022,592.2785527434223,1611420
2026-06-03,601.701171875,613.3672766285239,597.8124500044014,613.217686995704,1008198
2026-06-04,599.4078369140625,610.5753296077876,595.7185476792597,595.7185476792597,1684599
2026-06-05,600.554443359375,607.6339031422594,597.2640193642474,603.2964734983594,1525449
2026-06-08,586.545166015625,594.7214133956561,583.7034500730934,591.5805182101064,803733
2026-06-09,600.1057739257812,605.5898345563038,586.7944874659127,591.6803112800508,1820577
2026-06-10,587.5422973632812,598.4107324681673,584.850110048851,596.815332905634,1348178
2026-06-11,583.404296875,593.8240238932295,580.4129911774186,582.955649706979,2093237
2026-06-12,591.331298828125,595.8681005255354,582.8060893337345,592.2287149257548,757210
2026-06-15,594.6217041015625,600.853591085348,592.5278144183192,600.853591085348,1187869
2026-06-16,596.9151000976562,607.7834747172828,589.885482741418,597.5133369177191,1855149
2026-06-17,599.5075073242188,607.6837549387975,594.4721549852908,603.1469535415113,1420889
2026-06-18,603.2965087890625,605.4901452002237,598.0617236720577,605.4901452002237,1024033
2026-06-19,612.0211181640625,616.9567846126172,596.5660391151807,603.0472012969699,1977764
2026-06-22,619.2002563476562,624.5347269664425,612.5196617001101,618.2031544855828,3272804
2026-06-23,614.1649169921875,622.0918891335194,610.4756278535136,620.1973712125529,626501
2026-06-24,619.2999877929688,621.0449161800859,610.2762274483887,611.2234864587639,1335527
2026-06-25,619.25,632.2000122070312,617.25,624.0,3276539
2026-06-26,619.25,619.25,619.25,619.25,0
2026-06-29,620.75,629.9500122070312,609.4000244140625,619.25,3941395
2026-06-30,619.9000244140625,623.7000122070312,608.2999877929688,618.5499877929688,1987929
2026-07-01,619.4000244140625,628.0,615.4000244140625,623.0,967427
2026-07-02,662.2999877929688,672.5999755859375,616.8499755859375,623.0,7802225
2026-07-03,660.0999755859375,667.5,658.0,665.25,1237326
2026-07-06,667.5,671.0,657.5999755859375,660.0499877929688,2243065
2026-07-07,671.2000122070312,674.0,660.0,665.5499877929688,2096483
2026-07-08,662.0499877929688,680.7999877929688,657.9000244140625,668.0,3230617
2026-07-09,670.75,675.4000244140625,659.7999877929688,664.2999877929688,1358978
2026-07-10,668.5499877929688,682.2000122070312,661.4500122070312,676.3499755859375,1238095
2026-07-13,670.8499755859375,673.5999755859375,658.7000122070312,667.8499755859375,1526140
2026-07-14,666.7999877929688,674.0,660.0999755859375,674.0,873477
2026-07-15,669.2000122070312,676.0,663.2999877929688,675.0499877929688,2257584
2026-07-16,683.4000244140625,690.8499755859375,665.8499755859375,669.25,2769737
2026-07-17,704.8499755859375,708.4500122070312,680.3499755859375,684.5999755859375,4862624
2026-07-20,714.5499877929688,718.6500244140625,701.1500244140625,705.0,2929307
2026-07-21,732.75,734.2000122070312,715.0499877929688,723.0,3282955
2026-07-22,726.5,739.4000244140625,719.3499755859375,732.75,2080575
2026-07-23,719.75,731.0999755859375,704.1500244140625,725.0,4580235
2026-07-24,717.9500122070312,741.6500244140625,705.0,710.9500122070312,8733705
2026-07-27,720.9000244140625,728.7999877929688,714.5,728.7999877929688,2803016
2026-07-28,713.0,723.75,707.0,722.0,1889106
2026-07-29,720.5,724.75,711.0999755859375,718.0,1817704
