Date,Close,High,Low,Open,Volume
2021-07-27,389.8421020507813,393.6895113531411,389.2157669059463,390.4982275715432,358815
2021-07-28,389.767578125,392.7948104168005,387.78421056312544,390.3789771981584,671454
2021-07-29,390.4981994628906,390.70697782947406,387.7244999497402,389.8420739893575,530118
2021-07-30,390.2447204589844,393.8982875053714,388.1868089471498,392.19827008617295,795645
2021-08-02,395.25531005859375,397.8798939796553,390.2447109668561,390.2447109668561,763389
2021-08-03,397.9246520996094,401.7720613281234,393.2272205202156,393.6895037968103,1109451
2021-08-04,401.503662109375,405.61951253176295,396.76147653152185,401.145768008639,1209030
2021-08-05,402.7712097167969,407.0809296379814,400.8922315757461,402.6370028436296,977178
2021-08-06,402.9949035644531,404.9335444063148,401.1457703802667,404.12824854293575,398691
2021-08-09,401.0115051269531,405.6045746604863,399.0579829009406,404.1282172290668,759798
2021-08-10,396.4632568359375,401.0264818457124,391.3035416406128,401.01154569869954,499029
2021-08-11,391.4973754882813,396.6720267196353,388.6789218768478,395.9711200478802,562797
2021-08-12,401.9957885742188,403.2186139751136,391.4526705943629,391.4973971202023,539919
2021-08-13,398.774658203125,410.063408608288,395.2105987612607,408.005497067238,709227
2021-08-16,392.7052917480469,402.0405199531886,391.2736880287086,399.0580144800313,801822
2021-08-17,390.6175231933594,394.4649322030367,389.513996006257,393.98774011312224,520413
2021-08-18,390.7815246582031,399.1772487825972,388.69376842976345,390.6175001265687,583500
2021-08-20,384.2200927734375,392.06405472890685,383.60869374903183,389.2157833861898,1740315
2021-08-23,373.6023864746094,387.7245264178569,364.25227699806106,385.05518860020806,612645
2021-08-24,381.8788146972656,384.7271132220182,373.6023874784739,375.3471587333117,809781
2021-08-25,378.62786865234375,386.1288444810613,375.7945064752196,381.8787875625916,191088
2021-08-26,371.1119689941406,382.3709003550708,369.8295084727905,378.6278533589529,514044
2021-08-27,372.5137634277344,374.0050023415949,369.84442583886033,372.8119948271665,154941
2021-08-30,364.6698303222656,376.3164745726542,363.1338374674304,372.8120232646961,431808
2021-08-31,387.0385437011719,393.39123874769183,364.237356665359,367.4435218690636,1093137
2021-09-01,387.12799072265625,391.0052448150505,383.25076393582987,387.0385376827134,374193
2021-09-02,381.1033630371094,390.080696890407,379.98492692881865,390.080696890407,187560
2021-09-03,375.4366455078125,388.9771770987219,373.6620565411421,387.724534094475,314784
2021-09-06,372.5585021972656,377.8524237252885,370.9628740494629,374.1839753304463,292020
2021-09-07,372.5883483886719,372.8120356155023,368.6365498165245,368.6365498165245,174009
2021-09-08,370.1725158691406,375.7646961342323,366.29526178348783,372.5883213603196,189501
2021-09-09,379.8507385253906,382.8481529024588,368.6514680572701,371.469921726083,340221
2021-09-13,380.0147399902344,382.0577424949249,377.0918975135291,380.2682448719979,227883
2021-09-14,381.4761657714844,386.1437794083556,377.53927641527486,383.1612742327704,387696
2021-09-15,383.1314697265625,384.742006739524,377.88227463594666,383.1612874068405,241239
2021-09-16,380.2533264160156,383.4744275169367,375.8243089890535,383.25074031972775,204879
2021-09-17,378.4042053222656,388.9175046786797,374.3032911529089,387.724524373863,402012
2021-09-20,375.4068298339844,378.7770470823596,372.841881142249,374.6015339717748,157359
2021-09-21,378.5980529785156,382.7735384151697,369.18828142711607,374.005010806526,250128
2021-09-22,378.8664855957031,380.5068676337639,375.4962684766071,380.49195879326817,121446
2021-09-23,376.86822509765625,383.23585620945306,372.8120103024543,383.23585620945306,102003
2021-09-24,378.7471923828125,384.6376316486774,375.9585565354296,378.4787786393384,772497
2021-09-27,372.0962219238281,390.9754280362312,369.8295321286967,384.4139273968023,354210
2021-09-28,367.2944030761719,376.0032955271653,365.3557896688967,373.1400882837597,213450
2021-09-29,351.4871826171875,366.2505386536821,346.38710324598946,366.2505386536821,925884
2021-09-30,347.8187255859375,354.61882267829,345.40289263682234,347.4608314875125,416184
2021-10-01,344.67218017578125,350.5625919592299,343.8818205042043,347.8187100218513,159429
2021-10-04,356.1846618652344,357.49694033154736,346.9985760731851,350.1451063128304,217923
2021-10-05,350.0556030273437,357.8249933383535,347.75906807695986,357.6013061103226,123672
2021-10-06,348.7880859375,350.7416085144314,345.37311450655744,348.4450733351292,168231
2021-10-07,345.5370788574219,352.2327863576614,343.35986940962687,352.2327863576614,161166
2021-10-08,347.60992431640625,350.29417083622405,345.3730522165581,350.1152101460092,141135
2021-10-11,344.5975952148437,348.9520413114085,343.31513464322035,347.60991807559543,238677
2021-10-12,335.4711608886719,346.8493912089485,334.03958455262324,346.8493912089485,370023
2021-10-13,348.6985778808594,354.6188351230308,334.0396097273529,334.05451856878096,819705
2021-10-14,340.28790283203125,354.8872065738763,337.0220477814956,354.8872065738763,324678
2021-10-18,346.7897644042969,348.05731622270315,338.8115686436371,345.3581607273571,256620
2021-10-19,343.5686340332031,355.51353610199743,342.98705276809983,355.51353610199743,218286
2021-10-20,338.215087890625,348.9520748077877,335.5308411613344,348.9520748077877,139971
2021-10-21,350.5775146484375,357.89952978604566,334.3378016399419,341.79405094567363,599937
2021-10-22,342.7185974121094,353.694178709775,340.5712058200557,353.694178709775,322119
2021-10-25,342.5844421386719,354.32056712083164,334.0396010002837,354.32056712083164,126168
2021-10-26,343.1361694335937,345.96953156999905,339.109799779223,342.3905363216695,102831
2021-10-27,342.077392578125,349.3099271979996,340.3326214902087,342.98705022034926,94407
2021-10-28,332.9956970214844,347.46082202947986,328.07457821177985,342.0923287825295,209472
2021-10-29,339.9001770019531,349.8169859509923,326.9114097150316,332.2649940251556,112380
2021-11-01,334.45709228515625,344.0309154179741,332.56320549477726,344.0309154179741,127164
2021-11-02,343.0914611816406,346.2678087114173,334.0395833971079,334.9343322568273,144360
2021-11-03,341.0186462402344,345.6713516785948,338.7370473516672,342.83796181441585,77775
2021-11-04,341.0186462402344,341.0186462402344,341.0186462402344,341.0186462402344,0
2021-11-08,347.5652160644531,348.47487379212674,339.1993085102004,346.86430941224523,167457
2021-11-09,340.1387634277344,348.04238722164547,339.15453425025174,347.46080594126806,100257
2021-11-10,335.7395935058594,343.4045940086566,334.3378075800275,342.09231573354214,90960
2021-11-11,333.44305419921875,336.23168986741194,330.7737165544115,332.84656408228904,220731
2021-11-12,336.8729248046875,338.51330671435693,331.35531628026,335.82906030157056,100467
2021-11-15,352.6503601074219,387.1280099968205,348.98188420338533,357.89955540709724,5229495
2021-11-16,349.5336303710937,354.0222834301037,339.5273685438123,354.0222834301037,681267
2021-11-17,363.8048706054688,372.8119940383677,345.3730397091028,345.9695298122716,1363992
2021-11-18,354.1565246582031,366.8470332697744,350.59243805195354,366.8470332697744,490377
2021-11-22,336.09747314453125,356.4082818705646,333.14481302038945,356.4082818705646,384585
2021-11-23,329.58074951171875,336.69398659709583,328.22371737541016,334.63607513214686,304407
2021-11-24,332.44390869140625,341.1826457143964,331.0272412824454,331.2360196450551,187983
2021-11-25,334.4720458984375,338.8264648236694,332.1904199438789,333.6816589277862,111066
2021-11-26,328.6263427734375,354.30564646666727,322.40785446136186,331.65357465371284,950199
2021-11-29,331.47467041015625,347.4608535727058,329.5658744583273,331.66851265980983,1286760
2021-11-30,329.7149353027344,339.6764701979773,327.1499869028938,334.785169439365,385680
2021-12-01,323.8841857910156,335.2325713455925,322.1095968712141,330.69919158222694,268068
2021-12-02,324.704345703125,329.46143973631706,321.4534267669148,326.22542963989923,212781
2021-12-03,328.99920654296875,331.07202708974626,323.8991265017893,331.04220940562413,181335
2021-12-06,329.3123474121094,335.5308636744376,327.10531997735893,330.8781581092568,271755
2021-12-07,323.7200927734375,330.77369372845106,322.422723445448,330.4605535046516,186249
2021-12-08,314.1612548828125,325.0921112882722,308.9866309964681,325.0921112882722,396837
2021-12-09,322.9595947265625,325.3754001364672,313.8331459187444,314.1612223036302,498150
2021-12-10,328.2982482910156,329.56582733408186,316.59196933127475,322.10957800072777,349464
2021-12-13,323.6753845214844,333.0105844354379,321.67710852295,325.092079250133,268596
2021-12-14,319.768310546875,327.1350793934849,317.725308044546,317.93408640772174,90156
2021-12-15,318.5007629394531,322.09466706692746,315.24984404002663,320.916568375412,102903
2021-12-16,311.70068359375,323.24293857147444,310.2988976195612,322.09468480155044,223860
2021-12-17,306.8988647460937,314.5042301989853,303.2452977305936,310.179601525877,305286
2021-12-20,292.6872253417969,305.7058085059931,289.3020999112328,304.2145697170779,617958
2021-12-21,286.4687805175781,297.53384438363514,281.845920031615,292.2846487087067,594045
2021-12-22,295.5354919433594,298.2495830907385,286.3195910293285,286.9160810754516,241395
2021-12-23,300.72509765625,305.70585175306286,296.6241562746328,299.08471564248947,330585
2021-12-24,299.8154296875,305.30322069356595,295.8785129892978,302.6637007216668,276855
2021-12-27,302.33563232421875,305.6909405269266,298.5926123606853,301.21719625664946,236631
2021-12-28,302.6636962890625,305.39269656514773,299.9645409976361,303.8567038139761,122046
2021-12-29,319.9920349121094,322.3332963916754,303.31988196190963,304.4532269460001,929187
2021-12-30,330.98248291015625,332.5482933026438,319.0077633479797,319.7235787678852,738129
2021-12-31,330.3263854980469,334.3378469116547,326.6430278237754,331.6536000747933,305949
2022-01-03,331.6237487792969,337.6185770295692,328.7009061605944,330.9974136586172,293316
2022-01-04,326.165771484375,333.7413189822577,324.8236482176903,333.7413189822577,293025
2022-01-05,323.48150634765625,330.4605633163933,319.1270604013536,328.67106573039393,377325
2022-01-06,324.0631103515625,330.46058651507246,318.7691887231978,322.1095880923048,294321
2022-01-07,321.7964172363281,325.43507528863387,320.02182838306453,324.06310703302177,154647
2022-01-10,321.1253662109375,328.3430198883033,320.0218389562017,323.8990931883047,147588
2022-01-11,315.8910827636719,325.06225883017936,314.6682574677663,322.7060885879357,187413
2022-01-12,313.6243896484375,318.530599622314,313.10244370263086,316.442843144656,130992
2022-01-13,311.4471740722656,316.1446055764877,310.9997996432921,313.7585904182501,241236
2022-01-14,307.76373291015625,313.22170540199346,306.8988018915634,310.6716661642308,296373
2022-01-17,305.0347900390625,311.3576947315877,303.3944353312371,308.6883569893432,159795
2022-01-18,299.02508544921875,306.3023744910643,298.2496346025457,306.0041157637074,139362
2022-01-19,302.03741455078125,303.02161649023714,294.29781476920493,299.9198403468432,159135
2022-01-20,297.6382141113281,304.2146239429739,296.46014263059766,303.55847111333475,139089
2022-01-21,287.4529724121094,296.72853716591453,284.8283885690413,294.6706257652896,307800
2022-01-24,277.0888061523437,292.28462844945284,265.15883914988063,286.31964494822125,404139
2022-01-25,270.55718994140625,277.08884687960017,267.11240074568485,277.08884687960017,291867
2022-01-27,315.2647399902344,324.1973190050337,271.0790642925228,273.0773402206166,4125882
2022-01-28,302.4698181152344,314.35508458919327,299.74084522274626,312.11821260991906,509514
2022-01-31,289.7048034667969,302.69357267630124,287.5126848226014,301.2321511449801,411447
2022-02-01,288.0345764160156,294.6706490103812,286.4240393063548,293.7759001037764,187194
2022-02-02,290.4951171875,293.74603618494604,288.04946669298687,288.0942205187746,154296
2022-02-03,287.4082336425781,290.79335931309754,286.31961532366523,290.79335931309754,90369
2022-02-04,289.15301513671875,291.643419639805,286.4836772340521,288.82493871432325,88734
2022-02-07,292.7767639160156,300.63563458218977,284.87313942087724,290.3460220890493,234972
2022-02-08,290.1372375488281,296.072403388482,288.7354788453603,293.7460508043432,55506
2022-02-09,290.4057006835937,293.7013466158916,288.4819685718887,291.8372771775538,51039
2022-02-10,283.0538024902344,293.4776210701806,279.16163955456204,290.49511581923747,183930
2022-02-11,282.09942626953125,287.0652993623146,277.83445988354725,280.3546821873948,123915
2022-02-14,256.2411193847656,271.64571714549663,252.27441279775928,267.5298675679538,420918
2022-02-15,261.3113708496094,268.42463458842906,256.49464172708804,257.0911591187729,254094
2022-02-16,259.8201904296875,269.3641704823981,259.3131805688228,263.35445983571725,313947
2022-02-17,263.36932373046875,266.0386613823211,260.96839980555137,261.1324516541195,159279
2022-02-18,265.4272155761719,266.4711073386556,258.5823929876128,258.5823929876128,195870
2022-02-21,261.609619140625,265.8447668475428,258.99994439888565,264.1745673672715,221730
2022-02-22,261.5500183105469,275.15018466726906,257.98593169296765,257.98593169296765,634542
2022-02-23,260.90875244140625,269.5430727977136,258.89556766532377,264.84564165352106,162048
2022-02-24,257.0911865234375,270.795742265017,253.5121910140884,256.4946690681668,487836
2022-02-25,253.556869506836,259.4473076020591,252.0208769435372,255.1077709078571,446919
2022-02-28,255.927963256836,257.0016726919835,240.3891579577952,240.3891579577952,139098
2022-03-02,250.9024658203125,254.24286496670493,248.2331282710373,251.42441171992576,176979
2022-03-03,250.440185546875,259.8798018413771,246.96557950105216,252.3191635021533,390522
2022-03-04,251.1559600830078,252.9156124256889,244.59446080001467,249.0831129422796,170058
2022-03-07,244.35592651367188,253.199026193616,239.91199975985296,246.05594393794752,296220
2022-03-08,242.8497467041016,247.53226943130832,236.33299971557096,240.26988928256733,400296
2022-03-09,244.3857421875,249.888442336522,241.5821975181544,243.37169527754813,406275
2022-03-10,240.8514709472656,250.3507232852793,238.897948654054,250.3507232852793,601224
2022-03-11,239.8076171875,243.744506938043,238.9426859579992,240.299745472299,324879
2022-03-14,240.0610809326172,243.5058691132276,237.5707041701356,239.79266722735,357363
2022-03-15,236.28826904296875,244.5050332790736,235.02068996232427,240.2698850612863,280851
2022-03-16,234.6627960205078,242.775198380272,232.6347022569588,238.59968552066584,238011
2022-03-17,232.7093048095703,239.79272508683283,231.91894503606105,239.79272508683283,233085
2022-03-21,230.50222778320312,237.45144050389425,228.1609663732501,236.21370636289424,268968
2022-03-22,236.09439086914065,237.10843771320333,231.1136096865295,231.1136096865295,344106
2022-03-23,231.71011352539065,239.19618004742472,230.248692356194,238.0031725867388,247155
2022-03-24,229.8460693359375,235.9900133684932,229.20482536725856,230.4276506376277,174717
2022-03-25,232.7093048095703,233.81283218516555,229.96539521274275,230.99435107196368,301350
2022-03-28,231.5311584472656,233.35047370698555,224.68633565909408,233.35047370698555,301062
2022-03-29,223.83631896972656,238.1075589372907,222.7924408672124,232.63467721074383,1419642
2022-03-30,222.40475463867188,228.45921866272985,221.31614982886208,225.4767268270569,290685
2022-03-31,231.23292541503903,237.69003718654463,222.7924736279577,222.7924736279577,580722
2022-04-01,235.0355987548828,236.30317783527056,230.2188692438863,231.42678565806736,149712
2022-04-04,243.93836975097656,245.8919193839948,237.85408824129868,238.2865538441129,251859
2022-04-05,253.42269897460932,256.49465723582296,242.83482864602377,247.54716887520624,336306
2022-04-06,250.73849487304688,256.49470061597464,247.84546950641675,250.5297164685801,679632
2022-04-07,263.9061584472656,266.88863611884545,250.738431876376,250.738431876376,630912
2022-04-08,261.0131530761719,267.7684958101749,258.92539670749005,266.9334096460426,243609
2022-04-11,265.576416015625,267.82819725299026,260.61054291433527,262.4597035038584,236079
2022-04-12,265.0097045898437,269.7071364147112,261.26668435453286,265.5764043904233,242973
2022-04-13,260.2377319335937,266.17289801970605,259.82017515114967,264.84568346520194,590436
2022-04-18,251.349853515625,260.2377065906098,249.63492733412224,260.2377065906098,206172
2022-04-19,253.57183837890625,257.389430128839,252.61745409420809,252.61745409420809,90357
2022-04-20,253.30340576171875,262.66845103853973,252.61743528178368,254.108674268357,115662
2022-04-21,254.28765869140625,259.1789328538266,252.02094136137964,257.9262898037625,92805
2022-04-22,248.6656188964844,254.7051738793526,246.36911131782068,254.2876444231395,212391
2022-04-25,241.5673065185547,248.7402069264709,240.2550007832604,248.44194817602107,394449
2022-04-26,241.9550018310547,243.6848642379828,241.22430480476672,242.77520651250603,46416
2022-04-27,244.3857421875,246.7717300981687,240.71726631962903,243.05852770854045,139236
2022-04-28,244.0874938964844,248.1138640272916,242.19360686643708,248.1138640272916,58203
2022-04-29,241.85061645507807,250.21652412106732,240.5084931067024,244.56470813921104,120420
2022-05-02,229.93556213378903,235.60231435954205,213.29322686670585,231.2925943464005,278673
2022-05-04,223.0459899902344,233.52945801113336,221.43543927339385,231.0987162688684,226239
2022-05-05,231.4416961669922,234.12594274871853,223.98546021312487,223.98546021312487,328914
2022-05-06,230.0548553466797,233.1268138121198,223.1056425653532,227.2662194685253,277380
2022-05-09,223.71707153320312,229.93557408010992,222.09159817850832,229.93557408010992,217170
2022-05-10,227.8477935791016,232.7241858277345,224.3433696176388,225.1784694705727,165357
2022-05-11,224.13629150390625,231.2094762821812,219.63379015749263,229.718785433052,289863
2022-05-12,224.4252777099609,228.44102923948032,219.9684130898236,223.89289215854063,145023
2022-05-13,223.3452911376953,228.0455444685504,222.88895667409128,224.82077442684468,61767
2022-05-16,209.41189575195312,221.4439161285356,208.8947175890435,219.04055632568088,339420
2022-05-17,208.8794860839844,211.7239726153317,208.72736996198967,209.60962397284828,155100
2022-05-18,207.2366943359375,212.59102067405405,206.8716323281571,209.95949373752404,180312
2022-05-19,203.70770263671875,206.8412002285837,202.3082843696812,204.4378405668449,188781
2022-05-20,204.0271453857422,206.26318151515304,202.6429345331864,204.72685452973,59373
2022-05-23,197.927474975586,206.52177890386508,194.70270485070768,206.52177890386508,159753
2022-05-24,195.50889587402344,199.23563674467863,194.10947756273595,199.23563674467863,68025
2022-05-25,193.25765991210932,200.48296077285784,192.01034376068745,195.5089036034444,59391
2022-05-26,210.005111694336,231.8939431239736,191.995109020034,194.09425019765047,1738194
2022-05-27,209.5183563232422,212.6518538099437,204.209666480579,206.87162208236268,276540
2022-05-30,202.88629150390625,212.6366381414725,201.69981919399137,210.5222895323334,185919
2022-05-31,200.68067932128903,205.94373296286585,199.88969774633145,201.2434936698636,136950
2022-06-01,194.2159423828125,201.92799171034744,192.11680115266955,200.68067570509987,245586
2022-06-02,192.3145446777344,198.703227070694,190.7478028755076,193.4401733844389,236211
2022-06-03,192.8013153076172,198.94662327250168,191.93428259207013,193.5010244542457,192420
2022-06-06,203.9814910888672,210.5222892557892,193.455370359278,196.95394362183288,2995146
2022-06-07,204.33135986328125,206.87162821041403,197.7449389353402,202.91672024040028,424269
2022-06-08,202.2474365234375,211.4197479504972,199.8744917811179,204.43783634233063,524115
2022-06-09,208.3166961669922,209.6096485399316,201.09139538184928,201.82153335628828,320700
2022-06-10,218.24957275390625,220.5616739935989,205.3200909429493,208.9859882116316,794355
2022-06-13,206.5826110839844,215.6940787230217,205.35050249850443,211.739184798458,361293
2022-06-14,201.21307373046875,209.16851213450084,200.68068815421617,206.56740006875745,239775
2022-06-15,202.08010864257807,203.76853773841097,200.78715640245795,201.2130620534989,87918
2022-06-16,196.6801605224609,204.9702322519829,193.9421536474383,203.5251777100176,223482
2022-06-17,195.20465087890625,196.75618511377,190.42834692687572,196.22379960188508,115917
2022-06-20,192.16244506835932,198.3077528809959,191.0368163464715,194.70269948393468,137730
2022-06-21,194.65707397460932,196.01085597938925,193.181590712361,195.31114686161283,49575
2022-06-22,192.75567626953125,195.2959446372916,188.64866606239823,188.64866606239823,104154
2022-06-23,189.5917510986328,196.48240388110065,188.6486534301314,193.72917589922795,195249
2022-06-24,191.55398559570312,194.0790324591201,190.0328661481616,192.20807238937252,84561
2022-06-27,191.5083465576172,197.7601338868885,190.1393432527743,193.48580041779755,245307
2022-06-28,192.0863800048828,194.10947021688668,191.35625600552345,193.1663724950469,161100
2022-06-29,190.42837524414065,194.23116726569089,190.0176769924019,192.877371244938,152145
2022-06-30,188.93768310546875,193.0294860103645,188.61825732359688,191.38667908886143,119004
2022-07-01,187.6295166015625,190.74780676085973,186.549524103768,189.50049069714083,99660
2022-07-04,188.37484741210932,189.81991572672763,187.7055671263487,188.92245429940792,31308
2022-07-05,186.7929229736328,193.4249805297256,185.2870107974733,189.53092991986088,298224
2022-07-06,186.5951690673828,190.1089501900004,184.9675834900365,189.5309283629303,63894
2022-07-07,189.10499572753903,190.44358422541148,188.00979581869407,188.00979581869407,59862
2022-07-08,188.6030120849609,191.09764398601365,187.58387727291768,190.13933890927052,55290
2022-07-11,189.150634765625,190.7478053848764,186.79291135070912,189.5309181265686,102282
2022-07-12,188.86163330078125,190.62612757288127,188.0098079995529,189.37881145586027,47715
2022-07-13,187.99459838867188,190.0633109850538,186.74728228608188,187.41657657063712,59427
2022-07-14,188.75515747070312,193.09033517589685,187.0971430662545,188.9224810473887,145890
2022-07-15,187.8881072998047,189.3787979893976,187.7055763038545,188.9224635364111,31782
2022-07-18,188.9528961181641,190.2001982452596,187.70558006484595,188.3140167302041,98784
2022-07-19,188.3596649169922,194.0486386196213,187.0971413484625,190.13936664701336,209694
2022-07-20,189.150634765625,191.3562559771416,188.61824920128208,190.1393547926112,143433
2022-07-21,185.21095275878903,190.71738131722864,183.4464585310704,189.8351411664808,411087
2022-07-22,187.0210876464844,191.66048359947663,185.37828071610136,185.8802514345828,628110
2022-07-25,189.2266845703125,190.154574850557,187.0971284013148,189.19626970033016,194532
2022-07-26,188.5878143310547,192.87735535650413,188.00979255381915,191.02160269550828,226233
2022-07-27,190.6260986328125,191.356236483908,188.31399775871384,190.13933542334183,107481
2022-07-28,189.0897979736328,191.356262934154,188.61825605875063,191.356262934154,82917
2022-07-29,194.4289093017578,197.12127983806744,189.2266853021836,189.2266853021836,418239
2022-08-01,200.026596069336,201.273912032404,194.48973925786305,197.42548425291105,414129
2022-08-02,192.5731506347656,196.4519937162716,189.68302761823583,196.22382647618292,567750
2022-08-03,191.7061004638672,194.70268918371133,191.14328613269743,194.70268918371133,151161
2022-08-04,190.80865478515625,193.622712747276,189.75909106002712,193.622712747276,175251
2022-08-05,191.8125915527344,194.3528459822023,191.0520248264342,191.0520248264342,104583
2022-08-08,192.75567626953125,194.64185780661447,191.23457066214905,192.78610506626583,99645
2022-08-10,190.97596740722656,194.4136832183808,189.7438588212072,193.18158855858363,134994
2022-08-11,191.9951171875,193.97257112390045,190.39794660362105,190.9759683866714,107817
2022-08-12,189.16583251953125,192.96862415567867,188.6182395481178,192.96862415567867,162489
2022-08-16,188.93768310546875,190.12415554467785,188.10107917207856,189.57654859543567,117222
2022-08-17,192.84695434570312,193.44018360017503,188.61825668101469,190.13936233266384,305712
2022-08-18,198.2925262451172,199.7375946230122,191.64526184120027,191.66046927589625,659745
2022-08-19,199.3420867919922,203.78374358875115,194.0942410581713,199.8440435038156,423831
2022-08-22,194.5201873779297,198.26213590679828,192.37542355020287,198.26213590679828,170877
2022-08-23,190.73260498046875,193.8356738703375,190.1393618014312,193.4858192929112,167709
2022-08-24,191.88864135742188,192.9077901798439,190.4435868691786,191.69090292270337,131994
2022-08-25,190.97596740722656,193.18158855858363,190.44358185740475,191.88863630761952,146157
2022-08-26,190.945541381836,193.0142677986356,190.67175184872377,192.1320137548043,77208
2022-08-29,185.95626831054688,190.656507067908,182.80756373053268,188.61822362373252,1677933
2022-08-30,188.16192626953125,189.53092974135592,186.07799226351608,189.53092974135592,272295
2022-09-01,188.4661407470703,189.0745913641151,185.57601772388668,187.097137303387,98988
2022-09-02,188.6182403564453,191.2041308814232,187.70557147395644,189.2266769939566,129027
2022-09-05,191.9799194335937,194.64186125680925,188.6182545353076,188.6182545353076,186180
2022-09-06,197.7753448486328,199.5702677520932,191.6604660965123,191.6604660965123,377994
2022-09-07,200.23956298828125,202.0040572282137,196.37594129459083,198.91619578988767,213021
2022-09-08,209.59442138671875,219.95321966769924,200.78717148088728,201.39562209714617,5132343
2022-09-09,215.7549285888672,217.4585791079817,207.17584625285053,210.5223036244128,711024
2022-09-12,215.7549285888672,215.7549285888672,215.7549285888672,215.7549285888672,0
2022-09-13,213.68621826171875,225.73344542621007,211.3284948201957,222.995438619452,798843
2022-09-14,213.30593872070312,215.5571962294955,207.19105952789155,207.6930302367079,469239
2022-09-15,217.0935211181641,218.81237910414052,210.85695464917143,212.95608207728395,328512
2022-09-16,216.987045288086,219.77068840194744,210.21807919117816,216.62198327449428,412482
2022-09-19,215.0399932861328,222.0827480542428,214.47717897384004,218.7363049005008,247383
2022-09-20,215.5115509033203,216.92619050439583,214.1425475331613,216.3025324851308,281391
2022-09-21,208.43836975097656,216.3633791890365,207.0997951580402,215.5115539294506,224745
2022-09-22,210.3397674560547,215.08565721100103,203.99672093993848,208.4383784226612,238059
2022-09-23,209.0164031982422,212.59102800073416,206.1719163626972,208.0885267851551,156696
2022-09-26,210.1572265625,212.9104546876273,200.1787120946265,209.0011829758562,199098
2022-09-27,212.8343963623047,212.9560836988126,202.77983047644085,207.4192263303644,461562
2022-09-28,209.13807678222656,212.91045370895253,207.206272977098,209.64004747187423,109980
2022-09-29,213.68621826171875,215.35944000155223,209.0772373517646,210.2180735212472,352902
2022-09-30,213.04733276367188,214.47717969992328,210.1724314573317,214.47717969992328,74967
2022-10-03,209.3966827392578,216.7893068888601,207.2366976761852,214.0513000077071,160770
2022-10-04,210.88735961914065,213.2603043302396,209.92905448864977,210.82651595420649,60438
2022-10-06,213.35157775878903,215.3898754919344,211.115541582359,211.9521594413865,104967
2022-10-07,210.61355590820312,213.3059263753832,209.9290542338579,212.65185349657924,48588
2022-10-10,208.8794860839844,210.5222928523727,205.4265489908801,208.69695509332388,100491
2022-10-11,208.74256896972656,209.9138338167377,207.87553635442345,209.9138338167377,63390
2022-10-12,206.62823486328125,209.60963017044227,203.8293844784,209.30539791745755,79458
2022-10-13,205.0767059326172,209.2445597875204,203.9815060010774,207.48006559317528,37011
2022-10-14,205.03106689453125,207.60175008560515,203.84460844189908,206.2327467083626,54573
2022-10-17,201.121810913086,205.9893738778792,199.88970229210847,205.9893738778792,95034
2022-10-18,196.7409820556641,202.5820571613689,194.1246628126229,202.140944093698,183831
2022-10-19,198.71844482421875,199.8592809451076,194.58100599355816,196.2542415883433,231690
2022-10-20,194.38327026367188,198.5206952255546,192.39060888310496,197.72971364726,467400
2022-10-21,195.2959442138672,198.9770348160717,194.0638355839096,195.35678788098164,138669
2022-10-24,195.2959442138672,195.2959442138672,195.2959442138672,195.2959442138672,0
2022-10-25,195.14382934570312,198.3838068638487,193.77482593743508,197.7449413919015,339018
2022-10-27,193.13595581054688,197.68409295983363,192.48186899282027,195.61536653574765,98268
2022-10-28,192.9534149169922,194.0334073416245,191.356244394417,193.13594590575644,179253
2022-10-31,195.0677795410156,197.7297213462141,194.3984852677489,194.3984852677489,85185
2022-11-01,195.98043823242188,197.4254926775321,195.00692567052303,195.00692567052303,57459
2022-11-02,197.8057861328125,199.0835170836405,195.58495744115584,196.9691682922567,55350
2022-11-03,197.5928192138672,198.35337199755853,196.22381584748936,197.7449353410944,44319
2022-11-04,203.69248962402344,206.26317278115548,196.0716986875051,198.5815381793112,133656
2022-11-07,202.6125030517578,205.35050984975453,200.4373106190679,204.7116443821332,88764
2022-11-09,203.0536346435547,205.3353070264661,201.2891404056884,203.6620713281824,98547
2022-11-10,204.0271453857422,204.7116470943102,200.04182247013887,203.0536327730826,74931
2022-11-11,202.6125030517578,204.4378409170889,199.26604565657644,204.4378409170889,83184
2022-11-14,193.25765991210932,197.5928376433137,191.0520385295975,195.6762271811339,289728
2022-11-15,194.94607543945312,196.66493328106247,193.79001799608207,194.23114499518127,65577
2022-11-16,191.8582305908203,196.20862975190283,191.0368340521491,195.93482626360444,67917
2022-11-17,190.44357299804688,194.109455863764,190.1393407612538,191.96467847712577,54009
2022-11-18,188.846420288086,192.39061616347692,188.31402078665096,190.13935867449,49062
2022-11-21,188.2835998535156,191.6604720520453,187.41656716995325,189.4396434315988,40527
2022-11-22,185.3174285888672,189.2266864025836,182.53378557362487,188.28360260443856,154050
2022-11-23,186.23008728027344,195.0069215110009,185.3174184025717,186.24529471457595,450963
2022-11-24,187.65994262695312,190.0633022552236,187.0971282704481,187.17317937157333,68880
2022-11-25,186.7472686767578,189.8351299106218,185.63684742864805,188.6182426942944,113643
2022-11-28,187.20361328125,188.9224712676769,185.8802460986776,186.79291504199963,54591
2022-11-29,188.72471618652344,190.0632906864521,187.401335194428,188.1314730699444,44601
2022-11-30,191.90383911132807,192.58834077010465,188.9985089201064,188.9985089201064,79233
2022-12-01,192.0863800048828,194.139885087082,191.0520237462344,191.96469267165625,56655
2022-12-02,194.77877807617188,195.569759723597,191.2193606627588,191.75176019057776,128160
2022-12-05,195.14382934570312,196.817051091512,194.1398879424841,195.00693457536545,72075
2022-12-06,194.79397583007807,196.1325504487242,194.64185969737315,195.143830401699,45705
2022-12-07,197.1669158935547,199.2660432725937,193.91171707485088,195.78269114967583,85755
2022-12-08,194.4289093017578,197.69930163219288,193.45538278655195,197.69930163219288,60948
2022-12-09,188.14669799804688,195.31115480798795,187.15797794677857,195.31115480798795,76704
2022-12-12,187.06671142578125,190.10895063227017,186.3365873853984,189.0745943155044,62373
2022-12-13,187.37094116210932,189.37881009838983,186.7929193415304,188.00980665189545,60285
2022-12-14,187.20361328125,189.0593660386861,186.48868277674367,187.40135172006572,81300
2022-12-15,186.1844482421875,188.161902089448,185.8802299296173,187.85766985065607,121650
2022-12-16,185.5303955078125,187.325304635952,184.9979959953033,185.7281339508708,81159
2022-12-19,185.652084350586,186.397429747916,184.967582622861,185.66729178643132,34563
2022-12-20,185.15008544921875,186.7016196773185,184.815438354217,185.95627439344057,39723
2022-12-21,213.2146759033203,215.6940866741301,187.6599457614851,187.9337492268208,5006508
2022-12-22,189.7742919921875,233.71930891502905,186.24530363914147,214.2946655382446,15557115
2022-12-23,193.19679260253903,203.5251612156352,190.0024515072264,190.6261095066308,8577159
2022-12-26,189.150634765625,202.74939618190467,188.0402274054304,197.744938454147,1995678
2022-12-27,186.6864471435547,190.36753802428643,185.7433493425876,190.1393707737874,894315
2022-12-28,187.65994262695312,192.2232872189153,185.8802410213324,186.68643004241605,907599
2022-12-29,190.85427856445312,197.72971013226064,189.8655585722724,190.5044240122388,1749045
2022-12-30,188.20751953125,191.93425991354573,187.4926030336172,191.47792549336432,442857
2023-01-02,186.0171356201172,188.8920371399604,185.57600859630108,188.4509240423668,440685
2023-01-03,187.06671142578125,188.4661436889619,185.91066776895164,187.06671142578125,409620
2023-01-04,185.1957244873047,188.0097821180332,184.81544115971707,187.46217524040472,277014
2023-01-05,184.1765899658203,185.80417543809875,183.38560838208363,185.80417543809875,259299
2023-01-06,179.12648010253906,184.5416498691474,178.73098931515506,183.9027844206724,535197
2023-01-09,174.0459442138672,180.8301168221984,173.4070788140072,179.53716466265175,843792
2023-01-10,174.5175018310547,178.77662809191978,171.00373485128566,174.0155450669609,450786
2023-01-11,175.32369995117188,177.6662158485965,174.6239769205011,176.26678371347708,197157
2023-01-12,174.83694458007812,176.14510431428124,173.9090682105621,176.14510431428124,187122
2023-01-13,173.93948364257812,176.02341754812815,173.40709807127567,175.5366542827083,117486
2023-01-16,172.23582458496094,174.92820895757723,171.6273879410551,174.92820895757723,132531
2023-01-17,170.41049194335938,172.14457124637647,170.06063738100025,171.15585122552582,138186
2023-01-18,169.74122619628906,171.8251463144595,168.23531399381406,170.97332098788817,114240
2023-01-19,169.80206298828125,171.73388081266324,168.91980889861554,169.30009227446007,115482
2023-01-20,169.98458862304688,171.5361230225496,169.5434615921554,170.3496506254395,92013
2023-01-23,169.52825927734375,170.94289895023243,168.79812132428285,170.83641904809613,93426
2023-01-24,168.2200927734375,170.66908864587967,167.6724858490045,169.51304505676836,95652
2023-01-25,166.72940063476562,170.9580980862441,165.8015242843717,168.22009133985753,179115
2023-01-27,162.8201446533203,167.9310966433913,159.88439919097706,165.80154027730697,152361
2023-01-30,158.8043975830078,163.67196068294135,157.13117581376693,163.64154581187276,156117
2023-01-31,169.71078491210938,177.1338236931132,157.11595088070464,159.61058300543925,292767
2023-02-01,161.7705535888672,171.93159825741267,159.7322561111359,169.71076979500876,176004
2023-02-02,159.6257781982422,165.37559480706005,158.89565425051177,161.25337749905665,127728
2023-02-03,156.65963745117188,164.18915714198872,152.41573192320132,161.3903063065445,197277
2023-02-06,149.70814514160156,155.6709085279316,149.3734979840057,150.59038534471668,518196
2023-02-07,148.76502990722656,152.1114871648006,148.4912264534412,152.1114871648006,175218
2023-02-08,148.58250427246094,149.37348586693756,148.09574101192814,149.05404617162952,96081
2023-02-09,148.0500946044922,149.89065369545926,147.63939640034047,148.1413670615133,140763
2023-02-10,148.11097717285156,148.79547893728903,147.91322479136124,148.79547893728903,87594
2023-02-13,148.5977020263672,149.92106910058297,148.15657502622133,149.64726565476067,70620
2023-02-14,145.0535125732422,149.67770077444436,144.20168733147688,149.3430536516556,149046
2023-02-15,144.44505310058594,145.26646342219595,143.6845003668476,143.6845003668476,99846
2023-02-16,144.44505310058594,146.80279024975127,143.97351124124145,145.26646342219595,106779
2023-02-17,144.5059051513672,146.90926474162848,144.2016868254551,144.79491604253926,86211
2023-02-20,144.47549438476562,145.93575631683512,143.8974725860066,145.09915241526306,100527
2023-02-21,145.72280883789062,147.2439144200869,144.42985655942348,145.40336914546924,147213
2023-02-22,144.2625274658203,145.570687129147,143.77577815456686,145.570687129147,93351
2023-02-23,142.9543914794922,144.9318456995327,142.37636961353212,144.11043521141235,65073
2023-02-24,141.22030639648438,143.74535333398288,140.55101214878326,143.66930223355226,79608
2023-02-27,138.04119873046875,141.22033308155773,136.9612060544104,141.22033308155773,97641
2023-02-28,137.43272399902344,139.95778489829638,136.62653497395183,139.94256353701803,96594
2023-03-01,137.1284942626953,138.1324355648908,136.62652361159758,137.50877759102173,119772
2023-03-02,136.73301696777344,137.82821690680584,136.44400606617077,137.82821690680584,82752
2023-03-03,137.34146118164062,138.17806505074748,136.38315605721326,136.59611584624648,143109
2023-03-06,138.51271057128906,140.3684771341904,137.6456779167968,137.79779403952634,183837
2023-03-08,142.650146484375,144.79490996288993,137.5696240607414,137.5696240607414,240129
2023-03-09,144.1712646484375,152.41571395825724,142.37635555382113,142.923962491825,629154
2023-03-10,144.61239624023438,145.9813997021354,141.79833821062337,141.79833821062337,149868
2023-03-13,142.7414093017578,148.91714569059224,140.82481298209646,146.6202520971993,267120
2023-03-14,143.6388702392578,144.5059028992614,138.74087867418504,142.37634679862103,162240
2023-03-15,143.045654296875,145.8901411238304,141.5701709314774,144.41465775843278,176871
2023-03-16,141.79832458496094,144.52112381120708,141.00734302615075,144.50590245052925,135255
2023-03-17,139.9425506591797,143.6084473747422,137.44793271202397,141.8287319978688,147813
2023-03-20,137.91949462890625,140.0946871546073,137.20456410217722,140.0946871546073,81141
2023-03-21,138.6496124267578,141.78310970225374,137.5087763780632,137.5087763780632,92538
2023-03-22,134.66429138183594,139.94255212835918,134.1623207299151,139.3493229473209,215211
2023-03-23,133.8581085205078,136.42879163248566,133.24965795171363,135.37921405316013,163077
2023-03-24,131.8046112060547,136.9003414974984,131.1505243693589,136.9003414974984,129996
2023-03-27,129.43165588378906,139.92734788054787,128.10828880857252,132.3369860460893,941646
2023-03-28,127.74321746826172,131.6676965316115,126.55675903678907,130.08574731424056,411510
2023-03-29,128.1539306640625,130.81587236553418,126.37421514984156,128.9753271119934,389361
2023-03-31,130.770263671875,132.51953664605912,126.89142040339676,126.89142040339676,253551
2023-04-03,131.63729858398438,134.4665641877924,130.69420076523232,133.20404056805225,126882
2023-04-05,133.88853454589844,135.02937075355985,132.04798917786422,132.30657129094843,105846
2023-04-06,135.94203186035156,138.1172242470399,134.2536027263613,134.46654859358313,157383
2023-04-10,144.7797088623047,147.24391212208016,138.90820464143496,139.94256087757665,479574
2023-04-11,146.04225158691406,148.399989188071,144.88620786771855,146.6963384828228,268278
2023-04-12,147.2743377685547,151.1227517391477,146.02702176746135,147.77630844112474,469623
2023-04-13,147.00054931640625,149.06926195552975,145.722818316059,146.8484331778036,173619
2023-04-17,148.88671875,151.80725645888214,147.12222460638367,148.5825004239359,344025
2023-04-18,150.48388671875,151.50303550113946,149.34305060804866,149.34305060804866,484773
2023-04-19,153.45005798339844,156.24890826539223,150.90980371431328,152.0354184450671,715596
2023-04-20,148.5601043701172,153.95484495284518,146.69877185374463,153.95484495284518,534006
2023-04-21,144.58506774902344,147.96071650504044,143.8910195188349,147.96071650504044,173583
2023-04-24,143.95408630371094,145.97316418393734,142.6921517973813,144.5850391152916,198759
2023-04-25,141.09896850585938,144.64813217236997,140.76772189526875,143.89098881011483,131778
2023-04-26,137.5655975341797,141.4775629009033,136.6033691822795,141.41446761702613,214464
2023-04-27,139.69509887695312,142.91300174897142,137.56560050652143,137.56560050652143,236874
2023-04-28,139.37960815429688,143.19693790245196,138.49625971842568,140.2156315157922,221394
2023-05-02,141.08319091796875,142.5501813783906,139.4584694861179,139.4584694861179,156027
2023-05-03,143.16539001464844,143.49665110983506,140.95702603816184,141.65108865193235,147597
2023-05-04,145.0740509033203,145.65767866498655,143.63860071089857,143.85944142382266,160080
2023-05-05,142.8656768798828,146.06780954558738,142.34512994471245,145.67346762266433,106290
2023-05-08,143.5124053955078,144.77432546466292,141.96654933935716,143.22846940851224,154935
2023-05-09,145.45262145996094,146.2255495075305,142.9129966060654,143.52817922541794,145755
2023-05-10,145.121337890625,146.30439231484635,144.22221941653325,146.1939719763747,104451
2023-05-11,145.121337890625,145.84695519464114,143.71745723104272,145.84695519464114,149322
2023-05-12,146.9984893798828,147.960703353764,143.92254715251744,144.80589562673833,201021
2023-05-15,147.1719970703125,147.64521892584406,145.43685508055844,147.64521892584406,111915
2023-05-16,145.2317657470703,147.96067616799291,145.01092505869514,147.91336554184088,123909
2023-05-17,146.2728729248047,147.1404366662187,143.7016932377296,146.99847589153913,74613
2023-05-18,145.54727172851562,149.06488069221683,144.17491682919265,147.85027122124447,147291
2023-05-19,147.26663208007812,148.02377541783164,144.7427776294827,145.43684013067354,197904
2023-05-22,145.16868591308594,148.0080169802329,143.2284734622186,148.0080169802329,415497
2023-05-23,148.32350158691406,150.13752357162846,144.8532174964849,147.83450950499108,285144
2023-05-24,145.56304931640625,149.538110114682,141.98233044661657,141.98233044661657,542580
2023-05-25,144.52194213867188,148.0237807474072,143.62282356152934,145.56303592794256,137823
2023-05-26,144.26956176757812,146.0677989312187,143.62282430874234,144.52194289056263,140214
2023-05-29,143.84365844726562,145.2475392109832,142.23470719929435,144.9951580995171,231507
2023-05-30,144.5377197265625,145.38952771806166,142.8183479746354,144.17491823524395,777522
2023-05-31,142.69215393066406,146.36750826900942,141.33558370310837,145.26333361144353,1092594
2023-06-01,143.84365844726562,145.72076101577375,141.9665414371741,142.59750865742265,159867
2023-06-02,152.61404418945312,154.1599002825717,143.1969324130565,144.56927286783855,1271367
2023-06-05,151.22592163085938,154.28607871418797,149.4592249657882,154.27030850510255,454521
2023-06-06,150.51609802246094,151.90420866231597,148.4812354720027,151.099725768156,203043
2023-06-07,149.79046630859375,151.6833534630969,149.2857041029038,150.48452878300034,812517
2023-06-08,149.4119110107422,151.43098893770025,148.7178484603552,151.43098893770025,124437
2023-06-09,148.19729614257812,150.2636990665312,147.3297324278203,148.97022415765213,115713
2023-06-12,147.01425170898438,148.60743291948285,146.35174399923704,148.57589249794412,111297
2023-06-13,147.0615692138672,148.76517069523953,146.3832913282603,147.0142441424099,107718
2023-06-14,148.00802612304688,148.7178589336817,146.19400412645157,147.94493083598505,95754
2023-06-15,147.83450317382812,150.3110327830856,145.43685350069234,145.43685350069234,153852
2023-06-16,150.84735107421875,154.1914589153661,147.32974203207664,148.57589195155688,576858
2023-06-19,150.68959045410156,152.3774216360598,149.56964565794794,152.3774216360598,212679
2023-06-20,161.02162170410156,162.7252232750206,149.85358300761553,151.4309940090717,4471338
2023-06-21,166.6845245361328,169.0979590473723,162.47285263150715,163.0722650959692,4295109
2023-06-22,164.42881774902344,169.31876709178783,162.26776462588592,167.52052989217785,852738
2023-06-23,155.13790893554688,164.5865617480899,153.86020410107267,163.4192917178432,849258
2023-06-26,157.63018798828125,160.89541559287886,154.58578663812045,154.58578663812045,927099
2023-06-27,162.56747436523438,168.5931677985061,159.98053886340716,159.99630907385648,3920481
2023-06-28,164.6338653564453,167.14194962270977,161.32131267546418,163.3561751301599,893859
2023-06-30,163.40350341796875,168.46698312562586,162.5359396307194,164.63388314933812,1041879
2023-07-03,164.96514892578125,167.01576742818474,163.11958649698389,163.40350806942533,553188
2023-07-04,164.71275329589844,166.25860936331844,163.1037875050556,164.8389438595755,281295
2023-07-05,168.00953674316406,173.8301745020296,163.41929319584168,164.68121338879047,2588637
2023-07-06,171.27474975585938,172.8837155513922,168.76667980190302,168.7982346637064,850524
2023-07-07,168.1199493408203,173.00991333019078,167.01576019700505,171.1485663289475,394125
2023-07-10,166.6214141845703,171.1485621239733,165.62764542371113,168.11994521025665,260649
2023-07-11,167.14195251464844,171.3062987518726,166.29014457413632,167.0473023740636,235131
2023-07-12,166.66873168945312,170.04437972775443,165.78538332453076,168.3565484878118,201984
2023-07-13,164.06602478027344,168.75091831000094,163.7505339122777,167.20506215821106,180918
2023-07-14,171.9688262939453,172.82063433294195,163.4192921307063,165.13866397850694,715362
2023-07-17,175.67572021484375,177.89985416269658,171.41672372224156,171.92148597474207,706029
2023-07-18,183.59429931640625,192.2858078658604,176.66948751955363,176.66948751955363,4063386
2023-07-19,186.0077209472656,190.61373391873497,184.00441341585292,184.398755285349,761595
2023-07-20,180.0135955810547,186.9068675264825,178.40464411922488,186.9068675264825,352701
2023-07-21,183.35769653320312,185.4871948566792,178.59392317387275,179.5088264520632,402789
2023-07-24,184.1463928222656,187.45894573428012,183.32613969946027,183.32613969946027,238143
2023-07-25,185.2032470703125,187.2538797688497,183.92554238091927,185.18747686075017,190344
2023-07-26,184.5091857910156,186.5913589226759,183.1526156031068,186.5913589226759,173931
2023-07-27,185.4082946777344,186.1339120251541,183.13683582399256,184.556501217977,224079
2023-07-28,182.8529357910156,188.9732799500255,180.6288015683045,185.8184577156877,791523
2023-07-31,187.36428833007807,188.153001001535,182.3481485251962,182.85291077100788,483381
2023-08-01,186.26010131835932,190.2193912975561,184.24102358612555,187.71130712020985,237999
2023-08-02,183.83091735839844,185.06129704897813,179.84007207964973,184.241043921925,701238
2023-08-03,179.9820556640625,183.84669611385533,179.82431022719442,182.8529273005985,215244
2023-08-04,180.72341918945312,182.97910805182167,179.82430057489557,181.0704504669844,176352
2023-08-07,181.0546722412109,185.3609937158093,180.43947520679177,180.45525985804227,184893
2023-08-08,179.9820556640625,182.90025237581747,179.82431022719442,181.7487525672779,83400
2023-08-09,180.2344207763672,181.6698564669408,179.82429423026272,180.1713254955499,96825
2023-08-10,180.8495941162109,183.4365438220344,179.90315051082024,179.90315051082024,122481
2023-08-11,180.88116455078125,186.7648827315124,179.8243005082147,181.0862206102003,124728
2023-08-14,173.48313903808594,181.40172019141605,171.62179199551136,180.88117325027645,167181
2023-08-16,168.5458526611328,173.32539647737912,166.88957610194944,173.32539647737912,159051
2023-08-17,170.72267150878906,171.49559958586542,167.20506241378203,167.83601526756777,131154
2023-08-18,168.1830291748047,171.03813025744532,167.23658555036394,169.79198044803724,77385
2023-08-21,166.24282836914062,169.98129249784705,164.79162241334288,167.20505671112025,76818
2023-08-22,169.38186645507812,169.72889773527712,166.24282916438588,166.24282916438588,65292
2023-08-23,174.47689819335938,176.35400090162463,169.0979423156514,169.0979423156514,218556
2023-08-24,172.06346130371094,176.66948906875817,171.5429143992859,176.25936251753703,69363
2023-08-25,169.145263671875,176.90611389364565,168.46698573090427,172.26853090239425,170598
2023-08-28,170.02859497070312,170.65956221427902,169.71311856970715,169.72888877936094,34227
2023-08-29,174.3349151611328,174.99742281914945,170.35985477144908,170.35985477144908,128157
2023-08-30,171.6691131591797,175.97543493182357,167.6782822512061,175.09208650559958,145920
2023-08-31,169.7288818359375,173.49888605034442,168.46696184199342,173.1991798712629,99045
2023-09-01,169.68157958984375,173.64085539107845,167.53629672012042,170.04438106446284,139524
2023-09-04,169.5395965576172,173.16762557806263,169.41340600196835,170.6595557909797,84399
2023-09-05,171.36940002441406,172.34739855885007,170.12325015158365,170.39141593156242,86550
2023-09-06,175.80191040039062,177.9314086421181,170.4860499010523,171.30630300118818,310932
2023-09-07,178.3730926513672,178.86209918111993,176.05430834385447,176.68527565998295,142254
2023-09-08,179.85586547851562,180.4710481329309,176.70104338387202,177.00074960545706,177321
2023-09-11,179.88739013671875,182.03265857513605,178.87785119854686,180.4552621076335,131550
2023-09-12,173.24652099609375,181.385928095835,171.32207874643092,178.5623816671834,439863
2023-09-13,169.94973754882812,175.07631234749292,168.86133308253451,172.28430635177853,317127
2023-09-14,171.9057159423828,173.19919087812835,171.30630354612694,171.3693988277547,115926
2023-09-15,179.6665496826172,180.70764348355,172.18965055746588,172.205420767351,282981
2023-09-18,183.972885131836,191.4655694751717,176.92188223136372,179.8243087073771,1471686
2023-09-20,181.18087768554688,186.8753102350253,179.96626816818005,186.8753102350253,304017
2023-09-21,179.4457244873047,182.64785695858384,177.9787339196548,182.64785695858384,134646
2023-09-22,177.4424285888672,181.07045806158104,174.1456457556287,179.82430811722526,128454
2023-09-25,174.8081512451172,177.44242632419898,173.64086681237526,177.44242632419898,76833
2023-09-26,174.82391357421875,176.18048380045508,173.64085898398852,175.69149175424906,66111
2023-09-27,175.15516662597656,176.10161025487832,174.60307932297846,175.7072539289747,46686
2023-09-28,174.71351623535156,177.63171288725934,173.8617082236354,175.7230552391157,67341
2023-09-29,179.28797912597656,181.3859225093672,175.07630770762654,175.59685461137414,210558
2023-10-03,182.0326690673828,182.6636363557029,178.23112400986037,181.03891472337884,161598
2023-10-04,180.31329345703125,182.39546669019728,177.30044674271917,182.39546669019728,163458
2023-10-05,179.1617889404297,181.2912871898605,178.42040132899962,181.2281919082052,120015
2023-10-06,180.91270446777344,181.78028265886425,179.24065781002082,179.5088235932978,166674
2023-10-09,178.1680145263672,181.8275985121257,175.51796945651614,179.8242908898261,194025
2023-10-10,181.81182861328125,184.24103298773292,177.00073049300468,178.48349122957694,221781
2023-10-11,180.10824584960938,184.8720049519769,178.6728100344282,183.27882370026688,145344
2023-10-12,178.57815551757812,181.6067725104132,177.66325222630144,181.40171644536653,162687
2023-10-13,180.565673828125,181.7171734831875,177.50550229858658,177.96295389542308,196488
2023-10-16,179.93472290039062,181.74874480131345,178.26267621905825,179.82430254345965,134088
2023-10-17,179.93472290039062,181.0389120281156,177.6317089401319,179.93472290039062,141891
2023-10-18,179.84005737304688,182.1430711363387,170.35985099733944,181.40169800547253,465699
2023-10-19,177.31622314453125,180.70764140104603,176.66948568926864,179.84006324360013,83421
2023-10-20,174.44532775878906,180.4079252991312,174.1456215829674,177.31621340472535,101358
2023-10-23,169.38186645507812,175.26559912480576,168.4669776231228,174.49267107039336,132816
2023-10-25,163.2930908203125,170.35986360836446,161.55793443361537,168.0253092538782,162648
2023-10-26,165.785400390625,166.25862226191927,159.8858972107335,163.40350638128115,153948
2023-10-27,169.85508728027344,170.78576075869933,166.60564409414758,166.62141430453863,61479
2023-10-30,169.74468994140625,172.7890772214962,167.37858059982872,169.85509586130593,49677
2023-10-31,173.29385375976562,179.50883332724575,167.8360176274744,170.34410219168993,202563
2023-11-01,172.45779418945312,176.35398900161866,171.16433376337503,176.35398900161866,151488
2023-11-02,172.6470947265625,174.98164891059952,171.71642131815523,172.5682147973725,87612
2023-11-03,173.35693359375,177.86831114675994,170.99082446572604,173.49889436479782,108222
2023-11-06,173.10455322265625,176.73259716510884,172.5524658581897,175.72305814465224,97509
2023-11-07,172.34739685058594,175.09207769731557,171.62177945161548,173.1991903708581,54249
2023-11-08,171.16433715820312,175.06051760606098,170.35985429185806,172.55244775006437,81261
2023-11-09,172.80484008789062,173.53045751229578,170.37563556322618,173.4989026496761,63150
2023-11-10,173.94058227539062,176.3540021229578,171.47982291359187,172.8048382982007,81573
2023-11-13,170.99081420898438,173.76704971544126,170.3756172076498,173.34113854467765,50757
2023-11-15,169.91819763183594,172.04769593952977,169.09794450629073,170.359864615507,110667
2023-11-16,171.13278198242188,173.00989903938037,169.41341034485987,171.8741695678433,90096
2023-11-17,169.01907348632812,172.33162658413866,168.30924067965444,171.1328016950681,98661
2023-11-20,169.12948608398438,170.97504840829188,168.7982394543616,169.71312829044444,54483
2023-11-21,172.0319061279297,173.1676356363201,169.27145506921127,169.9812878171533,107121
2023-11-22,176.79566955566406,178.2468753914409,171.71642024727825,172.18964205313304,259161
2023-11-23,173.65663146972656,178.76742116483803,172.91524390571604,178.2468742932881,102051
2023-11-24,179.7138671875,180.97578719844736,174.38223672822843,174.5399821451907,289893
2023-11-28,179.65077209472656,181.9222310050964,177.93140048191998,179.76119244255594,122352
2023-11-29,177.88409423828125,179.72965660347245,176.7010395885965,177.15849123756396,143709
2023-11-30,176.65370178222656,178.78319999817853,174.24028202408155,178.78319999817853,157905
2023-12-01,178.6728057861328,179.1933382752893,175.39179321049085,176.9849744243199,157596
2023-12-04,183.05799865722656,184.08330789763608,178.37309057905696,179.82431105681673,243156
2023-12-05,184.69845581054688,185.80264478284167,181.98533010871904,184.55649505252416,380154
2023-12-06,194.90431213378903,198.73741210972,188.9732686394348,193.5004167567835,2187858
2023-12-07,195.6772308349609,200.4567743071548,194.1313747498787,195.4879449872827,407037
2023-12-08,192.27003479003903,199.69962372418416,190.5506630051071,194.0209614381884,333510
2023-12-11,193.5004119873047,194.66769640420435,189.4464858325472,193.37422141924824,221652
2023-12-12,193.32687377929688,197.6647498682099,191.9703036686613,192.69592101266392,121428
2023-12-13,195.62989807128903,197.14421367634725,191.1816158386085,194.30488274805109,194448
2023-12-14,197.4439239501953,200.01508916013967,192.49086493287305,198.7531690908844,216066
2023-12-15,197.3492889404297,198.4377079005303,195.5983766957926,197.75941552166407,143154
2023-12-18,194.2417907714844,198.4219073037344,193.3899828135583,198.4219073037344,145614
2023-12-19,201.1508178710937,205.0627827868808,195.2513156383196,198.65850389969063,757362
2023-12-20,193.7054901123047,210.2524708962441,192.4593401517401,204.43184767653256,632472
2023-12-21,207.79171752929688,212.94983281357543,190.9134618933866,191.8125949629784,2521722
2023-12-22,213.1864471435547,217.6662845861179,210.7414723564359,214.2275410083481,1104204
2023-12-26,209.9685211181641,215.15817633394727,208.643491396292,215.15817633394727,348771
2023-12-27,205.50445556640625,211.9560452633061,204.510686879656,211.3724031069356,293499
2023-12-28,206.9556884765625,208.832791175386,205.5044681017168,206.32472121250987,126684
2023-12-29,203.02793884277344,207.46045102433024,201.9553046014948,207.46045102433024,196734
2024-01-01,205.80416870117188,206.95568284360692,202.9806079623294,203.23300352603133,143136
2024-01-02,208.94322204589844,210.56795813909253,200.97733033903188,205.80418466098087,325458
2024-01-03,208.83279418945312,211.98761611366515,207.23961301695388,209.63727710169167,233556
2024-01-04,206.1985321044922,210.4259738112273,204.9681524296118,209.73192570160987,133710
2024-01-05,207.8074951171875,210.5995012470997,203.81666410737355,205.39406070463832,283338
2024-01-08,210.0789337158203,211.26198826861668,205.40982522626229,207.80747475108484,236034
2024-01-09,210.97805786132807,212.9182556930961,207.6024099753409,212.0664622275191,263844
2024-01-10,214.4010467529297,217.33501347368505,212.49237475560423,212.63434997147613,358311
2024-01-11,213.42303466796875,216.7198171033596,212.66587688947743,214.52722369666787,139599
2024-01-12,211.57748413085932,219.2594538015108,210.7572310292459,214.49568061647383,198972
2024-01-15,206.11965942382807,213.61232868376908,205.1101060527838,213.61232868376908,213018
2024-01-16,201.76600646972656,207.16073220961547,199.0686363789903,205.70952636268544,219708
2024-01-17,200.3936767578125,201.76601718993683,199.22639238129065,201.5925015544651,169824
2024-01-18,197.2388610839844,204.36874368879364,195.3302034755299,200.3305877577077,275103
2024-01-19,197.77517700195312,202.1919190504279,196.3239710413301,198.23262863805587,155376
2024-01-23,197.08111572265625,200.283248078361,195.5983549985446,197.3808219093605,162021
2024-01-24,196.2924041748047,198.1221961657324,192.6012797739521,195.6141263089459,166959
2024-01-25,197.2861785888672,198.1222018986541,194.05250570257203,196.6394411232913,162816
2024-01-29,195.551025390625,200.3305684991497,194.7150021291364,195.7560814329445,109503
2024-01-30,194.88853454589844,200.01509490303263,193.76857521720345,197.1757638344963,493758
2024-01-31,192.4908905029297,193.54775465847595,191.0869950328829,192.4435654252094,466950
2024-02-01,194.50994873046875,196.21355026275685,192.75903656689363,193.4688693352149,183135
2024-02-02,196.6709899902344,203.8797375931591,190.01432969316025,192.459318708178,540192
2024-02-05,194.1786956787109,204.4318305124655,193.3899830011716,195.75609215062136,271953
2024-02-06,192.7905731201172,199.6996148148237,192.2227155818029,196.5132525265149,289899
2024-02-07,191.5759735107422,193.8001074218528,190.14052338534268,193.76856700238463,166029
2024-02-08,191.4497833251953,192.11229099274925,190.3140393904354,190.91345177734533,120348
2024-02-09,191.73370361328125,192.12805994591497,189.60420541191027,189.60420541191027,82791
2024-02-12,182.6005249023437,192.69592841362427,179.20910671629068,192.69592841362427,146877
2024-02-13,181.93801879882807,187.1276741453722,179.19332358966884,185.80265883169795,108501
2024-02-14,188.2949676513672,188.94170513019267,181.33861525340416,181.4017105361005,83118
2024-02-15,190.9923248291016,191.812577889509,187.5535816123359,188.31072495278875,55008
2024-02-16,188.16876220703125,192.1596071195335,187.93215130523336,189.3044916473445,46323
2024-02-19,191.16586303710932,194.09982993190732,188.1845566259616,188.1845566259616,110859
2024-02-20,193.26377868652344,194.02093644878656,190.58219332182404,191.4970820551039,189006
2024-02-21,193.8789978027344,194.9674022815557,192.39623696821977,193.26380073252616,70908
2024-02-22,194.620361328125,195.59835984267497,189.6830870091423,192.7590288825793,74916
2024-02-23,195.6929931640625,196.5290164554939,193.3584389202149,193.7370106003251,82476
2024-02-26,199.08444213867188,201.27703579235808,194.9516359720327,195.7245640467169,203919
2024-02-27,202.2865753173828,203.48540018053532,197.17577055487413,197.17577055487413,212136
2024-02-28,214.8426971435547,227.98248719455808,202.7282161784209,205.047000109495,5568339
2024-02-29,217.8397979736328,222.68243686514776,213.89627771517,218.62849624869145,1670925
2024-03-01,214.9846649169922,220.9630328875888,214.5272277526909,217.9502008089505,279732
2024-03-04,210.7572326660156,216.8460212522781,208.23337806003389,214.700752780065,231744
2024-03-05,213.39149475097656,216.1361900850081,208.217609378552,208.217609378552,249249
2024-03-06,209.9842987060547,215.23706382603532,206.0092382839231,212.96559041225737,192894
2024-03-07,206.68753051757807,212.5397084273396,205.062808886257,208.84858373067044,147159
2024-03-11,204.44760131835932,208.99053378686304,201.750245545074,206.6401948404689,320109
2024-03-12,204.9839324951172,206.00925616093863,197.1915563960681,204.3529796378573,399564
2024-03-13,194.0840606689453,209.8896681313257,189.2887467149392,205.0628137550459,505977
2024-03-14,201.545166015625,203.4853783251818,186.5124884416425,186.5124884416425,405438
2024-03-15,201.24546813964844,204.352964893386,194.9673937925839,199.0686448352008,168717
2024-03-18,198.91091918945312,204.968152994122,191.1816242848668,202.25501250611893,429036
2024-03-19,197.2704162597656,202.53895189616136,195.9769412769402,199.1790738712492,210402
2024-03-20,194.49417114257807,198.7531675909557,190.929237225766,198.7058425198792,167592
2024-03-21,192.2858123779297,196.0715870961722,191.5286545459643,195.5983652563919,130302
2024-03-22,192.71170043945312,194.66768299274247,190.26672585823732,193.61081900610017,156306
2024-03-26,184.177963256836,192.7117273910829,183.01067875710515,192.4435615837451,395637
2024-03-27,177.80520629882812,187.82172958796875,174.8081300840689,185.28210496443543,436986
2024-03-28,186.11813354492188,187.1119022419731,176.66948192221108,177.99449722389025,646527
2024-04-01,191.49708557128903,192.12805279169103,186.7333271040834,186.7333271040834,172974
2024-04-02,193.8632049560547,194.3206565763324,189.63576334571795,191.4970958050793,111696
2024-04-03,194.2417907714844,195.1724497788701,189.9196990254546,191.51288014731085,112614
2024-04-04,194.66769409179688,198.0275720823326,192.85367220396745,195.21978143088208,116859
2024-04-05,201.0877227783203,203.4696165785092,193.8632047698267,194.6992280768237,252750
2024-04-08,197.08111572265625,201.592493174214,196.2293077907728,201.2139214988771,95151
2024-04-09,196.323974609375,198.40614788378912,194.02096061812733,198.40614788378912,102519
2024-04-10,196.2451019287109,198.7216170306983,194.21023936105007,196.82872967934,88191
2024-04-12,196.43438720703125,200.66182887342424,195.8507450165069,197.8067276444775,169176
2024-04-15,197.49124145507807,198.73739126663943,190.89767649123647,190.89767649123647,378939
2024-04-16,196.27664184570312,197.47546664739983,195.0304919720269,197.47546664739983,84921
2024-04-18,194.52572631835932,197.45969298925752,192.47509358159303,196.2766384183508,98811
2024-04-19,199.5103302001953,204.116358025097,190.48756039766508,194.5257306807474,1073205
2024-04-22,203.26454162597656,206.30894303272345,198.0748862641236,199.54186235088184,205107
2024-04-23,203.28033447265625,205.69375429544112,200.96153591102464,204.258318569924,117318
2024-04-24,208.20184326171875,215.18975063679605,203.5642604785222,204.2740932517231,320715
2024-04-25,208.1544952392578,210.04738242576724,204.589561555754,207.99674982652093,117021
2024-04-26,206.64019775390625,209.46375857137943,204.778865264076,208.50154468532097,146793
2024-04-29,205.26785278320312,207.8863430442828,205.06279673069216,207.8863430442828,62301
2024-04-30,203.46961975097656,206.30895077369,199.38413885328907,205.0628008987158,154074
2024-05-02,203.2172241210937,206.009244512544,200.661829089718,203.45383503958385,72606
2024-05-03,199.08444213867188,203.73778079767703,194.0209624635976,203.217233863726,144501
2024-05-06,195.9453887939453,200.78801291377323,194.58881861070208,200.78801291377323,59262
2024-05-07,195.7403259277344,198.05911005310952,192.79057453579244,195.39329465320185,47607
2024-05-08,194.41531372070312,196.73409788385115,192.93255289546383,195.5983683387975,55683
2024-05-09,196.38706970214844,199.068655398276,188.40539345670248,195.5983714248368,185286
2024-05-10,197.52279663085932,208.20184308233087,195.77188445675665,197.17576534982663,2643369
2024-05-13,195.3775329589844,204.32142322760683,193.72125644844004,198.7216264019048,268698
2024-05-14,204.1952209472656,207.902130119768,196.16621999597115,196.18200464756688,262611
2024-05-15,205.315170288086,215.15817816073,203.94282992722447,208.2175964270237,753078
2024-05-16,205.34671020507807,208.059850501682,204.55801200409644,206.2458431952658,124116
2024-05-17,204.99969482421875,206.98721777053325,203.86395092165773,206.40357560993485,124284
2024-05-21,200.2990264892578,203.7850949649984,199.415678102385,201.93953269939087,90522
2024-05-22,197.7436370849609,201.3085711537516,197.17576509100107,201.3085711537516,99171
2024-05-23,198.5165557861328,200.33057759764256,195.15667793695417,199.0213324727104,83412
2024-05-24,198.09066772460932,199.38414269654484,196.86028803606703,199.38414269654484,46383
2024-05-27,195.7245635986328,200.3779022469848,195.5983730285551,199.3210526121877,60240
2024-05-28,195.9769287109375,198.4219032997988,195.2828661906885,195.9138334310589,92601
2024-05-29,193.9736328125,197.15999518462223,193.18493454552552,195.97694056336812,62343
2024-05-30,195.7245635986328,196.52903209327448,190.86615444271573,193.07451830224576,125301
2024-05-31,193.13758850097656,197.8067111953128,191.9387637993665,197.8067111953128,86064
2024-06-03,191.181640625,198.1222234245869,189.66732482361323,194.39954365096472,116427
2024-06-04,183.8466796875,193.3584412932396,180.2659611257807,191.1816180019305,154608
2024-06-05,189.7304077148437,192.75903911972583,180.45527097254305,183.84668943002023,50535
2024-06-06,192.25425720214844,193.70547758117937,189.9512432895367,190.45601999055145,46224
2024-06-07,193.8789978027344,196.62367875724857,191.51288855174465,192.8852290290017,89286
2024-06-10,199.24215698242188,200.33057583639223,194.49416855966984,197.0811183672703,112581
2024-06-11,202.3339080810547,203.5642734128449,197.9329359426239,200.6303064288101,154317
2024-06-12,208.76968383789065,214.527225491143,205.0627892847924,206.3404795076996,476160
2024-06-13,206.65597534179688,210.8203215967032,205.88304732901813,209.08517973075612,75393
2024-06-14,206.0565490722656,207.4131192610812,204.73153374439173,206.3247148447265,128028
2024-06-18,205.315170288086,206.64018557962447,202.0657128962253,206.0880982817473,113904
2024-06-19,201.182373046875,206.6401943022104,198.75316861545835,206.62442409229823,125130
2024-06-20,204.65267944335932,208.2176135207311,199.65229516712955,201.18238107081893,141678
2024-06-21,200.7564849853516,206.30895662387272,200.3305882081845,206.30895662387272,95379
2024-06-24,198.09066772460932,203.3592033166485,197.57012080542785,201.7344672757108,96645
2024-06-25,199.4314422607422,200.94575786131105,197.4912443520921,198.1221971510093,51495
2024-06-26,197.7120819091797,200.61450827480928,196.24510573667908,200.61450827480928,78123
2024-06-27,197.0180206298828,198.8793530310928,195.59835518365048,198.70583740267,111438
2024-06-28,201.05618286132807,203.4853872972988,197.01802708853288,197.01802708853288,457131
2024-07-01,205.2993927001953,217.5873746693211,204.1163382175618,206.3247017712833,1363491
2024-07-02,204.7946319580078,213.8962670770215,203.5484821022636,207.87057385181453,644949
2024-07-03,202.1446075439453,206.7821906164812,200.83536227279103,206.5455796773188,259080
2024-07-04,203.51695251464844,206.64020520440468,201.19815387186253,203.1699212287677,446316
2024-07-05,203.32763671875,209.1640439660532,202.01839161192785,204.22676972797973,499839
2024-07-08,200.7722625732422,204.0374905736153,199.4472471196832,204.0374905736153,566865
2024-07-09,201.4662933349609,202.75976816181856,199.06862951019448,200.44098426363468,299178
2024-07-10,201.0877227783203,206.4035832579497,195.9138375125636,201.4663089070632,767835
2024-07-11,204.0847930908203,205.6937443756114,200.12550293736112,201.9079698506518,404766
2024-07-12,201.21392822265625,205.45714004812072,199.4156766007563,204.0847996271867,88182
2024-07-15,202.0972900390625,203.7220116933389,200.96154601642385,202.20769595754416,115467
2024-07-16,202.44430541992188,204.1163665781934,201.57674163983705,203.122597786387,101544
2024-07-18,203.1383514404297,209.7950117844668,201.49784527919456,203.16990630118443,222813
2024-07-19,200.7564849853516,204.7473158521472,198.7531772258637,204.7473158521472,136635
2024-07-22,203.0121612548828,204.74730311841367,198.9266804954317,200.0466397681571,163371
2024-07-23,204.7315368652344,208.4542162259888,200.53563567422805,204.43183066884708,301188
2024-07-24,241.43777465820312,245.66523055457031,214.5272266085396,216.29392330180497,7448262
2024-07-25,244.0247344970703,256.1707422713207,237.44693947447405,237.44693947447405,4715460
2024-07-26,245.3970489501953,249.5456248931071,242.2580119060368,242.92051955184613,691929
2024-07-29,245.6652374267578,252.22723326875928,244.4979530714856,247.6527459895081,497142
2024-07-30,244.8765411376953,248.5361254292856,243.25180505748776,245.7914444313854,324213
2024-07-31,257.8901062011719,265.1303938356763,242.92051004878903,242.92051004878903,2646084
2024-08-01,258.06365966796875,265.57212902005017,257.1487851998692,259.62531500312934,776145
2024-08-02,255.7921905517578,264.07357326398613,252.17994568735307,255.5398094059032,500382
2024-08-05,244.75035095214844,253.6626863246936,242.9205443618952,252.3692113194639,645981
2024-08-06,237.6046905517578,263.42683588938826,235.01774062241032,263.42683588938826,767616
2024-08-07,255.1612243652344,256.45469933258573,239.1347769332473,239.1347769332473,548844
2024-08-08,250.6971893310547,261.9914342037157,249.2302129785249,255.53982875208663,367029
2024-08-09,254.3882598876953,258.5684050755089,252.51114288207089,255.50823356072337,246993
2024-08-12,263.1744384765625,273.45909894992343,253.03170988769344,258.37911061275247,1347837
2024-08-13,273.6326599121094,280.43126726642083,269.2947831634828,276.04607988428904,1140099
2024-08-14,277.5288391113281,279.8476087987767,271.32961567381767,275.730601894915,618966
2024-08-16,283.9219665527344,285.99932058536007,276.98131416148993,276.98131416148993,416757
2024-08-19,285.32293701171875,287.9156265587054,280.9266758057499,285.03308465243754,427116
2024-08-20,284.9525756835937,289.10731318686965,282.9074209424618,287.60966393505186,292689
2024-08-21,290.894775390625,293.63236143917453,283.181164792744,286.57901264951744,281568
2024-08-22,287.02996826171875,299.9611295289285,285.58064735142244,294.3570709838771,793794
2024-08-23,289.348876953125,293.084906168942,286.56296204708804,289.542102050015,351111
2024-08-26,291.3456726074219,294.1476868517227,287.02993907023136,292.0542333563727,122889
2024-08-27,290.4921875,298.0125440870973,289.8963536613076,292.37631629817736,168258
2024-08-28,282.10223388671875,292.42460435292566,280.2020055264026,292.42460435292566,423357
2024-08-29,278.4628601074219,285.67723566442083,276.3532773486112,282.2954869860903,244710
2024-08-30,277.56103515625,283.42274642346354,270.6365122160125,280.13759566009264,792105
2024-09-02,270.4915466308594,288.23767417795364,269.9118124931524,283.3743767599982,378573
2024-09-03,279.8316345214844,281.31315455132767,270.49157719935505,270.749230292675,179760
2024-09-04,277.5127258300781,285.2585361701236,275.6446966829368,279.8316331450585,285339
2024-09-05,277.88311767578125,284.0990798742945,275.35485605834384,278.47895153398025,175107
2024-09-06,276.22442626953125,283.39050228951004,274.501352816143,278.51113428143674,105783
2024-09-09,275.8701477050781,282.7785706824548,270.9263516495066,272.2307462154533,179565
2024-09-10,276.0473022460937,278.75268916785177,274.1148745915506,278.4628368142727,101550
2024-09-11,274.21148681640625,281.764072390763,273.11644638696856,275.6930363862988,97911
2024-09-12,278.65606689453125,281.81236152212784,274.42083150799533,274.42083150799533,258408
2024-09-13,280.4596862792969,281.73188168451446,276.1117236956425,278.65608501956933,87969
2024-09-16,277.7543029785156,288.1088738735842,274.7268346589336,282.1344648899945,219270
2024-09-17,275.7091369628906,277.73819201119176,271.8925803366455,275.6930373297345,68805
2024-09-18,274.0987548828125,277.0457248490661,271.20011330148515,274.08265525000604,96690
2024-09-19,267.6573181152344,277.49661088670894,264.79087602291884,275.80573676271456,220422
2024-09-20,264.7104187011719,269.57368764021413,262.66526390802665,266.41739272004725,107460
2024-09-23,267.9310607910156,271.489963825807,261.5379445196537,266.9809761595116,162258
2024-09-24,274.2919921875,275.3709328961936,267.93107484439616,267.93107484439616,85275
2024-09-25,270.3788146972656,274.4046953518804,269.57362677174166,274.291968452577,76506
2024-09-26,267.0614929199219,272.005288912274,263.1322391265573,272.005288912274,117738
2024-09-27,263.2127380371094,268.1565340435522,260.87773113663525,267.31914676796384,62727
2024-09-30,261.5379943847656,266.09531129931395,258.5588544151464,262.9551160164926,123261
2024-10-01,266.70721435546875,268.89729508893413,260.9260310508846,262.810159799935,44595
2024-10-03,260.6200866699219,267.1420301640548,257.351065106531,260.8777397653164,88953
2024-10-04,259.0419616699219,266.1436399839666,257.19003197160185,263.06784323379685,122172
2024-10-07,253.34130859375,259.0419649814022,249.5891797335447,257.04510906471944,125709
2024-10-08,264.93585205078125,265.7088113437239,249.78238229589,253.14803117111143,73005
2024-10-09,264.0984802246094,269.895763721102,263.4865467101913,266.0309080567736,62217
2024-10-10,267.1581420898437,267.4641235837709,263.79249308918475,264.0984745831119,31173
2024-10-11,267.0776062011719,268.75238083316566,264.4205180706352,268.75238083316566,27117
2024-10-14,264.4849548339844,268.8168177397491,262.98730560080287,268.8168177397491,33633
2024-10-15,266.8521728515625,267.62516169532216,261.3769703547664,263.85693322733573,35730
2024-10-16,286.482421875,288.89795662942663,266.15973067082604,266.6750368887015,746208
2024-10-17,282.7624816894531,290.15401185925805,278.9781538804457,290.15401185925805,191919
2024-10-18,284.03466796875,286.64342762899054,274.2114743307829,278.26958422872093,119697
2024-10-21,289.7836303710937,291.44230536061923,282.34380134044346,285.6450222001872,220239
2024-10-22,285.6128234863281,297.59386947706435,280.42747379482427,291.1524535596432,359622
2024-10-23,292.6017761230469,298.3185316786055,277.3033800542827,283.4227443790898,346368
2024-10-24,294.6791381835937,305.838896870256,293.08489115500026,305.838896870256,1167978
2024-10-25,285.4195556640625,299.52628329053056,279.139165853132,294.8884687632149,375996
2024-10-28,299.3652648925781,303.6971275445075,284.79152962895586,285.435662360774,595086
2024-10-29,304.0835876464844,314.19660357555455,301.13661792893083,303.90643272754994,1072806
2024-10-30,305.79058837890625,313.3431443577466,299.6551244440858,301.76470710700767,406455
2024-10-31,301.2010803222656,310.7987911945341,294.6791365702208,306.5796552459626,549135
2024-11-01,298.7855224609375,312.3769143902295,294.69521338191674,310.8631951405243,113400
2024-11-04,312.5862731933594,317.2402168949526,301.9418214461776,302.0545483586179,551730
2024-11-05,308.9790954589844,316.0646739260497,303.06908510633053,310.7987963480351,241530
2024-11-06,311.6361694335937,313.6169255405191,309.09180823209795,309.3816900822979,211509
2024-11-07,311.53955078125,314.3415946449441,308.44768403234053,313.5686058428359,114723
2024-11-08,314.9857177734375,321.6042885994139,306.0160403195426,313.4075704374768,652533
2024-11-11,317.4978942871094,320.4931632824281,307.4331464774982,314.9535329760664,157881
2024-11-12,310.1224365234375,323.21462197158525,309.1884219690046,317.49786670672273,355680
2024-11-13,304.72772216796875,313.5041738745654,294.3892228769943,305.3718548622724,255921
2024-11-14,314.5187072753906,322.07129261714624,308.2383172610185,309.3011583915213,421614
2024-11-18,317.19189453125,321.6847830223334,304.0191810500682,314.67973263184103,209376
2024-11-19,310.20294189453125,322.03906144815807,306.4669130764629,314.341579470734,202701
2024-11-21,312.3125305175781,318.8505737033963,305.5490334996273,305.5490334996273,266454
2024-11-22,307.948486328125,315.2111903288052,302.68260869353446,312.02266671543987,254610
2024-11-25,324.5029296875,328.59323894595155,310.81488039250706,315.6137504107777,468024
2024-11-26,328.5127258300781,332.02330103249506,323.8265825202004,324.26139056957874,289404
2024-11-27,321.99078369140625,330.1069745923276,320.84744433139224,328.81870904393264,127119
2024-11-28,314.82470703125,324.26139223325083,308.94689595029723,322.94089793139165,301773
2024-11-29,322.1840209960937,323.6655410405845,314.6797345180496,320.67027219973954,140121
2024-12-02,334.1811828613281,335.92035608680584,316.596078085906,316.596078085906,514110
2024-12-03,326.38702392578125,337.7561656845521,323.68163696367253,336.24241690554635,192690
2024-12-04,328.7542724609375,338.223156684313,324.0037307161277,330.02646782916537,188397
2024-12-05,325.3564147949219,334.9219260255582,323.6816401877891,333.34377870085746,113976
2024-12-06,327.19219970703125,331.0087560334009,322.68321177681605,328.2228415266119,95370
2024-12-09,321.4110412597656,328.51271917451623,320.2516022957601,327.1761252730538,76143
2024-12-10,326.2582092285156,331.7173412214946,321.7492209657395,322.07130208683327,93360
2024-12-11,323.7782592773437,328.6898265728668,322.40943669829124,328.6898265728668,80799
2024-12-12,319.34979248046875,325.7912086293848,318.5285047710037,320.8796409790209,56796
2024-12-13,309.3172912597656,318.22257104878867,304.4379225958451,318.2064714144536,207261
2024-12-16,317.3046264648437,321.10508338248843,310.04192286514944,311.79722514193605,155169
2024-12-17,319.9295349121094,325.2920103813671,314.38990449778726,314.4060041316097,128475
2024-12-18,320.2193603515625,324.43849608586186,315.6942726273613,322.68322333577714,110658
2024-12-19,313.1338195800781,323.35956331618604,309.832569220478,309.832569220478,167085
2024-12-20,306.0643310546875,320.05833199258944,303.79372265117473,316.3867312239562,91140
2024-12-23,305.7422790527344,308.4959946345953,299.2847630849868,306.06436018970624,90072
2024-12-24,297.9159851074219,307.19161566742787,296.3056088266208,303.1013353996598,56988
2024-12-26,295.5165405273437,300.5730640967092,289.8641830603647,297.93207538618014,89898
2024-12-27,298.1736145019531,300.42809393720887,296.17675868784664,297.0785740511554,45168
2024-12-30,292.0059509277344,298.15751470074264,288.9140546645702,295.6775519395473,82536
2024-12-31,293.6645812988281,295.7097359062117,289.34884774153227,290.6049139472925,28599
2025-01-01,296.9013977050781,300.1865188206262,293.0848707791127,295.0172984337299,32496
2025-01-02,292.66619873046875,298.1092020009833,291.1685789068057,294.38927240669585,142338
2025-01-03,294.55029296875,299.5262883127739,291.16854455231544,294.2121122298053,60021
2025-01-06,327.8363342285156,339.7851803218568,292.4407035899594,296.5310126541132,2721426
2025-01-07,306.6119079589844,327.1761539778582,302.747052100201,327.1761539778582,772071
2025-01-08,301.394287109375,310.7987723247268,296.7403728851292,307.5780792139668,344463
2025-01-09,294.5019836425781,303.3106356249758,291.5389434216225,302.4088497492744,135123
2025-01-10,277.931396484375,295.33934469228075,275.69301688453334,295.3232450603186,260265
2025-01-13,265.2901306152344,279.429058029009,262.6491421526696,275.4031473179376,147393
2025-01-14,265.91815185546875,278.59165829177533,263.0678093222573,272.1663128680789,194019
2025-01-15,266.0469970703125,269.76692639603635,263.2127539701391,267.3191629495664,74349
2025-01-16,262.2948303222656,273.11640648427954,261.5218416407983,267.68950402927214,83892
2025-01-17,274.2759094238281,283.10066070412825,259.3156942412054,262.5041881814955,299943
2025-01-20,270.29833984375,280.2020323670688,266.83606352302195,280.2020323670688,166932
2025-01-21,264.2594909667969,273.6639764781367,260.29800823964587,269.92794758340574,204621
2025-01-22,259.7021484375,265.2095786890244,256.1110755700188,264.1145383885026,164751
2025-01-23,264.13067626953125,279.84775184784155,260.2175217517449,260.2175217517449,161718
2025-01-24,253.7438507080078,279.5417710946687,251.2155892859654,270.5398653848858,1669218
2025-01-27,254.4685211181641,271.32896447538906,237.5436792308672,253.4540083774799,397173
2025-01-28,245.51495361328125,259.1868741629735,243.1477178048877,255.4025462826886,190182
2025-01-29,253.3896026611328,255.85343638334865,243.485909897447,246.3845516819404,218682
2025-01-30,250.2976837158203,253.9693140035149,248.0432044111636,253.3895798016152,225831
2025-01-31,257.0934143066406,262.1499374367988,248.73564083181145,251.32833041456777,74781
2025-02-01,255.77291870117188,259.9115268480129,252.0851887296376,259.9115268480129,56502
2025-02-03,252.84207153320312,254.4363481282106,248.4941087901125,252.50392024239247,45522
2025-02-04,250.5875701904297,264.0501361967236,248.68734173828665,257.60872029988275,151104
2025-02-05,253.71163940429688,257.3188413697821,250.571444687241,257.3188413697821,125805
2025-02-06,262.8746032714844,265.6927172581622,254.22697725441944,255.04826494938493,170556
2025-02-07,252.45556640625,264.0984609366254,249.4925263394701,264.0984609366254,126252
2025-02-10,250.458740234375,256.01446984718933,244.6292431517589,252.4716660885932,95016
2025-02-11,241.19918823242188,251.2156073635832,239.3150741258457,251.2156073635832,99288
2025-02-12,241.40853881835932,246.04635355175773,233.6949275711566,241.19918461895747,83001
2025-02-13,235.01541137695312,246.36842372785216,233.8720573771705,246.36842372785216,74232
2025-02-14,232.9863739013672,237.9945835443752,230.2809720623599,237.9945835443752,95970
2025-02-17,231.843002319336,234.14580994954875,223.14707797088053,232.98635631840529,78333
2025-02-18,224.596420288086,231.89133825259984,223.19541306812727,230.11995099981056,87276
2025-02-19,231.2955017089844,234.1297301267184,225.09562428083112,226.834812246322,53850
2025-02-20,232.0040435791016,233.82374430662992,228.65449447527723,231.5370363015005,43620
2025-02-21,233.7432403564453,236.8190221157276,228.6706176100286,233.21181978674147,68400
2025-02-24,230.4903106689453,235.69175978915987,227.0602486450189,234.98319905334344,51486
2025-02-25,233.7754364013672,238.33275289129065,228.3968469907186,229.3308615688315,41319
2025-02-27,233.5499725341797,236.72238139634243,228.1874977298034,231.9235263951589,97335
2025-02-28,221.4401092529297,235.74007701459763,217.39811371141167,235.5629368279492,157140
2025-03-03,213.5654754638672,225.82027406906684,211.92290011960867,222.6156657737003,110355
2025-03-04,217.7363128662109,220.92480700902647,211.92291496657032,214.69273017090367,72501
2025-03-05,223.9522705078125,227.70439893862536,218.44483984784367,218.87964786865936,83013
2025-03-06,225.44989013671875,230.28095931638595,221.6494480658303,225.12782377249195,104466
2025-03-07,222.4063262939453,227.0763550005693,220.2967583994877,222.2291861047464,62691
2025-03-10,223.03436279296875,227.0602588212384,222.22918948461623,222.4063296765093,69960
2025-03-11,222.6800842285156,225.25665947684965,220.61882992714987,221.2629774250468,111402
2025-03-12,217.5430603027344,223.5013844483328,214.5155919564425,222.68009671105747,114828
2025-03-13,225.53042602539065,226.6576657129967,216.3835935146224,219.2983347613164,126126
2025-03-17,231.8913116455078,240.68386310936765,228.7028031617316,231.55313091872367,266313
2025-03-18,231.8913116455078,231.8913116455078,231.8913116455078,231.8913116455078,0
2025-03-19,238.8158569335937,241.21527713676744,233.8237472230908,234.854374327141,74235
2025-03-20,238.6548309326172,242.0043655392056,236.4003367693992,240.6194727233138,78177
2025-03-21,237.28602600097656,239.60494821318736,232.599897419282,238.3327675576376,143148
2025-03-24,236.75460815429688,244.04951095479504,235.192560458453,238.52599530491463,153846
2025-03-25,235.1925506591797,240.98983353957087,233.01856957903297,238.6064982701197,122634
2025-03-26,230.98953247070312,236.43253540644963,227.09247765280645,235.43412225208093,146136
2025-03-27,225.65924072265625,231.35989636620988,224.8379530779438,230.28095563423585,116766
2025-03-28,218.8957672119141,228.86387320166045,216.8506124423924,224.80577767357025,185130
2025-04-01,232.4388427734375,233.823750266162,219.08898914401743,219.87806280046183,160374
2025-04-02,232.13287353515625,233.5016813805825,227.0602509084775,233.5016813805825,68889
2025-04-03,232.1489715576172,232.87363192783167,228.3646438975547,230.023304086972,39090
2025-04-04,223.00216674804688,233.1796117677929,220.61883131115448,233.1796117677929,87615
2025-04-07,219.84585571289065,222.2291762299548,212.1483444992487,215.78774591756752,119037
2025-04-08,220.8281707763672,225.01509240137972,218.41263623438823,222.24527749414352,58233
2025-04-09,227.22129821777344,228.23581097867108,218.55757272201848,220.82818119591613,53022
2025-04-11,225.9813232421875,230.23267320229223,224.4836887646876,228.3968579661377,51609
2025-04-15,229.78176879882807,231.29550293119303,226.2872932159447,226.2872932159447,46716
2025-04-16,227.44674682617188,235.11204477141555,225.14393899022167,230.9895360509244,135753
2025-04-17,228.2197113037109,233.82375465313936,226.41611012849808,227.0763572505537,102051
2025-04-21,235.43411254882807,237.0283595007612,228.074781773969,228.2197079538708,111528
2025-04-22,256.078857421875,267.31914271361586,234.54840101089144,235.43410191264843,611001
2025-04-23,247.7372131347656,261.8117412889222,245.5310328148258,258.51049113843004,450315
2025-04-24,272.6816711425781,293.95447635249724,264.0984730535424,266.41738049187234,6208320
2025-04-25,290.6049194335937,302.36051162495886,267.4641150665548,272.6816640384932,5001441
2025-04-28,293.76123046875,302.03847679696173,282.6980987946888,288.57588047410184,1066788
2025-04-29,286.7239685058594,295.983528005623,284.72711272949783,287.6579831183434,346206
2025-04-30,282.810791015625,289.86413996005086,280.87836341589133,286.61121820139886,226242
2025-05-02,287.1104431152344,291.21685202757925,279.55788715552933,282.81080912244806,215190
2025-05-05,294.163818359375,300.1704261687205,283.53546601182205,289.8641549332623,282756
2025-05-06,296.3860778808594,304.35734158914653,292.40849584247235,298.17357927638227,444396
2025-05-07,297.1429443359375,298.8821468770436,286.64341902127865,289.8480419019384,247515
2025-05-08,291.4906005859375,307.5136567257269,289.3971470776635,297.5133375026946,310122
2025-05-09,302.4571533203125,304.38958114173755,283.10067583877355,286.6434503492167,328788
2025-05-12,307.1271667480469,317.57836379160955,305.3235656602362,310.7987674518905,290718
2025-05-13,316.7732238769531,318.93110545625694,306.48305203601063,311.74889994724515,314820
2025-05-14,316.3384094238281,326.54808289268885,313.0854874878478,316.61216215231224,250383
2025-05-15,320.13885498046875,324.2452637085204,313.6008120743991,316.2739997070084,194622
2025-05-16,313.3753662109375,322.0712907970801,311.4590381576423,322.0712907970801,137205
2025-05-19,311.3302001953125,315.98411430851934,307.255990777387,315.98411430851934,189165
2025-05-20,306.98223876953125,314.43816704431,305.6617445971688,312.956647065832,128421
2025-05-21,315.5171203613281,320.46091651746275,308.52819908040635,308.54429871301016,331953
2025-05-22,309.9452819824219,318.20642783407675,307.52974743278696,315.62983799012903,121332
2025-05-23,323.9070739746094,335.2761856565989,312.4091357528512,312.57016155593584,777039
2025-05-26,327.0794677734375,331.66898327912,322.53828064919145,328.99579572313365,188784
2025-05-27,326.38702392578125,330.4451338554508,323.7460649801544,329.1568389043718,200412
2025-05-28,325.6462707519531,333.02170126594467,322.89255534801697,322.89255534801697,313083
2025-05-29,330.573974609375,335.8237524342797,326.0166579305052,326.90237364778494,420114
2025-05-30,337.9172058105469,339.3343273681139,328.52881972142666,330.4451478534758,222834
2025-06-02,325.4852294921875,345.64689308783176,320.01002769629565,341.3955581941684,330915
2025-06-03,319.62353515625,330.1230611351145,316.2740153767373,330.1230611351145,103053
2025-06-04,322.1034851074219,325.614060050208,316.7248810376177,322.7154185660815,97131
2025-06-05,321.0084533691406,329.8010053381252,317.5622768627265,323.6494418350266,137358
2025-06-06,306.8695068359375,320.62195376713544,281.52249437809087,316.5960433016013,610347
2025-06-09,314.373779296875,317.2402215603602,306.3864154609556,308.4798689582672,190926
2025-06-10,320.5253601074219,321.42714598259454,314.9535305764936,316.27402486573465,164118
2025-06-11,317.8199157714844,322.3611324773139,315.7908903577999,321.81362704394047,69027
2025-06-12,317.2724304199219,319.9134189350762,314.92129427178145,317.59451153944303,106689
2025-06-13,328.995849609375,331.7334656268358,311.8938509187772,315.6298801537259,313221
2025-06-16,328.5127258300781,331.02488786608035,314.01951733757465,330.3807256087414,178266
2025-06-17,323.5206298828125,333.1505401056787,320.8474420309243,328.5127251916934,128844
2025-06-18,321.0406494140625,324.68005096287067,318.8505686317624,323.52061204156814,75045
2025-06-19,323.7138366699219,327.4820647603193,317.9809816284935,318.33526200336047,135717
2025-06-20,325.2597961425781,329.8010131588146,319.3658855959225,326.2582092856842,173193
2025-06-23,318.65728759765625,326.38699771026404,317.3045942252507,323.68161096545293,103743
2025-06-24,308.0933837890625,324.3901922782027,307.3204245232677,318.65730785412075,173298
2025-06-25,319.49468994140625,323.5849990010472,310.4122860266904,311.8294074774491,123282
2025-06-26,322.9731140136719,324.55126150734964,319.4947378792257,319.4947378792257,80226
2025-06-27,321.0084533691406,326.54808339712,319.17265294378285,324.48682914095406,71658
2025-06-30,319.0115966796875,322.39334515857644,318.52848975413195,321.0084523990203,42570
2025-07-01,313.8423767089844,318.174209927329,312.1031740820683,317.56227645299924,104802
2025-07-02,317.0469665527344,318.46408804997725,312.4091519082203,317.24022111563346,142311
2025-07-03,328.52880859375,333.7302578532006,314.79246049814066,315.6298478004753,212196
2025-07-04,329.5271911621094,333.34374730997,323.6655100756444,329.1568111864208,85473
2025-07-07,345.2926330566406,349.4473409160553,324.5351344195688,329.5272296013743,412011
2025-07-08,344.1009521484375,354.2783966908436,328.46440533014305,345.2926198109924,403155
2025-07-09,352.6197509765625,354.9225586515234,344.85781154311843,345.8079257460019,346284
2025-07-10,348.4328308105469,354.2784129924958,343.279680286128,353.6342802343838,114648
2025-07-11,349.59228515625,354.6004798073281,345.27652213476364,347.83698291727006,164763
2025-07-14,374.0697021484375,379.3194800177112,349.753329044342,349.753329044342,1231275
2025-07-15,375.1164245605469,379.7703388404969,357.6118484888411,378.0794646168321,471516
2025-07-16,385.9702453613281,387.3229388945112,368.44956898939057,376.8234127778401,429399
2025-07-17,373.97308349609375,389.04602644683786,371.6702756342517,388.4501925676333,274101
2025-07-18,381.4451293945313,386.4855530114577,371.9601455071791,371.9601455071791,242589
2025-07-21,384.2310485839844,385.5193436044812,373.4738691993843,385.19726247773,169212
2025-07-22,382.4596557617188,387.1296696754388,379.94749387428993,383.9089765252539,278427
2025-07-23,388.2569580078125,390.0283304820231,381.65448659650536,382.2986193610812,293337
2025-07-24,430.6253967285156,437.3244951652234,396.1154802539889,402.91117648674,5824314
2025-07-25,429.3492736816406,436.1716248771156,418.9930729027715,433.55392079539456,508722
2025-07-28,407.81884765625,441.701493346247,403.82686529245456,427.3533099038679,839901
2025-07-29,414.7884216308594,422.10158905189166,403.6469269087096,407.6552359806858,294699
2025-07-30,425.48822021484375,436.6951707643709,410.6655773695844,414.9683937969135,832359
2025-07-31,433.8484497070313,436.1716464671202,417.1934257418195,420.4982540918893,431856
2025-08-01,432.1796569824219,449.91448139917225,425.373692049345,435.5171983425947,646386
2025-08-04,442.6831359863281,447.55855093644254,429.82375610896594,433.5212311200741,238863
2025-08-05,432.1796569824219,443.50113314727065,429.3329314092456,443.4684200833424,151500
2025-08-06,440.4908142089844,449.881740330528,428.64577918479,428.64577918479,554700
2025-08-07,440.8507690429688,447.49313904851147,433.9138915755377,440.94893819693146,260997
2025-08-08,437.6113586425781,448.2457110428804,429.9546440868528,440.8507609215536,351258
2025-08-11,434.9282531738281,441.73421826041687,413.4632402745577,433.55394497362505,472137
2025-08-12,441.8977966308594,447.29677020299766,435.4517653733219,435.4517653733219,194619
2025-08-13,450.3071594238281,469.5471456065257,441.93057739710986,444.18831819185147,976416
2025-08-14,452.76123046875,457.1131166926887,439.77096797116576,450.3071514064109,293595
2025-08-18,458.06201171875,465.7514690380346,453.9718901439909,460.7124289527171,525483
2025-08-19,453.4483337402344,458.55282993752775,447.65671341135584,457.4403161443256,210438
2025-08-20,438.658447265625,456.4586984555752,432.4414370859333,456.4586984555752,265869
2025-08-21,438.4621276855469,446.6096883672319,433.5539694280332,438.4621276855469,336342
2025-08-22,416.1136169433594,441.7342069371157,410.9764077276735,438.46209171487175,306984
2025-08-25,414.0195007324219,427.5660353395946,408.12971089200425,414.24855210937415,478089
2025-08-26,414.5429992675781,435.09183607228425,410.878267375718,415.45920470830674,624579
2025-08-28,418.2405090332031,423.67219578561634,409.3730817948564,415.88456927633234,194139
2025-08-29,414.0195007324219,420.4328194590046,411.1400619014938,420.4328194590046,134430
2025-09-01,422.1343078613281,424.9810335557577,410.64923593062525,410.64923593062525,499053
2025-09-02,435.6153869628906,439.77096480614654,422.7887497997884,425.3737110630471,381414
2025-09-03,425.8972473144531,440.0327368652342,423.8031018238567,435.1900347797987,351339
2025-09-04,438.723876953125,449.2928033314019,420.7273172695499,428.64579634063824,1126212
2025-09-05,434.1756591796875,443.2393952496228,431.9179184071852,436.8915326596955,646236
2025-09-08,432.5396118164063,452.7285161604425,427.0752117630075,435.4845066831298,498102
2025-09-09,425.3409729003906,436.0407816230499,422.6251293875205,434.20840058495367,168711
2025-09-10,423.214111328125,427.9913872192977,416.080925535406,425.0464923531098,325611
2025-09-11,410.5183410644531,424.5556607551692,407.70432852204345,421.4471707198986,320382
2025-09-12,400.4075012207031,423.4104164026586,397.9207092952001,410.6164632974681,564222
2025-09-15,389.3150939941406,403.6469211777783,386.5665075721038,402.4689512887598,377958
2025-09-16,390.0676574707031,396.611857794125,388.07168131496735,392.1618027724789,200181
2025-09-17,395.4011840820313,399.19682814665344,386.4356177473414,390.0349534723389,324951
2025-09-18,390.9184265136719,401.2909843993766,388.9551633219782,399.3604642293584,207813
2025-09-19,394.5831909179688,397.1681521392955,389.5114076698948,390.91842894309616,188571
2025-09-22,398.80419921875,406.55908296819655,393.0125786948352,394.58319526666446,376602
2025-09-23,392.7181091308594,402.30537408170073,390.754845865649,400.8983527645559,128505
2025-09-24,394.7140808105469,399.1968492362072,390.1985693623709,399.1968492362072,123840
2025-09-25,392.4890441894531,399.19684014239016,391.1801920722127,399.19684014239016,90555
2025-09-26,367.8500671386719,390.7548133101727,364.02171008187264,388.562498852403,272313
2025-09-29,384.7668762207031,404.7594419128673,357.0521399028823,367.7846314744452,966918
2025-09-30,379.7605285644531,384.4723480331104,368.0136629990008,376.29210506788553,253362
2025-10-01,375.8994445800781,386.1084371277551,369.7478905825921,379.531493462273,234372
2025-10-03,385.61761474609375,389.6750232699853,370.56592056951786,376.2921147582516,178638
2025-10-06,395.79388427734375,402.1090337690319,383.4907459081726,385.74851662612815,242220
2025-10-07,398.8696594238281,413.2996263062386,396.5137195632536,410.6164958760441,377709
2025-10-08,402.7961730957031,405.4138473544496,397.00452273931023,400.83290991238863,137568
2025-10-09,394.812255859375,407.6388932553802,391.0166115375527,404.5631161273369,184254
2025-10-10,413.5941162109375,415.7209746512648,394.5504395694442,398.54242197972496,270015
2025-10-13,412.8088073730469,426.06083418197534,407.2135251390443,413.5941306396395,540903
2025-10-14,413.7904357910156,428.6457921266279,409.99479157670334,418.8294760477202,474129
2025-10-15,405.315673828125,482.30832681298,394.61589558597854,474.4552741645027,19412592
2025-10-16,417.4224853515625,428.2531461197273,409.01316058469337,409.01316058469337,4503645
2025-10-17,407.0171813964844,419.1566942095232,405.7410722962185,419.1566942095232,923520
2025-10-20,406.4936218261719,416.1790549017167,404.5957848945428,410.4528610014437,603666
2025-10-21,411.40179443359375,413.0378370544677,407.8352017484569,409.8311779399055,185241
2025-10-23,409.6348571777344,417.0625503093216,407.47528561886855,417.0625503093216,568413
2025-10-24,416.6107177734375,420.8554861550974,411.97112504871865,415.261609078549,22648422
2025-10-27,424.3763122558594,427.10742667111634,419.5392772026164,423.4878821645233,1673271
2025-10-28,437.7357482910156,438.9203418224152,417.5649721277901,424.17889744808525,1581780
2025-10-29,444.4154968261719,446.5214174466883,430.33211313679584,438.16352897986064,937302
2025-10-30,443.3296508789063,447.1795348892836,431.8457928669352,443.8561235340599,759624
2025-10-31,459.7821350097656,461.7893344822567,438.0319108886024,445.1064846792216,1087191
2025-11-03,454.517333984375,463.9610951571167,451.42426202502526,462.31585308845246,550158
2025-11-04,446.35687255859375,456.7219605069263,444.3167760769476,455.9980455858697,356202
2025-11-06,435.72857666015625,444.8761746662713,428.22622077460096,444.54714431743946,643080
2025-11-07,457.7420654296875,463.237191546251,432.1748229067801,435.6627795583624,1573278
2025-11-10,446.4226989746094,463.6978456432087,442.2766517239595,458.3672349819911,614229
2025-11-11,455.9322814941406,459.45310505662576,443.82322958919184,447.0479198124749,607101
2025-11-12,460.4402465820313,462.6778155853273,444.678753284428,454.0895874251436,522180
2025-11-13,490.4825744628906,512.8908907389813,457.4130061469911,460.1770177172378,6704556
2025-11-14,514.6348266601562,519.570582862942,483.7699320142628,490.48254839986544,1909653
2025-11-17,510.949462890625,529.4092033154859,496.14222426635126,528.1259187406947,2176839
2025-11-18,523.8153686523438,529.7711729586616,505.4543198741927,517.6621220525327,1299171
2025-11-19,514.6348266601562,524.7695753798143,512.5618331553583,523.815381398082,622719
2025-11-20,501.8677062988281,517.563405674896,496.0435197536792,515.9181937036981,646062
2025-11-21,505.158203125,529.7382933232018,500.8476406630671,503.7432702679825,2536626
2025-11-24,483.1776428222656,508.6790301862742,481.2033403101893,508.64613317786376,1071021
2025-11-25,491.3381042480469,495.54994571950505,477.2876469230691,485.3493723859799,792294
2025-11-26,492.1607360839844,500.8805522868108,485.54681047311647,496.997771319688,550230
2025-11-27,485.3822937011719,495.8131761010292,483.70412448440686,493.70725539055,571917
2025-11-28,489.3309020996094,511.9366302866164,475.8069174981275,503.4471533693881,1099016
2025-12-01,478.7683715820313,485.6784305533183,476.30049337800017,482.716976708481,292805
2025-12-02,458.2356262207031,466.5276907665543,449.84484052391423,451.2268462606452,891156
2025-12-03,427.8807373046875,456.3106823137456,424.72184113680703,453.6947374288737,1334028
2025-12-04,422.69818115234375,426.99226502860455,413.5176563684,424.4750413683506,1010041
2025-12-05,404.7813720703125,425.41285801221335,402.8564451412393,421.5135983891065,771337
2025-12-08,416.7752685546875,420.0822011319327,403.30062993208304,403.7448600434416,947120
2025-12-09,424.7218322753906,426.4000014780887,407.49603063030463,416.7752766328009,583020
2025-12-10,418.2560119628906,426.54807674088136,414.6035401542027,424.7218408365374,506237
2025-12-11,428.917236328125,430.2498965972758,413.8138336123271,420.42772919273966,289221
2025-12-12,430.1511535644531,432.7670983298266,424.9192640337061,429.9043657540317,199013
2025-12-15,426.7454833984375,431.3851064331452,419.9341456377442,431.3851064331452,242310
2025-12-16,453.25048828125,457.6433233732813,423.586605408414,426.4493379948605,1416865
2025-12-17,436.4195861816406,450.04226177262206,431.2370419703267,449.1538316472044,310424
2025-12-18,422.69818115234375,439.0848679513076,420.3783696686097,437.2586622225372,246063
2025-12-19,431.0889587402344,434.14910348515457,422.99430651863,422.99430651863,235792
2025-12-22,447.27825927734375,449.1044952042616,425.8077185396778,431.3851173498862,350434
2025-12-23,451.3749084472656,454.8299378175563,437.3080031539391,447.2782367904425,281249
2025-12-24,447.080810546875,449.3512765756005,441.35534514924217,449.00576760106986,214992
2025-12-26,454.6325073242188,462.4803720050133,442.4412131871063,447.1795272535133,332482
2025-12-29,443.18157958984375,457.7420609824486,439.8746167738877,454.6325103473836,268688
2025-12-30,447.0314636230469,456.9523219468461,439.4303867092096,443.2309251661282,367983
2025-12-31,439.9733276367188,448.9563799820215,435.8766258166152,448.9563799820215,206536
2026-01-01,440.9604797363281,445.8468603963216,433.35940298682846,439.28231054473497,255872
2026-01-02,453.29986572265625,457.7420463444466,439.2823059325984,443.0334686297019,327533
2026-01-05,455.9651489257813,463.9610799456828,446.7846545004463,455.42222779730736,280185
2026-01-06,462.4310302734375,501.4728514407332,460.0618430953917,460.4073520693122,1675523
2026-01-07,457.939453125,464.0598028486729,450.4370976936973,463.1219971227107,280696
2026-01-08,439.3810424804688,457.00169892283554,434.7414193960421,454.0895905852004,310935
2026-01-09,449.2525329589844,456.9029550282826,427.9300602633309,432.767095288504,378444
2026-01-12,446.78466796875,456.0145383092943,435.77793740375967,456.0145383092943,282032
2026-01-13,462.6284484863281,465.88606583588046,444.5142161936906,449.1538393314772,377631
2026-01-14,458.7292175292969,465.1457009285097,454.1883155601452,461.9374592289033,262792
2026-01-15,458.7292175292969,458.7292175292969,458.7292175292969,458.7292175292969,0
2026-01-16,460.9502868652344,465.8860431005385,453.299864700513,464.94823736564456,159655
2026-01-19,470.0320739746094,477.7812175151865,451.96721767659767,458.729209941317,462194
2026-01-20,468.0084228515625,475.8069118547948,466.0834658260299,471.8089612638776,307254
2026-01-21,453.5960083007813,467.8109805554079,440.07202385947255,466.8732049247337,365927
2026-01-22,452.1152648925781,464.3065886500365,449.4499445122394,453.595991742663,176924
2026-01-23,434.5933532714844,454.8299546163235,429.41080902463534,454.8299546163235,211818
2026-01-27,447.673095703125,452.7075731462687,428.91722179274046,440.022673450205,191334
2026-01-28,452.8063049316406,457.5939645471496,442.09570750091456,445.7481491676478,189726
2026-01-29,419.0950622558594,462.9739485326475,414.702257152098,457.0510408755134,1043098
2026-01-30,414.6035461425781,422.6981988555486,392.39264188494,414.6035461425781,1086994
2026-02-02,390.862548828125,399.8949767252902,376.1539711275727,399.7469100631331,452441
2026-02-03,384.9396362304688,410.6549138581809,381.0897223126764,408.4338235788999,810051
2026-02-04,391.8990478515625,393.8733503596308,371.66244714386215,380.0532328031526,670093
2026-02-05,395.0579528808594,397.22966761374425,385.038343324636,390.02347534593,302362
2026-02-06,400.4378967285156,403.6955139140793,390.9118932341404,395.0579405155976,248910
2026-02-09,406.4101867675781,412.6292276703177,401.9186304485189,405.7685143466656,247599
2026-02-10,401.1289367675781,413.6163946870951,399.697555332436,406.6569900724991,205255
2026-02-11,398.5623168945313,401.7212129423954,386.0748596163034,390.9118947126548,451914
2026-02-12,396.736083984375,400.9314768247339,391.2080309225737,398.5623198340949,227252
2026-02-13,397.9206848144531,401.573126455176,389.23373552273495,395.89700662625313,220651
2026-02-16,401.62249755859375,405.4723814609448,394.3669297471635,395.25535985917287,172058
2026-02-17,414.9490356445313,417.0714048155409,398.5623188030169,400.7834091245198,238013
2026-02-18,412.2837219238281,419.5886352973271,410.7042738666069,414.9490424032306,174444
2026-02-19,402.4615783691406,417.56498050752447,394.3669260348842,417.4662593570159,145686
2026-02-20,394.3175964355469,401.7705766550046,377.6840911066776,394.3175964355469,756207
2026-02-23,405.1268615722656,410.45747222608526,388.9375873132537,393.873343497432,433974
2026-02-24,394.8111572265625,409.66777159193936,388.2465772681505,399.7962590234589,695864
2026-02-25,398.11810302734375,403.1525806291675,391.8497164390428,400.7340780450377,166563
2026-02-26,393.8733520507813,400.8327563714171,386.9632932428728,400.0430474149852,255619
2026-02-27,388.5921020507813,403.0538625271779,373.6861114405343,391.6522770966677,2228429
2026-03-02,379.5103149414063,387.55559170617767,370.3791657627256,370.3791657627256,329810
2026-03-04,372.106689453125,374.969422158549,362.82744326073,370.181732394487,271784
2026-03-05,369.8362121582031,376.1046286609792,363.0248745146328,376.1046286609792,267087
2026-03-06,365.097900390625,372.9457348507139,361.1492953413831,366.1343971658647,177133
2026-03-09,370.3298034667969,374.13034198967455,347.2798146304663,355.3744673252845,256145
2026-03-10,369.4906921386719,377.0917686351687,364.4068693457776,377.0917686351687,175954
2026-03-11,365.39404296875,372.99511993114135,361.2973711515512,370.181732737245,171531
2026-03-12,362.3338623046875,365.9863340609441,355.5719001924711,365.2459706070109,218862
2026-03-13,350.38934326171875,362.28450360510647,347.8227440230746,362.28450360510647,347136
2026-03-16,355.3744506835937,357.84232881334094,343.87414462406497,350.4386944240994,153685
2026-03-17,357.0526123046875,358.533339151195,350.73482032588373,353.4494862111475,125434
2026-03-18,367.8619079589844,374.8213423594689,355.423796161184,355.423796161184,210762
2026-03-19,354.1898498535156,363.9132955100229,352.4623351981882,362.28450200295,198685
2026-03-20,346.8356018066406,367.0722026705135,344.2690025012514,355.3744541948401,414102
2026-03-23,368.5035400390625,377.38790105916223,338.148639887055,345.50292855943457,1032587
2026-03-24,361.7416076660156,374.0809989750561,359.4217960748226,370.0830181156467,336493
2026-03-25,364.3575439453125,378.9180253441834,361.88966574211406,365.19662855949326,552909
2026-03-27,356.6083984375,369.58943169116975,349.4515516868512,366.1837778644166,616328
2026-03-30,345.0587158203125,356.36160995923365,342.344049816468,353.59759844186925,348965
2026-04-01,357.3487548828125,368.454206519364,350.1919082725904,354.9302222539995,291531
2026-04-02,361.29736328125,362.9261568447199,348.3656756742323,350.5374205091693,126614
2026-04-06,374.5745544433594,375.61105120728,359.4711222196665,363.2716605631512,179928
2026-04-07,373.883544921875,375.8085019558176,369.63880649506063,374.1303327403053,108815
2026-04-08,385.4332275390625,388.9376025166274,375.51233914578256,388.9376025166274,215688
2026-04-09,387.8517150878906,392.59005910193855,381.43523204580765,385.4825581435992,155802
2026-04-10,393.8733520507813,395.7983090545992,384.4460695844638,387.851723350225,168281
2026-04-13,392.6887512207031,395.6502049406948,385.97613483890814,386.96328607890536,236570
2026-04-15,393.3797912597656,405.7191824536102,390.6651251971198,395.3540938507808,313251
2026-04-16,389.2831115722656,399.7962666326989,387.9504513250634,399.7962666326989,237577
2026-04-17,384.0511779785156,389.826018759213,380.4480819766076,389.28309762724825,247876
2026-04-20,387.6049499511719,394.36694234691953,378.6218671417057,387.50622879657993,262717
2026-04-21,382.5211181640625,393.2810610111971,381.7314091961038,387.6049411932788,151532
2026-04-22,390.5170593261719,391.89906511761416,380.102595061998,381.53397649359664,173400
2026-04-23,390.0728149414063,390.7638328746156,384.98899196997286,390.4183239080109,111189
2026-04-24,390.0234680175781,397.92067808070107,384.0018393193537,389.924746866696,253393
2026-04-27,407.1505432128906,412.62922057464056,389.9247419305814,389.9247419305814,310370
2026-04-28,401.3757019042969,409.3716330071606,394.860497667687,407.15054270777983,79615
2026-04-29,399.1546325683594,405.7191826617592,396.8348209976331,403.54743776034167,93489
2026-04-30,395.1566467285156,400.43791212024905,392.8862108266887,398.8091185275935,140847
2026-05-01,395.1566467285156,395.1566467285156,395.1566467285156,395.1566467285156,0
2026-05-04,414.9983825683594,433.3594019803179,394.61371512900246,395.5021452355319,718270
2026-05-05,425.6596374511719,428.9172245749727,413.1721498505152,414.99838571557086,305243
2026-05-06,456.5574645996094,461.838729944936,435.3337121911951,435.3337121911951,896100
2026-05-07,464.652099609375,473.8325940692813,452.6088424599281,458.5317498857941,790555
2026-05-08,480.24908447265625,519.2415589570754,471.8582988241103,486.6655676156619,10925739
2026-05-11,474.6716918945313,484.6419256981028,470.9204990115074,482.6182475291717,549906
2026-05-12,468.8968505859375,474.7210370207539,460.3086225355456,469.88400185032896,445264
2026-05-13,471.2166748046875,487.2085076443115,464.94825808146817,464.94825808146817,459123
2026-05-14,465.1456909179688,481.4336868885087,463.0726672238977,479.7555176777212,329005
2026-05-15,456.2119445800781,470.52563771818257,454.0895754157281,465.096305838212,232499
2026-05-18,446.3898010253906,454.08956861697067,439.2823000751129,454.08956861697067,328069
2026-05-19,464.6027221679688,467.909684826328,442.2437527472467,448.1666601501116,617025
2026-05-20,469.1436462402344,474.9678327723581,461.1970904793028,464.6027443230736,242460
2026-05-21,463.0232849121094,477.5837659486595,459.22277667412806,470.3775738248243,230619
2026-05-22,459.8644104003906,463.91173650263016,454.18829078000215,463.91173650263016,121276
2026-05-25,486.8136291503906,488.6398649738708,460.3579879050217,466.2315197218527,416753
2026-05-26,495.7967224121094,498.4126672369756,482.5195258592991,486.2707187382939,496517
2026-05-27,505.5695495605469,514.7006988537356,496.6851579606269,512.3315116935083,797144
2026-05-28,505.5695495605469,505.5695495605469,505.5695495605469,505.5695495605469,0
2026-05-29,499.794677734375,510.3572084112548,494.2666547030206,510.3572084112548,476264
2026-06-01,515.638427734375,521.956219790605,500.83118921329816,521.956219790605,417869
2026-06-02,514.947509765625,516.082697632154,495.5499622427988,510.75211665898775,503536
2026-06-03,518.4518432617188,522.8940238414064,505.47078035625975,515.7865228637202,312888
2026-06-04,514.0590209960938,523.1901701928558,502.0651391573318,523.1901701928558,283959
2026-06-05,511.3443603515625,518.2544192752323,508.8764821645376,514.3058141759924,89511
2026-06-08,534.394287109375,541.9460180181968,488.63985231148894,511.3443302976793,1411955
2026-06-09,540.9095458984375,570.8202170777466,531.087378794341,535.0359838411391,1409203
2026-06-10,525.9541625976562,551.8175368396091,523.1901512075007,539.5274919921904,336527
2026-06-11,512.7263793945312,530.8405805919023,510.60398012303386,526.0035154038494,259715
2026-06-12,522.1043090820312,531.5315912681374,515.3422870132955,521.0184065796493,331843
2026-06-15,528.7182006835938,546.5856749756578,522.8940442907899,533.0616904095259,385967
2026-06-16,526.743896484375,542.8838559886838,524.868345211563,530.2483317129992,262934
2026-06-17,526.6452026367188,533.752703832143,523.2888642177614,531.7784012917991,149817
2026-06-18,527.5336303710938,544.7593707733154,521.2158385309533,537.7999667976617,475384
2026-06-19,533.6046142578125,535.5295713108676,525.2138283478727,527.9778398915486,138650
2026-06-22,537.7999877929688,541.9460350842364,533.5552494772857,536.7634910328845,198021
2026-06-23,558.4000244140625,574.9000244140625,535.2000122070312,539.0,910015
2026-06-24,555.7999877929688,568.25,540.3499755859375,553.0,338591
2026-06-25,517.2000122070312,558.5,512.2000122070312,555.7999877929688,503084
2026-06-26,517.2000122070312,517.2000122070312,517.2000122070312,517.2000122070312,0
2026-06-29,524.4000244140625,536.75,515.4000244140625,518.5,337380
2026-06-30,549.2999877929688,554.9000244140625,524.5999755859375,525.9000244140625,464077
2026-07-01,543.4000244140625,563.9000244140625,542.0999755859375,554.9000244140625,230512
2026-07-02,557.2000122070312,558.4500122070312,540.9500122070312,544.0,183823
2026-07-03,555.5999755859375,565.0,551.75,557.2000122070312,230637
2026-07-06,545.2000122070312,557.9500122070312,537.4000244140625,554.0499877929688,237796
2026-07-07,532.0,548.1500244140625,523.0999755859375,545.2000122070312,271045
2026-07-08,521.7000122070312,539.25,511.75,529.8499755859375,343702
2026-07-09,535.5499877929688,539.5,523.0999755859375,526.0,185920
2026-07-10,515.7000122070312,543.9000244140625,511.6499938964844,543.0999755859375,420676
2026-07-13,510.1499938964844,519.9500122070312,505.5,512.0,454109
2026-07-14,540.4500122070312,544.4000244140625,506.0499877929688,506.0499877929688,750928
2026-07-15,530.25,547.1500244140625,528.0499877929688,539.6500244140625,336409
2026-07-16,527.25,537.7000122070312,523.0,530.25,319949
2026-07-17,520.5999755859375,531.1500244140625,514.0999755859375,527.25,222139
2026-07-20,555.5,563.0,515.3499755859375,520.0,1185038
2026-07-21,562.8499755859375,568.5,545.6500244140625,556.4000244140625,646028
2026-07-22,557.9500122070312,571.5499877929688,555.0,567.0,380757
2026-07-23,545.25,558.5999755859375,541.0,555.0,312670
2026-07-24,564.25,597.5999755859375,543.0,560.0,12158394
2026-07-27,584.0499877929688,617.4500122070312,571.0,573.5999755859375,3958261
2026-07-28,579.7000122070312,597.6500244140625,575.2000122070312,587.5,656770
2026-07-29,580.0,584.5499877929688,574.0,581.2000122070312,380550
